half_width_bps,dwell_hours,cooldown_hours,compound_hours,fee_haircut,pool,address,hours,half_width_pct,fee_haircut_pct,start_price,end_price,volume_usd,fees_to_position_usd,costs_usd,net_return_pct,hodl_return_pct,excess_vs_hodl_pct,max_drawdown_pct,annualized_vol_pct,time_in_range_pct,rebalances,compounds,initial_liquidity_share_pct
25,1,24,24,1.0,U/USDG Pancake v3 1bp,0x090f2f033c16fe92e28f0204435590548aedc3f0,485,0.25,0.0,1.00217308377504,0.997148319846407,35513889.81770265,10.151632185255918,211.85947696489455,-3.749828543448497,-0.2506934186311316,-3.5079292726340916,-3.78920165267288,2.5648962024816373,77.7319587628866,20,2,0.3943760259078573
25,1,24,24,0.5,U/USDG Pancake v3 1bp,0x090f2f033c16fe92e28f0204435590548aedc3f0,485,0.25,50.0,1.00217308377504,0.997148319846407,35513889.81770265,5.074748605002091,211.31293551311526,-3.7947199138873455,-0.2506934186311316,-3.552933465622876,-3.8338777766422694,2.5712975416365245,77.7319587628866,20,0,0.3943760259078573
25,1,24,24,0.25,U/USDG Pancake v3 1bp,0x090f2f033c16fe92e28f0204435590548aedc3f0,485,0.25,75.0,1.00217308377504,0.997148319846407,35513889.81770265,2.5370773953318744,211.28705249229992,-3.819612862045141,-0.2506934186311316,-3.577888975601773,-3.8586619812177703,2.573668805148145,77.7319587628866,20,0,0.3943760259078573
25,1,24,168,1.0,U/USDG Pancake v3 1bp,0x090f2f033c16fe92e28f0204435590548aedc3f0,485,0.25,0.0,1.00217308377504,0.997148319846407,35513889.81770265,10.151813820579504,211.6125757894981,-3.7473943582680302,-0.2506934186311316,-3.5054889697749725,-3.786768652792838,2.5681191228327993,77.7319587628866,20,1,0.3943760259078573
25,1,24,168,0.5,U/USDG Pancake v3 1bp,0x090f2f033c16fe92e28f0204435590548aedc3f0,485,0.25,50.0,1.00217308377504,0.997148319846407,35513889.81770265,5.074748605002091,211.31293551311526,-3.7947199138873455,-0.2506934186311316,-3.552933465622876,-3.8338777766422694,2.5712975416365245,77.7319587628866,20,0,0.3943760259078573
25,1,24,168,0.25,U/USDG Pancake v3 1bp,0x090f2f033c16fe92e28f0204435590548aedc3f0,485,0.25,75.0,1.00217308377504,0.997148319846407,35513889.81770265,2.5370773953318744,211.28705249229992,-3.819612862045141,-0.2506934186311316,-3.577888975601773,-3.8586619812177703,2.573668805148145,77.7319587628866,20,0,0.3943760259078573
25,1,24,720,1.0,U/USDG Pancake v3 1bp,0x090f2f033c16fe92e28f0204435590548aedc3f0,485,0.25,0.0,1.00217308377504,0.997148319846407,35513889.81770265,10.151872970455319,211.36471471725451,-3.744916442257784,-0.2506934186311316,-3.5030048261802227,-3.784291943377238,2.5668408569901433,77.7319587628866,20,0,0.3943760259078573
25,1,24,720,0.5,U/USDG Pancake v3 1bp,0x090f2f033c16fe92e28f0204435590548aedc3f0,485,0.25,50.0,1.00217308377504,0.997148319846407,35513889.81770265,5.074748605002091,211.31293551311526,-3.7947199138873455,-0.2506934186311316,-3.552933465622876,-3.8338777766422694,2.5712975416365245,77.7319587628866,20,0,0.3943760259078573
25,1,24,720,0.25,U/USDG Pancake v3 1bp,0x090f2f033c16fe92e28f0204435590548aedc3f0,485,0.25,75.0,1.00217308377504,0.997148319846407,35513889.81770265,2.5370773953318744,211.28705249229992,-3.819612862045141,-0.2506934186311316,-3.577888975601773,-3.8586619812177703,2.573668805148145,77.7319587628866,20,0,0.3943760259078573
25,1,72,24,1.0,U/USDG Pancake v3 1bp,0x090f2f033c16fe92e28f0204435590548aedc3f0,485,0.25,0.0,1.00217308377504,0.997148319846407,35513889.81770265,9.900837423561123,76.00202624693887,-1.4251015049282834,-0.2506934186311316,-1.1773596494519478,-1.571626155086725,4.350889131920447,74.22680412371135,7,5,0.3943760259078573
25,1,72,24,0.5,U/USDG Pancake v3 1bp,0x090f2f033c16fe92e28f0204435590548aedc3f0,485,0.25,50.0,1.00217308377504,0.997148319846407,35513889.81770265,4.949396057214112,75.23782066655832,-1.4668723257728389,-0.2506934186311316,-1.2192354501729175,-1.6131389059899193,4.360117659471512,74.22680412371135,7,2,0.3943760259078573
25,1,72,24,0.25,U/USDG Pancake v3 1bp,0x090f2f033c16fe92e28f0204435590548aedc3f0,485,0.25,75.0,1.00217308377504,0.997148319846407,35513889.81770265,2.474469836393728,74.73112500453932,-1.4865006083824794,-0.2506934186311316,-1.2389130632635248,-1.6326400752796122,4.363277737687686,74.22680412371135,7,0,0.3943760259078573
25,1,72,168,1.0,U/USDG Pancake v3 1bp,0x090f2f033c16fe92e28f0204435590548aedc3f0,485,0.25,0.0,1.00217308377504,0.997148319846407,35513889.81770265,9.900921606521393,75.25255041885492,-1.4176305414271506,-0.2506934186311316,-1.1698699096660992,-1.564166296531877,4.353492731637157,74.22680412371135,7,2,0.3943760259078573
25,1,72,168,0.5,U/USDG Pancake v3 1bp,0x090f2f033c16fe92e28f0204435590548aedc3f0,485,0.25,50.0,1.00217308377504,0.997148319846407,35513889.81770265,4.949410099427096,74.98781441091147,-1.4643807708471623,-0.2506934186311316,-1.2167376333849456,-1.6106510496104565,4.359751301190038,74.22680412371135,7,1,0.3943760259078573
25,1,72,168,0.25,U/USDG Pancake v3 1bp,0x090f2f033c16fe92e28f0204435590548aedc3f0,485,0.25,75.0,1.00217308377504,0.997148319846407,35513889.81770265,2.474469836393728,74.73112500453932,-1.4865006083824794,-0.2506934186311316,-1.2389130632635248,-1.6326400752796122,4.363277737687686,74.22680412371135,7,0,0.3943760259078573
25,1,72,720,1.0,U/USDG Pancake v3 1bp,0x090f2f033c16fe92e28f0204435590548aedc3f0,485,0.25,0.0,1.00217308377504,0.997148319846407,35513889.81770265,9.900766304603271,74.75270033026949,-1.4126111841823663,-0.2506934186311316,-1.1648379375985174,-1.559154400130991,4.355274142363679,74.22680412371135,7,0,0.3943760259078573
25,1,72,720,0.5,U/USDG Pancake v3 1bp,0x090f2f033c16fe92e28f0204435590548aedc3f0,485,0.25,50.0,1.00217308377504,0.997148319846407,35513889.81770265,4.949420785540243,74.73831594956219,-1.4618755965353003,-0.2506934186311316,-1.2142261629820683,-1.6081495940618362,4.360540176852747,74.22680412371135,7,0,0.3943760259078573
25,1,72,720,0.25,U/USDG Pancake v3 1bp,0x090f2f033c16fe92e28f0204435590548aedc3f0,485,0.25,75.0,1.00217308377504,0.997148319846407,35513889.81770265,2.474469836393728,74.73112500453932,-1.4865006083824794,-0.2506934186311316,-1.2389130632635248,-1.6326400752796122,4.363277737687686,74.22680412371135,7,0,0.3943760259078573
25,1,168,24,1.0,U/USDG Pancake v3 1bp,0x090f2f033c16fe92e28f0204435590548aedc3f0,485,0.25,0.0,1.00217308377504,0.997148319846407,35513889.81770265,7.223142157889753,33.25270877849321,-1.466592417999979,-0.2506934186311316,-1.218954838926134,-1.7169034309864162,3.8326475831162727,60.0,3,5,0.3943760259078573
25,1,168,24,0.5,U/USDG Pancake v3 1bp,0x090f2f033c16fe92e28f0204435590548aedc3f0,485,0.25,50.0,1.00217308377504,0.997148319846407,35513889.81770265,3.611048182031493,32.74731937383775,-1.4974998365857362,-0.2506934186311316,-1.249939935108768,-1.7406604088964328,3.83074182142841,60.0,3,3,0.3943760259078573
25,1,168,24,0.25,U/USDG Pancake v3 1bp,0x090f2f033c16fe92e28f0204435590548aedc3f0,485,0.25,75.0,1.00217308377504,0.997148319846407,35513889.81770265,1.8054060134648338,32.244523503536975,-1.5104270648315876,-0.2506934186311316,-1.2628996525132274,-1.7525436709929454,3.83139022893494,60.0,3,1,0.3943760259078573
25,1,168,168,1.0,U/USDG Pancake v3 1bp,0x090f2f033c16fe92e28f0204435590548aedc3f0,485,0.25,0.0,1.00217308377504,0.997148319846407,35513889.81770265,7.222676985364397,32.503490039567566,-1.459167797137384,-0.2506934186311316,-1.2115115582487346,-1.712010198728986,3.8367708623336765,60.0,3,2,0.3943760259078573
25,1,168,168,0.5,U/USDG Pancake v3 1bp,0x090f2f033c16fe92e28f0204435590548aedc3f0,485,0.25,50.0,1.00217308377504,0.997148319846407,35513889.81770265,3.6109816194172146,32.49786878009824,-1.4950260497069379,-0.2506934186311316,-1.2474599310229428,-1.7381927905780858,3.832443423635169,60.0,3,2,0.3943760259078573
25,1,168,168,0.25,U/USDG Pancake v3 1bp,0x090f2f033c16fe92e28f0204435590548aedc3f0,485,0.25,75.0,1.00217308377504,0.997148319846407,35513889.81770265,1.8053985967505046,32.24457245291926,-1.5104345304252864,-0.2506934186311316,-1.2629071368697065,-1.7525511182350462,3.8314159885021635,60.0,3,1,0.3943760259078573
25,1,168,720,1.0,U/USDG Pancake v3 1bp,0x090f2f033c16fe92e28f0204435590548aedc3f0,485,0.25,0.0,1.00217308377504,0.997148319846407,35513889.81770265,7.222578977964183,32.00131268045166,-1.4538276610517986,-0.2506934186311316,-1.206158001147839,-1.7066564331078449,3.8360232389860487,60.0,3,0,0.3943760259078573
25,1,168,720,0.5,U/USDG Pancake v3 1bp,0x090f2f033c16fe92e28f0204435590548aedc3f0,485,0.25,50.0,1.00217308377504,0.997148319846407,35513889.81770265,3.6109818404939746,31.996793167230493,-1.4898602476758782,-0.2506934186311316,-1.2422811461189731,-1.7355509530950552,3.8324043181201652,60.0,3,0,0.3943760259078573
25,1,168,720,0.25,U/USDG Pancake v3 1bp,0x090f2f033c16fe92e28f0204435590548aedc3f0,485,0.25,75.0,1.00217308377504,0.997148319846407,35513889.81770265,1.8054140080234726,31.99453341065832,-1.507874233625972,-0.2506934186311316,-1.2603404054436385,-1.7499971150484073,3.8307548254255157,60.0,3,0,0.3943760259078573
25,6,24,24,1.0,U/USDG Pancake v3 1bp,0x090f2f033c16fe92e28f0204435590548aedc3f0,485,0.25,0.0,1.00217308377504,0.997148319846407,35513889.81770265,12.892384219128264,13.480162282235643,-0.387708360120409,-0.2506934186311316,-0.13735929219469423,-1.1162896451306747,2.757531432336441,93.81443298969072,1,11,0.3943760259078573
25,6,24,24,0.5,U/USDG Pancake v3 1bp,0x090f2f033c16fe92e28f0204435590548aedc3f0,485,0.25,50.0,1.00217308377504,0.997148319846407,35513889.81770265,6.4445474107179574,12.227162293775434,-0.43959106203732556,-0.2506934186311316,-0.18937238751841612,-1.1359964361663422,2.762441095488838,93.81443298969072,1,6,0.3943760259078573
25,6,24,24,0.25,U/USDG Pancake v3 1bp,0x090f2f033c16fe92e28f0204435590548aedc3f0,485,0.25,75.0,1.00217308377504,0.997148319846407,35513889.81770265,3.221881477899327,11.475598289262086,-0.4642690926005555,-0.2506934186311316,-0.2141124397643912,-1.1445901837613626,2.754310143003866,93.81443298969072,1,3,0.3943760259078573
25,6,24,168,1.0,U/USDG Pancake v3 1bp,0x090f2f033c16fe92e28f0204435590548aedc3f0,485,0.25,0.0,1.00217308377504,0.997148319846407,35513889.81770265,12.891533372296903,11.229030070761983,-0.3651983856439056,-0.2506934186311316,-0.11479274486922986,-1.111364886086752,2.758255098115439,93.81443298969072,1,2,0.3943760259078573
25,6,24,168,0.5,U/USDG Pancake v3 1bp,0x090f2f033c16fe92e28f0204435590548aedc3f0,485,0.25,50.0,1.00217308377504,0.997148319846407,35513889.81770265,6.44441813269763,11.226547430775078,-0.429578073170489,-0.2506934186311316,-0.17933423366049972,-1.1335146973617372,2.7561789030305732,93.81443298969072,1,2,0.3943760259078573
25,6,24,168,0.25,U/USDG Pancake v3 1bp,0x090f2f033c16fe92e28f0204435590548aedc3f0,485,0.25,75.0,1.00217308377504,0.997148319846407,35513889.81770265,3.221871961819593,11.225306338627359,-0.4617578127106725,-0.2506934186311316,-0.21159484843874532,-1.144589514157368,2.7553184842080727,93.81443298969072,1,2,0.3943760259078573
25,6,24,720,1.0,U/USDG Pancake v3 1bp,0x090f2f033c16fe92e28f0204435590548aedc3f0,485,0.25,0.0,1.00217308377504,0.997148319846407,35513889.81770265,12.886478007540228,10.724105363278918,-0.3600734011869666,-0.2506934186311316,-0.10965488012351088,-1.108538822175198,2.755263052472858,93.81443298969072,1,0,0.3943760259078573
25,6,24,720,0.5,U/USDG Pancake v3 1bp,0x090f2f033c16fe92e28f0204435590548aedc3f0,485,0.25,50.0,1.00217308377504,0.997148319846407,35513889.81770265,6.443226184887973,10.724085380827693,-0.4245054744482557,-0.2506934186311316,-0.17424888630713786,-1.130860933438349,2.753739056754353,93.81443298969072,1,0,0.3943760259078573
25,6,24,720,0.25,U/USDG Pancake v3 1bp,0x090f2f033c16fe92e28f0204435590548aedc3f0,485,0.25,75.0,1.00217308377504,0.997148319846407,35513889.81770265,3.221609887723423,10.72407538960208,-0.4567214149373333,-0.2506934186311316,-0.20654579301575549,-1.1420219794141317,2.7531560105247825,93.81443298969072,1,0,0.3943760259078573
25,6,72,24,1.0,U/USDG Pancake v3 1bp,0x090f2f033c16fe92e28f0204435590548aedc3f0,485,0.25,0.0,1.00217308377504,0.997148319846407,35513889.81770265,12.892384219128264,13.480162282235643,-0.387708360120409,-0.2506934186311316,-0.13735929219469423,-1.1162896451306747,2.757531432336441,93.81443298969072,1,11,0.3943760259078573
25,6,72,24,0.5,U/USDG Pancake v3 1bp,0x090f2f033c16fe92e28f0204435590548aedc3f0,485,0.25,50.0,1.00217308377504,0.997148319846407,35513889.81770265,6.4445474107179574,12.227162293775434,-0.43959106203732556,-0.2506934186311316,-0.18937238751841612,-1.1359964361663422,2.762441095488838,93.81443298969072,1,6,0.3943760259078573
25,6,72,24,0.25,U/USDG Pancake v3 1bp,0x090f2f033c16fe92e28f0204435590548aedc3f0,485,0.25,75.0,1.00217308377504,0.997148319846407,35513889.81770265,3.221881477899327,11.475598289262086,-0.4642690926005555,-0.2506934186311316,-0.2141124397643912,-1.1445901837613626,2.754310143003866,93.81443298969072,1,3,0.3943760259078573
25,6,72,168,1.0,U/USDG Pancake v3 1bp,0x090f2f033c16fe92e28f0204435590548aedc3f0,485,0.25,0.0,1.00217308377504,0.997148319846407,35513889.81770265,12.891533372296903,11.229030070761983,-0.3651983856439056,-0.2506934186311316,-0.11479274486922986,-1.111364886086752,2.758255098115439,93.81443298969072,1,2,0.3943760259078573
25,6,72,168,0.5,U/USDG Pancake v3 1bp,0x090f2f033c16fe92e28f0204435590548aedc3f0,485,0.25,50.0,1.00217308377504,0.997148319846407,35513889.81770265,6.44441813269763,11.226547430775078,-0.429578073170489,-0.2506934186311316,-0.17933423366049972,-1.1335146973617372,2.7561789030305732,93.81443298969072,1,2,0.3943760259078573
25,6,72,168,0.25,U/USDG Pancake v3 1bp,0x090f2f033c16fe92e28f0204435590548aedc3f0,485,0.25,75.0,1.00217308377504,0.997148319846407,35513889.81770265,3.221871961819593,11.225306338627359,-0.4617578127106725,-0.2506934186311316,-0.21159484843874532,-1.144589514157368,2.7553184842080727,93.81443298969072,1,2,0.3943760259078573
25,6,72,720,1.0,U/USDG Pancake v3 1bp,0x090f2f033c16fe92e28f0204435590548aedc3f0,485,0.25,0.0,1.00217308377504,0.997148319846407,35513889.81770265,12.886478007540228,10.724105363278918,-0.3600734011869666,-0.2506934186311316,-0.10965488012351088,-1.108538822175198,2.755263052472858,93.81443298969072,1,0,0.3943760259078573
25,6,72,720,0.5,U/USDG Pancake v3 1bp,0x090f2f033c16fe92e28f0204435590548aedc3f0,485,0.25,50.0,1.00217308377504,0.997148319846407,35513889.81770265,6.443226184887973,10.724085380827693,-0.4245054744482557,-0.2506934186311316,-0.17424888630713786,-1.130860933438349,2.753739056754353,93.81443298969072,1,0,0.3943760259078573
25,6,72,720,0.25,U/USDG Pancake v3 1bp,0x090f2f033c16fe92e28f0204435590548aedc3f0,485,0.25,75.0,1.00217308377504,0.997148319846407,35513889.81770265,3.221609887723423,10.72407538960208,-0.4567214149373333,-0.2506934186311316,-0.20654579301575549,-1.1420219794141317,2.7531560105247825,93.81443298969072,1,0,0.3943760259078573
25,6,168,24,1.0,U/USDG Pancake v3 1bp,0x090f2f033c16fe92e28f0204435590548aedc3f0,485,0.25,0.0,1.00217308377504,0.997148319846407,35513889.81770265,12.892384219128264,13.480162282235643,-0.387708360120409,-0.2506934186311316,-0.13735929219469423,-1.1162896451306747,2.757531432336441,93.81443298969072,1,11,0.3943760259078573
25,6,168,24,0.5,U/USDG Pancake v3 1bp,0x090f2f033c16fe92e28f0204435590548aedc3f0,485,0.25,50.0,1.00217308377504,0.997148319846407,35513889.81770265,6.4445474107179574,12.227162293775434,-0.43959106203732556,-0.2506934186311316,-0.18937238751841612,-1.1359964361663422,2.762441095488838,93.81443298969072,1,6,0.3943760259078573
25,6,168,24,0.25,U/USDG Pancake v3 1bp,0x090f2f033c16fe92e28f0204435590548aedc3f0,485,0.25,75.0,1.00217308377504,0.997148319846407,35513889.81770265,3.221881477899327,11.475598289262086,-0.4642690926005555,-0.2506934186311316,-0.2141124397643912,-1.1445901837613626,2.754310143003866,93.81443298969072,1,3,0.3943760259078573
25,6,168,168,1.0,U/USDG Pancake v3 1bp,0x090f2f033c16fe92e28f0204435590548aedc3f0,485,0.25,0.0,1.00217308377504,0.997148319846407,35513889.81770265,12.891533372296903,11.229030070761983,-0.3651983856439056,-0.2506934186311316,-0.11479274486922986,-1.111364886086752,2.758255098115439,93.81443298969072,1,2,0.3943760259078573
25,6,168,168,0.5,U/USDG Pancake v3 1bp,0x090f2f033c16fe92e28f0204435590548aedc3f0,485,0.25,50.0,1.00217308377504,0.997148319846407,35513889.81770265,6.44441813269763,11.226547430775078,-0.429578073170489,-0.2506934186311316,-0.17933423366049972,-1.1335146973617372,2.7561789030305732,93.81443298969072,1,2,0.3943760259078573
25,6,168,168,0.25,U/USDG Pancake v3 1bp,0x090f2f033c16fe92e28f0204435590548aedc3f0,485,0.25,75.0,1.00217308377504,0.997148319846407,35513889.81770265,3.221871961819593,11.225306338627359,-0.4617578127106725,-0.2506934186311316,-0.21159484843874532,-1.144589514157368,2.7553184842080727,93.81443298969072,1,2,0.3943760259078573
25,6,168,720,1.0,U/USDG Pancake v3 1bp,0x090f2f033c16fe92e28f0204435590548aedc3f0,485,0.25,0.0,1.00217308377504,0.997148319846407,35513889.81770265,12.886478007540228,10.724105363278918,-0.3600734011869666,-0.2506934186311316,-0.10965488012351088,-1.108538822175198,2.755263052472858,93.81443298969072,1,0,0.3943760259078573
25,6,168,720,0.5,U/USDG Pancake v3 1bp,0x090f2f033c16fe92e28f0204435590548aedc3f0,485,0.25,50.0,1.00217308377504,0.997148319846407,35513889.81770265,6.443226184887973,10.724085380827693,-0.4245054744482557,-0.2506934186311316,-0.17424888630713786,-1.130860933438349,2.753739056754353,93.81443298969072,1,0,0.3943760259078573
25,6,168,720,0.25,U/USDG Pancake v3 1bp,0x090f2f033c16fe92e28f0204435590548aedc3f0,485,0.25,75.0,1.00217308377504,0.997148319846407,35513889.81770265,3.221609887723423,10.72407538960208,-0.4567214149373333,-0.2506934186311316,-0.20654579301575549,-1.1420219794141317,2.7531560105247825,93.81443298969072,1,0,0.3943760259078573
25,24,24,24,1.0,U/USDG Pancake v3 1bp,0x090f2f033c16fe92e28f0204435590548aedc3f0,485,0.25,0.0,1.00217308377504,0.997148319846407,35513889.81770265,10.631326365657289,12.97179173658861,-0.4211401297486872,-0.2506934186311316,-0.17087508370650095,-1.1814289585672433,2.615036081361619,83.29896907216495,1,9,0.3943760259078573
25,24,24,24,0.5,U/USDG Pancake v3 1bp,0x090f2f033c16fe92e28f0204435590548aedc3f0,485,0.25,50.0,1.00217308377504,0.997148319846407,35513889.81770265,5.31456435169989,11.71894387545488,-0.4617381984630575,-0.2506934186311316,-0.21157518489592908,-1.1946976577588808,2.622056715972226,83.29896907216495,1,4,0.3943760259078573
25,24,24,24,0.25,U/USDG Pancake v3 1bp,0x090f2f033c16fe92e28f0204435590548aedc3f0,485,0.25,75.0,1.00217308377504,0.997148319846407,35513889.81770265,2.6570163723955016,11.217758262333449,-0.4832901434279169,-0.2506934186311316,-0.23318129495671913,-1.2000581135302557,2.618709856520199,83.29896907216495,1,2,0.3943760259078573
25,24,24,168,1.0,U/USDG Pancake v3 1bp,0x090f2f033c16fe92e28f0204435590548aedc3f0,485,0.25,0.0,1.00217308377504,0.997148319846407,35513889.81770265,10.630940491056412,11.220698926268074,-0.40363203310910256,-0.2506934186311316,-0.15332298511089304,-1.1790033497304897,2.6174083047087264,83.29896907216495,1,2,0.3943760259078573
25,24,24,168,0.5,U/USDG Pancake v3 1bp,0x090f2f033c16fe92e28f0204435590548aedc3f0,485,0.25,50.0,1.00217308377504,0.997148319846407,35513889.81770265,5.314498668486588,11.21865382126559,-0.45673821549884197,-0.2506934186311316,-0.20656263580102197,-1.194728656021049,2.61909072330039,83.29896907216495,1,2,0.3943760259078573
25,24,24,168,0.25,U/USDG Pancake v3 1bp,0x090f2f033c16fe92e28f0204435590548aedc3f0,485,0.25,75.0,1.00217308377504,0.997148319846407,35513889.81770265,2.657012416134537,11.217813930073822,-0.4832915817518546,-0.2506934186311316,-0.23318273689550972,-1.2000581135302557,2.620310435971556,83.29896907216495,1,2,0.3943760259078573
25,24,24,720,1.0,U/USDG Pancake v3 1bp,0x090f2f033c16fe92e28f0204435590548aedc3f0,485,0.25,0.0,1.00217308377504,0.997148319846407,35513889.81770265,10.62790191296387,10.717196425222607,-0.39856040087555833,-0.2506934186311316,-0.1482386066752328,-1.176313623553149,2.6164027272587083,83.29896907216495,1,0,0.3943760259078573
25,24,24,720,0.5,U/USDG Pancake v3 1bp,0x090f2f033c16fe92e28f0204435590548aedc3f0,485,0.25,50.0,1.00217308377504,0.997148319846407,35513889.81770265,5.313803617771985,10.716902768449202,-0.4516965686425123,-0.2506934186311316,-0.20150831810286096,-1.1921433858148256,2.6182576975869782,83.29896907216495,1,0,0.3943760259078573
25,24,24,720,0.25,U/USDG Pancake v3 1bp,0x090f2f033c16fe92e28f0204435590548aedc3f0,485,0.25,75.0,1.00217308377504,0.997148319846407,35513889.81770265,2.6568649742020938,10.7167559400625,-0.4782635474857355,-0.2506934186311316,-0.22814206599919284,-1.2000581135302557,2.619327478872658,83.29896907216495,1,0,0.3943760259078573
25,24,72,24,1.0,U/USDG Pancake v3 1bp,0x090f2f033c16fe92e28f0204435590548aedc3f0,485,0.25,0.0,1.00217308377504,0.997148319846407,35513889.81770265,10.631326365657289,12.97179173658861,-0.4211401297486872,-0.2506934186311316,-0.17087508370650095,-1.1814289585672433,2.615036081361619,83.29896907216495,1,9,0.3943760259078573
25,24,72,24,0.5,U/USDG Pancake v3 1bp,0x090f2f033c16fe92e28f0204435590548aedc3f0,485,0.25,50.0,1.00217308377504,0.997148319846407,35513889.81770265,5.31456435169989,11.71894387545488,-0.4617381984630575,-0.2506934186311316,-0.21157518489592908,-1.1946976577588808,2.622056715972226,83.29896907216495,1,4,0.3943760259078573
25,24,72,24,0.25,U/USDG Pancake v3 1bp,0x090f2f033c16fe92e28f0204435590548aedc3f0,485,0.25,75.0,1.00217308377504,0.997148319846407,35513889.81770265,2.6570163723955016,11.217758262333449,-0.4832901434279169,-0.2506934186311316,-0.23318129495671913,-1.2000581135302557,2.618709856520199,83.29896907216495,1,2,0.3943760259078573
25,24,72,168,1.0,U/USDG Pancake v3 1bp,0x090f2f033c16fe92e28f0204435590548aedc3f0,485,0.25,0.0,1.00217308377504,0.997148319846407,35513889.81770265,10.630940491056412,11.220698926268074,-0.40363203310910256,-0.2506934186311316,-0.15332298511089304,-1.1790033497304897,2.6174083047087264,83.29896907216495,1,2,0.3943760259078573
25,24,72,168,0.5,U/USDG Pancake v3 1bp,0x090f2f033c16fe92e28f0204435590548aedc3f0,485,0.25,50.0,1.00217308377504,0.997148319846407,35513889.81770265,5.314498668486588,11.21865382126559,-0.45673821549884197,-0.2506934186311316,-0.20656263580102197,-1.194728656021049,2.61909072330039,83.29896907216495,1,2,0.3943760259078573
25,24,72,168,0.25,U/USDG Pancake v3 1bp,0x090f2f033c16fe92e28f0204435590548aedc3f0,485,0.25,75.0,1.00217308377504,0.997148319846407,35513889.81770265,2.657012416134537,11.217813930073822,-0.4832915817518546,-0.2506934186311316,-0.23318273689550972,-1.2000581135302557,2.620310435971556,83.29896907216495,1,2,0.3943760259078573
25,24,72,720,1.0,U/USDG Pancake v3 1bp,0x090f2f033c16fe92e28f0204435590548aedc3f0,485,0.25,0.0,1.00217308377504,0.997148319846407,35513889.81770265,10.62790191296387,10.717196425222607,-0.39856040087555833,-0.2506934186311316,-0.1482386066752328,-1.176313623553149,2.6164027272587083,83.29896907216495,1,0,0.3943760259078573
25,24,72,720,0.5,U/USDG Pancake v3 1bp,0x090f2f033c16fe92e28f0204435590548aedc3f0,485,0.25,50.0,1.00217308377504,0.997148319846407,35513889.81770265,5.313803617771985,10.716902768449202,-0.4516965686425123,-0.2506934186311316,-0.20150831810286096,-1.1921433858148256,2.6182576975869782,83.29896907216495,1,0,0.3943760259078573
25,24,72,720,0.25,U/USDG Pancake v3 1bp,0x090f2f033c16fe92e28f0204435590548aedc3f0,485,0.25,75.0,1.00217308377504,0.997148319846407,35513889.81770265,2.6568649742020938,10.7167559400625,-0.4782635474857355,-0.2506934186311316,-0.22814206599919284,-1.2000581135302557,2.619327478872658,83.29896907216495,1,0,0.3943760259078573
25,24,168,24,1.0,U/USDG Pancake v3 1bp,0x090f2f033c16fe92e28f0204435590548aedc3f0,485,0.25,0.0,1.00217308377504,0.997148319846407,35513889.81770265,10.631326365657289,12.97179173658861,-0.4211401297486872,-0.2506934186311316,-0.17087508370650095,-1.1814289585672433,2.615036081361619,83.29896907216495,1,9,0.3943760259078573
25,24,168,24,0.5,U/USDG Pancake v3 1bp,0x090f2f033c16fe92e28f0204435590548aedc3f0,485,0.25,50.0,1.00217308377504,0.997148319846407,35513889.81770265,5.31456435169989,11.71894387545488,-0.4617381984630575,-0.2506934186311316,-0.21157518489592908,-1.1946976577588808,2.622056715972226,83.29896907216495,1,4,0.3943760259078573
25,24,168,24,0.25,U/USDG Pancake v3 1bp,0x090f2f033c16fe92e28f0204435590548aedc3f0,485,0.25,75.0,1.00217308377504,0.997148319846407,35513889.81770265,2.6570163723955016,11.217758262333449,-0.4832901434279169,-0.2506934186311316,-0.23318129495671913,-1.2000581135302557,2.618709856520199,83.29896907216495,1,2,0.3943760259078573
25,24,168,168,1.0,U/USDG Pancake v3 1bp,0x090f2f033c16fe92e28f0204435590548aedc3f0,485,0.25,0.0,1.00217308377504,0.997148319846407,35513889.81770265,10.630940491056412,11.220698926268074,-0.40363203310910256,-0.2506934186311316,-0.15332298511089304,-1.1790033497304897,2.6174083047087264,83.29896907216495,1,2,0.3943760259078573
25,24,168,168,0.5,U/USDG Pancake v3 1bp,0x090f2f033c16fe92e28f0204435590548aedc3f0,485,0.25,50.0,1.00217308377504,0.997148319846407,35513889.81770265,5.314498668486588,11.21865382126559,-0.45673821549884197,-0.2506934186311316,-0.20656263580102197,-1.194728656021049,2.61909072330039,83.29896907216495,1,2,0.3943760259078573
25,24,168,168,0.25,U/USDG Pancake v3 1bp,0x090f2f033c16fe92e28f0204435590548aedc3f0,485,0.25,75.0,1.00217308377504,0.997148319846407,35513889.81770265,2.657012416134537,11.217813930073822,-0.4832915817518546,-0.2506934186311316,-0.23318273689550972,-1.2000581135302557,2.620310435971556,83.29896907216495,1,2,0.3943760259078573
25,24,168,720,1.0,U/USDG Pancake v3 1bp,0x090f2f033c16fe92e28f0204435590548aedc3f0,485,0.25,0.0,1.00217308377504,0.997148319846407,35513889.81770265,10.62790191296387,10.717196425222607,-0.39856040087555833,-0.2506934186311316,-0.1482386066752328,-1.176313623553149,2.6164027272587083,83.29896907216495,1,0,0.3943760259078573
25,24,168,720,0.5,U/USDG Pancake v3 1bp,0x090f2f033c16fe92e28f0204435590548aedc3f0,485,0.25,50.0,1.00217308377504,0.997148319846407,35513889.81770265,5.313803617771985,10.716902768449202,-0.4516965686425123,-0.2506934186311316,-0.20150831810286096,-1.1921433858148256,2.6182576975869782,83.29896907216495,1,0,0.3943760259078573
25,24,168,720,0.25,U/USDG Pancake v3 1bp,0x090f2f033c16fe92e28f0204435590548aedc3f0,485,0.25,75.0,1.00217308377504,0.997148319846407,35513889.81770265,2.6568649742020938,10.7167559400625,-0.4782635474857355,-0.2506934186311316,-0.22814206599919284,-1.2000581135302557,2.619327478872658,83.29896907216495,1,0,0.3943760259078573
50,1,24,24,1.0,U/USDG Pancake v3 1bp,0x090f2f033c16fe92e28f0204435590548aedc3f0,485,0.5,0.0,1.00217308377504,0.997148319846407,35513889.81770265,5.883272302741889,116.1740211924753,-3.8368120092401314,-0.2506934186311316,-3.5951313482903147,-4.009271480672294,7.508120056087892,88.24742268041237,11,1,0.19794641526857532
50,1,24,24,0.5,U/USDG Pancake v3 1bp,0x090f2f033c16fe92e28f0204435590548aedc3f0,485,0.5,50.0,1.00217308377504,0.997148319846407,35513889.81770265,2.941308562264286,115.9106874466282,-3.863352708649015,-0.2506934186311316,-3.6217387507059273,-4.035210247278864,7.505071835982953,88.24742268041237,11,0,0.19794641526857532
50,1,24,24,0.25,U/USDG Pancake v3 1bp,0x090f2f033c16fe92e28f0204435590548aedc3f0,485,0.5,75.0,1.00217308377504,0.997148319846407,35513889.81770265,1.470557750063933,115.90316438545567,-3.877841389883374,-0.2506934186311316,-3.6362638453967255,-4.049395900065511,7.502970579016259,88.24742268041237,11,0,0.19794641526857532
50,1,24,168,1.0,U/USDG Pancake v3 1bp,0x090f2f033c16fe92e28f0204435590548aedc3f0,485,0.5,0.0,1.00217308377504,0.997148319846407,35513889.81770265,5.88338946072181,115.92573540340432,-3.8343696129805926,-0.2506934186311316,-3.592682813715742,-4.006833464616721,7.5093012358519,88.24742268041237,11,0,0.19794641526857532
50,1,24,168,0.5,U/USDG Pancake v3 1bp,0x090f2f033c16fe92e28f0204435590548aedc3f0,485,0.5,50.0,1.00217308377504,0.997148319846407,35513889.81770265,2.941308562264286,115.9106874466282,-3.863352708649015,-0.2506934186311316,-3.6217387507059273,-4.035210247278864,7.505071835982953,88.24742268041237,11,0,0.19794641526857532
50,1,24,168,0.25,U/USDG Pancake v3 1bp,0x090f2f033c16fe92e28f0204435590548aedc3f0,485,0.5,75.0,1.00217308377504,0.997148319846407,35513889.81770265,1.470557750063933,115.90316438545567,-3.877841389883374,-0.2506934186311316,-3.6362638453967255,-4.049395900065511,7.502970579016259,88.24742268041237,11,0,0.19794641526857532
50,1,24,720,1.0,U/USDG Pancake v3 1bp,0x090f2f033c16fe92e28f0204435590548aedc3f0,485,0.5,0.0,1.00217308377504,0.997148319846407,35513889.81770265,5.88338946072181,115.92573540340432,-3.8343696129805926,-0.2506934186311316,-3.592682813715742,-4.006833464616721,7.5093012358519,88.24742268041237,11,0,0.19794641526857532
50,1,24,720,0.5,U/USDG Pancake v3 1bp,0x090f2f033c16fe92e28f0204435590548aedc3f0,485,0.5,50.0,1.00217308377504,0.997148319846407,35513889.81770265,2.941308562264286,115.9106874466282,-3.863352708649015,-0.2506934186311316,-3.6217387507059273,-4.035210247278864,7.505071835982953,88.24742268041237,11,0,0.19794641526857532
50,1,24,720,0.25,U/USDG Pancake v3 1bp,0x090f2f033c16fe92e28f0204435590548aedc3f0,485,0.5,75.0,1.00217308377504,0.997148319846407,35513889.81770265,1.470557750063933,115.90316438545567,-3.877841389883374,-0.2506934186311316,-3.6362638453967255,-4.049395900065511,7.502970579016259,88.24742268041237,11,0,0.19794641526857532
50,1,72,24,1.0,U/USDG Pancake v3 1bp,0x090f2f033c16fe92e28f0204435590548aedc3f0,485,0.5,0.0,1.00217308377504,0.997148319846407,35513889.81770265,4.580913779299495,64.14925991461811,-2.555298092330538,-0.2506934186311316,-2.3103966861358294,-2.7057235314820294,7.112218138978088,71.75257731958763,6,2,0.19794641526857532
50,1,72,24,0.5,U/USDG Pancake v3 1bp,0x090f2f033c16fe92e28f0204435590548aedc3f0,485,0.5,50.0,1.00217308377504,0.997148319846407,35513889.81770265,2.2902844522361496,63.643206996365706,-2.573037040090842,-0.2506934186311316,-2.3281802160351805,-2.7227087847533693,7.110240122823199,71.75257731958763,6,0,0.19794641526857532
50,1,72,24,0.25,U/USDG Pancake v3 1bp,0x090f2f033c16fe92e28f0204435590548aedc3f0,485,0.5,75.0,1.00217308377504,0.997148319846407,35513889.81770265,1.1450921439604045,63.639886847944496,-2.5843870152602366,-0.2506934186311316,-2.339558716356027,-2.7336782052988506,7.109236875641154,71.75257731958763,6,0,0.19794641526857532
50,1,72,168,1.0,U/USDG Pancake v3 1bp,0x090f2f033c16fe92e28f0204435590548aedc3f0,485,0.5,0.0,1.00217308377504,0.997148319846407,35513889.81770265,4.580915647401883,63.89950191702604,-2.5528338216482593,-0.2506934186311316,-2.307926222162948,-2.703263064879746,7.111513919089177,71.75257731958763,6,1,0.19794641526857532
50,1,72,168,0.5,U/USDG Pancake v3 1bp,0x090f2f033c16fe92e28f0204435590548aedc3f0,485,0.5,50.0,1.00217308377504,0.997148319846407,35513889.81770265,2.2902844522361496,63.643206996365706,-2.573037040090842,-0.2506934186311316,-2.3281802160351805,-2.7227087847533693,7.110240122823199,71.75257731958763,6,0,0.19794641526857532
50,1,72,168,0.25,U/USDG Pancake v3 1bp,0x090f2f033c16fe92e28f0204435590548aedc3f0,485,0.5,75.0,1.00217308377504,0.997148319846407,35513889.81770265,1.1450921439604045,63.639886847944496,-2.5843870152602366,-0.2506934186311316,-2.339558716356027,-2.7336782052988506,7.109236875641154,71.75257731958763,6,0,0.19794641526857532
50,1,72,720,1.0,U/USDG Pancake v3 1bp,0x090f2f033c16fe92e28f0204435590548aedc3f0,485,0.5,0.0,1.00217308377504,0.997148319846407,35513889.81770265,4.580969586654606,63.6498478423841,-2.550334099854934,-0.2506934186311316,-2.3054202179820793,-2.7007672018920736,7.112277821214629,71.75257731958763,6,0,0.19794641526857532
50,1,72,720,0.5,U/USDG Pancake v3 1bp,0x090f2f033c16fe92e28f0204435590548aedc3f0,485,0.5,50.0,1.00217308377504,0.997148319846407,35513889.81770265,2.2902844522361496,63.643206996365706,-2.573037040090842,-0.2506934186311316,-2.3281802160351805,-2.7227087847533693,7.110240122823199,71.75257731958763,6,0,0.19794641526857532
50,1,72,720,0.25,U/USDG Pancake v3 1bp,0x090f2f033c16fe92e28f0204435590548aedc3f0,485,0.5,75.0,1.00217308377504,0.997148319846407,35513889.81770265,1.1450921439604045,63.639886847944496,-2.5843870152602366,-0.2506934186311316,-2.339558716356027,-2.7336782052988506,7.109236875641154,71.75257731958763,6,0,0.19794641526857532
50,1,168,24,1.0,U/USDG Pancake v3 1bp,0x090f2f033c16fe92e28f0204435590548aedc3f0,485,0.5,0.0,1.00217308377504,0.997148319846407,35513889.81770265,3.3359995880842837,32.47794161045132,-1.7536465779460886,-0.2506934186311316,-1.5067304333478804,-2.3601234814791816,7.717190444937582,63.91752577319587,3,2,0.19794641526857532
50,1,168,24,0.5,U/USDG Pancake v3 1bp,0x090f2f033c16fe92e28f0204435590548aedc3f0,485,0.5,50.0,1.00217308377504,0.997148319846407,35513889.81770265,1.6678949698832648,32.22616520242657,-1.7677687787070684,-0.2506934186311316,-1.520888126513853,-2.360536499254029,7.713684069251801,63.91752577319587,3,1,0.19794641526857532
50,1,168,24,0.25,U/USDG Pancake v3 1bp,0x090f2f033c16fe92e28f0204435590548aedc3f0,485,0.5,75.0,1.00217308377504,0.997148319846407,35513889.81770265,0.8339293479821762,31.975147507513093,-1.773578614020499,-0.2506934186311316,-1.5267125633069978,-2.3607430099336524,7.713133554084613,63.91752577319587,3,0,0.19794641526857532
50,1,168,168,1.0,U/USDG Pancake v3 1bp,0x090f2f033c16fe92e28f0204435590548aedc3f0,485,0.5,0.0,1.00217308377504,0.997148319846407,35513889.81770265,3.3359848380948613,32.22767506683798,-1.7511311826298837,-0.2506934186311316,-1.504208716252886,-2.3601234814791816,7.717588350819263,63.91752577319587,3,1,0.19794641526857532
50,1,168,168,0.5,U/USDG Pancake v3 1bp,0x090f2f033c16fe92e28f0204435590548aedc3f0,485,0.5,50.0,1.00217308377504,0.997148319846407,35513889.81770265,1.6678949698832648,32.22616520242657,-1.7677687787070684,-0.2506934186311316,-1.520888126513853,-2.360536499254029,7.713684069251801,63.91752577319587,3,1,0.19794641526857532
50,1,168,168,0.25,U/USDG Pancake v3 1bp,0x090f2f033c16fe92e28f0204435590548aedc3f0,485,0.5,75.0,1.00217308377504,0.997148319846407,35513889.81770265,0.8339293479821762,31.975147507513093,-1.773578614020499,-0.2506934186311316,-1.5267125633069978,-2.3607430099336524,7.713133554084613,63.91752577319587,3,0,0.19794641526857532
50,1,168,720,1.0,U/USDG Pancake v3 1bp,0x090f2f033c16fe92e28f0204435590548aedc3f0,485,0.5,0.0,1.00217308377504,0.997148319846407,35513889.81770265,3.3358929684714025,31.977427446953243,-1.7486029207662956,-0.2506934186311316,-1.501674100273842,-2.3601234814791816,7.7159807579879285,63.91752577319587,3,0,0.19794641526857532
50,1,168,720,0.5,U/USDG Pancake v3 1bp,0x090f2f033c16fe92e28f0204435590548aedc3f0,485,0.5,50.0,1.00217308377504,0.997148319846407,35513889.81770265,1.6678879585134472,31.975907481217202,-1.7652536755133563,-0.2506934186311316,-1.5183667022755198,-2.360536499254029,7.714074210606178,63.91752577319587,3,0,0.19794641526857532
50,1,168,720,0.25,U/USDG Pancake v3 1bp,0x090f2f033c16fe92e28f0204435590548aedc3f0,485,0.5,75.0,1.00217308377504,0.997148319846407,35513889.81770265,0.8339293479821762,31.975147507513093,-1.773578614020499,-0.2506934186311316,-1.5267125633069978,-2.3607430099336524,7.713133554084613,63.91752577319587,3,0,0.19794641526857532
50,6,24,24,1.0,U/USDG Pancake v3 1bp,0x090f2f033c16fe92e28f0204435590548aedc3f0,485,0.5,0.0,1.00217308377504,0.997148319846407,35513889.81770265,6.764585511907653,1.5031231328948027,-0.3246507535313192,-0.2506934186311316,-0.07414320704060007,-1.1467404143205129,4.33813698706787,96.90721649484536,0,6,0.19794641526857532
50,6,24,24,0.5,U/USDG Pancake v3 1bp,0x090f2f033c16fe92e28f0204435590548aedc3f0,485,0.5,50.0,1.00217308377504,0.997148319846407,35513889.81770265,3.3818633265774336,0.7515142650695994,-0.3509017186856034,-0.2506934186311316,-0.10046014703143369,-1.1550522795813034,4.352653801697085,96.90721649484536,0,3,0.19794641526857532
50,6,24,24,0.25,U/USDG Pancake v3 1bp,0x090f2f033c16fe92e28f0204435590548aedc3f0,485,0.5,75.0,1.00217308377504,0.997148319846407,35513889.81770265,1.690828113163939,0.2505002045382532,-0.3627840887888145,-0.2506934186311316,-0.11237238031950314,-1.1579293819842351,4.349184412570114,96.90721649484536,0,1,0.19794641526857532
50,6,24,168,1.0,U/USDG Pancake v3 1bp,0x090f2f033c16fe92e28f0204435590548aedc3f0,485,0.5,0.0,1.00217308377504,0.997148319846407,35513889.81770265,6.764432649513371,0.5026163170574693,-0.314671197493277,-0.2506934186311316,-0.06413857003604306,-1.1442862706622203,4.342804735040255,96.90721649484536,0,2,0.19794641526857532
50,6,24,168,0.5,U/USDG Pancake v3 1bp,0x090f2f033c16fe92e28f0204435590548aedc3f0,485,0.5,50.0,1.00217308377504,0.997148319846407,35513889.81770265,3.381847230416884,0.5013080740079847,-0.34841763731859876,-0.2506934186311316,-0.09796982258494236,-1.1550651316962757,4.344921901910347,96.90721649484536,0,2,0.19794641526857532
50,6,24,168,0.25,U/USDG Pancake v3 1bp,0x090f2f033c16fe92e28f0204435590548aedc3f0,485,0.5,75.0,1.00217308377504,0.997148319846407,35513889.81770265,1.690828113163939,0.2505002045382532,-0.3627840887888145,-0.2506934186311316,-0.11237238031950314,-1.1579293819842351,4.349184412570114,96.90721649484536,0,1,0.19794641526857532
50,6,24,720,1.0,U/USDG Pancake v3 1bp,0x090f2f033c16fe92e28f0204435590548aedc3f0,485,0.5,0.0,1.00217308377504,0.997148319846407,35513889.81770265,6.7631055129331985,0.0,-0.3095375948064416,-0.2506934186311316,-0.05899206540078694,-1.141618416643475,4.344854957598914,96.90721649484536,0,0,0.19794641526857532
50,6,24,720,0.5,U/USDG Pancake v3 1bp,0x090f2f033c16fe92e28f0204435590548aedc3f0,485,0.5,50.0,1.00217308377504,0.997148319846407,35513889.81770265,3.3815527564665993,0.0,-0.34335312237110394,-0.2506934186311316,-0.0928925793227342,-1.1524923390858088,4.347400863530553,96.90721649484536,0,0,0.19794641526857532
50,6,24,720,0.25,U/USDG Pancake v3 1bp,0x090f2f033c16fe92e28f0204435590548aedc3f0,485,0.5,75.0,1.00217308377504,0.997148319846407,35513889.81770265,1.6907763782332996,0.0,-0.36026088615345175,-0.2506934186311316,-0.10984283628372449,-1.1579293819842351,4.348703100187459,96.90721649484536,0,0,0.19794641526857532
50,6,72,24,1.0,U/USDG Pancake v3 1bp,0x090f2f033c16fe92e28f0204435590548aedc3f0,485,0.5,0.0,1.00217308377504,0.997148319846407,35513889.81770265,6.764585511907653,1.5031231328948027,-0.3246507535313192,-0.2506934186311316,-0.07414320704060007,-1.1467404143205129,4.33813698706787,96.90721649484536,0,6,0.19794641526857532
50,6,72,24,0.5,U/USDG Pancake v3 1bp,0x090f2f033c16fe92e28f0204435590548aedc3f0,485,0.5,50.0,1.00217308377504,0.997148319846407,35513889.81770265,3.3818633265774336,0.7515142650695994,-0.3509017186856034,-0.2506934186311316,-0.10046014703143369,-1.1550522795813034,4.352653801697085,96.90721649484536,0,3,0.19794641526857532
50,6,72,24,0.25,U/USDG Pancake v3 1bp,0x090f2f033c16fe92e28f0204435590548aedc3f0,485,0.5,75.0,1.00217308377504,0.997148319846407,35513889.81770265,1.690828113163939,0.2505002045382532,-0.3627840887888145,-0.2506934186311316,-0.11237238031950314,-1.1579293819842351,4.349184412570114,96.90721649484536,0,1,0.19794641526857532
50,6,72,168,1.0,U/USDG Pancake v3 1bp,0x090f2f033c16fe92e28f0204435590548aedc3f0,485,0.5,0.0,1.00217308377504,0.997148319846407,35513889.81770265,6.764432649513371,0.5026163170574693,-0.314671197493277,-0.2506934186311316,-0.06413857003604306,-1.1442862706622203,4.342804735040255,96.90721649484536,0,2,0.19794641526857532
50,6,72,168,0.5,U/USDG Pancake v3 1bp,0x090f2f033c16fe92e28f0204435590548aedc3f0,485,0.5,50.0,1.00217308377504,0.997148319846407,35513889.81770265,3.381847230416884,0.5013080740079847,-0.34841763731859876,-0.2506934186311316,-0.09796982258494236,-1.1550651316962757,4.344921901910347,96.90721649484536,0,2,0.19794641526857532
50,6,72,168,0.25,U/USDG Pancake v3 1bp,0x090f2f033c16fe92e28f0204435590548aedc3f0,485,0.5,75.0,1.00217308377504,0.997148319846407,35513889.81770265,1.690828113163939,0.2505002045382532,-0.3627840887888145,-0.2506934186311316,-0.11237238031950314,-1.1579293819842351,4.349184412570114,96.90721649484536,0,1,0.19794641526857532
50,6,72,720,1.0,U/USDG Pancake v3 1bp,0x090f2f033c16fe92e28f0204435590548aedc3f0,485,0.5,0.0,1.00217308377504,0.997148319846407,35513889.81770265,6.7631055129331985,0.0,-0.3095375948064416,-0.2506934186311316,-0.05899206540078694,-1.141618416643475,4.344854957598914,96.90721649484536,0,0,0.19794641526857532
50,6,72,720,0.5,U/USDG Pancake v3 1bp,0x090f2f033c16fe92e28f0204435590548aedc3f0,485,0.5,50.0,1.00217308377504,0.997148319846407,35513889.81770265,3.3815527564665993,0.0,-0.34335312237110394,-0.2506934186311316,-0.0928925793227342,-1.1524923390858088,4.347400863530553,96.90721649484536,0,0,0.19794641526857532
50,6,72,720,0.25,U/USDG Pancake v3 1bp,0x090f2f033c16fe92e28f0204435590548aedc3f0,485,0.5,75.0,1.00217308377504,0.997148319846407,35513889.81770265,1.6907763782332996,0.0,-0.36026088615345175,-0.2506934186311316,-0.10984283628372449,-1.1579293819842351,4.348703100187459,96.90721649484536,0,0,0.19794641526857532
50,6,168,24,1.0,U/USDG Pancake v3 1bp,0x090f2f033c16fe92e28f0204435590548aedc3f0,485,0.5,0.0,1.00217308377504,0.997148319846407,35513889.81770265,6.764585511907653,1.5031231328948027,-0.3246507535313192,-0.2506934186311316,-0.07414320704060007,-1.1467404143205129,4.33813698706787,96.90721649484536,0,6,0.19794641526857532
50,6,168,24,0.5,U/USDG Pancake v3 1bp,0x090f2f033c16fe92e28f0204435590548aedc3f0,485,0.5,50.0,1.00217308377504,0.997148319846407,35513889.81770265,3.3818633265774336,0.7515142650695994,-0.3509017186856034,-0.2506934186311316,-0.10046014703143369,-1.1550522795813034,4.352653801697085,96.90721649484536,0,3,0.19794641526857532
50,6,168,24,0.25,U/USDG Pancake v3 1bp,0x090f2f033c16fe92e28f0204435590548aedc3f0,485,0.5,75.0,1.00217308377504,0.997148319846407,35513889.81770265,1.690828113163939,0.2505002045382532,-0.3627840887888145,-0.2506934186311316,-0.11237238031950314,-1.1579293819842351,4.349184412570114,96.90721649484536,0,1,0.19794641526857532
50,6,168,168,1.0,U/USDG Pancake v3 1bp,0x090f2f033c16fe92e28f0204435590548aedc3f0,485,0.5,0.0,1.00217308377504,0.997148319846407,35513889.81770265,6.764432649513371,0.5026163170574693,-0.314671197493277,-0.2506934186311316,-0.06413857003604306,-1.1442862706622203,4.342804735040255,96.90721649484536,0,2,0.19794641526857532
50,6,168,168,0.5,U/USDG Pancake v3 1bp,0x090f2f033c16fe92e28f0204435590548aedc3f0,485,0.5,50.0,1.00217308377504,0.997148319846407,35513889.81770265,3.381847230416884,0.5013080740079847,-0.34841763731859876,-0.2506934186311316,-0.09796982258494236,-1.1550651316962757,4.344921901910347,96.90721649484536,0,2,0.19794641526857532
50,6,168,168,0.25,U/USDG Pancake v3 1bp,0x090f2f033c16fe92e28f0204435590548aedc3f0,485,0.5,75.0,1.00217308377504,0.997148319846407,35513889.81770265,1.690828113163939,0.2505002045382532,-0.3627840887888145,-0.2506934186311316,-0.11237238031950314,-1.1579293819842351,4.349184412570114,96.90721649484536,0,1,0.19794641526857532
50,6,168,720,1.0,U/USDG Pancake v3 1bp,0x090f2f033c16fe92e28f0204435590548aedc3f0,485,0.5,0.0,1.00217308377504,0.997148319846407,35513889.81770265,6.7631055129331985,0.0,-0.3095375948064416,-0.2506934186311316,-0.05899206540078694,-1.141618416643475,4.344854957598914,96.90721649484536,0,0,0.19794641526857532
50,6,168,720,0.5,U/USDG Pancake v3 1bp,0x090f2f033c16fe92e28f0204435590548aedc3f0,485,0.5,50.0,1.00217308377504,0.997148319846407,35513889.81770265,3.3815527564665993,0.0,-0.34335312237110394,-0.2506934186311316,-0.0928925793227342,-1.1524923390858088,4.347400863530553,96.90721649484536,0,0,0.19794641526857532
50,6,168,720,0.25,U/USDG Pancake v3 1bp,0x090f2f033c16fe92e28f0204435590548aedc3f0,485,0.5,75.0,1.00217308377504,0.997148319846407,35513889.81770265,1.6907763782332996,0.0,-0.36026088615345175,-0.2506934186311316,-0.10984283628372449,-1.1579293819842351,4.348703100187459,96.90721649484536,0,0,0.19794641526857532
50,24,24,24,1.0,U/USDG Pancake v3 1bp,0x090f2f033c16fe92e28f0204435590548aedc3f0,485,0.5,0.0,1.00217308377504,0.997148319846407,35513889.81770265,6.764585511907653,1.5031231328948027,-0.3246507535313192,-0.2506934186311316,-0.07414320704060007,-1.1467404143205129,4.33813698706787,96.90721649484536,0,6,0.19794641526857532
50,24,24,24,0.5,U/USDG Pancake v3 1bp,0x090f2f033c16fe92e28f0204435590548aedc3f0,485,0.5,50.0,1.00217308377504,0.997148319846407,35513889.81770265,3.3818633265774336,0.7515142650695994,-0.3509017186856034,-0.2506934186311316,-0.10046014703143369,-1.1550522795813034,4.352653801697085,96.90721649484536,0,3,0.19794641526857532
50,24,24,24,0.25,U/USDG Pancake v3 1bp,0x090f2f033c16fe92e28f0204435590548aedc3f0,485,0.5,75.0,1.00217308377504,0.997148319846407,35513889.81770265,1.690828113163939,0.2505002045382532,-0.3627840887888145,-0.2506934186311316,-0.11237238031950314,-1.1579293819842351,4.349184412570114,96.90721649484536,0,1,0.19794641526857532
50,24,24,168,1.0,U/USDG Pancake v3 1bp,0x090f2f033c16fe92e28f0204435590548aedc3f0,485,0.5,0.0,1.00217308377504,0.997148319846407,35513889.81770265,6.764432649513371,0.5026163170574693,-0.314671197493277,-0.2506934186311316,-0.06413857003604306,-1.1442862706622203,4.342804735040255,96.90721649484536,0,2,0.19794641526857532
50,24,24,168,0.5,U/USDG Pancake v3 1bp,0x090f2f033c16fe92e28f0204435590548aedc3f0,485,0.5,50.0,1.00217308377504,0.997148319846407,35513889.81770265,3.381847230416884,0.5013080740079847,-0.34841763731859876,-0.2506934186311316,-0.09796982258494236,-1.1550651316962757,4.344921901910347,96.90721649484536,0,2,0.19794641526857532
50,24,24,168,0.25,U/USDG Pancake v3 1bp,0x090f2f033c16fe92e28f0204435590548aedc3f0,485,0.5,75.0,1.00217308377504,0.997148319846407,35513889.81770265,1.690828113163939,0.2505002045382532,-0.3627840887888145,-0.2506934186311316,-0.11237238031950314,-1.1579293819842351,4.349184412570114,96.90721649484536,0,1,0.19794641526857532
50,24,24,720,1.0,U/USDG Pancake v3 1bp,0x090f2f033c16fe92e28f0204435590548aedc3f0,485,0.5,0.0,1.00217308377504,0.997148319846407,35513889.81770265,6.7631055129331985,0.0,-0.3095375948064416,-0.2506934186311316,-0.05899206540078694,-1.141618416643475,4.344854957598914,96.90721649484536,0,0,0.19794641526857532
50,24,24,720,0.5,U/USDG Pancake v3 1bp,0x090f2f033c16fe92e28f0204435590548aedc3f0,485,0.5,50.0,1.00217308377504,0.997148319846407,35513889.81770265,3.3815527564665993,0.0,-0.34335312237110394,-0.2506934186311316,-0.0928925793227342,-1.1524923390858088,4.347400863530553,96.90721649484536,0,0,0.19794641526857532
50,24,24,720,0.25,U/USDG Pancake v3 1bp,0x090f2f033c16fe92e28f0204435590548aedc3f0,485,0.5,75.0,1.00217308377504,0.997148319846407,35513889.81770265,1.6907763782332996,0.0,-0.36026088615345175,-0.2506934186311316,-0.10984283628372449,-1.1579293819842351,4.348703100187459,96.90721649484536,0,0,0.19794641526857532
50,24,72,24,1.0,U/USDG Pancake v3 1bp,0x090f2f033c16fe92e28f0204435590548aedc3f0,485,0.5,0.0,1.00217308377504,0.997148319846407,35513889.81770265,6.764585511907653,1.5031231328948027,-0.3246507535313192,-0.2506934186311316,-0.07414320704060007,-1.1467404143205129,4.33813698706787,96.90721649484536,0,6,0.19794641526857532
50,24,72,24,0.5,U/USDG Pancake v3 1bp,0x090f2f033c16fe92e28f0204435590548aedc3f0,485,0.5,50.0,1.00217308377504,0.997148319846407,35513889.81770265,3.3818633265774336,0.7515142650695994,-0.3509017186856034,-0.2506934186311316,-0.10046014703143369,-1.1550522795813034,4.352653801697085,96.90721649484536,0,3,0.19794641526857532
50,24,72,24,0.25,U/USDG Pancake v3 1bp,0x090f2f033c16fe92e28f0204435590548aedc3f0,485,0.5,75.0,1.00217308377504,0.997148319846407,35513889.81770265,1.690828113163939,0.2505002045382532,-0.3627840887888145,-0.2506934186311316,-0.11237238031950314,-1.1579293819842351,4.349184412570114,96.90721649484536,0,1,0.19794641526857532
50,24,72,168,1.0,U/USDG Pancake v3 1bp,0x090f2f033c16fe92e28f0204435590548aedc3f0,485,0.5,0.0,1.00217308377504,0.997148319846407,35513889.81770265,6.764432649513371,0.5026163170574693,-0.314671197493277,-0.2506934186311316,-0.06413857003604306,-1.1442862706622203,4.342804735040255,96.90721649484536,0,2,0.19794641526857532
50,24,72,168,0.5,U/USDG Pancake v3 1bp,0x090f2f033c16fe92e28f0204435590548aedc3f0,485,0.5,50.0,1.00217308377504,0.997148319846407,35513889.81770265,3.381847230416884,0.5013080740079847,-0.34841763731859876,-0.2506934186311316,-0.09796982258494236,-1.1550651316962757,4.344921901910347,96.90721649484536,0,2,0.19794641526857532
50,24,72,168,0.25,U/USDG Pancake v3 1bp,0x090f2f033c16fe92e28f0204435590548aedc3f0,485,0.5,75.0,1.00217308377504,0.997148319846407,35513889.81770265,1.690828113163939,0.2505002045382532,-0.3627840887888145,-0.2506934186311316,-0.11237238031950314,-1.1579293819842351,4.349184412570114,96.90721649484536,0,1,0.19794641526857532
50,24,72,720,1.0,U/USDG Pancake v3 1bp,0x090f2f033c16fe92e28f0204435590548aedc3f0,485,0.5,0.0,1.00217308377504,0.997148319846407,35513889.81770265,6.7631055129331985,0.0,-0.3095375948064416,-0.2506934186311316,-0.05899206540078694,-1.141618416643475,4.344854957598914,96.90721649484536,0,0,0.19794641526857532
50,24,72,720,0.5,U/USDG Pancake v3 1bp,0x090f2f033c16fe92e28f0204435590548aedc3f0,485,0.5,50.0,1.00217308377504,0.997148319846407,35513889.81770265,3.3815527564665993,0.0,-0.34335312237110394,-0.2506934186311316,-0.0928925793227342,-1.1524923390858088,4.347400863530553,96.90721649484536,0,0,0.19794641526857532
50,24,72,720,0.25,U/USDG Pancake v3 1bp,0x090f2f033c16fe92e28f0204435590548aedc3f0,485,0.5,75.0,1.00217308377504,0.997148319846407,35513889.81770265,1.6907763782332996,0.0,-0.36026088615345175,-0.2506934186311316,-0.10984283628372449,-1.1579293819842351,4.348703100187459,96.90721649484536,0,0,0.19794641526857532
50,24,168,24,1.0,U/USDG Pancake v3 1bp,0x090f2f033c16fe92e28f0204435590548aedc3f0,485,0.5,0.0,1.00217308377504,0.997148319846407,35513889.81770265,6.764585511907653,1.5031231328948027,-0.3246507535313192,-0.2506934186311316,-0.07414320704060007,-1.1467404143205129,4.33813698706787,96.90721649484536,0,6,0.19794641526857532
50,24,168,24,0.5,U/USDG Pancake v3 1bp,0x090f2f033c16fe92e28f0204435590548aedc3f0,485,0.5,50.0,1.00217308377504,0.997148319846407,35513889.81770265,3.3818633265774336,0.7515142650695994,-0.3509017186856034,-0.2506934186311316,-0.10046014703143369,-1.1550522795813034,4.352653801697085,96.90721649484536,0,3,0.19794641526857532
50,24,168,24,0.25,U/USDG Pancake v3 1bp,0x090f2f033c16fe92e28f0204435590548aedc3f0,485,0.5,75.0,1.00217308377504,0.997148319846407,35513889.81770265,1.690828113163939,0.2505002045382532,-0.3627840887888145,-0.2506934186311316,-0.11237238031950314,-1.1579293819842351,4.349184412570114,96.90721649484536,0,1,0.19794641526857532
50,24,168,168,1.0,U/USDG Pancake v3 1bp,0x090f2f033c16fe92e28f0204435590548aedc3f0,485,0.5,0.0,1.00217308377504,0.997148319846407,35513889.81770265,6.764432649513371,0.5026163170574693,-0.314671197493277,-0.2506934186311316,-0.06413857003604306,-1.1442862706622203,4.342804735040255,96.90721649484536,0,2,0.19794641526857532
50,24,168,168,0.5,U/USDG Pancake v3 1bp,0x090f2f033c16fe92e28f0204435590548aedc3f0,485,0.5,50.0,1.00217308377504,0.997148319846407,35513889.81770265,3.381847230416884,0.5013080740079847,-0.34841763731859876,-0.2506934186311316,-0.09796982258494236,-1.1550651316962757,4.344921901910347,96.90721649484536,0,2,0.19794641526857532
50,24,168,168,0.25,U/USDG Pancake v3 1bp,0x090f2f033c16fe92e28f0204435590548aedc3f0,485,0.5,75.0,1.00217308377504,0.997148319846407,35513889.81770265,1.690828113163939,0.2505002045382532,-0.3627840887888145,-0.2506934186311316,-0.11237238031950314,-1.1579293819842351,4.349184412570114,96.90721649484536,0,1,0.19794641526857532
50,24,168,720,1.0,U/USDG Pancake v3 1bp,0x090f2f033c16fe92e28f0204435590548aedc3f0,485,0.5,0.0,1.00217308377504,0.997148319846407,35513889.81770265,6.7631055129331985,0.0,-0.3095375948064416,-0.2506934186311316,-0.05899206540078694,-1.141618416643475,4.344854957598914,96.90721649484536,0,0,0.19794641526857532
50,24,168,720,0.5,U/USDG Pancake v3 1bp,0x090f2f033c16fe92e28f0204435590548aedc3f0,485,0.5,50.0,1.00217308377504,0.997148319846407,35513889.81770265,3.3815527564665993,0.0,-0.34335312237110394,-0.2506934186311316,-0.0928925793227342,-1.1524923390858088,4.347400863530553,96.90721649484536,0,0,0.19794641526857532
50,24,168,720,0.25,U/USDG Pancake v3 1bp,0x090f2f033c16fe92e28f0204435590548aedc3f0,485,0.5,75.0,1.00217308377504,0.997148319846407,35513889.81770265,1.6907763782332996,0.0,-0.36026088615345175,-0.2506934186311316,-0.10984283628372449,-1.1579293819842351,4.348703100187459,96.90721649484536,0,0,0.19794641526857532
100,1,24,24,1.0,U/USDG Pancake v3 1bp,0x090f2f033c16fe92e28f0204435590548aedc3f0,485,1.0,0.0,1.00217308377504,0.997148319846407,35513889.81770265,3.256156709116742,74.34573072793972,-3.082918073422347,-0.2506934186311316,-2.839342700072689,-3.3536489923223,7.371783611820846,92.98969072164948,7,1,0.09944056387785084
100,1,24,24,0.5,U/USDG Pancake v3 1bp,0x090f2f033c16fe92e28f0204435590548aedc3f0,485,1.0,50.0,1.00217308377504,0.997148319846407,35513889.81770265,1.627974442648771,74.09051106295964,-3.0965407130685185,-0.2506934186311316,-2.8529995766095273,-3.3666661771634465,7.368502013615283,92.98969072164948,7,0,0.09944056387785084
100,1,24,24,0.25,U/USDG Pancake v3 1bp,0x090f2f033c16fe92e28f0204435590548aedc3f0,485,1.0,75.0,1.00217308377504,0.997148319846407,35513889.81770265,0.8139640512577316,74.08778159845534,-3.104582828568514,-0.2506934186311316,-2.8610619038332508,-3.3744021952100023,7.366949001662102,92.98969072164948,7,0,0.09944056387785084
100,1,24,168,1.0,U/USDG Pancake v3 1bp,0x090f2f033c16fe92e28f0204435590548aedc3f0,485,1.0,0.0,1.00217308377504,0.997148319846407,35513889.81770265,3.256156709116742,74.34573072793972,-3.082918073422347,-0.2506934186311316,-2.839342700072689,-3.3536489923223,7.371783611820846,92.98969072164948,7,1,0.09944056387785084
100,1,24,168,0.5,U/USDG Pancake v3 1bp,0x090f2f033c16fe92e28f0204435590548aedc3f0,485,1.0,50.0,1.00217308377504,0.997148319846407,35513889.81770265,1.627974442648771,74.09051106295964,-3.0965407130685185,-0.2506934186311316,-2.8529995766095273,-3.3666661771634465,7.368502013615283,92.98969072164948,7,0,0.09944056387785084
100,1,24,168,0.25,U/USDG Pancake v3 1bp,0x090f2f033c16fe92e28f0204435590548aedc3f0,485,1.0,75.0,1.00217308377504,0.997148319846407,35513889.81770265,0.8139640512577316,74.08778159845534,-3.104582828568514,-0.2506934186311316,-2.8610619038332508,-3.3744021952100023,7.366949001662102,92.98969072164948,7,0,0.09944056387785084
100,1,24,720,1.0,U/USDG Pancake v3 1bp,0x090f2f033c16fe92e28f0204435590548aedc3f0,485,1.0,0.0,1.00217308377504,0.997148319846407,35513889.81770265,3.256134252744203,74.09597028858997,-3.0804551048002726,-0.2506934186311316,-2.8368735414324053,-3.351192903822442,7.371616892149523,92.98969072164948,7,0,0.09944056387785084
100,1,24,720,0.5,U/USDG Pancake v3 1bp,0x090f2f033c16fe92e28f0204435590548aedc3f0,485,1.0,50.0,1.00217308377504,0.997148319846407,35513889.81770265,1.627974442648771,74.09051106295964,-3.0965407130685185,-0.2506934186311316,-2.8529995766095273,-3.3666661771634465,7.368502013615283,92.98969072164948,7,0,0.09944056387785084
100,1,24,720,0.25,U/USDG Pancake v3 1bp,0x090f2f033c16fe92e28f0204435590548aedc3f0,485,1.0,75.0,1.00217308377504,0.997148319846407,35513889.81770265,0.8139640512577316,74.08778159845534,-3.104582828568514,-0.2506934186311316,-2.8610619038332508,-3.3744021952100023,7.366949001662102,92.98969072164948,7,0,0.09944056387785084
100,1,72,24,1.0,U/USDG Pancake v3 1bp,0x090f2f033c16fe92e28f0204435590548aedc3f0,485,1.0,0.0,1.00217308377504,0.997148319846407,35513889.81770265,2.8076236607698912,42.913152266363866,-1.9335695156423527,-0.2506934186311316,-1.6871055596145434,-2.207511055424527,7.0348435199703,84.74226804123711,4,1,0.09944056387785084
100,1,72,24,0.5,U/USDG Pancake v3 1bp,0x090f2f033c16fe92e28f0204435590548aedc3f0,485,1.0,50.0,1.00217308377504,0.997148319846407,35513889.81770265,1.403746599077634,42.66083991353659,-1.945012824756709,-0.2506934186311316,-1.6985776284504484,-2.218348255919189,7.035378380705875,84.74226804123711,4,0,0.09944056387785084
100,1,72,24,0.25,U/USDG Pancake v3 1bp,0x090f2f033c16fe92e28f0204435590548aedc3f0,485,1.0,75.0,1.00217308377504,0.997148319846407,35513889.81770265,0.7018598234208855,42.65968116274139,-1.9519915955955147,-0.2506934186311316,-1.7055739385782975,-2.225020519504184,7.035210777399718,84.74226804123711,4,0,0.09944056387785084
100,1,72,168,1.0,U/USDG Pancake v3 1bp,0x090f2f033c16fe92e28f0204435590548aedc3f0,485,1.0,0.0,1.00217308377504,0.997148319846407,35513889.81770265,2.8076236607698912,42.913152266363866,-1.9335695156423527,-0.2506934186311316,-1.6871055596145434,-2.207511055424527,7.0348435199703,84.74226804123711,4,1,0.09944056387785084
100,1,72,168,0.5,U/USDG Pancake v3 1bp,0x090f2f033c16fe92e28f0204435590548aedc3f0,485,1.0,50.0,1.00217308377504,0.997148319846407,35513889.81770265,1.403746599077634,42.66083991353659,-1.945012824756709,-0.2506934186311316,-1.6985776284504484,-2.218348255919189,7.035378380705875,84.74226804123711,4,0,0.09944056387785084
100,1,72,168,0.25,U/USDG Pancake v3 1bp,0x090f2f033c16fe92e28f0204435590548aedc3f0,485,1.0,75.0,1.00217308377504,0.997148319846407,35513889.81770265,0.7018598234208855,42.65968116274139,-1.9519915955955147,-0.2506934186311316,-1.7055739385782975,-2.225020519504184,7.035210777399718,84.74226804123711,4,0,0.09944056387785084
100,1,72,720,1.0,U/USDG Pancake v3 1bp,0x090f2f033c16fe92e28f0204435590548aedc3f0,485,1.0,0.0,1.00217308377504,0.997148319846407,35513889.81770265,2.8076010085457934,42.66315748922806,-1.9310544786901862,-0.2506934186311316,-1.6845842017842338,-2.205003044043541,7.035725001163148,84.74226804123711,4,0,0.09944056387785084
100,1,72,720,0.5,U/USDG Pancake v3 1bp,0x090f2f033c16fe92e28f0204435590548aedc3f0,485,1.0,50.0,1.00217308377504,0.997148319846407,35513889.81770265,1.403746599077634,42.66083991353659,-1.945012824756709,-0.2506934186311316,-1.6985776284504484,-2.218348255919189,7.035378380705875,84.74226804123711,4,0,0.09944056387785084
100,1,72,720,0.25,U/USDG Pancake v3 1bp,0x090f2f033c16fe92e28f0204435590548aedc3f0,485,1.0,75.0,1.00217308377504,0.997148319846407,35513889.81770265,0.7018598234208855,42.65968116274139,-1.9519915955955147,-0.2506934186311316,-1.7055739385782975,-2.225020519504184,7.035210777399718,84.74226804123711,4,0,0.09944056387785084
100,1,168,24,1.0,U/USDG Pancake v3 1bp,0x090f2f033c16fe92e28f0204435590548aedc3f0,485,1.0,0.0,1.00217308377504,0.997148319846407,35513889.81770265,1.7429252156929558,21.681194150222744,-1.3407380159567217,-0.2506934186311316,-1.0927841352324719,-2.2270194289477407,7.224032888435519,65.15463917525773,2,1,0.09944056387785084
100,1,168,24,0.5,U/USDG Pancake v3 1bp,0x090f2f033c16fe92e28f0204435590548aedc3f0,485,1.0,50.0,1.00217308377504,0.997148319846407,35513889.81770265,0.8714342267992746,21.430593814910956,-1.3469062563685297,-0.2506934186311316,-1.0989678778801193,-2.2270194289477296,7.2235920806248615,65.15463917525773,2,0,0.09944056387785084
100,1,168,24,0.25,U/USDG Pancake v3 1bp,0x090f2f033c16fe92e28f0204435590548aedc3f0,485,1.0,75.0,1.00217308377504,0.997148319846407,35513889.81770265,0.4357160828186423,21.43054373816876,-1.3512594426571711,-0.2506934186311316,-1.1033320047476036,-2.2270194289477296,7.223221625014903,65.15463917525773,2,0,0.09944056387785084
100,1,168,168,1.0,U/USDG Pancake v3 1bp,0x090f2f033c16fe92e28f0204435590548aedc3f0,485,1.0,0.0,1.00217308377504,0.997148319846407,35513889.81770265,1.7429252156929558,21.681194150222744,-1.3407380159567217,-0.2506934186311316,-1.0927841352324719,-2.2270194289477407,7.224032888435519,65.15463917525773,2,1,0.09944056387785084
100,1,168,168,0.5,U/USDG Pancake v3 1bp,0x090f2f033c16fe92e28f0204435590548aedc3f0,485,1.0,50.0,1.00217308377504,0.997148319846407,35513889.81770265,0.8714342267992746,21.430593814910956,-1.3469062563685297,-0.2506934186311316,-1.0989678778801193,-2.2270194289477296,7.2235920806248615,65.15463917525773,2,0,0.09944056387785084
100,1,168,168,0.25,U/USDG Pancake v3 1bp,0x090f2f033c16fe92e28f0204435590548aedc3f0,485,1.0,75.0,1.00217308377504,0.997148319846407,35513889.81770265,0.4357160828186423,21.43054373816876,-1.3512594426571711,-0.2506934186311316,-1.1033320047476036,-2.2270194289477296,7.223221625014903,65.15463917525773,2,0,0.09944056387785084
100,1,168,720,1.0,U/USDG Pancake v3 1bp,0x090f2f033c16fe92e28f0204435590548aedc3f0,485,1.0,0.0,1.00217308377504,0.997148319846407,35513889.81770265,1.742876698246452,21.430693968395367,-1.3381998219563318,-0.2506934186311316,-1.0902395621548377,-2.2270194289477407,7.224340178534611,65.15463917525773,2,0,0.09944056387785084
100,1,168,720,0.5,U/USDG Pancake v3 1bp,0x090f2f033c16fe92e28f0204435590548aedc3f0,485,1.0,50.0,1.00217308377504,0.997148319846407,35513889.81770265,0.8714342267992746,21.430593814910956,-1.3469062563685297,-0.2506934186311316,-1.0989678778801193,-2.2270194289477296,7.2235920806248615,65.15463917525773,2,0,0.09944056387785084
100,1,168,720,0.25,U/USDG Pancake v3 1bp,0x090f2f033c16fe92e28f0204435590548aedc3f0,485,1.0,75.0,1.00217308377504,0.997148319846407,35513889.81770265,0.4357160828186423,21.43054373816876,-1.3512594426571711,-0.2506934186311316,-1.1033320047476036,-2.2270194289477296,7.223221625014903,65.15463917525773,2,0,0.09944056387785084
100,6,24,24,1.0,U/USDG Pancake v3 1bp,0x090f2f033c16fe92e28f0204435590548aedc3f0,485,1.0,0.0,1.00217308377504,0.997148319846407,35513889.81770265,3.511764050105973,0.7515142949733391,-0.286594911053184,-0.2506934186311316,-0.03599172129860051,-1.155005236753237,4.090999538581014,99.58762886597938,0,3,0.09944056387785084
100,6,24,24,0.5,U/USDG Pancake v3 1bp,0x090f2f033c16fe92e28f0204435590548aedc3f0,485,1.0,50.0,1.00217308377504,0.997148319846407,35513889.81770265,1.7557685616097927,0.25050010809964157,-0.2991311751797898,-0.2506934186311316,-0.048559491999222715,-1.1579104939272278,4.08956112064781,99.58762886597938,0,1,0.09944056387785084
100,6,24,24,0.25,U/USDG Pancake v3 1bp,0x090f2f033c16fe92e28f0204435590548aedc3f0,485,1.0,75.0,1.00217308377504,0.997148319846407,35513889.81770265,0.8778559488572019,0.0,-0.3053922459867686,-0.2506934186311316,-0.05483629834661663,-1.1606384797772318,4.088947439034391,99.58762886597938,0,0,0.09944056387785084
100,6,24,168,1.0,U/USDG Pancake v3 1bp,0x090f2f033c16fe92e28f0204435590548aedc3f0,485,1.0,0.0,1.00217308377504,0.997148319846407,35513889.81770265,3.5117449154314646,0.5013275995642905,-0.2841122669302254,-0.2506934186311316,-0.03350283770828799,-1.155016802100739,4.084519479700671,99.58762886597938,0,2,0.09944056387785084
100,6,24,168,0.5,U/USDG Pancake v3 1bp,0x090f2f033c16fe92e28f0204435590548aedc3f0,485,1.0,50.0,1.00217308377504,0.997148319846407,35513889.81770265,1.7557685616097927,0.25050010809964157,-0.2991311751797898,-0.2506934186311316,-0.048559491999222715,-1.1579104939272278,4.08956112064781,99.58762886597938,0,1,0.09944056387785084
100,6,24,168,0.25,U/USDG Pancake v3 1bp,0x090f2f033c16fe92e28f0204435590548aedc3f0,485,1.0,75.0,1.00217308377504,0.997148319846407,35513889.81770265,0.8778559488572019,0.0,-0.3053922459867686,-0.2506934186311316,-0.05483629834661663,-1.1606384797772318,4.088947439034391,99.58762886597938,0,0,0.09944056387785084
100,6,24,720,1.0,U/USDG Pancake v3 1bp,0x090f2f033c16fe92e28f0204435590548aedc3f0,485,1.0,0.0,1.00217308377504,0.997148319846407,35513889.81770265,3.5114237954288074,0.0,-0.279056567521041,-0.2506934186311316,-0.028434432139912147,-1.1524545633508243,4.086553312513673,99.58762886597938,0,0,0.09944056387785084
100,6,24,720,0.5,U/USDG Pancake v3 1bp,0x090f2f033c16fe92e28f0204435590548aedc3f0,485,1.0,50.0,1.00217308377504,0.997148319846407,35513889.81770265,1.7557118977144037,0.0,-0.29661368649818165,-0.2506934186311316,-0.046035676277711435,-1.1579104939272278,4.088144320404144,99.58762886597938,0,0,0.09944056387785084
100,6,24,720,0.25,U/USDG Pancake v3 1bp,0x090f2f033c16fe92e28f0204435590548aedc3f0,485,1.0,75.0,1.00217308377504,0.997148319846407,35513889.81770265,0.8778559488572019,0.0,-0.3053922459867686,-0.2506934186311316,-0.05483629834661663,-1.1606384797772318,4.088947439034391,99.58762886597938,0,0,0.09944056387785084
100,6,72,24,1.0,U/USDG Pancake v3 1bp,0x090f2f033c16fe92e28f0204435590548aedc3f0,485,1.0,0.0,1.00217308377504,0.997148319846407,35513889.81770265,3.511764050105973,0.7515142949733391,-0.286594911053184,-0.2506934186311316,-0.03599172129860051,-1.155005236753237,4.090999538581014,99.58762886597938,0,3,0.09944056387785084
100,6,72,24,0.5,U/USDG Pancake v3 1bp,0x090f2f033c16fe92e28f0204435590548aedc3f0,485,1.0,50.0,1.00217308377504,0.997148319846407,35513889.81770265,1.7557685616097927,0.25050010809964157,-0.2991311751797898,-0.2506934186311316,-0.048559491999222715,-1.1579104939272278,4.08956112064781,99.58762886597938,0,1,0.09944056387785084
100,6,72,24,0.25,U/USDG Pancake v3 1bp,0x090f2f033c16fe92e28f0204435590548aedc3f0,485,1.0,75.0,1.00217308377504,0.997148319846407,35513889.81770265,0.8778559488572019,0.0,-0.3053922459867686,-0.2506934186311316,-0.05483629834661663,-1.1606384797772318,4.088947439034391,99.58762886597938,0,0,0.09944056387785084
100,6,72,168,1.0,U/USDG Pancake v3 1bp,0x090f2f033c16fe92e28f0204435590548aedc3f0,485,1.0,0.0,1.00217308377504,0.997148319846407,35513889.81770265,3.5117449154314646,0.5013275995642905,-0.2841122669302254,-0.2506934186311316,-0.03350283770828799,-1.155016802100739,4.084519479700671,99.58762886597938,0,2,0.09944056387785084
100,6,72,168,0.5,U/USDG Pancake v3 1bp,0x090f2f033c16fe92e28f0204435590548aedc3f0,485,1.0,50.0,1.00217308377504,0.997148319846407,35513889.81770265,1.7557685616097927,0.25050010809964157,-0.2991311751797898,-0.2506934186311316,-0.048559491999222715,-1.1579104939272278,4.08956112064781,99.58762886597938,0,1,0.09944056387785084
100,6,72,168,0.25,U/USDG Pancake v3 1bp,0x090f2f033c16fe92e28f0204435590548aedc3f0,485,1.0,75.0,1.00217308377504,0.997148319846407,35513889.81770265,0.8778559488572019,0.0,-0.3053922459867686,-0.2506934186311316,-0.05483629834661663,-1.1606384797772318,4.088947439034391,99.58762886597938,0,0,0.09944056387785084
100,6,72,720,1.0,U/USDG Pancake v3 1bp,0x090f2f033c16fe92e28f0204435590548aedc3f0,485,1.0,0.0,1.00217308377504,0.997148319846407,35513889.81770265,3.5114237954288074,0.0,-0.279056567521041,-0.2506934186311316,-0.028434432139912147,-1.1524545633508243,4.086553312513673,99.58762886597938,0,0,0.09944056387785084
100,6,72,720,0.5,U/USDG Pancake v3 1bp,0x090f2f033c16fe92e28f0204435590548aedc3f0,485,1.0,50.0,1.00217308377504,0.997148319846407,35513889.81770265,1.7557118977144037,0.0,-0.29661368649818165,-0.2506934186311316,-0.046035676277711435,-1.1579104939272278,4.088144320404144,99.58762886597938,0,0,0.09944056387785084
100,6,72,720,0.25,U/USDG Pancake v3 1bp,0x090f2f033c16fe92e28f0204435590548aedc3f0,485,1.0,75.0,1.00217308377504,0.997148319846407,35513889.81770265,0.8778559488572019,0.0,-0.3053922459867686,-0.2506934186311316,-0.05483629834661663,-1.1606384797772318,4.088947439034391,99.58762886597938,0,0,0.09944056387785084
100,6,168,24,1.0,U/USDG Pancake v3 1bp,0x090f2f033c16fe92e28f0204435590548aedc3f0,485,1.0,0.0,1.00217308377504,0.997148319846407,35513889.81770265,3.511764050105973,0.7515142949733391,-0.286594911053184,-0.2506934186311316,-0.03599172129860051,-1.155005236753237,4.090999538581014,99.58762886597938,0,3,0.09944056387785084
100,6,168,24,0.5,U/USDG Pancake v3 1bp,0x090f2f033c16fe92e28f0204435590548aedc3f0,485,1.0,50.0,1.00217308377504,0.997148319846407,35513889.81770265,1.7557685616097927,0.25050010809964157,-0.2991311751797898,-0.2506934186311316,-0.048559491999222715,-1.1579104939272278,4.08956112064781,99.58762886597938,0,1,0.09944056387785084
100,6,168,24,0.25,U/USDG Pancake v3 1bp,0x090f2f033c16fe92e28f0204435590548aedc3f0,485,1.0,75.0,1.00217308377504,0.997148319846407,35513889.81770265,0.8778559488572019,0.0,-0.3053922459867686,-0.2506934186311316,-0.05483629834661663,-1.1606384797772318,4.088947439034391,99.58762886597938,0,0,0.09944056387785084
100,6,168,168,1.0,U/USDG Pancake v3 1bp,0x090f2f033c16fe92e28f0204435590548aedc3f0,485,1.0,0.0,1.00217308377504,0.997148319846407,35513889.81770265,3.5117449154314646,0.5013275995642905,-0.2841122669302254,-0.2506934186311316,-0.03350283770828799,-1.155016802100739,4.084519479700671,99.58762886597938,0,2,0.09944056387785084
100,6,168,168,0.5,U/USDG Pancake v3 1bp,0x090f2f033c16fe92e28f0204435590548aedc3f0,485,1.0,50.0,1.00217308377504,0.997148319846407,35513889.81770265,1.7557685616097927,0.25050010809964157,-0.2991311751797898,-0.2506934186311316,-0.048559491999222715,-1.1579104939272278,4.08956112064781,99.58762886597938,0,1,0.09944056387785084
100,6,168,168,0.25,U/USDG Pancake v3 1bp,0x090f2f033c16fe92e28f0204435590548aedc3f0,485,1.0,75.0,1.00217308377504,0.997148319846407,35513889.81770265,0.8778559488572019,0.0,-0.3053922459867686,-0.2506934186311316,-0.05483629834661663,-1.1606384797772318,4.088947439034391,99.58762886597938,0,0,0.09944056387785084
100,6,168,720,1.0,U/USDG Pancake v3 1bp,0x090f2f033c16fe92e28f0204435590548aedc3f0,485,1.0,0.0,1.00217308377504,0.997148319846407,35513889.81770265,3.5114237954288074,0.0,-0.279056567521041,-0.2506934186311316,-0.028434432139912147,-1.1524545633508243,4.086553312513673,99.58762886597938,0,0,0.09944056387785084
100,6,168,720,0.5,U/USDG Pancake v3 1bp,0x090f2f033c16fe92e28f0204435590548aedc3f0,485,1.0,50.0,1.00217308377504,0.997148319846407,35513889.81770265,1.7557118977144037,0.0,-0.29661368649818165,-0.2506934186311316,-0.046035676277711435,-1.1579104939272278,4.088144320404144,99.58762886597938,0,0,0.09944056387785084
100,6,168,720,0.25,U/USDG Pancake v3 1bp,0x090f2f033c16fe92e28f0204435590548aedc3f0,485,1.0,75.0,1.00217308377504,0.997148319846407,35513889.81770265,0.8778559488572019,0.0,-0.3053922459867686,-0.2506934186311316,-0.05483629834661663,-1.1606384797772318,4.088947439034391,99.58762886597938,0,0,0.09944056387785084
100,24,24,24,1.0,U/USDG Pancake v3 1bp,0x090f2f033c16fe92e28f0204435590548aedc3f0,485,1.0,0.0,1.00217308377504,0.997148319846407,35513889.81770265,3.511764050105973,0.7515142949733391,-0.286594911053184,-0.2506934186311316,-0.03599172129860051,-1.155005236753237,4.090999538581014,99.58762886597938,0,3,0.09944056387785084
100,24,24,24,0.5,U/USDG Pancake v3 1bp,0x090f2f033c16fe92e28f0204435590548aedc3f0,485,1.0,50.0,1.00217308377504,0.997148319846407,35513889.81770265,1.7557685616097927,0.25050010809964157,-0.2991311751797898,-0.2506934186311316,-0.048559491999222715,-1.1579104939272278,4.08956112064781,99.58762886597938,0,1,0.09944056387785084
100,24,24,24,0.25,U/USDG Pancake v3 1bp,0x090f2f033c16fe92e28f0204435590548aedc3f0,485,1.0,75.0,1.00217308377504,0.997148319846407,35513889.81770265,0.8778559488572019,0.0,-0.3053922459867686,-0.2506934186311316,-0.05483629834661663,-1.1606384797772318,4.088947439034391,99.58762886597938,0,0,0.09944056387785084
100,24,24,168,1.0,U/USDG Pancake v3 1bp,0x090f2f033c16fe92e28f0204435590548aedc3f0,485,1.0,0.0,1.00217308377504,0.997148319846407,35513889.81770265,3.5117449154314646,0.5013275995642905,-0.2841122669302254,-0.2506934186311316,-0.03350283770828799,-1.155016802100739,4.084519479700671,99.58762886597938,0,2,0.09944056387785084
100,24,24,168,0.5,U/USDG Pancake v3 1bp,0x090f2f033c16fe92e28f0204435590548aedc3f0,485,1.0,50.0,1.00217308377504,0.997148319846407,35513889.81770265,1.7557685616097927,0.25050010809964157,-0.2991311751797898,-0.2506934186311316,-0.048559491999222715,-1.1579104939272278,4.08956112064781,99.58762886597938,0,1,0.09944056387785084
100,24,24,168,0.25,U/USDG Pancake v3 1bp,0x090f2f033c16fe92e28f0204435590548aedc3f0,485,1.0,75.0,1.00217308377504,0.997148319846407,35513889.81770265,0.8778559488572019,0.0,-0.3053922459867686,-0.2506934186311316,-0.05483629834661663,-1.1606384797772318,4.088947439034391,99.58762886597938,0,0,0.09944056387785084
100,24,24,720,1.0,U/USDG Pancake v3 1bp,0x090f2f033c16fe92e28f0204435590548aedc3f0,485,1.0,0.0,1.00217308377504,0.997148319846407,35513889.81770265,3.5114237954288074,0.0,-0.279056567521041,-0.2506934186311316,-0.028434432139912147,-1.1524545633508243,4.086553312513673,99.58762886597938,0,0,0.09944056387785084
100,24,24,720,0.5,U/USDG Pancake v3 1bp,0x090f2f033c16fe92e28f0204435590548aedc3f0,485,1.0,50.0,1.00217308377504,0.997148319846407,35513889.81770265,1.7557118977144037,0.0,-0.29661368649818165,-0.2506934186311316,-0.046035676277711435,-1.1579104939272278,4.088144320404144,99.58762886597938,0,0,0.09944056387785084
100,24,24,720,0.25,U/USDG Pancake v3 1bp,0x090f2f033c16fe92e28f0204435590548aedc3f0,485,1.0,75.0,1.00217308377504,0.997148319846407,35513889.81770265,0.8778559488572019,0.0,-0.3053922459867686,-0.2506934186311316,-0.05483629834661663,-1.1606384797772318,4.088947439034391,99.58762886597938,0,0,0.09944056387785084
100,24,72,24,1.0,U/USDG Pancake v3 1bp,0x090f2f033c16fe92e28f0204435590548aedc3f0,485,1.0,0.0,1.00217308377504,0.997148319846407,35513889.81770265,3.511764050105973,0.7515142949733391,-0.286594911053184,-0.2506934186311316,-0.03599172129860051,-1.155005236753237,4.090999538581014,99.58762886597938,0,3,0.09944056387785084
100,24,72,24,0.5,U/USDG Pancake v3 1bp,0x090f2f033c16fe92e28f0204435590548aedc3f0,485,1.0,50.0,1.00217308377504,0.997148319846407,35513889.81770265,1.7557685616097927,0.25050010809964157,-0.2991311751797898,-0.2506934186311316,-0.048559491999222715,-1.1579104939272278,4.08956112064781,99.58762886597938,0,1,0.09944056387785084
100,24,72,24,0.25,U/USDG Pancake v3 1bp,0x090f2f033c16fe92e28f0204435590548aedc3f0,485,1.0,75.0,1.00217308377504,0.997148319846407,35513889.81770265,0.8778559488572019,0.0,-0.3053922459867686,-0.2506934186311316,-0.05483629834661663,-1.1606384797772318,4.088947439034391,99.58762886597938,0,0,0.09944056387785084
100,24,72,168,1.0,U/USDG Pancake v3 1bp,0x090f2f033c16fe92e28f0204435590548aedc3f0,485,1.0,0.0,1.00217308377504,0.997148319846407,35513889.81770265,3.5117449154314646,0.5013275995642905,-0.2841122669302254,-0.2506934186311316,-0.03350283770828799,-1.155016802100739,4.084519479700671,99.58762886597938,0,2,0.09944056387785084
100,24,72,168,0.5,U/USDG Pancake v3 1bp,0x090f2f033c16fe92e28f0204435590548aedc3f0,485,1.0,50.0,1.00217308377504,0.997148319846407,35513889.81770265,1.7557685616097927,0.25050010809964157,-0.2991311751797898,-0.2506934186311316,-0.048559491999222715,-1.1579104939272278,4.08956112064781,99.58762886597938,0,1,0.09944056387785084
100,24,72,168,0.25,U/USDG Pancake v3 1bp,0x090f2f033c16fe92e28f0204435590548aedc3f0,485,1.0,75.0,1.00217308377504,0.997148319846407,35513889.81770265,0.8778559488572019,0.0,-0.3053922459867686,-0.2506934186311316,-0.05483629834661663,-1.1606384797772318,4.088947439034391,99.58762886597938,0,0,0.09944056387785084
100,24,72,720,1.0,U/USDG Pancake v3 1bp,0x090f2f033c16fe92e28f0204435590548aedc3f0,485,1.0,0.0,1.00217308377504,0.997148319846407,35513889.81770265,3.5114237954288074,0.0,-0.279056567521041,-0.2506934186311316,-0.028434432139912147,-1.1524545633508243,4.086553312513673,99.58762886597938,0,0,0.09944056387785084
100,24,72,720,0.5,U/USDG Pancake v3 1bp,0x090f2f033c16fe92e28f0204435590548aedc3f0,485,1.0,50.0,1.00217308377504,0.997148319846407,35513889.81770265,1.7557118977144037,0.0,-0.29661368649818165,-0.2506934186311316,-0.046035676277711435,-1.1579104939272278,4.088144320404144,99.58762886597938,0,0,0.09944056387785084
100,24,72,720,0.25,U/USDG Pancake v3 1bp,0x090f2f033c16fe92e28f0204435590548aedc3f0,485,1.0,75.0,1.00217308377504,0.997148319846407,35513889.81770265,0.8778559488572019,0.0,-0.3053922459867686,-0.2506934186311316,-0.05483629834661663,-1.1606384797772318,4.088947439034391,99.58762886597938,0,0,0.09944056387785084
100,24,168,24,1.0,U/USDG Pancake v3 1bp,0x090f2f033c16fe92e28f0204435590548aedc3f0,485,1.0,0.0,1.00217308377504,0.997148319846407,35513889.81770265,3.511764050105973,0.7515142949733391,-0.286594911053184,-0.2506934186311316,-0.03599172129860051,-1.155005236753237,4.090999538581014,99.58762886597938,0,3,0.09944056387785084
100,24,168,24,0.5,U/USDG Pancake v3 1bp,0x090f2f033c16fe92e28f0204435590548aedc3f0,485,1.0,50.0,1.00217308377504,0.997148319846407,35513889.81770265,1.7557685616097927,0.25050010809964157,-0.2991311751797898,-0.2506934186311316,-0.048559491999222715,-1.1579104939272278,4.08956112064781,99.58762886597938,0,1,0.09944056387785084
100,24,168,24,0.25,U/USDG Pancake v3 1bp,0x090f2f033c16fe92e28f0204435590548aedc3f0,485,1.0,75.0,1.00217308377504,0.997148319846407,35513889.81770265,0.8778559488572019,0.0,-0.3053922459867686,-0.2506934186311316,-0.05483629834661663,-1.1606384797772318,4.088947439034391,99.58762886597938,0,0,0.09944056387785084
100,24,168,168,1.0,U/USDG Pancake v3 1bp,0x090f2f033c16fe92e28f0204435590548aedc3f0,485,1.0,0.0,1.00217308377504,0.997148319846407,35513889.81770265,3.5117449154314646,0.5013275995642905,-0.2841122669302254,-0.2506934186311316,-0.03350283770828799,-1.155016802100739,4.084519479700671,99.58762886597938,0,2,0.09944056387785084
100,24,168,168,0.5,U/USDG Pancake v3 1bp,0x090f2f033c16fe92e28f0204435590548aedc3f0,485,1.0,50.0,1.00217308377504,0.997148319846407,35513889.81770265,1.7557685616097927,0.25050010809964157,-0.2991311751797898,-0.2506934186311316,-0.048559491999222715,-1.1579104939272278,4.08956112064781,99.58762886597938,0,1,0.09944056387785084
100,24,168,168,0.25,U/USDG Pancake v3 1bp,0x090f2f033c16fe92e28f0204435590548aedc3f0,485,1.0,75.0,1.00217308377504,0.997148319846407,35513889.81770265,0.8778559488572019,0.0,-0.3053922459867686,-0.2506934186311316,-0.05483629834661663,-1.1606384797772318,4.088947439034391,99.58762886597938,0,0,0.09944056387785084
100,24,168,720,1.0,U/USDG Pancake v3 1bp,0x090f2f033c16fe92e28f0204435590548aedc3f0,485,1.0,0.0,1.00217308377504,0.997148319846407,35513889.81770265,3.5114237954288074,0.0,-0.279056567521041,-0.2506934186311316,-0.028434432139912147,-1.1524545633508243,4.086553312513673,99.58762886597938,0,0,0.09944056387785084
100,24,168,720,0.5,U/USDG Pancake v3 1bp,0x090f2f033c16fe92e28f0204435590548aedc3f0,485,1.0,50.0,1.00217308377504,0.997148319846407,35513889.81770265,1.7557118977144037,0.0,-0.29661368649818165,-0.2506934186311316,-0.046035676277711435,-1.1579104939272278,4.088144320404144,99.58762886597938,0,0,0.09944056387785084
100,24,168,720,0.25,U/USDG Pancake v3 1bp,0x090f2f033c16fe92e28f0204435590548aedc3f0,485,1.0,75.0,1.00217308377504,0.997148319846407,35513889.81770265,0.8778559488572019,0.0,-0.3053922459867686,-0.2506934186311316,-0.05483629834661663,-1.1606384797772318,4.088947439034391,99.58762886597938,0,0,0.09944056387785084
200,1,24,24,1.0,U/USDG Pancake v3 1bp,0x090f2f033c16fe92e28f0204435590548aedc3f0,485,2.0,0.0,1.00217308377504,0.997148319846407,35513889.81770265,1.7798096341589391,0.2505008598497272,-0.26738851984228207,-0.2506934186311316,-0.01673705991883656,-1.1873024885917016,4.602523920352438,100.0,0,1,0.050114227630270285
200,1,24,24,0.5,U/USDG Pancake v3 1bp,0x090f2f033c16fe92e28f0204435590548aedc3f0,485,2.0,50.0,1.00217308377504,0.997148319846407,35513889.81770265,0.8898755791803457,0.0,-0.27376904203519903,-0.2506934186311316,-0.023133617861548217,-1.1900541781613594,4.602105605195014,100.0,0,0,0.050114227630270285
200,1,24,24,0.25,U/USDG Pancake v3 1bp,0x090f2f033c16fe92e28f0204435590548aedc3f0,485,2.0,75.0,1.00217308377504,0.997148319846407,35513889.81770265,0.4449377895901728,0.0,-0.27821841993108665,-0.2506934186311316,-0.027594178088352628,-1.1914300290621127,4.602485012615797,100.0,0,0,0.050114227630270285
200,1,24,168,1.0,U/USDG Pancake v3 1bp,0x090f2f033c16fe92e28f0204435590548aedc3f0,485,2.0,0.0,1.00217308377504,0.997148319846407,35513889.81770265,1.7798096341589391,0.2505008598497272,-0.26738851984228207,-0.2506934186311316,-0.01673705991883656,-1.1873024885917016,4.602523920352438,100.0,0,1,0.050114227630270285
200,1,24,168,0.5,U/USDG Pancake v3 1bp,0x090f2f033c16fe92e28f0204435590548aedc3f0,485,2.0,50.0,1.00217308377504,0.997148319846407,35513889.81770265,0.8898755791803457,0.0,-0.27376904203519903,-0.2506934186311316,-0.023133617861548217,-1.1900541781613594,4.602105605195014,100.0,0,0,0.050114227630270285
200,1,24,168,0.25,U/USDG Pancake v3 1bp,0x090f2f033c16fe92e28f0204435590548aedc3f0,485,2.0,75.0,1.00217308377504,0.997148319846407,35513889.81770265,0.4449377895901728,0.0,-0.27821841993108665,-0.2506934186311316,-0.027594178088352628,-1.1914300290621127,4.602485012615797,100.0,0,0,0.050114227630270285
200,1,24,720,1.0,U/USDG Pancake v3 1bp,0x090f2f033c16fe92e28f0204435590548aedc3f0,485,2.0,0.0,1.00217308377504,0.997148319846407,35513889.81770265,1.7797511583606913,0.0,-0.2648702862433905,-0.2506934186311316,-0.014212497407883884,-1.1873024885917016,4.601350145338675,100.0,0,0,0.050114227630270285
200,1,24,720,0.5,U/USDG Pancake v3 1bp,0x090f2f033c16fe92e28f0204435590548aedc3f0,485,2.0,50.0,1.00217308377504,0.997148319846407,35513889.81770265,0.8898755791803457,0.0,-0.27376904203519903,-0.2506934186311316,-0.023133617861548217,-1.1900541781613594,4.602105605195014,100.0,0,0,0.050114227630270285
200,1,24,720,0.25,U/USDG Pancake v3 1bp,0x090f2f033c16fe92e28f0204435590548aedc3f0,485,2.0,75.0,1.00217308377504,0.997148319846407,35513889.81770265,0.4449377895901728,0.0,-0.27821841993108665,-0.2506934186311316,-0.027594178088352628,-1.1914300290621127,4.602485012615797,100.0,0,0,0.050114227630270285
200,1,72,24,1.0,U/USDG Pancake v3 1bp,0x090f2f033c16fe92e28f0204435590548aedc3f0,485,2.0,0.0,1.00217308377504,0.997148319846407,35513889.81770265,1.7798096341589391,0.2505008598497272,-0.26738851984228207,-0.2506934186311316,-0.01673705991883656,-1.1873024885917016,4.602523920352438,100.0,0,1,0.050114227630270285
200,1,72,24,0.5,U/USDG Pancake v3 1bp,0x090f2f033c16fe92e28f0204435590548aedc3f0,485,2.0,50.0,1.00217308377504,0.997148319846407,35513889.81770265,0.8898755791803457,0.0,-0.27376904203519903,-0.2506934186311316,-0.023133617861548217,-1.1900541781613594,4.602105605195014,100.0,0,0,0.050114227630270285
200,1,72,24,0.25,U/USDG Pancake v3 1bp,0x090f2f033c16fe92e28f0204435590548aedc3f0,485,2.0,75.0,1.00217308377504,0.997148319846407,35513889.81770265,0.4449377895901728,0.0,-0.27821841993108665,-0.2506934186311316,-0.027594178088352628,-1.1914300290621127,4.602485012615797,100.0,0,0,0.050114227630270285
200,1,72,168,1.0,U/USDG Pancake v3 1bp,0x090f2f033c16fe92e28f0204435590548aedc3f0,485,2.0,0.0,1.00217308377504,0.997148319846407,35513889.81770265,1.7798096341589391,0.2505008598497272,-0.26738851984228207,-0.2506934186311316,-0.01673705991883656,-1.1873024885917016,4.602523920352438,100.0,0,1,0.050114227630270285
200,1,72,168,0.5,U/USDG Pancake v3 1bp,0x090f2f033c16fe92e28f0204435590548aedc3f0,485,2.0,50.0,1.00217308377504,0.997148319846407,35513889.81770265,0.8898755791803457,0.0,-0.27376904203519903,-0.2506934186311316,-0.023133617861548217,-1.1900541781613594,4.602105605195014,100.0,0,0,0.050114227630270285
200,1,72,168,0.25,U/USDG Pancake v3 1bp,0x090f2f033c16fe92e28f0204435590548aedc3f0,485,2.0,75.0,1.00217308377504,0.997148319846407,35513889.81770265,0.4449377895901728,0.0,-0.27821841993108665,-0.2506934186311316,-0.027594178088352628,-1.1914300290621127,4.602485012615797,100.0,0,0,0.050114227630270285
200,1,72,720,1.0,U/USDG Pancake v3 1bp,0x090f2f033c16fe92e28f0204435590548aedc3f0,485,2.0,0.0,1.00217308377504,0.997148319846407,35513889.81770265,1.7797511583606913,0.0,-0.2648702862433905,-0.2506934186311316,-0.014212497407883884,-1.1873024885917016,4.601350145338675,100.0,0,0,0.050114227630270285
200,1,72,720,0.5,U/USDG Pancake v3 1bp,0x090f2f033c16fe92e28f0204435590548aedc3f0,485,2.0,50.0,1.00217308377504,0.997148319846407,35513889.81770265,0.8898755791803457,0.0,-0.27376904203519903,-0.2506934186311316,-0.023133617861548217,-1.1900541781613594,4.602105605195014,100.0,0,0,0.050114227630270285
200,1,72,720,0.25,U/USDG Pancake v3 1bp,0x090f2f033c16fe92e28f0204435590548aedc3f0,485,2.0,75.0,1.00217308377504,0.997148319846407,35513889.81770265,0.4449377895901728,0.0,-0.27821841993108665,-0.2506934186311316,-0.027594178088352628,-1.1914300290621127,4.602485012615797,100.0,0,0,0.050114227630270285
200,1,168,24,1.0,U/USDG Pancake v3 1bp,0x090f2f033c16fe92e28f0204435590548aedc3f0,485,2.0,0.0,1.00217308377504,0.997148319846407,35513889.81770265,1.7798096341589391,0.2505008598497272,-0.26738851984228207,-0.2506934186311316,-0.01673705991883656,-1.1873024885917016,4.602523920352438,100.0,0,1,0.050114227630270285
200,1,168,24,0.5,U/USDG Pancake v3 1bp,0x090f2f033c16fe92e28f0204435590548aedc3f0,485,2.0,50.0,1.00217308377504,0.997148319846407,35513889.81770265,0.8898755791803457,0.0,-0.27376904203519903,-0.2506934186311316,-0.023133617861548217,-1.1900541781613594,4.602105605195014,100.0,0,0,0.050114227630270285
200,1,168,24,0.25,U/USDG Pancake v3 1bp,0x090f2f033c16fe92e28f0204435590548aedc3f0,485,2.0,75.0,1.00217308377504,0.997148319846407,35513889.81770265,0.4449377895901728,0.0,-0.27821841993108665,-0.2506934186311316,-0.027594178088352628,-1.1914300290621127,4.602485012615797,100.0,0,0,0.050114227630270285
200,1,168,168,1.0,U/USDG Pancake v3 1bp,0x090f2f033c16fe92e28f0204435590548aedc3f0,485,2.0,0.0,1.00217308377504,0.997148319846407,35513889.81770265,1.7798096341589391,0.2505008598497272,-0.26738851984228207,-0.2506934186311316,-0.01673705991883656,-1.1873024885917016,4.602523920352438,100.0,0,1,0.050114227630270285
200,1,168,168,0.5,U/USDG Pancake v3 1bp,0x090f2f033c16fe92e28f0204435590548aedc3f0,485,2.0,50.0,1.00217308377504,0.997148319846407,35513889.81770265,0.8898755791803457,0.0,-0.27376904203519903,-0.2506934186311316,-0.023133617861548217,-1.1900541781613594,4.602105605195014,100.0,0,0,0.050114227630270285
200,1,168,168,0.25,U/USDG Pancake v3 1bp,0x090f2f033c16fe92e28f0204435590548aedc3f0,485,2.0,75.0,1.00217308377504,0.997148319846407,35513889.81770265,0.4449377895901728,0.0,-0.27821841993108665,-0.2506934186311316,-0.027594178088352628,-1.1914300290621127,4.602485012615797,100.0,0,0,0.050114227630270285
200,1,168,720,1.0,U/USDG Pancake v3 1bp,0x090f2f033c16fe92e28f0204435590548aedc3f0,485,2.0,0.0,1.00217308377504,0.997148319846407,35513889.81770265,1.7797511583606913,0.0,-0.2648702862433905,-0.2506934186311316,-0.014212497407883884,-1.1873024885917016,4.601350145338675,100.0,0,0,0.050114227630270285
200,1,168,720,0.5,U/USDG Pancake v3 1bp,0x090f2f033c16fe92e28f0204435590548aedc3f0,485,2.0,50.0,1.00217308377504,0.997148319846407,35513889.81770265,0.8898755791803457,0.0,-0.27376904203519903,-0.2506934186311316,-0.023133617861548217,-1.1900541781613594,4.602105605195014,100.0,0,0,0.050114227630270285
200,1,168,720,0.25,U/USDG Pancake v3 1bp,0x090f2f033c16fe92e28f0204435590548aedc3f0,485,2.0,75.0,1.00217308377504,0.997148319846407,35513889.81770265,0.4449377895901728,0.0,-0.27821841993108665,-0.2506934186311316,-0.027594178088352628,-1.1914300290621127,4.602485012615797,100.0,0,0,0.050114227630270285
200,6,24,24,1.0,U/USDG Pancake v3 1bp,0x090f2f033c16fe92e28f0204435590548aedc3f0,485,2.0,0.0,1.00217308377504,0.997148319846407,35513889.81770265,1.7798096341589391,0.2505008598497272,-0.26738851984228207,-0.2506934186311316,-0.01673705991883656,-1.1873024885917016,4.602523920352438,100.0,0,1,0.050114227630270285
200,6,24,24,0.5,U/USDG Pancake v3 1bp,0x090f2f033c16fe92e28f0204435590548aedc3f0,485,2.0,50.0,1.00217308377504,0.997148319846407,35513889.81770265,0.8898755791803457,0.0,-0.27376904203519903,-0.2506934186311316,-0.023133617861548217,-1.1900541781613594,4.602105605195014,100.0,0,0,0.050114227630270285
200,6,24,24,0.25,U/USDG Pancake v3 1bp,0x090f2f033c16fe92e28f0204435590548aedc3f0,485,2.0,75.0,1.00217308377504,0.997148319846407,35513889.81770265,0.4449377895901728,0.0,-0.27821841993108665,-0.2506934186311316,-0.027594178088352628,-1.1914300290621127,4.602485012615797,100.0,0,0,0.050114227630270285
200,6,24,168,1.0,U/USDG Pancake v3 1bp,0x090f2f033c16fe92e28f0204435590548aedc3f0,485,2.0,0.0,1.00217308377504,0.997148319846407,35513889.81770265,1.7798096341589391,0.2505008598497272,-0.26738851984228207,-0.2506934186311316,-0.01673705991883656,-1.1873024885917016,4.602523920352438,100.0,0,1,0.050114227630270285
200,6,24,168,0.5,U/USDG Pancake v3 1bp,0x090f2f033c16fe92e28f0204435590548aedc3f0,485,2.0,50.0,1.00217308377504,0.997148319846407,35513889.81770265,0.8898755791803457,0.0,-0.27376904203519903,-0.2506934186311316,-0.023133617861548217,-1.1900541781613594,4.602105605195014,100.0,0,0,0.050114227630270285
200,6,24,168,0.25,U/USDG Pancake v3 1bp,0x090f2f033c16fe92e28f0204435590548aedc3f0,485,2.0,75.0,1.00217308377504,0.997148319846407,35513889.81770265,0.4449377895901728,0.0,-0.27821841993108665,-0.2506934186311316,-0.027594178088352628,-1.1914300290621127,4.602485012615797,100.0,0,0,0.050114227630270285
200,6,24,720,1.0,U/USDG Pancake v3 1bp,0x090f2f033c16fe92e28f0204435590548aedc3f0,485,2.0,0.0,1.00217308377504,0.997148319846407,35513889.81770265,1.7797511583606913,0.0,-0.2648702862433905,-0.2506934186311316,-0.014212497407883884,-1.1873024885917016,4.601350145338675,100.0,0,0,0.050114227630270285
200,6,24,720,0.5,U/USDG Pancake v3 1bp,0x090f2f033c16fe92e28f0204435590548aedc3f0,485,2.0,50.0,1.00217308377504,0.997148319846407,35513889.81770265,0.8898755791803457,0.0,-0.27376904203519903,-0.2506934186311316,-0.023133617861548217,-1.1900541781613594,4.602105605195014,100.0,0,0,0.050114227630270285
200,6,24,720,0.25,U/USDG Pancake v3 1bp,0x090f2f033c16fe92e28f0204435590548aedc3f0,485,2.0,75.0,1.00217308377504,0.997148319846407,35513889.81770265,0.4449377895901728,0.0,-0.27821841993108665,-0.2506934186311316,-0.027594178088352628,-1.1914300290621127,4.602485012615797,100.0,0,0,0.050114227630270285
200,6,72,24,1.0,U/USDG Pancake v3 1bp,0x090f2f033c16fe92e28f0204435590548aedc3f0,485,2.0,0.0,1.00217308377504,0.997148319846407,35513889.81770265,1.7798096341589391,0.2505008598497272,-0.26738851984228207,-0.2506934186311316,-0.01673705991883656,-1.1873024885917016,4.602523920352438,100.0,0,1,0.050114227630270285
200,6,72,24,0.5,U/USDG Pancake v3 1bp,0x090f2f033c16fe92e28f0204435590548aedc3f0,485,2.0,50.0,1.00217308377504,0.997148319846407,35513889.81770265,0.8898755791803457,0.0,-0.27376904203519903,-0.2506934186311316,-0.023133617861548217,-1.1900541781613594,4.602105605195014,100.0,0,0,0.050114227630270285
200,6,72,24,0.25,U/USDG Pancake v3 1bp,0x090f2f033c16fe92e28f0204435590548aedc3f0,485,2.0,75.0,1.00217308377504,0.997148319846407,35513889.81770265,0.4449377895901728,0.0,-0.27821841993108665,-0.2506934186311316,-0.027594178088352628,-1.1914300290621127,4.602485012615797,100.0,0,0,0.050114227630270285
200,6,72,168,1.0,U/USDG Pancake v3 1bp,0x090f2f033c16fe92e28f0204435590548aedc3f0,485,2.0,0.0,1.00217308377504,0.997148319846407,35513889.81770265,1.7798096341589391,0.2505008598497272,-0.26738851984228207,-0.2506934186311316,-0.01673705991883656,-1.1873024885917016,4.602523920352438,100.0,0,1,0.050114227630270285
200,6,72,168,0.5,U/USDG Pancake v3 1bp,0x090f2f033c16fe92e28f0204435590548aedc3f0,485,2.0,50.0,1.00217308377504,0.997148319846407,35513889.81770265,0.8898755791803457,0.0,-0.27376904203519903,-0.2506934186311316,-0.023133617861548217,-1.1900541781613594,4.602105605195014,100.0,0,0,0.050114227630270285
200,6,72,168,0.25,U/USDG Pancake v3 1bp,0x090f2f033c16fe92e28f0204435590548aedc3f0,485,2.0,75.0,1.00217308377504,0.997148319846407,35513889.81770265,0.4449377895901728,0.0,-0.27821841993108665,-0.2506934186311316,-0.027594178088352628,-1.1914300290621127,4.602485012615797,100.0,0,0,0.050114227630270285
200,6,72,720,1.0,U/USDG Pancake v3 1bp,0x090f2f033c16fe92e28f0204435590548aedc3f0,485,2.0,0.0,1.00217308377504,0.997148319846407,35513889.81770265,1.7797511583606913,0.0,-0.2648702862433905,-0.2506934186311316,-0.014212497407883884,-1.1873024885917016,4.601350145338675,100.0,0,0,0.050114227630270285
200,6,72,720,0.5,U/USDG Pancake v3 1bp,0x090f2f033c16fe92e28f0204435590548aedc3f0,485,2.0,50.0,1.00217308377504,0.997148319846407,35513889.81770265,0.8898755791803457,0.0,-0.27376904203519903,-0.2506934186311316,-0.023133617861548217,-1.1900541781613594,4.602105605195014,100.0,0,0,0.050114227630270285
200,6,72,720,0.25,U/USDG Pancake v3 1bp,0x090f2f033c16fe92e28f0204435590548aedc3f0,485,2.0,75.0,1.00217308377504,0.997148319846407,35513889.81770265,0.4449377895901728,0.0,-0.27821841993108665,-0.2506934186311316,-0.027594178088352628,-1.1914300290621127,4.602485012615797,100.0,0,0,0.050114227630270285
200,6,168,24,1.0,U/USDG Pancake v3 1bp,0x090f2f033c16fe92e28f0204435590548aedc3f0,485,2.0,0.0,1.00217308377504,0.997148319846407,35513889.81770265,1.7798096341589391,0.2505008598497272,-0.26738851984228207,-0.2506934186311316,-0.01673705991883656,-1.1873024885917016,4.602523920352438,100.0,0,1,0.050114227630270285
200,6,168,24,0.5,U/USDG Pancake v3 1bp,0x090f2f033c16fe92e28f0204435590548aedc3f0,485,2.0,50.0,1.00217308377504,0.997148319846407,35513889.81770265,0.8898755791803457,0.0,-0.27376904203519903,-0.2506934186311316,-0.023133617861548217,-1.1900541781613594,4.602105605195014,100.0,0,0,0.050114227630270285
200,6,168,24,0.25,U/USDG Pancake v3 1bp,0x090f2f033c16fe92e28f0204435590548aedc3f0,485,2.0,75.0,1.00217308377504,0.997148319846407,35513889.81770265,0.4449377895901728,0.0,-0.27821841993108665,-0.2506934186311316,-0.027594178088352628,-1.1914300290621127,4.602485012615797,100.0,0,0,0.050114227630270285
200,6,168,168,1.0,U/USDG Pancake v3 1bp,0x090f2f033c16fe92e28f0204435590548aedc3f0,485,2.0,0.0,1.00217308377504,0.997148319846407,35513889.81770265,1.7798096341589391,0.2505008598497272,-0.26738851984228207,-0.2506934186311316,-0.01673705991883656,-1.1873024885917016,4.602523920352438,100.0,0,1,0.050114227630270285
200,6,168,168,0.5,U/USDG Pancake v3 1bp,0x090f2f033c16fe92e28f0204435590548aedc3f0,485,2.0,50.0,1.00217308377504,0.997148319846407,35513889.81770265,0.8898755791803457,0.0,-0.27376904203519903,-0.2506934186311316,-0.023133617861548217,-1.1900541781613594,4.602105605195014,100.0,0,0,0.050114227630270285
200,6,168,168,0.25,U/USDG Pancake v3 1bp,0x090f2f033c16fe92e28f0204435590548aedc3f0,485,2.0,75.0,1.00217308377504,0.997148319846407,35513889.81770265,0.4449377895901728,0.0,-0.27821841993108665,-0.2506934186311316,-0.027594178088352628,-1.1914300290621127,4.602485012615797,100.0,0,0,0.050114227630270285
200,6,168,720,1.0,U/USDG Pancake v3 1bp,0x090f2f033c16fe92e28f0204435590548aedc3f0,485,2.0,0.0,1.00217308377504,0.997148319846407,35513889.81770265,1.7797511583606913,0.0,-0.2648702862433905,-0.2506934186311316,-0.014212497407883884,-1.1873024885917016,4.601350145338675,100.0,0,0,0.050114227630270285
200,6,168,720,0.5,U/USDG Pancake v3 1bp,0x090f2f033c16fe92e28f0204435590548aedc3f0,485,2.0,50.0,1.00217308377504,0.997148319846407,35513889.81770265,0.8898755791803457,0.0,-0.27376904203519903,-0.2506934186311316,-0.023133617861548217,-1.1900541781613594,4.602105605195014,100.0,0,0,0.050114227630270285
200,6,168,720,0.25,U/USDG Pancake v3 1bp,0x090f2f033c16fe92e28f0204435590548aedc3f0,485,2.0,75.0,1.00217308377504,0.997148319846407,35513889.81770265,0.4449377895901728,0.0,-0.27821841993108665,-0.2506934186311316,-0.027594178088352628,-1.1914300290621127,4.602485012615797,100.0,0,0,0.050114227630270285
200,24,24,24,1.0,U/USDG Pancake v3 1bp,0x090f2f033c16fe92e28f0204435590548aedc3f0,485,2.0,0.0,1.00217308377504,0.997148319846407,35513889.81770265,1.7798096341589391,0.2505008598497272,-0.26738851984228207,-0.2506934186311316,-0.01673705991883656,-1.1873024885917016,4.602523920352438,100.0,0,1,0.050114227630270285
200,24,24,24,0.5,U/USDG Pancake v3 1bp,0x090f2f033c16fe92e28f0204435590548aedc3f0,485,2.0,50.0,1.00217308377504,0.997148319846407,35513889.81770265,0.8898755791803457,0.0,-0.27376904203519903,-0.2506934186311316,-0.023133617861548217,-1.1900541781613594,4.602105605195014,100.0,0,0,0.050114227630270285
200,24,24,24,0.25,U/USDG Pancake v3 1bp,0x090f2f033c16fe92e28f0204435590548aedc3f0,485,2.0,75.0,1.00217308377504,0.997148319846407,35513889.81770265,0.4449377895901728,0.0,-0.27821841993108665,-0.2506934186311316,-0.027594178088352628,-1.1914300290621127,4.602485012615797,100.0,0,0,0.050114227630270285
200,24,24,168,1.0,U/USDG Pancake v3 1bp,0x090f2f033c16fe92e28f0204435590548aedc3f0,485,2.0,0.0,1.00217308377504,0.997148319846407,35513889.81770265,1.7798096341589391,0.2505008598497272,-0.26738851984228207,-0.2506934186311316,-0.01673705991883656,-1.1873024885917016,4.602523920352438,100.0,0,1,0.050114227630270285
200,24,24,168,0.5,U/USDG Pancake v3 1bp,0x090f2f033c16fe92e28f0204435590548aedc3f0,485,2.0,50.0,1.00217308377504,0.997148319846407,35513889.81770265,0.8898755791803457,0.0,-0.27376904203519903,-0.2506934186311316,-0.023133617861548217,-1.1900541781613594,4.602105605195014,100.0,0,0,0.050114227630270285
200,24,24,168,0.25,U/USDG Pancake v3 1bp,0x090f2f033c16fe92e28f0204435590548aedc3f0,485,2.0,75.0,1.00217308377504,0.997148319846407,35513889.81770265,0.4449377895901728,0.0,-0.27821841993108665,-0.2506934186311316,-0.027594178088352628,-1.1914300290621127,4.602485012615797,100.0,0,0,0.050114227630270285
200,24,24,720,1.0,U/USDG Pancake v3 1bp,0x090f2f033c16fe92e28f0204435590548aedc3f0,485,2.0,0.0,1.00217308377504,0.997148319846407,35513889.81770265,1.7797511583606913,0.0,-0.2648702862433905,-0.2506934186311316,-0.014212497407883884,-1.1873024885917016,4.601350145338675,100.0,0,0,0.050114227630270285
200,24,24,720,0.5,U/USDG Pancake v3 1bp,0x090f2f033c16fe92e28f0204435590548aedc3f0,485,2.0,50.0,1.00217308377504,0.997148319846407,35513889.81770265,0.8898755791803457,0.0,-0.27376904203519903,-0.2506934186311316,-0.023133617861548217,-1.1900541781613594,4.602105605195014,100.0,0,0,0.050114227630270285
200,24,24,720,0.25,U/USDG Pancake v3 1bp,0x090f2f033c16fe92e28f0204435590548aedc3f0,485,2.0,75.0,1.00217308377504,0.997148319846407,35513889.81770265,0.4449377895901728,0.0,-0.27821841993108665,-0.2506934186311316,-0.027594178088352628,-1.1914300290621127,4.602485012615797,100.0,0,0,0.050114227630270285
200,24,72,24,1.0,U/USDG Pancake v3 1bp,0x090f2f033c16fe92e28f0204435590548aedc3f0,485,2.0,0.0,1.00217308377504,0.997148319846407,35513889.81770265,1.7798096341589391,0.2505008598497272,-0.26738851984228207,-0.2506934186311316,-0.01673705991883656,-1.1873024885917016,4.602523920352438,100.0,0,1,0.050114227630270285
200,24,72,24,0.5,U/USDG Pancake v3 1bp,0x090f2f033c16fe92e28f0204435590548aedc3f0,485,2.0,50.0,1.00217308377504,0.997148319846407,35513889.81770265,0.8898755791803457,0.0,-0.27376904203519903,-0.2506934186311316,-0.023133617861548217,-1.1900541781613594,4.602105605195014,100.0,0,0,0.050114227630270285
200,24,72,24,0.25,U/USDG Pancake v3 1bp,0x090f2f033c16fe92e28f0204435590548aedc3f0,485,2.0,75.0,1.00217308377504,0.997148319846407,35513889.81770265,0.4449377895901728,0.0,-0.27821841993108665,-0.2506934186311316,-0.027594178088352628,-1.1914300290621127,4.602485012615797,100.0,0,0,0.050114227630270285
200,24,72,168,1.0,U/USDG Pancake v3 1bp,0x090f2f033c16fe92e28f0204435590548aedc3f0,485,2.0,0.0,1.00217308377504,0.997148319846407,35513889.81770265,1.7798096341589391,0.2505008598497272,-0.26738851984228207,-0.2506934186311316,-0.01673705991883656,-1.1873024885917016,4.602523920352438,100.0,0,1,0.050114227630270285
200,24,72,168,0.5,U/USDG Pancake v3 1bp,0x090f2f033c16fe92e28f0204435590548aedc3f0,485,2.0,50.0,1.00217308377504,0.997148319846407,35513889.81770265,0.8898755791803457,0.0,-0.27376904203519903,-0.2506934186311316,-0.023133617861548217,-1.1900541781613594,4.602105605195014,100.0,0,0,0.050114227630270285
200,24,72,168,0.25,U/USDG Pancake v3 1bp,0x090f2f033c16fe92e28f0204435590548aedc3f0,485,2.0,75.0,1.00217308377504,0.997148319846407,35513889.81770265,0.4449377895901728,0.0,-0.27821841993108665,-0.2506934186311316,-0.027594178088352628,-1.1914300290621127,4.602485012615797,100.0,0,0,0.050114227630270285
200,24,72,720,1.0,U/USDG Pancake v3 1bp,0x090f2f033c16fe92e28f0204435590548aedc3f0,485,2.0,0.0,1.00217308377504,0.997148319846407,35513889.81770265,1.7797511583606913,0.0,-0.2648702862433905,-0.2506934186311316,-0.014212497407883884,-1.1873024885917016,4.601350145338675,100.0,0,0,0.050114227630270285
200,24,72,720,0.5,U/USDG Pancake v3 1bp,0x090f2f033c16fe92e28f0204435590548aedc3f0,485,2.0,50.0,1.00217308377504,0.997148319846407,35513889.81770265,0.8898755791803457,0.0,-0.27376904203519903,-0.2506934186311316,-0.023133617861548217,-1.1900541781613594,4.602105605195014,100.0,0,0,0.050114227630270285
200,24,72,720,0.25,U/USDG Pancake v3 1bp,0x090f2f033c16fe92e28f0204435590548aedc3f0,485,2.0,75.0,1.00217308377504,0.997148319846407,35513889.81770265,0.4449377895901728,0.0,-0.27821841993108665,-0.2506934186311316,-0.027594178088352628,-1.1914300290621127,4.602485012615797,100.0,0,0,0.050114227630270285
200,24,168,24,1.0,U/USDG Pancake v3 1bp,0x090f2f033c16fe92e28f0204435590548aedc3f0,485,2.0,0.0,1.00217308377504,0.997148319846407,35513889.81770265,1.7798096341589391,0.2505008598497272,-0.26738851984228207,-0.2506934186311316,-0.01673705991883656,-1.1873024885917016,4.602523920352438,100.0,0,1,0.050114227630270285
200,24,168,24,0.5,U/USDG Pancake v3 1bp,0x090f2f033c16fe92e28f0204435590548aedc3f0,485,2.0,50.0,1.00217308377504,0.997148319846407,35513889.81770265,0.8898755791803457,0.0,-0.27376904203519903,-0.2506934186311316,-0.023133617861548217,-1.1900541781613594,4.602105605195014,100.0,0,0,0.050114227630270285
200,24,168,24,0.25,U/USDG Pancake v3 1bp,0x090f2f033c16fe92e28f0204435590548aedc3f0,485,2.0,75.0,1.00217308377504,0.997148319846407,35513889.81770265,0.4449377895901728,0.0,-0.27821841993108665,-0.2506934186311316,-0.027594178088352628,-1.1914300290621127,4.602485012615797,100.0,0,0,0.050114227630270285
200,24,168,168,1.0,U/USDG Pancake v3 1bp,0x090f2f033c16fe92e28f0204435590548aedc3f0,485,2.0,0.0,1.00217308377504,0.997148319846407,35513889.81770265,1.7798096341589391,0.2505008598497272,-0.26738851984228207,-0.2506934186311316,-0.01673705991883656,-1.1873024885917016,4.602523920352438,100.0,0,1,0.050114227630270285
200,24,168,168,0.5,U/USDG Pancake v3 1bp,0x090f2f033c16fe92e28f0204435590548aedc3f0,485,2.0,50.0,1.00217308377504,0.997148319846407,35513889.81770265,0.8898755791803457,0.0,-0.27376904203519903,-0.2506934186311316,-0.023133617861548217,-1.1900541781613594,4.602105605195014,100.0,0,0,0.050114227630270285
200,24,168,168,0.25,U/USDG Pancake v3 1bp,0x090f2f033c16fe92e28f0204435590548aedc3f0,485,2.0,75.0,1.00217308377504,0.997148319846407,35513889.81770265,0.4449377895901728,0.0,-0.27821841993108665,-0.2506934186311316,-0.027594178088352628,-1.1914300290621127,4.602485012615797,100.0,0,0,0.050114227630270285
200,24,168,720,1.0,U/USDG Pancake v3 1bp,0x090f2f033c16fe92e28f0204435590548aedc3f0,485,2.0,0.0,1.00217308377504,0.997148319846407,35513889.81770265,1.7797511583606913,0.0,-0.2648702862433905,-0.2506934186311316,-0.014212497407883884,-1.1873024885917016,4.601350145338675,100.0,0,0,0.050114227630270285
200,24,168,720,0.5,U/USDG Pancake v3 1bp,0x090f2f033c16fe92e28f0204435590548aedc3f0,485,2.0,50.0,1.00217308377504,0.997148319846407,35513889.81770265,0.8898755791803457,0.0,-0.27376904203519903,-0.2506934186311316,-0.023133617861548217,-1.1900541781613594,4.602105605195014,100.0,0,0,0.050114227630270285
200,24,168,720,0.25,U/USDG Pancake v3 1bp,0x090f2f033c16fe92e28f0204435590548aedc3f0,485,2.0,75.0,1.00217308377504,0.997148319846407,35513889.81770265,0.4449377895901728,0.0,-0.27821841993108665,-0.2506934186311316,-0.027594178088352628,-1.1914300290621127,4.602485012615797,100.0,0,0,0.050114227630270285
300,1,24,24,1.0,U/USDG Pancake v3 1bp,0x090f2f033c16fe92e28f0204435590548aedc3f0,485,3.0,0.0,1.00217308377504,0.997148319846407,35513889.81770265,1.1954437402833245,0.2505005378109273,-0.26272642423724735,-0.2506934186311094,-0.012063247373372832,-1.2057334487908244,4.871175609530455,100.0,0,1,0.03366088992197141
300,1,24,24,0.5,U/USDG Pancake v3 1bp,0x090f2f033c16fe92e28f0204435590548aedc3f0,485,3.0,50.0,1.00217308377504,0.997148319846407,35513889.81770265,0.5977145679273556,0.0,-0.2661893947520144,-0.2506934186311094,-0.01553492114581001,-1.2075803846541722,4.871644486852712,100.0,0,0,0.03366088992197141
300,1,24,24,0.25,U/USDG Pancake v3 1bp,0x090f2f033c16fe92e28f0204435590548aedc3f0,485,3.0,75.0,1.00217308377504,0.997148319846407,35513889.81770265,0.2988572839636778,0.0,-0.26917796759166057,-0.2506934186311094,-0.01853100497041238,-1.2085038553410699,4.871900059425959,100.0,0,0,0.03366088992197141
300,1,24,168,1.0,U/USDG Pancake v3 1bp,0x090f2f033c16fe92e28f0204435590548aedc3f0,485,3.0,0.0,1.00217308377504,0.997148319846407,35513889.81770265,1.1954437402833245,0.2505005378109273,-0.26272642423724735,-0.2506934186311094,-0.012063247373372832,-1.2057334487908244,4.871175609530455,100.0,0,1,0.03366088992197141
300,1,24,168,0.5,U/USDG Pancake v3 1bp,0x090f2f033c16fe92e28f0204435590548aedc3f0,485,3.0,50.0,1.00217308377504,0.997148319846407,35513889.81770265,0.5977145679273556,0.0,-0.2661893947520144,-0.2506934186311094,-0.01553492114581001,-1.2075803846541722,4.871644486852712,100.0,0,0,0.03366088992197141
300,1,24,168,0.25,U/USDG Pancake v3 1bp,0x090f2f033c16fe92e28f0204435590548aedc3f0,485,3.0,75.0,1.00217308377504,0.997148319846407,35513889.81770265,0.2988572839636778,0.0,-0.26917796759166057,-0.2506934186311094,-0.01853100497041238,-1.2085038553410699,4.871900059425959,100.0,0,0,0.03366088992197141
300,1,24,720,1.0,U/USDG Pancake v3 1bp,0x090f2f033c16fe92e28f0204435590548aedc3f0,485,3.0,0.0,1.00217308377504,0.997148319846407,35513889.81770265,1.1954291358547111,0.0,-0.2602122490727554,-0.2506934186311094,-0.009542753496616374,-1.2057334487908244,4.871134770392803,100.0,0,0,0.03366088992197141
300,1,24,720,0.5,U/USDG Pancake v3 1bp,0x090f2f033c16fe92e28f0204435590548aedc3f0,485,3.0,50.0,1.00217308377504,0.997148319846407,35513889.81770265,0.5977145679273556,0.0,-0.2661893947520144,-0.2506934186311094,-0.01553492114581001,-1.2075803846541722,4.871644486852712,100.0,0,0,0.03366088992197141
300,1,24,720,0.25,U/USDG Pancake v3 1bp,0x090f2f033c16fe92e28f0204435590548aedc3f0,485,3.0,75.0,1.00217308377504,0.997148319846407,35513889.81770265,0.2988572839636778,0.0,-0.26917796759166057,-0.2506934186311094,-0.01853100497041238,-1.2085038553410699,4.871900059425959,100.0,0,0,0.03366088992197141
300,1,72,24,1.0,U/USDG Pancake v3 1bp,0x090f2f033c16fe92e28f0204435590548aedc3f0,485,3.0,0.0,1.00217308377504,0.997148319846407,35513889.81770265,1.1954437402833245,0.2505005378109273,-0.26272642423724735,-0.2506934186311094,-0.012063247373372832,-1.2057334487908244,4.871175609530455,100.0,0,1,0.03366088992197141
300,1,72,24,0.5,U/USDG Pancake v3 1bp,0x090f2f033c16fe92e28f0204435590548aedc3f0,485,3.0,50.0,1.00217308377504,0.997148319846407,35513889.81770265,0.5977145679273556,0.0,-0.2661893947520144,-0.2506934186311094,-0.01553492114581001,-1.2075803846541722,4.871644486852712,100.0,0,0,0.03366088992197141
300,1,72,24,0.25,U/USDG Pancake v3 1bp,0x090f2f033c16fe92e28f0204435590548aedc3f0,485,3.0,75.0,1.00217308377504,0.997148319846407,35513889.81770265,0.2988572839636778,0.0,-0.26917796759166057,-0.2506934186311094,-0.01853100497041238,-1.2085038553410699,4.871900059425959,100.0,0,0,0.03366088992197141
300,1,72,168,1.0,U/USDG Pancake v3 1bp,0x090f2f033c16fe92e28f0204435590548aedc3f0,485,3.0,0.0,1.00217308377504,0.997148319846407,35513889.81770265,1.1954437402833245,0.2505005378109273,-0.26272642423724735,-0.2506934186311094,-0.012063247373372832,-1.2057334487908244,4.871175609530455,100.0,0,1,0.03366088992197141
300,1,72,168,0.5,U/USDG Pancake v3 1bp,0x090f2f033c16fe92e28f0204435590548aedc3f0,485,3.0,50.0,1.00217308377504,0.997148319846407,35513889.81770265,0.5977145679273556,0.0,-0.2661893947520144,-0.2506934186311094,-0.01553492114581001,-1.2075803846541722,4.871644486852712,100.0,0,0,0.03366088992197141
300,1,72,168,0.25,U/USDG Pancake v3 1bp,0x090f2f033c16fe92e28f0204435590548aedc3f0,485,3.0,75.0,1.00217308377504,0.997148319846407,35513889.81770265,0.2988572839636778,0.0,-0.26917796759166057,-0.2506934186311094,-0.01853100497041238,-1.2085038553410699,4.871900059425959,100.0,0,0,0.03366088992197141
300,1,72,720,1.0,U/USDG Pancake v3 1bp,0x090f2f033c16fe92e28f0204435590548aedc3f0,485,3.0,0.0,1.00217308377504,0.997148319846407,35513889.81770265,1.1954291358547111,0.0,-0.2602122490727554,-0.2506934186311094,-0.009542753496616374,-1.2057334487908244,4.871134770392803,100.0,0,0,0.03366088992197141
300,1,72,720,0.5,U/USDG Pancake v3 1bp,0x090f2f033c16fe92e28f0204435590548aedc3f0,485,3.0,50.0,1.00217308377504,0.997148319846407,35513889.81770265,0.5977145679273556,0.0,-0.2661893947520144,-0.2506934186311094,-0.01553492114581001,-1.2075803846541722,4.871644486852712,100.0,0,0,0.03366088992197141
300,1,72,720,0.25,U/USDG Pancake v3 1bp,0x090f2f033c16fe92e28f0204435590548aedc3f0,485,3.0,75.0,1.00217308377504,0.997148319846407,35513889.81770265,0.2988572839636778,0.0,-0.26917796759166057,-0.2506934186311094,-0.01853100497041238,-1.2085038553410699,4.871900059425959,100.0,0,0,0.03366088992197141
300,1,168,24,1.0,U/USDG Pancake v3 1bp,0x090f2f033c16fe92e28f0204435590548aedc3f0,485,3.0,0.0,1.00217308377504,0.997148319846407,35513889.81770265,1.1954437402833245,0.2505005378109273,-0.26272642423724735,-0.2506934186311094,-0.012063247373372832,-1.2057334487908244,4.871175609530455,100.0,0,1,0.03366088992197141
300,1,168,24,0.5,U/USDG Pancake v3 1bp,0x090f2f033c16fe92e28f0204435590548aedc3f0,485,3.0,50.0,1.00217308377504,0.997148319846407,35513889.81770265,0.5977145679273556,0.0,-0.2661893947520144,-0.2506934186311094,-0.01553492114581001,-1.2075803846541722,4.871644486852712,100.0,0,0,0.03366088992197141
300,1,168,24,0.25,U/USDG Pancake v3 1bp,0x090f2f033c16fe92e28f0204435590548aedc3f0,485,3.0,75.0,1.00217308377504,0.997148319846407,35513889.81770265,0.2988572839636778,0.0,-0.26917796759166057,-0.2506934186311094,-0.01853100497041238,-1.2085038553410699,4.871900059425959,100.0,0,0,0.03366088992197141
300,1,168,168,1.0,U/USDG Pancake v3 1bp,0x090f2f033c16fe92e28f0204435590548aedc3f0,485,3.0,0.0,1.00217308377504,0.997148319846407,35513889.81770265,1.1954437402833245,0.2505005378109273,-0.26272642423724735,-0.2506934186311094,-0.012063247373372832,-1.2057334487908244,4.871175609530455,100.0,0,1,0.03366088992197141
300,1,168,168,0.5,U/USDG Pancake v3 1bp,0x090f2f033c16fe92e28f0204435590548aedc3f0,485,3.0,50.0,1.00217308377504,0.997148319846407,35513889.81770265,0.5977145679273556,0.0,-0.2661893947520144,-0.2506934186311094,-0.01553492114581001,-1.2075803846541722,4.871644486852712,100.0,0,0,0.03366088992197141
300,1,168,168,0.25,U/USDG Pancake v3 1bp,0x090f2f033c16fe92e28f0204435590548aedc3f0,485,3.0,75.0,1.00217308377504,0.997148319846407,35513889.81770265,0.2988572839636778,0.0,-0.26917796759166057,-0.2506934186311094,-0.01853100497041238,-1.2085038553410699,4.871900059425959,100.0,0,0,0.03366088992197141
300,1,168,720,1.0,U/USDG Pancake v3 1bp,0x090f2f033c16fe92e28f0204435590548aedc3f0,485,3.0,0.0,1.00217308377504,0.997148319846407,35513889.81770265,1.1954291358547111,0.0,-0.2602122490727554,-0.2506934186311094,-0.009542753496616374,-1.2057334487908244,4.871134770392803,100.0,0,0,0.03366088992197141
300,1,168,720,0.5,U/USDG Pancake v3 1bp,0x090f2f033c16fe92e28f0204435590548aedc3f0,485,3.0,50.0,1.00217308377504,0.997148319846407,35513889.81770265,0.5977145679273556,0.0,-0.2661893947520144,-0.2506934186311094,-0.01553492114581001,-1.2075803846541722,4.871644486852712,100.0,0,0,0.03366088992197141
300,1,168,720,0.25,U/USDG Pancake v3 1bp,0x090f2f033c16fe92e28f0204435590548aedc3f0,485,3.0,75.0,1.00217308377504,0.997148319846407,35513889.81770265,0.2988572839636778,0.0,-0.26917796759166057,-0.2506934186311094,-0.01853100497041238,-1.2085038553410699,4.871900059425959,100.0,0,0,0.03366088992197141
300,6,24,24,1.0,U/USDG Pancake v3 1bp,0x090f2f033c16fe92e28f0204435590548aedc3f0,485,3.0,0.0,1.00217308377504,0.997148319846407,35513889.81770265,1.1954437402833245,0.2505005378109273,-0.26272642423724735,-0.2506934186311094,-0.012063247373372832,-1.2057334487908244,4.871175609530455,100.0,0,1,0.03366088992197141
300,6,24,24,0.5,U/USDG Pancake v3 1bp,0x090f2f033c16fe92e28f0204435590548aedc3f0,485,3.0,50.0,1.00217308377504,0.997148319846407,35513889.81770265,0.5977145679273556,0.0,-0.2661893947520144,-0.2506934186311094,-0.01553492114581001,-1.2075803846541722,4.871644486852712,100.0,0,0,0.03366088992197141
300,6,24,24,0.25,U/USDG Pancake v3 1bp,0x090f2f033c16fe92e28f0204435590548aedc3f0,485,3.0,75.0,1.00217308377504,0.997148319846407,35513889.81770265,0.2988572839636778,0.0,-0.26917796759166057,-0.2506934186311094,-0.01853100497041238,-1.2085038553410699,4.871900059425959,100.0,0,0,0.03366088992197141
300,6,24,168,1.0,U/USDG Pancake v3 1bp,0x090f2f033c16fe92e28f0204435590548aedc3f0,485,3.0,0.0,1.00217308377504,0.997148319846407,35513889.81770265,1.1954437402833245,0.2505005378109273,-0.26272642423724735,-0.2506934186311094,-0.012063247373372832,-1.2057334487908244,4.871175609530455,100.0,0,1,0.03366088992197141
300,6,24,168,0.5,U/USDG Pancake v3 1bp,0x090f2f033c16fe92e28f0204435590548aedc3f0,485,3.0,50.0,1.00217308377504,0.997148319846407,35513889.81770265,0.5977145679273556,0.0,-0.2661893947520144,-0.2506934186311094,-0.01553492114581001,-1.2075803846541722,4.871644486852712,100.0,0,0,0.03366088992197141
300,6,24,168,0.25,U/USDG Pancake v3 1bp,0x090f2f033c16fe92e28f0204435590548aedc3f0,485,3.0,75.0,1.00217308377504,0.997148319846407,35513889.81770265,0.2988572839636778,0.0,-0.26917796759166057,-0.2506934186311094,-0.01853100497041238,-1.2085038553410699,4.871900059425959,100.0,0,0,0.03366088992197141
300,6,24,720,1.0,U/USDG Pancake v3 1bp,0x090f2f033c16fe92e28f0204435590548aedc3f0,485,3.0,0.0,1.00217308377504,0.997148319846407,35513889.81770265,1.1954291358547111,0.0,-0.2602122490727554,-0.2506934186311094,-0.009542753496616374,-1.2057334487908244,4.871134770392803,100.0,0,0,0.03366088992197141
300,6,24,720,0.5,U/USDG Pancake v3 1bp,0x090f2f033c16fe92e28f0204435590548aedc3f0,485,3.0,50.0,1.00217308377504,0.997148319846407,35513889.81770265,0.5977145679273556,0.0,-0.2661893947520144,-0.2506934186311094,-0.01553492114581001,-1.2075803846541722,4.871644486852712,100.0,0,0,0.03366088992197141
300,6,24,720,0.25,U/USDG Pancake v3 1bp,0x090f2f033c16fe92e28f0204435590548aedc3f0,485,3.0,75.0,1.00217308377504,0.997148319846407,35513889.81770265,0.2988572839636778,0.0,-0.26917796759166057,-0.2506934186311094,-0.01853100497041238,-1.2085038553410699,4.871900059425959,100.0,0,0,0.03366088992197141
300,6,72,24,1.0,U/USDG Pancake v3 1bp,0x090f2f033c16fe92e28f0204435590548aedc3f0,485,3.0,0.0,1.00217308377504,0.997148319846407,35513889.81770265,1.1954437402833245,0.2505005378109273,-0.26272642423724735,-0.2506934186311094,-0.012063247373372832,-1.2057334487908244,4.871175609530455,100.0,0,1,0.03366088992197141
300,6,72,24,0.5,U/USDG Pancake v3 1bp,0x090f2f033c16fe92e28f0204435590548aedc3f0,485,3.0,50.0,1.00217308377504,0.997148319846407,35513889.81770265,0.5977145679273556,0.0,-0.2661893947520144,-0.2506934186311094,-0.01553492114581001,-1.2075803846541722,4.871644486852712,100.0,0,0,0.03366088992197141
300,6,72,24,0.25,U/USDG Pancake v3 1bp,0x090f2f033c16fe92e28f0204435590548aedc3f0,485,3.0,75.0,1.00217308377504,0.997148319846407,35513889.81770265,0.2988572839636778,0.0,-0.26917796759166057,-0.2506934186311094,-0.01853100497041238,-1.2085038553410699,4.871900059425959,100.0,0,0,0.03366088992197141
300,6,72,168,1.0,U/USDG Pancake v3 1bp,0x090f2f033c16fe92e28f0204435590548aedc3f0,485,3.0,0.0,1.00217308377504,0.997148319846407,35513889.81770265,1.1954437402833245,0.2505005378109273,-0.26272642423724735,-0.2506934186311094,-0.012063247373372832,-1.2057334487908244,4.871175609530455,100.0,0,1,0.03366088992197141
300,6,72,168,0.5,U/USDG Pancake v3 1bp,0x090f2f033c16fe92e28f0204435590548aedc3f0,485,3.0,50.0,1.00217308377504,0.997148319846407,35513889.81770265,0.5977145679273556,0.0,-0.2661893947520144,-0.2506934186311094,-0.01553492114581001,-1.2075803846541722,4.871644486852712,100.0,0,0,0.03366088992197141
300,6,72,168,0.25,U/USDG Pancake v3 1bp,0x090f2f033c16fe92e28f0204435590548aedc3f0,485,3.0,75.0,1.00217308377504,0.997148319846407,35513889.81770265,0.2988572839636778,0.0,-0.26917796759166057,-0.2506934186311094,-0.01853100497041238,-1.2085038553410699,4.871900059425959,100.0,0,0,0.03366088992197141
300,6,72,720,1.0,U/USDG Pancake v3 1bp,0x090f2f033c16fe92e28f0204435590548aedc3f0,485,3.0,0.0,1.00217308377504,0.997148319846407,35513889.81770265,1.1954291358547111,0.0,-0.2602122490727554,-0.2506934186311094,-0.009542753496616374,-1.2057334487908244,4.871134770392803,100.0,0,0,0.03366088992197141
300,6,72,720,0.5,U/USDG Pancake v3 1bp,0x090f2f033c16fe92e28f0204435590548aedc3f0,485,3.0,50.0,1.00217308377504,0.997148319846407,35513889.81770265,0.5977145679273556,0.0,-0.2661893947520144,-0.2506934186311094,-0.01553492114581001,-1.2075803846541722,4.871644486852712,100.0,0,0,0.03366088992197141
300,6,72,720,0.25,U/USDG Pancake v3 1bp,0x090f2f033c16fe92e28f0204435590548aedc3f0,485,3.0,75.0,1.00217308377504,0.997148319846407,35513889.81770265,0.2988572839636778,0.0,-0.26917796759166057,-0.2506934186311094,-0.01853100497041238,-1.2085038553410699,4.871900059425959,100.0,0,0,0.03366088992197141
300,6,168,24,1.0,U/USDG Pancake v3 1bp,0x090f2f033c16fe92e28f0204435590548aedc3f0,485,3.0,0.0,1.00217308377504,0.997148319846407,35513889.81770265,1.1954437402833245,0.2505005378109273,-0.26272642423724735,-0.2506934186311094,-0.012063247373372832,-1.2057334487908244,4.871175609530455,100.0,0,1,0.03366088992197141
300,6,168,24,0.5,U/USDG Pancake v3 1bp,0x090f2f033c16fe92e28f0204435590548aedc3f0,485,3.0,50.0,1.00217308377504,0.997148319846407,35513889.81770265,0.5977145679273556,0.0,-0.2661893947520144,-0.2506934186311094,-0.01553492114581001,-1.2075803846541722,4.871644486852712,100.0,0,0,0.03366088992197141
300,6,168,24,0.25,U/USDG Pancake v3 1bp,0x090f2f033c16fe92e28f0204435590548aedc3f0,485,3.0,75.0,1.00217308377504,0.997148319846407,35513889.81770265,0.2988572839636778,0.0,-0.26917796759166057,-0.2506934186311094,-0.01853100497041238,-1.2085038553410699,4.871900059425959,100.0,0,0,0.03366088992197141
300,6,168,168,1.0,U/USDG Pancake v3 1bp,0x090f2f033c16fe92e28f0204435590548aedc3f0,485,3.0,0.0,1.00217308377504,0.997148319846407,35513889.81770265,1.1954437402833245,0.2505005378109273,-0.26272642423724735,-0.2506934186311094,-0.012063247373372832,-1.2057334487908244,4.871175609530455,100.0,0,1,0.03366088992197141
300,6,168,168,0.5,U/USDG Pancake v3 1bp,0x090f2f033c16fe92e28f0204435590548aedc3f0,485,3.0,50.0,1.00217308377504,0.997148319846407,35513889.81770265,0.5977145679273556,0.0,-0.2661893947520144,-0.2506934186311094,-0.01553492114581001,-1.2075803846541722,4.871644486852712,100.0,0,0,0.03366088992197141
300,6,168,168,0.25,U/USDG Pancake v3 1bp,0x090f2f033c16fe92e28f0204435590548aedc3f0,485,3.0,75.0,1.00217308377504,0.997148319846407,35513889.81770265,0.2988572839636778,0.0,-0.26917796759166057,-0.2506934186311094,-0.01853100497041238,-1.2085038553410699,4.871900059425959,100.0,0,0,0.03366088992197141
300,6,168,720,1.0,U/USDG Pancake v3 1bp,0x090f2f033c16fe92e28f0204435590548aedc3f0,485,3.0,0.0,1.00217308377504,0.997148319846407,35513889.81770265,1.1954291358547111,0.0,-0.2602122490727554,-0.2506934186311094,-0.009542753496616374,-1.2057334487908244,4.871134770392803,100.0,0,0,0.03366088992197141
300,6,168,720,0.5,U/USDG Pancake v3 1bp,0x090f2f033c16fe92e28f0204435590548aedc3f0,485,3.0,50.0,1.00217308377504,0.997148319846407,35513889.81770265,0.5977145679273556,0.0,-0.2661893947520144,-0.2506934186311094,-0.01553492114581001,-1.2075803846541722,4.871644486852712,100.0,0,0,0.03366088992197141
300,6,168,720,0.25,U/USDG Pancake v3 1bp,0x090f2f033c16fe92e28f0204435590548aedc3f0,485,3.0,75.0,1.00217308377504,0.997148319846407,35513889.81770265,0.2988572839636778,0.0,-0.26917796759166057,-0.2506934186311094,-0.01853100497041238,-1.2085038553410699,4.871900059425959,100.0,0,0,0.03366088992197141
300,24,24,24,1.0,U/USDG Pancake v3 1bp,0x090f2f033c16fe92e28f0204435590548aedc3f0,485,3.0,0.0,1.00217308377504,0.997148319846407,35513889.81770265,1.1954437402833245,0.2505005378109273,-0.26272642423724735,-0.2506934186311094,-0.012063247373372832,-1.2057334487908244,4.871175609530455,100.0,0,1,0.03366088992197141
300,24,24,24,0.5,U/USDG Pancake v3 1bp,0x090f2f033c16fe92e28f0204435590548aedc3f0,485,3.0,50.0,1.00217308377504,0.997148319846407,35513889.81770265,0.5977145679273556,0.0,-0.2661893947520144,-0.2506934186311094,-0.01553492114581001,-1.2075803846541722,4.871644486852712,100.0,0,0,0.03366088992197141
300,24,24,24,0.25,U/USDG Pancake v3 1bp,0x090f2f033c16fe92e28f0204435590548aedc3f0,485,3.0,75.0,1.00217308377504,0.997148319846407,35513889.81770265,0.2988572839636778,0.0,-0.26917796759166057,-0.2506934186311094,-0.01853100497041238,-1.2085038553410699,4.871900059425959,100.0,0,0,0.03366088992197141
300,24,24,168,1.0,U/USDG Pancake v3 1bp,0x090f2f033c16fe92e28f0204435590548aedc3f0,485,3.0,0.0,1.00217308377504,0.997148319846407,35513889.81770265,1.1954437402833245,0.2505005378109273,-0.26272642423724735,-0.2506934186311094,-0.012063247373372832,-1.2057334487908244,4.871175609530455,100.0,0,1,0.03366088992197141
300,24,24,168,0.5,U/USDG Pancake v3 1bp,0x090f2f033c16fe92e28f0204435590548aedc3f0,485,3.0,50.0,1.00217308377504,0.997148319846407,35513889.81770265,0.5977145679273556,0.0,-0.2661893947520144,-0.2506934186311094,-0.01553492114581001,-1.2075803846541722,4.871644486852712,100.0,0,0,0.03366088992197141
300,24,24,168,0.25,U/USDG Pancake v3 1bp,0x090f2f033c16fe92e28f0204435590548aedc3f0,485,3.0,75.0,1.00217308377504,0.997148319846407,35513889.81770265,0.2988572839636778,0.0,-0.26917796759166057,-0.2506934186311094,-0.01853100497041238,-1.2085038553410699,4.871900059425959,100.0,0,0,0.03366088992197141
300,24,24,720,1.0,U/USDG Pancake v3 1bp,0x090f2f033c16fe92e28f0204435590548aedc3f0,485,3.0,0.0,1.00217308377504,0.997148319846407,35513889.81770265,1.1954291358547111,0.0,-0.2602122490727554,-0.2506934186311094,-0.009542753496616374,-1.2057334487908244,4.871134770392803,100.0,0,0,0.03366088992197141
300,24,24,720,0.5,U/USDG Pancake v3 1bp,0x090f2f033c16fe92e28f0204435590548aedc3f0,485,3.0,50.0,1.00217308377504,0.997148319846407,35513889.81770265,0.5977145679273556,0.0,-0.2661893947520144,-0.2506934186311094,-0.01553492114581001,-1.2075803846541722,4.871644486852712,100.0,0,0,0.03366088992197141
300,24,24,720,0.25,U/USDG Pancake v3 1bp,0x090f2f033c16fe92e28f0204435590548aedc3f0,485,3.0,75.0,1.00217308377504,0.997148319846407,35513889.81770265,0.2988572839636778,0.0,-0.26917796759166057,-0.2506934186311094,-0.01853100497041238,-1.2085038553410699,4.871900059425959,100.0,0,0,0.03366088992197141
300,24,72,24,1.0,U/USDG Pancake v3 1bp,0x090f2f033c16fe92e28f0204435590548aedc3f0,485,3.0,0.0,1.00217308377504,0.997148319846407,35513889.81770265,1.1954437402833245,0.2505005378109273,-0.26272642423724735,-0.2506934186311094,-0.012063247373372832,-1.2057334487908244,4.871175609530455,100.0,0,1,0.03366088992197141
300,24,72,24,0.5,U/USDG Pancake v3 1bp,0x090f2f033c16fe92e28f0204435590548aedc3f0,485,3.0,50.0,1.00217308377504,0.997148319846407,35513889.81770265,0.5977145679273556,0.0,-0.2661893947520144,-0.2506934186311094,-0.01553492114581001,-1.2075803846541722,4.871644486852712,100.0,0,0,0.03366088992197141
300,24,72,24,0.25,U/USDG Pancake v3 1bp,0x090f2f033c16fe92e28f0204435590548aedc3f0,485,3.0,75.0,1.00217308377504,0.997148319846407,35513889.81770265,0.2988572839636778,0.0,-0.26917796759166057,-0.2506934186311094,-0.01853100497041238,-1.2085038553410699,4.871900059425959,100.0,0,0,0.03366088992197141
300,24,72,168,1.0,U/USDG Pancake v3 1bp,0x090f2f033c16fe92e28f0204435590548aedc3f0,485,3.0,0.0,1.00217308377504,0.997148319846407,35513889.81770265,1.1954437402833245,0.2505005378109273,-0.26272642423724735,-0.2506934186311094,-0.012063247373372832,-1.2057334487908244,4.871175609530455,100.0,0,1,0.03366088992197141
300,24,72,168,0.5,U/USDG Pancake v3 1bp,0x090f2f033c16fe92e28f0204435590548aedc3f0,485,3.0,50.0,1.00217308377504,0.997148319846407,35513889.81770265,0.5977145679273556,0.0,-0.2661893947520144,-0.2506934186311094,-0.01553492114581001,-1.2075803846541722,4.871644486852712,100.0,0,0,0.03366088992197141
300,24,72,168,0.25,U/USDG Pancake v3 1bp,0x090f2f033c16fe92e28f0204435590548aedc3f0,485,3.0,75.0,1.00217308377504,0.997148319846407,35513889.81770265,0.2988572839636778,0.0,-0.26917796759166057,-0.2506934186311094,-0.01853100497041238,-1.2085038553410699,4.871900059425959,100.0,0,0,0.03366088992197141
300,24,72,720,1.0,U/USDG Pancake v3 1bp,0x090f2f033c16fe92e28f0204435590548aedc3f0,485,3.0,0.0,1.00217308377504,0.997148319846407,35513889.81770265,1.1954291358547111,0.0,-0.2602122490727554,-0.2506934186311094,-0.009542753496616374,-1.2057334487908244,4.871134770392803,100.0,0,0,0.03366088992197141
300,24,72,720,0.5,U/USDG Pancake v3 1bp,0x090f2f033c16fe92e28f0204435590548aedc3f0,485,3.0,50.0,1.00217308377504,0.997148319846407,35513889.81770265,0.5977145679273556,0.0,-0.2661893947520144,-0.2506934186311094,-0.01553492114581001,-1.2075803846541722,4.871644486852712,100.0,0,0,0.03366088992197141
300,24,72,720,0.25,U/USDG Pancake v3 1bp,0x090f2f033c16fe92e28f0204435590548aedc3f0,485,3.0,75.0,1.00217308377504,0.997148319846407,35513889.81770265,0.2988572839636778,0.0,-0.26917796759166057,-0.2506934186311094,-0.01853100497041238,-1.2085038553410699,4.871900059425959,100.0,0,0,0.03366088992197141
300,24,168,24,1.0,U/USDG Pancake v3 1bp,0x090f2f033c16fe92e28f0204435590548aedc3f0,485,3.0,0.0,1.00217308377504,0.997148319846407,35513889.81770265,1.1954437402833245,0.2505005378109273,-0.26272642423724735,-0.2506934186311094,-0.012063247373372832,-1.2057334487908244,4.871175609530455,100.0,0,1,0.03366088992197141
300,24,168,24,0.5,U/USDG Pancake v3 1bp,0x090f2f033c16fe92e28f0204435590548aedc3f0,485,3.0,50.0,1.00217308377504,0.997148319846407,35513889.81770265,0.5977145679273556,0.0,-0.2661893947520144,-0.2506934186311094,-0.01553492114581001,-1.2075803846541722,4.871644486852712,100.0,0,0,0.03366088992197141
300,24,168,24,0.25,U/USDG Pancake v3 1bp,0x090f2f033c16fe92e28f0204435590548aedc3f0,485,3.0,75.0,1.00217308377504,0.997148319846407,35513889.81770265,0.2988572839636778,0.0,-0.26917796759166057,-0.2506934186311094,-0.01853100497041238,-1.2085038553410699,4.871900059425959,100.0,0,0,0.03366088992197141
300,24,168,168,1.0,U/USDG Pancake v3 1bp,0x090f2f033c16fe92e28f0204435590548aedc3f0,485,3.0,0.0,1.00217308377504,0.997148319846407,35513889.81770265,1.1954437402833245,0.2505005378109273,-0.26272642423724735,-0.2506934186311094,-0.012063247373372832,-1.2057334487908244,4.871175609530455,100.0,0,1,0.03366088992197141
300,24,168,168,0.5,U/USDG Pancake v3 1bp,0x090f2f033c16fe92e28f0204435590548aedc3f0,485,3.0,50.0,1.00217308377504,0.997148319846407,35513889.81770265,0.5977145679273556,0.0,-0.2661893947520144,-0.2506934186311094,-0.01553492114581001,-1.2075803846541722,4.871644486852712,100.0,0,0,0.03366088992197141
300,24,168,168,0.25,U/USDG Pancake v3 1bp,0x090f2f033c16fe92e28f0204435590548aedc3f0,485,3.0,75.0,1.00217308377504,0.997148319846407,35513889.81770265,0.2988572839636778,0.0,-0.26917796759166057,-0.2506934186311094,-0.01853100497041238,-1.2085038553410699,4.871900059425959,100.0,0,0,0.03366088992197141
300,24,168,720,1.0,U/USDG Pancake v3 1bp,0x090f2f033c16fe92e28f0204435590548aedc3f0,485,3.0,0.0,1.00217308377504,0.997148319846407,35513889.81770265,1.1954291358547111,0.0,-0.2602122490727554,-0.2506934186311094,-0.009542753496616374,-1.2057334487908244,4.871134770392803,100.0,0,0,0.03366088992197141
300,24,168,720,0.5,U/USDG Pancake v3 1bp,0x090f2f033c16fe92e28f0204435590548aedc3f0,485,3.0,50.0,1.00217308377504,0.997148319846407,35513889.81770265,0.5977145679273556,0.0,-0.2661893947520144,-0.2506934186311094,-0.01553492114581001,-1.2075803846541722,4.871644486852712,100.0,0,0,0.03366088992197141
300,24,168,720,0.25,U/USDG Pancake v3 1bp,0x090f2f033c16fe92e28f0204435590548aedc3f0,485,3.0,75.0,1.00217308377504,0.997148319846407,35513889.81770265,0.2988572839636778,0.0,-0.26917796759166057,-0.2506934186311094,-0.01853100497041238,-1.2085038553410699,4.871900059425959,100.0,0,0,0.03366088992197141
