return_pct,actions,touched,completed,stopped,pool_id,split,observe,inner,outer,stop,hours
-2.0000000000000018,2,True,True,False,0xf058c87bc11ccad23489271b8aee6b63fe505ae7eb4b8b284e2b3ee5bde65861,train,2,0.1,0.25,0.1,24
,0,False,False,False,0xc1916e7e8f34002eadf112f61bb7c023bb5ecd4687b0f216beeffdecc181023d,train,2,0.1,0.25,0.1,24
0.6960306827757723,2,True,True,False,0xe785180799b7651c6a9a3a5ea636cfec27dc58d8244582e56cc14c0a04ed36a4,train,2,0.1,0.25,0.1,24
-2.0000000000000018,2,True,True,False,0x5613b430144b3498af4baea5a57ffb8f488d96a1d5f148ccdc455859877a36c7,train,2,0.1,0.25,0.1,24
-2.000000000000013,2,False,False,False,0xb3ac62762b3e6812b343f10ef3c97a558923fd4a9fef7e1769b87775939c8f5c,train,2,0.1,0.25,0.1,24
-2.0000000000000018,2,False,False,False,0xe7946e1bf9111a91a219144798681f02968fb01c909ecc20845021f659e96156,train,2,0.1,0.25,0.1,24
-45.00256463173632,2,True,False,True,0x8ce28f2cc77d8a5e575c8a61ea722f721f3c79d9c4fefd7263842085d8eff6f1,test,2,0.1,0.25,0.1,24
-2.0000000000000018,2,True,True,False,0xba93f83da3d5dca5ca802d866a82036eef5175ac4cde024b0d7810ce960fd45c,train,2,0.1,0.25,0.1,24
-1.9981851206655854,2,True,True,False,0xb61a7428fffecf81731e6b1a74704f88523d6a996aeed55d62ed5197c154f3a0,train,2,0.1,0.25,0.1,24
-2.000000000000013,2,True,True,False,0xfd706b9d2b57af7643b9306c0a8e01daae63cc5cd38ff92c4070794e2b5430c9,train,2,0.1,0.25,0.1,24
-2.0000000000000018,2,True,True,False,0x660c4a30dbcd989eb3aa3dbf6d400c485f1e21af8df2be0ebf01059cc949bada,test,2,0.1,0.25,0.1,24
-2.0000000000000018,2,True,True,False,0xf058c87bc11ccad23489271b8aee6b63fe505ae7eb4b8b284e2b3ee5bde65861,train,2,0.1,0.25,0.1,72
,0,False,False,False,0xc1916e7e8f34002eadf112f61bb7c023bb5ecd4687b0f216beeffdecc181023d,train,2,0.1,0.25,0.1,72
0.6960306827757723,2,True,True,False,0xe785180799b7651c6a9a3a5ea636cfec27dc58d8244582e56cc14c0a04ed36a4,train,2,0.1,0.25,0.1,72
-2.0000000000000018,2,True,True,False,0x5613b430144b3498af4baea5a57ffb8f488d96a1d5f148ccdc455859877a36c7,train,2,0.1,0.25,0.1,72
-2.000000000000013,2,False,False,False,0xb3ac62762b3e6812b343f10ef3c97a558923fd4a9fef7e1769b87775939c8f5c,train,2,0.1,0.25,0.1,72
-2.0000000000000018,2,False,False,False,0xe7946e1bf9111a91a219144798681f02968fb01c909ecc20845021f659e96156,train,2,0.1,0.25,0.1,72
-45.00256463173632,2,True,False,True,0x8ce28f2cc77d8a5e575c8a61ea722f721f3c79d9c4fefd7263842085d8eff6f1,test,2,0.1,0.25,0.1,72
-2.0000000000000018,2,True,True,False,0xba93f83da3d5dca5ca802d866a82036eef5175ac4cde024b0d7810ce960fd45c,train,2,0.1,0.25,0.1,72
-1.9981851206655854,2,True,True,False,0xb61a7428fffecf81731e6b1a74704f88523d6a996aeed55d62ed5197c154f3a0,train,2,0.1,0.25,0.1,72
-2.000000000000013,2,True,True,False,0xfd706b9d2b57af7643b9306c0a8e01daae63cc5cd38ff92c4070794e2b5430c9,train,2,0.1,0.25,0.1,72
-2.0000000000000018,2,True,True,False,0x660c4a30dbcd989eb3aa3dbf6d400c485f1e21af8df2be0ebf01059cc949bada,test,2,0.1,0.25,0.1,72
-2.0000000000000018,2,True,True,False,0xf058c87bc11ccad23489271b8aee6b63fe505ae7eb4b8b284e2b3ee5bde65861,train,2,0.1,0.25,0.1,168
,0,False,False,False,0xc1916e7e8f34002eadf112f61bb7c023bb5ecd4687b0f216beeffdecc181023d,train,2,0.1,0.25,0.1,168
0.6960306827757723,2,True,True,False,0xe785180799b7651c6a9a3a5ea636cfec27dc58d8244582e56cc14c0a04ed36a4,train,2,0.1,0.25,0.1,168
-2.0000000000000018,2,True,True,False,0x5613b430144b3498af4baea5a57ffb8f488d96a1d5f148ccdc455859877a36c7,train,2,0.1,0.25,0.1,168
-2.000000000000013,2,False,False,False,0xb3ac62762b3e6812b343f10ef3c97a558923fd4a9fef7e1769b87775939c8f5c,train,2,0.1,0.25,0.1,168
-2.0000000000000018,2,False,False,False,0xe7946e1bf9111a91a219144798681f02968fb01c909ecc20845021f659e96156,train,2,0.1,0.25,0.1,168
-45.00256463173632,2,True,False,True,0x8ce28f2cc77d8a5e575c8a61ea722f721f3c79d9c4fefd7263842085d8eff6f1,test,2,0.1,0.25,0.1,168
-2.0000000000000018,2,True,True,False,0xba93f83da3d5dca5ca802d866a82036eef5175ac4cde024b0d7810ce960fd45c,train,2,0.1,0.25,0.1,168
-1.9981851206655854,2,True,True,False,0xb61a7428fffecf81731e6b1a74704f88523d6a996aeed55d62ed5197c154f3a0,train,2,0.1,0.25,0.1,168
-2.000000000000013,2,True,True,False,0xfd706b9d2b57af7643b9306c0a8e01daae63cc5cd38ff92c4070794e2b5430c9,train,2,0.1,0.25,0.1,168
-2.0000000000000018,2,True,True,False,0x660c4a30dbcd989eb3aa3dbf6d400c485f1e21af8df2be0ebf01059cc949bada,test,2,0.1,0.25,0.1,168
-2.0000000000000018,2,True,True,False,0xf058c87bc11ccad23489271b8aee6b63fe505ae7eb4b8b284e2b3ee5bde65861,train,2,0.1,0.25,0.2,24
,0,False,False,False,0xc1916e7e8f34002eadf112f61bb7c023bb5ecd4687b0f216beeffdecc181023d,train,2,0.1,0.25,0.2,24
0.6960306827757723,2,True,True,False,0xe785180799b7651c6a9a3a5ea636cfec27dc58d8244582e56cc14c0a04ed36a4,train,2,0.1,0.25,0.2,24
-2.0000000000000018,2,True,True,False,0x5613b430144b3498af4baea5a57ffb8f488d96a1d5f148ccdc455859877a36c7,train,2,0.1,0.25,0.2,24
-2.000000000000013,2,False,False,False,0xb3ac62762b3e6812b343f10ef3c97a558923fd4a9fef7e1769b87775939c8f5c,train,2,0.1,0.25,0.2,24
-2.0000000000000018,2,False,False,False,0xe7946e1bf9111a91a219144798681f02968fb01c909ecc20845021f659e96156,train,2,0.1,0.25,0.2,24
-45.00256463173632,2,True,False,True,0x8ce28f2cc77d8a5e575c8a61ea722f721f3c79d9c4fefd7263842085d8eff6f1,test,2,0.1,0.25,0.2,24
-2.0000000000000018,2,True,True,False,0xba93f83da3d5dca5ca802d866a82036eef5175ac4cde024b0d7810ce960fd45c,train,2,0.1,0.25,0.2,24
-1.9981851206655854,2,True,True,False,0xb61a7428fffecf81731e6b1a74704f88523d6a996aeed55d62ed5197c154f3a0,train,2,0.1,0.25,0.2,24
-2.000000000000013,2,True,True,False,0xfd706b9d2b57af7643b9306c0a8e01daae63cc5cd38ff92c4070794e2b5430c9,train,2,0.1,0.25,0.2,24
-2.0000000000000018,2,True,True,False,0x660c4a30dbcd989eb3aa3dbf6d400c485f1e21af8df2be0ebf01059cc949bada,test,2,0.1,0.25,0.2,24
-2.0000000000000018,2,True,True,False,0xf058c87bc11ccad23489271b8aee6b63fe505ae7eb4b8b284e2b3ee5bde65861,train,2,0.1,0.25,0.2,72
,0,False,False,False,0xc1916e7e8f34002eadf112f61bb7c023bb5ecd4687b0f216beeffdecc181023d,train,2,0.1,0.25,0.2,72
0.6960306827757723,2,True,True,False,0xe785180799b7651c6a9a3a5ea636cfec27dc58d8244582e56cc14c0a04ed36a4,train,2,0.1,0.25,0.2,72
-2.0000000000000018,2,True,True,False,0x5613b430144b3498af4baea5a57ffb8f488d96a1d5f148ccdc455859877a36c7,train,2,0.1,0.25,0.2,72
-2.000000000000013,2,False,False,False,0xb3ac62762b3e6812b343f10ef3c97a558923fd4a9fef7e1769b87775939c8f5c,train,2,0.1,0.25,0.2,72
-2.0000000000000018,2,False,False,False,0xe7946e1bf9111a91a219144798681f02968fb01c909ecc20845021f659e96156,train,2,0.1,0.25,0.2,72
-45.00256463173632,2,True,False,True,0x8ce28f2cc77d8a5e575c8a61ea722f721f3c79d9c4fefd7263842085d8eff6f1,test,2,0.1,0.25,0.2,72
-2.0000000000000018,2,True,True,False,0xba93f83da3d5dca5ca802d866a82036eef5175ac4cde024b0d7810ce960fd45c,train,2,0.1,0.25,0.2,72
-1.9981851206655854,2,True,True,False,0xb61a7428fffecf81731e6b1a74704f88523d6a996aeed55d62ed5197c154f3a0,train,2,0.1,0.25,0.2,72
-2.000000000000013,2,True,True,False,0xfd706b9d2b57af7643b9306c0a8e01daae63cc5cd38ff92c4070794e2b5430c9,train,2,0.1,0.25,0.2,72
-2.0000000000000018,2,True,True,False,0x660c4a30dbcd989eb3aa3dbf6d400c485f1e21af8df2be0ebf01059cc949bada,test,2,0.1,0.25,0.2,72
-2.0000000000000018,2,True,True,False,0xf058c87bc11ccad23489271b8aee6b63fe505ae7eb4b8b284e2b3ee5bde65861,train,2,0.1,0.25,0.2,168
,0,False,False,False,0xc1916e7e8f34002eadf112f61bb7c023bb5ecd4687b0f216beeffdecc181023d,train,2,0.1,0.25,0.2,168
0.6960306827757723,2,True,True,False,0xe785180799b7651c6a9a3a5ea636cfec27dc58d8244582e56cc14c0a04ed36a4,train,2,0.1,0.25,0.2,168
-2.0000000000000018,2,True,True,False,0x5613b430144b3498af4baea5a57ffb8f488d96a1d5f148ccdc455859877a36c7,train,2,0.1,0.25,0.2,168
-2.000000000000013,2,False,False,False,0xb3ac62762b3e6812b343f10ef3c97a558923fd4a9fef7e1769b87775939c8f5c,train,2,0.1,0.25,0.2,168
-2.0000000000000018,2,False,False,False,0xe7946e1bf9111a91a219144798681f02968fb01c909ecc20845021f659e96156,train,2,0.1,0.25,0.2,168
-45.00256463173632,2,True,False,True,0x8ce28f2cc77d8a5e575c8a61ea722f721f3c79d9c4fefd7263842085d8eff6f1,test,2,0.1,0.25,0.2,168
-2.0000000000000018,2,True,True,False,0xba93f83da3d5dca5ca802d866a82036eef5175ac4cde024b0d7810ce960fd45c,train,2,0.1,0.25,0.2,168
-1.9981851206655854,2,True,True,False,0xb61a7428fffecf81731e6b1a74704f88523d6a996aeed55d62ed5197c154f3a0,train,2,0.1,0.25,0.2,168
-2.000000000000013,2,True,True,False,0xfd706b9d2b57af7643b9306c0a8e01daae63cc5cd38ff92c4070794e2b5430c9,train,2,0.1,0.25,0.2,168
-2.0000000000000018,2,True,True,False,0x660c4a30dbcd989eb3aa3dbf6d400c485f1e21af8df2be0ebf01059cc949bada,test,2,0.1,0.25,0.2,168
-1.9999999999999907,2,True,True,False,0xf058c87bc11ccad23489271b8aee6b63fe505ae7eb4b8b284e2b3ee5bde65861,train,2,0.1,0.35,0.1,24
,0,False,False,False,0xc1916e7e8f34002eadf112f61bb7c023bb5ecd4687b0f216beeffdecc181023d,train,2,0.1,0.35,0.1,24
-0.4356865535996013,2,True,True,False,0xe785180799b7651c6a9a3a5ea636cfec27dc58d8244582e56cc14c0a04ed36a4,train,2,0.1,0.35,0.1,24
-2.0000000000000018,2,True,True,False,0x5613b430144b3498af4baea5a57ffb8f488d96a1d5f148ccdc455859877a36c7,train,2,0.1,0.35,0.1,24
-2.0000000000000018,2,False,False,False,0xb3ac62762b3e6812b343f10ef3c97a558923fd4a9fef7e1769b87775939c8f5c,train,2,0.1,0.35,0.1,24
-2.0000000000000018,2,False,False,False,0xe7946e1bf9111a91a219144798681f02968fb01c909ecc20845021f659e96156,train,2,0.1,0.35,0.1,24
-40.774933126027705,2,True,False,True,0x8ce28f2cc77d8a5e575c8a61ea722f721f3c79d9c4fefd7263842085d8eff6f1,test,2,0.1,0.35,0.1,24
-2.0000000000000018,2,True,True,False,0xba93f83da3d5dca5ca802d866a82036eef5175ac4cde024b0d7810ce960fd45c,train,2,0.1,0.35,0.1,24
-1.9981851206655743,2,True,True,False,0xb61a7428fffecf81731e6b1a74704f88523d6a996aeed55d62ed5197c154f3a0,train,2,0.1,0.35,0.1,24
-2.0000000000000018,2,True,True,False,0xfd706b9d2b57af7643b9306c0a8e01daae63cc5cd38ff92c4070794e2b5430c9,train,2,0.1,0.35,0.1,24
-1.9999999999999907,2,True,True,False,0x660c4a30dbcd989eb3aa3dbf6d400c485f1e21af8df2be0ebf01059cc949bada,test,2,0.1,0.35,0.1,24
-1.9999999999999907,2,True,True,False,0xf058c87bc11ccad23489271b8aee6b63fe505ae7eb4b8b284e2b3ee5bde65861,train,2,0.1,0.35,0.1,72
,0,False,False,False,0xc1916e7e8f34002eadf112f61bb7c023bb5ecd4687b0f216beeffdecc181023d,train,2,0.1,0.35,0.1,72
-0.4356865535996013,2,True,True,False,0xe785180799b7651c6a9a3a5ea636cfec27dc58d8244582e56cc14c0a04ed36a4,train,2,0.1,0.35,0.1,72
-2.0000000000000018,2,True,True,False,0x5613b430144b3498af4baea5a57ffb8f488d96a1d5f148ccdc455859877a36c7,train,2,0.1,0.35,0.1,72
-2.0000000000000018,2,False,False,False,0xb3ac62762b3e6812b343f10ef3c97a558923fd4a9fef7e1769b87775939c8f5c,train,2,0.1,0.35,0.1,72
-2.0000000000000018,2,False,False,False,0xe7946e1bf9111a91a219144798681f02968fb01c909ecc20845021f659e96156,train,2,0.1,0.35,0.1,72
-40.774933126027705,2,True,False,True,0x8ce28f2cc77d8a5e575c8a61ea722f721f3c79d9c4fefd7263842085d8eff6f1,test,2,0.1,0.35,0.1,72
-2.0000000000000018,2,True,True,False,0xba93f83da3d5dca5ca802d866a82036eef5175ac4cde024b0d7810ce960fd45c,train,2,0.1,0.35,0.1,72
-1.9981851206655743,2,True,True,False,0xb61a7428fffecf81731e6b1a74704f88523d6a996aeed55d62ed5197c154f3a0,train,2,0.1,0.35,0.1,72
-2.0000000000000018,2,True,True,False,0xfd706b9d2b57af7643b9306c0a8e01daae63cc5cd38ff92c4070794e2b5430c9,train,2,0.1,0.35,0.1,72
-1.9999999999999907,2,True,True,False,0x660c4a30dbcd989eb3aa3dbf6d400c485f1e21af8df2be0ebf01059cc949bada,test,2,0.1,0.35,0.1,72
-1.9999999999999907,2,True,True,False,0xf058c87bc11ccad23489271b8aee6b63fe505ae7eb4b8b284e2b3ee5bde65861,train,2,0.1,0.35,0.1,168
,0,False,False,False,0xc1916e7e8f34002eadf112f61bb7c023bb5ecd4687b0f216beeffdecc181023d,train,2,0.1,0.35,0.1,168
-0.4356865535996013,2,True,True,False,0xe785180799b7651c6a9a3a5ea636cfec27dc58d8244582e56cc14c0a04ed36a4,train,2,0.1,0.35,0.1,168
-2.0000000000000018,2,True,True,False,0x5613b430144b3498af4baea5a57ffb8f488d96a1d5f148ccdc455859877a36c7,train,2,0.1,0.35,0.1,168
-2.0000000000000018,2,False,False,False,0xb3ac62762b3e6812b343f10ef3c97a558923fd4a9fef7e1769b87775939c8f5c,train,2,0.1,0.35,0.1,168
-2.0000000000000018,2,False,False,False,0xe7946e1bf9111a91a219144798681f02968fb01c909ecc20845021f659e96156,train,2,0.1,0.35,0.1,168
-40.774933126027705,2,True,False,True,0x8ce28f2cc77d8a5e575c8a61ea722f721f3c79d9c4fefd7263842085d8eff6f1,test,2,0.1,0.35,0.1,168
-2.0000000000000018,2,True,True,False,0xba93f83da3d5dca5ca802d866a82036eef5175ac4cde024b0d7810ce960fd45c,train,2,0.1,0.35,0.1,168
-1.9981851206655743,2,True,True,False,0xb61a7428fffecf81731e6b1a74704f88523d6a996aeed55d62ed5197c154f3a0,train,2,0.1,0.35,0.1,168
-2.0000000000000018,2,True,True,False,0xfd706b9d2b57af7643b9306c0a8e01daae63cc5cd38ff92c4070794e2b5430c9,train,2,0.1,0.35,0.1,168
-1.9999999999999907,2,True,True,False,0x660c4a30dbcd989eb3aa3dbf6d400c485f1e21af8df2be0ebf01059cc949bada,test,2,0.1,0.35,0.1,168
-1.9999999999999907,2,True,True,False,0xf058c87bc11ccad23489271b8aee6b63fe505ae7eb4b8b284e2b3ee5bde65861,train,2,0.1,0.35,0.2,24
,0,False,False,False,0xc1916e7e8f34002eadf112f61bb7c023bb5ecd4687b0f216beeffdecc181023d,train,2,0.1,0.35,0.2,24
-0.4356865535996013,2,True,True,False,0xe785180799b7651c6a9a3a5ea636cfec27dc58d8244582e56cc14c0a04ed36a4,train,2,0.1,0.35,0.2,24
-2.0000000000000018,2,True,True,False,0x5613b430144b3498af4baea5a57ffb8f488d96a1d5f148ccdc455859877a36c7,train,2,0.1,0.35,0.2,24
-2.0000000000000018,2,False,False,False,0xb3ac62762b3e6812b343f10ef3c97a558923fd4a9fef7e1769b87775939c8f5c,train,2,0.1,0.35,0.2,24
-2.0000000000000018,2,False,False,False,0xe7946e1bf9111a91a219144798681f02968fb01c909ecc20845021f659e96156,train,2,0.1,0.35,0.2,24
-40.774933126027705,2,True,False,True,0x8ce28f2cc77d8a5e575c8a61ea722f721f3c79d9c4fefd7263842085d8eff6f1,test,2,0.1,0.35,0.2,24
-2.0000000000000018,2,True,True,False,0xba93f83da3d5dca5ca802d866a82036eef5175ac4cde024b0d7810ce960fd45c,train,2,0.1,0.35,0.2,24
-1.9981851206655743,2,True,True,False,0xb61a7428fffecf81731e6b1a74704f88523d6a996aeed55d62ed5197c154f3a0,train,2,0.1,0.35,0.2,24
-2.0000000000000018,2,True,True,False,0xfd706b9d2b57af7643b9306c0a8e01daae63cc5cd38ff92c4070794e2b5430c9,train,2,0.1,0.35,0.2,24
-1.9999999999999907,2,True,True,False,0x660c4a30dbcd989eb3aa3dbf6d400c485f1e21af8df2be0ebf01059cc949bada,test,2,0.1,0.35,0.2,24
-1.9999999999999907,2,True,True,False,0xf058c87bc11ccad23489271b8aee6b63fe505ae7eb4b8b284e2b3ee5bde65861,train,2,0.1,0.35,0.2,72
,0,False,False,False,0xc1916e7e8f34002eadf112f61bb7c023bb5ecd4687b0f216beeffdecc181023d,train,2,0.1,0.35,0.2,72
-0.4356865535996013,2,True,True,False,0xe785180799b7651c6a9a3a5ea636cfec27dc58d8244582e56cc14c0a04ed36a4,train,2,0.1,0.35,0.2,72
-2.0000000000000018,2,True,True,False,0x5613b430144b3498af4baea5a57ffb8f488d96a1d5f148ccdc455859877a36c7,train,2,0.1,0.35,0.2,72
-2.0000000000000018,2,False,False,False,0xb3ac62762b3e6812b343f10ef3c97a558923fd4a9fef7e1769b87775939c8f5c,train,2,0.1,0.35,0.2,72
-2.0000000000000018,2,False,False,False,0xe7946e1bf9111a91a219144798681f02968fb01c909ecc20845021f659e96156,train,2,0.1,0.35,0.2,72
-40.774933126027705,2,True,False,True,0x8ce28f2cc77d8a5e575c8a61ea722f721f3c79d9c4fefd7263842085d8eff6f1,test,2,0.1,0.35,0.2,72
-2.0000000000000018,2,True,True,False,0xba93f83da3d5dca5ca802d866a82036eef5175ac4cde024b0d7810ce960fd45c,train,2,0.1,0.35,0.2,72
-1.9981851206655743,2,True,True,False,0xb61a7428fffecf81731e6b1a74704f88523d6a996aeed55d62ed5197c154f3a0,train,2,0.1,0.35,0.2,72
-2.0000000000000018,2,True,True,False,0xfd706b9d2b57af7643b9306c0a8e01daae63cc5cd38ff92c4070794e2b5430c9,train,2,0.1,0.35,0.2,72
-1.9999999999999907,2,True,True,False,0x660c4a30dbcd989eb3aa3dbf6d400c485f1e21af8df2be0ebf01059cc949bada,test,2,0.1,0.35,0.2,72
-1.9999999999999907,2,True,True,False,0xf058c87bc11ccad23489271b8aee6b63fe505ae7eb4b8b284e2b3ee5bde65861,train,2,0.1,0.35,0.2,168
,0,False,False,False,0xc1916e7e8f34002eadf112f61bb7c023bb5ecd4687b0f216beeffdecc181023d,train,2,0.1,0.35,0.2,168
-0.4356865535996013,2,True,True,False,0xe785180799b7651c6a9a3a5ea636cfec27dc58d8244582e56cc14c0a04ed36a4,train,2,0.1,0.35,0.2,168
-2.0000000000000018,2,True,True,False,0x5613b430144b3498af4baea5a57ffb8f488d96a1d5f148ccdc455859877a36c7,train,2,0.1,0.35,0.2,168
-2.0000000000000018,2,False,False,False,0xb3ac62762b3e6812b343f10ef3c97a558923fd4a9fef7e1769b87775939c8f5c,train,2,0.1,0.35,0.2,168
-2.0000000000000018,2,False,False,False,0xe7946e1bf9111a91a219144798681f02968fb01c909ecc20845021f659e96156,train,2,0.1,0.35,0.2,168
-40.774933126027705,2,True,False,True,0x8ce28f2cc77d8a5e575c8a61ea722f721f3c79d9c4fefd7263842085d8eff6f1,test,2,0.1,0.35,0.2,168
-2.0000000000000018,2,True,True,False,0xba93f83da3d5dca5ca802d866a82036eef5175ac4cde024b0d7810ce960fd45c,train,2,0.1,0.35,0.2,168
-1.9981851206655743,2,True,True,False,0xb61a7428fffecf81731e6b1a74704f88523d6a996aeed55d62ed5197c154f3a0,train,2,0.1,0.35,0.2,168
-2.0000000000000018,2,True,True,False,0xfd706b9d2b57af7643b9306c0a8e01daae63cc5cd38ff92c4070794e2b5430c9,train,2,0.1,0.35,0.2,168
-1.9999999999999907,2,True,True,False,0x660c4a30dbcd989eb3aa3dbf6d400c485f1e21af8df2be0ebf01059cc949bada,test,2,0.1,0.35,0.2,168
-1.9999999999999907,2,True,True,False,0xf058c87bc11ccad23489271b8aee6b63fe505ae7eb4b8b284e2b3ee5bde65861,train,2,0.1,0.5,0.1,24
,0,False,False,False,0xc1916e7e8f34002eadf112f61bb7c023bb5ecd4687b0f216beeffdecc181023d,train,2,0.1,0.5,0.1,24
-1.0775253240344451,2,True,True,False,0xe785180799b7651c6a9a3a5ea636cfec27dc58d8244582e56cc14c0a04ed36a4,train,2,0.1,0.5,0.1,24
-2.000000000000013,2,True,True,False,0x5613b430144b3498af4baea5a57ffb8f488d96a1d5f148ccdc455859877a36c7,train,2,0.1,0.5,0.1,24
-2.0000000000000018,2,False,False,False,0xb3ac62762b3e6812b343f10ef3c97a558923fd4a9fef7e1769b87775939c8f5c,train,2,0.1,0.5,0.1,24
-2.0000000000000018,2,False,False,False,0xe7946e1bf9111a91a219144798681f02968fb01c909ecc20845021f659e96156,train,2,0.1,0.5,0.1,24
-1.7128010840835706,2,True,True,False,0x8ce28f2cc77d8a5e575c8a61ea722f721f3c79d9c4fefd7263842085d8eff6f1,test,2,0.1,0.5,0.1,24
-2.0000000000000018,2,True,True,False,0xba93f83da3d5dca5ca802d866a82036eef5175ac4cde024b0d7810ce960fd45c,train,2,0.1,0.5,0.1,24
-1.9981851206655854,2,True,True,False,0xb61a7428fffecf81731e6b1a74704f88523d6a996aeed55d62ed5197c154f3a0,train,2,0.1,0.5,0.1,24
-2.0000000000000018,2,True,True,False,0xfd706b9d2b57af7643b9306c0a8e01daae63cc5cd38ff92c4070794e2b5430c9,train,2,0.1,0.5,0.1,24
-2.000000000000013,2,True,True,False,0x660c4a30dbcd989eb3aa3dbf6d400c485f1e21af8df2be0ebf01059cc949bada,test,2,0.1,0.5,0.1,24
-1.9999999999999907,2,True,True,False,0xf058c87bc11ccad23489271b8aee6b63fe505ae7eb4b8b284e2b3ee5bde65861,train,2,0.1,0.5,0.1,72
,0,False,False,False,0xc1916e7e8f34002eadf112f61bb7c023bb5ecd4687b0f216beeffdecc181023d,train,2,0.1,0.5,0.1,72
-1.0775253240344451,2,True,True,False,0xe785180799b7651c6a9a3a5ea636cfec27dc58d8244582e56cc14c0a04ed36a4,train,2,0.1,0.5,0.1,72
-2.000000000000013,2,True,True,False,0x5613b430144b3498af4baea5a57ffb8f488d96a1d5f148ccdc455859877a36c7,train,2,0.1,0.5,0.1,72
-2.0000000000000018,2,False,False,False,0xb3ac62762b3e6812b343f10ef3c97a558923fd4a9fef7e1769b87775939c8f5c,train,2,0.1,0.5,0.1,72
-2.0000000000000018,2,False,False,False,0xe7946e1bf9111a91a219144798681f02968fb01c909ecc20845021f659e96156,train,2,0.1,0.5,0.1,72
-1.7128010840835706,2,True,True,False,0x8ce28f2cc77d8a5e575c8a61ea722f721f3c79d9c4fefd7263842085d8eff6f1,test,2,0.1,0.5,0.1,72
-2.0000000000000018,2,True,True,False,0xba93f83da3d5dca5ca802d866a82036eef5175ac4cde024b0d7810ce960fd45c,train,2,0.1,0.5,0.1,72
-1.9981851206655854,2,True,True,False,0xb61a7428fffecf81731e6b1a74704f88523d6a996aeed55d62ed5197c154f3a0,train,2,0.1,0.5,0.1,72
-2.0000000000000018,2,True,True,False,0xfd706b9d2b57af7643b9306c0a8e01daae63cc5cd38ff92c4070794e2b5430c9,train,2,0.1,0.5,0.1,72
-2.000000000000013,2,True,True,False,0x660c4a30dbcd989eb3aa3dbf6d400c485f1e21af8df2be0ebf01059cc949bada,test,2,0.1,0.5,0.1,72
-1.9999999999999907,2,True,True,False,0xf058c87bc11ccad23489271b8aee6b63fe505ae7eb4b8b284e2b3ee5bde65861,train,2,0.1,0.5,0.1,168
,0,False,False,False,0xc1916e7e8f34002eadf112f61bb7c023bb5ecd4687b0f216beeffdecc181023d,train,2,0.1,0.5,0.1,168
-1.0775253240344451,2,True,True,False,0xe785180799b7651c6a9a3a5ea636cfec27dc58d8244582e56cc14c0a04ed36a4,train,2,0.1,0.5,0.1,168
-2.000000000000013,2,True,True,False,0x5613b430144b3498af4baea5a57ffb8f488d96a1d5f148ccdc455859877a36c7,train,2,0.1,0.5,0.1,168
-2.0000000000000018,2,False,False,False,0xb3ac62762b3e6812b343f10ef3c97a558923fd4a9fef7e1769b87775939c8f5c,train,2,0.1,0.5,0.1,168
-2.0000000000000018,2,False,False,False,0xe7946e1bf9111a91a219144798681f02968fb01c909ecc20845021f659e96156,train,2,0.1,0.5,0.1,168
-1.7128010840835706,2,True,True,False,0x8ce28f2cc77d8a5e575c8a61ea722f721f3c79d9c4fefd7263842085d8eff6f1,test,2,0.1,0.5,0.1,168
-2.0000000000000018,2,True,True,False,0xba93f83da3d5dca5ca802d866a82036eef5175ac4cde024b0d7810ce960fd45c,train,2,0.1,0.5,0.1,168
-1.9981851206655854,2,True,True,False,0xb61a7428fffecf81731e6b1a74704f88523d6a996aeed55d62ed5197c154f3a0,train,2,0.1,0.5,0.1,168
-2.0000000000000018,2,True,True,False,0xfd706b9d2b57af7643b9306c0a8e01daae63cc5cd38ff92c4070794e2b5430c9,train,2,0.1,0.5,0.1,168
-2.000000000000013,2,True,True,False,0x660c4a30dbcd989eb3aa3dbf6d400c485f1e21af8df2be0ebf01059cc949bada,test,2,0.1,0.5,0.1,168
-1.9999999999999907,2,True,True,False,0xf058c87bc11ccad23489271b8aee6b63fe505ae7eb4b8b284e2b3ee5bde65861,train,2,0.1,0.5,0.2,24
,0,False,False,False,0xc1916e7e8f34002eadf112f61bb7c023bb5ecd4687b0f216beeffdecc181023d,train,2,0.1,0.5,0.2,24
-1.0775253240344451,2,True,True,False,0xe785180799b7651c6a9a3a5ea636cfec27dc58d8244582e56cc14c0a04ed36a4,train,2,0.1,0.5,0.2,24
-2.000000000000013,2,True,True,False,0x5613b430144b3498af4baea5a57ffb8f488d96a1d5f148ccdc455859877a36c7,train,2,0.1,0.5,0.2,24
-2.0000000000000018,2,False,False,False,0xb3ac62762b3e6812b343f10ef3c97a558923fd4a9fef7e1769b87775939c8f5c,train,2,0.1,0.5,0.2,24
-2.0000000000000018,2,False,False,False,0xe7946e1bf9111a91a219144798681f02968fb01c909ecc20845021f659e96156,train,2,0.1,0.5,0.2,24
-1.7128010840835706,2,True,True,False,0x8ce28f2cc77d8a5e575c8a61ea722f721f3c79d9c4fefd7263842085d8eff6f1,test,2,0.1,0.5,0.2,24
-2.0000000000000018,2,True,True,False,0xba93f83da3d5dca5ca802d866a82036eef5175ac4cde024b0d7810ce960fd45c,train,2,0.1,0.5,0.2,24
-1.9981851206655854,2,True,True,False,0xb61a7428fffecf81731e6b1a74704f88523d6a996aeed55d62ed5197c154f3a0,train,2,0.1,0.5,0.2,24
-2.0000000000000018,2,True,True,False,0xfd706b9d2b57af7643b9306c0a8e01daae63cc5cd38ff92c4070794e2b5430c9,train,2,0.1,0.5,0.2,24
-2.000000000000013,2,True,True,False,0x660c4a30dbcd989eb3aa3dbf6d400c485f1e21af8df2be0ebf01059cc949bada,test,2,0.1,0.5,0.2,24
-1.9999999999999907,2,True,True,False,0xf058c87bc11ccad23489271b8aee6b63fe505ae7eb4b8b284e2b3ee5bde65861,train,2,0.1,0.5,0.2,72
,0,False,False,False,0xc1916e7e8f34002eadf112f61bb7c023bb5ecd4687b0f216beeffdecc181023d,train,2,0.1,0.5,0.2,72
-1.0775253240344451,2,True,True,False,0xe785180799b7651c6a9a3a5ea636cfec27dc58d8244582e56cc14c0a04ed36a4,train,2,0.1,0.5,0.2,72
-2.000000000000013,2,True,True,False,0x5613b430144b3498af4baea5a57ffb8f488d96a1d5f148ccdc455859877a36c7,train,2,0.1,0.5,0.2,72
-2.0000000000000018,2,False,False,False,0xb3ac62762b3e6812b343f10ef3c97a558923fd4a9fef7e1769b87775939c8f5c,train,2,0.1,0.5,0.2,72
-2.0000000000000018,2,False,False,False,0xe7946e1bf9111a91a219144798681f02968fb01c909ecc20845021f659e96156,train,2,0.1,0.5,0.2,72
-1.7128010840835706,2,True,True,False,0x8ce28f2cc77d8a5e575c8a61ea722f721f3c79d9c4fefd7263842085d8eff6f1,test,2,0.1,0.5,0.2,72
-2.0000000000000018,2,True,True,False,0xba93f83da3d5dca5ca802d866a82036eef5175ac4cde024b0d7810ce960fd45c,train,2,0.1,0.5,0.2,72
-1.9981851206655854,2,True,True,False,0xb61a7428fffecf81731e6b1a74704f88523d6a996aeed55d62ed5197c154f3a0,train,2,0.1,0.5,0.2,72
-2.0000000000000018,2,True,True,False,0xfd706b9d2b57af7643b9306c0a8e01daae63cc5cd38ff92c4070794e2b5430c9,train,2,0.1,0.5,0.2,72
-2.000000000000013,2,True,True,False,0x660c4a30dbcd989eb3aa3dbf6d400c485f1e21af8df2be0ebf01059cc949bada,test,2,0.1,0.5,0.2,72
-1.9999999999999907,2,True,True,False,0xf058c87bc11ccad23489271b8aee6b63fe505ae7eb4b8b284e2b3ee5bde65861,train,2,0.1,0.5,0.2,168
,0,False,False,False,0xc1916e7e8f34002eadf112f61bb7c023bb5ecd4687b0f216beeffdecc181023d,train,2,0.1,0.5,0.2,168
-1.0775253240344451,2,True,True,False,0xe785180799b7651c6a9a3a5ea636cfec27dc58d8244582e56cc14c0a04ed36a4,train,2,0.1,0.5,0.2,168
-2.000000000000013,2,True,True,False,0x5613b430144b3498af4baea5a57ffb8f488d96a1d5f148ccdc455859877a36c7,train,2,0.1,0.5,0.2,168
-2.0000000000000018,2,False,False,False,0xb3ac62762b3e6812b343f10ef3c97a558923fd4a9fef7e1769b87775939c8f5c,train,2,0.1,0.5,0.2,168
-2.0000000000000018,2,False,False,False,0xe7946e1bf9111a91a219144798681f02968fb01c909ecc20845021f659e96156,train,2,0.1,0.5,0.2,168
-1.7128010840835706,2,True,True,False,0x8ce28f2cc77d8a5e575c8a61ea722f721f3c79d9c4fefd7263842085d8eff6f1,test,2,0.1,0.5,0.2,168
-2.0000000000000018,2,True,True,False,0xba93f83da3d5dca5ca802d866a82036eef5175ac4cde024b0d7810ce960fd45c,train,2,0.1,0.5,0.2,168
-1.9981851206655854,2,True,True,False,0xb61a7428fffecf81731e6b1a74704f88523d6a996aeed55d62ed5197c154f3a0,train,2,0.1,0.5,0.2,168
-2.0000000000000018,2,True,True,False,0xfd706b9d2b57af7643b9306c0a8e01daae63cc5cd38ff92c4070794e2b5430c9,train,2,0.1,0.5,0.2,168
-2.000000000000013,2,True,True,False,0x660c4a30dbcd989eb3aa3dbf6d400c485f1e21af8df2be0ebf01059cc949bada,test,2,0.1,0.5,0.2,168
-1.9999999999999907,2,True,True,False,0xf058c87bc11ccad23489271b8aee6b63fe505ae7eb4b8b284e2b3ee5bde65861,train,2,0.15,0.25,0.1,24
,0,False,False,False,0xc1916e7e8f34002eadf112f61bb7c023bb5ecd4687b0f216beeffdecc181023d,train,2,0.15,0.25,0.1,24
-1.7561421054478,2,True,True,False,0xe785180799b7651c6a9a3a5ea636cfec27dc58d8244582e56cc14c0a04ed36a4,train,2,0.15,0.25,0.1,24
-1.9999999999999907,2,True,True,False,0x5613b430144b3498af4baea5a57ffb8f488d96a1d5f148ccdc455859877a36c7,train,2,0.15,0.25,0.1,24
-2.0000000000000018,2,False,False,False,0xb3ac62762b3e6812b343f10ef3c97a558923fd4a9fef7e1769b87775939c8f5c,train,2,0.15,0.25,0.1,24
-2.0000000000000018,2,False,False,False,0xe7946e1bf9111a91a219144798681f02968fb01c909ecc20845021f659e96156,train,2,0.15,0.25,0.1,24
-43.350122865547114,2,True,False,True,0x8ce28f2cc77d8a5e575c8a61ea722f721f3c79d9c4fefd7263842085d8eff6f1,test,2,0.15,0.25,0.1,24
-2.0000000000000018,2,True,True,False,0xba93f83da3d5dca5ca802d866a82036eef5175ac4cde024b0d7810ce960fd45c,train,2,0.15,0.25,0.1,24
-1.9904291793091056,2,True,True,False,0xb61a7428fffecf81731e6b1a74704f88523d6a996aeed55d62ed5197c154f3a0,train,2,0.15,0.25,0.1,24
-2.0000000000000018,2,True,True,False,0xfd706b9d2b57af7643b9306c0a8e01daae63cc5cd38ff92c4070794e2b5430c9,train,2,0.15,0.25,0.1,24
-19.34328656381188,2,True,False,True,0x660c4a30dbcd989eb3aa3dbf6d400c485f1e21af8df2be0ebf01059cc949bada,test,2,0.15,0.25,0.1,24
-1.9999999999999907,2,True,True,False,0xf058c87bc11ccad23489271b8aee6b63fe505ae7eb4b8b284e2b3ee5bde65861,train,2,0.15,0.25,0.1,72
,0,False,False,False,0xc1916e7e8f34002eadf112f61bb7c023bb5ecd4687b0f216beeffdecc181023d,train,2,0.15,0.25,0.1,72
-1.7561421054478,2,True,True,False,0xe785180799b7651c6a9a3a5ea636cfec27dc58d8244582e56cc14c0a04ed36a4,train,2,0.15,0.25,0.1,72
-1.9999999999999907,2,True,True,False,0x5613b430144b3498af4baea5a57ffb8f488d96a1d5f148ccdc455859877a36c7,train,2,0.15,0.25,0.1,72
-2.0000000000000018,2,False,False,False,0xb3ac62762b3e6812b343f10ef3c97a558923fd4a9fef7e1769b87775939c8f5c,train,2,0.15,0.25,0.1,72
-2.0000000000000018,2,False,False,False,0xe7946e1bf9111a91a219144798681f02968fb01c909ecc20845021f659e96156,train,2,0.15,0.25,0.1,72
-43.350122865547114,2,True,False,True,0x8ce28f2cc77d8a5e575c8a61ea722f721f3c79d9c4fefd7263842085d8eff6f1,test,2,0.15,0.25,0.1,72
-2.0000000000000018,2,True,True,False,0xba93f83da3d5dca5ca802d866a82036eef5175ac4cde024b0d7810ce960fd45c,train,2,0.15,0.25,0.1,72
-1.9904291793091056,2,True,True,False,0xb61a7428fffecf81731e6b1a74704f88523d6a996aeed55d62ed5197c154f3a0,train,2,0.15,0.25,0.1,72
-2.0000000000000018,2,True,True,False,0xfd706b9d2b57af7643b9306c0a8e01daae63cc5cd38ff92c4070794e2b5430c9,train,2,0.15,0.25,0.1,72
-19.34328656381188,2,True,False,True,0x660c4a30dbcd989eb3aa3dbf6d400c485f1e21af8df2be0ebf01059cc949bada,test,2,0.15,0.25,0.1,72
-1.9999999999999907,2,True,True,False,0xf058c87bc11ccad23489271b8aee6b63fe505ae7eb4b8b284e2b3ee5bde65861,train,2,0.15,0.25,0.1,168
,0,False,False,False,0xc1916e7e8f34002eadf112f61bb7c023bb5ecd4687b0f216beeffdecc181023d,train,2,0.15,0.25,0.1,168
-1.7561421054478,2,True,True,False,0xe785180799b7651c6a9a3a5ea636cfec27dc58d8244582e56cc14c0a04ed36a4,train,2,0.15,0.25,0.1,168
-1.9999999999999907,2,True,True,False,0x5613b430144b3498af4baea5a57ffb8f488d96a1d5f148ccdc455859877a36c7,train,2,0.15,0.25,0.1,168
-2.0000000000000018,2,False,False,False,0xb3ac62762b3e6812b343f10ef3c97a558923fd4a9fef7e1769b87775939c8f5c,train,2,0.15,0.25,0.1,168
-2.0000000000000018,2,False,False,False,0xe7946e1bf9111a91a219144798681f02968fb01c909ecc20845021f659e96156,train,2,0.15,0.25,0.1,168
-43.350122865547114,2,True,False,True,0x8ce28f2cc77d8a5e575c8a61ea722f721f3c79d9c4fefd7263842085d8eff6f1,test,2,0.15,0.25,0.1,168
-2.0000000000000018,2,True,True,False,0xba93f83da3d5dca5ca802d866a82036eef5175ac4cde024b0d7810ce960fd45c,train,2,0.15,0.25,0.1,168
-1.9904291793091056,2,True,True,False,0xb61a7428fffecf81731e6b1a74704f88523d6a996aeed55d62ed5197c154f3a0,train,2,0.15,0.25,0.1,168
-2.0000000000000018,2,True,True,False,0xfd706b9d2b57af7643b9306c0a8e01daae63cc5cd38ff92c4070794e2b5430c9,train,2,0.15,0.25,0.1,168
-19.34328656381188,2,True,False,True,0x660c4a30dbcd989eb3aa3dbf6d400c485f1e21af8df2be0ebf01059cc949bada,test,2,0.15,0.25,0.1,168
-1.9999999999999907,2,True,True,False,0xf058c87bc11ccad23489271b8aee6b63fe505ae7eb4b8b284e2b3ee5bde65861,train,2,0.15,0.25,0.2,24
,0,False,False,False,0xc1916e7e8f34002eadf112f61bb7c023bb5ecd4687b0f216beeffdecc181023d,train,2,0.15,0.25,0.2,24
-1.7561421054478,2,True,True,False,0xe785180799b7651c6a9a3a5ea636cfec27dc58d8244582e56cc14c0a04ed36a4,train,2,0.15,0.25,0.2,24
-1.9999999999999907,2,True,True,False,0x5613b430144b3498af4baea5a57ffb8f488d96a1d5f148ccdc455859877a36c7,train,2,0.15,0.25,0.2,24
-2.0000000000000018,2,False,False,False,0xb3ac62762b3e6812b343f10ef3c97a558923fd4a9fef7e1769b87775939c8f5c,train,2,0.15,0.25,0.2,24
-2.0000000000000018,2,False,False,False,0xe7946e1bf9111a91a219144798681f02968fb01c909ecc20845021f659e96156,train,2,0.15,0.25,0.2,24
-43.350122865547114,2,True,False,True,0x8ce28f2cc77d8a5e575c8a61ea722f721f3c79d9c4fefd7263842085d8eff6f1,test,2,0.15,0.25,0.2,24
-2.0000000000000018,2,True,True,False,0xba93f83da3d5dca5ca802d866a82036eef5175ac4cde024b0d7810ce960fd45c,train,2,0.15,0.25,0.2,24
-1.9904291793091056,2,True,True,False,0xb61a7428fffecf81731e6b1a74704f88523d6a996aeed55d62ed5197c154f3a0,train,2,0.15,0.25,0.2,24
-2.0000000000000018,2,True,True,False,0xfd706b9d2b57af7643b9306c0a8e01daae63cc5cd38ff92c4070794e2b5430c9,train,2,0.15,0.25,0.2,24
-32.011038621606716,2,True,False,True,0x660c4a30dbcd989eb3aa3dbf6d400c485f1e21af8df2be0ebf01059cc949bada,test,2,0.15,0.25,0.2,24
-1.9999999999999907,2,True,True,False,0xf058c87bc11ccad23489271b8aee6b63fe505ae7eb4b8b284e2b3ee5bde65861,train,2,0.15,0.25,0.2,72
,0,False,False,False,0xc1916e7e8f34002eadf112f61bb7c023bb5ecd4687b0f216beeffdecc181023d,train,2,0.15,0.25,0.2,72
-1.7561421054478,2,True,True,False,0xe785180799b7651c6a9a3a5ea636cfec27dc58d8244582e56cc14c0a04ed36a4,train,2,0.15,0.25,0.2,72
-1.9999999999999907,2,True,True,False,0x5613b430144b3498af4baea5a57ffb8f488d96a1d5f148ccdc455859877a36c7,train,2,0.15,0.25,0.2,72
-2.0000000000000018,2,False,False,False,0xb3ac62762b3e6812b343f10ef3c97a558923fd4a9fef7e1769b87775939c8f5c,train,2,0.15,0.25,0.2,72
-2.0000000000000018,2,False,False,False,0xe7946e1bf9111a91a219144798681f02968fb01c909ecc20845021f659e96156,train,2,0.15,0.25,0.2,72
-43.350122865547114,2,True,False,True,0x8ce28f2cc77d8a5e575c8a61ea722f721f3c79d9c4fefd7263842085d8eff6f1,test,2,0.15,0.25,0.2,72
-2.0000000000000018,2,True,True,False,0xba93f83da3d5dca5ca802d866a82036eef5175ac4cde024b0d7810ce960fd45c,train,2,0.15,0.25,0.2,72
-1.9904291793091056,2,True,True,False,0xb61a7428fffecf81731e6b1a74704f88523d6a996aeed55d62ed5197c154f3a0,train,2,0.15,0.25,0.2,72
-2.0000000000000018,2,True,True,False,0xfd706b9d2b57af7643b9306c0a8e01daae63cc5cd38ff92c4070794e2b5430c9,train,2,0.15,0.25,0.2,72
-32.011038621606716,2,True,False,True,0x660c4a30dbcd989eb3aa3dbf6d400c485f1e21af8df2be0ebf01059cc949bada,test,2,0.15,0.25,0.2,72
-1.9999999999999907,2,True,True,False,0xf058c87bc11ccad23489271b8aee6b63fe505ae7eb4b8b284e2b3ee5bde65861,train,2,0.15,0.25,0.2,168
,0,False,False,False,0xc1916e7e8f34002eadf112f61bb7c023bb5ecd4687b0f216beeffdecc181023d,train,2,0.15,0.25,0.2,168
-1.7561421054478,2,True,True,False,0xe785180799b7651c6a9a3a5ea636cfec27dc58d8244582e56cc14c0a04ed36a4,train,2,0.15,0.25,0.2,168
-1.9999999999999907,2,True,True,False,0x5613b430144b3498af4baea5a57ffb8f488d96a1d5f148ccdc455859877a36c7,train,2,0.15,0.25,0.2,168
-2.0000000000000018,2,False,False,False,0xb3ac62762b3e6812b343f10ef3c97a558923fd4a9fef7e1769b87775939c8f5c,train,2,0.15,0.25,0.2,168
-2.0000000000000018,2,False,False,False,0xe7946e1bf9111a91a219144798681f02968fb01c909ecc20845021f659e96156,train,2,0.15,0.25,0.2,168
-43.350122865547114,2,True,False,True,0x8ce28f2cc77d8a5e575c8a61ea722f721f3c79d9c4fefd7263842085d8eff6f1,test,2,0.15,0.25,0.2,168
-2.0000000000000018,2,True,True,False,0xba93f83da3d5dca5ca802d866a82036eef5175ac4cde024b0d7810ce960fd45c,train,2,0.15,0.25,0.2,168
-1.9904291793091056,2,True,True,False,0xb61a7428fffecf81731e6b1a74704f88523d6a996aeed55d62ed5197c154f3a0,train,2,0.15,0.25,0.2,168
-2.0000000000000018,2,True,True,False,0xfd706b9d2b57af7643b9306c0a8e01daae63cc5cd38ff92c4070794e2b5430c9,train,2,0.15,0.25,0.2,168
-32.011038621606716,2,True,False,True,0x660c4a30dbcd989eb3aa3dbf6d400c485f1e21af8df2be0ebf01059cc949bada,test,2,0.15,0.25,0.2,168
-2.000000000000013,2,True,True,False,0xf058c87bc11ccad23489271b8aee6b63fe505ae7eb4b8b284e2b3ee5bde65861,train,2,0.15,0.35,0.1,24
,0,False,False,False,0xc1916e7e8f34002eadf112f61bb7c023bb5ecd4687b0f216beeffdecc181023d,train,2,0.15,0.35,0.1,24
-1.8821490102064353,2,True,True,False,0xe785180799b7651c6a9a3a5ea636cfec27dc58d8244582e56cc14c0a04ed36a4,train,2,0.15,0.35,0.1,24
-2.0000000000000018,2,True,True,False,0x5613b430144b3498af4baea5a57ffb8f488d96a1d5f148ccdc455859877a36c7,train,2,0.15,0.35,0.1,24
-2.0000000000000018,2,False,False,False,0xb3ac62762b3e6812b343f10ef3c97a558923fd4a9fef7e1769b87775939c8f5c,train,2,0.15,0.35,0.1,24
-2.0000000000000018,2,False,False,False,0xe7946e1bf9111a91a219144798681f02968fb01c909ecc20845021f659e96156,train,2,0.15,0.35,0.1,24
-38.99992593514959,2,True,False,True,0x8ce28f2cc77d8a5e575c8a61ea722f721f3c79d9c4fefd7263842085d8eff6f1,test,2,0.15,0.35,0.1,24
-2.0000000000000018,2,True,True,False,0xba93f83da3d5dca5ca802d866a82036eef5175ac4cde024b0d7810ce960fd45c,train,2,0.15,0.35,0.1,24
-1.9904291793091167,2,True,True,False,0xb61a7428fffecf81731e6b1a74704f88523d6a996aeed55d62ed5197c154f3a0,train,2,0.15,0.35,0.1,24
-2.0000000000000018,2,True,True,False,0xfd706b9d2b57af7643b9306c0a8e01daae63cc5cd38ff92c4070794e2b5430c9,train,2,0.15,0.35,0.1,24
-26.819795607541696,2,True,False,True,0x660c4a30dbcd989eb3aa3dbf6d400c485f1e21af8df2be0ebf01059cc949bada,test,2,0.15,0.35,0.1,24
-2.000000000000013,2,True,True,False,0xf058c87bc11ccad23489271b8aee6b63fe505ae7eb4b8b284e2b3ee5bde65861,train,2,0.15,0.35,0.1,72
,0,False,False,False,0xc1916e7e8f34002eadf112f61bb7c023bb5ecd4687b0f216beeffdecc181023d,train,2,0.15,0.35,0.1,72
-1.8821490102064353,2,True,True,False,0xe785180799b7651c6a9a3a5ea636cfec27dc58d8244582e56cc14c0a04ed36a4,train,2,0.15,0.35,0.1,72
-2.0000000000000018,2,True,True,False,0x5613b430144b3498af4baea5a57ffb8f488d96a1d5f148ccdc455859877a36c7,train,2,0.15,0.35,0.1,72
-2.0000000000000018,2,False,False,False,0xb3ac62762b3e6812b343f10ef3c97a558923fd4a9fef7e1769b87775939c8f5c,train,2,0.15,0.35,0.1,72
-2.0000000000000018,2,False,False,False,0xe7946e1bf9111a91a219144798681f02968fb01c909ecc20845021f659e96156,train,2,0.15,0.35,0.1,72
-38.99992593514959,2,True,False,True,0x8ce28f2cc77d8a5e575c8a61ea722f721f3c79d9c4fefd7263842085d8eff6f1,test,2,0.15,0.35,0.1,72
-2.0000000000000018,2,True,True,False,0xba93f83da3d5dca5ca802d866a82036eef5175ac4cde024b0d7810ce960fd45c,train,2,0.15,0.35,0.1,72
-1.9904291793091167,2,True,True,False,0xb61a7428fffecf81731e6b1a74704f88523d6a996aeed55d62ed5197c154f3a0,train,2,0.15,0.35,0.1,72
-2.0000000000000018,2,True,True,False,0xfd706b9d2b57af7643b9306c0a8e01daae63cc5cd38ff92c4070794e2b5430c9,train,2,0.15,0.35,0.1,72
-26.819795607541696,2,True,False,True,0x660c4a30dbcd989eb3aa3dbf6d400c485f1e21af8df2be0ebf01059cc949bada,test,2,0.15,0.35,0.1,72
-2.000000000000013,2,True,True,False,0xf058c87bc11ccad23489271b8aee6b63fe505ae7eb4b8b284e2b3ee5bde65861,train,2,0.15,0.35,0.1,168
,0,False,False,False,0xc1916e7e8f34002eadf112f61bb7c023bb5ecd4687b0f216beeffdecc181023d,train,2,0.15,0.35,0.1,168
-1.8821490102064353,2,True,True,False,0xe785180799b7651c6a9a3a5ea636cfec27dc58d8244582e56cc14c0a04ed36a4,train,2,0.15,0.35,0.1,168
-2.0000000000000018,2,True,True,False,0x5613b430144b3498af4baea5a57ffb8f488d96a1d5f148ccdc455859877a36c7,train,2,0.15,0.35,0.1,168
-2.0000000000000018,2,False,False,False,0xb3ac62762b3e6812b343f10ef3c97a558923fd4a9fef7e1769b87775939c8f5c,train,2,0.15,0.35,0.1,168
-2.0000000000000018,2,False,False,False,0xe7946e1bf9111a91a219144798681f02968fb01c909ecc20845021f659e96156,train,2,0.15,0.35,0.1,168
-38.99992593514959,2,True,False,True,0x8ce28f2cc77d8a5e575c8a61ea722f721f3c79d9c4fefd7263842085d8eff6f1,test,2,0.15,0.35,0.1,168
-2.0000000000000018,2,True,True,False,0xba93f83da3d5dca5ca802d866a82036eef5175ac4cde024b0d7810ce960fd45c,train,2,0.15,0.35,0.1,168
-1.9904291793091167,2,True,True,False,0xb61a7428fffecf81731e6b1a74704f88523d6a996aeed55d62ed5197c154f3a0,train,2,0.15,0.35,0.1,168
-2.0000000000000018,2,True,True,False,0xfd706b9d2b57af7643b9306c0a8e01daae63cc5cd38ff92c4070794e2b5430c9,train,2,0.15,0.35,0.1,168
-26.819795607541696,2,True,False,True,0x660c4a30dbcd989eb3aa3dbf6d400c485f1e21af8df2be0ebf01059cc949bada,test,2,0.15,0.35,0.1,168
-2.000000000000013,2,True,True,False,0xf058c87bc11ccad23489271b8aee6b63fe505ae7eb4b8b284e2b3ee5bde65861,train,2,0.15,0.35,0.2,24
,0,False,False,False,0xc1916e7e8f34002eadf112f61bb7c023bb5ecd4687b0f216beeffdecc181023d,train,2,0.15,0.35,0.2,24
-1.8821490102064353,2,True,True,False,0xe785180799b7651c6a9a3a5ea636cfec27dc58d8244582e56cc14c0a04ed36a4,train,2,0.15,0.35,0.2,24
-2.0000000000000018,2,True,True,False,0x5613b430144b3498af4baea5a57ffb8f488d96a1d5f148ccdc455859877a36c7,train,2,0.15,0.35,0.2,24
-2.0000000000000018,2,False,False,False,0xb3ac62762b3e6812b343f10ef3c97a558923fd4a9fef7e1769b87775939c8f5c,train,2,0.15,0.35,0.2,24
-2.0000000000000018,2,False,False,False,0xe7946e1bf9111a91a219144798681f02968fb01c909ecc20845021f659e96156,train,2,0.15,0.35,0.2,24
-38.99992593514959,2,True,False,True,0x8ce28f2cc77d8a5e575c8a61ea722f721f3c79d9c4fefd7263842085d8eff6f1,test,2,0.15,0.35,0.2,24
-2.0000000000000018,2,True,True,False,0xba93f83da3d5dca5ca802d866a82036eef5175ac4cde024b0d7810ce960fd45c,train,2,0.15,0.35,0.2,24
-1.9904291793091167,2,True,True,False,0xb61a7428fffecf81731e6b1a74704f88523d6a996aeed55d62ed5197c154f3a0,train,2,0.15,0.35,0.2,24
-2.0000000000000018,2,True,True,False,0xfd706b9d2b57af7643b9306c0a8e01daae63cc5cd38ff92c4070794e2b5430c9,train,2,0.15,0.35,0.2,24
-34.645849102854164,2,True,False,True,0x660c4a30dbcd989eb3aa3dbf6d400c485f1e21af8df2be0ebf01059cc949bada,test,2,0.15,0.35,0.2,24
-2.000000000000013,2,True,True,False,0xf058c87bc11ccad23489271b8aee6b63fe505ae7eb4b8b284e2b3ee5bde65861,train,2,0.15,0.35,0.2,72
,0,False,False,False,0xc1916e7e8f34002eadf112f61bb7c023bb5ecd4687b0f216beeffdecc181023d,train,2,0.15,0.35,0.2,72
-1.8821490102064353,2,True,True,False,0xe785180799b7651c6a9a3a5ea636cfec27dc58d8244582e56cc14c0a04ed36a4,train,2,0.15,0.35,0.2,72
-2.0000000000000018,2,True,True,False,0x5613b430144b3498af4baea5a57ffb8f488d96a1d5f148ccdc455859877a36c7,train,2,0.15,0.35,0.2,72
-2.0000000000000018,2,False,False,False,0xb3ac62762b3e6812b343f10ef3c97a558923fd4a9fef7e1769b87775939c8f5c,train,2,0.15,0.35,0.2,72
-2.0000000000000018,2,False,False,False,0xe7946e1bf9111a91a219144798681f02968fb01c909ecc20845021f659e96156,train,2,0.15,0.35,0.2,72
-38.99992593514959,2,True,False,True,0x8ce28f2cc77d8a5e575c8a61ea722f721f3c79d9c4fefd7263842085d8eff6f1,test,2,0.15,0.35,0.2,72
-2.0000000000000018,2,True,True,False,0xba93f83da3d5dca5ca802d866a82036eef5175ac4cde024b0d7810ce960fd45c,train,2,0.15,0.35,0.2,72
-1.9904291793091167,2,True,True,False,0xb61a7428fffecf81731e6b1a74704f88523d6a996aeed55d62ed5197c154f3a0,train,2,0.15,0.35,0.2,72
-2.0000000000000018,2,True,True,False,0xfd706b9d2b57af7643b9306c0a8e01daae63cc5cd38ff92c4070794e2b5430c9,train,2,0.15,0.35,0.2,72
-34.645849102854164,2,True,False,True,0x660c4a30dbcd989eb3aa3dbf6d400c485f1e21af8df2be0ebf01059cc949bada,test,2,0.15,0.35,0.2,72
-2.000000000000013,2,True,True,False,0xf058c87bc11ccad23489271b8aee6b63fe505ae7eb4b8b284e2b3ee5bde65861,train,2,0.15,0.35,0.2,168
,0,False,False,False,0xc1916e7e8f34002eadf112f61bb7c023bb5ecd4687b0f216beeffdecc181023d,train,2,0.15,0.35,0.2,168
-1.8821490102064353,2,True,True,False,0xe785180799b7651c6a9a3a5ea636cfec27dc58d8244582e56cc14c0a04ed36a4,train,2,0.15,0.35,0.2,168
-2.0000000000000018,2,True,True,False,0x5613b430144b3498af4baea5a57ffb8f488d96a1d5f148ccdc455859877a36c7,train,2,0.15,0.35,0.2,168
-2.0000000000000018,2,False,False,False,0xb3ac62762b3e6812b343f10ef3c97a558923fd4a9fef7e1769b87775939c8f5c,train,2,0.15,0.35,0.2,168
-2.0000000000000018,2,False,False,False,0xe7946e1bf9111a91a219144798681f02968fb01c909ecc20845021f659e96156,train,2,0.15,0.35,0.2,168
-38.99992593514959,2,True,False,True,0x8ce28f2cc77d8a5e575c8a61ea722f721f3c79d9c4fefd7263842085d8eff6f1,test,2,0.15,0.35,0.2,168
-2.0000000000000018,2,True,True,False,0xba93f83da3d5dca5ca802d866a82036eef5175ac4cde024b0d7810ce960fd45c,train,2,0.15,0.35,0.2,168
-1.9904291793091167,2,True,True,False,0xb61a7428fffecf81731e6b1a74704f88523d6a996aeed55d62ed5197c154f3a0,train,2,0.15,0.35,0.2,168
-2.0000000000000018,2,True,True,False,0xfd706b9d2b57af7643b9306c0a8e01daae63cc5cd38ff92c4070794e2b5430c9,train,2,0.15,0.35,0.2,168
-34.645849102854164,2,True,False,True,0x660c4a30dbcd989eb3aa3dbf6d400c485f1e21af8df2be0ebf01059cc949bada,test,2,0.15,0.35,0.2,168
-2.0000000000000018,2,True,True,False,0xf058c87bc11ccad23489271b8aee6b63fe505ae7eb4b8b284e2b3ee5bde65861,train,2,0.15,0.5,0.1,24
,0,False,False,False,0xc1916e7e8f34002eadf112f61bb7c023bb5ecd4687b0f216beeffdecc181023d,train,2,0.15,0.5,0.1,24
-1.936519028763839,2,True,True,False,0xe785180799b7651c6a9a3a5ea636cfec27dc58d8244582e56cc14c0a04ed36a4,train,2,0.15,0.5,0.1,24
-2.0000000000000018,2,True,True,False,0x5613b430144b3498af4baea5a57ffb8f488d96a1d5f148ccdc455859877a36c7,train,2,0.15,0.5,0.1,24
-1.9999999999999907,2,False,False,False,0xb3ac62762b3e6812b343f10ef3c97a558923fd4a9fef7e1769b87775939c8f5c,train,2,0.15,0.5,0.1,24
-2.0000000000000018,2,False,False,False,0xe7946e1bf9111a91a219144798681f02968fb01c909ecc20845021f659e96156,train,2,0.15,0.5,0.1,24
-1.7418720658996856,2,True,True,False,0x8ce28f2cc77d8a5e575c8a61ea722f721f3c79d9c4fefd7263842085d8eff6f1,test,2,0.15,0.5,0.1,24
-2.000000000000013,2,True,True,False,0xba93f83da3d5dca5ca802d866a82036eef5175ac4cde024b0d7810ce960fd45c,train,2,0.15,0.5,0.1,24
-1.9904291793091167,2,True,True,False,0xb61a7428fffecf81731e6b1a74704f88523d6a996aeed55d62ed5197c154f3a0,train,2,0.15,0.5,0.1,24
-2.0000000000000018,2,True,True,False,0xfd706b9d2b57af7643b9306c0a8e01daae63cc5cd38ff92c4070794e2b5430c9,train,2,0.15,0.5,0.1,24
-34.0398223614928,2,True,False,True,0x660c4a30dbcd989eb3aa3dbf6d400c485f1e21af8df2be0ebf01059cc949bada,test,2,0.15,0.5,0.1,24
-2.0000000000000018,2,True,True,False,0xf058c87bc11ccad23489271b8aee6b63fe505ae7eb4b8b284e2b3ee5bde65861,train,2,0.15,0.5,0.1,72
,0,False,False,False,0xc1916e7e8f34002eadf112f61bb7c023bb5ecd4687b0f216beeffdecc181023d,train,2,0.15,0.5,0.1,72
-1.936519028763839,2,True,True,False,0xe785180799b7651c6a9a3a5ea636cfec27dc58d8244582e56cc14c0a04ed36a4,train,2,0.15,0.5,0.1,72
-2.0000000000000018,2,True,True,False,0x5613b430144b3498af4baea5a57ffb8f488d96a1d5f148ccdc455859877a36c7,train,2,0.15,0.5,0.1,72
-1.9999999999999907,2,False,False,False,0xb3ac62762b3e6812b343f10ef3c97a558923fd4a9fef7e1769b87775939c8f5c,train,2,0.15,0.5,0.1,72
-2.0000000000000018,2,False,False,False,0xe7946e1bf9111a91a219144798681f02968fb01c909ecc20845021f659e96156,train,2,0.15,0.5,0.1,72
-1.7418720658996856,2,True,True,False,0x8ce28f2cc77d8a5e575c8a61ea722f721f3c79d9c4fefd7263842085d8eff6f1,test,2,0.15,0.5,0.1,72
-2.000000000000013,2,True,True,False,0xba93f83da3d5dca5ca802d866a82036eef5175ac4cde024b0d7810ce960fd45c,train,2,0.15,0.5,0.1,72
-1.9904291793091167,2,True,True,False,0xb61a7428fffecf81731e6b1a74704f88523d6a996aeed55d62ed5197c154f3a0,train,2,0.15,0.5,0.1,72
-2.0000000000000018,2,True,True,False,0xfd706b9d2b57af7643b9306c0a8e01daae63cc5cd38ff92c4070794e2b5430c9,train,2,0.15,0.5,0.1,72
-34.0398223614928,2,True,False,True,0x660c4a30dbcd989eb3aa3dbf6d400c485f1e21af8df2be0ebf01059cc949bada,test,2,0.15,0.5,0.1,72
-2.0000000000000018,2,True,True,False,0xf058c87bc11ccad23489271b8aee6b63fe505ae7eb4b8b284e2b3ee5bde65861,train,2,0.15,0.5,0.1,168
,0,False,False,False,0xc1916e7e8f34002eadf112f61bb7c023bb5ecd4687b0f216beeffdecc181023d,train,2,0.15,0.5,0.1,168
-1.936519028763839,2,True,True,False,0xe785180799b7651c6a9a3a5ea636cfec27dc58d8244582e56cc14c0a04ed36a4,train,2,0.15,0.5,0.1,168
-2.0000000000000018,2,True,True,False,0x5613b430144b3498af4baea5a57ffb8f488d96a1d5f148ccdc455859877a36c7,train,2,0.15,0.5,0.1,168
-1.9999999999999907,2,False,False,False,0xb3ac62762b3e6812b343f10ef3c97a558923fd4a9fef7e1769b87775939c8f5c,train,2,0.15,0.5,0.1,168
-2.0000000000000018,2,False,False,False,0xe7946e1bf9111a91a219144798681f02968fb01c909ecc20845021f659e96156,train,2,0.15,0.5,0.1,168
-1.7418720658996856,2,True,True,False,0x8ce28f2cc77d8a5e575c8a61ea722f721f3c79d9c4fefd7263842085d8eff6f1,test,2,0.15,0.5,0.1,168
-2.000000000000013,2,True,True,False,0xba93f83da3d5dca5ca802d866a82036eef5175ac4cde024b0d7810ce960fd45c,train,2,0.15,0.5,0.1,168
-1.9904291793091167,2,True,True,False,0xb61a7428fffecf81731e6b1a74704f88523d6a996aeed55d62ed5197c154f3a0,train,2,0.15,0.5,0.1,168
-2.0000000000000018,2,True,True,False,0xfd706b9d2b57af7643b9306c0a8e01daae63cc5cd38ff92c4070794e2b5430c9,train,2,0.15,0.5,0.1,168
-34.0398223614928,2,True,False,True,0x660c4a30dbcd989eb3aa3dbf6d400c485f1e21af8df2be0ebf01059cc949bada,test,2,0.15,0.5,0.1,168
-2.0000000000000018,2,True,True,False,0xf058c87bc11ccad23489271b8aee6b63fe505ae7eb4b8b284e2b3ee5bde65861,train,2,0.15,0.5,0.2,24
,0,False,False,False,0xc1916e7e8f34002eadf112f61bb7c023bb5ecd4687b0f216beeffdecc181023d,train,2,0.15,0.5,0.2,24
-1.936519028763839,2,True,True,False,0xe785180799b7651c6a9a3a5ea636cfec27dc58d8244582e56cc14c0a04ed36a4,train,2,0.15,0.5,0.2,24
-2.0000000000000018,2,True,True,False,0x5613b430144b3498af4baea5a57ffb8f488d96a1d5f148ccdc455859877a36c7,train,2,0.15,0.5,0.2,24
-1.9999999999999907,2,False,False,False,0xb3ac62762b3e6812b343f10ef3c97a558923fd4a9fef7e1769b87775939c8f5c,train,2,0.15,0.5,0.2,24
-2.0000000000000018,2,False,False,False,0xe7946e1bf9111a91a219144798681f02968fb01c909ecc20845021f659e96156,train,2,0.15,0.5,0.2,24
-1.7418720658996856,2,True,True,False,0x8ce28f2cc77d8a5e575c8a61ea722f721f3c79d9c4fefd7263842085d8eff6f1,test,2,0.15,0.5,0.2,24
-2.000000000000013,2,True,True,False,0xba93f83da3d5dca5ca802d866a82036eef5175ac4cde024b0d7810ce960fd45c,train,2,0.15,0.5,0.2,24
-1.9904291793091167,2,True,True,False,0xb61a7428fffecf81731e6b1a74704f88523d6a996aeed55d62ed5197c154f3a0,train,2,0.15,0.5,0.2,24
-2.0000000000000018,2,True,True,False,0xfd706b9d2b57af7643b9306c0a8e01daae63cc5cd38ff92c4070794e2b5430c9,train,2,0.15,0.5,0.2,24
-41.97258163846017,2,True,False,True,0x660c4a30dbcd989eb3aa3dbf6d400c485f1e21af8df2be0ebf01059cc949bada,test,2,0.15,0.5,0.2,24
-2.0000000000000018,2,True,True,False,0xf058c87bc11ccad23489271b8aee6b63fe505ae7eb4b8b284e2b3ee5bde65861,train,2,0.15,0.5,0.2,72
,0,False,False,False,0xc1916e7e8f34002eadf112f61bb7c023bb5ecd4687b0f216beeffdecc181023d,train,2,0.15,0.5,0.2,72
-1.936519028763839,2,True,True,False,0xe785180799b7651c6a9a3a5ea636cfec27dc58d8244582e56cc14c0a04ed36a4,train,2,0.15,0.5,0.2,72
-2.0000000000000018,2,True,True,False,0x5613b430144b3498af4baea5a57ffb8f488d96a1d5f148ccdc455859877a36c7,train,2,0.15,0.5,0.2,72
-1.9999999999999907,2,False,False,False,0xb3ac62762b3e6812b343f10ef3c97a558923fd4a9fef7e1769b87775939c8f5c,train,2,0.15,0.5,0.2,72
-2.0000000000000018,2,False,False,False,0xe7946e1bf9111a91a219144798681f02968fb01c909ecc20845021f659e96156,train,2,0.15,0.5,0.2,72
-1.7418720658996856,2,True,True,False,0x8ce28f2cc77d8a5e575c8a61ea722f721f3c79d9c4fefd7263842085d8eff6f1,test,2,0.15,0.5,0.2,72
-2.000000000000013,2,True,True,False,0xba93f83da3d5dca5ca802d866a82036eef5175ac4cde024b0d7810ce960fd45c,train,2,0.15,0.5,0.2,72
-1.9904291793091167,2,True,True,False,0xb61a7428fffecf81731e6b1a74704f88523d6a996aeed55d62ed5197c154f3a0,train,2,0.15,0.5,0.2,72
-2.0000000000000018,2,True,True,False,0xfd706b9d2b57af7643b9306c0a8e01daae63cc5cd38ff92c4070794e2b5430c9,train,2,0.15,0.5,0.2,72
-41.97258163846017,2,True,False,True,0x660c4a30dbcd989eb3aa3dbf6d400c485f1e21af8df2be0ebf01059cc949bada,test,2,0.15,0.5,0.2,72
-2.0000000000000018,2,True,True,False,0xf058c87bc11ccad23489271b8aee6b63fe505ae7eb4b8b284e2b3ee5bde65861,train,2,0.15,0.5,0.2,168
,0,False,False,False,0xc1916e7e8f34002eadf112f61bb7c023bb5ecd4687b0f216beeffdecc181023d,train,2,0.15,0.5,0.2,168
-1.936519028763839,2,True,True,False,0xe785180799b7651c6a9a3a5ea636cfec27dc58d8244582e56cc14c0a04ed36a4,train,2,0.15,0.5,0.2,168
-2.0000000000000018,2,True,True,False,0x5613b430144b3498af4baea5a57ffb8f488d96a1d5f148ccdc455859877a36c7,train,2,0.15,0.5,0.2,168
-1.9999999999999907,2,False,False,False,0xb3ac62762b3e6812b343f10ef3c97a558923fd4a9fef7e1769b87775939c8f5c,train,2,0.15,0.5,0.2,168
-2.0000000000000018,2,False,False,False,0xe7946e1bf9111a91a219144798681f02968fb01c909ecc20845021f659e96156,train,2,0.15,0.5,0.2,168
-1.7418720658996856,2,True,True,False,0x8ce28f2cc77d8a5e575c8a61ea722f721f3c79d9c4fefd7263842085d8eff6f1,test,2,0.15,0.5,0.2,168
-2.000000000000013,2,True,True,False,0xba93f83da3d5dca5ca802d866a82036eef5175ac4cde024b0d7810ce960fd45c,train,2,0.15,0.5,0.2,168
-1.9904291793091167,2,True,True,False,0xb61a7428fffecf81731e6b1a74704f88523d6a996aeed55d62ed5197c154f3a0,train,2,0.15,0.5,0.2,168
-2.0000000000000018,2,True,True,False,0xfd706b9d2b57af7643b9306c0a8e01daae63cc5cd38ff92c4070794e2b5430c9,train,2,0.15,0.5,0.2,168
-41.97258163846017,2,True,False,True,0x660c4a30dbcd989eb3aa3dbf6d400c485f1e21af8df2be0ebf01059cc949bada,test,2,0.15,0.5,0.2,168
-2.0000000000000018,2,False,False,False,0xf058c87bc11ccad23489271b8aee6b63fe505ae7eb4b8b284e2b3ee5bde65861,train,2,0.2,0.25,0.1,24
,0,False,False,False,0xc1916e7e8f34002eadf112f61bb7c023bb5ecd4687b0f216beeffdecc181023d,train,2,0.2,0.25,0.1,24
-12.99128643098799,2,True,False,True,0xe785180799b7651c6a9a3a5ea636cfec27dc58d8244582e56cc14c0a04ed36a4,train,2,0.2,0.25,0.1,24
-2.0000000000000018,2,True,True,False,0x5613b430144b3498af4baea5a57ffb8f488d96a1d5f148ccdc455859877a36c7,train,2,0.2,0.25,0.1,24
-2.0000000000000018,2,False,False,False,0xb3ac62762b3e6812b343f10ef3c97a558923fd4a9fef7e1769b87775939c8f5c,train,2,0.2,0.25,0.1,24
-2.000000000000013,2,False,False,False,0xe7946e1bf9111a91a219144798681f02968fb01c909ecc20845021f659e96156,train,2,0.2,0.25,0.1,24
-41.54509041128816,2,True,False,True,0x8ce28f2cc77d8a5e575c8a61ea722f721f3c79d9c4fefd7263842085d8eff6f1,test,2,0.2,0.25,0.1,24
-15.240158584278774,2,True,False,True,0xba93f83da3d5dca5ca802d866a82036eef5175ac4cde024b0d7810ce960fd45c,train,2,0.2,0.25,0.1,24
-1.9989632201876995,2,True,True,False,0xb61a7428fffecf81731e6b1a74704f88523d6a996aeed55d62ed5197c154f3a0,train,2,0.2,0.25,0.1,24
-2.0000000000000018,2,True,True,False,0xfd706b9d2b57af7643b9306c0a8e01daae63cc5cd38ff92c4070794e2b5430c9,train,2,0.2,0.25,0.1,24
-16.799409959046475,2,True,False,True,0x660c4a30dbcd989eb3aa3dbf6d400c485f1e21af8df2be0ebf01059cc949bada,test,2,0.2,0.25,0.1,24
-2.0000000000000018,2,False,False,False,0xf058c87bc11ccad23489271b8aee6b63fe505ae7eb4b8b284e2b3ee5bde65861,train,2,0.2,0.25,0.1,72
,0,False,False,False,0xc1916e7e8f34002eadf112f61bb7c023bb5ecd4687b0f216beeffdecc181023d,train,2,0.2,0.25,0.1,72
-12.99128643098799,2,True,False,True,0xe785180799b7651c6a9a3a5ea636cfec27dc58d8244582e56cc14c0a04ed36a4,train,2,0.2,0.25,0.1,72
-2.0000000000000018,2,True,True,False,0x5613b430144b3498af4baea5a57ffb8f488d96a1d5f148ccdc455859877a36c7,train,2,0.2,0.25,0.1,72
-2.0000000000000018,2,False,False,False,0xb3ac62762b3e6812b343f10ef3c97a558923fd4a9fef7e1769b87775939c8f5c,train,2,0.2,0.25,0.1,72
-2.000000000000013,2,False,False,False,0xe7946e1bf9111a91a219144798681f02968fb01c909ecc20845021f659e96156,train,2,0.2,0.25,0.1,72
-41.54509041128816,2,True,False,True,0x8ce28f2cc77d8a5e575c8a61ea722f721f3c79d9c4fefd7263842085d8eff6f1,test,2,0.2,0.25,0.1,72
-15.240158584278774,2,True,False,True,0xba93f83da3d5dca5ca802d866a82036eef5175ac4cde024b0d7810ce960fd45c,train,2,0.2,0.25,0.1,72
-1.9989632201876995,2,True,True,False,0xb61a7428fffecf81731e6b1a74704f88523d6a996aeed55d62ed5197c154f3a0,train,2,0.2,0.25,0.1,72
-2.0000000000000018,2,True,True,False,0xfd706b9d2b57af7643b9306c0a8e01daae63cc5cd38ff92c4070794e2b5430c9,train,2,0.2,0.25,0.1,72
-16.799409959046475,2,True,False,True,0x660c4a30dbcd989eb3aa3dbf6d400c485f1e21af8df2be0ebf01059cc949bada,test,2,0.2,0.25,0.1,72
-17.939902391220595,2,True,False,True,0xf058c87bc11ccad23489271b8aee6b63fe505ae7eb4b8b284e2b3ee5bde65861,train,2,0.2,0.25,0.1,168
,0,False,False,False,0xc1916e7e8f34002eadf112f61bb7c023bb5ecd4687b0f216beeffdecc181023d,train,2,0.2,0.25,0.1,168
-12.99128643098799,2,True,False,True,0xe785180799b7651c6a9a3a5ea636cfec27dc58d8244582e56cc14c0a04ed36a4,train,2,0.2,0.25,0.1,168
-2.0000000000000018,2,True,True,False,0x5613b430144b3498af4baea5a57ffb8f488d96a1d5f148ccdc455859877a36c7,train,2,0.2,0.25,0.1,168
-2.0000000000000018,2,False,False,False,0xb3ac62762b3e6812b343f10ef3c97a558923fd4a9fef7e1769b87775939c8f5c,train,2,0.2,0.25,0.1,168
-2.000000000000013,2,False,False,False,0xe7946e1bf9111a91a219144798681f02968fb01c909ecc20845021f659e96156,train,2,0.2,0.25,0.1,168
-41.54509041128816,2,True,False,True,0x8ce28f2cc77d8a5e575c8a61ea722f721f3c79d9c4fefd7263842085d8eff6f1,test,2,0.2,0.25,0.1,168
-15.240158584278774,2,True,False,True,0xba93f83da3d5dca5ca802d866a82036eef5175ac4cde024b0d7810ce960fd45c,train,2,0.2,0.25,0.1,168
-1.9989632201876995,2,True,True,False,0xb61a7428fffecf81731e6b1a74704f88523d6a996aeed55d62ed5197c154f3a0,train,2,0.2,0.25,0.1,168
-2.0000000000000018,2,True,True,False,0xfd706b9d2b57af7643b9306c0a8e01daae63cc5cd38ff92c4070794e2b5430c9,train,2,0.2,0.25,0.1,168
-16.799409959046475,2,True,False,True,0x660c4a30dbcd989eb3aa3dbf6d400c485f1e21af8df2be0ebf01059cc949bada,test,2,0.2,0.25,0.1,168
-2.0000000000000018,2,False,False,False,0xf058c87bc11ccad23489271b8aee6b63fe505ae7eb4b8b284e2b3ee5bde65861,train,2,0.2,0.25,0.2,24
,0,False,False,False,0xc1916e7e8f34002eadf112f61bb7c023bb5ecd4687b0f216beeffdecc181023d,train,2,0.2,0.25,0.2,24
-35.78568109227246,2,True,False,True,0xe785180799b7651c6a9a3a5ea636cfec27dc58d8244582e56cc14c0a04ed36a4,train,2,0.2,0.25,0.2,24
-2.0000000000000018,2,True,True,False,0x5613b430144b3498af4baea5a57ffb8f488d96a1d5f148ccdc455859877a36c7,train,2,0.2,0.25,0.2,24
-2.0000000000000018,2,False,False,False,0xb3ac62762b3e6812b343f10ef3c97a558923fd4a9fef7e1769b87775939c8f5c,train,2,0.2,0.25,0.2,24
-2.000000000000013,2,False,False,False,0xe7946e1bf9111a91a219144798681f02968fb01c909ecc20845021f659e96156,train,2,0.2,0.25,0.2,24
-41.54509041128816,2,True,False,True,0x8ce28f2cc77d8a5e575c8a61ea722f721f3c79d9c4fefd7263842085d8eff6f1,test,2,0.2,0.25,0.2,24
-2.000000000000013,2,True,True,False,0xba93f83da3d5dca5ca802d866a82036eef5175ac4cde024b0d7810ce960fd45c,train,2,0.2,0.25,0.2,24
-1.9989632201876995,2,True,True,False,0xb61a7428fffecf81731e6b1a74704f88523d6a996aeed55d62ed5197c154f3a0,train,2,0.2,0.25,0.2,24
-2.0000000000000018,2,True,True,False,0xfd706b9d2b57af7643b9306c0a8e01daae63cc5cd38ff92c4070794e2b5430c9,train,2,0.2,0.25,0.2,24
-29.857029902402367,2,True,False,True,0x660c4a30dbcd989eb3aa3dbf6d400c485f1e21af8df2be0ebf01059cc949bada,test,2,0.2,0.25,0.2,24
-2.0000000000000018,2,False,False,False,0xf058c87bc11ccad23489271b8aee6b63fe505ae7eb4b8b284e2b3ee5bde65861,train,2,0.2,0.25,0.2,72
,0,False,False,False,0xc1916e7e8f34002eadf112f61bb7c023bb5ecd4687b0f216beeffdecc181023d,train,2,0.2,0.25,0.2,72
-35.78568109227246,2,True,False,True,0xe785180799b7651c6a9a3a5ea636cfec27dc58d8244582e56cc14c0a04ed36a4,train,2,0.2,0.25,0.2,72
-2.0000000000000018,2,True,True,False,0x5613b430144b3498af4baea5a57ffb8f488d96a1d5f148ccdc455859877a36c7,train,2,0.2,0.25,0.2,72
-2.0000000000000018,2,False,False,False,0xb3ac62762b3e6812b343f10ef3c97a558923fd4a9fef7e1769b87775939c8f5c,train,2,0.2,0.25,0.2,72
-2.000000000000013,2,False,False,False,0xe7946e1bf9111a91a219144798681f02968fb01c909ecc20845021f659e96156,train,2,0.2,0.25,0.2,72
-41.54509041128816,2,True,False,True,0x8ce28f2cc77d8a5e575c8a61ea722f721f3c79d9c4fefd7263842085d8eff6f1,test,2,0.2,0.25,0.2,72
-2.000000000000013,2,True,True,False,0xba93f83da3d5dca5ca802d866a82036eef5175ac4cde024b0d7810ce960fd45c,train,2,0.2,0.25,0.2,72
-1.9989632201876995,2,True,True,False,0xb61a7428fffecf81731e6b1a74704f88523d6a996aeed55d62ed5197c154f3a0,train,2,0.2,0.25,0.2,72
-2.0000000000000018,2,True,True,False,0xfd706b9d2b57af7643b9306c0a8e01daae63cc5cd38ff92c4070794e2b5430c9,train,2,0.2,0.25,0.2,72
-29.857029902402367,2,True,False,True,0x660c4a30dbcd989eb3aa3dbf6d400c485f1e21af8df2be0ebf01059cc949bada,test,2,0.2,0.25,0.2,72
-33.8792539271092,2,True,False,True,0xf058c87bc11ccad23489271b8aee6b63fe505ae7eb4b8b284e2b3ee5bde65861,train,2,0.2,0.25,0.2,168
,0,False,False,False,0xc1916e7e8f34002eadf112f61bb7c023bb5ecd4687b0f216beeffdecc181023d,train,2,0.2,0.25,0.2,168
-35.78568109227246,2,True,False,True,0xe785180799b7651c6a9a3a5ea636cfec27dc58d8244582e56cc14c0a04ed36a4,train,2,0.2,0.25,0.2,168
-2.0000000000000018,2,True,True,False,0x5613b430144b3498af4baea5a57ffb8f488d96a1d5f148ccdc455859877a36c7,train,2,0.2,0.25,0.2,168
-2.0000000000000018,2,False,False,False,0xb3ac62762b3e6812b343f10ef3c97a558923fd4a9fef7e1769b87775939c8f5c,train,2,0.2,0.25,0.2,168
-2.000000000000013,2,False,False,False,0xe7946e1bf9111a91a219144798681f02968fb01c909ecc20845021f659e96156,train,2,0.2,0.25,0.2,168
-41.54509041128816,2,True,False,True,0x8ce28f2cc77d8a5e575c8a61ea722f721f3c79d9c4fefd7263842085d8eff6f1,test,2,0.2,0.25,0.2,168
-2.000000000000013,2,True,True,False,0xba93f83da3d5dca5ca802d866a82036eef5175ac4cde024b0d7810ce960fd45c,train,2,0.2,0.25,0.2,168
-1.9989632201876995,2,True,True,False,0xb61a7428fffecf81731e6b1a74704f88523d6a996aeed55d62ed5197c154f3a0,train,2,0.2,0.25,0.2,168
-2.0000000000000018,2,True,True,False,0xfd706b9d2b57af7643b9306c0a8e01daae63cc5cd38ff92c4070794e2b5430c9,train,2,0.2,0.25,0.2,168
-29.857029902402367,2,True,False,True,0x660c4a30dbcd989eb3aa3dbf6d400c485f1e21af8df2be0ebf01059cc949bada,test,2,0.2,0.25,0.2,168
-2.0000000000000018,2,False,False,False,0xf058c87bc11ccad23489271b8aee6b63fe505ae7eb4b8b284e2b3ee5bde65861,train,2,0.2,0.35,0.1,24
,0,False,False,False,0xc1916e7e8f34002eadf112f61bb7c023bb5ecd4687b0f216beeffdecc181023d,train,2,0.2,0.35,0.1,24
-30.14130670402243,2,True,False,True,0xe785180799b7651c6a9a3a5ea636cfec27dc58d8244582e56cc14c0a04ed36a4,train,2,0.2,0.35,0.1,24
-1.9999999999999907,2,True,True,False,0x5613b430144b3498af4baea5a57ffb8f488d96a1d5f148ccdc455859877a36c7,train,2,0.2,0.35,0.1,24
-2.000000000000013,2,False,False,False,0xb3ac62762b3e6812b343f10ef3c97a558923fd4a9fef7e1769b87775939c8f5c,train,2,0.2,0.35,0.1,24
-2.0000000000000018,2,False,False,False,0xe7946e1bf9111a91a219144798681f02968fb01c909ecc20845021f659e96156,train,2,0.2,0.35,0.1,24
-37.06101005222146,2,True,False,True,0x8ce28f2cc77d8a5e575c8a61ea722f721f3c79d9c4fefd7263842085d8eff6f1,test,2,0.2,0.35,0.1,24
-2.0000000000000018,2,True,True,False,0xba93f83da3d5dca5ca802d866a82036eef5175ac4cde024b0d7810ce960fd45c,train,2,0.2,0.35,0.1,24
-1.9989632201876995,2,True,True,False,0xb61a7428fffecf81731e6b1a74704f88523d6a996aeed55d62ed5197c154f3a0,train,2,0.2,0.35,0.1,24
-2.0000000000000018,2,True,True,False,0xfd706b9d2b57af7643b9306c0a8e01daae63cc5cd38ff92c4070794e2b5430c9,train,2,0.2,0.35,0.1,24
-24.506019083592413,2,True,False,True,0x660c4a30dbcd989eb3aa3dbf6d400c485f1e21af8df2be0ebf01059cc949bada,test,2,0.2,0.35,0.1,24
-2.0000000000000018,2,False,False,False,0xf058c87bc11ccad23489271b8aee6b63fe505ae7eb4b8b284e2b3ee5bde65861,train,2,0.2,0.35,0.1,72
,0,False,False,False,0xc1916e7e8f34002eadf112f61bb7c023bb5ecd4687b0f216beeffdecc181023d,train,2,0.2,0.35,0.1,72
-30.14130670402243,2,True,False,True,0xe785180799b7651c6a9a3a5ea636cfec27dc58d8244582e56cc14c0a04ed36a4,train,2,0.2,0.35,0.1,72
-1.9999999999999907,2,True,True,False,0x5613b430144b3498af4baea5a57ffb8f488d96a1d5f148ccdc455859877a36c7,train,2,0.2,0.35,0.1,72
-2.000000000000013,2,False,False,False,0xb3ac62762b3e6812b343f10ef3c97a558923fd4a9fef7e1769b87775939c8f5c,train,2,0.2,0.35,0.1,72
-2.0000000000000018,2,False,False,False,0xe7946e1bf9111a91a219144798681f02968fb01c909ecc20845021f659e96156,train,2,0.2,0.35,0.1,72
-37.06101005222146,2,True,False,True,0x8ce28f2cc77d8a5e575c8a61ea722f721f3c79d9c4fefd7263842085d8eff6f1,test,2,0.2,0.35,0.1,72
-2.0000000000000018,2,True,True,False,0xba93f83da3d5dca5ca802d866a82036eef5175ac4cde024b0d7810ce960fd45c,train,2,0.2,0.35,0.1,72
-1.9989632201876995,2,True,True,False,0xb61a7428fffecf81731e6b1a74704f88523d6a996aeed55d62ed5197c154f3a0,train,2,0.2,0.35,0.1,72
-2.0000000000000018,2,True,True,False,0xfd706b9d2b57af7643b9306c0a8e01daae63cc5cd38ff92c4070794e2b5430c9,train,2,0.2,0.35,0.1,72
-24.506019083592413,2,True,False,True,0x660c4a30dbcd989eb3aa3dbf6d400c485f1e21af8df2be0ebf01059cc949bada,test,2,0.2,0.35,0.1,72
-28.826580759809417,2,True,False,True,0xf058c87bc11ccad23489271b8aee6b63fe505ae7eb4b8b284e2b3ee5bde65861,train,2,0.2,0.35,0.1,168
,0,False,False,False,0xc1916e7e8f34002eadf112f61bb7c023bb5ecd4687b0f216beeffdecc181023d,train,2,0.2,0.35,0.1,168
-30.14130670402243,2,True,False,True,0xe785180799b7651c6a9a3a5ea636cfec27dc58d8244582e56cc14c0a04ed36a4,train,2,0.2,0.35,0.1,168
-1.9999999999999907,2,True,True,False,0x5613b430144b3498af4baea5a57ffb8f488d96a1d5f148ccdc455859877a36c7,train,2,0.2,0.35,0.1,168
-2.000000000000013,2,False,False,False,0xb3ac62762b3e6812b343f10ef3c97a558923fd4a9fef7e1769b87775939c8f5c,train,2,0.2,0.35,0.1,168
-2.0000000000000018,2,False,False,False,0xe7946e1bf9111a91a219144798681f02968fb01c909ecc20845021f659e96156,train,2,0.2,0.35,0.1,168
-37.06101005222146,2,True,False,True,0x8ce28f2cc77d8a5e575c8a61ea722f721f3c79d9c4fefd7263842085d8eff6f1,test,2,0.2,0.35,0.1,168
-2.0000000000000018,2,True,True,False,0xba93f83da3d5dca5ca802d866a82036eef5175ac4cde024b0d7810ce960fd45c,train,2,0.2,0.35,0.1,168
-1.9989632201876995,2,True,True,False,0xb61a7428fffecf81731e6b1a74704f88523d6a996aeed55d62ed5197c154f3a0,train,2,0.2,0.35,0.1,168
-2.0000000000000018,2,True,True,False,0xfd706b9d2b57af7643b9306c0a8e01daae63cc5cd38ff92c4070794e2b5430c9,train,2,0.2,0.35,0.1,168
-24.506019083592413,2,True,False,True,0x660c4a30dbcd989eb3aa3dbf6d400c485f1e21af8df2be0ebf01059cc949bada,test,2,0.2,0.35,0.1,168
-2.0000000000000018,2,False,False,False,0xf058c87bc11ccad23489271b8aee6b63fe505ae7eb4b8b284e2b3ee5bde65861,train,2,0.2,0.35,0.2,24
,0,False,False,False,0xc1916e7e8f34002eadf112f61bb7c023bb5ecd4687b0f216beeffdecc181023d,train,2,0.2,0.35,0.2,24
-30.14130670402243,2,True,False,True,0xe785180799b7651c6a9a3a5ea636cfec27dc58d8244582e56cc14c0a04ed36a4,train,2,0.2,0.35,0.2,24
-1.9999999999999907,2,True,True,False,0x5613b430144b3498af4baea5a57ffb8f488d96a1d5f148ccdc455859877a36c7,train,2,0.2,0.35,0.2,24
-2.000000000000013,2,False,False,False,0xb3ac62762b3e6812b343f10ef3c97a558923fd4a9fef7e1769b87775939c8f5c,train,2,0.2,0.35,0.2,24
-2.0000000000000018,2,False,False,False,0xe7946e1bf9111a91a219144798681f02968fb01c909ecc20845021f659e96156,train,2,0.2,0.35,0.2,24
-37.06101005222146,2,True,False,True,0x8ce28f2cc77d8a5e575c8a61ea722f721f3c79d9c4fefd7263842085d8eff6f1,test,2,0.2,0.35,0.2,24
-2.0000000000000018,2,True,True,False,0xba93f83da3d5dca5ca802d866a82036eef5175ac4cde024b0d7810ce960fd45c,train,2,0.2,0.35,0.2,24
-1.9989632201876995,2,True,True,False,0xb61a7428fffecf81731e6b1a74704f88523d6a996aeed55d62ed5197c154f3a0,train,2,0.2,0.35,0.2,24
-2.0000000000000018,2,True,True,False,0xfd706b9d2b57af7643b9306c0a8e01daae63cc5cd38ff92c4070794e2b5430c9,train,2,0.2,0.35,0.2,24
-32.57293038181932,2,True,False,True,0x660c4a30dbcd989eb3aa3dbf6d400c485f1e21af8df2be0ebf01059cc949bada,test,2,0.2,0.35,0.2,24
-2.0000000000000018,2,False,False,False,0xf058c87bc11ccad23489271b8aee6b63fe505ae7eb4b8b284e2b3ee5bde65861,train,2,0.2,0.35,0.2,72
,0,False,False,False,0xc1916e7e8f34002eadf112f61bb7c023bb5ecd4687b0f216beeffdecc181023d,train,2,0.2,0.35,0.2,72
-30.14130670402243,2,True,False,True,0xe785180799b7651c6a9a3a5ea636cfec27dc58d8244582e56cc14c0a04ed36a4,train,2,0.2,0.35,0.2,72
-1.9999999999999907,2,True,True,False,0x5613b430144b3498af4baea5a57ffb8f488d96a1d5f148ccdc455859877a36c7,train,2,0.2,0.35,0.2,72
-2.000000000000013,2,False,False,False,0xb3ac62762b3e6812b343f10ef3c97a558923fd4a9fef7e1769b87775939c8f5c,train,2,0.2,0.35,0.2,72
-2.0000000000000018,2,False,False,False,0xe7946e1bf9111a91a219144798681f02968fb01c909ecc20845021f659e96156,train,2,0.2,0.35,0.2,72
-37.06101005222146,2,True,False,True,0x8ce28f2cc77d8a5e575c8a61ea722f721f3c79d9c4fefd7263842085d8eff6f1,test,2,0.2,0.35,0.2,72
-2.0000000000000018,2,True,True,False,0xba93f83da3d5dca5ca802d866a82036eef5175ac4cde024b0d7810ce960fd45c,train,2,0.2,0.35,0.2,72
-1.9989632201876995,2,True,True,False,0xb61a7428fffecf81731e6b1a74704f88523d6a996aeed55d62ed5197c154f3a0,train,2,0.2,0.35,0.2,72
-2.0000000000000018,2,True,True,False,0xfd706b9d2b57af7643b9306c0a8e01daae63cc5cd38ff92c4070794e2b5430c9,train,2,0.2,0.35,0.2,72
-32.57293038181932,2,True,False,True,0x660c4a30dbcd989eb3aa3dbf6d400c485f1e21af8df2be0ebf01059cc949bada,test,2,0.2,0.35,0.2,72
-30.755252623663452,2,True,False,True,0xf058c87bc11ccad23489271b8aee6b63fe505ae7eb4b8b284e2b3ee5bde65861,train,2,0.2,0.35,0.2,168
,0,False,False,False,0xc1916e7e8f34002eadf112f61bb7c023bb5ecd4687b0f216beeffdecc181023d,train,2,0.2,0.35,0.2,168
-30.14130670402243,2,True,False,True,0xe785180799b7651c6a9a3a5ea636cfec27dc58d8244582e56cc14c0a04ed36a4,train,2,0.2,0.35,0.2,168
-1.9999999999999907,2,True,True,False,0x5613b430144b3498af4baea5a57ffb8f488d96a1d5f148ccdc455859877a36c7,train,2,0.2,0.35,0.2,168
-2.000000000000013,2,False,False,False,0xb3ac62762b3e6812b343f10ef3c97a558923fd4a9fef7e1769b87775939c8f5c,train,2,0.2,0.35,0.2,168
-2.0000000000000018,2,False,False,False,0xe7946e1bf9111a91a219144798681f02968fb01c909ecc20845021f659e96156,train,2,0.2,0.35,0.2,168
-37.06101005222146,2,True,False,True,0x8ce28f2cc77d8a5e575c8a61ea722f721f3c79d9c4fefd7263842085d8eff6f1,test,2,0.2,0.35,0.2,168
-2.0000000000000018,2,True,True,False,0xba93f83da3d5dca5ca802d866a82036eef5175ac4cde024b0d7810ce960fd45c,train,2,0.2,0.35,0.2,168
-1.9989632201876995,2,True,True,False,0xb61a7428fffecf81731e6b1a74704f88523d6a996aeed55d62ed5197c154f3a0,train,2,0.2,0.35,0.2,168
-2.0000000000000018,2,True,True,False,0xfd706b9d2b57af7643b9306c0a8e01daae63cc5cd38ff92c4070794e2b5430c9,train,2,0.2,0.35,0.2,168
-32.57293038181932,2,True,False,True,0x660c4a30dbcd989eb3aa3dbf6d400c485f1e21af8df2be0ebf01059cc949bada,test,2,0.2,0.35,0.2,168
-2.0000000000000018,2,False,False,False,0xf058c87bc11ccad23489271b8aee6b63fe505ae7eb4b8b284e2b3ee5bde65861,train,2,0.2,0.5,0.1,24
,0,False,False,False,0xc1916e7e8f34002eadf112f61bb7c023bb5ecd4687b0f216beeffdecc181023d,train,2,0.2,0.5,0.1,24
-28.646565178646878,2,True,False,False,0xe785180799b7651c6a9a3a5ea636cfec27dc58d8244582e56cc14c0a04ed36a4,train,2,0.2,0.5,0.1,24
-1.9999999999999907,2,True,True,False,0x5613b430144b3498af4baea5a57ffb8f488d96a1d5f148ccdc455859877a36c7,train,2,0.2,0.5,0.1,24
-1.9999999999999907,2,False,False,False,0xb3ac62762b3e6812b343f10ef3c97a558923fd4a9fef7e1769b87775939c8f5c,train,2,0.2,0.5,0.1,24
-2.000000000000013,2,False,False,False,0xe7946e1bf9111a91a219144798681f02968fb01c909ecc20845021f659e96156,train,2,0.2,0.5,0.1,24
-1.7697040319589963,2,True,True,False,0x8ce28f2cc77d8a5e575c8a61ea722f721f3c79d9c4fefd7263842085d8eff6f1,test,2,0.2,0.5,0.1,24
-1.9999999999999907,2,True,True,False,0xba93f83da3d5dca5ca802d866a82036eef5175ac4cde024b0d7810ce960fd45c,train,2,0.2,0.5,0.1,24
-1.9989632201876995,2,True,True,False,0xb61a7428fffecf81731e6b1a74704f88523d6a996aeed55d62ed5197c154f3a0,train,2,0.2,0.5,0.1,24
-2.0000000000000018,2,True,True,False,0xfd706b9d2b57af7643b9306c0a8e01daae63cc5cd38ff92c4070794e2b5430c9,train,2,0.2,0.5,0.1,24
-31.948252315173843,2,True,False,True,0x660c4a30dbcd989eb3aa3dbf6d400c485f1e21af8df2be0ebf01059cc949bada,test,2,0.2,0.5,0.1,24
-2.0000000000000018,2,False,False,False,0xf058c87bc11ccad23489271b8aee6b63fe505ae7eb4b8b284e2b3ee5bde65861,train,2,0.2,0.5,0.1,72
,0,False,False,False,0xc1916e7e8f34002eadf112f61bb7c023bb5ecd4687b0f216beeffdecc181023d,train,2,0.2,0.5,0.1,72
-34.91050940293549,2,True,False,True,0xe785180799b7651c6a9a3a5ea636cfec27dc58d8244582e56cc14c0a04ed36a4,train,2,0.2,0.5,0.1,72
-1.9999999999999907,2,True,True,False,0x5613b430144b3498af4baea5a57ffb8f488d96a1d5f148ccdc455859877a36c7,train,2,0.2,0.5,0.1,72
-1.9999999999999907,2,False,False,False,0xb3ac62762b3e6812b343f10ef3c97a558923fd4a9fef7e1769b87775939c8f5c,train,2,0.2,0.5,0.1,72
-2.000000000000013,2,False,False,False,0xe7946e1bf9111a91a219144798681f02968fb01c909ecc20845021f659e96156,train,2,0.2,0.5,0.1,72
-1.7697040319589963,2,True,True,False,0x8ce28f2cc77d8a5e575c8a61ea722f721f3c79d9c4fefd7263842085d8eff6f1,test,2,0.2,0.5,0.1,72
-1.9999999999999907,2,True,True,False,0xba93f83da3d5dca5ca802d866a82036eef5175ac4cde024b0d7810ce960fd45c,train,2,0.2,0.5,0.1,72
-1.9989632201876995,2,True,True,False,0xb61a7428fffecf81731e6b1a74704f88523d6a996aeed55d62ed5197c154f3a0,train,2,0.2,0.5,0.1,72
-2.0000000000000018,2,True,True,False,0xfd706b9d2b57af7643b9306c0a8e01daae63cc5cd38ff92c4070794e2b5430c9,train,2,0.2,0.5,0.1,72
-31.948252315173843,2,True,False,True,0x660c4a30dbcd989eb3aa3dbf6d400c485f1e21af8df2be0ebf01059cc949bada,test,2,0.2,0.5,0.1,72
-2.0000000000000018,2,True,True,False,0xf058c87bc11ccad23489271b8aee6b63fe505ae7eb4b8b284e2b3ee5bde65861,train,2,0.2,0.5,0.1,168
,0,False,False,False,0xc1916e7e8f34002eadf112f61bb7c023bb5ecd4687b0f216beeffdecc181023d,train,2,0.2,0.5,0.1,168
-34.91050940293549,2,True,False,True,0xe785180799b7651c6a9a3a5ea636cfec27dc58d8244582e56cc14c0a04ed36a4,train,2,0.2,0.5,0.1,168
-1.9999999999999907,2,True,True,False,0x5613b430144b3498af4baea5a57ffb8f488d96a1d5f148ccdc455859877a36c7,train,2,0.2,0.5,0.1,168
-1.9999999999999907,2,False,False,False,0xb3ac62762b3e6812b343f10ef3c97a558923fd4a9fef7e1769b87775939c8f5c,train,2,0.2,0.5,0.1,168
-2.000000000000013,2,False,False,False,0xe7946e1bf9111a91a219144798681f02968fb01c909ecc20845021f659e96156,train,2,0.2,0.5,0.1,168
-1.7697040319589963,2,True,True,False,0x8ce28f2cc77d8a5e575c8a61ea722f721f3c79d9c4fefd7263842085d8eff6f1,test,2,0.2,0.5,0.1,168
-1.9999999999999907,2,True,True,False,0xba93f83da3d5dca5ca802d866a82036eef5175ac4cde024b0d7810ce960fd45c,train,2,0.2,0.5,0.1,168
-1.9989632201876995,2,True,True,False,0xb61a7428fffecf81731e6b1a74704f88523d6a996aeed55d62ed5197c154f3a0,train,2,0.2,0.5,0.1,168
-2.0000000000000018,2,True,True,False,0xfd706b9d2b57af7643b9306c0a8e01daae63cc5cd38ff92c4070794e2b5430c9,train,2,0.2,0.5,0.1,168
-31.948252315173843,2,True,False,True,0x660c4a30dbcd989eb3aa3dbf6d400c485f1e21af8df2be0ebf01059cc949bada,test,2,0.2,0.5,0.1,168
-2.0000000000000018,2,False,False,False,0xf058c87bc11ccad23489271b8aee6b63fe505ae7eb4b8b284e2b3ee5bde65861,train,2,0.2,0.5,0.2,24
,0,False,False,False,0xc1916e7e8f34002eadf112f61bb7c023bb5ecd4687b0f216beeffdecc181023d,train,2,0.2,0.5,0.2,24
-28.646565178646878,2,True,False,False,0xe785180799b7651c6a9a3a5ea636cfec27dc58d8244582e56cc14c0a04ed36a4,train,2,0.2,0.5,0.2,24
-1.9999999999999907,2,True,True,False,0x5613b430144b3498af4baea5a57ffb8f488d96a1d5f148ccdc455859877a36c7,train,2,0.2,0.5,0.2,24
-1.9999999999999907,2,False,False,False,0xb3ac62762b3e6812b343f10ef3c97a558923fd4a9fef7e1769b87775939c8f5c,train,2,0.2,0.5,0.2,24
-2.000000000000013,2,False,False,False,0xe7946e1bf9111a91a219144798681f02968fb01c909ecc20845021f659e96156,train,2,0.2,0.5,0.2,24
-1.7697040319589963,2,True,True,False,0x8ce28f2cc77d8a5e575c8a61ea722f721f3c79d9c4fefd7263842085d8eff6f1,test,2,0.2,0.5,0.2,24
-1.9999999999999907,2,True,True,False,0xba93f83da3d5dca5ca802d866a82036eef5175ac4cde024b0d7810ce960fd45c,train,2,0.2,0.5,0.2,24
-1.9989632201876995,2,True,True,False,0xb61a7428fffecf81731e6b1a74704f88523d6a996aeed55d62ed5197c154f3a0,train,2,0.2,0.5,0.2,24
-2.0000000000000018,2,True,True,False,0xfd706b9d2b57af7643b9306c0a8e01daae63cc5cd38ff92c4070794e2b5430c9,train,2,0.2,0.5,0.2,24
-40.125153415557556,2,True,False,True,0x660c4a30dbcd989eb3aa3dbf6d400c485f1e21af8df2be0ebf01059cc949bada,test,2,0.2,0.5,0.2,24
-2.0000000000000018,2,False,False,False,0xf058c87bc11ccad23489271b8aee6b63fe505ae7eb4b8b284e2b3ee5bde65861,train,2,0.2,0.5,0.2,72
,0,False,False,False,0xc1916e7e8f34002eadf112f61bb7c023bb5ecd4687b0f216beeffdecc181023d,train,2,0.2,0.5,0.2,72
-39.82576172390581,2,True,False,True,0xe785180799b7651c6a9a3a5ea636cfec27dc58d8244582e56cc14c0a04ed36a4,train,2,0.2,0.5,0.2,72
-1.9999999999999907,2,True,True,False,0x5613b430144b3498af4baea5a57ffb8f488d96a1d5f148ccdc455859877a36c7,train,2,0.2,0.5,0.2,72
-1.9999999999999907,2,False,False,False,0xb3ac62762b3e6812b343f10ef3c97a558923fd4a9fef7e1769b87775939c8f5c,train,2,0.2,0.5,0.2,72
-2.000000000000013,2,False,False,False,0xe7946e1bf9111a91a219144798681f02968fb01c909ecc20845021f659e96156,train,2,0.2,0.5,0.2,72
-1.7697040319589963,2,True,True,False,0x8ce28f2cc77d8a5e575c8a61ea722f721f3c79d9c4fefd7263842085d8eff6f1,test,2,0.2,0.5,0.2,72
-1.9999999999999907,2,True,True,False,0xba93f83da3d5dca5ca802d866a82036eef5175ac4cde024b0d7810ce960fd45c,train,2,0.2,0.5,0.2,72
-1.9989632201876995,2,True,True,False,0xb61a7428fffecf81731e6b1a74704f88523d6a996aeed55d62ed5197c154f3a0,train,2,0.2,0.5,0.2,72
-2.0000000000000018,2,True,True,False,0xfd706b9d2b57af7643b9306c0a8e01daae63cc5cd38ff92c4070794e2b5430c9,train,2,0.2,0.5,0.2,72
-40.125153415557556,2,True,False,True,0x660c4a30dbcd989eb3aa3dbf6d400c485f1e21af8df2be0ebf01059cc949bada,test,2,0.2,0.5,0.2,72
-2.0000000000000018,2,True,True,False,0xf058c87bc11ccad23489271b8aee6b63fe505ae7eb4b8b284e2b3ee5bde65861,train,2,0.2,0.5,0.2,168
,0,False,False,False,0xc1916e7e8f34002eadf112f61bb7c023bb5ecd4687b0f216beeffdecc181023d,train,2,0.2,0.5,0.2,168
-39.82576172390581,2,True,False,True,0xe785180799b7651c6a9a3a5ea636cfec27dc58d8244582e56cc14c0a04ed36a4,train,2,0.2,0.5,0.2,168
-1.9999999999999907,2,True,True,False,0x5613b430144b3498af4baea5a57ffb8f488d96a1d5f148ccdc455859877a36c7,train,2,0.2,0.5,0.2,168
-1.9999999999999907,2,False,False,False,0xb3ac62762b3e6812b343f10ef3c97a558923fd4a9fef7e1769b87775939c8f5c,train,2,0.2,0.5,0.2,168
-2.000000000000013,2,False,False,False,0xe7946e1bf9111a91a219144798681f02968fb01c909ecc20845021f659e96156,train,2,0.2,0.5,0.2,168
-1.7697040319589963,2,True,True,False,0x8ce28f2cc77d8a5e575c8a61ea722f721f3c79d9c4fefd7263842085d8eff6f1,test,2,0.2,0.5,0.2,168
-1.9999999999999907,2,True,True,False,0xba93f83da3d5dca5ca802d866a82036eef5175ac4cde024b0d7810ce960fd45c,train,2,0.2,0.5,0.2,168
-1.9989632201876995,2,True,True,False,0xb61a7428fffecf81731e6b1a74704f88523d6a996aeed55d62ed5197c154f3a0,train,2,0.2,0.5,0.2,168
-2.0000000000000018,2,True,True,False,0xfd706b9d2b57af7643b9306c0a8e01daae63cc5cd38ff92c4070794e2b5430c9,train,2,0.2,0.5,0.2,168
-40.125153415557556,2,True,False,True,0x660c4a30dbcd989eb3aa3dbf6d400c485f1e21af8df2be0ebf01059cc949bada,test,2,0.2,0.5,0.2,168
-2.0000000000000018,2,True,True,False,0xf058c87bc11ccad23489271b8aee6b63fe505ae7eb4b8b284e2b3ee5bde65861,train,4,0.1,0.25,0.1,24
,0,False,False,False,0xc1916e7e8f34002eadf112f61bb7c023bb5ecd4687b0f216beeffdecc181023d,train,4,0.1,0.25,0.1,24
0.6171326567270929,2,True,True,False,0xe785180799b7651c6a9a3a5ea636cfec27dc58d8244582e56cc14c0a04ed36a4,train,4,0.1,0.25,0.1,24
-2.0000000000000018,2,True,True,False,0x5613b430144b3498af4baea5a57ffb8f488d96a1d5f148ccdc455859877a36c7,train,4,0.1,0.25,0.1,24
-1.9994915838881022,2,True,True,False,0xb3ac62762b3e6812b343f10ef3c97a558923fd4a9fef7e1769b87775939c8f5c,train,4,0.1,0.25,0.1,24
-1.9975781804641435,2,True,True,False,0xe7946e1bf9111a91a219144798681f02968fb01c909ecc20845021f659e96156,train,4,0.1,0.25,0.1,24
-2.0000000000000018,2,False,False,False,0x8ce28f2cc77d8a5e575c8a61ea722f721f3c79d9c4fefd7263842085d8eff6f1,test,4,0.1,0.25,0.1,24
-20.679862064950882,2,True,False,True,0xba93f83da3d5dca5ca802d866a82036eef5175ac4cde024b0d7810ce960fd45c,train,4,0.1,0.25,0.1,24
-2.0000000000000018,2,False,False,False,0xb61a7428fffecf81731e6b1a74704f88523d6a996aeed55d62ed5197c154f3a0,train,4,0.1,0.25,0.1,24
-22.061198289169802,2,True,False,True,0xfd706b9d2b57af7643b9306c0a8e01daae63cc5cd38ff92c4070794e2b5430c9,train,4,0.1,0.25,0.1,24
-25.2033878127772,2,True,False,True,0x660c4a30dbcd989eb3aa3dbf6d400c485f1e21af8df2be0ebf01059cc949bada,test,4,0.1,0.25,0.1,24
-2.0000000000000018,2,True,True,False,0xf058c87bc11ccad23489271b8aee6b63fe505ae7eb4b8b284e2b3ee5bde65861,train,4,0.1,0.25,0.1,72
,0,False,False,False,0xc1916e7e8f34002eadf112f61bb7c023bb5ecd4687b0f216beeffdecc181023d,train,4,0.1,0.25,0.1,72
0.6171326567270929,2,True,True,False,0xe785180799b7651c6a9a3a5ea636cfec27dc58d8244582e56cc14c0a04ed36a4,train,4,0.1,0.25,0.1,72
-2.0000000000000018,2,True,True,False,0x5613b430144b3498af4baea5a57ffb8f488d96a1d5f148ccdc455859877a36c7,train,4,0.1,0.25,0.1,72
-1.9994915838881022,2,True,True,False,0xb3ac62762b3e6812b343f10ef3c97a558923fd4a9fef7e1769b87775939c8f5c,train,4,0.1,0.25,0.1,72
-1.9975781804641435,2,True,True,False,0xe7946e1bf9111a91a219144798681f02968fb01c909ecc20845021f659e96156,train,4,0.1,0.25,0.1,72
-2.0000000000000018,2,False,False,False,0x8ce28f2cc77d8a5e575c8a61ea722f721f3c79d9c4fefd7263842085d8eff6f1,test,4,0.1,0.25,0.1,72
-20.679862064950882,2,True,False,True,0xba93f83da3d5dca5ca802d866a82036eef5175ac4cde024b0d7810ce960fd45c,train,4,0.1,0.25,0.1,72
-2.0000000000000018,2,False,False,False,0xb61a7428fffecf81731e6b1a74704f88523d6a996aeed55d62ed5197c154f3a0,train,4,0.1,0.25,0.1,72
-22.061198289169802,2,True,False,True,0xfd706b9d2b57af7643b9306c0a8e01daae63cc5cd38ff92c4070794e2b5430c9,train,4,0.1,0.25,0.1,72
-25.2033878127772,2,True,False,True,0x660c4a30dbcd989eb3aa3dbf6d400c485f1e21af8df2be0ebf01059cc949bada,test,4,0.1,0.25,0.1,72
-2.0000000000000018,2,True,True,False,0xf058c87bc11ccad23489271b8aee6b63fe505ae7eb4b8b284e2b3ee5bde65861,train,4,0.1,0.25,0.1,168
,0,False,False,False,0xc1916e7e8f34002eadf112f61bb7c023bb5ecd4687b0f216beeffdecc181023d,train,4,0.1,0.25,0.1,168
0.6171326567270929,2,True,True,False,0xe785180799b7651c6a9a3a5ea636cfec27dc58d8244582e56cc14c0a04ed36a4,train,4,0.1,0.25,0.1,168
-2.0000000000000018,2,True,True,False,0x5613b430144b3498af4baea5a57ffb8f488d96a1d5f148ccdc455859877a36c7,train,4,0.1,0.25,0.1,168
-1.9994915838881022,2,True,True,False,0xb3ac62762b3e6812b343f10ef3c97a558923fd4a9fef7e1769b87775939c8f5c,train,4,0.1,0.25,0.1,168
-1.9975781804641435,2,True,True,False,0xe7946e1bf9111a91a219144798681f02968fb01c909ecc20845021f659e96156,train,4,0.1,0.25,0.1,168
-2.0000000000000018,2,False,False,False,0x8ce28f2cc77d8a5e575c8a61ea722f721f3c79d9c4fefd7263842085d8eff6f1,test,4,0.1,0.25,0.1,168
-20.679862064950882,2,True,False,True,0xba93f83da3d5dca5ca802d866a82036eef5175ac4cde024b0d7810ce960fd45c,train,4,0.1,0.25,0.1,168
-2.0000000000000018,2,False,False,False,0xb61a7428fffecf81731e6b1a74704f88523d6a996aeed55d62ed5197c154f3a0,train,4,0.1,0.25,0.1,168
-22.061198289169802,2,True,False,True,0xfd706b9d2b57af7643b9306c0a8e01daae63cc5cd38ff92c4070794e2b5430c9,train,4,0.1,0.25,0.1,168
-25.2033878127772,2,True,False,True,0x660c4a30dbcd989eb3aa3dbf6d400c485f1e21af8df2be0ebf01059cc949bada,test,4,0.1,0.25,0.1,168
-2.0000000000000018,2,True,True,False,0xf058c87bc11ccad23489271b8aee6b63fe505ae7eb4b8b284e2b3ee5bde65861,train,4,0.1,0.25,0.2,24
,0,False,False,False,0xc1916e7e8f34002eadf112f61bb7c023bb5ecd4687b0f216beeffdecc181023d,train,4,0.1,0.25,0.2,24
0.6171326567270929,2,True,True,False,0xe785180799b7651c6a9a3a5ea636cfec27dc58d8244582e56cc14c0a04ed36a4,train,4,0.1,0.25,0.2,24
-2.0000000000000018,2,True,True,False,0x5613b430144b3498af4baea5a57ffb8f488d96a1d5f148ccdc455859877a36c7,train,4,0.1,0.25,0.2,24
-1.9994915838881022,2,True,True,False,0xb3ac62762b3e6812b343f10ef3c97a558923fd4a9fef7e1769b87775939c8f5c,train,4,0.1,0.25,0.2,24
-1.9975781804641435,2,True,True,False,0xe7946e1bf9111a91a219144798681f02968fb01c909ecc20845021f659e96156,train,4,0.1,0.25,0.2,24
-2.0000000000000018,2,False,False,False,0x8ce28f2cc77d8a5e575c8a61ea722f721f3c79d9c4fefd7263842085d8eff6f1,test,4,0.1,0.25,0.2,24
-4.553810286338189,2,True,False,False,0xba93f83da3d5dca5ca802d866a82036eef5175ac4cde024b0d7810ce960fd45c,train,4,0.1,0.25,0.2,24
-2.0000000000000018,2,False,False,False,0xb61a7428fffecf81731e6b1a74704f88523d6a996aeed55d62ed5197c154f3a0,train,4,0.1,0.25,0.2,24
-2.0000000000000018,2,True,True,False,0xfd706b9d2b57af7643b9306c0a8e01daae63cc5cd38ff92c4070794e2b5430c9,train,4,0.1,0.25,0.2,24
-30.881147905644657,2,True,False,True,0x660c4a30dbcd989eb3aa3dbf6d400c485f1e21af8df2be0ebf01059cc949bada,test,4,0.1,0.25,0.2,24
-2.0000000000000018,2,True,True,False,0xf058c87bc11ccad23489271b8aee6b63fe505ae7eb4b8b284e2b3ee5bde65861,train,4,0.1,0.25,0.2,72
,0,False,False,False,0xc1916e7e8f34002eadf112f61bb7c023bb5ecd4687b0f216beeffdecc181023d,train,4,0.1,0.25,0.2,72
0.6171326567270929,2,True,True,False,0xe785180799b7651c6a9a3a5ea636cfec27dc58d8244582e56cc14c0a04ed36a4,train,4,0.1,0.25,0.2,72
-2.0000000000000018,2,True,True,False,0x5613b430144b3498af4baea5a57ffb8f488d96a1d5f148ccdc455859877a36c7,train,4,0.1,0.25,0.2,72
-1.9994915838881022,2,True,True,False,0xb3ac62762b3e6812b343f10ef3c97a558923fd4a9fef7e1769b87775939c8f5c,train,4,0.1,0.25,0.2,72
-1.9975781804641435,2,True,True,False,0xe7946e1bf9111a91a219144798681f02968fb01c909ecc20845021f659e96156,train,4,0.1,0.25,0.2,72
-2.0000000000000018,2,False,False,False,0x8ce28f2cc77d8a5e575c8a61ea722f721f3c79d9c4fefd7263842085d8eff6f1,test,4,0.1,0.25,0.2,72
-2.0000000000000018,2,True,True,False,0xba93f83da3d5dca5ca802d866a82036eef5175ac4cde024b0d7810ce960fd45c,train,4,0.1,0.25,0.2,72
-2.0000000000000018,2,False,False,False,0xb61a7428fffecf81731e6b1a74704f88523d6a996aeed55d62ed5197c154f3a0,train,4,0.1,0.25,0.2,72
-2.0000000000000018,2,True,True,False,0xfd706b9d2b57af7643b9306c0a8e01daae63cc5cd38ff92c4070794e2b5430c9,train,4,0.1,0.25,0.2,72
-30.881147905644657,2,True,False,True,0x660c4a30dbcd989eb3aa3dbf6d400c485f1e21af8df2be0ebf01059cc949bada,test,4,0.1,0.25,0.2,72
-2.0000000000000018,2,True,True,False,0xf058c87bc11ccad23489271b8aee6b63fe505ae7eb4b8b284e2b3ee5bde65861,train,4,0.1,0.25,0.2,168
,0,False,False,False,0xc1916e7e8f34002eadf112f61bb7c023bb5ecd4687b0f216beeffdecc181023d,train,4,0.1,0.25,0.2,168
0.6171326567270929,2,True,True,False,0xe785180799b7651c6a9a3a5ea636cfec27dc58d8244582e56cc14c0a04ed36a4,train,4,0.1,0.25,0.2,168
-2.0000000000000018,2,True,True,False,0x5613b430144b3498af4baea5a57ffb8f488d96a1d5f148ccdc455859877a36c7,train,4,0.1,0.25,0.2,168
-1.9994915838881022,2,True,True,False,0xb3ac62762b3e6812b343f10ef3c97a558923fd4a9fef7e1769b87775939c8f5c,train,4,0.1,0.25,0.2,168
-1.9975781804641435,2,True,True,False,0xe7946e1bf9111a91a219144798681f02968fb01c909ecc20845021f659e96156,train,4,0.1,0.25,0.2,168
-2.0000000000000018,2,False,False,False,0x8ce28f2cc77d8a5e575c8a61ea722f721f3c79d9c4fefd7263842085d8eff6f1,test,4,0.1,0.25,0.2,168
-2.0000000000000018,2,True,True,False,0xba93f83da3d5dca5ca802d866a82036eef5175ac4cde024b0d7810ce960fd45c,train,4,0.1,0.25,0.2,168
-2.0000000000000018,2,False,False,False,0xb61a7428fffecf81731e6b1a74704f88523d6a996aeed55d62ed5197c154f3a0,train,4,0.1,0.25,0.2,168
-2.0000000000000018,2,True,True,False,0xfd706b9d2b57af7643b9306c0a8e01daae63cc5cd38ff92c4070794e2b5430c9,train,4,0.1,0.25,0.2,168
-30.881147905644657,2,True,False,True,0x660c4a30dbcd989eb3aa3dbf6d400c485f1e21af8df2be0ebf01059cc949bada,test,4,0.1,0.25,0.2,168
-2.0000000000000018,2,True,True,False,0xf058c87bc11ccad23489271b8aee6b63fe505ae7eb4b8b284e2b3ee5bde65861,train,4,0.1,0.35,0.1,24
,0,False,False,False,0xc1916e7e8f34002eadf112f61bb7c023bb5ecd4687b0f216beeffdecc181023d,train,4,0.1,0.35,0.1,24
-0.48146542541694926,2,True,True,False,0xe785180799b7651c6a9a3a5ea636cfec27dc58d8244582e56cc14c0a04ed36a4,train,4,0.1,0.35,0.1,24
-2.0000000000000018,2,True,True,False,0x5613b430144b3498af4baea5a57ffb8f488d96a1d5f148ccdc455859877a36c7,train,4,0.1,0.35,0.1,24
-1.9997050025560736,2,True,True,False,0xb3ac62762b3e6812b343f10ef3c97a558923fd4a9fef7e1769b87775939c8f5c,train,4,0.1,0.35,0.1,24
-1.9985947916361324,2,True,True,False,0xe7946e1bf9111a91a219144798681f02968fb01c909ecc20845021f659e96156,train,4,0.1,0.35,0.1,24
-2.0000000000000018,2,False,False,False,0x8ce28f2cc77d8a5e575c8a61ea722f721f3c79d9c4fefd7263842085d8eff6f1,test,4,0.1,0.35,0.1,24
-3.481793139817424,2,True,False,False,0xba93f83da3d5dca5ca802d866a82036eef5175ac4cde024b0d7810ce960fd45c,train,4,0.1,0.35,0.1,24
-2.0000000000000018,2,False,False,False,0xb61a7428fffecf81731e6b1a74704f88523d6a996aeed55d62ed5197c154f3a0,train,4,0.1,0.35,0.1,24
-2.0000000000000018,2,True,True,False,0xfd706b9d2b57af7643b9306c0a8e01daae63cc5cd38ff92c4070794e2b5430c9,train,4,0.1,0.35,0.1,24
-25.6060982859325,2,True,False,True,0x660c4a30dbcd989eb3aa3dbf6d400c485f1e21af8df2be0ebf01059cc949bada,test,4,0.1,0.35,0.1,24
-2.0000000000000018,2,True,True,False,0xf058c87bc11ccad23489271b8aee6b63fe505ae7eb4b8b284e2b3ee5bde65861,train,4,0.1,0.35,0.1,72
,0,False,False,False,0xc1916e7e8f34002eadf112f61bb7c023bb5ecd4687b0f216beeffdecc181023d,train,4,0.1,0.35,0.1,72
-0.48146542541694926,2,True,True,False,0xe785180799b7651c6a9a3a5ea636cfec27dc58d8244582e56cc14c0a04ed36a4,train,4,0.1,0.35,0.1,72
-2.0000000000000018,2,True,True,False,0x5613b430144b3498af4baea5a57ffb8f488d96a1d5f148ccdc455859877a36c7,train,4,0.1,0.35,0.1,72
-1.9997050025560736,2,True,True,False,0xb3ac62762b3e6812b343f10ef3c97a558923fd4a9fef7e1769b87775939c8f5c,train,4,0.1,0.35,0.1,72
-1.9985947916361324,2,True,True,False,0xe7946e1bf9111a91a219144798681f02968fb01c909ecc20845021f659e96156,train,4,0.1,0.35,0.1,72
-2.0000000000000018,2,False,False,False,0x8ce28f2cc77d8a5e575c8a61ea722f721f3c79d9c4fefd7263842085d8eff6f1,test,4,0.1,0.35,0.1,72
-1.9999999999999907,2,True,True,False,0xba93f83da3d5dca5ca802d866a82036eef5175ac4cde024b0d7810ce960fd45c,train,4,0.1,0.35,0.1,72
-2.0000000000000018,2,False,False,False,0xb61a7428fffecf81731e6b1a74704f88523d6a996aeed55d62ed5197c154f3a0,train,4,0.1,0.35,0.1,72
-2.0000000000000018,2,True,True,False,0xfd706b9d2b57af7643b9306c0a8e01daae63cc5cd38ff92c4070794e2b5430c9,train,4,0.1,0.35,0.1,72
-25.6060982859325,2,True,False,True,0x660c4a30dbcd989eb3aa3dbf6d400c485f1e21af8df2be0ebf01059cc949bada,test,4,0.1,0.35,0.1,72
-2.0000000000000018,2,True,True,False,0xf058c87bc11ccad23489271b8aee6b63fe505ae7eb4b8b284e2b3ee5bde65861,train,4,0.1,0.35,0.1,168
,0,False,False,False,0xc1916e7e8f34002eadf112f61bb7c023bb5ecd4687b0f216beeffdecc181023d,train,4,0.1,0.35,0.1,168
-0.48146542541694926,2,True,True,False,0xe785180799b7651c6a9a3a5ea636cfec27dc58d8244582e56cc14c0a04ed36a4,train,4,0.1,0.35,0.1,168
-2.0000000000000018,2,True,True,False,0x5613b430144b3498af4baea5a57ffb8f488d96a1d5f148ccdc455859877a36c7,train,4,0.1,0.35,0.1,168
-1.9997050025560736,2,True,True,False,0xb3ac62762b3e6812b343f10ef3c97a558923fd4a9fef7e1769b87775939c8f5c,train,4,0.1,0.35,0.1,168
-1.9985947916361324,2,True,True,False,0xe7946e1bf9111a91a219144798681f02968fb01c909ecc20845021f659e96156,train,4,0.1,0.35,0.1,168
-2.0000000000000018,2,False,False,False,0x8ce28f2cc77d8a5e575c8a61ea722f721f3c79d9c4fefd7263842085d8eff6f1,test,4,0.1,0.35,0.1,168
-1.9999999999999907,2,True,True,False,0xba93f83da3d5dca5ca802d866a82036eef5175ac4cde024b0d7810ce960fd45c,train,4,0.1,0.35,0.1,168
-2.0000000000000018,2,False,False,False,0xb61a7428fffecf81731e6b1a74704f88523d6a996aeed55d62ed5197c154f3a0,train,4,0.1,0.35,0.1,168
-2.0000000000000018,2,True,True,False,0xfd706b9d2b57af7643b9306c0a8e01daae63cc5cd38ff92c4070794e2b5430c9,train,4,0.1,0.35,0.1,168
-25.6060982859325,2,True,False,True,0x660c4a30dbcd989eb3aa3dbf6d400c485f1e21af8df2be0ebf01059cc949bada,test,4,0.1,0.35,0.1,168
-2.0000000000000018,2,True,True,False,0xf058c87bc11ccad23489271b8aee6b63fe505ae7eb4b8b284e2b3ee5bde65861,train,4,0.1,0.35,0.2,24
,0,False,False,False,0xc1916e7e8f34002eadf112f61bb7c023bb5ecd4687b0f216beeffdecc181023d,train,4,0.1,0.35,0.2,24
-0.48146542541694926,2,True,True,False,0xe785180799b7651c6a9a3a5ea636cfec27dc58d8244582e56cc14c0a04ed36a4,train,4,0.1,0.35,0.2,24
-2.0000000000000018,2,True,True,False,0x5613b430144b3498af4baea5a57ffb8f488d96a1d5f148ccdc455859877a36c7,train,4,0.1,0.35,0.2,24
-1.9997050025560736,2,True,True,False,0xb3ac62762b3e6812b343f10ef3c97a558923fd4a9fef7e1769b87775939c8f5c,train,4,0.1,0.35,0.2,24
-1.9985947916361324,2,True,True,False,0xe7946e1bf9111a91a219144798681f02968fb01c909ecc20845021f659e96156,train,4,0.1,0.35,0.2,24
-2.0000000000000018,2,False,False,False,0x8ce28f2cc77d8a5e575c8a61ea722f721f3c79d9c4fefd7263842085d8eff6f1,test,4,0.1,0.35,0.2,24
-3.481793139817424,2,True,False,False,0xba93f83da3d5dca5ca802d866a82036eef5175ac4cde024b0d7810ce960fd45c,train,4,0.1,0.35,0.2,24
-2.0000000000000018,2,False,False,False,0xb61a7428fffecf81731e6b1a74704f88523d6a996aeed55d62ed5197c154f3a0,train,4,0.1,0.35,0.2,24
-2.0000000000000018,2,True,True,False,0xfd706b9d2b57af7643b9306c0a8e01daae63cc5cd38ff92c4070794e2b5430c9,train,4,0.1,0.35,0.2,24
-37.94682418807085,2,True,False,True,0x660c4a30dbcd989eb3aa3dbf6d400c485f1e21af8df2be0ebf01059cc949bada,test,4,0.1,0.35,0.2,24
-2.0000000000000018,2,True,True,False,0xf058c87bc11ccad23489271b8aee6b63fe505ae7eb4b8b284e2b3ee5bde65861,train,4,0.1,0.35,0.2,72
,0,False,False,False,0xc1916e7e8f34002eadf112f61bb7c023bb5ecd4687b0f216beeffdecc181023d,train,4,0.1,0.35,0.2,72
-0.48146542541694926,2,True,True,False,0xe785180799b7651c6a9a3a5ea636cfec27dc58d8244582e56cc14c0a04ed36a4,train,4,0.1,0.35,0.2,72
-2.0000000000000018,2,True,True,False,0x5613b430144b3498af4baea5a57ffb8f488d96a1d5f148ccdc455859877a36c7,train,4,0.1,0.35,0.2,72
-1.9997050025560736,2,True,True,False,0xb3ac62762b3e6812b343f10ef3c97a558923fd4a9fef7e1769b87775939c8f5c,train,4,0.1,0.35,0.2,72
-1.9985947916361324,2,True,True,False,0xe7946e1bf9111a91a219144798681f02968fb01c909ecc20845021f659e96156,train,4,0.1,0.35,0.2,72
-2.0000000000000018,2,False,False,False,0x8ce28f2cc77d8a5e575c8a61ea722f721f3c79d9c4fefd7263842085d8eff6f1,test,4,0.1,0.35,0.2,72
-1.9999999999999907,2,True,True,False,0xba93f83da3d5dca5ca802d866a82036eef5175ac4cde024b0d7810ce960fd45c,train,4,0.1,0.35,0.2,72
-2.0000000000000018,2,False,False,False,0xb61a7428fffecf81731e6b1a74704f88523d6a996aeed55d62ed5197c154f3a0,train,4,0.1,0.35,0.2,72
-2.0000000000000018,2,True,True,False,0xfd706b9d2b57af7643b9306c0a8e01daae63cc5cd38ff92c4070794e2b5430c9,train,4,0.1,0.35,0.2,72
-37.94682418807085,2,True,False,True,0x660c4a30dbcd989eb3aa3dbf6d400c485f1e21af8df2be0ebf01059cc949bada,test,4,0.1,0.35,0.2,72
-2.0000000000000018,2,True,True,False,0xf058c87bc11ccad23489271b8aee6b63fe505ae7eb4b8b284e2b3ee5bde65861,train,4,0.1,0.35,0.2,168
,0,False,False,False,0xc1916e7e8f34002eadf112f61bb7c023bb5ecd4687b0f216beeffdecc181023d,train,4,0.1,0.35,0.2,168
-0.48146542541694926,2,True,True,False,0xe785180799b7651c6a9a3a5ea636cfec27dc58d8244582e56cc14c0a04ed36a4,train,4,0.1,0.35,0.2,168
-2.0000000000000018,2,True,True,False,0x5613b430144b3498af4baea5a57ffb8f488d96a1d5f148ccdc455859877a36c7,train,4,0.1,0.35,0.2,168
-1.9997050025560736,2,True,True,False,0xb3ac62762b3e6812b343f10ef3c97a558923fd4a9fef7e1769b87775939c8f5c,train,4,0.1,0.35,0.2,168
-1.9985947916361324,2,True,True,False,0xe7946e1bf9111a91a219144798681f02968fb01c909ecc20845021f659e96156,train,4,0.1,0.35,0.2,168
-2.0000000000000018,2,False,False,False,0x8ce28f2cc77d8a5e575c8a61ea722f721f3c79d9c4fefd7263842085d8eff6f1,test,4,0.1,0.35,0.2,168
-1.9999999999999907,2,True,True,False,0xba93f83da3d5dca5ca802d866a82036eef5175ac4cde024b0d7810ce960fd45c,train,4,0.1,0.35,0.2,168
-2.0000000000000018,2,False,False,False,0xb61a7428fffecf81731e6b1a74704f88523d6a996aeed55d62ed5197c154f3a0,train,4,0.1,0.35,0.2,168
-2.0000000000000018,2,True,True,False,0xfd706b9d2b57af7643b9306c0a8e01daae63cc5cd38ff92c4070794e2b5430c9,train,4,0.1,0.35,0.2,168
-37.94682418807085,2,True,False,True,0x660c4a30dbcd989eb3aa3dbf6d400c485f1e21af8df2be0ebf01059cc949bada,test,4,0.1,0.35,0.2,168
-2.0000000000000018,2,True,True,False,0xf058c87bc11ccad23489271b8aee6b63fe505ae7eb4b8b284e2b3ee5bde65861,train,4,0.1,0.5,0.1,24
,0,False,False,False,0xc1916e7e8f34002eadf112f61bb7c023bb5ecd4687b0f216beeffdecc181023d,train,4,0.1,0.5,0.1,24
-1.1045210965524022,2,True,True,False,0xe785180799b7651c6a9a3a5ea636cfec27dc58d8244582e56cc14c0a04ed36a4,train,4,0.1,0.5,0.1,24
-2.0000000000000018,2,True,True,False,0x5613b430144b3498af4baea5a57ffb8f488d96a1d5f148ccdc455859877a36c7,train,4,0.1,0.5,0.1,24
-1.9998260401889678,2,True,True,False,0xb3ac62762b3e6812b343f10ef3c97a558923fd4a9fef7e1769b87775939c8f5c,train,4,0.1,0.5,0.1,24
-1.9991713494932117,2,True,True,False,0xe7946e1bf9111a91a219144798681f02968fb01c909ecc20845021f659e96156,train,4,0.1,0.5,0.1,24
-2.0000000000000018,2,False,False,False,0x8ce28f2cc77d8a5e575c8a61ea722f721f3c79d9c4fefd7263842085d8eff6f1,test,4,0.1,0.5,0.1,24
-2.8738125019934,2,True,False,False,0xba93f83da3d5dca5ca802d866a82036eef5175ac4cde024b0d7810ce960fd45c,train,4,0.1,0.5,0.1,24
-2.0000000000000018,2,False,False,False,0xb61a7428fffecf81731e6b1a74704f88523d6a996aeed55d62ed5197c154f3a0,train,4,0.1,0.5,0.1,24
-2.0000000000000018,2,True,True,False,0xfd706b9d2b57af7643b9306c0a8e01daae63cc5cd38ff92c4070794e2b5430c9,train,4,0.1,0.5,0.1,24
-43.35753247192382,2,True,False,True,0x660c4a30dbcd989eb3aa3dbf6d400c485f1e21af8df2be0ebf01059cc949bada,test,4,0.1,0.5,0.1,24
-2.0000000000000018,2,True,True,False,0xf058c87bc11ccad23489271b8aee6b63fe505ae7eb4b8b284e2b3ee5bde65861,train,4,0.1,0.5,0.1,72
,0,False,False,False,0xc1916e7e8f34002eadf112f61bb7c023bb5ecd4687b0f216beeffdecc181023d,train,4,0.1,0.5,0.1,72
-1.1045210965524022,2,True,True,False,0xe785180799b7651c6a9a3a5ea636cfec27dc58d8244582e56cc14c0a04ed36a4,train,4,0.1,0.5,0.1,72
-2.0000000000000018,2,True,True,False,0x5613b430144b3498af4baea5a57ffb8f488d96a1d5f148ccdc455859877a36c7,train,4,0.1,0.5,0.1,72
-1.9998260401889678,2,True,True,False,0xb3ac62762b3e6812b343f10ef3c97a558923fd4a9fef7e1769b87775939c8f5c,train,4,0.1,0.5,0.1,72
-1.9991713494932117,2,True,True,False,0xe7946e1bf9111a91a219144798681f02968fb01c909ecc20845021f659e96156,train,4,0.1,0.5,0.1,72
-2.0000000000000018,2,False,False,False,0x8ce28f2cc77d8a5e575c8a61ea722f721f3c79d9c4fefd7263842085d8eff6f1,test,4,0.1,0.5,0.1,72
-1.9999999999999907,2,True,True,False,0xba93f83da3d5dca5ca802d866a82036eef5175ac4cde024b0d7810ce960fd45c,train,4,0.1,0.5,0.1,72
-2.0000000000000018,2,False,False,False,0xb61a7428fffecf81731e6b1a74704f88523d6a996aeed55d62ed5197c154f3a0,train,4,0.1,0.5,0.1,72
-2.0000000000000018,2,True,True,False,0xfd706b9d2b57af7643b9306c0a8e01daae63cc5cd38ff92c4070794e2b5430c9,train,4,0.1,0.5,0.1,72
-43.35753247192382,2,True,False,True,0x660c4a30dbcd989eb3aa3dbf6d400c485f1e21af8df2be0ebf01059cc949bada,test,4,0.1,0.5,0.1,72
-2.0000000000000018,2,True,True,False,0xf058c87bc11ccad23489271b8aee6b63fe505ae7eb4b8b284e2b3ee5bde65861,train,4,0.1,0.5,0.1,168
,0,False,False,False,0xc1916e7e8f34002eadf112f61bb7c023bb5ecd4687b0f216beeffdecc181023d,train,4,0.1,0.5,0.1,168
-1.1045210965524022,2,True,True,False,0xe785180799b7651c6a9a3a5ea636cfec27dc58d8244582e56cc14c0a04ed36a4,train,4,0.1,0.5,0.1,168
-2.0000000000000018,2,True,True,False,0x5613b430144b3498af4baea5a57ffb8f488d96a1d5f148ccdc455859877a36c7,train,4,0.1,0.5,0.1,168
-1.9998260401889678,2,True,True,False,0xb3ac62762b3e6812b343f10ef3c97a558923fd4a9fef7e1769b87775939c8f5c,train,4,0.1,0.5,0.1,168
-1.9991713494932117,2,True,True,False,0xe7946e1bf9111a91a219144798681f02968fb01c909ecc20845021f659e96156,train,4,0.1,0.5,0.1,168
-2.0000000000000018,2,False,False,False,0x8ce28f2cc77d8a5e575c8a61ea722f721f3c79d9c4fefd7263842085d8eff6f1,test,4,0.1,0.5,0.1,168
-1.9999999999999907,2,True,True,False,0xba93f83da3d5dca5ca802d866a82036eef5175ac4cde024b0d7810ce960fd45c,train,4,0.1,0.5,0.1,168
-2.0000000000000018,2,False,False,False,0xb61a7428fffecf81731e6b1a74704f88523d6a996aeed55d62ed5197c154f3a0,train,4,0.1,0.5,0.1,168
-2.0000000000000018,2,True,True,False,0xfd706b9d2b57af7643b9306c0a8e01daae63cc5cd38ff92c4070794e2b5430c9,train,4,0.1,0.5,0.1,168
-43.35753247192382,2,True,False,True,0x660c4a30dbcd989eb3aa3dbf6d400c485f1e21af8df2be0ebf01059cc949bada,test,4,0.1,0.5,0.1,168
-2.0000000000000018,2,True,True,False,0xf058c87bc11ccad23489271b8aee6b63fe505ae7eb4b8b284e2b3ee5bde65861,train,4,0.1,0.5,0.2,24
,0,False,False,False,0xc1916e7e8f34002eadf112f61bb7c023bb5ecd4687b0f216beeffdecc181023d,train,4,0.1,0.5,0.2,24
-1.1045210965524022,2,True,True,False,0xe785180799b7651c6a9a3a5ea636cfec27dc58d8244582e56cc14c0a04ed36a4,train,4,0.1,0.5,0.2,24
-2.0000000000000018,2,True,True,False,0x5613b430144b3498af4baea5a57ffb8f488d96a1d5f148ccdc455859877a36c7,train,4,0.1,0.5,0.2,24
-1.9998260401889678,2,True,True,False,0xb3ac62762b3e6812b343f10ef3c97a558923fd4a9fef7e1769b87775939c8f5c,train,4,0.1,0.5,0.2,24
-1.9991713494932117,2,True,True,False,0xe7946e1bf9111a91a219144798681f02968fb01c909ecc20845021f659e96156,train,4,0.1,0.5,0.2,24
-2.0000000000000018,2,False,False,False,0x8ce28f2cc77d8a5e575c8a61ea722f721f3c79d9c4fefd7263842085d8eff6f1,test,4,0.1,0.5,0.2,24
-2.8738125019934,2,True,False,False,0xba93f83da3d5dca5ca802d866a82036eef5175ac4cde024b0d7810ce960fd45c,train,4,0.1,0.5,0.2,24
-2.0000000000000018,2,False,False,False,0xb61a7428fffecf81731e6b1a74704f88523d6a996aeed55d62ed5197c154f3a0,train,4,0.1,0.5,0.2,24
-2.0000000000000018,2,True,True,False,0xfd706b9d2b57af7643b9306c0a8e01daae63cc5cd38ff92c4070794e2b5430c9,train,4,0.1,0.5,0.2,24
-43.35753247192382,2,True,False,True,0x660c4a30dbcd989eb3aa3dbf6d400c485f1e21af8df2be0ebf01059cc949bada,test,4,0.1,0.5,0.2,24
-2.0000000000000018,2,True,True,False,0xf058c87bc11ccad23489271b8aee6b63fe505ae7eb4b8b284e2b3ee5bde65861,train,4,0.1,0.5,0.2,72
,0,False,False,False,0xc1916e7e8f34002eadf112f61bb7c023bb5ecd4687b0f216beeffdecc181023d,train,4,0.1,0.5,0.2,72
-1.1045210965524022,2,True,True,False,0xe785180799b7651c6a9a3a5ea636cfec27dc58d8244582e56cc14c0a04ed36a4,train,4,0.1,0.5,0.2,72
-2.0000000000000018,2,True,True,False,0x5613b430144b3498af4baea5a57ffb8f488d96a1d5f148ccdc455859877a36c7,train,4,0.1,0.5,0.2,72
-1.9998260401889678,2,True,True,False,0xb3ac62762b3e6812b343f10ef3c97a558923fd4a9fef7e1769b87775939c8f5c,train,4,0.1,0.5,0.2,72
-1.9991713494932117,2,True,True,False,0xe7946e1bf9111a91a219144798681f02968fb01c909ecc20845021f659e96156,train,4,0.1,0.5,0.2,72
-2.0000000000000018,2,False,False,False,0x8ce28f2cc77d8a5e575c8a61ea722f721f3c79d9c4fefd7263842085d8eff6f1,test,4,0.1,0.5,0.2,72
-1.9999999999999907,2,True,True,False,0xba93f83da3d5dca5ca802d866a82036eef5175ac4cde024b0d7810ce960fd45c,train,4,0.1,0.5,0.2,72
-2.0000000000000018,2,False,False,False,0xb61a7428fffecf81731e6b1a74704f88523d6a996aeed55d62ed5197c154f3a0,train,4,0.1,0.5,0.2,72
-2.0000000000000018,2,True,True,False,0xfd706b9d2b57af7643b9306c0a8e01daae63cc5cd38ff92c4070794e2b5430c9,train,4,0.1,0.5,0.2,72
-43.35753247192382,2,True,False,True,0x660c4a30dbcd989eb3aa3dbf6d400c485f1e21af8df2be0ebf01059cc949bada,test,4,0.1,0.5,0.2,72
-2.0000000000000018,2,True,True,False,0xf058c87bc11ccad23489271b8aee6b63fe505ae7eb4b8b284e2b3ee5bde65861,train,4,0.1,0.5,0.2,168
,0,False,False,False,0xc1916e7e8f34002eadf112f61bb7c023bb5ecd4687b0f216beeffdecc181023d,train,4,0.1,0.5,0.2,168
-1.1045210965524022,2,True,True,False,0xe785180799b7651c6a9a3a5ea636cfec27dc58d8244582e56cc14c0a04ed36a4,train,4,0.1,0.5,0.2,168
-2.0000000000000018,2,True,True,False,0x5613b430144b3498af4baea5a57ffb8f488d96a1d5f148ccdc455859877a36c7,train,4,0.1,0.5,0.2,168
-1.9998260401889678,2,True,True,False,0xb3ac62762b3e6812b343f10ef3c97a558923fd4a9fef7e1769b87775939c8f5c,train,4,0.1,0.5,0.2,168
-1.9991713494932117,2,True,True,False,0xe7946e1bf9111a91a219144798681f02968fb01c909ecc20845021f659e96156,train,4,0.1,0.5,0.2,168
-2.0000000000000018,2,False,False,False,0x8ce28f2cc77d8a5e575c8a61ea722f721f3c79d9c4fefd7263842085d8eff6f1,test,4,0.1,0.5,0.2,168
-1.9999999999999907,2,True,True,False,0xba93f83da3d5dca5ca802d866a82036eef5175ac4cde024b0d7810ce960fd45c,train,4,0.1,0.5,0.2,168
-2.0000000000000018,2,False,False,False,0xb61a7428fffecf81731e6b1a74704f88523d6a996aeed55d62ed5197c154f3a0,train,4,0.1,0.5,0.2,168
-2.0000000000000018,2,True,True,False,0xfd706b9d2b57af7643b9306c0a8e01daae63cc5cd38ff92c4070794e2b5430c9,train,4,0.1,0.5,0.2,168
-43.35753247192382,2,True,False,True,0x660c4a30dbcd989eb3aa3dbf6d400c485f1e21af8df2be0ebf01059cc949bada,test,4,0.1,0.5,0.2,168
-2.0000000000000018,2,True,True,False,0xf058c87bc11ccad23489271b8aee6b63fe505ae7eb4b8b284e2b3ee5bde65861,train,4,0.15,0.25,0.1,24
,0,False,False,False,0xc1916e7e8f34002eadf112f61bb7c023bb5ecd4687b0f216beeffdecc181023d,train,4,0.15,0.25,0.1,24
-1.6317660384608579,2,True,True,False,0xe785180799b7651c6a9a3a5ea636cfec27dc58d8244582e56cc14c0a04ed36a4,train,4,0.15,0.25,0.1,24
-2.0000000000000018,2,True,True,False,0x5613b430144b3498af4baea5a57ffb8f488d96a1d5f148ccdc455859877a36c7,train,4,0.15,0.25,0.1,24
-2.0000000000000018,2,False,False,False,0xb3ac62762b3e6812b343f10ef3c97a558923fd4a9fef7e1769b87775939c8f5c,train,4,0.15,0.25,0.1,24
-2.0000000000000018,2,False,False,False,0xe7946e1bf9111a91a219144798681f02968fb01c909ecc20845021f659e96156,train,4,0.15,0.25,0.1,24
-2.0000000000000018,2,False,False,False,0x8ce28f2cc77d8a5e575c8a61ea722f721f3c79d9c4fefd7263842085d8eff6f1,test,4,0.15,0.25,0.1,24
-2.0000000000000018,2,True,True,False,0xba93f83da3d5dca5ca802d866a82036eef5175ac4cde024b0d7810ce960fd45c,train,4,0.15,0.25,0.1,24
-2.000000000000013,2,False,False,False,0xb61a7428fffecf81731e6b1a74704f88523d6a996aeed55d62ed5197c154f3a0,train,4,0.15,0.25,0.1,24
-2.0000000000000018,2,True,True,False,0xfd706b9d2b57af7643b9306c0a8e01daae63cc5cd38ff92c4070794e2b5430c9,train,4,0.15,0.25,0.1,24
-22.97693799692002,2,True,False,True,0x660c4a30dbcd989eb3aa3dbf6d400c485f1e21af8df2be0ebf01059cc949bada,test,4,0.15,0.25,0.1,24
-2.0000000000000018,2,True,True,False,0xf058c87bc11ccad23489271b8aee6b63fe505ae7eb4b8b284e2b3ee5bde65861,train,4,0.15,0.25,0.1,72
,0,False,False,False,0xc1916e7e8f34002eadf112f61bb7c023bb5ecd4687b0f216beeffdecc181023d,train,4,0.15,0.25,0.1,72
-1.6317660384608579,2,True,True,False,0xe785180799b7651c6a9a3a5ea636cfec27dc58d8244582e56cc14c0a04ed36a4,train,4,0.15,0.25,0.1,72
-2.0000000000000018,2,True,True,False,0x5613b430144b3498af4baea5a57ffb8f488d96a1d5f148ccdc455859877a36c7,train,4,0.15,0.25,0.1,72
-2.0000000000000018,2,False,False,False,0xb3ac62762b3e6812b343f10ef3c97a558923fd4a9fef7e1769b87775939c8f5c,train,4,0.15,0.25,0.1,72
-2.0000000000000018,2,False,False,False,0xe7946e1bf9111a91a219144798681f02968fb01c909ecc20845021f659e96156,train,4,0.15,0.25,0.1,72
-2.0000000000000018,2,False,False,False,0x8ce28f2cc77d8a5e575c8a61ea722f721f3c79d9c4fefd7263842085d8eff6f1,test,4,0.15,0.25,0.1,72
-2.0000000000000018,2,True,True,False,0xba93f83da3d5dca5ca802d866a82036eef5175ac4cde024b0d7810ce960fd45c,train,4,0.15,0.25,0.1,72
-2.000000000000013,2,False,False,False,0xb61a7428fffecf81731e6b1a74704f88523d6a996aeed55d62ed5197c154f3a0,train,4,0.15,0.25,0.1,72
-2.0000000000000018,2,True,True,False,0xfd706b9d2b57af7643b9306c0a8e01daae63cc5cd38ff92c4070794e2b5430c9,train,4,0.15,0.25,0.1,72
-22.97693799692002,2,True,False,True,0x660c4a30dbcd989eb3aa3dbf6d400c485f1e21af8df2be0ebf01059cc949bada,test,4,0.15,0.25,0.1,72
-2.0000000000000018,2,True,True,False,0xf058c87bc11ccad23489271b8aee6b63fe505ae7eb4b8b284e2b3ee5bde65861,train,4,0.15,0.25,0.1,168
,0,False,False,False,0xc1916e7e8f34002eadf112f61bb7c023bb5ecd4687b0f216beeffdecc181023d,train,4,0.15,0.25,0.1,168
-1.6317660384608579,2,True,True,False,0xe785180799b7651c6a9a3a5ea636cfec27dc58d8244582e56cc14c0a04ed36a4,train,4,0.15,0.25,0.1,168
-2.0000000000000018,2,True,True,False,0x5613b430144b3498af4baea5a57ffb8f488d96a1d5f148ccdc455859877a36c7,train,4,0.15,0.25,0.1,168
-2.0000000000000018,2,False,False,False,0xb3ac62762b3e6812b343f10ef3c97a558923fd4a9fef7e1769b87775939c8f5c,train,4,0.15,0.25,0.1,168
-2.0000000000000018,2,False,False,False,0xe7946e1bf9111a91a219144798681f02968fb01c909ecc20845021f659e96156,train,4,0.15,0.25,0.1,168
-2.0000000000000018,2,False,False,False,0x8ce28f2cc77d8a5e575c8a61ea722f721f3c79d9c4fefd7263842085d8eff6f1,test,4,0.15,0.25,0.1,168
-2.0000000000000018,2,True,True,False,0xba93f83da3d5dca5ca802d866a82036eef5175ac4cde024b0d7810ce960fd45c,train,4,0.15,0.25,0.1,168
-2.000000000000013,2,False,False,False,0xb61a7428fffecf81731e6b1a74704f88523d6a996aeed55d62ed5197c154f3a0,train,4,0.15,0.25,0.1,168
-2.0000000000000018,2,True,True,False,0xfd706b9d2b57af7643b9306c0a8e01daae63cc5cd38ff92c4070794e2b5430c9,train,4,0.15,0.25,0.1,168
-22.97693799692002,2,True,False,True,0x660c4a30dbcd989eb3aa3dbf6d400c485f1e21af8df2be0ebf01059cc949bada,test,4,0.15,0.25,0.1,168
-2.0000000000000018,2,True,True,False,0xf058c87bc11ccad23489271b8aee6b63fe505ae7eb4b8b284e2b3ee5bde65861,train,4,0.15,0.25,0.2,24
,0,False,False,False,0xc1916e7e8f34002eadf112f61bb7c023bb5ecd4687b0f216beeffdecc181023d,train,4,0.15,0.25,0.2,24
-1.6317660384608579,2,True,True,False,0xe785180799b7651c6a9a3a5ea636cfec27dc58d8244582e56cc14c0a04ed36a4,train,4,0.15,0.25,0.2,24
-2.0000000000000018,2,True,True,False,0x5613b430144b3498af4baea5a57ffb8f488d96a1d5f148ccdc455859877a36c7,train,4,0.15,0.25,0.2,24
-2.0000000000000018,2,False,False,False,0xb3ac62762b3e6812b343f10ef3c97a558923fd4a9fef7e1769b87775939c8f5c,train,4,0.15,0.25,0.2,24
-2.0000000000000018,2,False,False,False,0xe7946e1bf9111a91a219144798681f02968fb01c909ecc20845021f659e96156,train,4,0.15,0.25,0.2,24
-2.0000000000000018,2,False,False,False,0x8ce28f2cc77d8a5e575c8a61ea722f721f3c79d9c4fefd7263842085d8eff6f1,test,4,0.15,0.25,0.2,24
-2.0000000000000018,2,True,True,False,0xba93f83da3d5dca5ca802d866a82036eef5175ac4cde024b0d7810ce960fd45c,train,4,0.15,0.25,0.2,24
-2.000000000000013,2,False,False,False,0xb61a7428fffecf81731e6b1a74704f88523d6a996aeed55d62ed5197c154f3a0,train,4,0.15,0.25,0.2,24
-2.0000000000000018,2,True,True,False,0xfd706b9d2b57af7643b9306c0a8e01daae63cc5cd38ff92c4070794e2b5430c9,train,4,0.15,0.25,0.2,24
-28.819304933152246,2,True,False,True,0x660c4a30dbcd989eb3aa3dbf6d400c485f1e21af8df2be0ebf01059cc949bada,test,4,0.15,0.25,0.2,24
-2.0000000000000018,2,True,True,False,0xf058c87bc11ccad23489271b8aee6b63fe505ae7eb4b8b284e2b3ee5bde65861,train,4,0.15,0.25,0.2,72
,0,False,False,False,0xc1916e7e8f34002eadf112f61bb7c023bb5ecd4687b0f216beeffdecc181023d,train,4,0.15,0.25,0.2,72
-1.6317660384608579,2,True,True,False,0xe785180799b7651c6a9a3a5ea636cfec27dc58d8244582e56cc14c0a04ed36a4,train,4,0.15,0.25,0.2,72
-2.0000000000000018,2,True,True,False,0x5613b430144b3498af4baea5a57ffb8f488d96a1d5f148ccdc455859877a36c7,train,4,0.15,0.25,0.2,72
-2.0000000000000018,2,False,False,False,0xb3ac62762b3e6812b343f10ef3c97a558923fd4a9fef7e1769b87775939c8f5c,train,4,0.15,0.25,0.2,72
-2.0000000000000018,2,False,False,False,0xe7946e1bf9111a91a219144798681f02968fb01c909ecc20845021f659e96156,train,4,0.15,0.25,0.2,72
-2.0000000000000018,2,False,False,False,0x8ce28f2cc77d8a5e575c8a61ea722f721f3c79d9c4fefd7263842085d8eff6f1,test,4,0.15,0.25,0.2,72
-2.0000000000000018,2,True,True,False,0xba93f83da3d5dca5ca802d866a82036eef5175ac4cde024b0d7810ce960fd45c,train,4,0.15,0.25,0.2,72
-2.000000000000013,2,False,False,False,0xb61a7428fffecf81731e6b1a74704f88523d6a996aeed55d62ed5197c154f3a0,train,4,0.15,0.25,0.2,72
-2.0000000000000018,2,True,True,False,0xfd706b9d2b57af7643b9306c0a8e01daae63cc5cd38ff92c4070794e2b5430c9,train,4,0.15,0.25,0.2,72
-28.819304933152246,2,True,False,True,0x660c4a30dbcd989eb3aa3dbf6d400c485f1e21af8df2be0ebf01059cc949bada,test,4,0.15,0.25,0.2,72
-2.0000000000000018,2,True,True,False,0xf058c87bc11ccad23489271b8aee6b63fe505ae7eb4b8b284e2b3ee5bde65861,train,4,0.15,0.25,0.2,168
,0,False,False,False,0xc1916e7e8f34002eadf112f61bb7c023bb5ecd4687b0f216beeffdecc181023d,train,4,0.15,0.25,0.2,168
-1.6317660384608579,2,True,True,False,0xe785180799b7651c6a9a3a5ea636cfec27dc58d8244582e56cc14c0a04ed36a4,train,4,0.15,0.25,0.2,168
-2.0000000000000018,2,True,True,False,0x5613b430144b3498af4baea5a57ffb8f488d96a1d5f148ccdc455859877a36c7,train,4,0.15,0.25,0.2,168
-2.0000000000000018,2,False,False,False,0xb3ac62762b3e6812b343f10ef3c97a558923fd4a9fef7e1769b87775939c8f5c,train,4,0.15,0.25,0.2,168
-2.0000000000000018,2,False,False,False,0xe7946e1bf9111a91a219144798681f02968fb01c909ecc20845021f659e96156,train,4,0.15,0.25,0.2,168
-2.0000000000000018,2,False,False,False,0x8ce28f2cc77d8a5e575c8a61ea722f721f3c79d9c4fefd7263842085d8eff6f1,test,4,0.15,0.25,0.2,168
-2.0000000000000018,2,True,True,False,0xba93f83da3d5dca5ca802d866a82036eef5175ac4cde024b0d7810ce960fd45c,train,4,0.15,0.25,0.2,168
-2.000000000000013,2,False,False,False,0xb61a7428fffecf81731e6b1a74704f88523d6a996aeed55d62ed5197c154f3a0,train,4,0.15,0.25,0.2,168
-2.0000000000000018,2,True,True,False,0xfd706b9d2b57af7643b9306c0a8e01daae63cc5cd38ff92c4070794e2b5430c9,train,4,0.15,0.25,0.2,168
-28.819304933152246,2,True,False,True,0x660c4a30dbcd989eb3aa3dbf6d400c485f1e21af8df2be0ebf01059cc949bada,test,4,0.15,0.25,0.2,168
-2.0000000000000018,2,True,True,False,0xf058c87bc11ccad23489271b8aee6b63fe505ae7eb4b8b284e2b3ee5bde65861,train,4,0.15,0.35,0.1,24
,0,False,False,False,0xc1916e7e8f34002eadf112f61bb7c023bb5ecd4687b0f216beeffdecc181023d,train,4,0.15,0.35,0.1,24
-1.8220408778535369,2,True,True,False,0xe785180799b7651c6a9a3a5ea636cfec27dc58d8244582e56cc14c0a04ed36a4,train,4,0.15,0.35,0.1,24
-2.0000000000000018,2,True,True,False,0x5613b430144b3498af4baea5a57ffb8f488d96a1d5f148ccdc455859877a36c7,train,4,0.15,0.35,0.1,24
-2.0000000000000018,2,False,False,False,0xb3ac62762b3e6812b343f10ef3c97a558923fd4a9fef7e1769b87775939c8f5c,train,4,0.15,0.35,0.1,24
-2.0000000000000018,2,False,False,False,0xe7946e1bf9111a91a219144798681f02968fb01c909ecc20845021f659e96156,train,4,0.15,0.35,0.1,24
-2.0000000000000018,2,False,False,False,0x8ce28f2cc77d8a5e575c8a61ea722f721f3c79d9c4fefd7263842085d8eff6f1,test,4,0.15,0.35,0.1,24
-1.9999999999999907,2,True,True,False,0xba93f83da3d5dca5ca802d866a82036eef5175ac4cde024b0d7810ce960fd45c,train,4,0.15,0.35,0.1,24
-2.0000000000000018,2,False,False,False,0xb61a7428fffecf81731e6b1a74704f88523d6a996aeed55d62ed5197c154f3a0,train,4,0.15,0.35,0.1,24
-2.0000000000000018,2,True,True,False,0xfd706b9d2b57af7643b9306c0a8e01daae63cc5cd38ff92c4070794e2b5430c9,train,4,0.15,0.35,0.1,24
-23.39132365512925,2,True,False,True,0x660c4a30dbcd989eb3aa3dbf6d400c485f1e21af8df2be0ebf01059cc949bada,test,4,0.15,0.35,0.1,24
-2.0000000000000018,2,True,True,False,0xf058c87bc11ccad23489271b8aee6b63fe505ae7eb4b8b284e2b3ee5bde65861,train,4,0.15,0.35,0.1,72
,0,False,False,False,0xc1916e7e8f34002eadf112f61bb7c023bb5ecd4687b0f216beeffdecc181023d,train,4,0.15,0.35,0.1,72
-1.8220408778535369,2,True,True,False,0xe785180799b7651c6a9a3a5ea636cfec27dc58d8244582e56cc14c0a04ed36a4,train,4,0.15,0.35,0.1,72
-2.0000000000000018,2,True,True,False,0x5613b430144b3498af4baea5a57ffb8f488d96a1d5f148ccdc455859877a36c7,train,4,0.15,0.35,0.1,72
-2.0000000000000018,2,False,False,False,0xb3ac62762b3e6812b343f10ef3c97a558923fd4a9fef7e1769b87775939c8f5c,train,4,0.15,0.35,0.1,72
-2.0000000000000018,2,False,False,False,0xe7946e1bf9111a91a219144798681f02968fb01c909ecc20845021f659e96156,train,4,0.15,0.35,0.1,72
-2.0000000000000018,2,False,False,False,0x8ce28f2cc77d8a5e575c8a61ea722f721f3c79d9c4fefd7263842085d8eff6f1,test,4,0.15,0.35,0.1,72
-1.9999999999999907,2,True,True,False,0xba93f83da3d5dca5ca802d866a82036eef5175ac4cde024b0d7810ce960fd45c,train,4,0.15,0.35,0.1,72
-2.0000000000000018,2,False,False,False,0xb61a7428fffecf81731e6b1a74704f88523d6a996aeed55d62ed5197c154f3a0,train,4,0.15,0.35,0.1,72
-2.0000000000000018,2,True,True,False,0xfd706b9d2b57af7643b9306c0a8e01daae63cc5cd38ff92c4070794e2b5430c9,train,4,0.15,0.35,0.1,72
-23.39132365512925,2,True,False,True,0x660c4a30dbcd989eb3aa3dbf6d400c485f1e21af8df2be0ebf01059cc949bada,test,4,0.15,0.35,0.1,72
-2.0000000000000018,2,True,True,False,0xf058c87bc11ccad23489271b8aee6b63fe505ae7eb4b8b284e2b3ee5bde65861,train,4,0.15,0.35,0.1,168
,0,False,False,False,0xc1916e7e8f34002eadf112f61bb7c023bb5ecd4687b0f216beeffdecc181023d,train,4,0.15,0.35,0.1,168
-1.8220408778535369,2,True,True,False,0xe785180799b7651c6a9a3a5ea636cfec27dc58d8244582e56cc14c0a04ed36a4,train,4,0.15,0.35,0.1,168
-2.0000000000000018,2,True,True,False,0x5613b430144b3498af4baea5a57ffb8f488d96a1d5f148ccdc455859877a36c7,train,4,0.15,0.35,0.1,168
-2.0000000000000018,2,False,False,False,0xb3ac62762b3e6812b343f10ef3c97a558923fd4a9fef7e1769b87775939c8f5c,train,4,0.15,0.35,0.1,168
-2.0000000000000018,2,False,False,False,0xe7946e1bf9111a91a219144798681f02968fb01c909ecc20845021f659e96156,train,4,0.15,0.35,0.1,168
-2.0000000000000018,2,False,False,False,0x8ce28f2cc77d8a5e575c8a61ea722f721f3c79d9c4fefd7263842085d8eff6f1,test,4,0.15,0.35,0.1,168
-1.9999999999999907,2,True,True,False,0xba93f83da3d5dca5ca802d866a82036eef5175ac4cde024b0d7810ce960fd45c,train,4,0.15,0.35,0.1,168
-2.0000000000000018,2,False,False,False,0xb61a7428fffecf81731e6b1a74704f88523d6a996aeed55d62ed5197c154f3a0,train,4,0.15,0.35,0.1,168
-2.0000000000000018,2,True,True,False,0xfd706b9d2b57af7643b9306c0a8e01daae63cc5cd38ff92c4070794e2b5430c9,train,4,0.15,0.35,0.1,168
-23.39132365512925,2,True,False,True,0x660c4a30dbcd989eb3aa3dbf6d400c485f1e21af8df2be0ebf01059cc949bada,test,4,0.15,0.35,0.1,168
-2.0000000000000018,2,True,True,False,0xf058c87bc11ccad23489271b8aee6b63fe505ae7eb4b8b284e2b3ee5bde65861,train,4,0.15,0.35,0.2,24
,0,False,False,False,0xc1916e7e8f34002eadf112f61bb7c023bb5ecd4687b0f216beeffdecc181023d,train,4,0.15,0.35,0.2,24
-1.8220408778535369,2,True,True,False,0xe785180799b7651c6a9a3a5ea636cfec27dc58d8244582e56cc14c0a04ed36a4,train,4,0.15,0.35,0.2,24
-2.0000000000000018,2,True,True,False,0x5613b430144b3498af4baea5a57ffb8f488d96a1d5f148ccdc455859877a36c7,train,4,0.15,0.35,0.2,24
-2.0000000000000018,2,False,False,False,0xb3ac62762b3e6812b343f10ef3c97a558923fd4a9fef7e1769b87775939c8f5c,train,4,0.15,0.35,0.2,24
-2.0000000000000018,2,False,False,False,0xe7946e1bf9111a91a219144798681f02968fb01c909ecc20845021f659e96156,train,4,0.15,0.35,0.2,24
-2.0000000000000018,2,False,False,False,0x8ce28f2cc77d8a5e575c8a61ea722f721f3c79d9c4fefd7263842085d8eff6f1,test,4,0.15,0.35,0.2,24
-1.9999999999999907,2,True,True,False,0xba93f83da3d5dca5ca802d866a82036eef5175ac4cde024b0d7810ce960fd45c,train,4,0.15,0.35,0.2,24
-2.0000000000000018,2,False,False,False,0xb61a7428fffecf81731e6b1a74704f88523d6a996aeed55d62ed5197c154f3a0,train,4,0.15,0.35,0.2,24
-2.0000000000000018,2,True,True,False,0xfd706b9d2b57af7643b9306c0a8e01daae63cc5cd38ff92c4070794e2b5430c9,train,4,0.15,0.35,0.2,24
-36.08982584621868,2,True,False,True,0x660c4a30dbcd989eb3aa3dbf6d400c485f1e21af8df2be0ebf01059cc949bada,test,4,0.15,0.35,0.2,24
-2.0000000000000018,2,True,True,False,0xf058c87bc11ccad23489271b8aee6b63fe505ae7eb4b8b284e2b3ee5bde65861,train,4,0.15,0.35,0.2,72
,0,False,False,False,0xc1916e7e8f34002eadf112f61bb7c023bb5ecd4687b0f216beeffdecc181023d,train,4,0.15,0.35,0.2,72
-1.8220408778535369,2,True,True,False,0xe785180799b7651c6a9a3a5ea636cfec27dc58d8244582e56cc14c0a04ed36a4,train,4,0.15,0.35,0.2,72
-2.0000000000000018,2,True,True,False,0x5613b430144b3498af4baea5a57ffb8f488d96a1d5f148ccdc455859877a36c7,train,4,0.15,0.35,0.2,72
-2.0000000000000018,2,False,False,False,0xb3ac62762b3e6812b343f10ef3c97a558923fd4a9fef7e1769b87775939c8f5c,train,4,0.15,0.35,0.2,72
-2.0000000000000018,2,False,False,False,0xe7946e1bf9111a91a219144798681f02968fb01c909ecc20845021f659e96156,train,4,0.15,0.35,0.2,72
-2.0000000000000018,2,False,False,False,0x8ce28f2cc77d8a5e575c8a61ea722f721f3c79d9c4fefd7263842085d8eff6f1,test,4,0.15,0.35,0.2,72
-1.9999999999999907,2,True,True,False,0xba93f83da3d5dca5ca802d866a82036eef5175ac4cde024b0d7810ce960fd45c,train,4,0.15,0.35,0.2,72
-2.0000000000000018,2,False,False,False,0xb61a7428fffecf81731e6b1a74704f88523d6a996aeed55d62ed5197c154f3a0,train,4,0.15,0.35,0.2,72
-2.0000000000000018,2,True,True,False,0xfd706b9d2b57af7643b9306c0a8e01daae63cc5cd38ff92c4070794e2b5430c9,train,4,0.15,0.35,0.2,72
-36.08982584621868,2,True,False,True,0x660c4a30dbcd989eb3aa3dbf6d400c485f1e21af8df2be0ebf01059cc949bada,test,4,0.15,0.35,0.2,72
-2.0000000000000018,2,True,True,False,0xf058c87bc11ccad23489271b8aee6b63fe505ae7eb4b8b284e2b3ee5bde65861,train,4,0.15,0.35,0.2,168
,0,False,False,False,0xc1916e7e8f34002eadf112f61bb7c023bb5ecd4687b0f216beeffdecc181023d,train,4,0.15,0.35,0.2,168
-1.8220408778535369,2,True,True,False,0xe785180799b7651c6a9a3a5ea636cfec27dc58d8244582e56cc14c0a04ed36a4,train,4,0.15,0.35,0.2,168
-2.0000000000000018,2,True,True,False,0x5613b430144b3498af4baea5a57ffb8f488d96a1d5f148ccdc455859877a36c7,train,4,0.15,0.35,0.2,168
-2.0000000000000018,2,False,False,False,0xb3ac62762b3e6812b343f10ef3c97a558923fd4a9fef7e1769b87775939c8f5c,train,4,0.15,0.35,0.2,168
-2.0000000000000018,2,False,False,False,0xe7946e1bf9111a91a219144798681f02968fb01c909ecc20845021f659e96156,train,4,0.15,0.35,0.2,168
-2.0000000000000018,2,False,False,False,0x8ce28f2cc77d8a5e575c8a61ea722f721f3c79d9c4fefd7263842085d8eff6f1,test,4,0.15,0.35,0.2,168
-1.9999999999999907,2,True,True,False,0xba93f83da3d5dca5ca802d866a82036eef5175ac4cde024b0d7810ce960fd45c,train,4,0.15,0.35,0.2,168
-2.0000000000000018,2,False,False,False,0xb61a7428fffecf81731e6b1a74704f88523d6a996aeed55d62ed5197c154f3a0,train,4,0.15,0.35,0.2,168
-2.0000000000000018,2,True,True,False,0xfd706b9d2b57af7643b9306c0a8e01daae63cc5cd38ff92c4070794e2b5430c9,train,4,0.15,0.35,0.2,168
-36.08982584621868,2,True,False,True,0x660c4a30dbcd989eb3aa3dbf6d400c485f1e21af8df2be0ebf01059cc949bada,test,4,0.15,0.35,0.2,168
-2.0000000000000018,2,True,True,False,0xf058c87bc11ccad23489271b8aee6b63fe505ae7eb4b8b284e2b3ee5bde65861,train,4,0.15,0.5,0.1,24
,0,False,False,False,0xc1916e7e8f34002eadf112f61bb7c023bb5ecd4687b0f216beeffdecc181023d,train,4,0.15,0.5,0.1,24
-1.9041415101054393,2,True,True,False,0xe785180799b7651c6a9a3a5ea636cfec27dc58d8244582e56cc14c0a04ed36a4,train,4,0.15,0.5,0.1,24
-2.0000000000000018,2,True,True,False,0x5613b430144b3498af4baea5a57ffb8f488d96a1d5f148ccdc455859877a36c7,train,4,0.15,0.5,0.1,24
-2.0000000000000018,2,False,False,False,0xb3ac62762b3e6812b343f10ef3c97a558923fd4a9fef7e1769b87775939c8f5c,train,4,0.15,0.5,0.1,24
-2.0000000000000018,2,False,False,False,0xe7946e1bf9111a91a219144798681f02968fb01c909ecc20845021f659e96156,train,4,0.15,0.5,0.1,24
-2.0000000000000018,2,False,False,False,0x8ce28f2cc77d8a5e575c8a61ea722f721f3c79d9c4fefd7263842085d8eff6f1,test,4,0.15,0.5,0.1,24
-2.0000000000000018,2,True,True,False,0xba93f83da3d5dca5ca802d866a82036eef5175ac4cde024b0d7810ce960fd45c,train,4,0.15,0.5,0.1,24
-2.000000000000013,2,False,False,False,0xb61a7428fffecf81731e6b1a74704f88523d6a996aeed55d62ed5197c154f3a0,train,4,0.15,0.5,0.1,24
-2.0000000000000018,2,True,True,False,0xfd706b9d2b57af7643b9306c0a8e01daae63cc5cd38ff92c4070794e2b5430c9,train,4,0.15,0.5,0.1,24
-41.657398738016504,2,True,False,True,0x660c4a30dbcd989eb3aa3dbf6d400c485f1e21af8df2be0ebf01059cc949bada,test,4,0.15,0.5,0.1,24
-2.0000000000000018,2,True,True,False,0xf058c87bc11ccad23489271b8aee6b63fe505ae7eb4b8b284e2b3ee5bde65861,train,4,0.15,0.5,0.1,72
,0,False,False,False,0xc1916e7e8f34002eadf112f61bb7c023bb5ecd4687b0f216beeffdecc181023d,train,4,0.15,0.5,0.1,72
-1.9041415101054393,2,True,True,False,0xe785180799b7651c6a9a3a5ea636cfec27dc58d8244582e56cc14c0a04ed36a4,train,4,0.15,0.5,0.1,72
-2.0000000000000018,2,True,True,False,0x5613b430144b3498af4baea5a57ffb8f488d96a1d5f148ccdc455859877a36c7,train,4,0.15,0.5,0.1,72
-2.0000000000000018,2,False,False,False,0xb3ac62762b3e6812b343f10ef3c97a558923fd4a9fef7e1769b87775939c8f5c,train,4,0.15,0.5,0.1,72
-2.0000000000000018,2,False,False,False,0xe7946e1bf9111a91a219144798681f02968fb01c909ecc20845021f659e96156,train,4,0.15,0.5,0.1,72
-2.0000000000000018,2,False,False,False,0x8ce28f2cc77d8a5e575c8a61ea722f721f3c79d9c4fefd7263842085d8eff6f1,test,4,0.15,0.5,0.1,72
-2.0000000000000018,2,True,True,False,0xba93f83da3d5dca5ca802d866a82036eef5175ac4cde024b0d7810ce960fd45c,train,4,0.15,0.5,0.1,72
-2.000000000000013,2,False,False,False,0xb61a7428fffecf81731e6b1a74704f88523d6a996aeed55d62ed5197c154f3a0,train,4,0.15,0.5,0.1,72
-2.0000000000000018,2,True,True,False,0xfd706b9d2b57af7643b9306c0a8e01daae63cc5cd38ff92c4070794e2b5430c9,train,4,0.15,0.5,0.1,72
-41.657398738016504,2,True,False,True,0x660c4a30dbcd989eb3aa3dbf6d400c485f1e21af8df2be0ebf01059cc949bada,test,4,0.15,0.5,0.1,72
-2.0000000000000018,2,True,True,False,0xf058c87bc11ccad23489271b8aee6b63fe505ae7eb4b8b284e2b3ee5bde65861,train,4,0.15,0.5,0.1,168
,0,False,False,False,0xc1916e7e8f34002eadf112f61bb7c023bb5ecd4687b0f216beeffdecc181023d,train,4,0.15,0.5,0.1,168
-1.9041415101054393,2,True,True,False,0xe785180799b7651c6a9a3a5ea636cfec27dc58d8244582e56cc14c0a04ed36a4,train,4,0.15,0.5,0.1,168
-2.0000000000000018,2,True,True,False,0x5613b430144b3498af4baea5a57ffb8f488d96a1d5f148ccdc455859877a36c7,train,4,0.15,0.5,0.1,168
-2.0000000000000018,2,False,False,False,0xb3ac62762b3e6812b343f10ef3c97a558923fd4a9fef7e1769b87775939c8f5c,train,4,0.15,0.5,0.1,168
-2.0000000000000018,2,False,False,False,0xe7946e1bf9111a91a219144798681f02968fb01c909ecc20845021f659e96156,train,4,0.15,0.5,0.1,168
-2.0000000000000018,2,False,False,False,0x8ce28f2cc77d8a5e575c8a61ea722f721f3c79d9c4fefd7263842085d8eff6f1,test,4,0.15,0.5,0.1,168
-2.0000000000000018,2,True,True,False,0xba93f83da3d5dca5ca802d866a82036eef5175ac4cde024b0d7810ce960fd45c,train,4,0.15,0.5,0.1,168
-2.000000000000013,2,False,False,False,0xb61a7428fffecf81731e6b1a74704f88523d6a996aeed55d62ed5197c154f3a0,train,4,0.15,0.5,0.1,168
-2.0000000000000018,2,True,True,False,0xfd706b9d2b57af7643b9306c0a8e01daae63cc5cd38ff92c4070794e2b5430c9,train,4,0.15,0.5,0.1,168
-41.657398738016504,2,True,False,True,0x660c4a30dbcd989eb3aa3dbf6d400c485f1e21af8df2be0ebf01059cc949bada,test,4,0.15,0.5,0.1,168
-2.0000000000000018,2,True,True,False,0xf058c87bc11ccad23489271b8aee6b63fe505ae7eb4b8b284e2b3ee5bde65861,train,4,0.15,0.5,0.2,24
,0,False,False,False,0xc1916e7e8f34002eadf112f61bb7c023bb5ecd4687b0f216beeffdecc181023d,train,4,0.15,0.5,0.2,24
-1.9041415101054393,2,True,True,False,0xe785180799b7651c6a9a3a5ea636cfec27dc58d8244582e56cc14c0a04ed36a4,train,4,0.15,0.5,0.2,24
-2.0000000000000018,2,True,True,False,0x5613b430144b3498af4baea5a57ffb8f488d96a1d5f148ccdc455859877a36c7,train,4,0.15,0.5,0.2,24
-2.0000000000000018,2,False,False,False,0xb3ac62762b3e6812b343f10ef3c97a558923fd4a9fef7e1769b87775939c8f5c,train,4,0.15,0.5,0.2,24
-2.0000000000000018,2,False,False,False,0xe7946e1bf9111a91a219144798681f02968fb01c909ecc20845021f659e96156,train,4,0.15,0.5,0.2,24
-2.0000000000000018,2,False,False,False,0x8ce28f2cc77d8a5e575c8a61ea722f721f3c79d9c4fefd7263842085d8eff6f1,test,4,0.15,0.5,0.2,24
-2.0000000000000018,2,True,True,False,0xba93f83da3d5dca5ca802d866a82036eef5175ac4cde024b0d7810ce960fd45c,train,4,0.15,0.5,0.2,24
-2.000000000000013,2,False,False,False,0xb61a7428fffecf81731e6b1a74704f88523d6a996aeed55d62ed5197c154f3a0,train,4,0.15,0.5,0.2,24
-2.0000000000000018,2,True,True,False,0xfd706b9d2b57af7643b9306c0a8e01daae63cc5cd38ff92c4070794e2b5430c9,train,4,0.15,0.5,0.2,24
-41.657398738016504,2,True,False,True,0x660c4a30dbcd989eb3aa3dbf6d400c485f1e21af8df2be0ebf01059cc949bada,test,4,0.15,0.5,0.2,24
-2.0000000000000018,2,True,True,False,0xf058c87bc11ccad23489271b8aee6b63fe505ae7eb4b8b284e2b3ee5bde65861,train,4,0.15,0.5,0.2,72
,0,False,False,False,0xc1916e7e8f34002eadf112f61bb7c023bb5ecd4687b0f216beeffdecc181023d,train,4,0.15,0.5,0.2,72
-1.9041415101054393,2,True,True,False,0xe785180799b7651c6a9a3a5ea636cfec27dc58d8244582e56cc14c0a04ed36a4,train,4,0.15,0.5,0.2,72
-2.0000000000000018,2,True,True,False,0x5613b430144b3498af4baea5a57ffb8f488d96a1d5f148ccdc455859877a36c7,train,4,0.15,0.5,0.2,72
-2.0000000000000018,2,False,False,False,0xb3ac62762b3e6812b343f10ef3c97a558923fd4a9fef7e1769b87775939c8f5c,train,4,0.15,0.5,0.2,72
-2.0000000000000018,2,False,False,False,0xe7946e1bf9111a91a219144798681f02968fb01c909ecc20845021f659e96156,train,4,0.15,0.5,0.2,72
-2.0000000000000018,2,False,False,False,0x8ce28f2cc77d8a5e575c8a61ea722f721f3c79d9c4fefd7263842085d8eff6f1,test,4,0.15,0.5,0.2,72
-2.0000000000000018,2,True,True,False,0xba93f83da3d5dca5ca802d866a82036eef5175ac4cde024b0d7810ce960fd45c,train,4,0.15,0.5,0.2,72
-2.000000000000013,2,False,False,False,0xb61a7428fffecf81731e6b1a74704f88523d6a996aeed55d62ed5197c154f3a0,train,4,0.15,0.5,0.2,72
-2.0000000000000018,2,True,True,False,0xfd706b9d2b57af7643b9306c0a8e01daae63cc5cd38ff92c4070794e2b5430c9,train,4,0.15,0.5,0.2,72
-41.657398738016504,2,True,False,True,0x660c4a30dbcd989eb3aa3dbf6d400c485f1e21af8df2be0ebf01059cc949bada,test,4,0.15,0.5,0.2,72
-2.0000000000000018,2,True,True,False,0xf058c87bc11ccad23489271b8aee6b63fe505ae7eb4b8b284e2b3ee5bde65861,train,4,0.15,0.5,0.2,168
,0,False,False,False,0xc1916e7e8f34002eadf112f61bb7c023bb5ecd4687b0f216beeffdecc181023d,train,4,0.15,0.5,0.2,168
-1.9041415101054393,2,True,True,False,0xe785180799b7651c6a9a3a5ea636cfec27dc58d8244582e56cc14c0a04ed36a4,train,4,0.15,0.5,0.2,168
-2.0000000000000018,2,True,True,False,0x5613b430144b3498af4baea5a57ffb8f488d96a1d5f148ccdc455859877a36c7,train,4,0.15,0.5,0.2,168
-2.0000000000000018,2,False,False,False,0xb3ac62762b3e6812b343f10ef3c97a558923fd4a9fef7e1769b87775939c8f5c,train,4,0.15,0.5,0.2,168
-2.0000000000000018,2,False,False,False,0xe7946e1bf9111a91a219144798681f02968fb01c909ecc20845021f659e96156,train,4,0.15,0.5,0.2,168
-2.0000000000000018,2,False,False,False,0x8ce28f2cc77d8a5e575c8a61ea722f721f3c79d9c4fefd7263842085d8eff6f1,test,4,0.15,0.5,0.2,168
-2.0000000000000018,2,True,True,False,0xba93f83da3d5dca5ca802d866a82036eef5175ac4cde024b0d7810ce960fd45c,train,4,0.15,0.5,0.2,168
-2.000000000000013,2,False,False,False,0xb61a7428fffecf81731e6b1a74704f88523d6a996aeed55d62ed5197c154f3a0,train,4,0.15,0.5,0.2,168
-2.0000000000000018,2,True,True,False,0xfd706b9d2b57af7643b9306c0a8e01daae63cc5cd38ff92c4070794e2b5430c9,train,4,0.15,0.5,0.2,168
-41.657398738016504,2,True,False,True,0x660c4a30dbcd989eb3aa3dbf6d400c485f1e21af8df2be0ebf01059cc949bada,test,4,0.15,0.5,0.2,168
-2.0000000000000018,2,True,True,False,0xf058c87bc11ccad23489271b8aee6b63fe505ae7eb4b8b284e2b3ee5bde65861,train,4,0.2,0.25,0.1,24
,0,False,False,False,0xc1916e7e8f34002eadf112f61bb7c023bb5ecd4687b0f216beeffdecc181023d,train,4,0.2,0.25,0.1,24
-11.00598076448338,2,True,False,True,0xe785180799b7651c6a9a3a5ea636cfec27dc58d8244582e56cc14c0a04ed36a4,train,4,0.2,0.25,0.1,24
-2.0000000000000018,2,True,True,False,0x5613b430144b3498af4baea5a57ffb8f488d96a1d5f148ccdc455859877a36c7,train,4,0.2,0.25,0.1,24
-2.0000000000000018,2,False,False,False,0xb3ac62762b3e6812b343f10ef3c97a558923fd4a9fef7e1769b87775939c8f5c,train,4,0.2,0.25,0.1,24
-2.0000000000000018,2,False,False,False,0xe7946e1bf9111a91a219144798681f02968fb01c909ecc20845021f659e96156,train,4,0.2,0.25,0.1,24
-2.0000000000000018,2,False,False,False,0x8ce28f2cc77d8a5e575c8a61ea722f721f3c79d9c4fefd7263842085d8eff6f1,test,4,0.2,0.25,0.1,24
-15.746968528652028,2,True,False,True,0xba93f83da3d5dca5ca802d866a82036eef5175ac4cde024b0d7810ce960fd45c,train,4,0.2,0.25,0.1,24
-1.9999999999999907,2,False,False,False,0xb61a7428fffecf81731e6b1a74704f88523d6a996aeed55d62ed5197c154f3a0,train,4,0.2,0.25,0.1,24
-17.212096845517767,2,True,False,True,0xfd706b9d2b57af7643b9306c0a8e01daae63cc5cd38ff92c4070794e2b5430c9,train,4,0.2,0.25,0.1,24
-20.544892125391932,2,True,False,True,0x660c4a30dbcd989eb3aa3dbf6d400c485f1e21af8df2be0ebf01059cc949bada,test,4,0.2,0.25,0.1,24
-2.0000000000000018,2,True,True,False,0xf058c87bc11ccad23489271b8aee6b63fe505ae7eb4b8b284e2b3ee5bde65861,train,4,0.2,0.25,0.1,72
,0,False,False,False,0xc1916e7e8f34002eadf112f61bb7c023bb5ecd4687b0f216beeffdecc181023d,train,4,0.2,0.25,0.1,72
-11.00598076448338,2,True,False,True,0xe785180799b7651c6a9a3a5ea636cfec27dc58d8244582e56cc14c0a04ed36a4,train,4,0.2,0.25,0.1,72
-2.0000000000000018,2,True,True,False,0x5613b430144b3498af4baea5a57ffb8f488d96a1d5f148ccdc455859877a36c7,train,4,0.2,0.25,0.1,72
-2.0000000000000018,2,False,False,False,0xb3ac62762b3e6812b343f10ef3c97a558923fd4a9fef7e1769b87775939c8f5c,train,4,0.2,0.25,0.1,72
-2.0000000000000018,2,False,False,False,0xe7946e1bf9111a91a219144798681f02968fb01c909ecc20845021f659e96156,train,4,0.2,0.25,0.1,72
-2.0000000000000018,2,False,False,False,0x8ce28f2cc77d8a5e575c8a61ea722f721f3c79d9c4fefd7263842085d8eff6f1,test,4,0.2,0.25,0.1,72
-15.746968528652028,2,True,False,True,0xba93f83da3d5dca5ca802d866a82036eef5175ac4cde024b0d7810ce960fd45c,train,4,0.2,0.25,0.1,72
-1.9999999999999907,2,False,False,False,0xb61a7428fffecf81731e6b1a74704f88523d6a996aeed55d62ed5197c154f3a0,train,4,0.2,0.25,0.1,72
-17.212096845517767,2,True,False,True,0xfd706b9d2b57af7643b9306c0a8e01daae63cc5cd38ff92c4070794e2b5430c9,train,4,0.2,0.25,0.1,72
-20.544892125391932,2,True,False,True,0x660c4a30dbcd989eb3aa3dbf6d400c485f1e21af8df2be0ebf01059cc949bada,test,4,0.2,0.25,0.1,72
-2.0000000000000018,2,True,True,False,0xf058c87bc11ccad23489271b8aee6b63fe505ae7eb4b8b284e2b3ee5bde65861,train,4,0.2,0.25,0.1,168
,0,False,False,False,0xc1916e7e8f34002eadf112f61bb7c023bb5ecd4687b0f216beeffdecc181023d,train,4,0.2,0.25,0.1,168
-11.00598076448338,2,True,False,True,0xe785180799b7651c6a9a3a5ea636cfec27dc58d8244582e56cc14c0a04ed36a4,train,4,0.2,0.25,0.1,168
-2.0000000000000018,2,True,True,False,0x5613b430144b3498af4baea5a57ffb8f488d96a1d5f148ccdc455859877a36c7,train,4,0.2,0.25,0.1,168
-2.0000000000000018,2,False,False,False,0xb3ac62762b3e6812b343f10ef3c97a558923fd4a9fef7e1769b87775939c8f5c,train,4,0.2,0.25,0.1,168
-2.0000000000000018,2,False,False,False,0xe7946e1bf9111a91a219144798681f02968fb01c909ecc20845021f659e96156,train,4,0.2,0.25,0.1,168
-2.0000000000000018,2,False,False,False,0x8ce28f2cc77d8a5e575c8a61ea722f721f3c79d9c4fefd7263842085d8eff6f1,test,4,0.2,0.25,0.1,168
-15.746968528652028,2,True,False,True,0xba93f83da3d5dca5ca802d866a82036eef5175ac4cde024b0d7810ce960fd45c,train,4,0.2,0.25,0.1,168
-1.9999999999999907,2,False,False,False,0xb61a7428fffecf81731e6b1a74704f88523d6a996aeed55d62ed5197c154f3a0,train,4,0.2,0.25,0.1,168
-17.212096845517767,2,True,False,True,0xfd706b9d2b57af7643b9306c0a8e01daae63cc5cd38ff92c4070794e2b5430c9,train,4,0.2,0.25,0.1,168
-20.544892125391932,2,True,False,True,0x660c4a30dbcd989eb3aa3dbf6d400c485f1e21af8df2be0ebf01059cc949bada,test,4,0.2,0.25,0.1,168
-2.0000000000000018,2,True,True,False,0xf058c87bc11ccad23489271b8aee6b63fe505ae7eb4b8b284e2b3ee5bde65861,train,4,0.2,0.25,0.2,24
,0,False,False,False,0xc1916e7e8f34002eadf112f61bb7c023bb5ecd4687b0f216beeffdecc181023d,train,4,0.2,0.25,0.2,24
-37.17812281724891,2,True,False,True,0xe785180799b7651c6a9a3a5ea636cfec27dc58d8244582e56cc14c0a04ed36a4,train,4,0.2,0.25,0.2,24
-2.0000000000000018,2,True,True,False,0x5613b430144b3498af4baea5a57ffb8f488d96a1d5f148ccdc455859877a36c7,train,4,0.2,0.25,0.2,24
-2.0000000000000018,2,False,False,False,0xb3ac62762b3e6812b343f10ef3c97a558923fd4a9fef7e1769b87775939c8f5c,train,4,0.2,0.25,0.2,24
-2.0000000000000018,2,False,False,False,0xe7946e1bf9111a91a219144798681f02968fb01c909ecc20845021f659e96156,train,4,0.2,0.25,0.2,24
-2.0000000000000018,2,False,False,False,0x8ce28f2cc77d8a5e575c8a61ea722f721f3c79d9c4fefd7263842085d8eff6f1,test,4,0.2,0.25,0.2,24
-2.0000000000000018,2,True,True,False,0xba93f83da3d5dca5ca802d866a82036eef5175ac4cde024b0d7810ce960fd45c,train,4,0.2,0.25,0.2,24
-1.9999999999999907,2,False,False,False,0xb61a7428fffecf81731e6b1a74704f88523d6a996aeed55d62ed5197c154f3a0,train,4,0.2,0.25,0.2,24
-2.0000000000000018,2,True,True,False,0xfd706b9d2b57af7643b9306c0a8e01daae63cc5cd38ff92c4070794e2b5430c9,train,4,0.2,0.25,0.2,24
-26.567066120817373,2,True,False,True,0x660c4a30dbcd989eb3aa3dbf6d400c485f1e21af8df2be0ebf01059cc949bada,test,4,0.2,0.25,0.2,24
-2.0000000000000018,2,True,True,False,0xf058c87bc11ccad23489271b8aee6b63fe505ae7eb4b8b284e2b3ee5bde65861,train,4,0.2,0.25,0.2,72
,0,False,False,False,0xc1916e7e8f34002eadf112f61bb7c023bb5ecd4687b0f216beeffdecc181023d,train,4,0.2,0.25,0.2,72
-37.17812281724891,2,True,False,True,0xe785180799b7651c6a9a3a5ea636cfec27dc58d8244582e56cc14c0a04ed36a4,train,4,0.2,0.25,0.2,72
-2.0000000000000018,2,True,True,False,0x5613b430144b3498af4baea5a57ffb8f488d96a1d5f148ccdc455859877a36c7,train,4,0.2,0.25,0.2,72
-2.0000000000000018,2,False,False,False,0xb3ac62762b3e6812b343f10ef3c97a558923fd4a9fef7e1769b87775939c8f5c,train,4,0.2,0.25,0.2,72
-2.0000000000000018,2,False,False,False,0xe7946e1bf9111a91a219144798681f02968fb01c909ecc20845021f659e96156,train,4,0.2,0.25,0.2,72
-2.0000000000000018,2,False,False,False,0x8ce28f2cc77d8a5e575c8a61ea722f721f3c79d9c4fefd7263842085d8eff6f1,test,4,0.2,0.25,0.2,72
-2.0000000000000018,2,True,True,False,0xba93f83da3d5dca5ca802d866a82036eef5175ac4cde024b0d7810ce960fd45c,train,4,0.2,0.25,0.2,72
-1.9999999999999907,2,False,False,False,0xb61a7428fffecf81731e6b1a74704f88523d6a996aeed55d62ed5197c154f3a0,train,4,0.2,0.25,0.2,72
-2.0000000000000018,2,True,True,False,0xfd706b9d2b57af7643b9306c0a8e01daae63cc5cd38ff92c4070794e2b5430c9,train,4,0.2,0.25,0.2,72
-26.567066120817373,2,True,False,True,0x660c4a30dbcd989eb3aa3dbf6d400c485f1e21af8df2be0ebf01059cc949bada,test,4,0.2,0.25,0.2,72
-2.0000000000000018,2,True,True,False,0xf058c87bc11ccad23489271b8aee6b63fe505ae7eb4b8b284e2b3ee5bde65861,train,4,0.2,0.25,0.2,168
,0,False,False,False,0xc1916e7e8f34002eadf112f61bb7c023bb5ecd4687b0f216beeffdecc181023d,train,4,0.2,0.25,0.2,168
-37.17812281724891,2,True,False,True,0xe785180799b7651c6a9a3a5ea636cfec27dc58d8244582e56cc14c0a04ed36a4,train,4,0.2,0.25,0.2,168
-2.0000000000000018,2,True,True,False,0x5613b430144b3498af4baea5a57ffb8f488d96a1d5f148ccdc455859877a36c7,train,4,0.2,0.25,0.2,168
-2.0000000000000018,2,False,False,False,0xb3ac62762b3e6812b343f10ef3c97a558923fd4a9fef7e1769b87775939c8f5c,train,4,0.2,0.25,0.2,168
-2.0000000000000018,2,False,False,False,0xe7946e1bf9111a91a219144798681f02968fb01c909ecc20845021f659e96156,train,4,0.2,0.25,0.2,168
-2.0000000000000018,2,False,False,False,0x8ce28f2cc77d8a5e575c8a61ea722f721f3c79d9c4fefd7263842085d8eff6f1,test,4,0.2,0.25,0.2,168
-2.0000000000000018,2,True,True,False,0xba93f83da3d5dca5ca802d866a82036eef5175ac4cde024b0d7810ce960fd45c,train,4,0.2,0.25,0.2,168
-1.9999999999999907,2,False,False,False,0xb61a7428fffecf81731e6b1a74704f88523d6a996aeed55d62ed5197c154f3a0,train,4,0.2,0.25,0.2,168
-2.0000000000000018,2,True,True,False,0xfd706b9d2b57af7643b9306c0a8e01daae63cc5cd38ff92c4070794e2b5430c9,train,4,0.2,0.25,0.2,168
-26.567066120817373,2,True,False,True,0x660c4a30dbcd989eb3aa3dbf6d400c485f1e21af8df2be0ebf01059cc949bada,test,4,0.2,0.25,0.2,168
-2.0000000000000018,2,True,True,False,0xf058c87bc11ccad23489271b8aee6b63fe505ae7eb4b8b284e2b3ee5bde65861,train,4,0.2,0.35,0.1,24
,0,False,False,False,0xc1916e7e8f34002eadf112f61bb7c023bb5ecd4687b0f216beeffdecc181023d,train,4,0.2,0.35,0.1,24
-33.92630828682168,2,True,False,True,0xe785180799b7651c6a9a3a5ea636cfec27dc58d8244582e56cc14c0a04ed36a4,train,4,0.2,0.35,0.1,24
-2.0000000000000018,2,True,True,False,0x5613b430144b3498af4baea5a57ffb8f488d96a1d5f148ccdc455859877a36c7,train,4,0.2,0.35,0.1,24
-2.0000000000000018,2,False,False,False,0xb3ac62762b3e6812b343f10ef3c97a558923fd4a9fef7e1769b87775939c8f5c,train,4,0.2,0.35,0.1,24
-2.0000000000000018,2,False,False,False,0xe7946e1bf9111a91a219144798681f02968fb01c909ecc20845021f659e96156,train,4,0.2,0.35,0.1,24
-2.0000000000000018,2,False,False,False,0x8ce28f2cc77d8a5e575c8a61ea722f721f3c79d9c4fefd7263842085d8eff6f1,test,4,0.2,0.35,0.1,24
-1.9999999999999907,2,True,True,False,0xba93f83da3d5dca5ca802d866a82036eef5175ac4cde024b0d7810ce960fd45c,train,4,0.2,0.35,0.1,24
-1.9999999999999907,2,False,False,False,0xb61a7428fffecf81731e6b1a74704f88523d6a996aeed55d62ed5197c154f3a0,train,4,0.2,0.35,0.1,24
-2.0000000000000018,2,True,True,False,0xfd706b9d2b57af7643b9306c0a8e01daae63cc5cd38ff92c4070794e2b5430c9,train,4,0.2,0.35,0.1,24
-20.972031085026387,2,True,False,True,0x660c4a30dbcd989eb3aa3dbf6d400c485f1e21af8df2be0ebf01059cc949bada,test,4,0.2,0.35,0.1,24
-2.0000000000000018,2,True,True,False,0xf058c87bc11ccad23489271b8aee6b63fe505ae7eb4b8b284e2b3ee5bde65861,train,4,0.2,0.35,0.1,72
,0,False,False,False,0xc1916e7e8f34002eadf112f61bb7c023bb5ecd4687b0f216beeffdecc181023d,train,4,0.2,0.35,0.1,72
-33.92630828682168,2,True,False,True,0xe785180799b7651c6a9a3a5ea636cfec27dc58d8244582e56cc14c0a04ed36a4,train,4,0.2,0.35,0.1,72
-2.0000000000000018,2,True,True,False,0x5613b430144b3498af4baea5a57ffb8f488d96a1d5f148ccdc455859877a36c7,train,4,0.2,0.35,0.1,72
-2.0000000000000018,2,False,False,False,0xb3ac62762b3e6812b343f10ef3c97a558923fd4a9fef7e1769b87775939c8f5c,train,4,0.2,0.35,0.1,72
-2.0000000000000018,2,False,False,False,0xe7946e1bf9111a91a219144798681f02968fb01c909ecc20845021f659e96156,train,4,0.2,0.35,0.1,72
-2.0000000000000018,2,False,False,False,0x8ce28f2cc77d8a5e575c8a61ea722f721f3c79d9c4fefd7263842085d8eff6f1,test,4,0.2,0.35,0.1,72
-1.9999999999999907,2,True,True,False,0xba93f83da3d5dca5ca802d866a82036eef5175ac4cde024b0d7810ce960fd45c,train,4,0.2,0.35,0.1,72
-1.9999999999999907,2,False,False,False,0xb61a7428fffecf81731e6b1a74704f88523d6a996aeed55d62ed5197c154f3a0,train,4,0.2,0.35,0.1,72
-2.0000000000000018,2,True,True,False,0xfd706b9d2b57af7643b9306c0a8e01daae63cc5cd38ff92c4070794e2b5430c9,train,4,0.2,0.35,0.1,72
-20.972031085026387,2,True,False,True,0x660c4a30dbcd989eb3aa3dbf6d400c485f1e21af8df2be0ebf01059cc949bada,test,4,0.2,0.35,0.1,72
-2.0000000000000018,2,True,True,False,0xf058c87bc11ccad23489271b8aee6b63fe505ae7eb4b8b284e2b3ee5bde65861,train,4,0.2,0.35,0.1,168
,0,False,False,False,0xc1916e7e8f34002eadf112f61bb7c023bb5ecd4687b0f216beeffdecc181023d,train,4,0.2,0.35,0.1,168
-33.92630828682168,2,True,False,True,0xe785180799b7651c6a9a3a5ea636cfec27dc58d8244582e56cc14c0a04ed36a4,train,4,0.2,0.35,0.1,168
-2.0000000000000018,2,True,True,False,0x5613b430144b3498af4baea5a57ffb8f488d96a1d5f148ccdc455859877a36c7,train,4,0.2,0.35,0.1,168
-2.0000000000000018,2,False,False,False,0xb3ac62762b3e6812b343f10ef3c97a558923fd4a9fef7e1769b87775939c8f5c,train,4,0.2,0.35,0.1,168
-2.0000000000000018,2,False,False,False,0xe7946e1bf9111a91a219144798681f02968fb01c909ecc20845021f659e96156,train,4,0.2,0.35,0.1,168
-2.0000000000000018,2,False,False,False,0x8ce28f2cc77d8a5e575c8a61ea722f721f3c79d9c4fefd7263842085d8eff6f1,test,4,0.2,0.35,0.1,168
-1.9999999999999907,2,True,True,False,0xba93f83da3d5dca5ca802d866a82036eef5175ac4cde024b0d7810ce960fd45c,train,4,0.2,0.35,0.1,168
-1.9999999999999907,2,False,False,False,0xb61a7428fffecf81731e6b1a74704f88523d6a996aeed55d62ed5197c154f3a0,train,4,0.2,0.35,0.1,168
-2.0000000000000018,2,True,True,False,0xfd706b9d2b57af7643b9306c0a8e01daae63cc5cd38ff92c4070794e2b5430c9,train,4,0.2,0.35,0.1,168
-20.972031085026387,2,True,False,True,0x660c4a30dbcd989eb3aa3dbf6d400c485f1e21af8df2be0ebf01059cc949bada,test,4,0.2,0.35,0.1,168
-2.0000000000000018,2,True,True,False,0xf058c87bc11ccad23489271b8aee6b63fe505ae7eb4b8b284e2b3ee5bde65861,train,4,0.2,0.35,0.2,24
,0,False,False,False,0xc1916e7e8f34002eadf112f61bb7c023bb5ecd4687b0f216beeffdecc181023d,train,4,0.2,0.35,0.2,24
-33.92630828682168,2,True,False,True,0xe785180799b7651c6a9a3a5ea636cfec27dc58d8244582e56cc14c0a04ed36a4,train,4,0.2,0.35,0.2,24
-2.0000000000000018,2,True,True,False,0x5613b430144b3498af4baea5a57ffb8f488d96a1d5f148ccdc455859877a36c7,train,4,0.2,0.35,0.2,24
-2.0000000000000018,2,False,False,False,0xb3ac62762b3e6812b343f10ef3c97a558923fd4a9fef7e1769b87775939c8f5c,train,4,0.2,0.35,0.2,24
-2.0000000000000018,2,False,False,False,0xe7946e1bf9111a91a219144798681f02968fb01c909ecc20845021f659e96156,train,4,0.2,0.35,0.2,24
-2.0000000000000018,2,False,False,False,0x8ce28f2cc77d8a5e575c8a61ea722f721f3c79d9c4fefd7263842085d8eff6f1,test,4,0.2,0.35,0.2,24
-1.9999999999999907,2,True,True,False,0xba93f83da3d5dca5ca802d866a82036eef5175ac4cde024b0d7810ce960fd45c,train,4,0.2,0.35,0.2,24
-1.9999999999999907,2,False,False,False,0xb61a7428fffecf81731e6b1a74704f88523d6a996aeed55d62ed5197c154f3a0,train,4,0.2,0.35,0.2,24
-2.0000000000000018,2,True,True,False,0xfd706b9d2b57af7643b9306c0a8e01daae63cc5cd38ff92c4070794e2b5430c9,train,4,0.2,0.35,0.2,24
-34.06134754027613,2,True,False,True,0x660c4a30dbcd989eb3aa3dbf6d400c485f1e21af8df2be0ebf01059cc949bada,test,4,0.2,0.35,0.2,24
-2.0000000000000018,2,True,True,False,0xf058c87bc11ccad23489271b8aee6b63fe505ae7eb4b8b284e2b3ee5bde65861,train,4,0.2,0.35,0.2,72
,0,False,False,False,0xc1916e7e8f34002eadf112f61bb7c023bb5ecd4687b0f216beeffdecc181023d,train,4,0.2,0.35,0.2,72
-33.92630828682168,2,True,False,True,0xe785180799b7651c6a9a3a5ea636cfec27dc58d8244582e56cc14c0a04ed36a4,train,4,0.2,0.35,0.2,72
-2.0000000000000018,2,True,True,False,0x5613b430144b3498af4baea5a57ffb8f488d96a1d5f148ccdc455859877a36c7,train,4,0.2,0.35,0.2,72
-2.0000000000000018,2,False,False,False,0xb3ac62762b3e6812b343f10ef3c97a558923fd4a9fef7e1769b87775939c8f5c,train,4,0.2,0.35,0.2,72
-2.0000000000000018,2,False,False,False,0xe7946e1bf9111a91a219144798681f02968fb01c909ecc20845021f659e96156,train,4,0.2,0.35,0.2,72
-2.0000000000000018,2,False,False,False,0x8ce28f2cc77d8a5e575c8a61ea722f721f3c79d9c4fefd7263842085d8eff6f1,test,4,0.2,0.35,0.2,72
-1.9999999999999907,2,True,True,False,0xba93f83da3d5dca5ca802d866a82036eef5175ac4cde024b0d7810ce960fd45c,train,4,0.2,0.35,0.2,72
-1.9999999999999907,2,False,False,False,0xb61a7428fffecf81731e6b1a74704f88523d6a996aeed55d62ed5197c154f3a0,train,4,0.2,0.35,0.2,72
-2.0000000000000018,2,True,True,False,0xfd706b9d2b57af7643b9306c0a8e01daae63cc5cd38ff92c4070794e2b5430c9,train,4,0.2,0.35,0.2,72
-34.06134754027613,2,True,False,True,0x660c4a30dbcd989eb3aa3dbf6d400c485f1e21af8df2be0ebf01059cc949bada,test,4,0.2,0.35,0.2,72
-2.0000000000000018,2,True,True,False,0xf058c87bc11ccad23489271b8aee6b63fe505ae7eb4b8b284e2b3ee5bde65861,train,4,0.2,0.35,0.2,168
,0,False,False,False,0xc1916e7e8f34002eadf112f61bb7c023bb5ecd4687b0f216beeffdecc181023d,train,4,0.2,0.35,0.2,168
-33.92630828682168,2,True,False,True,0xe785180799b7651c6a9a3a5ea636cfec27dc58d8244582e56cc14c0a04ed36a4,train,4,0.2,0.35,0.2,168
-2.0000000000000018,2,True,True,False,0x5613b430144b3498af4baea5a57ffb8f488d96a1d5f148ccdc455859877a36c7,train,4,0.2,0.35,0.2,168
-2.0000000000000018,2,False,False,False,0xb3ac62762b3e6812b343f10ef3c97a558923fd4a9fef7e1769b87775939c8f5c,train,4,0.2,0.35,0.2,168
-2.0000000000000018,2,False,False,False,0xe7946e1bf9111a91a219144798681f02968fb01c909ecc20845021f659e96156,train,4,0.2,0.35,0.2,168
-2.0000000000000018,2,False,False,False,0x8ce28f2cc77d8a5e575c8a61ea722f721f3c79d9c4fefd7263842085d8eff6f1,test,4,0.2,0.35,0.2,168
-1.9999999999999907,2,True,True,False,0xba93f83da3d5dca5ca802d866a82036eef5175ac4cde024b0d7810ce960fd45c,train,4,0.2,0.35,0.2,168
-1.9999999999999907,2,False,False,False,0xb61a7428fffecf81731e6b1a74704f88523d6a996aeed55d62ed5197c154f3a0,train,4,0.2,0.35,0.2,168
-2.0000000000000018,2,True,True,False,0xfd706b9d2b57af7643b9306c0a8e01daae63cc5cd38ff92c4070794e2b5430c9,train,4,0.2,0.35,0.2,168
-34.06134754027613,2,True,False,True,0x660c4a30dbcd989eb3aa3dbf6d400c485f1e21af8df2be0ebf01059cc949bada,test,4,0.2,0.35,0.2,168
-1.9999999999999907,2,True,True,False,0xf058c87bc11ccad23489271b8aee6b63fe505ae7eb4b8b284e2b3ee5bde65861,train,4,0.2,0.5,0.1,24
,0,False,False,False,0xc1916e7e8f34002eadf112f61bb7c023bb5ecd4687b0f216beeffdecc181023d,train,4,0.2,0.5,0.1,24
-32.79000659752352,2,True,False,True,0xe785180799b7651c6a9a3a5ea636cfec27dc58d8244582e56cc14c0a04ed36a4,train,4,0.2,0.5,0.1,24
-2.0000000000000018,2,True,True,False,0x5613b430144b3498af4baea5a57ffb8f488d96a1d5f148ccdc455859877a36c7,train,4,0.2,0.5,0.1,24
-2.0000000000000018,2,False,False,False,0xb3ac62762b3e6812b343f10ef3c97a558923fd4a9fef7e1769b87775939c8f5c,train,4,0.2,0.5,0.1,24
-2.0000000000000018,2,False,False,False,0xe7946e1bf9111a91a219144798681f02968fb01c909ecc20845021f659e96156,train,4,0.2,0.5,0.1,24
-2.000000000000013,2,False,False,False,0x8ce28f2cc77d8a5e575c8a61ea722f721f3c79d9c4fefd7263842085d8eff6f1,test,4,0.2,0.5,0.1,24
-2.0000000000000018,2,True,True,False,0xba93f83da3d5dca5ca802d866a82036eef5175ac4cde024b0d7810ce960fd45c,train,4,0.2,0.5,0.1,24
-1.9999999999999907,2,False,False,False,0xb61a7428fffecf81731e6b1a74704f88523d6a996aeed55d62ed5197c154f3a0,train,4,0.2,0.5,0.1,24
-1.9999999999999907,2,True,True,False,0xfd706b9d2b57af7643b9306c0a8e01daae63cc5cd38ff92c4070794e2b5430c9,train,4,0.2,0.5,0.1,24
-39.80027031807813,2,True,False,True,0x660c4a30dbcd989eb3aa3dbf6d400c485f1e21af8df2be0ebf01059cc949bada,test,4,0.2,0.5,0.1,24
-1.9999999999999907,2,True,True,False,0xf058c87bc11ccad23489271b8aee6b63fe505ae7eb4b8b284e2b3ee5bde65861,train,4,0.2,0.5,0.1,72
,0,False,False,False,0xc1916e7e8f34002eadf112f61bb7c023bb5ecd4687b0f216beeffdecc181023d,train,4,0.2,0.5,0.1,72
-32.79000659752352,2,True,False,True,0xe785180799b7651c6a9a3a5ea636cfec27dc58d8244582e56cc14c0a04ed36a4,train,4,0.2,0.5,0.1,72
-2.0000000000000018,2,True,True,False,0x5613b430144b3498af4baea5a57ffb8f488d96a1d5f148ccdc455859877a36c7,train,4,0.2,0.5,0.1,72
-2.0000000000000018,2,False,False,False,0xb3ac62762b3e6812b343f10ef3c97a558923fd4a9fef7e1769b87775939c8f5c,train,4,0.2,0.5,0.1,72
-2.0000000000000018,2,False,False,False,0xe7946e1bf9111a91a219144798681f02968fb01c909ecc20845021f659e96156,train,4,0.2,0.5,0.1,72
-2.000000000000013,2,False,False,False,0x8ce28f2cc77d8a5e575c8a61ea722f721f3c79d9c4fefd7263842085d8eff6f1,test,4,0.2,0.5,0.1,72
-2.0000000000000018,2,True,True,False,0xba93f83da3d5dca5ca802d866a82036eef5175ac4cde024b0d7810ce960fd45c,train,4,0.2,0.5,0.1,72
-1.9999999999999907,2,False,False,False,0xb61a7428fffecf81731e6b1a74704f88523d6a996aeed55d62ed5197c154f3a0,train,4,0.2,0.5,0.1,72
-1.9999999999999907,2,True,True,False,0xfd706b9d2b57af7643b9306c0a8e01daae63cc5cd38ff92c4070794e2b5430c9,train,4,0.2,0.5,0.1,72
-39.80027031807813,2,True,False,True,0x660c4a30dbcd989eb3aa3dbf6d400c485f1e21af8df2be0ebf01059cc949bada,test,4,0.2,0.5,0.1,72
-1.9999999999999907,2,True,True,False,0xf058c87bc11ccad23489271b8aee6b63fe505ae7eb4b8b284e2b3ee5bde65861,train,4,0.2,0.5,0.1,168
,0,False,False,False,0xc1916e7e8f34002eadf112f61bb7c023bb5ecd4687b0f216beeffdecc181023d,train,4,0.2,0.5,0.1,168
-32.79000659752352,2,True,False,True,0xe785180799b7651c6a9a3a5ea636cfec27dc58d8244582e56cc14c0a04ed36a4,train,4,0.2,0.5,0.1,168
-2.0000000000000018,2,True,True,False,0x5613b430144b3498af4baea5a57ffb8f488d96a1d5f148ccdc455859877a36c7,train,4,0.2,0.5,0.1,168
-2.0000000000000018,2,False,False,False,0xb3ac62762b3e6812b343f10ef3c97a558923fd4a9fef7e1769b87775939c8f5c,train,4,0.2,0.5,0.1,168
-2.0000000000000018,2,False,False,False,0xe7946e1bf9111a91a219144798681f02968fb01c909ecc20845021f659e96156,train,4,0.2,0.5,0.1,168
-2.000000000000013,2,False,False,False,0x8ce28f2cc77d8a5e575c8a61ea722f721f3c79d9c4fefd7263842085d8eff6f1,test,4,0.2,0.5,0.1,168
-2.0000000000000018,2,True,True,False,0xba93f83da3d5dca5ca802d866a82036eef5175ac4cde024b0d7810ce960fd45c,train,4,0.2,0.5,0.1,168
-1.9999999999999907,2,False,False,False,0xb61a7428fffecf81731e6b1a74704f88523d6a996aeed55d62ed5197c154f3a0,train,4,0.2,0.5,0.1,168
-1.9999999999999907,2,True,True,False,0xfd706b9d2b57af7643b9306c0a8e01daae63cc5cd38ff92c4070794e2b5430c9,train,4,0.2,0.5,0.1,168
-39.80027031807813,2,True,False,True,0x660c4a30dbcd989eb3aa3dbf6d400c485f1e21af8df2be0ebf01059cc949bada,test,4,0.2,0.5,0.1,168
-1.9999999999999907,2,True,True,False,0xf058c87bc11ccad23489271b8aee6b63fe505ae7eb4b8b284e2b3ee5bde65861,train,4,0.2,0.5,0.2,24
,0,False,False,False,0xc1916e7e8f34002eadf112f61bb7c023bb5ecd4687b0f216beeffdecc181023d,train,4,0.2,0.5,0.2,24
-38.61751619471345,2,True,False,True,0xe785180799b7651c6a9a3a5ea636cfec27dc58d8244582e56cc14c0a04ed36a4,train,4,0.2,0.5,0.2,24
-2.0000000000000018,2,True,True,False,0x5613b430144b3498af4baea5a57ffb8f488d96a1d5f148ccdc455859877a36c7,train,4,0.2,0.5,0.2,24
-2.0000000000000018,2,False,False,False,0xb3ac62762b3e6812b343f10ef3c97a558923fd4a9fef7e1769b87775939c8f5c,train,4,0.2,0.5,0.2,24
-2.0000000000000018,2,False,False,False,0xe7946e1bf9111a91a219144798681f02968fb01c909ecc20845021f659e96156,train,4,0.2,0.5,0.2,24
-2.000000000000013,2,False,False,False,0x8ce28f2cc77d8a5e575c8a61ea722f721f3c79d9c4fefd7263842085d8eff6f1,test,4,0.2,0.5,0.2,24
-2.0000000000000018,2,True,True,False,0xba93f83da3d5dca5ca802d866a82036eef5175ac4cde024b0d7810ce960fd45c,train,4,0.2,0.5,0.2,24
-1.9999999999999907,2,False,False,False,0xb61a7428fffecf81731e6b1a74704f88523d6a996aeed55d62ed5197c154f3a0,train,4,0.2,0.5,0.2,24
-1.9999999999999907,2,True,True,False,0xfd706b9d2b57af7643b9306c0a8e01daae63cc5cd38ff92c4070794e2b5430c9,train,4,0.2,0.5,0.2,24
-39.80027031807813,2,True,False,True,0x660c4a30dbcd989eb3aa3dbf6d400c485f1e21af8df2be0ebf01059cc949bada,test,4,0.2,0.5,0.2,24
-1.9999999999999907,2,True,True,False,0xf058c87bc11ccad23489271b8aee6b63fe505ae7eb4b8b284e2b3ee5bde65861,train,4,0.2,0.5,0.2,72
,0,False,False,False,0xc1916e7e8f34002eadf112f61bb7c023bb5ecd4687b0f216beeffdecc181023d,train,4,0.2,0.5,0.2,72
-38.61751619471345,2,True,False,True,0xe785180799b7651c6a9a3a5ea636cfec27dc58d8244582e56cc14c0a04ed36a4,train,4,0.2,0.5,0.2,72
-2.0000000000000018,2,True,True,False,0x5613b430144b3498af4baea5a57ffb8f488d96a1d5f148ccdc455859877a36c7,train,4,0.2,0.5,0.2,72
-2.0000000000000018,2,False,False,False,0xb3ac62762b3e6812b343f10ef3c97a558923fd4a9fef7e1769b87775939c8f5c,train,4,0.2,0.5,0.2,72
-2.0000000000000018,2,False,False,False,0xe7946e1bf9111a91a219144798681f02968fb01c909ecc20845021f659e96156,train,4,0.2,0.5,0.2,72
-2.000000000000013,2,False,False,False,0x8ce28f2cc77d8a5e575c8a61ea722f721f3c79d9c4fefd7263842085d8eff6f1,test,4,0.2,0.5,0.2,72
-2.0000000000000018,2,True,True,False,0xba93f83da3d5dca5ca802d866a82036eef5175ac4cde024b0d7810ce960fd45c,train,4,0.2,0.5,0.2,72
-1.9999999999999907,2,False,False,False,0xb61a7428fffecf81731e6b1a74704f88523d6a996aeed55d62ed5197c154f3a0,train,4,0.2,0.5,0.2,72
-1.9999999999999907,2,True,True,False,0xfd706b9d2b57af7643b9306c0a8e01daae63cc5cd38ff92c4070794e2b5430c9,train,4,0.2,0.5,0.2,72
-39.80027031807813,2,True,False,True,0x660c4a30dbcd989eb3aa3dbf6d400c485f1e21af8df2be0ebf01059cc949bada,test,4,0.2,0.5,0.2,72
-1.9999999999999907,2,True,True,False,0xf058c87bc11ccad23489271b8aee6b63fe505ae7eb4b8b284e2b3ee5bde65861,train,4,0.2,0.5,0.2,168
,0,False,False,False,0xc1916e7e8f34002eadf112f61bb7c023bb5ecd4687b0f216beeffdecc181023d,train,4,0.2,0.5,0.2,168
-38.61751619471345,2,True,False,True,0xe785180799b7651c6a9a3a5ea636cfec27dc58d8244582e56cc14c0a04ed36a4,train,4,0.2,0.5,0.2,168
-2.0000000000000018,2,True,True,False,0x5613b430144b3498af4baea5a57ffb8f488d96a1d5f148ccdc455859877a36c7,train,4,0.2,0.5,0.2,168
-2.0000000000000018,2,False,False,False,0xb3ac62762b3e6812b343f10ef3c97a558923fd4a9fef7e1769b87775939c8f5c,train,4,0.2,0.5,0.2,168
-2.0000000000000018,2,False,False,False,0xe7946e1bf9111a91a219144798681f02968fb01c909ecc20845021f659e96156,train,4,0.2,0.5,0.2,168
-2.000000000000013,2,False,False,False,0x8ce28f2cc77d8a5e575c8a61ea722f721f3c79d9c4fefd7263842085d8eff6f1,test,4,0.2,0.5,0.2,168
-2.0000000000000018,2,True,True,False,0xba93f83da3d5dca5ca802d866a82036eef5175ac4cde024b0d7810ce960fd45c,train,4,0.2,0.5,0.2,168
-1.9999999999999907,2,False,False,False,0xb61a7428fffecf81731e6b1a74704f88523d6a996aeed55d62ed5197c154f3a0,train,4,0.2,0.5,0.2,168
-1.9999999999999907,2,True,True,False,0xfd706b9d2b57af7643b9306c0a8e01daae63cc5cd38ff92c4070794e2b5430c9,train,4,0.2,0.5,0.2,168
-39.80027031807813,2,True,False,True,0x660c4a30dbcd989eb3aa3dbf6d400c485f1e21af8df2be0ebf01059cc949bada,test,4,0.2,0.5,0.2,168
