pool_id,token,eth_side,init_block,fee,tick_spacing,hook,token_decimals,symbol,swaps_2h,volume_eth_2h,side_balance_2h,active_15m_buckets_2h,top10_volume_share_2h,repeated_size_share_2h,median_swap_eth_2h,directions_2h,swaps_24h,volume_eth_24h,market_gate
0xc16a972e1d33362501e6fd093aab97e6f8e106ed24a0aaa48880beea7ce46d74,0xe45a181559ceab1a21847ad557dd09bcb4193edf,0,67494800,23600,200,0x0000000000000000000000000000000000000000,18,?,3,0.0038972398419788,0.0,1,1.0,0.3333333333333333,9.5105340600919e-05,0,3,0.0038972398419788,False
0x95338de905beb044cfdc0da12efa814f2085cbb3135ad30784d7bc51e108fca6,0xee9a89fadf3894fed75bf312f9252f770e287f5a,0,67495022,0,200,0xe5e702641ea86f4ae6cc3cdaed2b886f976be044,18,?,0,0.0,0.0,0,1.0,1.0,0.0,0,0,0.0,False
0x8e6bb08114dbf56a74d53ee47155a33fbd11a42c2142eac30cb382a194165772,0x9db578300402ca9672033c4dcc2221e47cf863fb,0,67495244,23600,200,0x0000000000000000000000000000000000000000,18,?,14,0.27857808369629655,0.3,1,0.9882919020390519,0.07142857142857142,0.008282904185846523,3,14,0.27857808369629655,False
0x81423d33b4e304199dafe7d9b57496a427aad0d96824c48a3f1a987c0c7bddc3,0x1660c7709986df007c5d04bdfab5d11758f79fc1,0,67495392,500,1,0x0000000000000000000000000000000000000000,18,?,17,2.0284815210383593,0.0625,1,0.790030131173206,0.058823529411764705,0.1055,1,17,2.0284815210383593,False
0xcf1054486f66cf720b0dc9bff44227c2ae65b9843c93deaeca6d95b3efe8a2c2,0x313e2cb95f1316f5764953d6b9b510d0ee408980,0,67495961,10000,200,0x0000000000000000000000000000000000000000,18,?,1,1.9983e-06,0.0,1,1.0,1.0,1.9983e-06,0,1,1.9983e-06,False
0x7138520f0d7d5fc4a2fc096f4002bd1c7068dc7d32a838d1e740d7027569f112,0x9ba59748917edfe9c14c10da9331fd4d682c7789,0,67495968,23600,200,0x0000000000000000000000000000000000000000,18,?,92,3.5114569237940074,0.4375,1,0.38567442554666576,0.010869565217391304,0.02502231,28,92,3.5114569237940074,False
0xc995f95e14788c3fd6c95e9f0ad79e576c3622ff2b6a62438ccd88371a39d529,0xc132d16e22f15b9bb3565de1090eecbf4aaf6116,0,67496034,100,1,0x0000000000000000000000000000000000000000,18,?,616,129.73955936756133,0.7352112676056338,3,0.1552181617162681,0.00974025974025974,0.12164054359302326,261,616,129.73955936756133,False
0xb85ea3aedeb58bd1d333bc1e8693a66e12c721ab393189bed495c1bf410fba40,0xe02c53d448a62067b2ac10ed70f5bc6c29471386,0,67496582,810000,19988,0x0000000000000000000000000000000000000000,18,?,6,0.00132947081060371,0.0,2,1.0,0.16666666666666666,0.0002352949196211505,0,6,0.00132947081060371,False
0x1542b7403fac191add31eb47852730055985b36b41a39569c0259fb215e949e4,0xe02c53d448a62067b2ac10ed70f5bc6c29471386,0,67496624,808670,19988,0x0000000000000000000000000000000000000000,18,?,4,0.000975869433642863,0.0,2,1.0,0.25,0.00023642537001520051,0,4,0.000975869433642863,False
0xd9e983831042573790c896db1382286467dce18582a7fd0553a4a83be81bc957,0x993ed7354df9c1278faa8e0302fe6daf2fbd34be,0,67497126,500,1,0x0000000000000000000000000000000000000000,18,?,77,8.888199382258627,0.7906976744186046,1,0.39335764540117246,0.05194805194805195,0.08109,34,77,8.888199382258627,False
0xc2322605f92ab672c42d05c56f0ca3c09d0c8a471d7e6d8122ca9b42885fce61,0xe02c53d448a62067b2ac10ed70f5bc6c29471386,0,67497494,0,200,0xe5e702641ea86f4ae6cc3cdaed2b886f976be044,18,?,4927,152.69312797055784,0.9089500193723363,8,0.04644048542280482,0.01156890602800893,0.0099,2346,4927,152.69312797055784,True
0x553829d5532e9350c32d581a345da9b1a74c999c2a2ea1ea3f394e4704440ce0,0xb48b82bf830b3d3ecd08c18477c380ca69c809e1,0,67497495,0,200,0x5ae59a607fbe48e62270272ee0ec266a544368cc,18,?,2,0.02344101463489895,0.0,1,1.0,0.5,0.011720507317449474,0,2,0.02344101463489895,False
0xdbcb9fcaae9ed373c97dc18ceb5ffaeeafe46cbc881d4be29b1561368ebc6825,0x9d85ab51eb24b8aef10464366202046782542acb,0,67497585,10000,200,0x0000000000000000000000000000000000000000,18,?,14,1.561471487574251,0.4,1,0.9392318337887176,0.07142857142857142,0.1125,4,14,1.561471487574251,False
0x504f66db6914914aa19f5e13f50df301dc2e2c7a1af7b1e78399ab7b666cbee0,0x628f3237cf3ee9421ffa7649b95cdf4fbd7c1297,0,67497778,880279,200,0x0000000000000000000000000000000000000000,18,?,0,0.0,0.0,0,1.0,1.0,0.0,0,0,0.0,False
0x81f0d50a3d9d612839d1eb101c94e88d532498067fc8d77693ecaaa3126ef48d,0x2f1dbbee467c7c4c775df596c2421974feaeb58b,0,67498498,23600,200,0x0000000000000000000000000000000000000000,18,?,16,0.4586897360294384,0.23076923076923078,1,0.93485085978263,0.0625,0.026882937050294053,3,16,0.4586897360294384,False
0xe0e277da07c2403915682dca30169294f1cd3f8680735b99676ed6607ce8121e,0xebe824b878f0d6cd8b0d06f67679e4074fc8656d,0,67498564,10000,200,0x0000000000000000000000000000000000000000,18,?,0,0.0,0.0,0,1.0,1.0,0.0,0,0,0.0,False
0x8e664626ee56e73c6048603b051053558aba8da500edfffe835600fad1b1f0e9,0xce5d348453c98cb9c4971c7778436a471635fe72,0,67498878,0,60,0x4bf57222587596cee02dfb421f241d80aca220cc,18,?,0,0.0,0.0,0,1.0,1.0,0.0,0,0,0.0,False
0xdc17180245ef994db470665bfcd6ff3588e887bd88e84c4ed0b30394e50ae270,0x8b1d296e9bf97ffec096b7e8b4746200139de29f,0,67498947,10000,200,0x0000000000000000000000000000000000000000,18,?,0,0.0,0.0,0,1.0,1.0,0.0,0,0,0.0,False
0x6bbef6a7c99515931c14a484c0c5dff161a14370738bf1c334e0cb6254ba8a13,0x308652f47966873ad0c7854062c7961c6c7181ac,0,67498951,810000,19988,0x0000000000000000000000000000000000000000,18,?,0,0.0,0.0,0,1.0,1.0,0.0,0,0,0.0,False
0x38234077b4e33e8ae8a04602fc4a0bfb39316b68f7841401fecfc54e70aa595d,0x090c7647dd3665939c88a6f8114e964ba3767f5a,0,67499190,10000,200,0x0000000000000000000000000000000000000000,18,?,0,0.0,0.0,0,1.0,1.0,0.0,0,0,0.0,False
0x2842178c5ea3b07ac2ec5dd868c44bb83cd7985c3aa8f22673d706d43e706e41,0xb1d1ae012817acc393b920989cd08bafd793d08e,0,67499203,10000,200,0x0000000000000000000000000000000000000000,18,?,1,1.99878e-06,0.0,1,1.0,1.0,1.99878e-06,0,1,1.99878e-06,False
0x793c5206364f96e0d1742cce01be4ceba5906988377d01f005cfb01d419f706c,0x308652f47966873ad0c7854062c7961c6c7181ac,0,67499490,808670,19988,0x0000000000000000000000000000000000000000,18,?,8,0.012333256562753315,1.0,2,1.0,0.125,0.0001300280841244055,4,8,0.012333256562753315,False
0xec11ee171ff3158964be548eb5d6ffbb538c80fa70760061661085e6009f1d17,0x09c310fdcaff825429d051dfc9f9e80774cd4c9f,0,67499554,23600,200,0x0000000000000000000000000000000000000000,18,?,14,0.3589711738465899,0.16666666666666666,1,0.9839403103192071,0.07142857142857142,0.028116525,2,14,0.3589711738465899,False
0xf17eff090b57d3b50d3f98cc662475f6119808ab258602c73cf4fb23f6fde6c3,0x8a43d46b198ba604253099d0e4aeae48f13c1e18,0,67500273,880279,200,0x0000000000000000000000000000000000000000,18,?,0,0.0,0.0,0,1.0,1.0,0.0,0,0,0.0,False
0x02232a2f67a83b6670dcde3cd05c57b9cde219457f26090f9867ddae57776095,0x7dbf38976f6d3b9c529e7d9484a71898b409ee6a,0,67500483,880279,200,0x0000000000000000000000000000000000000000,18,?,0,0.0,0.0,0,1.0,1.0,0.0,0,0,0.0,False
0x7a6033c73e66ca473e8bc075114c4a3c24ea09a06781d43aeb61a0a42ea21f20,0x2d727ca1ec3b626a7c3d408a8a59f1e63444c930,0,67500796,810000,19988,0x0000000000000000000000000000000000000000,18,?,0,0.0,0.0,0,1.0,1.0,0.0,0,0,0.0,False
0xa35f234f52285a2d4a92259aa1b362fdf1cf7da0235a62d1d9a951da1fb00b2b,0x2d727ca1ec3b626a7c3d408a8a59f1e63444c930,0,67500850,808670,19988,0x0000000000000000000000000000000000000000,18,?,0,0.0,0.0,0,1.0,1.0,0.0,0,0,0.0,False
0x73429dc628037d3d5d8f8372a75cfbd8633e876d501ad7ace24b423b9ebf856e,0x5a895bd88bfd30a01a942be9f5528af2d4bc3556,0,67500912,200000,2000,0x0000000000000000000000000000000000000000,18,?,0,0.0,0.0,0,1.0,1.0,0.0,0,0,0.0,False
0x95193e65562ea9ed6b53a9e44c67b96ea0ec67c9032dfcaac42c60070e6bbdbe,0x70a345341471a4a56c65464a5fe70b2de28fcba3,0,67501240,808670,19824,0x0000000000000000000000000000000000000000,18,?,0,0.0,0.0,0,1.0,1.0,0.0,0,0,0.0,False
0xaf46ffed917a7df913b2facbee6fc6a93827af8a1b7266b6531231d72ac077ec,0x7210afea4a4df412e9275a7153d091ce7612a55d,0,67501489,80000,800,0x0000000000000000000000000000000000000000,18,?,10,0.000762897847480338,0.6666666666666666,4,1.0,0.2,6.6121585258671e-05,4,10,0.000762897847480338,False
0x8b807324393da4d3c87777fc2052b619acdbed13adfba3445a9a13f5eef4ea40,0xbf20f4b3f42fa20c4fd22de157f819dfe2601e18,0,67501750,8388608,8,0x4e3468951d49f2eea976ed0d6e75ffcb44a9a544,18,?,0,0.0,0.0,0,1.0,1.0,0.0,0,0,0.0,False
0xd987b02fd881464ff5df79f1249ba84a18c6e8cdc7adb6d6921de4d932e7f618,0xd2fe089a4cdf1a8f398459c6ff66296936be1e18,0,67501864,8388608,8,0x4e3468951d49f2eea976ed0d6e75ffcb44a9a544,18,?,0,0.0,0.0,0,1.0,1.0,0.0,0,0,0.0,False
0x949e30357164d3b196d41d28e5f615b8fb3a925f845e67ff9faa78a312b182c6,0xcd58519cfb4aa8bed3121df48cd19cd105c9bc22,0,67501910,10000,200,0x0000000000000000000000000000000000000000,18,?,1,1.998782e-06,0.0,1,1.0,1.0,1.998782e-06,0,1,1.998782e-06,False
0xc2417a1715a58aaa9862f2e22f71a2486fbae29c3e4b1cb2ca17be0325ab1d70,0x0a089c22fc3d82667a2f7d0a7f483241b1f9a517,0,67502542,810000,19988,0x0000000000000000000000000000000000000000,18,?,0,0.0,0.0,0,1.0,1.0,0.0,0,0,0.0,False
0xce4a7b26fa88ab0f68a5c936efc15e0dfb330407c5730099e16c92e1e7f6e49f,0x0a089c22fc3d82667a2f7d0a7f483241b1f9a517,0,67502588,808670,19988,0x0000000000000000000000000000000000000000,18,?,1,0.000125609125806278,0.0,1,1.0,1.0,0.000125609125806278,0,1,0.000125609125806278,False
0x07f438aa1bb8dbad7739b0f078fac99c1556d153b66a07bd1e7d8de5fa1bee37,0x14222a87d45eb14c979f436f37c734157de0084c,0,67502609,810000,19988,0x0000000000000000000000000000000000000000,18,?,0,0.0,0.0,0,1.0,1.0,0.0,0,0,0.0,False
0xb0bf198fe20e8cd812395d4922a1055857f16b849bcbcbb6439715806697c840,0xefd4167c47f8b2ab94cab79b6655980453cdaba3,0,67502623,8388608,200,0x4e3468951d49f2eea976ed0d6e75ffcb44a9a544,18,?,104,2.79330097867784,0.6774193548387096,2,0.43724338963898923,0.038461538461538464,0.00037822943282339496,42,104,2.79330097867784,False
0x811c3f9425d521e4298982d7155dbb215fe3d9c75f0c38721c653a3c7659f5fc,0x14222a87d45eb14c979f436f37c734157de0084c,0,67502655,808670,19988,0x0000000000000000000000000000000000000000,18,?,0,0.0,0.0,0,1.0,1.0,0.0,0,0,0.0,False
0x7fcfbcf380dff9556380fb7e62d7a24d0e78aa84c55cb32096a120de02d40857,0x43af4f2c1ad1734cc4c2f6f592812e48517fb6b6,0,67502656,810000,19988,0x0000000000000000000000000000000000000000,18,?,0,0.0,0.0,0,1.0,1.0,0.0,0,0,0.0,False
0x56494d8ac7fcff148ba4a183652b4768132433a70b6274c448eb8c6f17e4fd3c,0x43af4f2c1ad1734cc4c2f6f592812e48517fb6b6,0,67502700,808670,19988,0x0000000000000000000000000000000000000000,18,?,0,0.0,0.0,0,1.0,1.0,0.0,0,0,0.0,False
0x54a299ef754ae3f19a70ebf35e81a8524fdecbc2f290dd7bff78c59b4e7e161e,0x0c4be8fee071f9f194d2b43c23f1f98584c27dde,0,67502872,500,1,0x0000000000000000000000000000000000000000,18,?,59,8.016688009107002,0.5526315789473685,1,0.4355155628683852,0.05084745762711865,0.0995,21,59,8.016688009107002,False
0xfe04dddf292d1f4b97f43350a063414823288d98179372b18e5698e737578783,0x308652f47966873ad0c7854062c7961c6c7181ac,0,67502940,880279,200,0x0000000000000000000000000000000000000000,18,?,9,0.06080776977090181,0.125,2,1.0,0.1111111111111111,0.000360826365928135,1,9,0.06080776977090181,False
0xf058c87bc11ccad23489271b8aee6b63fe505ae7eb4b8b284e2b3ee5bde65861,0x308652f47966873ad0c7854062c7961c6c7181ac,0,67503460,0,200,0xe5e702641ea86f4ae6cc3cdaed2b886f976be044,18,?,1443,54.147040878811545,0.9930939226519337,8,0.08189728233700933,0.022176022176022176,0.011545185579526624,719,1443,54.147040878811545,True
0x0a5536da8fdb4ab7bfa6c63ca1aa01fcaf8513e107c5c7d0ea2886b3c0d9ada6,0xeb4985d38595c2cc1170aa6cb3d6e0683200f4f1,0,67503468,23600,200,0x0000000000000000000000000000000000000000,18,?,73,2.314321342467736,0.5208333333333334,1,0.411505396942879,0.0136986301369863,0.024840185610779008,25,73,2.314321342467736,False
0x650bcc3f8af2950f62adc2128693065f90fa17b18cb6c10bdc362769f4336fdc,0xa1eee7ea9d35e05d1deed8dc7a0c9f5e64bb1e18,0,67503491,8388608,8,0x4e3468951d49f2eea976ed0d6e75ffcb44a9a544,18,?,0,0.0,0.0,0,1.0,1.0,0.0,0,0,0.0,False
0x97d6052460abbf7cdf85e7a530eb46a968fdd7f6aced1e8bd757ac3795c9a5a1,0xbec40b381aebe2d357ccb914fbcfeb9226ebe6b0,0,67504729,0,60,0x6c215f082b3cc6d019a4d39fbe193ddc20de2acc,18,?,8,0.2597000236812695,0.0,3,1.0,0.125,0.03227189066567666,0,8,0.2597000236812695,False
0x21fb8af99296ce0e73c30c6d6bedc853b5d36a4d9cef75cce75997a08f818fa1,0x680dcf616d4b93cb3cf5ee453d620f9044a0180e,0,67504825,10000,200,0x0000000000000000000000000000000000000000,18,?,72,11.671817642688492,0.7142857142857143,1,0.2216093066880076,0.09722222222222222,0.17325,30,72,11.671817642688492,False
0x11f8ddb0ec8aa57410f19d9fbe84c45dbfe8743537523d60f5c22e24b981dbc3,0xad2c4a3472d8df6a9918ba1a1b0fe1582f645031,0,67504938,10000,200,0x0000000000000000000000000000000000000000,18,?,1,1.999274e-06,0.0,1,1.0,1.0,1.999274e-06,0,1,1.999274e-06,False
0xfe620e6f7dad9b0571143b14b71102dc4cbde645ef333b2212baeb61720f8085,0xbdff7457b3996ebd84106d2187fbfebdef797ef4,0,67504984,980000,9800,0x0000000000000000000000000000000000000000,18,?,0,0.0,0.0,0,1.0,1.0,0.0,0,0,0.0,False
0x79c2aeafa4e02a52be4dfa12fc819553d747f594e1d09792356637fcaa8cd035,0xd91841482b4716b4c109e6c85dd825b365921e18,0,67505236,810000,19988,0x0000000000000000000000000000000000000000,18,?,1,7.997985e-07,0.0,1,1.0,1.0,7.997985e-07,0,1,7.997985e-07,False
0xde8bc4c184f6525ad76b05d4a810d95707861378e7eb55b9643e67747b0fba23,0x0b5260eb7147bf91c83e75fb4b1aba78e8a4f3f8,0,67505237,23600,200,0x0000000000000000000000000000000000000000,18,?,64,2.8123129336766715,0.45454545454545453,1,0.46507898336820924,0.015625,0.0328913540403163,20,64,2.8123129336766715,False
0xe0e3e3e33e770e0f7233094e0238319edbfb2052b7a6584f869c363cde43d44a,0xef82ddc566653699b89c3afe123559a75aaa2976,0,67505454,880279,200,0x0000000000000000000000000000000000000000,18,?,0,0.0,0.0,0,1.0,1.0,0.0,0,0,0.0,False
0x19dd3c45f5e006e0f042aa61d6c8c19aa1e9543e888cc91adce3ff9183a9b33c,0xd91841482b4716b4c109e6c85dd825b365921e18,0,67505622,808670,19988,0x0000000000000000000000000000000000000000,18,?,1,0.000154673574948818,0.0,1,1.0,1.0,0.000154673574948818,0,1,0.000154673574948818,False
0xc473c77f0d58ce2f4ee0599ef30c81d5f261ed5cb82e6afade40d0a0e0f1b250,0x9dc2cf0f027ddf4c591100419384b47c1a034ba3,0,67505688,808670,19824,0x0000000000000000000000000000000000000000,18,?,5,0.001607372211928965,0.0,2,1.0,0.2,0.000258535742636821,0,5,0.001607372211928965,False
0x1b4c0789b338e5382b9df522f847b6d6c5cc2d3e1ee181f4311dfdbeb54d1e43,0x598927f97158aeebc434a96c8b253b440e167f5a,0,67505857,10000,200,0x0000000000000000000000000000000000000000,18,?,49,5.311032926503803,0.6896551724137931,1,0.32228931682627715,0.12244897959183673,0.12375,20,49,5.311032926503803,False
0xba160be4042616811173d2e4e78d70a386796fcbd06f311451e83cd8e45e0004,0x3ccd1436196610fb8fcc9bb836215f2ead558b10,0,67506178,500,1,0x0000000000000000000000000000000000000000,18,?,97,10.344125267553164,0.5645161290322581,1,0.314286054141117,0.030927835051546393,0.08,35,97,10.344125267553164,False
0xdf732ab9dd9f9ffea8915859d861f18079476e504c62cb5bd906acbe49653a4a,0xde3406ca8e2dc71c79ad2413080ae175dc5a1e18,0,67506364,8388608,8,0x4e3468951d49f2eea976ed0d6e75ffcb44a9a544,18,?,0,0.0,0.0,0,1.0,1.0,0.0,0,0,0.0,False
0x792270221e72f8db4a17b443027673a1fed8e453147c8550880b838d6d090fce,0x308652f47966873ad0c7854062c7961c6c7181ac,0,67506525,200000,2000,0x0000000000000000000000000000000000000000,18,?,7,0.002406819302454208,0.16666666666666666,3,1.0,0.14285714285714285,0.000348046290884656,1,7,0.002406819302454208,False
0xfd70d8fc1728d18d25b7b8ae8dda51604c6928d91fe2de98a85c10b1f3129869,0xe2ebe8be424f8e0f303583af7c52565050244984,0,67506817,810000,19988,0x0000000000000000000000000000000000000000,18,?,0,0.0,0.0,0,1.0,1.0,0.0,0,0,0.0,False
0x47c812bf6cd3232e21b5b2f157edcf838a755780545a535b016366068e69ec6f,0xe2ebe8be424f8e0f303583af7c52565050244984,0,67506858,808670,19988,0x0000000000000000000000000000000000000000,18,?,1,0.000374592218288544,0.0,1,1.0,1.0,0.000374592218288544,0,1,0.000374592218288544,False
0x16f5d7dbc82770435ffb11806f825ddd3786a4da67e91a0d885991b4db75e070,0x9b0f1238436dc17bcfb29c2ea9da4e57ab36a06d,0,67507217,500,1,0x0000000000000000000000000000000000000000,18,?,13,1.5652063978787527,0.8571428571428571,1,0.9999478690632941,0.07692307692307693,0.1193,6,13,1.5652063978787527,False
0x557ddfaa8bcfccc12f2088edbec61773aa484f31fb0dec54cf7e10db1f403eef,0x85e88883302e71d4e6580cd94b207b2487d3287c,0,67507342,23600,200,0x0000000000000000000000000000000000000000,18,?,88,3.775733935363209,0.41935483870967744,1,0.3658936701614799,0.011363636363636364,0.0264759,26,88,3.775733935363209,False
0x933a0a1cdcaf0a9c3d6778c0e4d25a249ee22ff46a64ae30a2cd43544272d830,0x9dc2cf0f027ddf4c591100419384b47c1a034ba3,0,67507688,200000,2000,0x0000000000000000000000000000000000000000,18,?,71,0.09358371038499662,0.5777777777777777,6,0.34030574286989734,0.014084507042253521,0.001103159170951521,26,71,0.09358371038499662,False
0xf8d10648f3bd6d466b584580721a6f67eac13fcdba2983beb75164bd44ce5773,0x9dc2cf0f027ddf4c591100419384b47c1a034ba3,0,67507798,880279,200,0x0000000000000000000000000000000000000000,18,?,0,0.0,0.0,0,1.0,1.0,0.0,0,0,0.0,False
0x42e247e31bbfdbb31b15ff915d1e7a5dec6bc62487a647827cfb742de503d51a,0x0c80a04561249296f874f1b3ee7c585907fb27ad,0,67508137,10000,200,0x0000000000000000000000000000000000000000,18,?,2,5.1999212e-05,0.0,1,1.0,0.5,2.5999606e-05,0,2,5.1999212e-05,False
0x08153339db9dc44ee9a0005e2fa80b4a3f738cdf15eb9261fc7ee099ff3e8a19,0x06c707debdd74d20bd1136956ef0a7a6dac34ba3,0,67508511,10000,200,0x0000000000000000000000000000000000000000,18,?,64,7.770929311358259,0.6842105263157895,1,0.2555959041320936,0.125,0.12375,26,64,7.770929311358259,False
0xa8f1737a9c557181c0b77cc1175c499c9ac6316cf8202b919a79e1840639d20c,0x0e59e3518cd964cae2d5f55b67faabed01589701,0,67508536,810000,19988,0x0000000000000000000000000000000000000000,18,?,1,6.8207535e-07,0.0,1,1.0,1.0,6.8207535e-07,0,1,6.8207535e-07,False
0x61c8d21fd822de0209382ca8804aec293588342dfa31faecd494aca77bbeb1fd,0x0e59e3518cd964cae2d5f55b67faabed01589701,0,67508589,808670,19988,0x0000000000000000000000000000000000000000,18,?,0,0.0,0.0,0,1.0,1.0,0.0,0,0,0.0,False
0xc1916e7e8f34002eadf112f61bb7c023bb5ecd4687b0f216beeffdecc181023d,0x5e4a5b4fcf19ba5e43789b2368e542ea5dc38ecc,0,67509168,2500,25,0x3bf48564e102ddf0ffd19c998e6132eee8be5000,18,?,3587,631.0773855761261,0.702420503084955,8,0.0601424000433775,0.2787844995818233,0.04537371711805976,1480,3587,631.0773855761261,True
0x8069406e20ea67e406f447624233fd8f63fd307ed556d21b65aaf74732734c0b,0x0579639a68b624c47a1e2ab2b8a312a0c309f133,0,67509219,10000,200,0x0000000000000000000000000000000000000000,18,?,1,1.999476e-06,0.0,1,1.0,1.0,1.999476e-06,0,1,1.999476e-06,False
0xca16c7ca9351487fb36dd2259be71376adaabb4e653540096bceb7b252383361,0x47f9531269d832bd336dc41c291ba37107a0a68e,0,67509601,23600,200,0x0000000000000000000000000000000000000000,18,?,81,4.15928492312925,0.4727272727272727,1,0.37811860715453427,0.012345679012345678,0.03249602043195625,26,81,4.15928492312925,False
0x4d7821b7cffc4d3a0708d6450acb0dac3fbf7a58fcb99f4a0a83dae85dd413d5,0xe02c53d448a62067b2ac10ed70f5bc6c29471386,0,67509615,200000,2000,0x0000000000000000000000000000000000000000,18,?,70,0.12212890065551449,0.8918918918918919,8,0.5662643576703832,0.014285714285714285,0.0008479504001158995,33,70,0.12212890065551449,False
0x6014bc2454f1b69e78fa1f35cfbed1d865233a9747a2fef8274ea2703456f9a3,0x4e807eef38c9d8379f4e688a8ed3bc055e4d9c1f,0,67509775,810000,19988,0x0000000000000000000000000000000000000000,18,?,0,0.0,0.0,0,1.0,1.0,0.0,0,0,0.0,False
0xab0c3155ed093baf5025c2e9648330eb30e24b9c0699f7cc72bdaba04787e40a,0xddbb7c41df707f5ac036e20ef916ef354adade38,0,67509992,2500,25,0x0000000000000000000000000000000000000000,18,?,1,1.99972e-06,0.0,1,1.0,1.0,1.99972e-06,0,1,1.99972e-06,False
0xb26575f1b8bb765341a1a927059a5460c265cfa732f550607b91b8b6680a35bf,0x4e807eef38c9d8379f4e688a8ed3bc055e4d9c1f,0,67510314,808670,19988,0x0000000000000000000000000000000000000000,18,?,0,0.0,0.0,0,1.0,1.0,0.0,0,0,0.0,False
0xbb07d3e48bff81bbf3b88259b9929f7cb473ed9b01bee32d7f5d92670fb0bcc0,0x429a66c7ab55e0822885c3d32d26ba7c7d93901d,0,67510495,200000,4000,0x0000000000000000000000000000000000000000,18,?,9,0.003375770670668415,0.2857142857142857,2,1.0,0.1111111111111111,0.000294470975760272,2,9,0.003375770670668415,False
0x5e57b9b3e4da354dff6f068d3676f1527db691d0cd6076069f62d85c606b0d4a,0xf582287fbf26274e89addabc8155f630f2cbcfee,0,67510868,10000,200,0x0000000000000000000000000000000000000000,18,?,1,1.998516e-06,0.0,1,1.0,1.0,1.998516e-06,0,1,1.998516e-06,False
0xde161748895fc74139a25adc69109039245c00907a44de90ead2acb95b80a096,0xecb5fdf883b2143699dcd6e3f036a5a9f0b12938,0,67511034,810000,19988,0x0000000000000000000000000000000000000000,18,?,1,4.8187842131497e-05,0.0,1,1.0,1.0,4.8187842131497e-05,0,1,4.8187842131497e-05,False
0x95979c8c1b2d3895f5aa4aef9b12e2d9f92e89ac4147396dd9077cacd7ecbc3c,0x9dc2cf0f027ddf4c591100419384b47c1a034ba3,0,67511130,200000,60,0x0000000000000000000000000000000000000000,18,?,7,0.003538308536745573,0.75,2,1.0,0.14285714285714285,0.00052465158356598,3,7,0.003538308536745573,False
0xa8a8a6764a59b56e80ecae563985c7a271cbdfe632cf716404d44293b425abcb,0x66309db559751b7cc4c6ee0559de0ef74127e391,0,67511132,100,1,0x0000000000000000000000000000000000000000,18,?,123,21.813217284197922,0.7571428571428571,1,0.28053172308144836,0.024390243902439025,0.14835022313087118,53,123,21.813217284197922,False
0x5634fe799f1f6305e20288b895fac3c61c41fcf30d97295b148af3428db35a5d,0xecb5fdf883b2143699dcd6e3f036a5a9f0b12938,0,67511456,808670,19988,0x0000000000000000000000000000000000000000,18,?,3,0.000495284693621935,0.0,1,1.0,0.3333333333333333,0.000131178556061953,0,3,0.000495284693621935,False
0xcbc1c74c417be1351405d17b4fa4acc70811a0ea417058a01c79c906c7514a4f,0x5be9cdc40496f9284132d2eed62baf375475fdb7,0,67511529,500,1,0x0000000000000000000000000000000000000000,18,?,89,11.646347312563568,0.2191780821917808,1,0.3339927828409195,0.0449438202247191,0.104249,16,89,11.646347312563568,False
0x6e0edd9da045a0ec9551fa928a8389ed63f74cb0aef4163b3f50ea9ee86ed272,0x29f53c2a19d1d08d922a36b957e2f52151f1799c,0,67511725,790000,60,0x0000000000000000000000000000000000000000,18,?,0,0.0,0.0,0,1.0,1.0,0.0,0,0,0.0,False
0x73173a1cd05c3ab875aedf14dd338c9a89fe9d469febbcfd404ccac22fce5872,0x626820a92d5fd176142dc8c346c3285d80e39998,0,67511791,3000,60,0x1a3c885f05635a2bf087fb07ba09c2cf68268044,18,?,0,0.0,0.0,0,1.0,1.0,0.0,0,0,0.0,False
0xf92a77a35b4676e2befbeaf69b20faf80d418f32710ae1486bd84ad319f9b978,0x24dffc099da8a5bad7e9adcb6632235853729585,0,67511854,10000,200,0x0000000000000000000000000000000000000000,18,?,71,11.069523860308198,0.7317073170731707,1,0.2591715830685149,0.11267605633802817,0.175,30,71,11.069523860308198,False
0xe785180799b7651c6a9a3a5ea636cfec27dc58d8244582e56cc14c0a04ed36a4,0xb911f04a24a9f6234537829290335e623ee71e18,0,67511925,56900,569,0x0000000000000000000000000000000000000000,18,?,91,0.9695529752904918,0.75,8,0.40295134166835833,0.01098901098901099,0.007457724846406467,39,91,0.9695529752904918,True
0x3810a040422624f4d6a9e5455b095a79d97193a995605fab00b9bc92d9071603,0x4514872e18f1dae50e67f989a56276e837131e18,0,67511986,8388608,8,0x4e3468951d49f2eea976ed0d6e75ffcb44a9a544,18,?,0,0.0,0.0,0,1.0,1.0,0.0,0,0,0.0,False
0x0e02cce78da521a25a05c6aefd76eaa7cd2527b5562b158c155b5d32bb83a14a,0xa9d618ff5dd2b9e67f82b4a303a10a7a2f18c7a4,0,67512037,2500,25,0x0000000000000000000000000000000000000000,18,?,684,9.677651894311333,0.32558139534883723,1,0.46209131537345005,0.2850877192982456,0.003,168,684,9.677651894311333,False
0x6a82f134cafe1c6c318ff771e91bea3e593e2d2053d5122b0accdd704d2a03f7,0xdc1851b4fb03123ca469735008c1d644969913b4,0,67512184,810000,19988,0x0000000000000000000000000000000000000000,18,?,0,0.0,0.0,0,1.0,1.0,0.0,0,0,0.0,False
0xb95699e870d7cbff43f5bf5f1ea769af5eeb82002b8193eb8a8c90fb68ea3704,0xdc1851b4fb03123ca469735008c1d644969913b4,0,67512227,808670,19988,0x0000000000000000000000000000000000000000,18,?,0,0.0,0.0,0,1.0,1.0,0.0,0,0,0.0,False
0x9313f4bf7bc72580505c74e32f7fb62ce43361dca8e5b1629a7083b6a1a87a0c,0xedc51fde1136339b6ce3284429205ac071add6dc,0,67512292,810000,19988,0x0000000000000000000000000000000000000000,18,?,1,0.000148049051748136,0.0,1,1.0,1.0,0.000148049051748136,0,1,0.000148049051748136,False
0x45e3856b123fa8108aa9d2844a0119d201f6f5884b5a51296da1fcb9a0182595,0xedc51fde1136339b6ce3284429205ac071add6dc,0,67512355,808670,19988,0x0000000000000000000000000000000000000000,18,?,8,0.000358065704501418,0.0,3,1.0,0.125,2.0249909035984e-05,0,8,0.000358065704501418,False
0x51ee66efa9fb22e1c758258168a80a467d1395675a18a89a9ffc4d8bffe838a9,0xaaba713414b3acde6f1d73aef2e7c90eecf2bba3,0,67512545,8388608,200,0x4e3468951d49f2eea976ed0d6e75ffcb44a9a544,18,?,0,0.0,0.0,0,1.0,1.0,0.0,0,0,0.0,False
0x22b691e536a853d7b8df4a21349918204da65361c1f19a890e82d4cd3f62d5db,0xc2fb99c57da570c3b55e45a44d3d1d157ab8f45d,0,67512831,100,1,0x0000000000000000000000000000000000000000,18,?,896,224.08294573802235,0.687382297551789,4,0.12260132590042085,0.020089285714285716,0.13899982619428786,365,896,224.08294573802235,False
0x72975e9b1f29f4b94ee6e844292cea13d2e3d8eec9126d5e73f218d29c31b829,0x5e4a5b4fcf19ba5e43789b2368e542ea5dc38ecc,0,67512872,880000,17600,0x0000000000000000000000000000000000000000,18,?,5,0.000413067919198069,0.0,2,1.0,0.2,9.1268600980873e-05,0,5,0.000413067919198069,False
0x46071a9c1b85b7db69b43c552e8c661b513b89134f2a7c90ee574af61adb8add,0x4a4f0aeec3dd5a73b0568433a7bc947ac359921c,0,67512909,10000,200,0x0000000000000000000000000000000000000000,18,?,1,1.999952e-06,0.0,1,1.0,1.0,1.999952e-06,0,1,1.999952e-06,False
0xce05f7e7df3a5ecec5b0b3dc39f2841bfd7db34bd6b6c483f9dd267c815e8505,0x62587baa7667369622d33f5c9a21dc9d28f74ba3,0,67513444,10000,200,0x0000000000000000000000000000000000000000,18,?,69,8.92376010730489,0.6829268292682927,1,0.23576016173430603,0.11594202898550725,0.1485,28,69,8.92376010730489,False
0x0dc5514f0ff1436c83eb9336a5d7ed8c424c969b5272e1dd643ed17f2e4780e3,0x3b00cf41ea61f4cdb4b46756b21d316338ccce88,0,67513507,20000,200,0x0000000000000000000000000000000000000000,18,?,0,0.0,0.0,0,1.0,1.0,0.0,0,0,0.0,False
0xe9ae7af748994dac1e002063df70212bfdff260da249710d79b0b8c49afab979,0xf1498261e22d5232361f5188b5238e495abdaecf,0,67513670,880279,200,0x0000000000000000000000000000000000000000,18,?,0,0.0,0.0,0,1.0,1.0,0.0,0,0,0.0,False
0x5a60ef8be1b8847130234bd84caec022fc141d5881896ee621286db5d806cc47,0x9bb76d607d626232a476fa9ec13d08832c3b356e,0,67513854,10000,200,0x0000000000000000000000000000000000000000,18,?,1,1.998392e-06,0.0,1,1.0,1.0,1.998392e-06,0,1,1.998392e-06,False
0x445cf0d03a3de9c31fc51e00361b54cdc3d9d688466415c884ae8cfa963e79cd,0x89da5167eb1a0067f9b3e39a544ef8d4b9c41e18,0,67514007,880279,200,0x0000000000000000000000000000000000000000,18,?,0,0.0,0.0,0,1.0,1.0,0.0,0,0,0.0,False
0x525729f475ac3fe82f4bc993cd709c23ea58f4d748161afd4d2379d0645a6b37,0x5e4a5b4fcf19ba5e43789b2368e542ea5dc38ecc,0,67514403,990000,9900,0x0000000000000000000000000000000000000000,18,?,3,0.000218899894576266,0.0,2,1.0,0.3333333333333333,9.8022729852459e-05,0,3,0.000218899894576266,False
0x838f753324ba96d3731ae50f010442e706dd5a3e6b264eeb0cf91cbf3c5e801d,0xe403ec1fc6cce27674ff48b7a96ab40c93771e18,0,67514738,8388608,8,0x4e3468951d49f2eea976ed0d6e75ffcb44a9a544,18,?,0,0.0,0.0,0,1.0,1.0,0.0,0,0,0.0,False
0x8fa4a0754627c93418d8a02386bf4b2214f7df13af6f6b31fbf18b14103f31e8,0x454a9480194302e449232ca037fc2ea049e01a23,0,67515178,810000,19988,0x0000000000000000000000000000000000000000,18,?,0,0.0,0.0,0,1.0,1.0,0.0,0,0,0.0,False
0x69d1db6b4f2f75f92fbfa6da0eb00612551eff5977f952a0e449caa460d9b1dc,0xb08023a7cc2278a952a28a409efe453e52208c9e,0,67515248,810000,19988,0x0000000000000000000000000000000000000000,18,?,1,6.739875e-07,0.0,1,1.0,1.0,6.739875e-07,0,1,6.739875e-07,False
0xa90f88d51fc127e34f0424ffd02651058c0af14352ada89bae8a7273bc998652,0x1608a7a5ebd03248392f95031bba5484107de1d2,0,67515267,10000,200,0x0000000000000000000000000000000000000000,18,?,1,1.99875e-06,0.0,1,1.0,1.0,1.99875e-06,0,1,1.99875e-06,False
0xe522347b706ac84859bf8c19ad2083d091cba16b7b7d45936ed3d094b9d89b80,0xedc51fde1136339b6ce3284429205ac071add6dc,0,67515422,790000,60,0x0000000000000000000000000000000000000000,18,?,0,0.0,0.0,0,1.0,1.0,0.0,0,0,0.0,False
0xcf0514623c5edbce3b43cc3057862f8b778b465fa54db7619bb5facc348452dc,0x454a9480194302e449232ca037fc2ea049e01a23,0,67515718,808670,19988,0x0000000000000000000000000000000000000000,18,?,0,0.0,0.0,0,1.0,1.0,0.0,0,0,0.0,False
0xf29a8c68d598150dbc822c9c2384d0ea7fa7ec73ddd2dec7d31010c730b128da,0xc5de5403c2c89a36409f7ab063390bbb69802ca0,0,67515895,10000,200,0x0000000000000000000000000000000000000000,18,?,3,0.00010100403943975501,0.5,1,1.0,0.3333333333333333,4.9005003439755e-05,1,3,0.00010100403943975501,False
0xe78811f61cdb62ff0809d71440d306b36fa9c7bb38af2b3db6c6e6327c7f5411,0xb08023a7cc2278a952a28a409efe453e52208c9e,0,67516307,808670,19988,0x0000000000000000000000000000000000000000,18,?,1,0.00030961016185325,0.0,1,1.0,1.0,0.00030961016185325,0,1,0.00030961016185325,False
0x940dc8faf645505d23c856910c2d3f779a1704e97b4f28380b8c5d098f7c655c,0x6bcf15dcce2cba882c1c28cc089664e3784bf1e7,0,67516505,10000,200,0x0000000000000000000000000000000000000000,18,?,1,1.99977e-06,0.0,1,1.0,1.0,1.99977e-06,0,1,1.99977e-06,False
0xa9eb151dd6c43964ef1e866b29ec9f900439079faf25aa06d912aa7aeee892b0,0x7b3c75252d98db1a6262f4410c878ac22341840f,0,67516953,810000,19988,0x0000000000000000000000000000000000000000,18,?,0,0.0,0.0,0,1.0,1.0,0.0,0,0,0.0,False
0x245903fb7f7855b20848a449a7e96e59d096374c3ec3f49c2c6d3838e18aa282,0x4eeae5942781cb616ad09f74225c89bca870a1a0,0,67517014,810000,19988,0x0000000000000000000000000000000000000000,18,?,0,0.0,0.0,0,1.0,1.0,0.0,0,0,0.0,False
0xde1ea1ea6b70a35923aefaf27ace98dd6ccb7a0b175feea7a552796e0a67d085,0xa40affb672b13d2adbc84d26dba9b67a52885508,0,67517104,10000,200,0x0000000000000000000000000000000000000000,18,?,1,1.998862e-06,0.0,1,1.0,1.0,1.998862e-06,0,1,1.998862e-06,False
0x3b2bfe3bf88a844ee52dc3fa1c0537dfd92fa8895b26295307bb8c4578db6a91,0x429a66c7ab55e0822885c3d32d26ba7c7d93901d,0,67517229,200000,2000,0x0000000000000000000000000000000000000000,18,?,1,0.000101641863998798,0.0,1,1.0,1.0,0.000101641863998798,0,1,0.000101641863998798,False
0x5d30c9a71af54670bc1d664e8bb6f3d637f6b5f1bcbc906cfc05ee867ab3ab84,0xecac3bf952b5c7438830e7ed03db7b45438b7326,0,67517267,500,1,0x0000000000000000000000000000000000000000,18,?,11,0.7629144988118003,0.8333333333333334,1,0.9999973797194796,0.09090909090909091,0.007062885416262856,5,11,0.7629144988118003,False
0xebfcaa3834ef5bfb5c542e5435acbea99edca637e921683841883d4034654f89,0x0677fa0c5d3391c889e68ad934ad03c25b7cbe62,0,67517286,20000,200,0x0000000000000000000000000000000000000000,18,?,0,0.0,0.0,0,1.0,1.0,0.0,0,0,0.0,False
0x9f8d41de393af30c71a4d00b5dd9e18d9946221103aaa44f609f0d89da186f8c,0x7b3c75252d98db1a6262f4410c878ac22341840f,0,67517387,808670,19988,0x0000000000000000000000000000000000000000,18,?,0,0.0,0.0,0,1.0,1.0,0.0,0,0,0.0,False
0x2d6f9ef48bf3374ab7f50367e34da649aa87953eb1a3b1ed7741a9a367cd6988,0x4eeae5942781cb616ad09f74225c89bca870a1a0,0,67517444,808670,19988,0x0000000000000000000000000000000000000000,18,?,0,0.0,0.0,0,1.0,1.0,0.0,0,0,0.0,False
0x00169f66395dba961277862acfddd836af362078948c90aa4a9983e5114bc098,0x61849cb50f124291c4691ec1c633e86b13bba932,0,67517582,15000,150,0x0000000000000000000000000000000000000000,18,?,0,0.0,0.0,0,1.0,1.0,0.0,0,0,0.0,False
0xe0c84fbe371fc739ed0718ec74e383b98656edffe174c1bc3168f7dd43651829,0x09e0739145398986344d7cfedf3845eee9eec6ae,0,67517699,10000,200,0x0000000000000000000000000000000000000000,18,?,1,1.99879e-06,0.0,1,1.0,1.0,1.99879e-06,0,1,1.99879e-06,False
0xb66ad96989fa69654cb6875c7ce3900134eecb661cd52a089b285767be8e1a49,0xb911f04a24a9f6234537829290335e623ee71e18,0,67517754,880279,200,0x0000000000000000000000000000000000000000,18,?,0,0.0,0.0,0,1.0,1.0,0.0,0,0,0.0,False
0xc6c58b56204309d663140ffc965f9344a3e4ec958940463901f2fd62d6806948,0x5e4a5b4fcf19ba5e43789b2368e542ea5dc38ecc,0,67517955,150000,1500,0x0000000000000000000000000000000000000000,18,?,67,0.06268113516848021,0.9142857142857143,7,0.39807714321696197,0.014925373134328358,0.00067859129589132,32,67,0.06268113516848021,False
0x17e2bf64cf3f1d76c59b1a9a656993ad58b855762331a7997693759ffcc83941,0xf3cf9cb1b06dde6bdb41cd29957dfb599e0456e2,0,67518173,810000,19988,0x0000000000000000000000000000000000000000,18,?,0,0.0,0.0,0,1.0,1.0,0.0,0,0,0.0,False
0xe3495153bb69544b0a9dbe4402f89d1d4ae13066127e7d14c3ba38d3daaa6460,0xf3cf9cb1b06dde6bdb41cd29957dfb599e0456e2,0,67518214,808670,19988,0x0000000000000000000000000000000000000000,18,?,0,0.0,0.0,0,1.0,1.0,0.0,0,0,0.0,False
0x9cd77a615ae7234abe4bce0099a6d4a103888487c60d67ce3f69d3e6a2c0a921,0x7ef631ccc120b598a92d96f490677936ebda59ed,0,67518246,100,1,0x0000000000000000000000000000000000000000,18,?,292,54.07408696836331,0.5368421052631579,2,0.2661484831193905,0.0136986301369863,0.09259840356530759,102,292,54.07408696836331,False
0xc269f0fd81c4dfb7ca856b55f7a3fdd084781717ea0c5f8e888114cfdd229690,0x9ccffd06f9c35365be2b5892e4c6ab6f080e7fba,0,67518268,810000,19988,0x0000000000000000000000000000000000000000,18,?,1,6.2096715e-07,0.0,1,1.0,1.0,6.2096715e-07,0,1,6.2096715e-07,False
0xbe299b8a17f31f7e185a150f1a7b4bd847ba6b3ead717dbc146513cb7121225b,0x605f42ad347fa8fc0e288415dad3276a1009c78a,0,67518293,10000,200,0x0000000000000000000000000000000000000000,18,?,1,1.998626e-06,0.0,1,1.0,1.0,1.998626e-06,0,1,1.998626e-06,False
0xdd11fe40b35821e97ff29bfcdfe36398448e47277939842704902a0262adcb20,0x9ccffd06f9c35365be2b5892e4c6ab6f080e7fba,0,67518317,808670,19988,0x0000000000000000000000000000000000000000,18,?,2,0.000257607048167652,0.0,1,1.0,0.5,0.000128803524083826,0,2,0.000257607048167652,False
0x46d96bfd6e0dd5ca9bfbde1fef18ce18f1f8979ee5fe8e3481bd40a7e39c6a49,0x66aaf1f9da2ee77fd47e5a230875cc817b6482ba,0,67518628,500,1,0x0000000000000000000000000000000000000000,18,?,95,9.75093097813384,0.8627450980392157,3,0.4124355703283099,0.021052631578947368,0.06032269767456022,44,95,9.75093097813384,False
0x9bdb7588d29348e875385607c144c9ab1a6b56136728b44a0ffb114d90b20d4b,0x51af68d81f2332e4b71430c0c71332d3aa726aa4,0,67518717,10000,200,0x0000000000000000000000000000000000000000,18,?,68,9.852663861657643,0.7894736842105263,1,0.2890617731645295,0.08823529411764706,0.15520987733287578,30,68,9.852663861657643,False
0xa7b7b2f243f91ec788f3cd62b610ef26ab7e97e5d66b9b9adeeccd3e2a7a91a4,0x273dbbd5dd97877825fd9b97be6327e234bd794f,0,67518890,10000,200,0x0000000000000000000000000000000000000000,18,?,1,1.99889e-06,0.0,1,1.0,1.0,1.99889e-06,0,1,1.99889e-06,False
0xf7f18c8bfc66e226c9f3982f71b36ef8feeb0574f977dd30137706b34d5b57c9,0xbdff7457b3996ebd84106d2187fbfebdef797ef4,0,67518906,780000,7800,0x0000000000000000000000000000000000000000,18,?,1,0.000130733157723532,0.0,1,1.0,1.0,0.000130733157723532,0,1,0.000130733157723532,False
0x812feddf6ac0eb8db3e49333c9e1cba9debf52f4ba9988c0aec8957e412ab975,0x915baa316407ac90ccad2e27c159f572a8cd6b7b,0,67518976,790000,60,0x0000000000000000000000000000000000000000,18,?,0,0.0,0.0,0,1.0,1.0,0.0,0,0,0.0,False
0x16a1b9b68574bfa462aa30d38eca908265d4baba30d1bdcd74a33b1c20516fb1,0x1fff237066d6d2c1fbb08b9cfe90c1495ea8fd06,0,67519489,10000,200,0x0000000000000000000000000000000000000000,18,?,1,1.999468e-06,0.0,1,1.0,1.0,1.999468e-06,0,1,1.999468e-06,False
0x6afb5dc0a17310d2f5bd5f313631bfae980d41cf505de3138daae2eb4246c3d4,0x0aa4a4bc76bd663c3ebfefbc5c28945f2ea04ba3,0,67519567,10000,200,0x0000000000000000000000000000000000000000,18,?,3,0.17424199927999998,0.0,1,1.0,0.3333333333333333,0.00099,0,3,0.17424199927999998,False
0xa340cd40bb75be7244a0dee269b2662c05d9e89d1e15de2b2aaa0da5206b8245,0x5e4a5b4fcf19ba5e43789b2368e542ea5dc38ecc,0,67519824,190000,1900,0x0000000000000000000000000000000000000000,18,?,36,0.007767394273752573,0.8,7,0.5603360651916295,0.027777777777777776,0.000187361619519642,16,36,0.007767394273752573,False
0x32968d842be6e9b27021fbbec4b69efd28bb93a9c6040b8cec879d62abea4f7d,0x9f4fdc4ca52c25582fcb717a0eaf618cdf4b4ba3,0,67519979,10000,200,0x0000000000000000000000000000000000000000,18,?,72,8.868498475654729,0.7142857142857143,1,0.23913777689501065,0.08333333333333333,0.14433314071248693,30,72,8.868498475654729,False
0x52b4dad47e4cc0561a3dbbd27e233adbc6fa9fbdbe33cb85b6e680509fd07961,0xbb04095b80cc83d636853e5ecbfd9d37db16217f,0,67520087,10000,200,0x0000000000000000000000000000000000000000,18,?,1,1.99897e-06,0.0,1,1.0,1.0,1.99897e-06,0,1,1.99897e-06,False
0x2ef51c788fb108c785dcc6136fed8845ea3e3d121ff788b716fdc212cbc2466e,0x805f06425a11db513718086261fe219eb56585a5,0,67520682,10000,200,0x0000000000000000000000000000000000000000,18,?,1,1.999624e-06,0.0,1,1.0,1.0,1.999624e-06,0,1,1.999624e-06,False
0xe2b565aa7a9c0653d1deb6ee3b192097c697b470c0463dadd4ae084f017f0082,0xea13e13996f75ed451c125ce3eb696ec321846e7,0,67520854,10000,200,0x0000000000000000000000000000000000000000,18,?,1,1.998782e-06,0.0,1,1.0,1.0,1.998782e-06,0,1,1.998782e-06,False
0x49aa3045ef4171ad059c1c9bdcc5d10ae5d39650538a975cadce2a23c781e504,0x69b0e25596d7966dc6434dd5d2ce91012590bd45,0,67521260,810000,19988,0x0000000000000000000000000000000000000000,18,?,0,0.0,0.0,0,1.0,1.0,0.0,0,0,0.0,False
0x415ede72f3fdbc68e007e7a6429d97ec92a2d331053731cebbeea6ae0b057e5f,0x6b052a48e114605d939dc373e0f4c0021fd8e8fb,0,67521276,10000,200,0x0000000000000000000000000000000000000000,18,?,1,1.99907e-06,0.0,1,1.0,1.0,1.99907e-06,0,1,1.99907e-06,False
0xaf751236281adec252d25930125d81a6440e72f8a4459583fee2c58ca2078dbd,0xd2e73a90f43ac6c3a53e5754b91f9a5ed59ac8cd,0,67521601,0,60,0x399ef7053c94714f3c04e85ad30b5513f95520cc,18,?,0,0.0,0.0,0,1.0,1.0,0.0,0,0,0.0,False
0x4396fe13d7c5fe56454bc3cfaee842ba717699cb0610528289fde841f0377eee,0x69b0e25596d7966dc6434dd5d2ce91012590bd45,0,67521798,808670,19988,0x0000000000000000000000000000000000000000,18,?,2,0.000275720486926734,0.0,1,1.0,0.5,0.000137860243463367,0,2,0.000275720486926734,False
0xf4a6202af03109846cee404c84571d8a5ba1f9b070c5cbf30678f6199c1eca40,0x38a5298da787ed543626fa99b409b0e11c8eb70f,0,67521871,10000,200,0x0000000000000000000000000000000000000000,18,?,1,1.998022e-06,0.0,1,1.0,1.0,1.998022e-06,0,1,1.998022e-06,False
0xe8eab5c77a1329414d2620363f8044450b6de86770acf78f4212cff55ddd5986,0x5e4a5b4fcf19ba5e43789b2368e542ea5dc38ecc,0,67522068,250000,2500,0x0000000000000000000000000000000000000000,18,?,6,0.0054330146028504275,0.5,1,1.0,0.16666666666666666,0.0008254461440263369,2,6,0.0054330146028504275,False
0x608efe2b0c003766fcc8b0931031edc9062d5faf833564025cc4b187ecd0b16f,0xcc83e7f56208d3a1ef92878a98fb8abf1f6e6ba6,0,67522197,10000,200,0x0000000000000000000000000000000000000000,18,?,1,1.999396e-06,0.0,1,1.0,1.0,1.999396e-06,0,1,1.999396e-06,False
0x51f9881374db966e64be597ff1db020c1c2097e4bc135b0624a1f2c4038d32b0,0x69b0e25596d7966dc6434dd5d2ce91012590bd45,0,67522469,790000,60,0x0000000000000000000000000000000000000000,18,?,0,0.0,0.0,0,1.0,1.0,0.0,0,0,0.0,False
0x15f78aa919974b550a69dbe47a138d3366d62dc954c0db2f26c70d3967d8323a,0x556db62ee164c0dd2c189c7b476b27ffe6f183c4,0,67522472,10000,200,0x0000000000000000000000000000000000000000,18,?,1,1.99887e-06,0.0,1,1.0,1.0,1.99887e-06,0,1,1.99887e-06,False
0x92f1cdc4b2702bc7da0cf8f7a04005129cbad91afff7bdec879d88ae67d1d25c,0x58a347de219ffee7b86c726828377f7957ade025,0,67523058,10000,200,0x0000000000000000000000000000000000000000,18,?,1,1.999946e-06,0.0,1,1.0,1.0,1.999946e-06,0,1,1.999946e-06,False
0x7389d2110c6c68f437e52d4dc594b9d97d871f38781a7bfaf373222af591230b,0x51af68d81f2332e4b71430c0c71332d3aa726aa4,0,67523608,810000,8100,0x0000000000000000000000000000000000000000,18,?,0,0.0,0.0,0,1.0,1.0,0.0,0,0,0.0,False
0x308e1a785011c44524e06ea8263504c5267e919ffbe135c30d2a5bf36962e6f9,0xa9aaea333f00f00bb8645167c79a61fda2bc03d6,0,67523657,10000,200,0x0000000000000000000000000000000000000000,18,?,3,0.00010100430743975501,0.5,1,1.0,0.3333333333333333,4.9005003439755e-05,1,3,0.00010100430743975501,False
0xc3c3e424104e65d7cabcec02373b5e7e4ef5e0a048d2ae96c16768d2d1ba8631,0xd47a2076566b50711e60bbce2d1a269cc8201e13,0,67524203,10000,200,0x0000000000000000000000000000000000000000,18,?,1,1.99834e-06,0.0,1,1.0,1.0,1.99834e-06,0,1,1.99834e-06,False
0x8cbc88f9485824c5625c773725361d4e651506db7a69bb9d8bdd6565d3d75788,0xe9a49021c0b4757acb206e22e4da7b9e101357da,0,67524251,10000,200,0x0000000000000000000000000000000000000000,18,?,1,1.998964e-06,0.0,1,1.0,1.0,1.998964e-06,0,1,1.998964e-06,False
0x534787de5cb2232f5bf11cb640b96aaf7d2486b59577a54265d2958be991c926,0x9bb38cfb233d0feeb98ff3a891d4c745ce5e5727,0,67524625,10000,200,0x0000000000000000000000000000000000000000,18,?,1,1.998882e-06,0.0,1,1.0,1.0,1.998882e-06,0,1,1.998882e-06,False
0x15bcd23ca1c63b2cf789e5e0b96d51820ef0600996e9ef1935b991be2eeb8e03,0x19d5fce6eb7e63afeae33dd6c5c1af8267b59985,0,67524848,10000,200,0x0000000000000000000000000000000000000000,18,?,1,1.999808e-06,0.0,1,1.0,1.0,1.999808e-06,0,1,1.999808e-06,False
0xb2e7a81bfd8ad35cf23111fb2e83f9f983c98017f09d8db1c0c76fa29d6ee7d9,0x5ba0e840921159deb6a9c9fe6d74b33cc1591e18,0,67525012,8388608,8,0x4e3468951d49f2eea976ed0d6e75ffcb44a9a544,18,?,0,0.0,0.0,0,1.0,1.0,0.0,0,0,0.0,False
0xbfd8fcb378da35a7220e04aeb3bc44917a6a0f985eb19063f96251035d38de8b,0xfcbbe04708baf74dddcdf2ffd486004c4cf32617,0,67525052,500,200,0x0000000000000000000000000000000000000000,18,?,1,1.998168e-06,0.0,1,1.0,1.0,1.998168e-06,0,1,1.998168e-06,False
0x0ef7a1232e22a5a07887493a41ec614653f00f9e2b590f9b68d1315aaab09597,0x8cbf116a9d3c2a4fd2ef7098edadaf961e96e6d3,0,67525147,10000,200,0x0000000000000000000000000000000000000000,18,?,71,12.577608090349756,0.775,1,0.27820125920383476,0.07042253521126761,0.17371654631544503,31,71,12.577608090349756,False
0x54925b81c387c28a65094a7ed79c5b319d7e53f13f275e35da4a4a416a731b30,0xe35dd8d2dbfea8adfc1cae6af5f9c486072631e0,0,67525691,10000,200,0x0000000000000000000000000000000000000000,18,?,1,1.999684e-06,0.0,1,1.0,1.0,1.999684e-06,0,1,1.999684e-06,False
0xf2465e9d8aa79ba3d9fda8187fc073ce8135a9372d83a7dfec989cccd82e637a,0x370525b3efc0d67a1f4b7047c44af0608f1ea784,0,67525860,0,60,0x49290ae4a4bb89b431fc6c610478151936b240cc,18,?,0,0.0,0.0,0,1.0,1.0,0.0,0,0,0.0,False
0x330b7b3d13cb219ea3548a95c501a77c87d8b6a078b150399d93ad397401e81d,0xf612496a0b3f5f262b6e15e0c4be2deb3078c374,0,67525928,810000,19988,0x0000000000000000000000000000000000000000,18,?,0,0.0,0.0,0,1.0,1.0,0.0,0,0,0.0,False
0x64844ab63081482f7d52f6d86ad8a173ad5712ac9b3e6f05bf9efb3b4ad1aa99,0x8c3f0f496d44e89f6578865d53c1b1ea2ee0067b,0,67525963,23500,200,0x0000000000000000000000000000000000000000,18,?,86,2.5305544922237773,0.5357142857142857,1,0.28563567150939606,0.011627906976744186,0.03001252145919835,30,86,2.5305544922237773,False
0x9ca29de5d6a31a6390dc82b9ba68d9935176f68745ae74ec882c1946fae287d9,0xf612496a0b3f5f262b6e15e0c4be2deb3078c374,0,67525972,808670,19988,0x0000000000000000000000000000000000000000,18,?,1,0.000188379154240118,0.0,1,1.0,1.0,0.000188379154240118,0,1,0.000188379154240118,False
0xcae23697c88b27620f0facf8dc3ecf1b7631530b6bd3f9b373e91ae9ca333942,0x6c41c832913c0e29e122cbed121922335756329d,0,67526023,10000,200,0x0000000000000000000000000000000000000000,18,?,1,1.99992e-06,0.0,1,1.0,1.0,1.99992e-06,0,1,1.99992e-06,False
0xbb2d6078f03964807d771451bf732cf2cd5a07e689c8874c60cd6fbd63dba406,0x2cb5858be5e76ea03f1ee745b0866c5ed6d44ba3,0,67526398,10000,200,0x0000000000000000000000000000000000000000,18,?,72,8.213289790460802,0.7560975609756098,1,0.24626938648781532,0.09722222222222222,0.125,31,72,8.213289790460802,False
0x10fefbc12c933fed584e39e225227d3bf78346cfd0769321cb11c676c0bb85ad,0x1e88aa3bf21524406b9eed87c5f21e66966b7695,0,67526630,10000,200,0x0000000000000000000000000000000000000000,18,?,1,1.999594e-06,0.0,1,1.0,1.0,1.999594e-06,0,1,1.999594e-06,False
0xa7829980505a4a656868a53d3c1177872e2d94300d32cdae2de09f9318750f3b,0x308652f47966873ad0c7854062c7961c6c7181ac,0,67526785,700000,7000,0x0000000000000000000000000000000000000000,18,?,0,0.0,0.0,0,1.0,1.0,0.0,0,0,0.0,False
0xbfe0736ea8adedaf6356a2c8fefb10f2b6d91d7cd62509667f1068b3e30533fc,0x002c6193115b8f81390cee039232f24e8bb8533f,0,67527118,810000,19988,0x0000000000000000000000000000000000000000,18,?,0,0.0,0.0,0,1.0,1.0,0.0,0,0,0.0,False
0x2476e70611ad082f149ab987384d8f444360f7ce460a4ba262795c16049a7e08,0x430a8b3664e864962367ece80e44604d1cfba9b0,0,67527169,810000,19988,0x0000000000000000000000000000000000000000,18,?,0,0.0,0.0,0,1.0,1.0,0.0,0,0,0.0,False
0x4a3f4fad2c22b1a70d86a64f7adef4da547ee5f62610bd2822e36b43cc9d09b6,0x002c6193115b8f81390cee039232f24e8bb8533f,0,67527668,808670,19988,0x0000000000000000000000000000000000000000,18,?,1,0.000192775988025335,0.0,1,1.0,1.0,0.000192775988025335,0,1,0.000192775988025335,False
0x5d9712e06c166da48f5745ae123f24f135d395299ba1d0d4a4f1ea5250d718ec,0xd9d71620fdec434f1879ae3cb6989e055fa25aca,0,67527983,0,60,0x4bf57222587596cee02dfb421f241d80aca220cc,18,?,0,0.0,0.0,0,1.0,1.0,0.0,0,0,0.0,False
0x95ef9d3b42cc2042af5501118f089fe6566a1f61297fb16c1f8dbc317f0d8d3a,0x430a8b3664e864962367ece80e44604d1cfba9b0,0,67528229,808670,19988,0x0000000000000000000000000000000000000000,18,?,1,0.000185685667852564,0.0,1,1.0,1.0,0.000185685667852564,0,1,0.000185685667852564,False
0xf6056bf88390a2524e3ae10fcedb181be0110340ba67e62c7d7396bdd0c395a2,0x24da99a3f3623dbdbf55acf1ee123b5614d47156,0,67528303,10000,200,0x0000000000000000000000000000000000000000,18,?,0,0.0,0.0,0,1.0,1.0,0.0,0,0,0.0,False
0x8298c34b9299769fdbf278e476dfd022ee50935211a94428ff3e8e578dcf885a,0x70a345341471a4a56c65464a5fe70b2de28fcba3,0,67528624,880279,200,0x0000000000000000000000000000000000000000,18,?,0,0.0,0.0,0,1.0,1.0,0.0,0,0,0.0,False
0x008128b5ba2205eb2add819c954b3433eb0f57f4de4a38ea9110bab80e13f62e,0x5ab08b074ece9f459245fde3c2352942c5aa871a,0,67528675,810000,19988,0x0000000000000000000000000000000000000000,18,?,0,0.0,0.0,0,1.0,1.0,0.0,0,0,0.0,False
0x08d14fa07a1b922880f6f4029b78b3973ddb426dd88cf7d5ce5eaea89bb7f754,0xd69c0922c673368e3332afebc203d366b77e8172,0,67528718,100,1,0x0000000000000000000000000000000000000000,18,?,32,4.873658502743892,0.0,1,0.6334871428233595,0.0625,0.15100000000000002,0,32,4.873658502743892,False
0xfa0fb244de667c8f6a10eebe7314a399d70916a9057feae9ebc5decd24409887,0x10a581ff386a730267d02466ed09dca331004ba3,0,67528836,8388608,200,0x4e3468951d49f2eea976ed0d6e75ffcb44a9a544,18,?,40,1.4276460576006968,0.6666666666666666,1,0.9409104473310699,0.05,0.0003142006673859205,16,40,1.4276460576006968,False
0x878a29d297da311f8b96f4469bf57bad97e6c25f51167998cadcd8942dd0d585,0x9dc2cf0f027ddf4c591100419384b47c1a034ba3,0,67528845,720000,7200,0x0000000000000000000000000000000000000000,18,?,0,0.0,0.0,0,1.0,1.0,0.0,0,0,0.0,False
0x647a14fb2d229c839f97685fffe73d28e8881a5012a833ad959e134c3de072ea,0x5ab08b074ece9f459245fde3c2352942c5aa871a,0,67529175,808670,19988,0x0000000000000000000000000000000000000000,18,?,1,0.000314676317977051,0.0,1,1.0,1.0,0.000314676317977051,0,1,0.000314676317977051,False
0x87180804b84c1ca2c841e23bc1d14ac9add42427ceef5cdfa03de749dc3f6091,0xdb481ed5b34f625fa66e0af2857d0988d2c49105,0,67529523,810000,19988,0x0000000000000000000000000000000000000000,18,?,2,0.000558848157756507,0.0,1,1.0,0.5,0.0002794240788782535,0,2,0.000558848157756507,False
0xfd2040baaf2ffe95e1ec6447c2a662639d4a58dc757ee8dd3c525bc7a05c100a,0xdb481ed5b34f625fa66e0af2857d0988d2c49105,0,67529566,808670,19988,0x0000000000000000000000000000000000000000,18,?,4,0.000688562362257515,0.0,2,1.0,0.25,0.000137493742487429,0,4,0.000688562362257515,False
0xd42911ed157707bb333f9b85daf9804fc9445b42184115eedb88dc622f49bfb0,0x23c10e54eadbee3167e2a4b06d4eed220a15acb9,0,67529688,75,1,0x0000000000000000000000000000000000000000,18,?,1,1.998046e-06,0.0,1,1.0,1.0,1.998046e-06,0,1,1.998046e-06,False
0x069dec04fc558bc1338ea48de3beb5d631bebd5a6992ebf385f01417e5ed1936,0x87691b44dcc1e259a46a1a0feb35e420b32232d4,0,67529789,100,1,0x0000000000000000000000000000000000000000,18,?,64,8.990106189510211,0.2549019607843137,1,0.426758029229577,0.03125,0.0935,13,64,8.990106189510211,False
0x79e9c78eea4a7b527438e4729b072d2aacf8572b6a1dcba3bdb5e81ac1f326b6,0x0d11e308e40c15e1181aed4f4bbfc4744e9deeed,0,67531018,880279,200,0x0000000000000000000000000000000000000000,18,?,0,0.0,0.0,0,1.0,1.0,0.0,0,0,0.0,False
0x4c959e3633bc0d14bbff7aae7bebdbd2408debc86a4e1da5b9145100ec952324,0x7f8f06e96aba634546f6912c3b3b503b56efdff8,0,67531303,100,1,0x0000000000000000000000000000000000000000,18,?,110,16.941580224256093,0.42857142857142855,1,0.33342184600220187,0.02727272727272727,0.11937471966344135,33,110,16.941580224256093,False
0x5e1415573ccb09374e745e193a078b089b60e1f146c8426aa0acc26d2405d771,0x03e60aaeb1f2f0bd7897240faf3d11165ffb7c78,0,67531879,810000,19988,0x0000000000000000000000000000000000000000,18,?,0,0.0,0.0,0,1.0,1.0,0.0,0,0,0.0,False
0x7fb7da46f296edcfc398936a5c2dfcdcf30ce37515d560c2b06f4d9f59244da0,0x03e60aaeb1f2f0bd7897240faf3d11165ffb7c78,0,67531922,808670,19988,0x0000000000000000000000000000000000000000,18,?,0,0.0,0.0,0,1.0,1.0,0.0,0,0,0.0,False
0x294273d26e81de0a29333b82a6150009c60b103ca976ba92dece94efd6a53feb,0x7a03324c699b69561a8335ab33bff7346121cba3,0,67532082,8388608,200,0x4e3468951d49f2eea976ed0d6e75ffcb44a9a544,18,?,644,15.210068928082672,0.6555269922879178,4,0.14628281776901264,0.004658385093167702,0.0025435771362396003,255,644,15.210068928082672,False
0x9ecbf5a5fd06a57fefc7cbe83ac3dcecaae9647e34051a708a5bec7ecef0a661,0x5e4a5b4fcf19ba5e43789b2368e542ea5dc38ecc,0,67532100,100000,1000,0x0000000000000000000000000000000000000000,18,?,18,0.023655741955063977,1.0,3,0.8543883475081807,0.05555555555555555,0.0008574722576426049,9,18,0.023655741955063977,False
0xcd2c44d0c52da0c90b39f6870a3317214bbcd6fc5b9671f0774fbaae7c41d6fa,0x8278bd68f531e63e653a7109f8ab99f333cb6207,0,67532107,10000,200,0x0000000000000000000000000000000000000000,18,?,27,4.246179066805986,0.5882352941176471,1,0.6142769550941601,0.07407407407407407,0.17325,10,27,4.246179066805986,False
0x8a1dc74790f5ce039569b168c0da1937e21a1fde6d56b2bce3c7c45dce30b7a9,0x197af2d3beb9a8b254fede6ca6fcf518d0ee1e18,0,67532637,8388608,8,0x4e3468951d49f2eea976ed0d6e75ffcb44a9a544,18,?,0,0.0,0.0,0,1.0,1.0,0.0,0,0,0.0,False
0xde07a192c44c892f3dfd4cab4d3c803c15f53a2c6bc8832ef0cbad2d84a16806,0x7a03324c699b69561a8335ab33bff7346121cba3,0,67532942,808670,19824,0x0000000000000000000000000000000000000000,18,?,1,0.000131886553228122,0.0,1,1.0,1.0,0.000131886553228122,0,1,0.000131886553228122,False
0xd5d20f9ba1f703e9178164f8dab2710ea5387b6ee0542f32c8e7076276545a69,0x4abea45da1ae35687a26734a8fcf62a97ec57334,0,67533055,810000,19988,0x0000000000000000000000000000000000000000,18,?,0,0.0,0.0,0,1.0,1.0,0.0,0,0,0.0,False
0x8e246af94ab718c9e8d9a96627913e8c2f8e3800e6ae2d937aeb5d416500ced9,0x99874f5eea187986c5f07a65cf43f92f607ccba3,0,67533252,10000,200,0x0000000000000000000000000000000000000000,18,?,69,8.321575779353793,0.6428571428571429,1,0.23840510976424387,0.08695652173913043,0.125,27,69,8.321575779353793,False
0xbc289f52f2c9bf35a83f3edf27b6d0c03a35289f1ae03c1b0f4c0bf390b257d3,0x4abea45da1ae35687a26734a8fcf62a97ec57334,0,67533594,808670,19988,0x0000000000000000000000000000000000000000,18,?,0,0.0,0.0,0,1.0,1.0,0.0,0,0,0.0,False
0x8dc29381870fb1904e6fdc2cb6265517055932980aea9aea536c41a1c36291ea,0x72d2c6e9d13ad7a7fc122511e3a68edb2ff6b950,0,67533771,10000,200,0x0000000000000000000000000000000000000000,18,?,39,6.984221524278761,0.625,1,0.3752473573791651,0.10256410256410256,0.2,15,39,6.984221524278761,False
0x939f00766739146f65da2af5d55b2fc0b55b912bf67bf707eb91d0018f7e3a6e,0xa324f74e535cf9c009df7ffe03f1054375aa1e18,0,67533956,8388608,8,0x4e3468951d49f2eea976ed0d6e75ffcb44a9a544,18,?,0,0.0,0.0,0,1.0,1.0,0.0,0,0,0.0,False
0x6aa0f24ed982d5e3958d279046ac3629cf7dc66abdd5b02b30039d00cbea08a4,0x177cfb9da9359c912f91e88610634cef071398a8,0,67534251,810000,19988,0x0000000000000000000000000000000000000000,18,?,0,0.0,0.0,0,1.0,1.0,0.0,0,0,0.0,False
0xb1cecd51094ac87d89094f4209d02048b93a16f77a0c8e7e98b477638a11b901,0x4063d2a05a355cad609f1c6f66ccb21863e9b92e,0,67534384,500,200,0x0000000000000000000000000000000000000000,18,?,0,0.0,0.0,0,1.0,1.0,0.0,0,0,0.0,False
0x32131464832f840bd710a6448cc85bc14316fe258914d957543df852748d981e,0x9dc2cf0f027ddf4c591100419384b47c1a034ba3,0,67534401,300000,3000,0x0000000000000000000000000000000000000000,18,?,2,0.000202211553715882,0.0,2,1.0,0.5,0.000101105776857941,0,2,0.000202211553715882,False
0x1de78aa58339793fbf005242da31229c1630d8cbc567ecd453801322348d7459,0x177cfb9da9359c912f91e88610634cef071398a8,0,67534786,808670,19988,0x0000000000000000000000000000000000000000,18,?,0,0.0,0.0,0,1.0,1.0,0.0,0,0,0.0,False
0xa7bfb200fc34a67995fb3eb87a817729008a3fe6d70bdce00396d27323c02f38,0xf8cc36e4a1fb753e49c1b08c29b28769c0f0281c,0,67535989,10000,200,0x0000000000000000000000000000000000000000,18,?,70,11.81334245167199,0.75,1,0.24168576415887652,0.07142857142857142,0.175,30,70,11.81334245167199,False
0x0419eb6323b905285ecd9fdcb745850f3866b2c557c60c2393f2f7eb47b4de06,0x044a1a90f151c33a227618ba2180295cb6fff162,0,67536091,0,200,0x0000000000000000000000000000000000000000,18,?,210,5.023432260204218,0.8918918918918919,1,0.13112144669064782,0.009523809523809525,0.022987541050485744,99,210,5.023432260204218,False
0x198ba746d5b5f843d30edf03b8128642bffd136a6bf31c7d8037ae52a34b4170,0xc4086d9ce6abf5f22499a5c2d7f411e53b8839eb,0,67537227,810000,19988,0x0000000000000000000000000000000000000000,18,?,9,0.000109191763183311,0.0,1,1.0,0.2222222222222222,7.866741809594e-06,0,9,0.000109191763183311,False
0xc293d2ef7f8009eb2b4b334f076878641043babb2cf2095b6c80455439af5c48,0xc4086d9ce6abf5f22499a5c2d7f411e53b8839eb,0,67537284,808670,19988,0x0000000000000000000000000000000000000000,18,?,6,0.00057823282714297,0.0,1,1.0,0.16666666666666666,8.7047700798155e-05,0,6,0.00057823282714297,False
0x6798bf2362a30dca2390f24a1181d399025b0e494cdbb1c432f2d69a718657c9,0x1f8d7662c9003d9fab1f26e5a8467891cb7affe5,0,67538026,100,1,0x0000000000000000000000000000000000000000,18,?,141,24.169637803432238,0.4536082474226804,1,0.284896169075835,0.014184397163120567,0.119,44,141,24.169637803432238,False
0xb1b15d01bcb48ad2fdb346a8abbf1a25d852cc2204d15395e8eb2093bed9135d,0xece43ad7b046c233e35edb5c39fb71aa63c4cb54,0,67538170,500,10,0x4e3468951d49f2eea976ed0d6e75ffcb44a9a544,18,?,0,0.0,0.0,0,1.0,1.0,0.0,0,0,0.0,False
0x4eba7136719b28233d05a5a6cfea1fdc30a536317c65fa98dc7d8fd4a8a56eae,0x110803476ae3c50d0870dc0ba02973a10c924ba3,0,67539330,10000,200,0x0000000000000000000000000000000000000000,18,?,71,9.004091912268349,0.6511627906976745,1,0.24233377018129332,0.14084507042253522,0.13511935785268667,28,71,9.004091912268349,False
0x3294522b9d1e57e35f2ab28fa65c8d8cbb62865545561e1ee62125438a94c1ca,0x3343052d5ac5cac7470bb35f815e7c378f9a1e18,0,67539692,880279,200,0x0000000000000000000000000000000000000000,18,?,0,0.0,0.0,0,1.0,1.0,0.0,0,0,0.0,False
0xcf285a45332fa37019ea9fb33a145dcfbbae0f41e43c3c460b69ed57da36fd4d,0x4d1f608d13b36b1601372d6b69f488e04c9d44b1,0,67539878,3000,60,0xeca92c0ae221b954ab02a8d41e6b0b6eed8240cc,18,?,195,26.09034547376375,0.652542372881356,1,0.27011561531976913,0.05128205128205128,0.08783391575461008,77,195,26.09034547376375,False
0xe4267266cf36c7b71d8289df94481026adca49c3829e63a9d2c93a8c77f6b693,0x8d9b00efcaa0ebbe8a49a686b590035f657ed5fa,0,67539903,2500,25,0xe21f3f3a3267534d8ebb4060dfa646db1a5b9000,18,?,901,199.92326134435672,0.5041736227045075,2,0.1031901480810746,0.3973362930077691,0.0451206437532469,302,901,199.92326134435672,False
0x4d453efb072310543464808db52c8c2447029db7d5ec100eaf7f01833af442b7,0x2d9330bbe921855d59f1d788eec2fd58446e41f8,0,67540108,10000,200,0x0000000000000000000000000000000000000000,18,?,1,1.999108e-06,0.0,1,1.0,1.0,1.999108e-06,0,1,1.999108e-06,False
0xceeae20225a6b18ea350c83cea94af46b0a7108984d4603aeb91535bbbdfa729,0xc782fbb3645fe3cef2f83da9829963ec868983e3,0,67540202,810000,19988,0x0000000000000000000000000000000000000000,18,?,0,0.0,0.0,0,1.0,1.0,0.0,0,0,0.0,False
0x906116553edd3fc8fa329e4da34df587a0f62873fd4ba4fb75083f58f5d5296e,0xc782fbb3645fe3cef2f83da9829963ec868983e3,0,67540737,808670,19988,0x0000000000000000000000000000000000000000,18,?,0,0.0,0.0,0,1.0,1.0,0.0,0,0,0.0,False
0x9c0cb9a8f6d524756a1021c6daff3f9ca800248cfcb8e150860165f10a9f8032,0x03c0652742358e0a99b94f66b0467035a9832d52,0,67540868,0,200,0x0000000000000000000000000000000000000000,18,?,223,6.112109148175975,0.8583333333333333,1,0.16417687695478828,0.004484304932735426,0.024152158904817155,103,223,6.112109148175975,False
0xf1e147caa6cff6c362005ec998c5091bdbd2e4231e69cc92ab88ef9bf41b454a,0x3343052d5ac5cac7470bb35f815e7c378f9a1e18,0,67541392,810000,19988,0x0000000000000000000000000000000000000000,18,?,0,0.0,0.0,0,1.0,1.0,0.0,0,0,0.0,False
0x44ef135ca66eb629f94a87678ecd7101c05f628c3113f63b896810ee8c4d375d,0x3343052d5ac5cac7470bb35f815e7c378f9a1e18,0,67541448,808670,19988,0x0000000000000000000000000000000000000000,18,?,0,0.0,0.0,0,1.0,1.0,0.0,0,0,0.0,False
0x5613b430144b3498af4baea5a57ffb8f488d96a1d5f148ccdc455859877a36c7,0xdb481ed5b34f625fa66e0af2857d0988d2c49105,0,67541696,0,200,0xe5e702641ea86f4ae6cc3cdaed2b886f976be044,18,?,693,16.715564322436972,0.9196675900277008,8,0.1429870480460179,0.03607503607503607,0.008972754879122979,332,693,16.715564322436972,True
0x28115c1cd3d42aa37a82cc5a42b94e814a93ddbfcbfdb0e7e7339b67d9845b53,0xa5545179ba7299f0e518eca87a4c079e56dd618b,0,67541736,100,1,0x0000000000000000000000000000000000000000,18,?,308,60.849965345885465,0.6041666666666666,2,0.2330211886021896,0.01948051948051948,0.1200611637257501,116,308,60.849965345885465,False
0xefbde4340d4b3087e21ee8ec99e31a4e69b8426a415a5b53bb413c74c8a77983,0x83ffd873f9aeb8f23f84cba349db28f212a70239,0,67542481,8388608,8,0x4e3468951d49f2eea976ed0d6e75ffcb44a9a544,18,?,0,0.0,0.0,0,1.0,1.0,0.0,0,0,0.0,False
0x11cd1a25b93960717fd00f634c3a9fc6c602c60beb8279c262c5887b75dc017f,0x232cdfc415d10b673845d83dc02ba2eabe7e30d1,0,67542707,4200,42,0x0000000000000000000000000000000000000000,18,?,10,0.22505338021815044,0.42857142857142855,1,1.0,0.1,0.016879059040327663,3,10,0.22505338021815044,False
0x304d63a8e1707b62c734ba127b68878dae332453ffec45a0ef759f5a988a2f83,0x5ec8990b81567230e097b9bce0efa2d903e5dd2c,0,67542934,10000,200,0x0000000000000000000000000000000000000000,18,?,0,0.0,0.0,0,1.0,1.0,0.0,0,0,0.0,False
0x05a612c60b5ca197e8ef83532ff9e6ad07b924ea873a35a49e555a43ad80e3df,0xc44addcc616e7a80a1a31afed2c274b46004f978,0,67542976,10000,200,0x0000000000000000000000000000000000000000,18,?,43,7.736036953858391,0.6538461538461539,1,0.3634851319113143,0.09302325581395349,0.2,17,43,7.736036953858391,False
0x637adfd54755fd49755069d14f88393ea6a35113ace39cfe21df879554c99d1b,0xb90953e2d7d4b74daa110773eff73cc89d9665c2,0,67543083,100,1,0x0000000000000000000000000000000000000000,18,?,10,0.010126891890840858,0.6666666666666666,1,1.0,0.1,0.0009107720559015965,4,10,0.010126891890840858,False
0xf4cafa537b85c9e474447779732f4628ccd28a0d8c918d13e8f5348b1df01f5a,0xc9ad44ac9189e131690eec25279a827a57f72930,0,67543161,3000,60,0x4e3468951d49f2eea976ed0d6e75ffcb44a9a544,18,?,4,0.00238885481991545,0.3333333333333333,2,1.0,0.5,0.0005495,1,4,0.00238885481991545,False
0xb62bf1074b3786fad802f7c3e05f0b58fcba4e677c6d0653ee2070ab3acf8653,0xe02c53d448a62067b2ac10ed70f5bc6c29471386,0,67544592,700000,7000,0x0000000000000000000000000000000000000000,18,?,3,0.00039457316898433,0.0,3,1.0,0.3333333333333333,0.000154875911631181,0,3,0.00039457316898433,False
0xa6b8784eba880faed887fb4f698a43928808a5c326e757185303112d7adabc2d,0xc4086d9ce6abf5f22499a5c2d7f411e53b8839eb,0,67545290,880279,200,0x0000000000000000000000000000000000000000,18,?,0,0.0,0.0,0,1.0,1.0,0.0,0,0,0.0,False
0xc5732bf4b2c5c0ae49060daebaed26b059366b96bd0cb9b9c762b87efc694879,0x5feeaa2ce02879ddc0591b879b59cc2c4371f199,0,67545451,10000,200,0x0000000000000000000000000000000000000000,18,?,26,3.894631886306019,0.5294117647058824,1,0.5863839274522828,0.11538461538461539,0.16276265666738868,9,26,3.894631886306019,False
0x8baff984496cdfd03c012c433b867ee03c25dcce762187a9119c31c54a6683c0,0x583f8e1f28e9b5dcbc40fefdf4f24b9972ff294e,0,67545556,810000,19988,0x0000000000000000000000000000000000000000,18,?,0,0.0,0.0,0,1.0,1.0,0.0,0,0,0.0,False
0xb7cc344f46567f312c45aba64ae613357dd0758e7005663642d22878f1f055dd,0xddbb7c41df707f5ac036e20ef916ef354adade38,0,67545636,850000,8500,0x0000000000000000000000000000000000000000,18,?,0,0.0,0.0,0,1.0,1.0,0.0,0,0,0.0,False
0xbd3b15f241eb46fac5f17762a86ec2fe4674fe320bcbaa2e5e73a8a21f501f2e,0x3c53faa10667e48255f423a814c619b51344d705,0,67545643,810000,19988,0x0000000000000000000000000000000000000000,18,?,0,0.0,0.0,0,1.0,1.0,0.0,0,0,0.0,False
0x7e0b0699cd5ee9101d53067445984291545893f7d49b730fa1a76002088ef25f,0x5dba88a9733a99c60f98a5033619e9cdce991ab6,0,67545860,10000,200,0x0000000000000000000000000000000000000000,18,?,1,1.999062e-06,0.0,1,1.0,1.0,1.999062e-06,0,1,1.999062e-06,False
0xcb4c9597d9d256cd516210ea89ec260e34d62b6bdc0699da35eca970964b40cb,0x583f8e1f28e9b5dcbc40fefdf4f24b9972ff294e,0,67546087,808670,19988,0x0000000000000000000000000000000000000000,18,?,0,0.0,0.0,0,1.0,1.0,0.0,0,0,0.0,False
0xb1262f4e49e4a1b3c3e29d878395c22765271f5b635013d0ad44b0ab78d6de65,0xad5f7eded61b916999842769d577161269e71e18,0,67546365,10000,200,0x0000000000000000000000000000000000000000,18,?,73,9.068370594199417,0.6590909090909091,1,0.21486835524582845,0.1095890410958904,0.1485,29,73,9.068370594199417,False
0x2546f130fcb1579738c06dba711f5ebebbe6efa8004c1e4b431d40c44fd264db,0x7012c49163f440da20a9742f822e914b63e34663,0,67546498,10000,200,0x0000000000000000000000000000000000000000,18,?,3,0.00010100378970361601,0.5,1,1.0,0.3333333333333333,4.9005013703616e-05,1,3,0.00010100378970361601,False
0x297277da25cfa30c24fa92fd46bd8e1da2b74a13ae638d9259df52238a4239b7,0x3c53faa10667e48255f423a814c619b51344d705,0,67546647,808670,19988,0x0000000000000000000000000000000000000000,18,?,0,0.0,0.0,0,1.0,1.0,0.0,0,0,0.0,False
0x81f081beea61b7c63216f86ac9b94148392c1dd6dac416d6ac0abe9660102c02,0x16391c40e85fb2246a2c8c17bfa2594c5d3ef84b,0,67546660,880279,200,0x0000000000000000000000000000000000000000,18,?,0,0.0,0.0,0,1.0,1.0,0.0,0,0,0.0,False
0xedb9264ebdd63c428efec99ebdcb420b33b27ad3d4e01bc32424a144be6c544f,0x0a652f176ead9040259209f768b5d015b91d8f72,0,67546878,0,200,0x0000000000000000000000000000000000000000,18,?,156,4.7820514268192875,0.9024390243902439,1,0.22115386296387074,0.01282051282051282,0.02418522132535729,74,156,4.7820514268192875,False
0x7a8d416cc8cc0956144a94324485ea14f6327ffa52602c94e9b6b22e7645c434,0x050653c1723f27d1435ca7021f18abb431126f00,0,67546918,10000,200,0x0000000000000000000000000000000000000000,18,?,67,10.719151015990656,0.7631578947368421,1,0.2664698026820321,0.07462686567164178,0.17325,29,67,10.719151015990656,False
0xe486c3e3d5ffc45641896d8cf46fb1bb622194b78ea3ded0606795aacd7516df,0x4d066ab4d924b7b3d01c6ecbfc142efe33aeb7fa,0,67546997,880279,200,0x0000000000000000000000000000000000000000,18,?,0,0.0,0.0,0,1.0,1.0,0.0,0,0,0.0,False
0xfe9da2d6b3964fcb5f4c52b119f80e861d8bfb8620516fc9d1d5f4ee3bcdd349,0x915baa316407ac90ccad2e27c159f572a8cd6b7b,0,67547262,810000,19988,0x0000000000000000000000000000000000000000,18,?,0,0.0,0.0,0,1.0,1.0,0.0,0,0,0.0,False
0x941f4feacb9ba1ad999771fc218dfa9eaf433e187e842d3cd313b0c010ff0354,0x915baa316407ac90ccad2e27c159f572a8cd6b7b,0,67547302,808670,19988,0x0000000000000000000000000000000000000000,18,?,0,0.0,0.0,0,1.0,1.0,0.0,0,0,0.0,False
0x540419e26df4751eb6154dfb1d4b4cc7ad163a7438f197f485b9915dc77817ec,0x1531ec14567bfe779835f7b657c502d78e8d72aa,0,67547408,10000,200,0x0000000000000000000000000000000000000000,18,?,1,1.99842e-06,0.0,1,1.0,1.0,1.99842e-06,0,1,1.99842e-06,False
0x5f1fd7ae888627e56d50cfa2efdb4bad99d8d728e8bed9cf0e8a1ab62abd7c86,0xa54c6eb089eb5c9da87e5b99cc3d7b512311e54b,0,67548501,810000,19988,0x0000000000000000000000000000000000000000,18,?,0,0.0,0.0,0,1.0,1.0,0.0,0,0,0.0,False
0xc015507942947aedef7cd66b95df361deace4ea09aeea6331ef8882bd73be5f7,0xa54c6eb089eb5c9da87e5b99cc3d7b512311e54b,0,67548543,808670,19988,0x0000000000000000000000000000000000000000,18,?,1,0.000185298816081728,0.0,1,1.0,1.0,0.000185298816081728,0,1,0.000185298816081728,False
0xccdd13254572eea0ffe3fab2101af1dddd09e3e722818a7b2e67d1a3f89b4f11,0x5e4a5b4fcf19ba5e43789b2368e542ea5dc38ecc,0,67548680,200000,2000,0x0000000000000000000000000000000000000000,18,?,0,0.0,0.0,0,1.0,1.0,0.0,0,0,0.0,False
0x99bfbd2c90b4258ac5ff2b02cda667c08d3f42922daf17256a37660e0fd0a695,0x2e8c31162b855a2ffa90f6f8634643ad6f111e18,0,67548721,880279,200,0x0000000000000000000000000000000000000000,18,?,0,0.0,0.0,0,1.0,1.0,0.0,0,0,0.0,False
0x5f3c78029e5150a35beebc089d9dd32fa657a521703b7bafc435e988c0c5b866,0x14d3de3008788977047eada54ebce495188768c9,0,67549221,10000,200,0x0000000000000000000000000000000000000000,18,?,5,0.1374024814035121,0.6666666666666666,3,1.0,0.2,0.0198019801980198,2,5,0.1374024814035121,False
0x51bb300068867481ba1557a904f52cdbbc0246e84ba2998ef73b031b0d020b7d,0xbb08b4ac57d21820cc35a66278598685c864089d,0,67549316,10000,200,0x0000000000000000000000000000000000000000,18,?,1,1.998812e-06,0.0,1,1.0,1.0,1.998812e-06,0,1,1.998812e-06,False
0x05c2cb473945944fcc6bca38d3229faec37490ba8db445bbe4fe77b9176e242a,0x3415e1e5efb4ada8bcb7b0fe2ed317f9a5db0319,0,67549864,840000,8400,0x0000000000000000000000000000000000000000,18,?,2,6.773838160544e-06,0.0,2,1.0,0.5,3.386919080272e-06,0,2,6.773838160544e-06,False
0xc5558f23befc7700e0b4f1e189174f2c73c83b2232f12a970f1894bf9a336ed1,0xbb09abb73f766f00625852894eb5c9cf08a94ba3,0,67550146,880279,200,0x0000000000000000000000000000000000000000,18,?,0,0.0,0.0,0,1.0,1.0,0.0,0,0,0.0,False
0xcd5e2f1b5c881a6ef05a31b9276cc2ab6da8bbfcb21834e799a8541c9554d6f5,0x6228dd402316e0e333d24e6b7dd4844fdf6f1e18,0,67550629,8388608,8,0x4e3468951d49f2eea976ed0d6e75ffcb44a9a544,18,?,0,0.0,0.0,0,1.0,1.0,0.0,0,0,0.0,False
0xef9663a34b2e01ba9fe968f924e7ebdda2d96766f6ea4e1cc20e6ffbabdb2430,0xec2eea7b539f58b68dc15b5f0cff208cadaa8cd7,0,67550911,10000,200,0x0000000000000000000000000000000000000000,18,?,1,1.999356e-06,0.0,1,1.0,1.0,1.999356e-06,0,1,1.999356e-06,False
0x4cff92e1309067423c939a101003be69e79107672fc89cc7ab43d885f43b9d77,0x36a8b18bf85aa05e2f00bb0135aaacf3dc57d133,0,67551500,810000,19988,0x0000000000000000000000000000000000000000,18,?,0,0.0,0.0,0,1.0,1.0,0.0,0,0,0.0,False
0x6f1bf48cd42aeebcd826b0c86db3eb657326ab7e7ac6e7eb3bca7f3f028e62af,0xd3cf42f37d7667a6da625d01ef6d714b8b61cd2d,0,67551556,810000,19988,0x0000000000000000000000000000000000000000,18,?,0,0.0,0.0,0,1.0,1.0,0.0,0,0,0.0,False
0x4c713f0ef4e23521e67e4feae6312a65f6b14b890c68ad8cc2204de716418a66,0x36a8b18bf85aa05e2f00bb0135aaacf3dc57d133,0,67552040,808670,19988,0x0000000000000000000000000000000000000000,18,?,0,0.0,0.0,0,1.0,1.0,0.0,0,0,0.0,False
0x58056445738395a282be42d48132abf4e759cb7273ce05d089dc87bdbad14274,0xee12b9e3b96072cbfc615ad0d3435eeccffe25ac,0,67552295,2500,25,0x0000000000000000000000000000000000000000,18,?,608,10.66897002364772,0.7988165680473372,1,0.4981465173203584,0.23519736842105263,0.003,270,608,10.66897002364772,False
0xf97b9a4ae9b6c55319743d7ad77e94f23a8fe6813b297ceba42c6669e4fe9eb9,0x9037d27a3fd9b0fb137e0e21bfa422de8720fde8,0,67552586,100,1,0x0000000000000000000000000000000000000000,18,?,2,0.0019998,0.0,1,1.0,0.5,0.0009999,0,2,0.0019998,False
0xefc76cfaa25db6deb9307c728da8657c12da7da8a8dc1e06a863fbb03809119c,0xd3cf42f37d7667a6da625d01ef6d714b8b61cd2d,0,67552602,808670,19988,0x0000000000000000000000000000000000000000,18,?,0,0.0,0.0,0,1.0,1.0,0.0,0,0,0.0,False
0xd3b8db2d66c4942491098056105fb94b3e0daeb220a953e68da920fcdc3471f7,0x601c5bf2d869c684f9f3c56646400dcf794d87ef,0,67552703,10000,200,0x0000000000000000000000000000000000000000,18,?,1,1.998408e-06,0.0,1,1.0,1.0,1.998408e-06,0,1,1.998408e-06,False
0x5197cf8649e2d03db2b65b826d6ab3c3f653b80f6f2252829fc794d3a7ab5d62,0x00f52c2781a61e1f6b85d4bb0cf0e376ea9344b5,0,67552712,810000,19988,0x0000000000000000000000000000000000000000,18,?,0,0.0,0.0,0,1.0,1.0,0.0,0,0,0.0,False
0x63b80f49831db7013f558fd145c9b99f82696fae08b028f83734ff3262989b58,0x00f52c2781a61e1f6b85d4bb0cf0e376ea9344b5,0,67552959,808670,19988,0x0000000000000000000000000000000000000000,18,?,1,0.000279984800838652,0.0,1,1.0,1.0,0.000279984800838652,0,1,0.000279984800838652,False
0x7ded549c628702ee958c720c47dc694949a3119e578e5b5b7ab334e13648a760,0x9e760ad7145f71778308106e2a264ef64748c4c4,0,67553015,810000,19988,0x0000000000000000000000000000000000000000,18,?,0,0.0,0.0,0,1.0,1.0,0.0,0,0,0.0,False
0xe7e15bad9675a9976ca0f230aecb7bec5df3497d9d2f43fb3a633e7219d546f9,0x9e760ad7145f71778308106e2a264ef64748c4c4,0,67553055,808670,19988,0x0000000000000000000000000000000000000000,18,?,0,0.0,0.0,0,1.0,1.0,0.0,0,0,0.0,False
0x869f2882025129f621941c9543b193ebd0b272960081caee12f732d6bdafeea2,0x461e56af50ddead4a461df3bbe965ad2de1a7f9c,0,67553121,100,1,0x0000000000000000000000000000000000000000,18,?,94,10.96808490511771,0.4461538461538462,1,0.34176166329031804,0.02127659574468085,0.10154817400477259,29,94,10.96808490511771,False
0x365025c32702a4eb87950a58fa7b56d2bbfb27dcfa750199f94251deb0092772,0x9bd4ad53258fb3dcce317ce088ddba89a7dfbcad,0,67553326,10000,200,0x0000000000000000000000000000000000000000,18,?,1,1.998216e-06,0.0,1,1.0,1.0,1.998216e-06,0,1,1.998216e-06,False
0x4d981db31ec52ad61aa83a7793506faf991bca60f4a09b7babd2a39aac34d5cf,0x2d418cf53d2e8a12558aa012ec75d1d87ac8b7fa,0,67553352,10000,200,0x0000000000000000000000000000000000000000,18,?,70,8.096141334407282,0.7073170731707317,1,0.257691416119347,0.1,0.12635848854954276,29,70,8.096141334407282,False
0x7f3bad3fcfd4419928fc83bebc0f76c82b938b8ca782e0f07110cbdf76c1e271,0x925ee0e0f494326e6e4ee816d505c0032932e932,0,67553648,10000,200,0x0000000000000000000000000000000000000000,18,?,71,12.58571709157008,0.7317073170731707,1,0.2820004993817641,0.08450704225352113,0.198,30,71,12.58571709157008,False
0x134f3baadd8a7ca80de6d68f4f4c80160b17671a64710671c495e4d31c9e13d2,0x1454a0afe8a2f2cbd41876e178378258bff03ed7,0,67553918,10000,200,0x0000000000000000000000000000000000000000,18,?,3,0.000101004701439755,0.5,1,1.0,0.3333333333333333,4.9005003439755e-05,1,3,0.000101004701439755,False
0x0f78ac13f2a0f818fe0fd22801081f696ca680f1394900f258b8016cd245cda0,0xee12b9e3b96072cbfc615ad0d3435eeccffe25ac,0,67554060,100,1,0x25b641f58680072e8d38c84b78170b907da36080,18,?,334,0.00016857,0.0,1,0.03025449368214985,0.5299401197604791,5e-07,0,334,0.00016857,False
0xdc6ec6db64f13dd66026fd0f993ed4aa86f9274d4fdf03cd66dec0cbbf4fedea,0x5f8f8efb04333ec277acac3860b5a3bdb14c8b69,0,67554526,10000,200,0x0000000000000000000000000000000000000000,18,?,1,1.999936e-06,0.0,1,1.0,1.0,1.999936e-06,0,1,1.999936e-06,False
0x0eb38ff1bbaff5e8738aa9836fe8429d3d342e0aa7253e2d177668991076d438,0xf7b67be309ae8461e5d3822602a4ecb27d9594fb,0,67554637,100,1,0x0000000000000000000000000000000000000000,18,?,354,54.3553854728901,0.6777251184834123,3,0.17314521792390652,0.01694915254237288,0.09905,143,354,54.3553854728901,False
0x19163f8655b38b7fb855a0cd79a090dd7218cf70cf729d7ff2d0334f95b227c8,0xf777078b766f585f3849d0f36c248c715ce04858,0,67555108,10000,200,0x0000000000000000000000000000000000000000,18,?,1,1.9993e-06,0.0,1,1.0,1.0,1.9993e-06,0,1,1.9993e-06,False
0xffc0e0d03eb8ab2d4ef7dff79a37fe4fc9f5bf9572a9b2d5a76afe5360209c5b,0x271c9888c44bfa05cfbbc34c67fd0bd91e420336,0,67555448,9000,90,0x0000000000000000000000000000000000000000,18,?,1,1.999134e-06,0.0,1,1.0,1.0,1.999134e-06,0,1,1.999134e-06,False
0x0bb1a61e961d26e7823ec4f29efc2027567be84f270a4dd314b6b5ab8d90d1f5,0x47b890193c0949367edb3846e575b1025a16241b,0,67555484,880279,200,0x0000000000000000000000000000000000000000,18,?,0,0.0,0.0,0,1.0,1.0,0.0,0,0,0.0,False
0x0c91eb17bdbacc2e229ba465a8daf42d0df2fb5eca97a41568cd8418de6235bc,0x6be2acafff733b6668b65fc08ca1773915e477d3,0,67555697,10000,200,0x0000000000000000000000000000000000000000,18,?,1,1.999728e-06,0.0,1,1.0,1.0,1.999728e-06,0,1,1.999728e-06,False
0x740aac8af0ce6f7340529fdfefc72a58f98819d98656f8fe516d69ee1ec3c264,0xb3a19343717be8b71af4bf98c3ace45441f38ec0,0,67555754,810000,19988,0x0000000000000000000000000000000000000000,18,?,0,0.0,0.0,0,1.0,1.0,0.0,0,0,0.0,False
0xdab0ca502cc2263f64f5d29a704c860539ed2eef694f8bb080d576fa30e03230,0xb3a19343717be8b71af4bf98c3ace45441f38ec0,0,67555796,808670,19988,0x0000000000000000000000000000000000000000,18,?,0,0.0,0.0,0,1.0,1.0,0.0,0,0,0.0,False
0xb3ac62762b3e6812b343f10ef3c97a558923fd4a9fef7e1769b87775939c8f5c,0x02f1ffe90ac332fcc432634c4fa69619e9c1d6a0,0,67555850,100,1,0x0000000000000000000000000000000000000000,18,?,217,13.52398558424682,0.954954954954955,8,0.07407671789836791,0.004608294930875576,0.06406296618489418,106,217,13.52398558424682,True
0xa8e149ec91e96147417899d32adcbab4de3aa86ee1d56667f76bf112d512c387,0x814880af298d52e657bf9072abcc039045f03596,0,67556280,10000,200,0x0000000000000000000000000000000000000000,18,?,1,1.998198e-06,0.0,1,1.0,1.0,1.998198e-06,0,1,1.998198e-06,False
0x2c27ad1dc8cb0cf8448bdfbe644fde98286faa9aec9231be00d337b058c1eb3b,0x13a83780fa9872e3934680c49d2e760b59bb1e18,0,67556748,8388608,8,0x4e3468951d49f2eea976ed0d6e75ffcb44a9a544,18,?,0,0.0,0.0,0,1.0,1.0,0.0,0,0,0.0,False
0x8fc5a8ddfe41d1c53a082a2d0d8e196972d7eaebefda9d26d07efef03f8e2f84,0x1b34994c0d2154d844fff9a6b302fd97f8693b07,0,67556749,810000,19988,0x0000000000000000000000000000000000000000,18,?,0,0.0,0.0,0,1.0,1.0,0.0,0,0,0.0,False
0x9b4fced743af9bd2c37d6d6b7fe5138e2e0b950a45333591957f5998520f2d55,0xbea61f6dd0d2d0b3571938a125becf41495df3f4,0,67556877,10000,200,0x0000000000000000000000000000000000000000,18,?,1,1.999352e-06,0.0,1,1.0,1.0,1.999352e-06,0,1,1.999352e-06,False
0x485664624e0cdfe08c12e8a681d3926d0d08da8fb884d1ffd86efbd407ce3cae,0x1b34994c0d2154d844fff9a6b302fd97f8693b07,0,67557286,808670,19988,0x0000000000000000000000000000000000000000,18,?,1,0.000188440518448147,0.0,1,1.0,1.0,0.000188440518448147,0,1,0.000188440518448147,False
0x94da86a3b74a2b1ddf456b4c3df8ba113e1093ce2dccfc95b4f26cee6a625562,0x10a2b3d6eb0e4dde82d1c0d1c481ad4e27e38251,0,67557469,10000,200,0x0000000000000000000000000000000000000000,18,?,1,1.998546e-06,0.0,1,1.0,1.0,1.998546e-06,0,1,1.998546e-06,False
0x0d9fbfdea82b91e4d22e5c03e03008bb6ec9e640c9e3a110e07b3035a2ec5e4e,0xb84c90a2fc8d7642e4dbcf10484217e84e36a9bf,0,67558078,10000,200,0x0000000000000000000000000000000000000000,18,?,1,1.999478e-06,0.0,1,1.0,1.0,1.999478e-06,0,1,1.999478e-06,False
0x83e9376095075a0e49a265f365bce64cc86d2f2d341e7f74627015787b317f30,0x9e66eba92634be9689e682979c65189a5939a20a,0,67558436,880279,200,0x0000000000000000000000000000000000000000,18,?,0,0.0,0.0,0,1.0,1.0,0.0,0,0,0.0,False
0x191cfa9c3fd5a683cb5f671bb914e6ec329534d2d361733601a779126392aaa3,0x6ccacc8a0742c916743ad653c3fbd141c3c2cb2a,0,67558680,10000,200,0x0000000000000000000000000000000000000000,18,?,1,1.999208e-06,0.0,1,1.0,1.0,1.999208e-06,0,1,1.999208e-06,False
0x3bf806372df1e26520fd599d00b862c70d67fc6031b6782879c0d4fb6d920846,0xe040de248d243d1302a7fe6a8affc7bae9f5cc75,0,67558839,840000,8400,0x0000000000000000000000000000000000000000,18,?,3,0.000555313424610943,0.0,3,1.0,0.3333333333333333,0.000190476870120063,0,3,0.000555313424610943,False
0xe82b35173b5a318a07c49166b484d1c375609736c379c9a1c85a01190cc48ebf,0x520bf7a05475859192478b96df98607680db5465,0,67559005,0,200,0x19dd869cab88b25e81de94ecbdf20adf1c1ee044,18,?,4,0.028404268595653002,0.3333333333333333,3,1.0,0.25,0.00578912591258402,1,4,0.028404268595653002,False
0x18fa27e7209c31197fb94cc16415473620ecbf05b698b0ea98b7f930e595da86,0x9e66eba92634be9689e682979c65189a5939a20a,0,67559203,810000,19988,0x0000000000000000000000000000000000000000,18,?,0,0.0,0.0,0,1.0,1.0,0.0,0,0,0.0,False
0xf16270dee007653ed1eace465f4648fb0eeb879ecffce5a4c88ba0b4a088bf96,0xed2e21f61206b927fbbd7570794e55a12e3c5966,0,67559232,0,200,0x18bd65fb1c44dd629cad7c7f5b96ad2bcaf76acc,18,?,46,0.7598651933427081,0.1794871794871795,8,0.5597324630113913,0.08695652173913043,0.011221658705795307,7,46,0.7598651933427081,False
0xd89360f234e2175761d2ead5a0dd494bc63106c41ab1ac1eb8da4e26b2908a5b,0x9e66eba92634be9689e682979c65189a5939a20a,0,67559245,808670,19988,0x0000000000000000000000000000000000000000,18,?,4,0.000376200413820121,0.0,1,1.0,0.25,8.739102332509051e-05,0,4,0.000376200413820121,False
0xae2e014aaabb15370b0bc31dcbf85dc97567756f41636f2b29512f1735813d99,0xd1159dbf3245fd0d7d51d3461fb6d5f48b66bab3,0,67559275,10000,200,0x0000000000000000000000000000000000000000,18,?,1,1.99914e-06,0.0,1,1.0,1.0,1.99914e-06,0,1,1.99914e-06,False
0xb6bffdab015ba1ef034fe0a9c4b425d7bfd225436ef61182b6c8ec70cb8f32a0,0x8db0d02dcf74811443bfa16a24a2bb6abf74b7fa,0,67559659,10000,200,0x0000000000000000000000000000000000000000,18,?,72,8.33523158497689,0.7142857142857143,1,0.22620249619867308,0.09722222222222222,0.12375,30,72,8.33523158497689,False
0x769b497515b5183cb5813acf898b14672af33604215f38bea04c595e371c8d41,0xd7cc803228ad118f0574bd9e9c8b96dc4c447aa6,0,67559873,10000,200,0x0000000000000000000000000000000000000000,18,?,1,1.998206e-06,0.0,1,1.0,1.0,1.998206e-06,0,1,1.998206e-06,False
0x62fdabba474c75b88376b6d784e9eca5c24fe661fd1cc168e0edca344aa62c9a,0xed783a4d8e809054cfabf1df1bb3c1044890146d,0,67559982,10000,200,0x0000000000000000000000000000000000000000,18,?,70,11.785271650327445,0.8421052631578947,1,0.25541811306154105,0.08571428571428572,0.17417813968564777,32,70,11.785271650327445,False
0x3278f1f3763d831e2e847856d37e4b57ea29dbd962be07d7c9ba1b9a5c170731,0xe0b38d5e42720d406065535aacd782fa4c9a8a95,0,67560152,100,1,0x0000000000000000000000000000000000000000,18,?,362,60.61630211971869,0.6017699115044248,2,0.21567433255059176,0.019337016574585635,0.099,136,362,60.61630211971869,False
0xd5db02f2275f95e098b5b9ce6f54aa843717a51c2f9c9c6c3386f3065a44b886,0x427c2bcef587263e4b0f2f93193d32e74323767c,0,67560465,10000,200,0x0000000000000000000000000000000000000000,18,?,1,1.998586e-06,0.0,1,1.0,1.0,1.998586e-06,0,1,1.998586e-06,False
0xc83eaa6069d067a44374bc4dd00f92a5648aea901d75432f62382dc3f6e06b65,0x01074bd47358e2bb8a48615ffbdaacee84c3f349,0,67561058,10000,200,0x0000000000000000000000000000000000000000,18,?,1,1.99919e-06,0.0,1,1.0,1.0,1.99919e-06,0,1,1.99919e-06,False
0xab67da190fa2fead8b6f048eb81856c500dc80cd224bb50113a9889fe0e971ca,0x90acd7a6212836a23efbcfafdade88544afc1ba3,0,67561207,8388608,200,0x4e3468951d49f2eea976ed0d6e75ffcb44a9a544,18,?,5,0.001975624638058765,0.6666666666666666,1,1.0,0.2,7.011066503623e-06,2,5,0.001975624638058765,False
0x271a1593f8a0d08343c341d132e3aa2360ae31d3d5ee392fa6c5eeffb230924b,0xc42e79413ebf45bae81f7a9ca290875063a16158,0,67561649,10000,200,0x0000000000000000000000000000000000000000,18,?,3,0.000101003595439755,0.5,1,1.0,0.3333333333333333,4.9005003439755e-05,1,3,0.000101003595439755,False
0x45e42e7d9704787707f6a000d8183b86804f7785339b8523fe57b329868cf05d,0xfa9ede532c5d5dc9ce250cc807d6566261988d63,0,67562072,10000,200,0x0000000000000000000000000000000000000000,18,?,1,1.998636e-06,0.0,1,1.0,1.0,1.998636e-06,0,1,1.998636e-06,False
0x1b77d83e960ef3563640cab4c6b49a14795fd9983cb3a999522cbce99a9bb1b4,0xddbb7c41df707f5ac036e20ef916ef354adade38,0,67562192,810000,19988,0x0000000000000000000000000000000000000000,18,?,0,0.0,0.0,0,1.0,1.0,0.0,0,0,0.0,False
0xb54ce077befedd8aa7f1ee59a91aa5a4a4184b1c477844731c3ccbb4d9029ecb,0x27ad84f55726dbcc69eb24972a1546deca45bb4d,0,67562247,10000,200,0x0000000000000000000000000000000000000000,18,?,1,1.99972e-06,0.0,1,1.0,1.0,1.99972e-06,0,1,1.99972e-06,False
0xb9534626ba2b363cd50c7d230e9e2eaf379946b1fb99a5315317a1e789de0afd,0x6e2b582fbeb61ae3eada57f6f09453a5968a4a31,0,67562298,200000,60,0x0000000000000000000000000000000000000000,18,?,6,0.001816831666555642,0.2,2,1.0,0.16666666666666666,0.0002859408947382755,1,6,0.001816831666555642,False
0x5394cd06abb77ee26a6cf62420752f8af9a8382ff8dacb898bbf608a942d725e,0x603cc96b0929fc139dbe72310110b7daaf5819e8,0,67562325,100,1,0x0000000000000000000000000000000000000000,18,?,60,4.947584929818369,0.22448979591836735,1,0.44635448957914486,0.03333333333333333,0.051000000000000004,11,60,4.947584929818369,False
0x8e579d755afb2098464f1ce504f44f67aba428fa0334360665d9a2f6ebb75ec9,0xa8d8feac96813f241122571da040b5aeb67c2322,0,67562643,2500,25,0x0000000000000000000000000000000000000000,18,?,810,12.197601765785143,0.683991683991684,2,0.5017412382880149,0.254320987654321,0.003,329,810,12.197601765785143,False
0xfbe6b122f073f16b472ce699d644fa4d1c48c1fe33edc7c367db34e7c02d76d3,0xddbb7c41df707f5ac036e20ef916ef354adade38,0,67562763,808670,19988,0x0000000000000000000000000000000000000000,18,?,2,0.000216218782922575,0.0,1,1.0,0.5,0.0001081093914612875,0,2,0.000216218782922575,False
0x47e005162740cb6bad56ecfff13df425d92ab6c2b0b86cd29a0dabb2c2948bdf,0x9e66eba92634be9689e682979c65189a5939a20a,0,67562863,790000,60,0x0000000000000000000000000000000000000000,18,?,0,0.0,0.0,0,1.0,1.0,0.0,0,0,0.0,False
0x1b265ea9fa5bb3c1a5ae8d32c4c36b48a5138e8594eaffbddbac062db8cb73d2,0xdbd28e2fb63939fab392a1a3a48c02574982c8e7,0,67563060,10000,200,0x0000000000000000000000000000000000000000,18,?,1,1.999752e-06,0.0,1,1.0,1.0,1.999752e-06,0,1,1.999752e-06,False
0x9a5c801ce3d8304a30e06fb38abd798c98dbfb2fefd878982592b3096b343baf,0x6e2b582fbeb61ae3eada57f6f09453a5968a4a31,0,67563419,810000,19988,0x0000000000000000000000000000000000000000,18,?,0,0.0,0.0,0,1.0,1.0,0.0,0,0,0.0,False
0x03596e17b021dce5963696811392e46e24dbc9036ee15739b75e255bc95a9b97,0xd2d84df43215a5368a9902e29427521a54601af2,0,67563422,10000,200,0x0000000000000000000000000000000000000000,18,?,1,1.998374e-06,0.0,1,1.0,1.0,1.998374e-06,0,1,1.998374e-06,False
0x92a5d1f6338acb74971c33bd500f189ff2039f59aa7f0b50812aef0a63573262,0x64b8ae45fdad048a2702b49bfc2f30eb5b157ba3,0,67563554,8388608,200,0x4e3468951d49f2eea976ed0d6e75ffcb44a9a544,18,?,278,1.5709766062342925,0.5617977528089888,2,0.35823572532561987,0.05755395683453238,3.03748896519075e-05,100,278,1.5709766062342925,False
0x0b6b2ddce8fd427522fb8d40632c8b9ff5f187dcd1a3637c808a0f570047f5f9,0x5ec8990b81567230e097b9bce0efa2d903e5dd2c,0,67563580,990000,9900,0x0000000000000000000000000000000000000000,18,?,5,0.005909844556969696,0.0,4,1.0,0.2,0.000821052904260475,0,5,0.005909844556969696,False
0x3e79738c1248b840dcc9f0465d824e5097a2b76a29947c1a441c11bbeb2c67f5,0x6e2b582fbeb61ae3eada57f6f09453a5968a4a31,0,67564022,808670,19988,0x0000000000000000000000000000000000000000,18,?,2,0.0004159486969274,0.0,1,1.0,0.5,0.0002079743484637,0,2,0.0004159486969274,False
0x4df4d06d4a982b258486b088fabee220e2fa00d1008dcb71cca82b4c190ca033,0xcf8b4b6e04a0deae4ad9dc40671a9bd022038caf,0,67564022,10000,200,0x0000000000000000000000000000000000000000,18,?,1,1.998408e-06,0.0,1,1.0,1.0,1.998408e-06,0,1,1.998408e-06,False
0xca8150b608c4cf76c4ef79d574a8984006acbbf16ddb8515c29746d8950ecbf4,0xcf066f24e3e88b21555b32893f73a79462485484,0,67564097,0,60,0x399ef7053c94714f3c04e85ad30b5513f95520cc,18,?,0,0.0,0.0,0,1.0,1.0,0.0,0,0,0.0,False
0xfa11e133c99904190726fdec239cb242f9f7ae435629b5a2a8b389a7e5e9ad09,0xcfb22c198a6a7fe845b8595f702147cf2a611b4d,0,67564486,810000,19988,0x0000000000000000000000000000000000000000,18,?,0,0.0,0.0,0,1.0,1.0,0.0,0,0,0.0,False
0x490fbecf4cecf9b68e8269f14ac9b66dc8a31d662e48d36ed08e93f112447083,0x840beeaf2960d0d213528d65267f33160a0ddda4,0,67564616,10000,200,0x0000000000000000000000000000000000000000,18,?,1,1.999422e-06,0.0,1,1.0,1.0,1.999422e-06,0,1,1.999422e-06,False
0xa0f69963fb3444df1c313d3d0c0571de08e094ffaa10ae54b363cadccffe3126,0xa8d8feac96813f241122571da040b5aeb67c2322,0,67564716,100,1,0x7b65b14061210799c842375e6e373bcfed642080,18,?,488,0.00024634,0.0,1,0.02070309328570269,0.5204918032786885,5e-07,0,488,0.00024634,False
0x3f59feac13803ecc05f272fa5e912960eb6ce6799a4d2a3220c5f79ae0b1c025,0xcfb22c198a6a7fe845b8595f702147cf2a611b4d,0,67564887,808670,19988,0x0000000000000000000000000000000000000000,18,?,0,0.0,0.0,0,1.0,1.0,0.0,0,0,0.0,False
0x3126e3322fde3f684c3fb4476dffcc742645b74e81dec1f993ad353d7624f0de,0x06c864dd4f6e85aa25f813dc8fe52615b891e5e6,0,67565218,10000,200,0x0000000000000000000000000000000000000000,18,?,1,1.998846e-06,0.0,1,1.0,1.0,1.998846e-06,0,1,1.998846e-06,False
0x101fa57484e9076aacc3c5cb72aeadba762012b1d2f712d9d818eccd04fbf468,0x30aa766293c5908453d9672ce3020777d93d4fdf,0,67565739,810000,19988,0x0000000000000000000000000000000000000000,18,?,0,0.0,0.0,0,1.0,1.0,0.0,0,0,0.0,False
0x56629030581741ea8feb4e590291b6f2c294ccdda813073f566b791a0c7d0b40,0x30aa766293c5908453d9672ce3020777d93d4fdf,0,67565779,808670,19988,0x0000000000000000000000000000000000000000,18,?,0,0.0,0.0,0,1.0,1.0,0.0,0,0,0.0,False
0xa751ffbe248f0347420352427b37d2603ccd1a31f62e8ab703d88fcead3665e9,0x7edba81265205e1cadaf798bd60eee1432cac532,0,67565820,10000,200,0x0000000000000000000000000000000000000000,18,?,1,1.999734e-06,0.0,1,1.0,1.0,1.999734e-06,0,1,1.999734e-06,False
0x76f2f7a0587e5396351d5a05c05ab30948792e0c1728af42f87d2994af6548b9,0xd85c9081f545c85f0619f2b845eb704b86a8590c,0,67565968,10000,200,0x0000000000000000000000000000000000000000,18,?,0,0.0,0.0,0,1.0,1.0,0.0,0,0,0.0,False
0x1ab07cd681eed15a563759e176157f0fa30c495e49ec779241bec245d48b2e77,0x7334480eee9f96da2df58d23ed27370003da7d64,0,67566071,2500,25,0x0000000000000000000000000000000000000000,18,?,8,0.20745187654943484,0.6,2,1.0,0.125,0.001345030143657199,3,8,0.20745187654943484,False
0xa8f35a5b743c6b35a1deea1b5b4334eec4d68bc8c4229e311c34613019b462e8,0x958ac288c8bbfbadf68211598c2259449f630000,0,67566107,10000,200,0x0000000000000000000000000000000000000000,18,?,72,8.773194459618475,0.6744186046511628,1,0.22260569883952655,0.06944444444444445,0.14673254942716646,29,72,8.773194459618475,False
0xb50262dd1cb7778ba14576c05c7de421340bbd70482d926281d644eee2d686a0,0xdd5c74353275d1e6dca6a9a43148251af60659b2,0,67566413,10000,200,0x0000000000000000000000000000000000000000,18,?,1,1.99971e-06,0.0,1,1.0,1.0,1.99971e-06,0,1,1.99971e-06,False
0x71fff065085c51e5d5888952fc7104d8634ad2e344a4c7ec42439ea7b8e9aaab,0xf99fa7c1f548018728e46ae4d94623db27003089,0,67566638,10000,200,0x0000000000000000000000000000000000000000,18,?,68,9.760173966448242,0.9428571428571428,1,0.28453029423942555,0.07352941176470588,0.1539835129184687,33,68,9.760173966448242,False
0x7a196d0896397d34496fd37ccaf362d953b4398b8b415508235e0ca3e42cde51,0x9fa1c5e90a11294f83a9f135b81ad1b537a5ffdc,0,67566701,880279,200,0x0000000000000000000000000000000000000000,18,?,0,0.0,0.0,0,1.0,1.0,0.0,0,0,0.0,False
0xe1da7f86586f31742be4ac947249c40d63803c15d0cfab388d8bb8d30bccea59,0xfe2b8b6a4a4e4069d37b87c3be7566a51dc80000,0,67566918,810000,19988,0x0000000000000000000000000000000000000000,18,?,0,0.0,0.0,0,1.0,1.0,0.0,0,0,0.0,False
0x6d2c7302e51d383c418642dfa8ab2151ecb38ae87491d1c8f925910f5f2b655c,0xfe2b8b6a4a4e4069d37b87c3be7566a51dc80000,0,67566960,808670,19988,0x0000000000000000000000000000000000000000,18,?,0,0.0,0.0,0,1.0,1.0,0.0,0,0,0.0,False
0x3dabd3cd30fcea68bb7e2512647ba2b5631cabf45f5882e2561c7f37896b80be,0x36fde657b9e13085806b95dafeb084966391ce22,0,67568083,0,200,0x745d717620052a97a22deee2e5eba59583f3e0cc,18,?,0,0.0,0.0,0,1.0,1.0,0.0,0,0,0.0,False
0xf9c041e7c7d1dcb4ec6050ee9568b6f2068840bf9a0779a494e847910ba3333c,0x1550785d2e35c89232c8112f25f262a6e838c663,0,67568096,810000,19988,0x0000000000000000000000000000000000000000,18,?,1,0.000300236581995378,0.0,1,1.0,1.0,0.000300236581995378,0,1,0.000300236581995378,False
0xe3da621a4e03264b81f74333a5607a72f7792814d369cb59bccb1215a71d5e51,0x1550785d2e35c89232c8112f25f262a6e838c663,0,67568626,808670,19988,0x0000000000000000000000000000000000000000,18,?,3,0.000553176881619788,0.0,2,1.0,0.3333333333333333,0.000185486050359326,0,3,0.000553176881619788,False
0x0cbf0294a89b8737f1d97acd081855f837408ea831fe086c2668cd2afcad5c41,0x5ec8990b81567230e097b9bce0efa2d903e5dd2c,0,67568763,991100,9911,0x0000000000000000000000000000000000000000,18,?,3,0.007240167503106481,0.0,3,1.0,0.3333333333333333,0.002718017517663721,0,3,0.007240167503106481,False
0x56ea7383738f27555813e3039aa36413c7b837acdf27c711266bb7bf2a27d397,0x3356f7793c5ebab5bb1e78abcf5e0cb5ad5e5887,0,67568785,2500,25,0x0000000000000000000000000000000000000000,18,?,8,0.2374009568010427,0.6,2,1.0,0.125,0.0013376949464661407,3,8,0.2374009568010427,False
0xb2a49233b349230a3338534249fba161ec89c8e7af7cfcb3de17351e9982261e,0xb854b17e31859544322720565945ca1c233a1e18,0,67568822,8388608,8,0x4e3468951d49f2eea976ed0d6e75ffcb44a9a544,18,?,0,0.0,0.0,0,1.0,1.0,0.0,0,0,0.0,False
0x89f24b3fd04dd69a48fa008ff82427e4da1a513705550399a8efef87992cbdf0,0xf7f3a1847237addc3223bfc82350a9bbdbb9cef1,0,67569861,810000,19988,0x0000000000000000000000000000000000000000,18,?,0,0.0,0.0,0,1.0,1.0,0.0,0,0,0.0,False
0xe14cea044fd48c16950bdf04418c1977436bad083f278e637edd4be6236d675e,0xf61597589eca6c666929b73764b6465aec151caa,0,67569916,810000,19988,0x0000000000000000000000000000000000000000,18,?,0,0.0,0.0,0,1.0,1.0,0.0,0,0,0.0,False
0xc7280d5904fe7c386365be2d576c7234c4da30cc15dd0537b198f2506ead8540,0xf7f3a1847237addc3223bfc82350a9bbdbb9cef1,0,67570398,808670,19988,0x0000000000000000000000000000000000000000,18,?,0,0.0,0.0,0,1.0,1.0,0.0,0,0,0.0,False
0x5b87b7ead7fa833576b81a5b20fa28162cf186e734d8c50a0314554a699076ce,0xf61597589eca6c666929b73764b6465aec151caa,0,67570893,808670,19988,0x0000000000000000000000000000000000000000,18,?,0,0.0,0.0,0,1.0,1.0,0.0,0,0,0.0,False
0x9b79e7b401a6c5af0824d92245a63e65abc3c5af9ba4e5276b513e2f5d796213,0x8efb3febd4c7c524c4ce564a9983953761a9c0cb,0,67570934,30000,200,0x0000000000000000000000000000000000000000,18,?,14,0.40865979432764643,0.4,1,0.997950730133672,0.07142857142857142,0.0109,4,14,0.40865979432764643,False
0xc12280ced198afda6256f255125ba4dc5360d27f6823a03e50051622e2e73307,0x9f6f5d2f20b743caffeffdc8e65fce0cf77a0000,0,67571014,810000,19988,0x0000000000000000000000000000000000000000,18,?,0,0.0,0.0,0,1.0,1.0,0.0,0,0,0.0,False
0x2b46fb64b252d58f485f3aa663b35e9e1388bede2f3d43d18e130585ebbf4d9a,0x9f6f5d2f20b743caffeffdc8e65fce0cf77a0000,0,67571055,808670,19988,0x0000000000000000000000000000000000000000,18,?,1,0.000156811121684205,0.0,1,1.0,1.0,0.000156811121684205,0,1,0.000156811121684205,False
0x4dc3d473217d2413116ea25602c57988d032f35420f1ea81bbf1d15ead7b68ed,0x5e4a5b4fcf19ba5e43789b2368e542ea5dc38ecc,0,67571134,50000,500,0x0000000000000000000000000000000000000000,18,?,4,0.000217668081835846,0.0,1,1.0,0.25,5.6338276201913e-05,0,4,0.000217668081835846,False
0x3edadaeb381d80f062c4b322bde34a8301fee1e4188d8a6c5174307561cf10ab,0xe49520e1caebb52d7247a05de1859d71403ce7f9,0,67571514,2500,25,0x0000000000000000000000000000000000000000,18,?,10,0.23538438025447947,0.6666666666666666,2,1.0,0.1,0.0016081123188777355,4,10,0.23538438025447947,False
0x60843b4639313a665ec71f13f017ce4e173df5d5de37d62dd12e1f50726314fe,0x2549e29e40f0b62ff28a4ad325e20af6e0dbb3a3,0,67572274,810000,19988,0x0000000000000000000000000000000000000000,18,?,0,0.0,0.0,0,1.0,1.0,0.0,0,0,0.0,False
0xdda388f352ab222324df86f41a5034bbbff217113b35d483eadb1c876f672235,0x2549e29e40f0b62ff28a4ad325e20af6e0dbb3a3,0,67572313,808670,19988,0x0000000000000000000000000000000000000000,18,?,0,0.0,0.0,0,1.0,1.0,0.0,0,0,0.0,False
0xed01ecc402b42381318b072b701c0b01234cb32432c4ca5e9a4c094cc51ab771,0x4c097db4ebab9d4f83647bdc30acf0b27265f021,0,67572410,10000,200,0x0000000000000000000000000000000000000000,18,?,72,8.787686988577697,0.6744186046511628,1,0.23269521007669716,0.08333333333333333,0.13669436548965047,29,72,8.787686988577697,False
0xe7946e1bf9111a91a219144798681f02968fb01c909ecc20845021f659e96156,0x357c186b84294b7f268b864b4bbf40403e0e7ba3,0,67572543,8388608,200,0x4e3468951d49f2eea976ed0d6e75ffcb44a9a544,18,?,6302,88.22117150179834,0.6330655610261726,8,0.06393613166160919,0.015709298635353856,0.0001405537049537305,2443,6302,88.22117150179834,True
0x616c451f4cd002bca536c639bf844bbbec94c18473c879542106ab316b612007,0x357c186b84294b7f268b864b4bbf40403e0e7ba3,0,67572839,880279,200,0x0000000000000000000000000000000000000000,18,?,0,0.0,0.0,0,1.0,1.0,0.0,0,0,0.0,False
0xae0d87e35b6de92260f684762afbf40ad7afd6b226e66114510b3979fdd7e06f,0x357c186b84294b7f268b864b4bbf40403e0e7ba3,0,67573015,808670,19824,0x0000000000000000000000000000000000000000,18,?,4,0.000646421012871472,0.0,1,1.0,0.25,0.0001418608613886685,0,4,0.000646421012871472,False
0xc398fd177c641b584f526e0a7c0b6595f5d1f27a77f29d1602a9de4ca347c027,0xa3c3b8d08510846022e0bd73c4f9561cf72b01dc,0,67573026,10000,200,0x0000000000000000000000000000000000000000,18,?,8,1.1640178732860753,0.14285714285714285,1,1.0,0.25,0.17325,1,8,1.1640178732860753,False
0x728c24fdd7e7ceaac3b45c600265b6d902bfccd3b73f1efab21f5fba0769de24,0x6304543dd9de41ba048c7cc3f69e0a1be6abf021,0,67573460,810000,19988,0x0000000000000000000000000000000000000000,18,?,0,0.0,0.0,0,1.0,1.0,0.0,0,0,0.0,False
0xd65afff0938556d101235d3c54c99bf0ee09390b44c6594d1b24e04ef4fc3c41,0x6304543dd9de41ba048c7cc3f69e0a1be6abf021,0,67573500,808670,19988,0x0000000000000000000000000000000000000000,18,?,0,0.0,0.0,0,1.0,1.0,0.0,0,0,0.0,False
0x724d4ac2591cd66f9e7cc7e4bfaa8a566286eac01615ba8a6e7d0852b85e3efc,0x8361360c4eb6446d99d6028451df5c476d7ba29e,0,67573793,0,60,0x4bf57222587596cee02dfb421f241d80aca220cc,18,?,0,0.0,0.0,0,1.0,1.0,0.0,0,0,0.0,False
0x81385a69b8cd024839e5a39738670a362edf23b44158acef221b788cb45c1928,0x7b274e48d2a406c24dce1844968aa887ffc7ff19,0,67573936,10000,200,0x0000000000000000000000000000000000000000,18,?,65,12.141626143909654,0.6666666666666666,1,0.28169145930492506,0.12307692307692308,0.2,26,65,12.141626143909654,False
0x7316c916d22ef49a578b2f89504488104dcbf8e18a3fe20c93b2e58b5c3f07bf,0x954f81c9bdce955619e8533bc5fdd9d0503cf8b4,0,67573943,9000,90,0x0000000000000000000000000000000000000000,18,?,1,1.99842e-06,0.0,1,1.0,1.0,1.99842e-06,0,1,1.99842e-06,False
0xccf8f62566dc5d00dab13ed705756f42e364e9f921750b13cdc7061fbb91d308,0x145b6eef84109d330d28851eab13833f19021c60,0,67574237,2500,25,0x0000000000000000000000000000000000000000,18,?,8,0.2314111379673091,0.6,2,1.0,0.125,0.001339151934019049,3,8,0.2314111379673091,False
0x0c5f8d232e9057b3857b719542d63359b861c7b3f3b10722d14cc45efa24f1ab,0x09618c1f37863e4f84d97383e72996c391edbe7c,1,67574297,100,1,0x0000000000000000000000000000000000000000,18,?,635,160.59902121863257,0.6798941798941799,3,0.15914487904919322,0.009448818897637795,0.125,257,635,160.59902121863257,False
0xbcb9de03d8df23612a4d138c652f4a8d3556dd691f90dc287cb2ad4407dcdacd,0xae2b798b0b1c58eb9683329bbc82ed1bca9b128f,0,67574348,2500,25,0x0000000000000000000000000000000000000000,18,?,2068,23.62028179561863,0.4824372759856631,2,0.27984770653672375,0.25822050290135395,0.003,673,2068,23.62028179561863,False
0x009617d91e4a9e332963e6a806bf4bcc262c23a698b6f9027dcc14f14ae01ef5,0xf4999ecc3c469fe0b61e5ab9feb40c96c6c3034c,0,67574417,100,1,0x0000000000000000000000000000000000000000,18,?,253,47.21909865902703,0.5059523809523809,1,0.24146767282659395,0.03557312252964427,0.11,85,253,47.21909865902703,False
0x770af6da95306ae228ee39bb8f9dbf69c10bc84315f5d46457f404217eb59f7c,0x357c186b84294b7f268b864b4bbf40403e0e7ba3,0,67574477,200000,2000,0x0000000000000000000000000000000000000000,18,?,6,0.001909647038146892,1.0,2,1.0,0.16666666666666666,0.000215854742110604,3,6,0.001909647038146892,False
0xa4429403976c356af61fa31333c40544ea2c0853c382849d5228241dc5568772,0x1df144495aa0cc2a8696a2f2996e38f4dcf55120,0,67574484,2500,25,0x0000000000000000000000000000000000000000,18,?,1336,30.387399656563794,0.2580037664783427,2,0.5225050525451634,0.0014970059880239522,0.00332840417748821,274,1336,30.387399656563794,False
0x1b57d2191dafcf6de8f6bb22c240b92cfb84fad0b5ae547c41fa6b2751faf679,0xc3e98e2765f83e420e66eb0305c1f04255bb132e,0,67574610,810000,19988,0x0000000000000000000000000000000000000000,18,?,0,0.0,0.0,0,1.0,1.0,0.0,0,0,0.0,False
0xcd7b3b67d684990998dcee92168244dc939eed2925189eb7c73054e4c903ff0e,0x357c186b84294b7f268b864b4bbf40403e0e7ba3,0,67575076,200000,4000,0x0000000000000000000000000000000000000000,18,?,13,0.048137172604053854,0.08333333333333333,2,0.9611205440557377,0.07692307692307693,0.002807181981095913,1,13,0.048137172604053854,False
0xfbc1d6ae329b459a93c9fde4f543ed93a52a80623ccac423cfee37e4bab11367,0xc3e98e2765f83e420e66eb0305c1f04255bb132e,0,67575146,808670,19988,0x0000000000000000000000000000000000000000,18,?,1,8.4158172518844e-05,0.0,1,1.0,1.0,8.4158172518844e-05,0,1,8.4158172518844e-05,False
0xe52e638ff458ef4a6b64e88780181de17cf7b66f6cfe981280ddf63ee2dd27ba,0x635d6f68745a4267580c1cf9bb44a60e6c88eba3,0,67575175,8388608,200,0x4e3468951d49f2eea976ed0d6e75ffcb44a9a544,18,?,0,0.0,0.0,0,1.0,1.0,0.0,0,0,0.0,False
0xb140239246a0d934e74253a24783ed156b390cfbdd29c15f72d32cd314870d4b,0xcdb25e9980b54259a496006d6a27cdf826d55ac7,0,67576455,810000,19988,0x0000000000000000000000000000000000000000,18,?,0,0.0,0.0,0,1.0,1.0,0.0,0,0,0.0,False
0x66cbb49199f79793172e344555e2878f093494c51cab9e6e3d8de880ead5c6b1,0x357c186b84294b7f268b864b4bbf40403e0e7ba3,0,67576512,75,1,0x0000000000000000000000000000000000000000,18,?,2,0.00011268843521383799,1.0,1,1.0,0.5,5.6344217606918997e-05,1,2,0.00011268843521383799,False
0x64336d7a4289363f72a5af5be79aeecd462c63118fed3dec13a540ae1f4119b2,0x84ff1c9716933edbb51b47ef9bd25f9b402cb02d,0,67576588,10000,200,0x0000000000000000000000000000000000000000,18,?,1,1.998426e-06,0.0,1,1.0,1.0,1.998426e-06,0,1,1.998426e-06,False
0x79cd6d90d10c987071cdfba7438605a3022b576bcb7ad056507b4d7e7986f7af,0x174bc16927400e0bf85963f8e04b044759e31e18,0,67576633,8388608,8,0x4e3468951d49f2eea976ed0d6e75ffcb44a9a544,18,?,0,0.0,0.0,0,1.0,1.0,0.0,0,0,0.0,False
0x961ddb603e6efe782c7eea27b388c35a54eb2c188e8459c95963d0a0706a5228,0xfaf5dbbf5cbcb53371be3de279888ec6ab277f15,0,67576914,2500,25,0x0000000000000000000000000000000000000000,18,?,8,0.22542132024190836,0.6,2,1.0,0.125,0.0013406139245051066,3,8,0.22542132024190836,False
0xbcf888062e2e16a16f0fdee30664e8088d26638c101afad90892d398c4b6b43f,0xcdb25e9980b54259a496006d6a27cdf826d55ac7,0,67576925,808670,19988,0x0000000000000000000000000000000000000000,18,?,0,0.0,0.0,0,1.0,1.0,0.0,0,0,0.0,False
0x69de5466c39bb7d04a6d225d076a00c9d7eb9fa77d0c8c80ee6eab60a4a8314e,0xae2b798b0b1c58eb9683329bbc82ed1bca9b128f,0,67576984,100,1,0xefabe439f4e4ffe4fd5d228cd4b610f2ecca2080,18,?,600,0.00030306,0.0,1,0.016828350821619483,0.51,5.1e-07,0,600,0.00030306,False
0x8d6a49761d6d3f1e2d35860478dbe0f9f45e5f4d76ff397a0a226821606bc310,0x043e5ef0b103b0e73c312326e5f512981acf8094,0,67577158,790000,60,0x0000000000000000000000000000000000000000,18,?,0,0.0,0.0,0,1.0,1.0,0.0,0,0,0.0,False
0x64eb0962e14cc35dd592ea5bf59b11f638f8379319c284551aa1e2f499fab3e9,0xd4c3d10ecc5f515554ffb04036435e8e32af7a8d,0,67577447,30000,200,0x0000000000000000000000000000000000000000,18,?,3,0.3741372441970223,0.5,1,1.0,0.3333333333333333,0.1788718382177804,1,3,0.3741372441970223,False
0xbe2f322c088b610003abc764d77e22530cb2a60b7d6a9445949d2a3e816213ee,0x043e5ef0b103b0e73c312326e5f512981acf8094,0,67577649,810000,19988,0x0000000000000000000000000000000000000000,18,?,0,0.0,0.0,0,1.0,1.0,0.0,0,0,0.0,False
0xb36755408e95d0310fd81677433da1dd87ae44f8fcb4f017dff3d6adda7f2205,0x043e5ef0b103b0e73c312326e5f512981acf8094,0,67577693,808670,19988,0x0000000000000000000000000000000000000000,18,?,2,0.000629923868114635,0.0,2,1.0,0.5,0.0003149619340573175,0,2,0.000629923868114635,False
0x2805a3ac5c7e30d6b999d220253c33bb3e07edb5ec59bbd5d33d4bb30138ae25,0x8fc6bd1e3bd81557b2d36f225a8cf4ad46b2c137,0,67577979,10000,200,0x0000000000000000000000000000000000000000,18,?,1,1.998368e-06,0.0,1,1.0,1.0,1.998368e-06,0,1,1.998368e-06,False
0xc5a9597619c7d75aad222faea9dde0cdb15414e29ba7bee3243afe50b6f3228a,0x442516be279a697d077bf0deb5bf0c7ec13d82d4,0,67578770,810000,19988,0x0000000000000000000000000000000000000000,18,?,0,0.0,0.0,0,1.0,1.0,0.0,0,0,0.0,False
0x1c86c8a501a980a6452a910190bea5bf981b5c10491435021e110e429ae14871,0x442516be279a697d077bf0deb5bf0c7ec13d82d4,0,67578810,808670,19988,0x0000000000000000000000000000000000000000,18,?,0,0.0,0.0,0,1.0,1.0,0.0,0,0,0.0,False
0xd8ac4c727f80ed816ca6fa464d99c80ce01c800190f8e411e4e1ed137d1671dd,0x1df144495aa0cc2a8696a2f2996e38f4dcf55120,0,67578898,808670,19824,0x0000000000000000000000000000000000000000,18,?,2,0.00024092040898786302,0.0,1,1.0,0.5,0.00012046020449393151,0,2,0.00024092040898786302,False
0x988cf43ca1b7211a9952872eb1fbf9b962ad6636fbdc646bcb0b1df059970ee0,0xd6a24757df7838a4bc74c20578e64fcff105a967,0,67578943,10000,200,0x0000000000000000000000000000000000000000,18,?,1,1.998268e-06,0.0,1,1.0,1.0,1.998268e-06,0,1,1.998268e-06,False
0xfe8f70b4318666b608432f1eb039e5046b5cc60291c3c89b3de5de7a09c55669,0x9c64a377e8cd55fe121fa3023ce37e89b0057ba3,0,67579507,10000,200,0x0000000000000000000000000000000000000000,18,?,70,8.103652078511997,0.7073170731707317,1,0.23648221919775464,0.07142857142857142,0.125,29,70,8.103652078511997,False
0xa64b38925e77be0b8e8c1b0ee179ae6ef6ad3424693d73fbcec326a7cf1ea74f,0x020bfc650a365f8bb26819deaabf3e21291018b4,0,67579549,880279,200,0x0000000000000000000000000000000000000000,18,?,0,0.0,0.0,0,1.0,1.0,0.0,0,0,0.0,False
0x92bc9fa571b110b78ff6dd0b574e3cb65a94f27f5dd27df20a1cf3d5a6028342,0x6eef1d865e262917e28c5fc881284f148f7ead69,0,67579639,2500,25,0x0000000000000000000000000000000000000000,18,?,8,0.22142810923712664,0.6,2,1.0,0.125,0.0013415913755599445,3,8,0.22142810923712664,False
0xa1deb46c320f85a8bc3a90c8b991a8e3aeeeb5e8d62a164571f7d3d0b0395cac,0xa21743e0c97710bbe7488114418b3f70366c14cc,0,67579675,10000,200,0x0000000000000000000000000000000000000000,18,?,79,14.95938924821828,0.7555555555555555,1,0.22366433028223484,0.08860759493670886,0.198,34,79,14.95938924821828,False
0xa7405103225f17c9f70164501e2e08cdb827703eef218a6c9843f16e1a957556,0xc7b46bb4170fb37187e731d441926b3919abf6e1,0,67580018,810000,19988,0x0000000000000000000000000000000000000000,18,?,0,0.0,0.0,0,1.0,1.0,0.0,0,0,0.0,False
0xcb20a279da455d743860e5bd48902945d200b21c6530fd3fecb57aed3b161d07,0xc7b46bb4170fb37187e731d441926b3919abf6e1,0,67580560,808670,19988,0x0000000000000000000000000000000000000000,18,?,0,0.0,0.0,0,1.0,1.0,0.0,0,0,0.0,False
0xc88b974cc6b8deee36c237e41470e709d0a23633cad779a97f0aef1005b7b619,0xb9f1b5fc186cc9a7a7027d9e23e5d1ac2f8c7ba3,0,67580645,8388608,200,0x4e3468951d49f2eea976ed0d6e75ffcb44a9a544,18,?,15,0.11804346944879086,0.6666666666666666,2,0.9989222064443984,0.06666666666666667,0.000149005232010255,6,15,0.11804346944879086,False
0xcd272a2a29d06f47664f2ca303cdb73c8bf3c742a5cef8f4c2187f903c6ca3c3,0xd9561422811e438e93f715b7c57375288497880c,0,67580959,500,200,0x0000000000000000000000000000000000000000,18,?,1,1.998522e-06,0.0,1,1.0,1.0,1.998522e-06,0,1,1.998522e-06,False
0x5f023c5091ba44ac2cfed33eb565eee32d5f84cb222564fd4d60ec23a5ddd5e8,0xa9f94977e168fdb1f3d929beea2a91962c2c1e18,0,67581322,8388608,8,0x4e3468951d49f2eea976ed0d6e75ffcb44a9a544,18,?,6,0.003976444089537645,1.0,1,1.0,0.16666666666666666,1.1324294671963e-05,3,6,0.003976444089537645,False
0xa64a1794e4a3de0dad2a230f2408e830f3bf48b04d010406d08f2e795fcf5ad8,0x70fc3e9fbb2e3dff15747ca4f5a683d64abddaac,0,67581415,8388608,200,0x4e3468951d49f2eea976ed0d6e75ffcb44a9a544,18,?,3,0.000173499004944224,0.5,1,1.0,0.3333333333333333,2.271823873592e-06,1,3,0.000173499004944224,False
0x688d6229e4c0809da3f19d8af97752fa20a6f4f6a5b5f5a90a6a52ab73030542,0x8cc7cb47d4b29e4f1bd99c186cfb4805c2070e53,0,67581828,810000,19988,0x0000000000000000000000000000000000000000,18,?,0,0.0,0.0,0,1.0,1.0,0.0,0,0,0.0,False
0x93c1fd1e718378a7da23a13f5d5c55af0cb72d789abe5e7d74d85f37b8fc326a,0x43cb0bebf4b35966b776904765912f610f6ff9f1,0,67581972,880279,200,0x0000000000000000000000000000000000000000,18,?,0,0.0,0.0,0,1.0,1.0,0.0,0,0,0.0,False
0x2f593a7bf184f3c28f6934abb7b1c0e2cca08a7512919b998465b63ce440d9dc,0x5ec8990b81567230e097b9bce0efa2d903e5dd2c,0,67582165,840000,8400,0x0000000000000000000000000000000000000000,18,?,0,0.0,0.0,0,1.0,1.0,0.0,0,0,0.0,False
0x81dd75271aba35231fbe843f28491f34530784025c5edaac8005d4443ba0239e,0x0003ff652ea5a21b1cf2cf956c31ce9ea41c77c1,0,67582368,2500,25,0x0000000000000000000000000000000000000000,18,?,7,0.22525044151114976,0.75,2,1.0,0.14285714285714285,0.001278387297365877,3,7,0.22525044151114976,False
0x16ade94a1de1f1d27f07ed76548867a182e5ba8fd400044ca3633c4206a1f733,0x8cc7cb47d4b29e4f1bd99c186cfb4805c2070e53,0,67582369,808670,19988,0x0000000000000000000000000000000000000000,18,?,0,0.0,0.0,0,1.0,1.0,0.0,0,0,0.0,False
0xd3fd678686382dacbc0d4db5496a5cc5e286c2a54f19f6517532f486f1cdeeb5,0xaf41fed64c32d1f60ba026bbf6303846f7c6eba3,0,67582703,8388608,200,0x4e3468951d49f2eea976ed0d6e75ffcb44a9a544,18,?,0,0.0,0.0,0,1.0,1.0,0.0,0,0,0.0,False
0x1d10088f09ba6b5d38f5a23e27aefd40d4d797457cfcbfc886bc7a9af2748e61,0x018c19037bd8945cf4111351543de91a88a0ed3f,0,67582843,0,200,0x0000000000000000000000000000000000000000,18,?,33,1.8631321064460145,0.2222222222222222,1,0.5775721637133145,0.030303030303030304,0.04515306706798138,6,33,1.8631321064460145,False
0xb44b8141a341942e63429425f2fc27d6fcf1f5463b83503f6e8d77560834b576,0x33191dd99c33a6d13552add3ee2115839686fa03,0,67582958,810000,19988,0x0000000000000000000000000000000000000000,18,?,0,0.0,0.0,0,1.0,1.0,0.0,0,0,0.0,False
0x486a69ef1a73386d0cc6935bae6d001c4cd14d67600c4b1bddb45efbe6b78c5a,0xc4e1a75d7a401d8dc62add75fbff6e46a727b33d,0,67583028,810000,19988,0x0000000000000000000000000000000000000000,18,?,0,0.0,0.0,0,1.0,1.0,0.0,0,0,0.0,False
0x17418788b7219dab7d3f648ba059cc1b0c26147724b7d60aee62c40064b46548,0x33191dd99c33a6d13552add3ee2115839686fa03,0,67583057,808670,19988,0x0000000000000000000000000000000000000000,18,?,0,0.0,0.0,0,1.0,1.0,0.0,0,0,0.0,False
0x02da45d0059fd53f5363dffe52f97d06588cbe805b5a691b7d5d9939cee5e7b2,0xc4e1a75d7a401d8dc62add75fbff6e46a727b33d,0,67583099,808670,19988,0x0000000000000000000000000000000000000000,18,?,4,0.000275890899205464,0.0,1,1.0,0.25,5.5391935926905e-05,0,4,0.000275890899205464,False
0x035e286b05314c02cfe194167ab3808e42a31e260581faafebb6a380baa903ab,0xa70b9bc19bd72fb4406b0f834e908448e7a19e72,0,67583678,3000,60,0x0000000000000000000000000000000000000000,18,?,7,0.002575983478772146,0.4,4,1.0,0.14285714285714285,0.000187467385756365,2,7,0.002575983478772146,False
0x8ce28f2cc77d8a5e575c8a61ea722f721f3c79d9c4fefd7263842085d8eff6f1,0xa70b9bc19bd72fb4406b0f834e908448e7a19e72,0,67583744,3000,60,0xc7e90a703b7ca435089cb90b8b770353e52b0a80,18,?,3326,1414.367435604815,0.802710027100271,8,0.06748839143299618,0.06013229104028864,0.267,1481,3326,1414.367435604815,True
0x0348c4b5aa9195cdf69686e626964e73b097571e9cf3188da4da28502e180e64,0xd4052415613b34af236024b895574c467f65b6dd,0,67583900,96800,968,0x0000000000000000000000000000000000000000,18,?,9,0.012137406794870478,0.5,5,1.0,0.1111111111111111,0.00137099335661863,3,9,0.012137406794870478,False
0xabfaa619480515f97ec01e1211150025616271ea3d9cc20dbcdbb852be706e2f,0xd641f776aaad86145b274e62ffb659bc64268fc1,0,67584168,10000,200,0x0000000000000000000000000000000000000000,18,?,0,0.0,0.0,0,1.0,1.0,0.0,0,0,0.0,False
0xa1b36df08a070aedfb5fec14d013a1d1d8a634e084d7ef2629f349f59f699d7e,0x43cb0bebf4b35966b776904765912f610f6ff9f1,0,67584237,810000,19988,0x0000000000000000000000000000000000000000,18,?,0,0.0,0.0,0,1.0,1.0,0.0,0,0,0.0,False
0x25ac1d0c158419815837f5128e342b9a9422c81f3ceafad4f3d6afd74802fe65,0x43cb0bebf4b35966b776904765912f610f6ff9f1,0,67584276,808670,19988,0x0000000000000000000000000000000000000000,18,?,1,0.000278790320270756,0.0,1,1.0,1.0,0.000278790320270756,0,1,0.000278790320270756,False
0xffc851a43e2fcbd9bd5cc29b9e56f403c6a19c563aef256c9f8b73d72006b3f9,0xb61781f2e1bd43f8215971ea3b1109aae57e128f,0,67584288,10000,200,0x0000000000000000000000000000000000000000,18,?,71,8.986138899107875,0.6904761904761905,1,0.23936887213804137,0.09859154929577464,0.1352797654193227,29,71,8.986138899107875,False
0x0a0219e16b98f999796fc320915bab416438b3502f6d9ffd7311ba2418ef0e1b,0xd641f776aaad86145b274e62ffb659bc64268fc1,0,67584301,100,1,0xd751f5398b1b7bec9082ef45ecdeca871c4a0144,18,?,1124,82.52750075685253,0.7926634768740032,3,0.1423300445080751,0.008896797153024912,0.031100512526908528,497,1124,82.52750075685253,False
0x342f3a34b171e899f379336b9c40d64cff4a8cc4992ff1f4b107d73f2c092167,0xe68360020751a4eef89fad07241900480a19e0a1,0,67585070,500,200,0x0000000000000000000000000000000000000000,18,?,1,1.999954e-06,0.0,1,1.0,1.0,1.999954e-06,0,1,1.999954e-06,False
0xbb8948df4f9894242d423d6c7e73ddb3c6795c8ce7beba888c8f7801019769df,0x606518c12b0ebe41af5c46cee6aaff9fbdf0bf98,0,67585292,30000,200,0x0000000000000000000000000000000000000000,18,?,3,0.019691313325737914,0.5,1,1.0,0.3333333333333333,0.009410402330146408,1,3,0.019691313325737914,False
0xbfc76087f670c781f9a5e7d725ec7210f6a93e8b2e0d0699da3d4d645c2c26fa,0x0652bfe68573a168dc7bab88b67d317ddfc8c44c,0,67585411,810000,19988,0x0000000000000000000000000000000000000000,18,?,0,0.0,0.0,0,1.0,1.0,0.0,0,0,0.0,False
0x4d62dffaf0233dfcb52b7848f8f24745581549018a3a73b5ad22fa0400f9d223,0x0652bfe68573a168dc7bab88b67d317ddfc8c44c,0,67585450,808670,19988,0x0000000000000000000000000000000000000000,18,?,1,0.000288543315968661,0.0,1,1.0,1.0,0.000288543315968661,0,1,0.000288543315968661,False
0x6ae8abb71d37b0eb302ff54a14c396ce8763b38e4c6bef3a303ae4822863937f,0x6a9cc166910d7172fa7cced9c0fe3afb757d9ba3,0,67586251,8388608,200,0x4e3468951d49f2eea976ed0d6e75ffcb44a9a544,18,?,0,0.0,0.0,0,1.0,1.0,0.0,0,0,0.0,False
0xc236b852a6e0daf8de80fe0716a2d775637de64ec00a6c991bc955fdb20cb202,0xb284c014c34236ee8e0c66672b355a4961709ba3,0,67586674,8388608,200,0x4e3468951d49f2eea976ed0d6e75ffcb44a9a544,18,?,0,0.0,0.0,0,1.0,1.0,0.0,0,0,0.0,False
0x7493c59a6e3fd94b048eca76129cda13a7a62beff7c9523bdb3900b9b19c72fe,0x15d36b6a28d8327abc7afabf0f106ae2c9af5c4d,0,67586761,808670,19824,0x0000000000000000000000000000000000000000,18,?,1,0.000181885002758599,0.0,1,1.0,1.0,0.000181885002758599,0,1,0.000181885002758599,False
0x2a158530b68e0823bf6f74aa26e5facd4fc53d5be2b6d3c27ab86ef93585de90,0x49663caece3ca9174286ac061e262f9c6dccc74b,0,67586847,10000,200,0x0000000000000000000000000000000000000000,18,?,66,12.395212217292205,0.7368421052631579,1,0.2796272995160089,0.09090909090909091,0.198,28,66,12.395212217292205,False
0xcca1824aedc5eed0a4831fcccb52f4dd05e742d4b82b6e6467bd1dbcc55448ad,0xf7f7c52b0ef750c066159cd64233e1caecb3aff8,0,67587139,2500,25,0x0000000000000000000000000000000000000000,18,?,348,11.241783137177665,0.27472527472527475,1,0.7327665684921526,0.005747126436781609,0.0027753913380927737,75,348,11.241783137177665,False
0x830b79118603a8dd36521a0fbbe7080eec9cc10b128e502c526091220437fcb0,0x5df061c09ae1c146d0f5ffc9f3d009f7f4a40ba3,0,67587557,8388608,200,0x4e3468951d49f2eea976ed0d6e75ffcb44a9a544,18,?,0,0.0,0.0,0,1.0,1.0,0.0,0,0,0.0,False
0x103e6fe884feedb3784f22f26b7472cc82c9020355c611cb955f4c9224b3c7ef,0x8396170a9f03ba03ea51c43b5b6d18ced57d1e18,0,67587563,8388608,8,0x4e3468951d49f2eea976ed0d6e75ffcb44a9a544,18,?,0,0.0,0.0,0,1.0,1.0,0.0,0,0,0.0,False
0xf5914fd94268329c97a7972b80872a1ece906537e375be138e85c105fb38fb3c,0x398aca5e6ae801b002d684333affadc1a25e897c,0,67587608,98800,988,0x0000000000000000000000000000000000000000,18,?,0,0.0,0.0,0,1.0,1.0,0.0,0,0,0.0,False
0xf0b1ab69f59bb962862650a3312bde402e0d253c8f17c4008734531893d3221a,0x9914e9294ecf4a2b63cc767be575c52e4c8619ba,0,67587818,500,1,0x0000000000000000000000000000000000000000,18,?,15,2.2108296961521683,0.36363636363636365,1,0.9467970288448273,0.13333333333333333,0.09659,4,15,2.2108296961521683,False
0x69a3b67551924d3f3a7a00f947a097c39d185236dbe9a3d464eb14eb41cf1ec4,0x76912652a3ba152f506157f2d1072804ccf7dcd7,0,67587874,800000,8000,0x0000000000000000000000000000000000000000,18,?,0,0.0,0.0,0,1.0,1.0,0.0,0,0,0.0,False
0x53323cee3eb4987d0553cbbe1365a644373f36ab322f8654b063264e21c05d02,0x91a2dae9699f0b82540b5886b0d8759c22820ba3,0,67588122,880279,200,0x0000000000000000000000000000000000000000,18,?,0,0.0,0.0,0,1.0,1.0,0.0,0,0,0.0,False
0xd1c7d206d0ea10665e317304847747ff860162293269d2ab8a4dadb79a7713cb,0x9308b8ca06376fd82ab7a3fde310a17e97b6f5a9,0,67588320,810000,19988,0x0000000000000000000000000000000000000000,18,?,0,0.0,0.0,0,1.0,1.0,0.0,0,0,0.0,False
0xd60de58d5a54eafd808b9027605ae9cf62b1d5f991bfb6d31b5bb5aac7262895,0x9308b8ca06376fd82ab7a3fde310a17e97b6f5a9,0,67588873,808670,19988,0x0000000000000000000000000000000000000000,18,?,0,0.0,0.0,0,1.0,1.0,0.0,0,0,0.0,False
0xe1e205dcd0c05dd145f20f84a8237cfe7918daec44ebce9eb1c2925de363b848,0x90495da8b99df0eafef3dcf6ac38651151b021cf,0,67589027,8388608,8,0x4e3468951d49f2eea976ed0d6e75ffcb44a9a544,18,?,0,0.0,0.0,0,1.0,1.0,0.0,0,0,0.0,False
0x57802733681cf581bcc8446a73a1d3f7dd6644a53067a6ddcd507d5e00a4b9e1,0xae2b798b0b1c58eb9683329bbc82ed1bca9b128f,0,67589177,808670,19824,0x0000000000000000000000000000000000000000,18,?,1,0.000177947049889356,0.0,1,1.0,1.0,0.000177947049889356,0,1,0.000177947049889356,False
0x4f2936638197b4fe65f0c36dafcc5d13f9a02da7c7c7bd50e4e47812543f445a,0x0fb837a12055b34174a95fc01b818d4d27c7d40b,0,67589557,8388608,8,0x4e3468951d49f2eea976ed0d6e75ffcb44a9a544,18,?,0,0.0,0.0,0,1.0,1.0,0.0,0,0,0.0,False
0x2d7d2174658c82b534c86224504614524595c81d5628f3be593ff207ebd9a030,0xf0228046cf05f8046d25fbeb41e6c71b0d42cd9c,0,67589618,30000,200,0x0000000000000000000000000000000000000000,18,?,3,0.019691278782802253,0.5,1,1.0,0.3333333333333333,0.009409284241411568,1,3,0.019691278782802253,False
0xa0ee03df79108817172d30e2eda8d164970697a5456acb030f1f7495fd53bd6b,0xf7f7c52b0ef750c066159cd64233e1caecb3aff8,0,67589921,808670,19824,0x0000000000000000000000000000000000000000,18,?,1,0.000178172423361068,0.0,1,1.0,1.0,0.000178172423361068,0,1,0.000178172423361068,False
0xd44805a8904c6991a0f55bc1f7c5b0c9f2a2fe56fa5d987fb6c20a578cb3eb90,0xbc4f4659db7237d6583a2a14c955e0650364d058,0,67590097,8388608,8,0x4e3468951d49f2eea976ed0d6e75ffcb44a9a544,18,?,0,0.0,0.0,0,1.0,1.0,0.0,0,0,0.0,False
0xcc8a18aa1e1d078c322a3e0aac17a121f12f253ba2c3cc2bf43998ac506d490c,0xb336568dadb69a3b67333fe6008467f2e1520275,0,67590553,8388608,8,0x4e3468951d49f2eea976ed0d6e75ffcb44a9a544,18,?,0,0.0,0.0,0,1.0,1.0,0.0,0,0,0.0,False
0x2d5d0123c44fd5fb18f7609ec42385476a7e1bd50cd58c8e05a0c83dbbb33bc3,0x9f32bcafd25988428ddd66bda6da13bc440d1e18,0,67590600,10000,200,0x0000000000000000000000000000000000000000,18,?,50,6.077171241636829,0.6666666666666666,1,0.3018361675363862,0.12,0.1290575325231621,20,50,6.077171241636829,False
0xdd81614d31fe55be5369780c584ab90ba9e7ca21335945f5854f47d04278a01c,0xa3602804e096cb73bd8344afc1ff3f3390b899c5,0,67591011,880279,200,0x0000000000000000000000000000000000000000,18,?,0,0.0,0.0,0,1.0,1.0,0.0,0,0,0.0,False
0x17af80c56cd46993072f10e814003b0bbce518f39a5e8449c47cce8096d912be,0x02f9be21f04d048c3a3c06b82d99a834f8980c2d,1,67591050,8388608,8,0x4e3468951d49f2eea976ed0d6e75ffcb44a9a544,18,?,0,0.0,0.0,0,1.0,1.0,0.0,0,0,0.0,False
0x30e692ec992093206d873036fdf2aed994818c50660cc81ad988636dc49b55b4,0x8fcb50aaf28845dae951a5c247aca3f34d761e18,0,67591506,8388608,8,0x4e3468951d49f2eea976ed0d6e75ffcb44a9a544,18,?,0,0.0,0.0,0,1.0,1.0,0.0,0,0,0.0,False
0x6605849de8e5520a7685590ff6d72a7b96fd4e7dd9b6c51731be6ee445a7a8fb,0x10e7571f71a73a3d883d88770b85b2bd94211e18,0,67591506,8388608,8,0x4e3468951d49f2eea976ed0d6e75ffcb44a9a544,18,?,0,0.0,0.0,0,1.0,1.0,0.0,0,0,0.0,False
0xf95c65e7e140728581e3f34413e9376eacdeecbe49c6f06995a3d1ee3c62501c,0xa631e22fc580b87f7385eb65c0cc5eb0327cb011,0,67591624,10000,200,0x0000000000000000000000000000000000000000,18,?,1,1.998236e-06,0.0,1,1.0,1.0,1.998236e-06,0,1,1.998236e-06,False
0x801cf14fd61d277f5cc2b1b8e8905cbcddfeb1c6510cccfc530a98b1609d6b00,0xa87bee385457af2061874a8921767338cdaa4e68,0,67591676,8388608,8,0x4e3468951d49f2eea976ed0d6e75ffcb44a9a544,18,?,0,0.0,0.0,0,1.0,1.0,0.0,0,0,0.0,False
0x9d58cbabdc34e684e8ceceba6fbd4e403ee45defa7d0b87332de3b43afeb2451,0x3745e6548ec4b8cea3d57a89e6cc541933d3910c,0,67591896,810000,19988,0x0000000000000000000000000000000000000000,18,?,0,0.0,0.0,0,1.0,1.0,0.0,0,0,0.0,False
0x7169bb42ff32771b32621380de087fb0269b8b171215fb4c12c7a541b39c86d4,0x3745e6548ec4b8cea3d57a89e6cc541933d3910c,0,67591939,808670,19988,0x0000000000000000000000000000000000000000,18,?,0,0.0,0.0,0,1.0,1.0,0.0,0,0,0.0,False
0x64ab2b26b76bd806ea218331ba7da85f7ddcfdaee5efe483e16664574ed79879,0xe499c843c7fabeae761ec3432c4ca3774346e676,0,67592258,8388608,8,0x4e3468951d49f2eea976ed0d6e75ffcb44a9a544,18,?,0,0.0,0.0,0,1.0,1.0,0.0,0,0,0.0,False
0xfe8a22504ccebd4d17d0e2d6ac5f672bae6117915cf9f1c31893ade39d6b6af7,0xbe6d38f892e44593433969e5a8784adccc0b99c3,0,67592322,10000,200,0x0000000000000000000000000000000000000000,18,?,3,0.00010100388343975501,0.5,1,1.0,0.3333333333333333,4.9005003439755e-05,1,3,0.00010100388343975501,False
0xa591f7f3e8cda96e8971c415c10d86e716321db6a888b42f62cf189f5b00e6ac,0xf5c0b329958992652ac2580e193dfe6c02814663,0,67592880,10000,200,0x0000000000000000000000000000000000000000,18,?,1,1.998252e-06,0.0,1,1.0,1.0,1.998252e-06,0,1,1.998252e-06,False
0x6678da7bc9ce998e5c54eb699a5ac63966ef915d9cf94c5e9aae91f446d3009e,0xec447ec8bdf16c9104ede72a7eb07f718b285a45,0,67592952,10000,200,0x0000000000000000000000000000000000000000,18,?,1,1.998902e-06,0.0,1,1.0,1.0,1.998902e-06,0,1,1.998902e-06,False
0x56b1670edcc213beaa5fd9c88b55e16db2cce28612e86014dc079d7587e905d3,0x48206d138a161c30145fa53a2761461b6c5946df,0,67592976,8388608,8,0x4e3468951d49f2eea976ed0d6e75ffcb44a9a544,18,?,0,0.0,0.0,0,1.0,1.0,0.0,0,0,0.0,False
0x3894f41fd822fffbaab96f2178fe7e219e71a824abc136afb7f558ab05f76159,0x058f57de2a7c87234ceb78212a16d522ede3d0a0,0,67593094,10000,200,0x0000000000000000000000000000000000000000,18,?,71,11.260025406208158,0.775,1,0.24264422390195706,0.056338028169014086,0.17325,31,71,11.260025406208158,False
0xb1ffbddec72c43745562e92009972360e40ebf4a28b7db364286af8ce74f3b82,0xa40df4497b512f2d604c0eb88493ef096d15baa3,0,67593100,810000,19988,0x0000000000000000000000000000000000000000,18,?,0,0.0,0.0,0,1.0,1.0,0.0,0,0,0.0,False
0xfa672f25ea642ce739e4fdd98bca2066882316bd10c422019612373668a267ae,0xd2d7987c4eff3f5e72b470b5dd307d9e0b4b910c,0,67593450,10000,200,0x0000000000000000000000000000000000000000,18,?,71,9.206750959621926,0.7317073170731707,1,0.20964047829956034,0.08450704225352113,0.13794354047762694,30,71,9.206750959621926,False
0xdec331ba7e3ac9e92b0bcdf9da2cc481f93e733a729452100f10b1247478e859,0x03f05b48386e16baf3c3f216bcf535d27f98e03b,0,67593536,10000,200,0x0000000000000000000000000000000000000000,18,?,1,1.999364e-06,0.0,1,1.0,1.0,1.999364e-06,0,1,1.999364e-06,False
0xb43754f8ee7b592ea0f15f142c79b9fe4fbb17c36d868a805ecf02d2e22c9511,0xa40df4497b512f2d604c0eb88493ef096d15baa3,0,67593643,808670,19988,0x0000000000000000000000000000000000000000,18,?,0,0.0,0.0,0,1.0,1.0,0.0,0,0,0.0,False
0x797ee562c567e9951dfbe106b028f7544ad491a0fb359333c6d8bf807fe307be,0xe84052878ca62b7ad7a0cd7be0a7914e51be6ece,0,67593799,2500,25,0x0000000000000000000000000000000000000000,18,?,476,9.483066658934655,0.896414342629482,1,0.5605279067528501,0.21218487394957983,0.003,225,476,9.483066658934655,False
0x1b228645e032994c040b3921031dd8bf4b355da914128641a1e402cef034e2fa,0xe00b442c998a45ac93423808214c3f49c76c4f84,0,67594147,10000,200,0x0000000000000000000000000000000000000000,18,?,1,1.999344e-06,0.0,1,1.0,1.0,1.999344e-06,0,1,1.999344e-06,False
0xc7498c690c8e90654b8e1f22e4ae3b6578c89c90b1e626fe955c3339e71094f7,0x260214dbe1d186241d3e36abad307d59cf3b4f14,0,67594728,10000,200,0x0000000000000000000000000000000000000000,18,?,1,1.999554e-06,0.0,1,1.0,1.0,1.999554e-06,0,1,1.999554e-06,False
0xb40f641347b459c7e1e2db33231cbe8e78e94a770cc8cd5c61ec73fa213da906,0x84ccdaba1848834dbfc5bc4c115d47317cbc6530,0,67595063,8388608,8,0x4e3468951d49f2eea976ed0d6e75ffcb44a9a544,18,?,0,0.0,0.0,0,1.0,1.0,0.0,0,0,0.0,False
0xdc7052a15bb2318f502923f8234f64ceec5895241c94529e0642aee07cac835f,0xc77531bd098c4b0371a5a3ce7fc1382b477b70d4,0,67595081,880279,200,0x0000000000000000000000000000000000000000,18,?,0,0.0,0.0,0,1.0,1.0,0.0,0,0,0.0,False
0xa57fdea9719820dba7397c117340a6074beca66d4802f73a43513132505f806a,0xe84052878ca62b7ad7a0cd7be0a7914e51be6ece,0,67595207,100,1,0x8cbce8fe44c6e1269a5dac5e0d1c8123180be080,18,?,170,8.587e-05,0.0,1,0.059392104343775474,0.5117647058823529,5.1e-07,0,170,8.587e-05,False
0x7b99193a79a04fd4f4cab1c842953a22e4d7e536319b8f4738cc8e9c09850110,0x4fd6ddd3cdf7eebe47dea64ecb8fbf28dcb114c1,0,67595334,10000,200,0x0000000000000000000000000000000000000000,18,?,0,0.0,0.0,0,1.0,1.0,0.0,0,0,0.0,False
0x1db94e9a8392f946bc4a175458151f0d27b1e67eaaa123936dfa35a390ae7991,0x0d8d57c83c615ff29993595bbe7c567df0db0897,0,67595634,8388608,8,0x4e3468951d49f2eea976ed0d6e75ffcb44a9a544,18,?,0,0.0,0.0,0,1.0,1.0,0.0,0,0,0.0,False
0xfe082961979161dd21a9e0e67f454794f4db4b3285b11cfcf91d70f59e7ad2c9,0xbf1f69c37f1102470c26f74fffdeb749a0a40727,0,67595803,8388608,200,0x48b8f6ad3a1b4aa477314c9a23035b8f84dde8cc,18,?,0,0.0,0.0,0,1.0,1.0,0.0,0,0,0.0,False
0xf212ef7a0eebc73c04f77d710934313020503c076f72a667fafe3e5e1abc03d4,0x66eb4ff0915e6f381087b64fe15af144d7d20ca4,0,67595920,10000,200,0x0000000000000000000000000000000000000000,18,?,1,1.998584e-06,0.0,1,1.0,1.0,1.998584e-06,0,1,1.998584e-06,False
0xfe0e77b79fbcce1dd1820cbdcf313de5338854b6955318baacb07285af047f3a,0x4256377031df7b691ff12563e5fe04c8d161c3fd,0,67596068,810000,19988,0x0000000000000000000000000000000000000000,18,?,0,0.0,0.0,0,1.0,1.0,0.0,0,0,0.0,False
0xf9ec6ab0a652f347aef02774dc559f680436ae5132fa07ce6c307ac9f7bb3550,0x4256377031df7b691ff12563e5fe04c8d161c3fd,0,67596122,808670,19988,0x0000000000000000000000000000000000000000,18,?,0,0.0,0.0,0,1.0,1.0,0.0,0,0,0.0,False
0x83772b30aa743a5b935fd5bcee5507f4a562c62f679ba33de42d13b8b000b633,0xcc48ab07a3d27d73bae7364d7c28771276d74855,0,67596126,8388608,8,0x4e3468951d49f2eea976ed0d6e75ffcb44a9a544,18,?,0,0.0,0.0,0,1.0,1.0,0.0,0,0,0.0,False
0x05f8109c6df3c9a5d3448898e5fe992aa7aea329fc4b8b51fe458d16f9e5b302,0x7bbdc933b06058b50c44e5fe7081a864f34ccaa3,0,67596472,10000,200,0x0000000000000000000000000000000000000000,18,?,0,0.0,0.0,0,1.0,1.0,0.0,0,0,0.0,False
0x67aa4ea78eab84b01f413802e556ffb1610cedff9ba88329ca42a68d5efab20d,0x6bdf127e4368145d782024bcba2f462fb124eaf4,0,67596544,500,1,0x0000000000000000000000000000000000000000,18,?,69,9.317719602832828,0.5681818181818182,1,0.3918551179546048,0.043478260869565216,0.0995,25,69,9.317719602832828,False
0xa080fb9acc5738bd6a709d26a2339ffdef951186195ab0503558193be3880a1c,0x45eba8df81d390cd4b65b2f246c4d6e7187fa923,0,67596602,8388608,8,0x4e3468951d49f2eea976ed0d6e75ffcb44a9a544,18,?,3,1.9085358703687867,0.5,1,1.0,0.3333333333333333,0.6695754680116572,1,3,1.9085358703687867,False
0x3225994943fbb7f9bfc5f12c7e5b9f7f21439f6abaffa2a5fbcf54e7d9e69235,0x1d10bdd3b97f72bc5e2c94d4db64c95f47d4fd8f,0,67597249,810000,19988,0x0000000000000000000000000000000000000000,18,?,0,0.0,0.0,0,1.0,1.0,0.0,0,0,0.0,False
0x4eb7005f5b135e6000933b9258ebca3eb13281fd58fad31d7d230ea01d1f4a41,0x1d10bdd3b97f72bc5e2c94d4db64c95f47d4fd8f,0,67597290,808670,19988,0x0000000000000000000000000000000000000000,18,?,0,0.0,0.0,0,1.0,1.0,0.0,0,0,0.0,False
0x7547e2721466f2bea2a4aa1b1626fb6677976deaf052ba709c9ebb957252ed06,0x5ec8990b81567230e097b9bce0efa2d903e5dd2c,0,67598276,870000,8700,0x0000000000000000000000000000000000000000,18,?,0,0.0,0.0,0,1.0,1.0,0.0,0,0,0.0,False
0xd1dd0e8c6083863c35f34e69bce9e55d0470894634e523e6b955c7a3f57e0920,0x0ed32336fcc36ff9f6dd9f2c57dc8ec03cea1e18,0,67598440,8388608,8,0x4e3468951d49f2eea976ed0d6e75ffcb44a9a544,18,?,6,0.031799049512884564,0.5,1,1.0,0.16666666666666666,0.00017107478853691448,2,6,0.031799049512884564,False
0xe3beb0aa8319ab4dd62a207d83f50f5675c81cd3a19e3840affae51082777e2d,0xf2f4dddf8f0f515d37eb694d90c7e5e786de104c,0,67598445,10000,200,0x4e3468951d49f2eea976ed0d6e75ffcb44a9a544,18,?,1,0.001,0.0,1,1.0,1.0,0.001,0,1,0.001,False
0x008db291a56257921a0ad14c5ee51a8d6513acb89ec1b46655577ed3cd96c45c,0x37b73004a3eff0dc503231fee392c847aa3b8ba3,0,67598528,8388608,200,0x4e3468951d49f2eea976ed0d6e75ffcb44a9a544,18,?,0,0.0,0.0,0,1.0,1.0,0.0,0,0,0.0,False
0xba42151cec8300ec0b5545c80d8f2a8f67261494a112a68fd25c3d0a6d9f74ba,0x25f4f8a8ccbc2765ab34ee54241da7553fc2daf3,0,67598756,2500,25,0x0000000000000000000000000000000000000000,18,?,1917,32.218397920879696,0.2521227955584585,2,0.27044104348425446,0.003129890453834116,0.002796595446828949,386,1917,32.218397920879696,False
0x035de6634141855a59caca5253d72babc6996b8b6b74293b2bb3430d39efd9dd,0x37ecb40824d9da493977484067fa25f0e73d2ba3,0,67598883,8388608,200,0x4e3468951d49f2eea976ed0d6e75ffcb44a9a544,18,?,0,0.0,0.0,0,1.0,1.0,0.0,0,0,0.0,False
0xc62c68b66e73870fc9302f18843d37b7392859b2e59048ac9608ad17eaef4c3c,0xae3ea7cc7e2f2d604f5686e49195f78dc846d6fe,0,67598924,880279,200,0x0000000000000000000000000000000000000000,18,?,0,0.0,0.0,0,1.0,1.0,0.0,0,0,0.0,False
0x390e36380ab7d5b18d5e393b9acb4414c84ec13962835173e15a6b98f987503c,0x81a3c4d96830761ae3062bda422d696549c942fc,0,67599026,10000,200,0x0000000000000000000000000000000000000000,18,?,1,1.99859e-06,0.0,1,1.0,1.0,1.99859e-06,0,1,1.99859e-06,False
0x1036fa68de2935cd2cac80e17aa5842eaf88b36e4de37b93c65d13dda557c82f,0x68620623399dc6cdbf20784c9632418c5ed41e18,0,67599315,8388608,8,0x4e3468951d49f2eea976ed0d6e75ffcb44a9a544,18,?,0,0.0,0.0,0,1.0,1.0,0.0,0,0,0.0,False
0xe8b7adf2e9cbcf54fa85c27128331b05a3fa3f0e4dd83cd622a7f4ad394fc6a2,0x98096d17e191b3da1d5f99a6d7b3584351b11e18,0,67599485,10013,200,0x0000000000000000000000000000000000000000,18,?,55,8.800106156634964,0.4864864864864865,8,0.6061029513915609,0.01818181818181818,0.09458438814275112,18,55,8.800106156634964,True
0x74be0e7234855a9006c4108f7dc93841954d4e445ec3b7619e47ac32430b98c6,0xb7fe32dce6e736f51ed828e42b2dd74cb8372976,0,67599747,10000,200,0x0000000000000000000000000000000000000000,18,?,72,8.29244910817044,0.7142857142857143,1,0.2518386362566081,0.06944444444444445,0.12375,30,72,8.29244910817044,False
0xa91cb5b2044cf3cefb62b20a79dd712af5d84d370097edcede228ad009966ca4,0x2af640269eb3f8a46db2c5c446c728e65d82fbd8,0,67599964,2500,25,0x0000000000000000000000000000000000000000,18,?,3953,46.163133974264134,0.35982112143102857,6,0.22352149423533954,0.26359726789779914,0.003,1046,3953,46.163133974264134,False
0xab6881455f3f2d6f73dbf72cca647c128f1c9999076f25ab3cbc62f933f9a806,0xfe7b00ddc8fe37216dca43d4404e1fd5f9e9d2bd,0,67600290,10000,200,0x0000000000000000000000000000000000000000,18,?,37,5.611570050789487,0.6818181818181818,1,0.4441757374520092,0.08108108108108109,0.15221937486979942,15,37,5.611570050789487,False
0xff868d535e69cd2798efc8248ad77cb70eaae3d25fdc78bfab4f06b2eeca51ec,0x7fb3fe0f005f3c89e9f34ee5b97324f963df4805,0,67600391,500,1,0x0000000000000000000000000000000000000000,18,?,116,12.564324878894178,0.6571428571428571,1,0.33789731045180726,0.034482758620689655,0.07678118053991834,46,116,12.564324878894178,False
0x2be8f7978c240a8e22f267900c3a4f8b1587b2628f2b4dcc3774343cccea6589,0xdd8a6e53a3c6960aee04f17077c43ee20845bdcf,0,67600765,8388608,200,0x48b8f6ad3a1b4aa477314c9a23035b8f84dde8cc,18,?,2,0.000220909698783464,0.0,1,1.0,0.5,0.000110454849391732,0,2,0.000220909698783464,False
0x356d6ba0e0834258ea874045c5c4a3610c5207c7dfae7a535db5da0b9030db88,0x75ea7021014b314f77906f361288d7714002baac,0,67601004,880279,200,0x0000000000000000000000000000000000000000,18,?,0,0.0,0.0,0,1.0,1.0,0.0,0,0,0.0,False
0xa0656def27d7d9ba9452c1b8fdbc5f53d00153f753fef5b67e9b2e4de0683787,0x2af640269eb3f8a46db2c5c446c728e65d82fbd8,0,67601283,100,1,0x19813dd0e0e315aca271833d566ea45fee036080,18,?,598,0.00030185,0.0,1,0.016895809176743416,0.5234113712374582,5e-07,0,598,0.00030185,False
0xa0dedaf8912ad6e832c25fe87a1a4c55e8211b68e1d1d715577cf47bac43f118,0x5e3eb70e9c99ba567a14e9b01087d3186ce64674,0,67601421,10000,200,0x0000000000000000000000000000000000000000,18,?,3,0.00010100374743975501,0.5,1,1.0,0.3333333333333333,4.9005003439755e-05,1,3,0.00010100374743975501,False
0xf8f03ebac454b6271cd47e727b0fc7933e4fe0ee015f5977d351c601a8300da7,0x25f4f8a8ccbc2765ab34ee54241da7553fc2daf3,0,67601958,808670,19824,0x0000000000000000000000000000000000000000,18,?,1,0.000178041606220235,0.0,1,1.0,1.0,0.000178041606220235,0,1,0.000178041606220235,False
0xe8477355bac45cfedf10fc20084d0f8d2c1a2f23a33ce08b58a3984c97b733d1,0x66be0d0a9a7ad48bbb61e494e23e48e2493ccba3,0,67602016,8388608,200,0x4e3468951d49f2eea976ed0d6e75ffcb44a9a544,18,?,0,0.0,0.0,0,1.0,1.0,0.0,0,0,0.0,False
0xe8af1d0999c89428423eed69c3716a170a14860fd88bd1ba51decff9812c9ebb,0xa2e95afb563c59c88d4860d6a54196295ab4faef,0,67602061,8388608,8,0x4e3468951d49f2eea976ed0d6e75ffcb44a9a544,18,?,0,0.0,0.0,0,1.0,1.0,0.0,0,0,0.0,False
0xb60aed49e46d3d50afde4448c7818c089c996f941b690971a509cfa8adc23d43,0x0e46890db17e67a10c2945c81998ab57b46c4674,0,67602073,810000,19988,0x0000000000000000000000000000000000000000,18,?,1,0.000111096145599287,0.0,1,1.0,1.0,0.000111096145599287,0,1,0.000111096145599287,False
0x9cca944c78aa32053c9e5f08c8cd1d39e5c0438b91563bd1a8945481ac7c2127,0x0e46890db17e67a10c2945c81998ab57b46c4674,0,67602113,808670,19988,0x0000000000000000000000000000000000000000,18,?,5,0.000600613848954342,0.0,3,1.0,0.2,0.000102923424418391,0,5,0.000600613848954342,False
0x3e0598d283f4e58735d071b779526539b895b57080125bef2c088f43891ae25e,0xa983abd4497f062882e3b014c3c7442cea1ae851,0,67602208,2500,25,0x0000000000000000000000000000000000000000,18,?,2834,32.66745351044224,0.10919765166340509,5,0.29140522625148,0.07586450247000706,0.0026,279,2834,32.66745351044224,False
0xa3ac404d27523a674372f3241faf549d600d8550c07a7505ef599f82a8f71d01,0x31cc8857b050ffb6806258ed464af9b3e87e3df9,0,67602499,8388608,200,0x48b8f6ad3a1b4aa477314c9a23035b8f84dde8cc,18,?,3,0.002089259522437686,0.5,2,1.0,0.3333333333333333,0.000604097877358491,1,3,0.002089259522437686,False
0xdb47830bb1f8d6babe61049408870417e154af74dbcbebd344292d1c7d4b87c4,0xad90471ae94f7b09bece36128ff9117150b9b993,0,67602528,10000,200,0x0000000000000000000000000000000000000000,18,?,61,11.918437254803395,0.6944444444444444,1,0.30907178116010237,0.09836065573770492,0.2,25,61,11.918437254803395,False
0x76fb83892d27b5a387f7f2c30828b738e46beedfd58513cc6df030a093277d16,0x43b094109a00e94edad17ece7c74af6f28be0334,0,67602611,10000,200,0x0000000000000000000000000000000000000000,18,?,1,1.998136e-06,0.0,1,1.0,1.0,1.998136e-06,0,1,1.998136e-06,False
0x7689a9910f79b24ba4ed00a5414b35ba234fa8101affda132faeb5b0e7ba0cc0,0x5563c93d79febfaf5cb79f0d3f10fef53748712e,0,67602725,8388608,8,0x4e3468951d49f2eea976ed0d6e75ffcb44a9a544,18,?,0,0.0,0.0,0,1.0,1.0,0.0,0,0,0.0,False
0x573fddd0d2e35f7473deee4f18afaeace4dc25bcb133e165cff7b24b53b72a53,0x512248a2e336dff63de971e5bf04a4675284488f,0,67603275,8388608,8,0x4e3468951d49f2eea976ed0d6e75ffcb44a9a544,18,?,0,0.0,0.0,0,1.0,1.0,0.0,0,0,0.0,False
0xbc3bc619298b11a7669f0cdf18f2b4ef8198370d35df459e444b8aeaa2d1ed43,0xad44116b12eb1b69c9cb731822e6868289741e18,0,67603852,8388608,8,0x4e3468951d49f2eea976ed0d6e75ffcb44a9a544,18,?,0,0.0,0.0,0,1.0,1.0,0.0,0,0,0.0,False
0x787916cc21febe1b2997a15f45f933a5018214ea12aa822e32d4de93f8b2e1f6,0xca1a222ad24ba31e568e779086fcb9933d23a12e,0,67603872,810000,19988,0x0000000000000000000000000000000000000000,18,?,0,0.0,0.0,0,1.0,1.0,0.0,0,0,0.0,False
0x2c4c0acafd5445bfb9eaa618b9e35bf0d5a02c10ba80ff0be93ff1899ddbe9aa,0xca1a222ad24ba31e568e779086fcb9933d23a12e,0,67603914,808670,19988,0x0000000000000000000000000000000000000000,18,?,0,0.0,0.0,0,1.0,1.0,0.0,0,0,0.0,False
0xaa28acbd6ec4ad8ddc4e9d55db128efbce025c1e005262a3d3a7a7fb764dd085,0xae3ea7cc7e2f2d604f5686e49195f78dc846d6fe,0,67604563,140000,1400,0x0000000000000000000000000000000000000000,18,?,10,0.019630047860376455,0.6666666666666666,2,1.0,0.1,0.0015456721741446354,4,10,0.019630047860376455,False
0x5db6137dfe161a3051cda2860d83dfef9358400de5e52134feadcd836616b859,0x865e4826ee44ebe70b6011eb5e66c2d61262a0cd,0,67605390,2500,25,0x0000000000000000000000000000000000000000,18,?,1,1.998998e-06,0.0,1,1.0,1.0,1.998998e-06,0,1,1.998998e-06,False
0x329af097945497ec7c3c66bb9a934442459b3f8d3456f210d46593a968faecbd,0x7365a08f42dfdc14a6db756fe878a3957db502fc,0,67605588,10000,200,0x0000000000000000000000000000000000000000,18,?,1,1.999044e-06,0.0,1,1.0,1.0,1.999044e-06,0,1,1.999044e-06,False
0xadbdc05a570b849331284058833a8c0f9fd516524dd7d2b456b0f8c8da988311,0x7fb455aa4760df277a86672e02492694456eec32,0,67606513,0,60,0x4e0bad9549c3141a66a4f30cf874df27ca7e20cc,18,?,0,0.0,0.0,0,1.0,1.0,0.0,0,0,0.0,False
0x42dc9e6bd18cdf3f27b2507a6136e4fdd9f3db4c04db9734ba1f07c459ae9e46,0xb293f3ca5b6bd9553ee00224a9934602aa54712a,0,67606841,810000,19988,0x0000000000000000000000000000000000000000,18,?,0,0.0,0.0,0,1.0,1.0,0.0,0,0,0.0,False
0x53a960c47b23f6ae1d8619c6d8f4ff7d52b0cc181d04bb651634c5b111defead,0xa163ff15a04dd51c0692479fa8d9b319376678c0,0,67606888,810000,19988,0x0000000000000000000000000000000000000000,18,?,0,0.0,0.0,0,1.0,1.0,0.0,0,0,0.0,False
0x063a246ad9a2bc03212ddb1cb70a16a90d41f5bbe9f5d9e0122ec5d9df3c6528,0x19b6402e6918ec3b15554c07e1a68c9e6291daf3,0,67607045,10000,200,0x0000000000000000000000000000000000000000,18,?,70,9.431095797336294,0.627906976744186,1,0.2447618866895378,0.08571428571428572,0.14812537238504372,27,70,9.431095797336294,False
0x17654e0235cedc5dfb0686ac2edef0e380b7e92cebac959f86f8c67f84e05c64,0xf97e5fe7096523755eb0921f4335ccfa01e1eed1,0,67607160,10000,200,0x0000000000000000000000000000000000000000,18,?,67,11.140027327116371,0.8108108108108109,1,0.2784191621091795,0.07462686567164178,0.17325,30,67,11.140027327116371,False
0xf2ddeb58b7c0bf65ff54bd6277e4ac9293244f68227add47de7a571f577a0f58,0xb293f3ca5b6bd9553ee00224a9934602aa54712a,0,67607380,808670,19988,0x0000000000000000000000000000000000000000,18,?,0,0.0,0.0,0,1.0,1.0,0.0,0,0,0.0,False
0x92b3269c41c945ac8381892250a72330c5baec107c5239efb4ada8de65b60c22,0xa163ff15a04dd51c0692479fa8d9b319376678c0,0,67607486,808670,19988,0x0000000000000000000000000000000000000000,18,?,1,0.000174125,0.0,1,1.0,1.0,0.000174125,0,1,0.000174125,False
0x8ea65168f6f1525cc36f10a219e42d3ed5a2fbede32f29e238b1a46b2c110975,0xb911f04a24a9f6234537829290335e623ee71e18,0,67608346,2500,25,0x0000000000000000000000000000000000000000,18,?,55,0.5482508051583784,0.7741935483870968,3,0.47084667254114093,0.01818181818181818,0.006678957379181617,24,55,0.5482508051583784,False
0x7ac605bf5ac8851cd429986dcb79f91f6ca749a0e25161846fe7a90a68af0d02,0x7614c0e2d1681f78861d3d31e93a69a65c667566,0,67608434,10000,200,0x4e3468951d49f2eea976ed0d6e75ffcb44a9a544,18,?,1,0.002,0.0,1,1.0,1.0,0.002,0,1,0.002,False
0xac31a2a829f09a66ca2662c485842a60bdd4e079fc9e1851218445d1a8cf15a4,0xd533e0911620218d3b5581eff55d1ccd138ee3fc,0,67609179,10000,200,0x0000000000000000000000000000000000000000,18,?,3,0.000101003899439755,0.5,1,1.0,0.3333333333333333,4.9005003439755e-05,1,3,0.000101003899439755,False
0xce3121e4512b6f20f1901bbbf9b223f9c3b3895da0cd818f9004995cd86abaac,0x04beec67c621d9d59825aef9610aef72688e1e18,0,67610302,8388608,8,0x4e3468951d49f2eea976ed0d6e75ffcb44a9a544,18,?,0,0.0,0.0,0,1.0,1.0,0.0,0,0,0.0,False
0xbb15e0d5bd716fd318c8c30a3958e4089bf9490599813aaf5890cae28846aa60,0xd6df533804035f0cb404b88a87278d34045be493,0,67610445,810000,19988,0x0000000000000000000000000000000000000000,18,?,0,0.0,0.0,0,1.0,1.0,0.0,0,0,0.0,False
0x8379f4a342cfac5252b4a3d07089a2916f37ffa581f050356c34f37e96903740,0x4581b7acaa819bd92281a86a4e2db6ac52623322,0,67610667,8388608,200,0x48b8f6ad3a1b4aa477314c9a23035b8f84dde8cc,18,?,10,0.013766184259408233,0.6666666666666666,1,1.0,0.1,9.77637163967935e-05,4,10,0.013766184259408233,False
0x697d6bcebd4015232bd8e5a7b34d3a45c449f5ce674a3b21f1c6c9631e60873b,0xd6df533804035f0cb404b88a87278d34045be493,0,67610809,808670,19988,0x0000000000000000000000000000000000000000,18,?,1,0.000257853358881148,0.0,1,1.0,1.0,0.000257853358881148,0,1,0.000257853358881148,False
0x3b6f8e9faa4ac9c656f55a6463242ca7b2b2d9ff596e3076939317b18c90fab3,0x3b5a4f96c1dea28f31c7ac6a90c8f303397ec694,0,67611609,810000,19988,0x0000000000000000000000000000000000000000,18,?,0,0.0,0.0,0,1.0,1.0,0.0,0,0,0.0,False
0x20488d708a8ea2ab2272e832638a5760203bbe12d0ffdaf73246b4ebd1ebae88,0x3b5a4f96c1dea28f31c7ac6a90c8f303397ec694,0,67612145,808670,19988,0x0000000000000000000000000000000000000000,18,?,0,0.0,0.0,0,1.0,1.0,0.0,0,0,0.0,False
0xdb7ef0ca10641f1c3c06a3d482c4fb28bc19b17dbb78ef608469c2e2ae796789,0x765eecec6b7bee0474d00faf76e61fca8ed027b3,0,67612164,880279,200,0x0000000000000000000000000000000000000000,18,?,1,0.001172383112124722,0.0,1,1.0,1.0,0.001172383112124722,0,1,0.001172383112124722,False
0x7ce5d55e46c4bfd19a20e962fd1eab78bf15de5dc5381d4dc79c0b56303963e8,0x5b0fa35477d9681b029d278f69dbe4f4051ccb97,0,67612331,100,1,0x0000000000000000000000000000000000000000,18,?,24,2.1748241663853234,0.09090909090909091,1,0.8414473355064653,0.08333333333333333,0.065,2,24,2.1748241663853234,False
0x6528b26cfe8ae03a94e7000b23da2540e3e55b5d9401ec05d0b657917a9be0ac,0x7754c2a8ef83319e3f79c7497c128a309ea30ba3,0,67612506,8388608,200,0x4e3468951d49f2eea976ed0d6e75ffcb44a9a544,18,?,5,0.003951298761397265,0.6666666666666666,1,1.0,0.2,1.4061690945501e-05,2,5,0.003951298761397265,False
0x6febfdcec00a939195464365283445fba38428a6d80dae2e22d4f8783e4a0b9a,0xc29c1386932739b9dea35c7c79cdc0575afb1325,0,67613679,10000,200,0x0000000000000000000000000000000000000000,18,?,68,11.009512673375884,0.8888888888888888,1,0.28577106823042236,0.058823529411764705,0.169734526845654,32,68,11.009512673375884,False
0xe6b7754f6cef3d7262ca6611218028e8c7139b0c09e493ca7474d2bbe39042a0,0xc20069ef6ef916fcf2deb376ab2a3755b2f5e851,0,67613763,10000,200,0x0000000000000000000000000000000000000000,18,?,7,0.835978602239219,0.16666666666666666,1,1.0,0.2857142857142857,0.1485,1,7,0.835978602239219,False
0xf9bc0346d2713313718875e024a5bfa7acd900b20409adb3090f5e0aff757c96,0xc2edf547032ed1f4296b385a2badcbb0d79d4e2a,0,67613786,2500,25,0x0000000000000000000000000000000000000000,18,?,44,2.410190298718146,0.9130434782608695,1,0.38933913199003717,0.045454545454545456,0.0703472,21,44,2.410190298718146,False
0xa9e9e4ad164aa8706e128ef2d712e2a64c59fb0cdc7eec3172a8d355d692dfb0,0xa983abd4497f062882e3b014c3c7442cea1ae851,0,67614054,808670,19824,0x0000000000000000000000000000000000000000,18,?,4,0.000499663696037641,0.0,1,1.0,0.25,0.00010923942281831149,0,4,0.000499663696037641,False
0xba93f83da3d5dca5ca802d866a82036eef5175ac4cde024b0d7810ce960fd45c,0xe20359d3e4cb4540c3383452116c90f27cd92e34,0,67614369,0,200,0xe5e702641ea86f4ae6cc3cdaed2b886f976be044,18,?,379,12.030575593701101,0.9637305699481865,8,0.21873212471570605,0.026385224274406333,0.008327699777766455,186,379,12.030575593701101,True
0xfea2ac87e26d66f63d1cbfd242703da4efae13e97effc028d76a9bf4f81f8cfe,0x3c427fcfb2504c55b59dcb6858b220c817cc1e18,0,67614430,8388608,8,0x4e3468951d49f2eea976ed0d6e75ffcb44a9a544,18,?,0,0.0,0.0,0,1.0,1.0,0.0,0,0,0.0,False
0x655097d97186c20fcae4f98b6dabca3b5fc760006ecbac232c162db93d1ece2d,0x42baca38866c9ccae91a975a15908d8b3433e851,0,67614437,10000,200,0x0000000000000000000000000000000000000000,18,?,77,9.1325072874366,0.7111111111111111,1,0.20692827338996247,0.11688311688311688,0.125,32,77,9.1325072874366,False
0xcde9460a4a5ba0db94ce7e216af175164a7417c7d00c960ffdd658282bfc1a36,0x012962ef7cabb50318196cee15ab6164e66a8da2,1,67614802,100,1,0x0000000000000000000000000000000000000000,18,?,50,5.840974272754819,0.19047619047619047,1,0.6448891413467605,0.04,0.04915,8,50,5.840974272754819,False
0xca0a8730ab3089690f058e340a2441eea3f5adec70dc60b6f828402d302de6f0,0x2449c6e10640f1c0186d77708239dd2b181e18ff,0,67614960,808670,19824,0x0000000000000000000000000000000000000000,18,?,7,0.001153917363065372,0.16666666666666666,3,1.0,0.14285714285714285,0.000168396626370364,1,7,0.001153917363065372,False
0x63ea2442261b69f6624c5480375d4f181ee31bbe8f9ba1855b4f2895d4e0f50b,0x116ed603a409b83cb6fd9ee416cb5270a4d30254,0,67615747,10000,200,0x0000000000000000000000000000000000000000,18,?,1,1.999272e-06,0.0,1,1.0,1.0,1.999272e-06,0,1,1.999272e-06,False
0xb1647789934e5b8dc62d82e42a410d004c30c4bd47792cf11816e17e092c4d1c,0xf2880c756cbf6f461a7bbfa8fd2f62efcd588345,0,67615798,810000,19988,0x0000000000000000000000000000000000000000,18,?,4,0.000902211534276543,0.0,1,1.0,0.25,0.0002191522119016275,0,4,0.000902211534276543,False
0x86f2f32a63108e12fa0823d27a54a7685ec935a94fa3bf0d81293dae0b717973,0xf2880c756cbf6f461a7bbfa8fd2f62efcd588345,0,67615840,808670,19988,0x0000000000000000000000000000000000000000,18,?,3,0.000657330924954118,0.0,2,1.0,0.3333333333333333,0.000257538034600147,0,3,0.000657330924954118,False
0x926cce1597bdd0971c358ada3d521f57f79902f907795877f79745ec705a14cb,0x776eae7e0997bd89d97dfb3adfa49870edcab401,0,67615884,10000,200,0x0000000000000000000000000000000000000000,18,?,26,0.8356967461528725,0.08333333333333333,1,0.6685224728955375,0.07692307692307693,0.02517669,2,26,0.8356967461528725,False
0x233ed97513dc6ef944de3b6c6374bb20cac98c9df1fb1d940a405e84271034b8,0x13a1d9fee962de32dbe3dc4b06e31644240f0ef1,0,67616154,100,1,0x0000000000000000000000000000000000000000,18,?,43,3.777400571753445,0.16216216216216217,1,0.5190194807943104,0.046511627906976744,0.076,6,43,3.777400571753445,False
0x80df08c3a6ca1ce5e7e56b7246f11394e509eb47cc489250e1fac6a8d4e5d243,0xe20359d3e4cb4540c3383452116c90f27cd92e34,0,67617043,810000,19988,0x0000000000000000000000000000000000000000,18,?,2,0.000286314738312889,0.0,2,1.0,0.5,0.0001431573691564445,0,2,0.000286314738312889,False
0x2c27daef4caf9d61f6d5d56393248c0a78f74bb850ab21431c2a9f170a451cbe,0xcf99f5779cebd1acf38806ec551c9a789fc88ef9,0,67617171,810000,19988,0x0000000000000000000000000000000000000000,18,?,0,0.0,0.0,0,1.0,1.0,0.0,0,0,0.0,False
0x7823ef4d0b420f105405e3358806767dd06b91597c3a3e30224c0ed4550624cf,0xe20359d3e4cb4540c3383452116c90f27cd92e34,0,67617624,808670,19988,0x0000000000000000000000000000000000000000,18,?,4,0.000520400294118725,0.0,3,1.0,0.25,0.000127483652739909,0,4,0.000520400294118725,False
0xa1c1faa732f87fba8c3361647573c0a15d33bbbd350cf333ae7efe42856638c6,0xcf99f5779cebd1acf38806ec551c9a789fc88ef9,0,67618183,808670,19988,0x0000000000000000000000000000000000000000,18,?,0,0.0,0.0,0,1.0,1.0,0.0,0,0,0.0,False
0x0dfc08459a1afdd24bec644fd18e857b9212e14ccc4c319fcecb35822bba3fb0,0xbb0230f2012133f0dd2bd951db1ba38b76ed0d7b,0,67618574,0,60,0x4e0bad9549c3141a66a4f30cf874df27ca7e20cc,18,?,0,0.0,0.0,0,1.0,1.0,0.0,0,0,0.0,False
0x59d21ddd36963198beb9b0644885215c73f997bd3bdb048bf15f63f3aff17dfc,0x2af640269eb3f8a46db2c5c446c728e65d82fbd8,0,67619759,808670,19824,0x0000000000000000000000000000000000000000,18,?,3,0.000369112930682023,0.0,2,1.0,0.3333333333333333,0.00010003450523055,0,3,0.000369112930682023,False
0x21c763ae434b4a5f36b73a5e5c325e96c7bc439ab41c37806b64d2ca2910b9b7,0x0d5f676ede55b6fa5a6e416f60b9f26635067a49,0,67620023,810000,19988,0x0000000000000000000000000000000000000000,18,?,0,0.0,0.0,0,1.0,1.0,0.0,0,0,0.0,False
0x6dc31d9986a410600d42671c6f7d6003be3d3cc428a98b03d0af77a8fb4bdd8a,0x0d5f676ede55b6fa5a6e416f60b9f26635067a49,0,67620067,808670,19988,0x0000000000000000000000000000000000000000,18,?,2,0.00024259558107268,0.0,2,1.0,0.5,0.00012129779053634,0,2,0.00024259558107268,False
0x0cb83d611cf465337d6123f03df88a19204df4c2b0f9982f341ab3ae5e4df1a2,0x7740d9237449088eab9d46ef5ecdad34dbed0338,0,67620395,10000,200,0x0000000000000000000000000000000000000000,18,?,14,1.6740121535500796,0.5555555555555556,1,0.9960318713505595,0.14285714285714285,0.15641794506463771,5,14,1.6740121535500796,False
0x45c0bd89b854a9c3cb50114f6d74fed523a4ee8c52796b2a2f0c4fbb92c64a28,0x1a176676fbf34c846f49c5192305da895f3235be,0,67621149,2500,25,0x0000000000000000000000000000000000000000,18,?,1215,14.724821131771398,0.19234543670264967,2,0.49107200213069735,0.06255144032921811,0.0025,196,1215,14.724821131771398,False
0xa0dcb70069d54860148202b5eadd12e326b272eb4f895c76e72b0f0ec702424f,0x45bd7fbd278af8f9612ba86db388156583f36944,0,67621292,100,1,0x0000000000000000000000000000000000000000,18,?,433,61.93322792347518,0.9504504504504504,4,0.12886676191792035,0.011547344110854504,0.099,211,433,61.93322792347518,False
0xe78b26e0af017e5329d507fdda0370e943c60382ae35bef2f8022e3b2f52e464,0xc9f63e46de010231edbedf4d1ae4d76cdfeffbd8,0,67621489,10000,200,0x0000000000000000000000000000000000000000,18,?,6,0.5411668287936993,0.2,1,1.0,0.16666666666666666,0.10621005110798404,1,6,0.5411668287936993,False
0xa0ab5d4ef2cacee04a221b04b493922bae4b242b8047359b88f857107144a51b,0x3b37c13352e9a709032f574b67112a74bbce0284,0,67621509,10000,200,0x0000000000000000000000000000000000000000,18,?,10,1.3124041020613906,0.42857142857142855,1,1.0,0.2,0.16069061458196313,3,10,1.3124041020613906,False
0x3834fc44638bd186f16193cae0d67918814a8eddde3f6973fdf8f1c43deec354,0x0b7915fb61895e4b9c3a46f6f8d4f29d08c2fbd8,0,67622173,10000,200,0x0000000000000000000000000000000000000000,18,?,8,0.8828548151124236,0.3333333333333333,1,1.0,0.125,0.14713274863602782,2,8,0.8828548151124236,False
0xc29e6df2f01bae046ef09f6a6bada34de9eb98fb30543b73a8d19981db078161,0xfdee2c0d05d8f12a95af452f9ea2b0bc092342e1,0,67622279,810000,19988,0x0000000000000000000000000000000000000000,18,?,0,0.0,0.0,0,1.0,1.0,0.0,0,0,0.0,False
0x7186052c76eb28295a019328d08d4b1ab1b60e437d2be73855c18ca5124fe533,0x4874a20a23db4be7b86e8981d41f864bff867841,0,67622312,10000,200,0x0000000000000000000000000000000000000000,18,?,7,0.7321067266113844,0.16666666666666666,1,1.0,0.14285714285714285,0.11200562706738441,1,7,0.7321067266113844,False
0xbc2c460354f4d54e6f36ae5580125b42a406bb851c230d18eb3c1bbd7cedc63e,0xfdee2c0d05d8f12a95af452f9ea2b0bc092342e1,0,67622319,808670,19988,0x0000000000000000000000000000000000000000,18,?,2,0.00027864627797663803,0.0,1,1.0,0.5,0.00013932313898831902,0,2,0.00027864627797663803,False
0x872ec7a6077d45c02a214a71dfe237a05ac0a6056e3e17e6b1bd050e02cb1655,0xfdee2c0d05d8f12a95af452f9ea2b0bc092342e1,0,67622326,0,200,0xe5e702641ea86f4ae6cc3cdaed2b886f976be044,18,?,2882,67.61029901757067,0.8368387507966858,8,0.043046195541003,0.04753643303261624,0.009703801000511514,1313,2882,67.61029901757067,True
0x6b4a9734d7a19706188b3ff0a84c790164f630c861508b6ed5ac306a651ecf0e,0xee9a89fadf3894fed75bf312f9252f770e287f5a,0,67622401,200000,2000,0x0000000000000000000000000000000000000000,18,?,0,0.0,0.0,0,1.0,1.0,0.0,0,0,0.0,False
0xf463dc5fc970955e3ab52454c7a477165a2aec357e73d0087b93a5d91087b5eb,0x8cd719f98dda3fe6e7526a37d83902c214d0b611,0,67622497,100,1,0x0000000000000000000000000000000000000000,18,?,254,54.57963117544118,0.40331491712707185,1,0.2228698601442037,0.027559055118110236,0.16,73,254,54.57963117544118,False
0x768f28318c1386fc005d1e1d09519963109c3efb33811a4b2f8663dbb7ebc6c0,0xd716ad7ed669f3ba58d2204c84532c628a5c724a,0,67622526,790000,60,0x0000000000000000000000000000000000000000,18,?,0,0.0,0.0,0,1.0,1.0,0.0,0,0,0.0,False
0xb06746f2c34740dfdfcfcdca643143feb96eca3caf4e8ec5ebba53192a26d6b0,0xddd87cc1ccc31520961da7fe3a843a625cd842e1,0,67623054,10000,200,0x0000000000000000000000000000000000000000,18,?,12,1.453232611687003,0.3333333333333333,1,0.9999304318392066,0.16666666666666666,0.1392728292361225,3,12,1.453232611687003,False
0x29f69471822deb310aabae833566276c0487bd888026c14f3ae22e918dbffcbe,0xa52f09c74a573857f0f799333a9f705b543667ba,0,67623204,10000,200,0x0000000000000000000000000000000000000000,18,?,7,1.0649058493236823,0.16666666666666666,1,1.0,0.42857142857142855,0.22275,1,7,1.0649058493236823,False
0x16e9949120ca8d5f37a39ea395a1e6863c0601b6e8a6cd53002535b19c62c512,0x1a85404c0e04667489241235650d39ac413409bc,0,67623292,100,1,0x0000000000000000000000000000000000000000,18,?,294,55.39787393252725,0.6994219653179191,1,0.14474053846910295,0.013605442176870748,0.1503941012838716,121,294,55.39787393252725,False
0xf084f6818b891198472fec85d9df400a6f3cfade58dd145944d87d52016a6d3e,0xd716ad7ed669f3ba58d2204c84532c628a5c724a,0,67623506,810000,19988,0x0000000000000000000000000000000000000000,18,?,0,0.0,0.0,0,1.0,1.0,0.0,0,0,0.0,False
0x687833b465769b7d27c545bf5d1b8443a95b1ecdc8cb6342f871cc6896c25be5,0x25181962d78935813eeca1e0adea0668648797d3,0,67623711,880279,200,0x0000000000000000000000000000000000000000,18,?,1,3.9286113510053e-05,0.0,1,1.0,1.0,3.9286113510053e-05,0,1,3.9286113510053e-05,False
0xc5d855907af3b55dc127fcec9ffdbb6d258e486001cf9330fd84a20774548aab,0x8a0ecb6aa5665c22b35c551a6db294a2c5bddff9,0,67623950,10000,200,0x0000000000000000000000000000000000000000,18,?,4,0.472851098414,0.0,1,1.0,0.25,0.11142455,0,4,0.472851098414,False
0x8b686bae0c43c42205dd952fdae9fcaedf5a5197bbfd8bd4f30c51241168551b,0x48d18c6c563780bbcd6e26945e237c501d2e42e1,0,67624007,10000,200,0x0000000000000000000000000000000000000000,18,?,7,0.7819834135804817,0.16666666666666666,1,1.0,0.14285714285714285,0.12458170602285547,1,7,0.7819834135804817,False
0xd623581233a36be9e21d61ca28d41e5e1ad77607ea8df6a68a0d3349da58a63f,0xd716ad7ed669f3ba58d2204c84532c628a5c724a,0,67624039,808670,19988,0x0000000000000000000000000000000000000000,18,?,0,0.0,0.0,0,1.0,1.0,0.0,0,0,0.0,False
0xec6179988ed254b826cab6fa6ef0f8ebf9c43be26deabc8aa0d79a6f7411a106,0xee9a89fadf3894fed75bf312f9252f770e287f5a,0,67624059,99000,990,0x0000000000000000000000000000000000000000,18,?,0,0.0,0.0,0,1.0,1.0,0.0,0,0,0.0,False
0xba49d2695892206d7a7968bb28c4d3c7d6c57d6d24200c8fc7b0b9bacf157af9,0xb75f07b54fcf30215ed23df918d33c8212f2120f,0,67624574,10000,200,0x0000000000000000000000000000000000000000,18,?,7,0.9533673565752222,0.4,1,1.0,0.14285714285714285,0.205809561772264,2,7,0.9533673565752222,False
0xfcc59a842667d4c0d52531fe065697b6aa90ee6e9f80418991d10d437ca7a0f2,0xd902de3f66b89c3f713e826663b727546ce742e1,0,67624765,10000,200,0x0000000000000000000000000000000000000000,18,?,9,1.0198205096567918,0.2857142857142857,1,1.0,0.1111111111111111,0.125,2,9,1.0198205096567918,False
0x711e917d25110a39592dd865ef1f3d412adacb087885db0519c00cc4137d9f81,0x765eecec6b7bee0474d00faf76e61fca8ed027b3,0,67625036,890000,8900,0x0000000000000000000000000000000000000000,18,?,0,0.0,0.0,0,1.0,1.0,0.0,0,0,0.0,False
0x30be8fa7c490751b9218ce82331200453c64a53466eb35edb02e3c1c995cf93c,0x554b22afbba45dc5ab25c208c4f691ce21136fa4,0,67625372,10000,200,0x0000000000000000000000000000000000000000,18,?,4,0.470351099786,0.0,1,1.0,0.25,0.09904955,0,4,0.470351099786,False
0x7b170625f7e2bbb643390dde158c689a07cd91e06fd5f5d4333440654e04cdf9,0x3be50fdbd1eaaf7319a67b187ce9a7fdec0d1985,0,67625541,500,1,0x0000000000000000000000000000000000000000,18,?,13,1.906590364973522,0.3,1,0.9997896252286967,0.07692307692307693,0.09659,3,13,1.906590364973522,False
0x16c0d76e51a1a48d2f99312715363655a154c188b93adf9e980b81d0fb8fab10,0x9cdd6f8238f71a1b103546a6c03295e958b642e1,0,67625579,10000,200,0x0000000000000000000000000000000000000000,18,?,4,0.34860109917800003,0.0,1,1.0,0.25,0.07429954999999999,0,4,0.34860109917800003,False
0x8a1cc0187a6f5eef8ffa6d7e0208a3f6594ec7cbd2e1afa704a8c696c29428ce,0x363bfb98f67fa1abaae7a9f907256065aecad73a,0,67625984,10000,200,0x0000000000000000000000000000000000000000,18,?,4,0.420851099028,0.0,1,1.0,0.25,0.09904955,0,4,0.420851099028,False
0xf3a6a9257ec647b4bb7e6d454fe09addffeb0552613683355372b1c38db211d2,0x8b45fe112fdb7e5b5d4acf866531b3c0e82d35be,0,67626222,10000,200,0x0000000000000000000000000000000000000000,18,?,4,0.373101099706,0.0,1,1.0,0.25,0.08754954999999999,0,4,0.373101099706,False
0x5a5b4f132b26aa5f1478c67ad027f7d4d58ebabdad167a6e7cd7cd556768a5b3,0x1affeced5f52880a068854664fb3315b939e7629,0,67626614,10000,200,0x0000000000000000000000000000000000000000,18,?,68,13.99053249701576,0.7,1,0.2663099702048241,0.1323529411764706,0.225,28,68,13.99053249701576,False
0x6f40b4532bb3c164f791752ec413162f3498f53d216bbb3fb9c46419149eac5d,0xd04c4a19e8c8f04922775bcc645a3a8479f435be,0,67626759,10000,200,0x0000000000000000000000000000000000000000,18,?,76,11.63557029852167,0.6888888888888889,1,0.21329766405934703,0.11842105263157894,0.17325,31,76,11.63557029852167,False
0x45985f63bdf000456579f9ea245573004c1150233895b33d9ceb3ca4bd28ab23,0x7f24b1209a0eb6d6e3e6006b0583781af0fc4624,0,67627662,100,1,0x0000000000000000000000000000000000000000,18,?,288,61.04021771896631,0.37799043062200954,1,0.15137690940125664,0.027777777777777776,0.17,79,288,61.04021771896631,False
0xf5d3ceaa639db5d6f0f3df91be88ee9f967a3f97e9bba0d5adc59f2b81a73235,0x9500240b04201260a7734dd01200366470831e20,0,67627965,10000,200,0x0000000000000000000000000000000000000000,18,?,0,0.0,0.0,0,1.0,1.0,0.0,0,0,0.0,False
0x1694bca49bee7faa5016583ba23bf8ebe303378b9d5be9b2338dc74a1e2f9730,0xd273365010b794ec7fef2b76ea8ac5d9357bb94b,0,67628017,500,1,0x0000000000000000000000000000000000000000,18,?,93,10.225918292400493,0.55,1,0.31833856614705963,0.043010752688172046,0.08,33,93,10.225918292400493,False
0x3d73cf73853b825d7c3c9ca3f7d681831a903aa5d2fce6ccb9850e3ba218efa6,0xf1f15423ebf7dd178f87822aff4f2f56a2713ba3,0,67628491,8388608,200,0x4e3468951d49f2eea976ed0d6e75ffcb44a9a544,18,?,0,0.0,0.0,0,1.0,1.0,0.0,0,0,0.0,False
0x1406e847678f4fd903f3cb3a4e1b3797ab1b7b697fe0800ab7c96baaf4f8fdec,0x430a8b3664e864962367ece80e44604d1cfba9b0,0,67629066,880279,200,0x0000000000000000000000000000000000000000,18,?,0,0.0,0.0,0,1.0,1.0,0.0,0,0,0.0,False
0xec23311b2531ab4b2a1776c9a6a283ef5fe5ff030f3287b762bc1dd75b48769c,0x4d23d71040170ccb968d0202de232f905727bba3,0,67629274,8388608,200,0x4e3468951d49f2eea976ed0d6e75ffcb44a9a544,18,?,25,0.15809839522474967,0.6666666666666666,2,0.9619314844590496,0.08,0.000965939670075585,10,25,0.15809839522474967,False
0x66da10065d60735b9137c71cd0aad397f5fba9bd18e038f5f4f5f139e28694bf,0x1f0b5795ab5d0c9bb5e6cc734c442cdeee2ffba3,0,67629732,8388608,200,0x4e3468951d49f2eea976ed0d6e75ffcb44a9a544,18,?,5,0.18357306519574362,0.6666666666666666,1,1.0,0.2,0.000793147883897886,2,5,0.18357306519574362,False
0x0c6204f9aa88e2ac308071ceaae7f5d2c812e57cb8621add2f7214fee8d852ef,0xce6b10ab6059b0404cb88b2c42130cdefa0bf0a1,0,67630815,880279,200,0x0000000000000000000000000000000000000000,18,?,0,0.0,0.0,0,1.0,1.0,0.0,0,0,0.0,False
0x99ae5959daa6830520474f2a3f4798fc8b1c9bfec0ef118e62357568586568f5,0x2449c6e10640f1c0186d77708239dd2b181e18ff,0,67632071,200000,4000,0x0000000000000000000000000000000000000000,18,?,5,0.001174883064960364,0.0,1,1.0,0.2,0.000231115286571669,0,5,0.001174883064960364,False
0xf66bdb0cc90f3c05818bfab3484703e9b897380c510e8eebd35ac5759771f052,0xd0d8d4c05c6d7bbc0f820dfe8b0c93b4e7e89cc1,0,67632273,100,1,0x0000000000000000000000000000000000000000,18,?,137,31.475443734298626,0.3047619047619048,1,0.43171544379680865,0.051094890510948905,0.13,32,137,31.475443734298626,False
0x9f2da8f7ef00bbb7d7cb27a33c7385b40767a88c52fd3789b7a5a64d26d11137,0x78c81043d50c4d4a66f5861799060de82fda5e44,0,67632523,0,60,0x4e0bad9549c3141a66a4f30cf874df27ca7e20cc,18,?,0,0.0,0.0,0,1.0,1.0,0.0,0,0,0.0,False
0xe561ec5d786e45473fe4c00a23878792130683a1d9dd99c8782230d07e6fa94f,0xac6f8a2f1bc5e80aadbb73a56312d1883088e8e7,0,67632767,10000,200,0x0000000000000000000000000000000000000000,18,?,49,9.013020481734003,0.75,1,0.3319357073356483,0.08163265306122448,0.198,21,49,9.013020481734003,False
0xe87f907b4dee96f6995e8f7cd35b030876c225c0b1f391b7924adf850ae1bab9,0xb1d485061867d16edca12f527ea3793975007f24,0,67632908,100,1,0x0000000000000000000000000000000000000000,18,?,3,0.0013615618864385641,0.0,1,1.0,0.3333333333333333,0.0002574,0,3,0.0013615618864385641,False
0xdf70328eed70c6ba7fb3bd080475c474d1786ba9b3ac2007673d167c8068cc8c,0x4d9623ef6dd61dd4f095e23e9db3e912dd7a48a6,0,67633159,500,1,0x0000000000000000000000000000000000000000,18,?,90,11.69458911726948,0.21621621621621623,1,0.3327997423194883,0.044444444444444446,0.103736,16,90,11.69458911726948,False
0x77dfe9e33d03bc1a95528019cf04a43d73006e8024c00b2d519f1f48c514e18e,0x2449c6e10640f1c0186d77708239dd2b181e18ff,0,67633281,200000,2000,0x0000000000000000000000000000000000000000,18,?,11,0.001733569794572806,0.2222222222222222,1,0.9989905223282739,0.09090909090909091,0.000161712282384023,2,11,0.001733569794572806,False
0xaf0600c8c5dfc6859eafe5f1433130429bbb81d8f1154ccbb3a40a112ebd7f51,0xc5f8f949dee3f4f7a47f7807307b3912468a8ba3,0,67633421,8388608,200,0x4e3468951d49f2eea976ed0d6e75ffcb44a9a544,18,?,12,0.3946726033612094,0.7142857142857143,1,0.9996710027615169,0.08333333333333333,0.0008052249444708105,5,12,0.3946726033612094,False
0xb2d7fd718e393544b380da2c8839e1be9749763c5e0ea229041c0339f8f26347,0x0b34ef4aa02db70b03b9eecd0328d3ff0d0442e1,0,67633895,10000,200,0x0000000000000000000000000000000000000000,18,?,68,9.455619123334705,0.6585365853658537,1,0.2452903888801649,0.08823529411764706,0.1556386507768134,27,68,9.455619123334705,False
0xe992938d1dd68180b3b944ebe85960acb88369ab5ab0e40e7a30909f012faa2e,0xb5cd7538e861f82122f99990056f738534896d90,0,67634088,8388608,8,0x4e3468951d49f2eea976ed0d6e75ffcb44a9a544,18,?,0,0.0,0.0,0,1.0,1.0,0.0,0,0,0.0,False
0x1a2df7525f8003ffc6223cb808f8721a2d5a9f97768fc2dfbec7fd01bd3b73fb,0xee2116bbc359db3c3beb0861463d25871bb6f548,0,67634173,10000,200,0x0000000000000000000000000000000000000000,18,?,8,0.16924266928987047,0.6,1,1.0,0.25,0.0009130420540605581,3,8,0.16924266928987047,False
0x99562c2213ae7eef211e2766fa61e4c717a9aea27a57a88d9533c83559b15afa,0xfbdec52c53d6a0c83a45119bd7d6bfc479f7cd7f,0,67634791,100,1,0x0000000000000000000000000000000000000000,18,?,158,39.672469667795944,0.20610687022900764,1,0.3109136905131109,0.03164556962025317,0.1609,27,158,39.672469667795944,False
0x25e393719719ee52184906b2cb546a6da465df136b010d13c963c3909b50678c,0x34dd9b0f95b41fe6e9ad41e68f9bfc86a2c1c57f,0,67634847,810000,19988,0x0000000000000000000000000000000000000000,18,?,0,0.0,0.0,0,1.0,1.0,0.0,0,0,0.0,False
0xaa6a4ecadcb4965d579725e2fd4a5d1458eef021776d0ded144e35b3b43aea9b,0x34dd9b0f95b41fe6e9ad41e68f9bfc86a2c1c57f,0,67634892,808670,19988,0x0000000000000000000000000000000000000000,18,?,1,0.000456161486852138,0.0,1,1.0,1.0,0.000456161486852138,0,1,0.000456161486852138,False
0xc8a4274207e354c3c562dbdab56b192d60ad0cd6cfcae593f1f9cb16e598ec11,0xacb2a27574710ed9f25abdeb82571c4b04e65c58,0,67635135,100,1,0x0000000000000000000000000000000000000000,18,?,0,0.0,0.0,0,1.0,1.0,0.0,0,0,0.0,False
0x1ec76fbe79a434921c9620cc9e3f18ad3de0abf090ee6b29c33b273878530069,0x253d871ffbadbe84bbfcc654985e016971e34a6a,0,67635344,2500,25,0x0000000000000000000000000000000000000000,18,?,286,4.58159408729111,0.7023809523809523,2,0.7805666113636761,0.04895104895104895,0.0023,118,286,4.58159408729111,False
0xa2dc002b748fa6c0a436851a38706d8163556df81ee13bbf7ed170e4d98eb8b8,0x541aed1f28ebba7ce37fc1780fbaa3ce0feeb2ba,0,67636083,880279,200,0x0000000000000000000000000000000000000000,18,?,1,1.337813594999e-06,0.0,1,1.0,1.0,1.337813594999e-06,0,1,1.337813594999e-06,False
0x20fbe9b9b5361ce7b0e75667e1a69dd25e45b96a32bce6fcab7b16e25321e3f3,0xe0728acc2ff9772846c2111f12540928dea771f1,0,67636176,8388608,8,0x4e3468951d49f2eea976ed0d6e75ffcb44a9a544,18,?,0,0.0,0.0,0,1.0,1.0,0.0,0,0,0.0,False
0xb61a7428fffecf81731e6b1a74704f88523d6a996aeed55d62ed5197c154f3a0,0x4d066ab4d924b7b3d01c6ecbfc142efe33aeb7fa,0,67636216,2500,25,0x0000000000000000000000000000000000000000,18,?,363,0.5107276511986878,0.8615384615384616,8,0.08773237517836652,0.005509641873278237,0.001323311939098207,168,363,0.5107276511986878,True
0x5b6fde9b5083ab5b040a257956a3f32207b778c9d9b7b4d3382e98bf776de04b,0x582daaf4d71f871e3e2c1b1787fa59520a0c59ca,0,67636359,10000,200,0x0000000000000000000000000000000000000000,18,?,71,12.320547303609068,0.7317073170731707,1,0.24327089030510982,0.08450704225352113,0.175,30,71,12.320547303609068,False
0x48389024d64c3d67ebca8d6d7834913a5bd322f3318b12c75c5b735ea4b5cc00,0xe02c53d448a62067b2ac10ed70f5bc6c29471386,0,67636418,880279,200,0x0000000000000000000000000000000000000000,18,?,0,0.0,0.0,0,1.0,1.0,0.0,0,0,0.0,False
0x8a393e129d7a4a948b251472696da1ba96386e8aef55424b28f4687592b12bba,0x6b5bd1365bb17a5d5fdfc7511a85e56c08907587,0,67636825,100,1,0x0000000000000000000000000000000000000000,18,?,888,202.8510539987351,0.4533551554828151,3,0.1034018989454068,0.02252252252252252,0.1495,277,888,202.8510539987351,False
0x91a03568783448ebf4d5604d74c050a6340124908cdfb5f603d8a1832b37e831,0x562683f688aaa5ab87b2d496db599f55d52c69f8,0,67636902,2500,25,0x0000000000000000000000000000000000000000,18,?,911,11.619828543636844,0.2759103641456583,2,0.5142337097282562,0.05817782656421515,0.0026,197,911,11.619828543636844,False
0xbe55c832a8df4f0f22274fc5c41d61c5e47d194f8ec288a677775d01287ac69e,0x1fb093469f3950243edf31c8a30a34025e2d47b7,0,67637014,880279,200,0x0000000000000000000000000000000000000000,18,?,0,0.0,0.0,0,1.0,1.0,0.0,0,0,0.0,False
0x721b610229ccd17c967bb8cb6803cd6f2ee734a287db3591ee5a3269fc4c5dd5,0xebd79ceada7a7798ee75727671581dda5a9e88e4,0,67637838,880279,200,0x0000000000000000000000000000000000000000,18,?,0,0.0,0.0,0,1.0,1.0,0.0,0,0,0.0,False
0xdb93d48a5cf0720703b7e70ac408f6be805beb12ff0798e6d1e74da7a8489123,0x6f893b0a411c009a5f9aa7d8538df33dd24ae4f4,0,67637845,150000,3000,0x0000000000000000000000000000000000000000,18,?,0,0.0,0.0,0,1.0,1.0,0.0,0,0,0.0,False
0x2c5467e3b15604c647e7550fbf3463c9c006ba95c96d378722791aebbb1e4762,0x63de0e7193f1c6eb001fc86836036c9c6c26254a,0,67637882,810000,19988,0x0000000000000000000000000000000000000000,18,?,0,0.0,0.0,0,1.0,1.0,0.0,0,0,0.0,False
0x5b3f646d86b97cba9d89cb3531560cb9588c10531b4f2565c1f9e5892b5cd0c3,0x63de0e7193f1c6eb001fc86836036c9c6c26254a,0,67638140,808670,19988,0x0000000000000000000000000000000000000000,18,?,1,0.000190737727559824,0.0,1,1.0,1.0,0.000190737727559824,0,1,0.000190737727559824,False
0xca209243626ac739dfee5eea36bc5bf0b8a0c36edf2d2119dace516bd4d6e236,0x670f64d67b62a43c83935a30da0f9be9f46fb129,0,67638810,500,1,0x0000000000000000000000000000000000000000,18,?,77,8.91756709635836,0.7906976744186046,1,0.3922293227150032,0.05194805194805195,0.08109,34,77,8.91756709635836,False
0xe4ae873e817c22e873732d297672f004ed65a6c5c02bba001dc1f1711b9cc397,0x398a787fcfa9de268411cc7b4cedd5f3a4d0abe2,0,67638957,810000,19988,0x0000000000000000000000000000000000000000,18,?,0,0.0,0.0,0,1.0,1.0,0.0,0,0,0.0,False
0x151da360320b9155952b00ae494fb52af97a2e1836e4ac17c8982b2a765101b2,0x398a787fcfa9de268411cc7b4cedd5f3a4d0abe2,0,67638998,808670,19988,0x0000000000000000000000000000000000000000,18,?,0,0.0,0.0,0,1.0,1.0,0.0,0,0,0.0,False
0x593c30987134c6596db60e94365173a4aaecc4c5c010c3e1e76e6b949de5275f,0x17741130b9e41a09aae78e9f4f9307a68bc7bba3,0,67639042,880279,200,0x0000000000000000000000000000000000000000,18,?,0,0.0,0.0,0,1.0,1.0,0.0,0,0,0.0,False
0x740c6de971e4439442d02ee22ed630da34e9125456805e3e7fed1d7a3812b1a1,0x1fbfdf5fe2d5afe6f0d7abad8afd3939ed968cdf,0,67639105,790000,60,0x0000000000000000000000000000000000000000,18,?,0,0.0,0.0,0,1.0,1.0,0.0,0,0,0.0,False
0x069ce4d58f48659fd77c044229b7ce66e85106f11ec321c8bc9225fc5b07bb9f,0x1fbfdf5fe2d5afe6f0d7abad8afd3939ed968cdf,0,67640176,810000,19988,0x0000000000000000000000000000000000000000,18,?,0,0.0,0.0,0,1.0,1.0,0.0,0,0,0.0,False
0x1fd43d421d81b2898ca01ffaeb674b799537dea4048e9ec8e11b7a125e8d3c33,0x1fbfdf5fe2d5afe6f0d7abad8afd3939ed968cdf,0,67640218,808670,19988,0x0000000000000000000000000000000000000000,18,?,0,0.0,0.0,0,1.0,1.0,0.0,0,0,0.0,False
0x4209c94322ff573ac87b1076dde97f87b443ec9b3279daa05c835d4469f69b10,0xe5b749f0dfa4ed0b829329e644bea68476c087b6,0,67640859,100,1,0x0000000000000000000000000000000000000000,18,?,4,0.0032034496934599463,0.3333333333333333,1,1.0,0.25,0.0009108,1,4,0.0032034496934599463,False
0x2a3f7c9fe31106324bbe69944c77619e69c778bee1ea1c3b1b3980b409093a12,0x7be60d839e46d1f6de3ecf3375694ccde01469f8,0,67640974,10000,200,0x0000000000000000000000000000000000000000,18,?,72,9.502340599647932,0.6363636363636364,1,0.21655724769702187,0.125,0.1442264181023475,28,72,9.502340599647932,False
0x64afb3688b7cd5910cf2c40dea65fe96f52f0393ea58f3dae14a31846e4a5c98,0x1067e873c5c9a0e930d16d515d6d5a056a5eec5e,0,67641262,0,60,0x4e0bad9549c3141a66a4f30cf874df27ca7e20cc,18,?,0,0.0,0.0,0,1.0,1.0,0.0,0,0,0.0,False
0xa09a8899236aa2733fb043d71718985f0f6a7b9747371895de75aab75f371e2d,0x87e805660739fb749a3fa03e662aff788d72e00d,0,67641800,8388608,8,0x4e3468951d49f2eea976ed0d6e75ffcb44a9a544,18,?,0,0.0,0.0,0,1.0,1.0,0.0,0,0,0.0,False
0xcb27f626c5e7fc00bb02876e0ccd006d63511c02e79e1b5b5f71489b78a1aa34,0x2a3039957514599462a9b9aec97ae32a7096dda6,0,67641888,8388608,8,0x4e3468951d49f2eea976ed0d6e75ffcb44a9a544,18,?,0,0.0,0.0,0,1.0,1.0,0.0,0,0,0.0,False
0x7c94f32ac6bf8045ae7b52fbec2118f64ec5bf6fadcb8ab4a37060d8c3eeed56,0xe3b94170f3bf855990eb19d3ef260282057dda84,0,67642046,500,1,0x0000000000000000000000000000000000000000,18,?,0,0.0,0.0,0,1.0,1.0,0.0,0,0,0.0,False
0xefc282ccd8b2bb8c9ec970612f474ad18a02768ad09c56fa6fc3a31708e5ce21,0x08f29b1de63a6e46c9282b6d7eb8096b88bd0801,0,67642199,0,200,0x0310cfebe1d7a69f2414f6595bbe9d17c5342acc,18,?,0,0.0,0.0,0,1.0,1.0,0.0,0,0,0.0,False
0xc0d867a2ce49dd007799131c081dc365a3e658cae0185570553e2dbd85adeadb,0x2bff26f71465c6cfc1e1aff05212f538fa0b71a2,0,67642730,100,1,0x0000000000000000000000000000000000000000,18,?,4,0.002208582108048445,1.0,1,1.0,0.25,0.000552109676770633,2,4,0.002208582108048445,False
0x8dca81fdc9817f7150b480148dcc0c7014ce9c480cb95d77548992a3505d63e9,0x80aa7cdaa93a094285f2d6e61793e6aa27f70981,0,67642733,8388608,8,0x4e3468951d49f2eea976ed0d6e75ffcb44a9a544,18,?,0,0.0,0.0,0,1.0,1.0,0.0,0,0,0.0,False
0x5d79c9e861654ce2443092adfd72f9aabdfcee66170fb599848eea93d7556335,0x0acad859d8e16ff574ad1fac94835884683a44d0,1,67642769,100,1,0x0000000000000000000000000000000000000000,18,?,23,2.169045110955593,0.045454545454545456,1,0.7782226342246685,0.08695652173913043,0.088,1,23,2.169045110955593,False
0x35376a319768537b0d3b174ae344b68124620b4c799e3dbe3a457b58cb7bc2e1,0x4ec758e77b1b80d354de167e7904b99386946b33,0,67642810,0,60,0x4e0bad9549c3141a66a4f30cf874df27ca7e20cc,18,?,0,0.0,0.0,0,1.0,1.0,0.0,0,0,0.0,False
0x2819b101835e6c95030535ffc5385dd7bcf08c9d2136bdab7e420d801ad1893d,0xe4f0ea65d648cb6e5e38409bef2a6a3518baabca,0,67643002,10000,200,0x0000000000000000000000000000000000000000,18,?,74,12.146760200299635,0.8048780487804879,1,0.21646699830948218,0.08108108108108109,0.18671640746366633,33,74,12.146760200299635,False
0x21d94c9cc5b21c31125ba2950c4bf509dc66a79babe439b75967289ff5cd2bab,0x541aed1f28ebba7ce37fc1780fbaa3ce0feeb2ba,0,67643144,810000,19988,0x0000000000000000000000000000000000000000,18,?,4,0.000471654898874622,0.0,1,1.0,0.25,0.00011799721109314149,0,4,0.000471654898874622,False
0xf8a46a51759e89e6b9a6fa896f5284bbdbc7f106610edbbfc739501e7682e3f6,0x541aed1f28ebba7ce37fc1780fbaa3ce0feeb2ba,0,67643679,808670,19988,0x0000000000000000000000000000000000000000,18,?,5,0.000633975894709183,0.0,3,1.0,0.2,0.000136838572681007,0,5,0.000633975894709183,False
0x40d498d6d012c8622d082456ef5d2e65721231bf175fd1ba55aafc677d216cc7,0xa715e606ba91f32f80938b05ad1bdb321b25eb3c,0,67643714,100,1,0x0000000000000000000000000000000000000000,18,?,0,0.0,0.0,0,1.0,1.0,0.0,0,0,0.0,False
0xa8614c3be3b33ad84b5572613e85db0bd44abb51bceadd296735b913d14dace3,0x682a434ebe166f49153bba22799c0d6117d94dfd,0,67643920,10000,200,0x0000000000000000000000000000000000000000,18,?,0,0.0,0.0,0,1.0,1.0,0.0,0,0,0.0,False
0xda316c4bfe08e762f25d5002aa428b07926aa2517d718f6bf95fa5df0c0e757c,0x4ec76457d4e08ee66a6378dc4f813ea5e88eaba3,0,67644057,8388608,200,0x4e3468951d49f2eea976ed0d6e75ffcb44a9a544,18,?,0,0.0,0.0,0,1.0,1.0,0.0,0,0,0.0,False
0xf2915182eb396e6a0eb78e322f7b3df248dd8b370b39ea4fe20da49a6d253d87,0x75e5d7b3a99e745de8fdd68a25556dc5ad04349e,0,67644135,2500,25,0x0000000000000000000000000000000000000000,18,?,125,3.2363946859516415,0.953125,2,0.9545802782289577,0.064,0.001127241514612292,61,125,3.2363946859516415,False
0x1185387f2f06a30a17676ec027d1c0e61ea9c0afd493fb7b12d4407c183d5946,0x6d59cf3d8689dcb2bf92a90af1fa89bb21b6f2b8,0,67644210,808670,19824,0x0000000000000000000000000000000000000000,18,?,2,0.000295668576339315,0.0,1,1.0,0.5,0.0001478342881696575,0,2,0.000295668576339315,False
0xdf2c0a57446d04b41592a81c69325aaff56ea78191f4f96d12223e39f6ad6ceb,0xb27e7fe5bbe5fd096f89af29a45db40bef17349b,0,67644380,500,1,0x0000000000000000000000000000000000000000,18,?,103,11.428774701437543,0.5606060606060606,1,0.3339112139662614,0.038834951456310676,0.07955,37,103,11.428774701437543,False
0x86ed154cb0b584c889ff96eaba8f09af8e84120682eb63a0668b8214cd0e5279,0x1eaaa7892088a119fe9c6b3db2454ca47d33f0b2,0,67645213,2500,25,0x0000000000000000000000000000000000000000,18,?,230,4.323926623078086,0.8110236220472441,2,0.8388583800466338,0.06086956521739131,0.0023,103,230,4.323926623078086,False
0x4e550d4b161ff4b30a515034c0798a0facc6aaeed009cefe1ccc5202768bcde2,0xfdee2c0d05d8f12a95af452f9ea2b0bc092342e1,0,67645963,880279,200,0x0000000000000000000000000000000000000000,18,?,0,0.0,0.0,0,1.0,1.0,0.0,0,0,0.0,False
0xe6a6acb10f05c3215f37664f1a021440e486199646b92f9c9cbee0c0b9c1a134,0x78d719f54f344a90f9a852fd8176603baf480ba3,0,67645987,8388608,200,0x4e3468951d49f2eea976ed0d6e75ffcb44a9a544,18,?,30,0.5674047848118926,0.6666666666666666,1,0.9904124806290673,0.03333333333333333,0.000209391802776999,12,30,0.5674047848118926,False
0x6ef5b3beb032bafb3e04a4130d4579782c37a0dbd8ae044ca5134bd9bb0b93a9,0x94f38c4d3dcf8e191997548ee0db425b381b97f7,0,67646103,810000,19988,0x0000000000000000000000000000000000000000,18,?,0,0.0,0.0,0,1.0,1.0,0.0,0,0,0.0,False
0xe58cd681dc84db3abc756ada054e2b7a71a188dc237e13c314d6601b9ea9ae1c,0x94f38c4d3dcf8e191997548ee0db425b381b97f7,0,67646144,808670,19988,0x0000000000000000000000000000000000000000,18,?,0,0.0,0.0,0,1.0,1.0,0.0,0,0,0.0,False
0x5d97646b1f35685c514a11c914fab5bf871f6c1521fc408dbc6261c61d12c0f8,0x80e2363bef236861140206003ad8a528ddcc9dc1,0,67646165,810000,19988,0x0000000000000000000000000000000000000000,18,?,0,0.0,0.0,0,1.0,1.0,0.0,0,0,0.0,False
0xa43fa66ff9753fa156876a71430c3ae866671afb2fe93a5affd95d8081e1a9ab,0x80e2363bef236861140206003ad8a528ddcc9dc1,0,67646206,808670,19988,0x0000000000000000000000000000000000000000,18,?,0,0.0,0.0,0,1.0,1.0,0.0,0,0,0.0,False
0xd021d9577b6cdcec2a54ba11fff88f807e4230258571fce55a5d226da41f7938,0x43e57e1b89d63b82522d51f5b6311aee9f6ebad3,0,67646441,2500,25,0x0000000000000000000000000000000000000000,18,?,723,9.388411174972418,0.3339483394833948,2,0.580043292037789,0.05532503457814661,0.0025,181,723,9.388411174972418,False
0xfce43332127b0461ae76dda90f2826c0715e7cbdd42d950964f078ae91def989,0x162cb37b92f5eed5de1548afbf67e28348b8e8fb,0,67646677,9000,90,0x3b2b2fd9137190cebbad1031770054838b1cc0c0,18,?,2,0.00149109631092157,1.0,1,1.0,0.5,0.000745548155460785,1,2,0.00149109631092157,False
0xb90108a0eeb2e487ad529b43990e86467545809dbb7e3eec8621cc70fe351cd4,0x0dc3809360232eb065e548947730411c4d16e042,0,67647390,8388608,8,0x4e3468951d49f2eea976ed0d6e75ffcb44a9a544,18,?,0,0.0,0.0,0,1.0,1.0,0.0,0,0,0.0,False
0xa2160a81c050da4a4099fad0c104112c2bfffa4ba1e8134388575ad174c265dd,0xfb004eba7db502a8d7e5f530cb41b6682ad6b4de,0,67647603,10000,200,0x0000000000000000000000000000000000000000,18,?,76,9.073012028614746,0.7272727272727273,1,0.21804380871295864,0.06578947368421052,0.12375,32,76,9.073012028614746,False
0x97dc5ad917927a7683272457a537488a35fd7c91156851dadf8a094c5b6e05a8,0xa3df3f19fb5e35b35bf4963d5cf9565d6f24b4de,0,67647933,810000,19988,0x0000000000000000000000000000000000000000,18,?,0,0.0,0.0,0,1.0,1.0,0.0,0,0,0.0,False
0x4647dec819892f64ef3f446da5fb66f1b2b99d9d2c696378fb02f67e2d00e544,0xa3df3f19fb5e35b35bf4963d5cf9565d6f24b4de,0,67648466,808670,19988,0x0000000000000000000000000000000000000000,18,?,1,0.000124375,0.0,1,1.0,1.0,0.000124375,0,1,0.000124375,False
0x9ce00009d442640a79a7bf0b76d0a1c687cc744fac1ce676473970f4eece5eb1,0x6d85053d0bfb15a8ec0c2cffc08b127e3794ed4b,0,67649052,8388608,8,0x4e3468951d49f2eea976ed0d6e75ffcb44a9a544,18,?,0,0.0,0.0,0,1.0,1.0,0.0,0,0,0.0,False
0x62b32670f2d0de193c67a4473adf23fbee77fdc8f283615c49516ac47455385c,0x9fcf541d07ef04904e7f3a1b174ff5eaed7b8e03,0,67649053,810000,19988,0x0000000000000000000000000000000000000000,18,?,0,0.0,0.0,0,1.0,1.0,0.0,0,0,0.0,False
0x904dbb61a265f3dfe6904df3f3b36a3a390858028b4f655fe76a6edaef9bf533,0x9fcf541d07ef04904e7f3a1b174ff5eaed7b8e03,0,67649593,808670,19988,0x0000000000000000000000000000000000000000,18,?,1,0.000243695727927643,0.0,1,1.0,1.0,0.000243695727927643,0,1,0.000243695727927643,False
0xb652c3a73c70bffdf3554834efe5b6a4a52505009e39b9f217ade142936c5cfd,0x8934d9590519b72db116d8339ce6cc1a18e8fcbf,0,67650081,10000,200,0x0000000000000000000000000000000000000000,18,?,48,7.930877432623055,0.7142857142857143,1,0.3336411929203458,0.08333333333333333,0.18335909080735296,20,48,7.930877432623055,False
0x37e1880d7859def5f1352ac70613bda0d5ce52f2f31df9bbc5e5557e1facc9d5,0x3232d362b523d5551fd5b991b6e8192a67dc4a25,0,67650192,0,60,0x4e0bad9549c3141a66a4f30cf874df27ca7e20cc,18,?,0,0.0,0.0,0,1.0,1.0,0.0,0,0,0.0,False
0x27e8eeaedd4814e698744b97ccf6191ff88071bc7c2eb49df53371f608e38d9b,0xef85c7ab95a8eadecffe4d4be477f5764865f033,0,67650248,500,1,0x0000000000000000000000000000000000000000,18,?,132,15.328673369917455,0.6097560975609756,1,0.33710425727627297,0.030303030303030304,0.07858468164931959,50,132,15.328673369917455,False
0x17dd5d4b3489e24d3b971bbbde2979d29b46dc7de0ef87f3ff8e4e279acc8a00,0x15aae96f5cec19c48b494a23651f1af686aa057f,0,67650398,2500,25,0x0000000000000000000000000000000000000000,18,?,2121,25.881873555636517,0.10989010989010989,3,0.4293528521629564,0.06412069778406412,0.0026,210,2121,25.881873555636517,False
0x7e95946a9187c8e69ee61525f43b3d7ecd2c99655d4df736b3646cff4429a6ca,0xfdee2c0d05d8f12a95af452f9ea2b0bc092342e1,0,67651165,666600,6666,0x0000000000000000000000000000000000000000,18,?,0,0.0,0.0,0,1.0,1.0,0.0,0,0,0.0,False
0xc6b61ae1da6ee02579b3d390a80fd6d90d009757da4fb9863f01b573720cd1b4,0xcd36b3b5d6a05120eebee7eeedda811f3638a25f,0,67651179,8388608,8,0x4e3468951d49f2eea976ed0d6e75ffcb44a9a544,18,?,0,0.0,0.0,0,1.0,1.0,0.0,0,0,0.0,False
0x2a8c09e13ea9f7f5b96076f0548fe3016a07c64556a46aad5868717575b37614,0x8b4b11a0e79872b022bc493d06570afdffa30a9f,0,67651495,100,1,0x0000000000000000000000000000000000000000,18,?,680,127.31687682870323,0.6464891041162227,7,0.16095826658916018,0.01764705882352941,0.09272212481498818,267,680,127.31687682870323,True
0x45283c7a6ffb568e34b6235b347c20977af06d06ecaf8c1ed6fa98f626d0f453,0x49fb4f1ba254558e867ef4f2d9eb22be76b8e8ec,0,67652736,10000,200,0x0000000000000000000000000000000000000000,18,?,72,12.603033023257646,0.7142857142857143,1,0.22487686216499592,0.1111111111111111,0.198,30,72,12.603033023257646,False
0x7df68806204db4a1c9dbd8134c0eeff73b3deeec6914ae9608c2d185ee0c823a,0x2d95c9f376266f23b8b6ac0c1ebd0a0e3419de03,0,67653209,810000,19988,0x0000000000000000000000000000000000000000,18,?,9,0.017056583089343366,0.2857142857142857,2,1.0,0.1111111111111111,0.000159906118298865,2,9,0.017056583089343366,False
0xaa091d992fafad2bf814a4498afede499deafb19a6e6237d11e03da7433bff1b,0x2d95c9f376266f23b8b6ac0c1ebd0a0e3419de03,0,67653250,808670,19988,0x0000000000000000000000000000000000000000,18,?,11,0.010254230660974735,0.5714285714285714,2,0.9954427346874337,0.09090909090909091,0.000107025928025708,4,11,0.010254230660974735,False
0xb33bfe9aff2dbdcd274dea9cbfdf746df56dc3bc9f0d56a886dc1d30e86ce9ce,0xf2e8102bed60722cc17c6cda7d7d109b8a9554ce,0,67653318,0,60,0x4e0bad9549c3141a66a4f30cf874df27ca7e20cc,18,?,0,0.0,0.0,0,1.0,1.0,0.0,0,0,0.0,False
0x6de84b19640563310e6b5fa4680826b491c3e6dcdf3cd070ac5b9da8c0532f50,0x77c6974031a1cad9088961ee81dcd4e8ae22057f,0,67654639,10000,200,0x0000000000000000000000000000000000000000,18,?,70,9.617040860064808,0.6666666666666666,1,0.21956555559749216,0.1,0.14844604593927124,28,70,9.617040860064808,False
0xb5206e506ce253da456d06fca0850374d143933891820c61e09c358895c4fa37,0x36e619d936fab428c752b0d65b5f4f1985c54b7a,0,67654857,3000,1,0x0000000000000000000000000000000000000000,18,?,2,0.01,0.0,1,1.0,0.5,0.005,0,2,0.01,False
0x8afe34d1497d77d5bfc2a646dba5cbe0cc45858d8c3c15e54a1468c6fda9ad25,0x2d95c9f376266f23b8b6ac0c1ebd0a0e3419de03,0,67655683,790000,60,0x0000000000000000000000000000000000000000,18,?,4,0.00509289810054947,0.3333333333333333,3,1.0,0.25,0.0004213657327588845,1,4,0.00509289810054947,False
0xb93ec94d56e568348ee2dfbc6fc0b35f72107446c6b0293a9f170af2d802f320,0x28cd09a9c0252e0a98e64f717fbe8794e0104d07,0,67656473,500,1,0x0000000000000000000000000000000000000000,18,?,4,0.56919999901,0.0,1,1.0,0.25,0.109599,0,4,0.56919999901,False
0xfd706b9d2b57af7643b9306c0a8e01daae63cc5cd38ff92c4070794e2b5430c9,0x2d95c9f376266f23b8b6ac0c1ebd0a0e3419de03,0,67657150,0,200,0xe5e702641ea86f4ae6cc3cdaed2b886f976be044,18,?,2258,52.91814039251523,0.9135593220338983,8,0.06180611468334489,0.024800708591674048,0.009549430271531129,1078,2258,52.91814039251523,True
0xeea5559538d96069190fd9da5366ac5c0e715763081999895fdef02c8e869c10,0xfe96c1488e2db4d73d74368b1ecba91a66b57ba3,0,67657172,8388608,200,0x4e3468951d49f2eea976ed0d6e75ffcb44a9a544,18,?,0,0.0,0.0,0,1.0,1.0,0.0,0,0,0.0,False
0xf2f5e9516a890016bbaab10a976801ccfdc899374cc6f3132d2f4ab4e58b1bdf,0xcec1dc9512588cb51d18075e185289205cca1e18,0,67657208,8388608,8,0x4e3468951d49f2eea976ed0d6e75ffcb44a9a544,18,?,0,0.0,0.0,0,1.0,1.0,0.0,0,0,0.0,False
0x826713caf128ab88678fe8d6c420e5bba0617046255f9d98357aa09a43fa3613,0xf40228dbc0bef90bc77cbb8b0f7c347d525ff9da,0,67657229,810000,19988,0x0000000000000000000000000000000000000000,18,?,0,0.0,0.0,0,1.0,1.0,0.0,0,0,0.0,False
0x37d2340dac26b0996f61a754c72c771d6ae272b1b84c78f10435a3fbb5d22fa4,0xf40228dbc0bef90bc77cbb8b0f7c347d525ff9da,0,67657269,808670,19988,0x0000000000000000000000000000000000000000,18,?,0,0.0,0.0,0,1.0,1.0,0.0,0,0,0.0,False
0xe43af36688525ccd0809ffe496dfa56f06e12df75b275b59720e08c7fafebbd3,0x6d35cf1ff65aed9ca83e1709eaaa1b8db2f95c9c,0,67657336,100,1,0x0000000000000000000000000000000000000000,18,?,147,18.638758361810172,0.42718446601941745,1,0.3027627968569136,0.027210884353741496,0.063,44,147,18.638758361810172,False
0xcab22f750b251938b4c8c8d570d4062eaf282bbb9aab755c6f5b400f7b60feae,0x4c842f5eeebdbdab6449494efcd01d8312093217,0,67657419,500,1,0x0000000000000000000000000000000000000000,18,?,26,3.1242199653226903,0.625,1,0.7721767438839172,0.07692307692307693,0.0904990514114083,10,26,3.1242199653226903,False
0xbff4a511a3a4c5015c0fa5d2bbb6c6ffc66f363b0870dbbc72aa5a24084b23d8,0x579f42fadfd6564c92fdf94b0f721441243c8309,0,67657882,9000,90,0x0000000000000000000000000000000000000000,18,?,3,0.000101103717999999,0.5,1,1.0,0.3333333333333333,4.9104049999999e-05,1,3,0.000101103717999999,False
0x1664f11ecbd476cd1780ff6a856d9b6a80cf40a9d993b12de7d81f7f39a28409,0x15aae96f5cec19c48b494a23651f1af686aa057f,0,67658275,808670,19824,0x0000000000000000000000000000000000000000,18,?,2,0.000276352979055671,0.0,1,1.0,0.5,0.0001381764895278355,0,2,0.000276352979055671,False
0x02313996c131fe465df3025c86c2e238bbe96b7a2d2286e7a7b0711bf0c18597,0x0d4ed27a906a0774474b200cc5392019facd2a47,0,67658630,13211,1,0x0000000000000000000000000000000000000000,18,?,14,7e-08,0.0,7,0.7142857142857142,1.0,5e-09,0,14,7e-08,False
0x155b73a4b6b9ad0d83302f904ba399b73c07655a70fba5a3b14f283f255ed000,0x0d4ed27a906a0774474b200cc5392019facd2a47,0,67658630,13221,1,0x0000000000000000000000000000000000000000,18,?,14,7e-08,0.0,7,0.7142857142857142,1.0,5e-09,0,14,7e-08,False
0x1d17232eead8e741abba5a50457cc256ea148a89b362874c814d0ab405f5c023,0x0d4ed27a906a0774474b200cc5392019facd2a47,0,67658630,13231,1,0x0000000000000000000000000000000000000000,18,?,14,7e-08,0.0,7,0.7142857142857142,1.0,5e-09,0,14,7e-08,False
0xc524961c30097786309f903cfccd0347451d0dedc4e752531f9858bbf3bcd27f,0x0d4ed27a906a0774474b200cc5392019facd2a47,0,67658630,13241,1,0x0000000000000000000000000000000000000000,18,?,14,7e-08,0.0,7,0.7142857142857142,1.0,5e-09,0,14,7e-08,False
0xba749c22385b93d66821a84ccd19cef5f79db61814bfa9bc63bf221b2d8913c9,0x0d4ed27a906a0774474b200cc5392019facd2a47,0,67658630,13251,1,0x0000000000000000000000000000000000000000,18,?,14,7e-08,0.0,7,0.7142857142857142,1.0,5e-09,0,14,7e-08,False
0x5a601423c78b1417f139918b6ceec8530465162020f441e6a785e760123ce4aa,0x0d4ed27a906a0774474b200cc5392019facd2a47,0,67658630,13261,1,0x0000000000000000000000000000000000000000,18,?,13,6.5e-08,0.0,7,0.7692307692307692,1.0,5e-09,0,13,6.5e-08,False
0x456618ec7b9fed9fe021d1942a783eb0444a2763a6a03b5c97e67aa435549a96,0x0d4ed27a906a0774474b200cc5392019facd2a47,0,67658630,13271,1,0x0000000000000000000000000000000000000000,18,?,13,6.5e-08,0.0,7,0.7692307692307692,1.0,5e-09,0,13,6.5e-08,False
0xe5f9dff17a2c044eb182332239b315df6ac1d5c379b3e84f1c5e6f71827d8338,0x0d4ed27a906a0774474b200cc5392019facd2a47,0,67658630,13281,1,0x0000000000000000000000000000000000000000,18,?,7,3.5e-08,0.0,4,1.0,1.0,5e-09,0,7,3.5e-08,False
0x66b3c8b2c6303f0a432e7a1f3f2eb38bc73ec2496275f8726d5b467097266424,0x0d4ed27a906a0774474b200cc5392019facd2a47,0,67658630,13291,1,0x0000000000000000000000000000000000000000,18,?,4,2e-08,0.0,4,1.0,1.0,5e-09,0,4,2e-08,False
0x7c4bd01206c0184a27b0e02b330a65fc0b5bdc9866770d0a971f04fa5ea8216d,0x0d4ed27a906a0774474b200cc5392019facd2a47,0,67658630,13301,1,0x0000000000000000000000000000000000000000,18,?,0,0.0,0.0,0,1.0,1.0,0.0,0,0,0.0,False
0x7c39eeb21e23cd13182f3843b7ce29e64df82393aabdb78ed7491dc7aca079e1,0x0d4ed27a906a0774474b200cc5392019facd2a47,0,67658630,13311,1,0x0000000000000000000000000000000000000000,18,?,0,0.0,0.0,0,1.0,1.0,0.0,0,0,0.0,False
0x8b2c25633a2df61d0b39e9e23d8ee51a3b9543dac1aae81352085a13403fe1e1,0x0d4ed27a906a0774474b200cc5392019facd2a47,0,67658630,13321,1,0x0000000000000000000000000000000000000000,18,?,0,0.0,0.0,0,1.0,1.0,0.0,0,0,0.0,False
0xf3cee2328e5627e837a438eb60277e137c2e9d1d1e2fa3a87be0cd07db358bd0,0x0d4ed27a906a0774474b200cc5392019facd2a47,0,67658630,13331,1,0x0000000000000000000000000000000000000000,18,?,0,0.0,0.0,0,1.0,1.0,0.0,0,0,0.0,False
0x5233f0f4c20f57160c7cb7b049f7a461117bf86d64d465db2efb3f130329da8c,0x0d4ed27a906a0774474b200cc5392019facd2a47,0,67658630,13341,1,0x0000000000000000000000000000000000000000,18,?,0,0.0,0.0,0,1.0,1.0,0.0,0,0,0.0,False
0x6dc1a4270d1d822e194d4e68bfea1636dbe621dc62a540a6b720d9592db67484,0x0d4ed27a906a0774474b200cc5392019facd2a47,0,67658630,13351,1,0x0000000000000000000000000000000000000000,18,?,0,0.0,0.0,0,1.0,1.0,0.0,0,0,0.0,False
0x53ade3907d7e6daeca5b11241720b2401be9f8773b7101df62ab6466cb115382,0x0d4ed27a906a0774474b200cc5392019facd2a47,0,67658630,13361,1,0x0000000000000000000000000000000000000000,18,?,0,0.0,0.0,0,1.0,1.0,0.0,0,0,0.0,False
0xcae85eb1aaf1d6aacaf8ccc5e8fc8b034110a984bf20473a4d0cb61e7fd59512,0x0d4ed27a906a0774474b200cc5392019facd2a47,0,67658630,13371,1,0x0000000000000000000000000000000000000000,18,?,0,0.0,0.0,0,1.0,1.0,0.0,0,0,0.0,False
0x69aa76749f88db66070bca3c7d0bbb0587e9d50fb637b2dbd9df6995861c0088,0x0d4ed27a906a0774474b200cc5392019facd2a47,0,67658630,13381,1,0x0000000000000000000000000000000000000000,18,?,0,0.0,0.0,0,1.0,1.0,0.0,0,0,0.0,False
0x43bc159d8ea0bf92cc4f7d0d26645762225a59c85912e42ce6809fc8fbbd2339,0x0d4ed27a906a0774474b200cc5392019facd2a47,0,67658630,13391,1,0x0000000000000000000000000000000000000000,18,?,0,0.0,0.0,0,1.0,1.0,0.0,0,0,0.0,False
0x6c8c6344a0bfe55becd6f2d9591ca373fbb955f381cda941e6a27e40b485a6e7,0x0d4ed27a906a0774474b200cc5392019facd2a47,0,67658630,13401,1,0x0000000000000000000000000000000000000000,18,?,0,0.0,0.0,0,1.0,1.0,0.0,0,0,0.0,False
0xd09fe28cfea9185d235dd8917aec2d78ef5d213c4ae29d434fcfce72699fda41,0x0d4ed27a906a0774474b200cc5392019facd2a47,0,67658630,13411,1,0x0000000000000000000000000000000000000000,18,?,0,0.0,0.0,0,1.0,1.0,0.0,0,0,0.0,False
0xbbd7dd99bc783480fa73d1195e8b213c5f00c5026534cdc10ce15d20e7de818a,0x0d4ed27a906a0774474b200cc5392019facd2a47,0,67658630,13421,1,0x0000000000000000000000000000000000000000,18,?,0,0.0,0.0,0,1.0,1.0,0.0,0,0,0.0,False
0x82294f3fbf84cb1f7f59aba83d7defd5d04efdec3005451c3691778644bc4795,0x0d4ed27a906a0774474b200cc5392019facd2a47,0,67658630,13431,1,0x0000000000000000000000000000000000000000,18,?,0,0.0,0.0,0,1.0,1.0,0.0,0,0,0.0,False
0x560c4811990ea8a4530259d8432c0dc6db8dfc43e79e7b53409c08e5d25a40eb,0x0d4ed27a906a0774474b200cc5392019facd2a47,0,67658630,13441,1,0x0000000000000000000000000000000000000000,18,?,0,0.0,0.0,0,1.0,1.0,0.0,0,0,0.0,False
0xb0fe0c11c1ebb1d06e822134d6cc5fbdc75d76847cde48febcc6ab3d22c20ef9,0x0d4ed27a906a0774474b200cc5392019facd2a47,0,67658751,13451,1,0x0000000000000000000000000000000000000000,18,?,0,0.0,0.0,0,1.0,1.0,0.0,0,0,0.0,False
0xb15d4b727e999bd8b26e6e28394a96dba66ad9887a0fbc540283e6f5f90c5728,0x0d4ed27a906a0774474b200cc5392019facd2a47,0,67658751,13461,1,0x0000000000000000000000000000000000000000,18,?,0,0.0,0.0,0,1.0,1.0,0.0,0,0,0.0,False
0xfd75235d4314fb9295b43d73373bcac02e0422e489660113168f8b080c23980f,0x0d4ed27a906a0774474b200cc5392019facd2a47,0,67658751,13471,1,0x0000000000000000000000000000000000000000,18,?,0,0.0,0.0,0,1.0,1.0,0.0,0,0,0.0,False
0xa88a3398407f376b1991f4e1f972abdedf26b40addfb42a7db7bcd66c61863dc,0x0d4ed27a906a0774474b200cc5392019facd2a47,0,67658751,13481,1,0x0000000000000000000000000000000000000000,18,?,0,0.0,0.0,0,1.0,1.0,0.0,0,0,0.0,False
0xc8541a5462e2e99b91bfe50f09d3f6ed43065d4b5f7ad04c95ad8fd8f979d204,0x0d4ed27a906a0774474b200cc5392019facd2a47,0,67658751,13491,1,0x0000000000000000000000000000000000000000,18,?,0,0.0,0.0,0,1.0,1.0,0.0,0,0,0.0,False
0x6e54895997158f329a344c3f21ae8d1ff7badb584ad9ec9e1732e644948a8534,0x0d4ed27a906a0774474b200cc5392019facd2a47,0,67658751,13501,1,0x0000000000000000000000000000000000000000,18,?,0,0.0,0.0,0,1.0,1.0,0.0,0,0,0.0,False
0x3019824b0e3416c5fb6e010ca92925f9e583ad4896608e7d2afb1b958ddbfcb9,0x0d4ed27a906a0774474b200cc5392019facd2a47,0,67658751,13511,1,0x0000000000000000000000000000000000000000,18,?,0,0.0,0.0,0,1.0,1.0,0.0,0,0,0.0,False
0x5c22dbbf187025e3f82a783ba33ee3973beb7abf5067988f73917efcc40b9c0c,0x0d4ed27a906a0774474b200cc5392019facd2a47,0,67658751,13521,1,0x0000000000000000000000000000000000000000,18,?,0,0.0,0.0,0,1.0,1.0,0.0,0,0,0.0,False
0xea61a7317ad90a0f3c3108101e9ccadbca4ace62d4a9ca6bb955cc026d708940,0x0d4ed27a906a0774474b200cc5392019facd2a47,0,67658751,13531,1,0x0000000000000000000000000000000000000000,18,?,0,0.0,0.0,0,1.0,1.0,0.0,0,0,0.0,False
0x2a7733201ae3c2a2d289d9c2e5a220cf6cadf30746f752f612e23eff7758d546,0x0d4ed27a906a0774474b200cc5392019facd2a47,0,67658751,13541,1,0x0000000000000000000000000000000000000000,18,?,0,0.0,0.0,0,1.0,1.0,0.0,0,0,0.0,False
0x045c77633b8124ca93dfc013031bc3118bded14eab9fa9cb4d65245a6f8ee807,0x0d4ed27a906a0774474b200cc5392019facd2a47,0,67658751,13551,1,0x0000000000000000000000000000000000000000,18,?,0,0.0,0.0,0,1.0,1.0,0.0,0,0,0.0,False
0xe471f254131d416e9e9f2ce4b6f1c60e14b95cdef41c7142c5a00b7c74557266,0x0d4ed27a906a0774474b200cc5392019facd2a47,0,67658751,13561,1,0x0000000000000000000000000000000000000000,18,?,0,0.0,0.0,0,1.0,1.0,0.0,0,0,0.0,False
0x89b5c8b1485546574a81f54decbc0f7a0f131427009a01d4144294515a8d8037,0x0d4ed27a906a0774474b200cc5392019facd2a47,0,67658751,13571,1,0x0000000000000000000000000000000000000000,18,?,0,0.0,0.0,0,1.0,1.0,0.0,0,0,0.0,False
0xf45626fb7a1d0027f6990c1f4c20d8534f7589ac2dce5491537e7a1045d66f6d,0x0d4ed27a906a0774474b200cc5392019facd2a47,0,67658751,13581,1,0x0000000000000000000000000000000000000000,18,?,0,0.0,0.0,0,1.0,1.0,0.0,0,0,0.0,False
0x2135d8767db74da2d5cfab748552217a4071afbc09251297b8105cd9e53e812c,0x0d4ed27a906a0774474b200cc5392019facd2a47,0,67658751,13591,1,0x0000000000000000000000000000000000000000,18,?,0,0.0,0.0,0,1.0,1.0,0.0,0,0,0.0,False
0x5db856bc3b8cc85d98ca7c3b9b0049eb3c2498dedaf60630a4e9c0ef5fe4ac97,0x0d4ed27a906a0774474b200cc5392019facd2a47,0,67658751,13601,1,0x0000000000000000000000000000000000000000,18,?,0,0.0,0.0,0,1.0,1.0,0.0,0,0,0.0,False
0xecd41524087019bbc3d90d1fc406d1c43b94201c2ecb58efaebae0c1b99590b5,0x0d4ed27a906a0774474b200cc5392019facd2a47,0,67658751,13611,1,0x0000000000000000000000000000000000000000,18,?,0,0.0,0.0,0,1.0,1.0,0.0,0,0,0.0,False
0x3d9c40146b237c96d3285f5712c638ab40ac687b8018bda72ed7f873180a2b77,0x0d4ed27a906a0774474b200cc5392019facd2a47,0,67658751,13621,1,0x0000000000000000000000000000000000000000,18,?,0,0.0,0.0,0,1.0,1.0,0.0,0,0,0.0,False
0x0500ab8e72616fbf3cc19804171ef7efd0cece6dd43e76f6dedbb08725476352,0x0d4ed27a906a0774474b200cc5392019facd2a47,0,67658751,13631,1,0x0000000000000000000000000000000000000000,18,?,0,0.0,0.0,0,1.0,1.0,0.0,0,0,0.0,False
0xbc39f39c91eb7124e310351790f4a75aec56ff481e486b03bdacac98e2af5b77,0x0d4ed27a906a0774474b200cc5392019facd2a47,0,67658751,13641,1,0x0000000000000000000000000000000000000000,18,?,0,0.0,0.0,0,1.0,1.0,0.0,0,0,0.0,False
0xd4c7d29663e95b28e2ae1b6d2fafce9fb37a97a8ec45b9cc037e775c974bd886,0x0d4ed27a906a0774474b200cc5392019facd2a47,0,67658751,13651,1,0x0000000000000000000000000000000000000000,18,?,0,0.0,0.0,0,1.0,1.0,0.0,0,0,0.0,False
0x154c0875cee505887a592122e2060d3247d97047aaf42c16785feaa5001fb468,0x0d4ed27a906a0774474b200cc5392019facd2a47,0,67658751,13661,1,0x0000000000000000000000000000000000000000,18,?,0,0.0,0.0,0,1.0,1.0,0.0,0,0,0.0,False
0x76bd1c4a871a5bf9fd47bd597ec88e5c90e8c3bb6cfcba8339765e5daac71e73,0x0d4ed27a906a0774474b200cc5392019facd2a47,0,67658751,13671,1,0x0000000000000000000000000000000000000000,18,?,0,0.0,0.0,0,1.0,1.0,0.0,0,0,0.0,False
0xa3ac042af9b3debd2c12bac93b2776c455e2b6f10f67a25d291d5a533692cf8d,0x0d4ed27a906a0774474b200cc5392019facd2a47,0,67658751,13681,1,0x0000000000000000000000000000000000000000,18,?,0,0.0,0.0,0,1.0,1.0,0.0,0,0,0.0,False
0x00f685daf58379530ba250068ddb9a6dfe5b71174cf87d8ee9ee66ca474f823a,0x0d4ed27a906a0774474b200cc5392019facd2a47,0,67658881,13691,1,0x0000000000000000000000000000000000000000,18,?,0,0.0,0.0,0,1.0,1.0,0.0,0,0,0.0,False
0x7ebd2650ede8ae52daad42bd3f539a54f72e2a11a7eab1f9fab78aa3dbaa7e87,0x0d4ed27a906a0774474b200cc5392019facd2a47,0,67658881,13701,1,0x0000000000000000000000000000000000000000,18,?,0,0.0,0.0,0,1.0,1.0,0.0,0,0,0.0,False
0xc3725543358863fa49bba07bd5b71975c83a44f1d7296d5678c52fd644a6121a,0x0d4ed27a906a0774474b200cc5392019facd2a47,0,67658881,13711,1,0x0000000000000000000000000000000000000000,18,?,0,0.0,0.0,0,1.0,1.0,0.0,0,0,0.0,False
0x8741e18507ba3c7aca0b6f7e1eecfa354b3a2c2f96d79cc6c316da3fcef00492,0x0d4ed27a906a0774474b200cc5392019facd2a47,0,67658881,13721,1,0x0000000000000000000000000000000000000000,18,?,0,0.0,0.0,0,1.0,1.0,0.0,0,0,0.0,False
0x8ec1c2f38aa3767986873e6cfa57a32bdcefaebc8853377b43a9421d01b9c13b,0x0d4ed27a906a0774474b200cc5392019facd2a47,0,67658881,13731,1,0x0000000000000000000000000000000000000000,18,?,0,0.0,0.0,0,1.0,1.0,0.0,0,0,0.0,False
0x96b213719fc3d58563b2dc80121b025069ad02cba974b597391d28176b22c56a,0x0d4ed27a906a0774474b200cc5392019facd2a47,0,67658881,13741,1,0x0000000000000000000000000000000000000000,18,?,0,0.0,0.0,0,1.0,1.0,0.0,0,0,0.0,False
0x90d1e4ab19b0493e7238b5816554eb2b3e0deeba412b2350ccb83b5318ba7f94,0x0d4ed27a906a0774474b200cc5392019facd2a47,0,67658881,13751,1,0x0000000000000000000000000000000000000000,18,?,0,0.0,0.0,0,1.0,1.0,0.0,0,0,0.0,False
0xf5f107fd10450f810d7b5d1159e091adcfd0fdbf0fc155a158d30ad1c35e4b13,0x0d4ed27a906a0774474b200cc5392019facd2a47,0,67658881,13761,1,0x0000000000000000000000000000000000000000,18,?,0,0.0,0.0,0,1.0,1.0,0.0,0,0,0.0,False
0x5fef1bed46a9d66270f6abc1d2de95ceeeab97dad22ed443f7f1d8d4a323e6e7,0x0d4ed27a906a0774474b200cc5392019facd2a47,0,67658881,13771,1,0x0000000000000000000000000000000000000000,18,?,0,0.0,0.0,0,1.0,1.0,0.0,0,0,0.0,False
0x3453ea3c515c235b6b2662aabd075b3fe2ec89c5d48761e4bbefd7b517b57a4b,0x0d4ed27a906a0774474b200cc5392019facd2a47,0,67658881,13781,1,0x0000000000000000000000000000000000000000,18,?,0,0.0,0.0,0,1.0,1.0,0.0,0,0,0.0,False
0xbdbf7cb1b4709811c347f9112bcd995944a58f354f81d4045b44e98c3cee912f,0x0d4ed27a906a0774474b200cc5392019facd2a47,0,67658881,13791,1,0x0000000000000000000000000000000000000000,18,?,0,0.0,0.0,0,1.0,1.0,0.0,0,0,0.0,False
0xc12c4933d0499877f009c6eb6e52e4181f604681d0a2ba1161446933df59ab1e,0x0d4ed27a906a0774474b200cc5392019facd2a47,0,67658881,13801,1,0x0000000000000000000000000000000000000000,18,?,0,0.0,0.0,0,1.0,1.0,0.0,0,0,0.0,False
0x8ee2cd2bde39bd2d7c98cec972c13746e2980a63bc60c44fd61a872bc22f108b,0x0d4ed27a906a0774474b200cc5392019facd2a47,0,67658881,13811,1,0x0000000000000000000000000000000000000000,18,?,0,0.0,0.0,0,1.0,1.0,0.0,0,0,0.0,False
0xc76e1cdc62a03154208b76504c524c7b05a598d57417ef5e68e4ced36a8c7415,0x0d4ed27a906a0774474b200cc5392019facd2a47,0,67658881,13821,1,0x0000000000000000000000000000000000000000,18,?,0,0.0,0.0,0,1.0,1.0,0.0,0,0,0.0,False
0xef7bc6af7fe0bb43cbe162f00fae3bbd86f09d9b03879f5e5bcfa067e8231399,0x0d4ed27a906a0774474b200cc5392019facd2a47,0,67658881,13831,1,0x0000000000000000000000000000000000000000,18,?,0,0.0,0.0,0,1.0,1.0,0.0,0,0,0.0,False
0x2fc0039b24741da0478fb733aa7852fa35e7897aa968bff0cbf6dd133aa95f3a,0x0d4ed27a906a0774474b200cc5392019facd2a47,0,67658881,13841,1,0x0000000000000000000000000000000000000000,18,?,0,0.0,0.0,0,1.0,1.0,0.0,0,0,0.0,False
0x36d48ad8e9a5c23eaa75ccaddf3210a2dddcfc30e55aafad18677651f02eeea0,0x0d4ed27a906a0774474b200cc5392019facd2a47,0,67658881,13851,1,0x0000000000000000000000000000000000000000,18,?,0,0.0,0.0,0,1.0,1.0,0.0,0,0,0.0,False
0x5f874d0312dcf73607050ddb4e68b90b4377cb13d5d7b567e9ab3953ac408170,0x0d4ed27a906a0774474b200cc5392019facd2a47,0,67658881,13861,1,0x0000000000000000000000000000000000000000,18,?,0,0.0,0.0,0,1.0,1.0,0.0,0,0,0.0,False
0xb7a2fb5f367c0b99817ba3da77766fec95eb62d531c5133e79095d5f54acbc61,0x0d4ed27a906a0774474b200cc5392019facd2a47,0,67658881,13871,1,0x0000000000000000000000000000000000000000,18,?,0,0.0,0.0,0,1.0,1.0,0.0,0,0,0.0,False
0xa14156deb8c0eb5d2598019bf8e9e9ee7f8175ba33e9d2436ff6ac37fc68e488,0x0d4ed27a906a0774474b200cc5392019facd2a47,0,67658881,13881,1,0x0000000000000000000000000000000000000000,18,?,0,0.0,0.0,0,1.0,1.0,0.0,0,0,0.0,False
0x8f38245023b865a1e6b65097104ab1c26b173d48051747ee0b72b5de238cd7f6,0x0d4ed27a906a0774474b200cc5392019facd2a47,0,67658881,13891,1,0x0000000000000000000000000000000000000000,18,?,0,0.0,0.0,0,1.0,1.0,0.0,0,0,0.0,False
0x69b135a3b28e7616a6c2560854dd88ed23d33f8a829cb16901b672d76eed315b,0x0d4ed27a906a0774474b200cc5392019facd2a47,0,67658881,13901,1,0x0000000000000000000000000000000000000000,18,?,0,0.0,0.0,0,1.0,1.0,0.0,0,0,0.0,False
0x543d71d7a72c68ff24994da014e5cefcaf83992cf3c86bc268cad564a236a02f,0x0d4ed27a906a0774474b200cc5392019facd2a47,0,67658881,13911,1,0x0000000000000000000000000000000000000000,18,?,0,0.0,0.0,0,1.0,1.0,0.0,0,0,0.0,False
0x0da1d0e5b7c72ef6044fd72abe7a9457622b964c7e48e13e175eccbcc024a8c7,0x0d4ed27a906a0774474b200cc5392019facd2a47,0,67658881,13921,1,0x0000000000000000000000000000000000000000,18,?,0,0.0,0.0,0,1.0,1.0,0.0,0,0,0.0,False
0xdb02e53ad8c9a0b9d60cc43834ef38bf986329cdeb01b6af0a8e29c2f6e0d57d,0x0d4ed27a906a0774474b200cc5392019facd2a47,0,67659027,13931,1,0x0000000000000000000000000000000000000000,18,?,0,0.0,0.0,0,1.0,1.0,0.0,0,0,0.0,False
0x1838c95aac715a12daaf7dc994be1ed521fdf4c883441459bf30629964918cdd,0x0d4ed27a906a0774474b200cc5392019facd2a47,0,67659027,13941,1,0x0000000000000000000000000000000000000000,18,?,0,0.0,0.0,0,1.0,1.0,0.0,0,0,0.0,False
0x1a12219aaf3592f193283e7458ddff8b08df34fb0cdd40a17be9647fd6091f53,0x0d4ed27a906a0774474b200cc5392019facd2a47,0,67659027,13951,1,0x0000000000000000000000000000000000000000,18,?,0,0.0,0.0,0,1.0,1.0,0.0,0,0,0.0,False
0x3abaf5d66d450b96aabbe7a6d9ffdc0b363e6b62b778e51eb47092998048698e,0x0d4ed27a906a0774474b200cc5392019facd2a47,0,67659027,13961,1,0x0000000000000000000000000000000000000000,18,?,0,0.0,0.0,0,1.0,1.0,0.0,0,0,0.0,False
0x53fc7445c713721ef65b78ed1d319b8a6a5c371aeb56f996be3a14a5d518b0d1,0x0d4ed27a906a0774474b200cc5392019facd2a47,0,67659027,13971,1,0x0000000000000000000000000000000000000000,18,?,0,0.0,0.0,0,1.0,1.0,0.0,0,0,0.0,False
0x31d8e54a1f4fedd8fee140a9c3c85015a6709fd6cd280faa9beeb819a682b2a9,0x0d4ed27a906a0774474b200cc5392019facd2a47,0,67659027,13981,1,0x0000000000000000000000000000000000000000,18,?,0,0.0,0.0,0,1.0,1.0,0.0,0,0,0.0,False
0x6b22c833d726ca47223fae8ffad0496ccdd08d781537c07012c37000e1786c28,0x0d4ed27a906a0774474b200cc5392019facd2a47,0,67659027,13991,1,0x0000000000000000000000000000000000000000,18,?,0,0.0,0.0,0,1.0,1.0,0.0,0,0,0.0,False
0x5dc4fc4f3b005af36836d19b13c7bccb96fc28ddb7290c60119a4b55cf038535,0x0d4ed27a906a0774474b200cc5392019facd2a47,0,67659027,14001,1,0x0000000000000000000000000000000000000000,18,?,0,0.0,0.0,0,1.0,1.0,0.0,0,0,0.0,False
0xcca349ff59a72af4d1d794c2ba56191a5dc143ee89ce08f31d625d188230ebbc,0x0d4ed27a906a0774474b200cc5392019facd2a47,0,67659027,14011,1,0x0000000000000000000000000000000000000000,18,?,0,0.0,0.0,0,1.0,1.0,0.0,0,0,0.0,False
0x00250fd6e62365e2fdea456f91ec16dd0c0c35a3cc5a8ba484970dc218ac4cb5,0x0d4ed27a906a0774474b200cc5392019facd2a47,0,67659027,14021,1,0x0000000000000000000000000000000000000000,18,?,0,0.0,0.0,0,1.0,1.0,0.0,0,0,0.0,False
0x1c5f859524824ff0de416c00d4f5eacfb452795245caab09fd5c0c76272aa1cb,0x0d4ed27a906a0774474b200cc5392019facd2a47,0,67659027,14031,1,0x0000000000000000000000000000000000000000,18,?,0,0.0,0.0,0,1.0,1.0,0.0,0,0,0.0,False
0xeca2f1e3e32e9847be66b7829e263694eb0124c7332da2453aaea4e5fe5a638e,0x0d4ed27a906a0774474b200cc5392019facd2a47,0,67659027,14041,1,0x0000000000000000000000000000000000000000,18,?,0,0.0,0.0,0,1.0,1.0,0.0,0,0,0.0,False
0xca7bb0c557a9c77df593e23aaac5bf8488a869c21e3cf6ce2334a0b0bb8c8bdf,0x0d4ed27a906a0774474b200cc5392019facd2a47,0,67659027,14051,1,0x0000000000000000000000000000000000000000,18,?,0,0.0,0.0,0,1.0,1.0,0.0,0,0,0.0,False
0xdd3a662ee1b78ca1382770057b202f128c034e8c5e52e2b4fe0ed3250b04d3b8,0x0d4ed27a906a0774474b200cc5392019facd2a47,0,67659027,14061,1,0x0000000000000000000000000000000000000000,18,?,0,0.0,0.0,0,1.0,1.0,0.0,0,0,0.0,False
0x56663c22cbde92692f52673b45fdf40099e55b66081ac76d333831caa15f29ea,0x0d4ed27a906a0774474b200cc5392019facd2a47,0,67659027,14071,1,0x0000000000000000000000000000000000000000,18,?,0,0.0,0.0,0,1.0,1.0,0.0,0,0,0.0,False
0x77fa14399af653ce11f61ce8df7908f1cf02509f6dee37c854e7c16a3adcf8ad,0x0d4ed27a906a0774474b200cc5392019facd2a47,0,67659027,14081,1,0x0000000000000000000000000000000000000000,18,?,0,0.0,0.0,0,1.0,1.0,0.0,0,0,0.0,False
0x5458cc3e45d7a5ca99383bdad70dfa65e9590c15b516a531c21eb59a398dc0df,0x0d4ed27a906a0774474b200cc5392019facd2a47,0,67659027,14091,1,0x0000000000000000000000000000000000000000,18,?,0,0.0,0.0,0,1.0,1.0,0.0,0,0,0.0,False
0x3f4b2533f623d0fb2dab7c9f88f468d2e7feb73e36b0def3f8340877b25a5b56,0x0d4ed27a906a0774474b200cc5392019facd2a47,0,67659027,14101,1,0x0000000000000000000000000000000000000000,18,?,0,0.0,0.0,0,1.0,1.0,0.0,0,0,0.0,False
0x9d87d160bc9b38390a51bf8aeb6e7cf86f55f524f184fcbd0d4549cb69d75a84,0x0d4ed27a906a0774474b200cc5392019facd2a47,0,67659027,14111,1,0x0000000000000000000000000000000000000000,18,?,0,0.0,0.0,0,1.0,1.0,0.0,0,0,0.0,False
0x215b75dab51618f819eea187ca6bac80670278983f63d7083db4c548a12455b3,0x0d4ed27a906a0774474b200cc5392019facd2a47,0,67659027,14121,1,0x0000000000000000000000000000000000000000,18,?,0,0.0,0.0,0,1.0,1.0,0.0,0,0,0.0,False
0x9b515a7080370b4576f73241c65e4666b0247538c70b15ad965c2dc5a7550d66,0x0d4ed27a906a0774474b200cc5392019facd2a47,0,67659027,14131,1,0x0000000000000000000000000000000000000000,18,?,0,0.0,0.0,0,1.0,1.0,0.0,0,0,0.0,False
0x4dbebf4b24a12d7644004da27113e4de70a82b42d44879969a0f991f29adaeb8,0x0d4ed27a906a0774474b200cc5392019facd2a47,0,67659027,14141,1,0x0000000000000000000000000000000000000000,18,?,0,0.0,0.0,0,1.0,1.0,0.0,0,0,0.0,False
0x435ab7a44556569bc9715dd6d35e62ebe7097811773986360125c288d95031a7,0x0d4ed27a906a0774474b200cc5392019facd2a47,0,67659027,14151,1,0x0000000000000000000000000000000000000000,18,?,0,0.0,0.0,0,1.0,1.0,0.0,0,0,0.0,False
0x77b3f46ede518ffc2c5c880f286092ac6a6b576271f22e7afab17129f773defc,0x0d4ed27a906a0774474b200cc5392019facd2a47,0,67659027,14161,1,0x0000000000000000000000000000000000000000,18,?,0,0.0,0.0,0,1.0,1.0,0.0,0,0,0.0,False
0x457e9202e3d3532c3d810593fdcddb76497b5ef2eccd43db6ad48b347a1f4c70,0x0d4ed27a906a0774474b200cc5392019facd2a47,0,67659183,14171,1,0x0000000000000000000000000000000000000000,18,?,0,0.0,0.0,0,1.0,1.0,0.0,0,0,0.0,False
0x6f30308558f956c43a60c2b04639a52476f15fae918386ef8d5e99e6c0d8e502,0x0d4ed27a906a0774474b200cc5392019facd2a47,0,67659183,14181,1,0x0000000000000000000000000000000000000000,18,?,0,0.0,0.0,0,1.0,1.0,0.0,0,0,0.0,False
0x90936ee722c49aa4d11b91c67d9779908f5cea41897bf584976116acc6b50abd,0x0d4ed27a906a0774474b200cc5392019facd2a47,0,67659183,14191,1,0x0000000000000000000000000000000000000000,18,?,0,0.0,0.0,0,1.0,1.0,0.0,0,0,0.0,False
0x35eedbba5e94700ed8034174b44b2904ae2da71f7982861150809c09f7cb0b81,0x0d4ed27a906a0774474b200cc5392019facd2a47,0,67659183,14201,1,0x0000000000000000000000000000000000000000,18,?,0,0.0,0.0,0,1.0,1.0,0.0,0,0,0.0,False
0xcdbc5b4ce0cd8b9bfce12a0469a7bba1eed027a0b71b59504c8977c792e7d592,0x0d4ed27a906a0774474b200cc5392019facd2a47,0,67659183,14211,1,0x0000000000000000000000000000000000000000,18,?,0,0.0,0.0,0,1.0,1.0,0.0,0,0,0.0,False
0x942527c3463a972cb1da128c3b823ee425f6c39729fe2bf7233652e2008b0651,0x0d4ed27a906a0774474b200cc5392019facd2a47,0,67659183,14221,1,0x0000000000000000000000000000000000000000,18,?,0,0.0,0.0,0,1.0,1.0,0.0,0,0,0.0,False
0xadb88b08a259f1b6c6383ebe3d6983823c813c15165f4a050722641ffad1e701,0x0d4ed27a906a0774474b200cc5392019facd2a47,0,67659183,14231,1,0x0000000000000000000000000000000000000000,18,?,0,0.0,0.0,0,1.0,1.0,0.0,0,0,0.0,False
0x6468e8ffc0fe47b40d24f1ebb0192241cd81b366cb5f44d17c1c4560735e1798,0x0d4ed27a906a0774474b200cc5392019facd2a47,0,67659183,14241,1,0x0000000000000000000000000000000000000000,18,?,0,0.0,0.0,0,1.0,1.0,0.0,0,0,0.0,False
0xa3d401ec043be5f3aeec91aef34d74fac92d28cbf040d2e6d6bc7dcf8963c09a,0x0d4ed27a906a0774474b200cc5392019facd2a47,0,67659183,14251,1,0x0000000000000000000000000000000000000000,18,?,0,0.0,0.0,0,1.0,1.0,0.0,0,0,0.0,False
0xd18fa1a4492414359323511c1240ecccd9cc0a68e11c77a3f3aab8411a3bf56e,0x0d4ed27a906a0774474b200cc5392019facd2a47,0,67659183,14261,1,0x0000000000000000000000000000000000000000,18,?,0,0.0,0.0,0,1.0,1.0,0.0,0,0,0.0,False
0x8da93b64f6ce9420304bcc608fe41a7ac01112597d347f2272e18ee3898eb353,0x0d4ed27a906a0774474b200cc5392019facd2a47,0,67659183,14271,1,0x0000000000000000000000000000000000000000,18,?,0,0.0,0.0,0,1.0,1.0,0.0,0,0,0.0,False
0x9b919cc4010a04a4d4f39700a019dd0d523fd34d364511db91740b6bdf9f2ecb,0x0d4ed27a906a0774474b200cc5392019facd2a47,0,67659183,14281,1,0x0000000000000000000000000000000000000000,18,?,0,0.0,0.0,0,1.0,1.0,0.0,0,0,0.0,False
0xd4b9a3cca0c877c703cf2e6659fab23f0c2f802cb35f7bf6a9918dd890b273b5,0x0d4ed27a906a0774474b200cc5392019facd2a47,0,67659183,14291,1,0x0000000000000000000000000000000000000000,18,?,0,0.0,0.0,0,1.0,1.0,0.0,0,0,0.0,False
0x1aae4209c1cf4fd1afd0b78e6d2116ec7da7b7fc643d1470005f29bc5077c343,0x0d4ed27a906a0774474b200cc5392019facd2a47,0,67659183,14301,1,0x0000000000000000000000000000000000000000,18,?,0,0.0,0.0,0,1.0,1.0,0.0,0,0,0.0,False
0x0c65a9b1f92440d8d9c1b82d5ecb7028c63a76a88e0bef7b141310becb4a9da4,0x0d4ed27a906a0774474b200cc5392019facd2a47,0,67659183,14311,1,0x0000000000000000000000000000000000000000,18,?,0,0.0,0.0,0,1.0,1.0,0.0,0,0,0.0,False
0xe8e5308fb4ff26ca77f84d2050beb5d74ee5bb5faa6df7d1ea8f4ab8bb45a05e,0x0d4ed27a906a0774474b200cc5392019facd2a47,0,67659183,14321,1,0x0000000000000000000000000000000000000000,18,?,0,0.0,0.0,0,1.0,1.0,0.0,0,0,0.0,False
0x0d77ead806a9b5b2fa2d48765e29753482c07686c3a32371e178ff60841980a4,0x0d4ed27a906a0774474b200cc5392019facd2a47,0,67659183,14331,1,0x0000000000000000000000000000000000000000,18,?,0,0.0,0.0,0,1.0,1.0,0.0,0,0,0.0,False
0x6d12e8d39a982a1e014b579116c4d574986bafeb1c17c1e6985a02932f68c947,0x0d4ed27a906a0774474b200cc5392019facd2a47,0,67659183,14341,1,0x0000000000000000000000000000000000000000,18,?,0,0.0,0.0,0,1.0,1.0,0.0,0,0,0.0,False
0x0b89181a334290e525e701e7cfc7be2f1ae331805c2dc8dc2776c35a02badcc2,0x0d4ed27a906a0774474b200cc5392019facd2a47,0,67659183,14351,1,0x0000000000000000000000000000000000000000,18,?,0,0.0,0.0,0,1.0,1.0,0.0,0,0,0.0,False
0x59e55af1691d4cdfe9e6007e9bc171ea3b2ad2e16beca2ee8a00d217328f6b16,0x0d4ed27a906a0774474b200cc5392019facd2a47,0,67659183,14361,1,0x0000000000000000000000000000000000000000,18,?,0,0.0,0.0,0,1.0,1.0,0.0,0,0,0.0,False
0x023a499a4fa3f85fb1f4585ba64eddf8e8474c0982e04ff9cb9bf2adc243f7da,0x0d4ed27a906a0774474b200cc5392019facd2a47,0,67659183,14371,1,0x0000000000000000000000000000000000000000,18,?,0,0.0,0.0,0,1.0,1.0,0.0,0,0,0.0,False
0x27acc046de0cc17a50bcb22f281bee3a7cc2ce7ce155d184242c1dcd95c8461f,0x0d4ed27a906a0774474b200cc5392019facd2a47,0,67659183,14381,1,0x0000000000000000000000000000000000000000,18,?,0,0.0,0.0,0,1.0,1.0,0.0,0,0,0.0,False
0x0bb1d55b1cac02d0ea6236a010e190f7d081eb0a17ac90cf1712a607141f861c,0x0d4ed27a906a0774474b200cc5392019facd2a47,0,67659183,14391,1,0x0000000000000000000000000000000000000000,18,?,0,0.0,0.0,0,1.0,1.0,0.0,0,0,0.0,False
0xfc20d8a0a0767c09ea1fa51dd422239f2a8b8ead2cfb180a49e1592c3fd5ba95,0x0d4ed27a906a0774474b200cc5392019facd2a47,0,67659183,14401,1,0x0000000000000000000000000000000000000000,18,?,0,0.0,0.0,0,1.0,1.0,0.0,0,0,0.0,False
0x320df2702401f45cbbb42e9bfd10afed2b12b206d144ea660413c01806603530,0x0d4ed27a906a0774474b200cc5392019facd2a47,0,67659308,14411,1,0x0000000000000000000000000000000000000000,18,?,0,0.0,0.0,0,1.0,1.0,0.0,0,0,0.0,False
0x5dddb82b5ef2b9c93aae76cad0e4a81068217f2cd65812ec393c546625869c1a,0x0d4ed27a906a0774474b200cc5392019facd2a47,0,67659308,14421,1,0x0000000000000000000000000000000000000000,18,?,0,0.0,0.0,0,1.0,1.0,0.0,0,0,0.0,False
0x8ad23a91c7af870dce33a9a5dfeeaa492f3c99044748e0bfe10ea65be3b8ae1b,0x0d4ed27a906a0774474b200cc5392019facd2a47,0,67659308,14431,1,0x0000000000000000000000000000000000000000,18,?,0,0.0,0.0,0,1.0,1.0,0.0,0,0,0.0,False
0x8711b0338dfddcb11f41121d3e1787cc25e28efa6123ed9aaa0c4c37a9249309,0x0d4ed27a906a0774474b200cc5392019facd2a47,0,67659308,14441,1,0x0000000000000000000000000000000000000000,18,?,0,0.0,0.0,0,1.0,1.0,0.0,0,0,0.0,False
0x929dc206e64b02d23196bc6eeadd81513eb85356b5d81da10eca07172e050237,0x0d4ed27a906a0774474b200cc5392019facd2a47,0,67659308,14451,1,0x0000000000000000000000000000000000000000,18,?,0,0.0,0.0,0,1.0,1.0,0.0,0,0,0.0,False
0x25dd410eb005947667c66f9962fdec43a8bdb0f869b66c4dbc225c02d2ec10a8,0xc2bc71acc35337bf7ee2d08a01240660c92788e5,0,67659312,500,1,0x0000000000000000000000000000000000000000,18,?,14,1.995858769235439,0.4,1,0.9886453455400704,0.07142857142857142,0.0910930835741213,4,14,1.995858769235439,False
0x7876c34936bba1577d5279276aafd28f33cbe9ab5f8d5c7f6851a1ac196a98f7,0x3398b0ea63e52abae40e30de42d8ea5b7c3d20a0,0,67659652,810000,19988,0x0000000000000000000000000000000000000000,18,?,0,0.0,0.0,0,1.0,1.0,0.0,0,0,0.0,False
0x672f203e5772555734cd5fb296e0f4799d6e3f90b5727fedaa72135c71fb4b7f,0x60280bf2b67bb0483a5851cac5275473122158de,0,67659701,100,1,0x0000000000000000000000000000000000000000,18,?,81,22.01824611021359,0.14084507042253522,1,0.5621793419894594,0.04938271604938271,0.13,10,81,22.01824611021359,False
0xd9a39cd4d5129bcc3a92eef214c404ab1b7f0c9075d9e1e7eeb312ca1cad3af8,0x5b8279a5be3ae101fc6f926a467b5cfe8cf86303,0,67659716,10000,200,0x0000000000000000000000000000000000000000,18,?,69,11.393526468045629,0.725,1,0.262856080373152,0.057971014492753624,0.198,29,69,11.393526468045629,False
0x6c79ea6017ad1362b448b06b568264b345c849d3c25a319521f792902add8cf4,0xe73374567cdfa792ec874462bb971db554b66f5e,0,67660045,8388608,8,0x4e3468951d49f2eea976ed0d6e75ffcb44a9a544,18,?,0,0.0,0.0,0,1.0,1.0,0.0,0,0,0.0,False
0x7e4e7ea5339206406bc7595e3951f61b609fbbba9f649093266811719ba9cc73,0x3398b0ea63e52abae40e30de42d8ea5b7c3d20a0,0,67660179,808670,19988,0x0000000000000000000000000000000000000000,18,?,1,0.000307560693349312,0.0,1,1.0,1.0,0.000307560693349312,0,1,0.000307560693349312,False
0xac7030178b85b240ffb7eaefab9306fcc16620282465d0e26f1c6f4236f1229d,0xf62c51850934409f51f1c6bb38d1ce0c5f204b64,0,67660433,10000,200,0x0000000000000000000000000000000000000000,18,?,0,0.0,0.0,0,1.0,1.0,0.0,0,0,0.0,False
0x9c4dc79d684d78a5cab14ebe3dec1f3d6ea7e3c7403566dd90a4adb8f0bf7443,0x905ef4615ac841e5f04adc191f7f780c280f3002,0,67660588,500,1,0x0000000000000000000000000000000000000000,18,?,119,12.659845754275487,0.7,1,0.3482977325352516,0.03361344537815126,0.075,49,119,12.659845754275487,False
0xcac63a55e1f11df56c837f0ee161d2bbfee5b7be9f40523e3b35c93d43a3f1b5,0x8d83d14e03d6265a2bb999cc7179f28636124663,0,67660663,10000,200,0x0000000000000000000000000000000000000000,18,?,0,0.0,0.0,0,1.0,1.0,0.0,0,0,0.0,False
0xb3869fcfe212a633d17d6a69b54ce57ff7b04ec3b10f09cbee2808782f206f88,0x4eed74574a61f5062fd412e536e790f6c17f4b56,0,67661315,100,1,0x0000000000000000000000000000000000000000,18,?,0,0.0,0.0,0,1.0,1.0,0.0,0,0,0.0,False
0x320cc91cceb4b6a68fcd84c930f50cc2c90e612d64de07be4cb8178d3f3655a0,0xf48da9848832395961d20d7ba430010867f37261,0,67661357,100,1,0x0000000000000000000000000000000000000000,18,?,32,3.9076307692809884,0.03225806451612903,1,0.6962274996367162,0.0625,0.0925,1,32,3.9076307692809884,False
0xb5d513cd7ff06c7775b1a278a05c7de0d621cf9fa9bfe3bf59bf0292ffdcb89c,0x1b652e78d16fd68d71d7691ebaae952baa482744,0,67661736,8388608,8,0x4e3468951d49f2eea976ed0d6e75ffcb44a9a544,18,?,0,0.0,0.0,0,1.0,1.0,0.0,0,0,0.0,False
0xa244834e3e5af842905c494bba2081a05f094929a5db8603342578b4b5925aa9,0x9f600bad6b4d56e2aedd61ad7207ebd068d5057f,0,67661907,10000,200,0x0000000000000000000000000000000000000000,18,?,72,9.713392994565485,0.6744186046511628,1,0.2131603408192972,0.1388888888888889,0.1485,29,72,9.713392994565485,False
0x0029f37e0c4ddfcd587ab5023390d6036686a27db51dcda7fbbfa9a36555ae0e,0xaf0f27d7c7ee40a7d41dfe5083396b20ae0a47db,0,67662012,10000,200,0x0000000000000000000000000000000000000000,18,?,0,0.0,0.0,0,1.0,1.0,0.0,0,0,0.0,False
0x8341948ad6f1df18955cc71bc3ffcaef4b8c83d91d81e9a80464e988bf2c8b48,0x45dedfb7c17a6d3f3e897a2bbffcfb173e9da270,0,67662314,8388608,8,0x4e3468951d49f2eea976ed0d6e75ffcb44a9a544,18,?,0,0.0,0.0,0,1.0,1.0,0.0,0,0,0.0,False
0x1d1cd285c8e0fda097f895d3aae42d895e2672818717ef201911a491f5c7c51d,0xb49552f0447ffd42b2a0fa3bf07f7ba2013b6c92,0,67662391,100,1,0x0000000000000000000000000000000000000000,18,?,3,0.002173496205539409,0.0,1,1.0,0.3333333333333333,0.0009108,0,3,0.002173496205539409,False
0x37339d80d3e15119ec23ee026568877fbed8fe5869204785d709c9bd84b98fec,0xa20d62dd4c2d2a3d1ff42de2537f19ea04511b77,0,67662835,8388608,8,0x4e3468951d49f2eea976ed0d6e75ffcb44a9a544,18,?,0,0.0,0.0,0,1.0,1.0,0.0,0,0,0.0,False
0x046b61a9d4d14a61f1497dfddfe77864acf8a33f112feeb596a4b1ccef666aea,0x7ab0150539c233b83a7c72c81ad8a1e2d8c4d34f,0,67663386,2500,25,0x0000000000000000000000000000000000000000,18,?,760,16.692344744014886,0.28161888701517707,1,0.6988814708044536,0.003947368421052632,0.0027796352422095787,167,760,16.692344744014886,False
0x6882f20d8993027da5f78664d6ced2cf7f40b567888bce9c0a4017202b45028d,0x5f6dad1bde50916a4199736490ae18ee430e9aac,0,67663684,8388608,200,0x4e3468951d49f2eea976ed0d6e75ffcb44a9a544,18,?,0,0.0,0.0,0,1.0,1.0,0.0,0,0,0.0,False
0x4d40b41786e8912f2dab452ad71c7c79f289d430cc27439fd6884d7bd214c675,0x09b436c01e228b5b98af0c853e73849545804e04,1,67663740,8388608,8,0x4e3468951d49f2eea976ed0d6e75ffcb44a9a544,18,?,0,0.0,0.0,0,1.0,1.0,0.0,0,0,0.0,False
0x4d38eb7206fdb74df75f5f1972ff10a326240cf4e34bad2a9d85f1279fb3a08d,0x3398b0ea63e52abae40e30de42d8ea5b7c3d20a0,0,67663909,790000,60,0x0000000000000000000000000000000000000000,18,?,0,0.0,0.0,0,1.0,1.0,0.0,0,0,0.0,False
0xc262946af433ea6e40202fa7769dfa7c7645e466b0e9d14d7ea7ad32d58864ac,0x9f8977df7ce3e98d978b24ede14b53de7c57f10f,0,67664003,8388608,8,0x4e3468951d49f2eea976ed0d6e75ffcb44a9a544,18,?,0,0.0,0.0,0,1.0,1.0,0.0,0,0,0.0,False
0xe14ed57d705570228f35f2bedfd993b8e7f63fb700690c9a46fe2d137120b0f6,0x511703d7205a92ee7aa653d5af7b62308510ad95,0,67664360,810000,19988,0x0000000000000000000000000000000000000000,18,?,0,0.0,0.0,0,1.0,1.0,0.0,0,0,0.0,False
0x7a5cf9d54be9f3d4bf41900a7d86564d3492bfa7999fcaf0a475079adfe14758,0x511703d7205a92ee7aa653d5af7b62308510ad95,0,67664413,808670,19988,0x0000000000000000000000000000000000000000,18,?,0,0.0,0.0,0,1.0,1.0,0.0,0,0,0.0,False
0xc9be1ebb96c7dc6f942a57537dd050d6bd0f814ee3bff3d91d133d978d815e48,0x134dd1c8cfc59c44dd87029c36cb8c0a254a2149,0,67664414,810000,19988,0x0000000000000000000000000000000000000000,18,?,0,0.0,0.0,0,1.0,1.0,0.0,0,0,0.0,False
0x475b89785841fa25cc00726be05808f2a465c4f6f22821208aab91fd20dc8440,0x134dd1c8cfc59c44dd87029c36cb8c0a254a2149,0,67664457,808670,19988,0x0000000000000000000000000000000000000000,18,?,1,0.000161823670319896,0.0,1,1.0,1.0,0.000161823670319896,0,1,0.000161823670319896,False
0x0de6ab5f98989532316bcf814bdb87e26804aa56e47af4ba147143b163e9d8e1,0x72615c857c3b314bba206b3f3571d3bf940a00c1,0,67664547,2500,25,0x0000000000000000000000000000000000000000,18,?,468,6.766082933417196,0.44,1,0.6535687280377835,0.053418803418803416,0.0025,143,468,6.766082933417196,False
0xe9c9fade7e898bc292fdf50485f3fb4452bafbc578ff0b09d083fd05769b60ea,0x9786718338e56dab7410a5f7404c520e5b55fdf1,0,67664705,8388608,8,0x4e3468951d49f2eea976ed0d6e75ffcb44a9a544,18,?,0,0.0,0.0,0,1.0,1.0,0.0,0,0,0.0,False
0x82f1ef05aa8cb92b18625ae98e7c776ad0777d1a925d4333d680d7590322e2dc,0xa48043b2c5bd7f97af62d8807f443e28f9aeecb6,0,67664938,8388608,8,0x4e3468951d49f2eea976ed0d6e75ffcb44a9a544,18,?,0,0.0,0.0,0,1.0,1.0,0.0,0,0,0.0,False
0xfebb922810a92afa9c72332d83b11ab462b94b587cd8691a3ed0e27a8d3dfc98,0xc914ae85fb4366ccd78d3682a93c59549bb3199a,0,67665222,10000,60,0x32fe8c2e0745822c48e9773b2d08238eb0d960cc,18,?,0,0.0,0.0,0,1.0,1.0,0.0,0,0,0.0,False
0xdcdfef4979737d5312a75d8fc85676effb246f921b90de86c623970e49fe99ae,0xde3a001213dd0c657ef61b8615503bb75cedfd91,0,67665423,8388608,8,0x4e3468951d49f2eea976ed0d6e75ffcb44a9a544,18,?,0,0.0,0.0,0,1.0,1.0,0.0,0,0,0.0,False
0x7455546e7aecd7f66abd0484f871facbea8dd8d5d7599a0e4daba4d4fb121497,0xc625a4f934091d3a9a45568d940873383ba36352,0,67665474,8388608,8,0x4e3468951d49f2eea976ed0d6e75ffcb44a9a544,18,?,0,0.0,0.0,0,1.0,1.0,0.0,0,0,0.0,False
0x0af2db241779d166fe37c22c1efed380820d73644829017e315e34fe7a084e6d,0xe523692d1fa8c4bc254d585347b91e4d9d5b1289,0,67665817,8388608,8,0x4e3468951d49f2eea976ed0d6e75ffcb44a9a544,18,?,0,0.0,0.0,0,1.0,1.0,0.0,0,0,0.0,False
0xbf8883beb712a3e46d716821f1cb018fd992d3db494e5f0634f8e714a84e4638,0x584806d0d9d0a80126bd1da8d4692e15ee053b19,0,67666351,8388608,8,0x4e3468951d49f2eea976ed0d6e75ffcb44a9a544,18,?,0,0.0,0.0,0,1.0,1.0,0.0,0,0,0.0,False
0x243ebf200c4d039aba990f429c404be891cb1209325e268732a1fa5f4013847e,0xe129e04ba75757a686e716b46c6779faf8e22d10,0,67666379,10000,200,0x0000000000000000000000000000000000000000,18,?,59,9.692506050875767,0.7352941176470589,1,0.26303316360831525,0.13559322033898305,0.19535867529226605,25,59,9.692506050875767,False
0xeb3025d81549286ffbf0bf883aa659805b0fb38b325002e4af0f6080afae3e00,0x7ab0150539c233b83a7c72c81ad8a1e2d8c4d34f,0,67666584,808670,19824,0x0000000000000000000000000000000000000000,18,?,1,9.1071133022465e-05,0.0,1,1.0,1.0,9.1071133022465e-05,0,1,9.1071133022465e-05,False
0xa00d288ac03905b5f4c9d628e77d69937757e2b5fc2361be57e1d563d31aca8f,0x2d0bb63d52b428531978f50bf02f2c2351cd428d,0,67666835,500,1,0x0000000000000000000000000000000000000000,18,?,25,3.724112415096257,0.08695652173913043,1,0.6543243446611355,0.04,0.108461,2,25,3.724112415096257,False
0x9f2ea357ad15f03451aa143cd180feb44355b360a3cbf98e05150aeb0776e680,0x58b75df5bf5b3c9683f73d6d88ece8974e690beb,0,67666977,2500,25,0x0000000000000000000000000000000000000000,18,?,186,4.11413544795796,0.9375,1,0.8136190977677621,0.043010752688172046,0.0022,90,186,4.11413544795796,False
0x9ac38c634d80442adc1594401927b1afff1ec7db7b45fccfae742165394bdd0a,0xf38ebaa73920000c7814e32647813a2c78a6d66a,0,67667035,10000,200,0x0000000000000000000000000000000000000000,18,?,1,1.999684e-06,0.0,1,1.0,1.0,1.999684e-06,0,1,1.999684e-06,False
0x6777bfc188927da5fb4bf1f930faf96fb0050f77a58ca309f29327468835664e,0xd06295ca83ad93ce2e6a2fe01bd108a0b34b5e33,0,67667220,100,1,0x0000000000000000000000000000000000000000,18,?,920,208.94881350811661,0.4886731391585761,3,0.2247936395894046,0.02391304347826087,0.1,302,920,208.94881350811661,False
0xc512a9ed3f7b5f858cdeb1e689b0a7147ee2b4bbf05c2221f7a3eacc36f7dd28,0x99ce5fbab15c4ab62e263ee4ab8f56d2ea3f0fba,0,67667863,810000,19988,0x0000000000000000000000000000000000000000,18,?,0,0.0,0.0,0,1.0,1.0,0.0,0,0,0.0,False
0x186197d26426b6f8b2b54e6f23196235ba94ffb7384c1ad982a0d21135556e95,0xd744fd60706fe480a867a75220beb2af38f2e119,0,67667944,3000,1,0x0000000000000000000000000000000000000000,18,?,0,0.0,0.0,0,1.0,1.0,0.0,0,0,0.0,False
0x64fe8b3b45e8a9dd2417f383122f298597e499e33240b8040fca37378c228c61,0x99ce5fbab15c4ab62e263ee4ab8f56d2ea3f0fba,0,67668411,808670,19988,0x0000000000000000000000000000000000000000,18,?,0,0.0,0.0,0,1.0,1.0,0.0,0,0,0.0,False
0xe276bab9e106f82a24ed5a695944ab4f7e45bfc334e53e467a61b9133e1a5b5a,0xd8d68b179665ca2e0354d3fb87cef5f0d3429696,0,67668426,2500,25,0x0000000000000000000000000000000000000000,18,?,2031,25.397041871534192,0.11716171617161716,3,0.37758665012243225,0.06646971935007386,0.0026,213,2031,25.397041871534192,False
0x687b307eb5b39a54b3f6d272007694e916b3c7a0dbfcdc7329717e492327a314,0xb8ece572f2bf84d9cc741251f49786e63175ec59,0,67668769,10000,200,0x0000000000000000000000000000000000000000,18,?,73,8.335617338234977,0.6590909090909091,1,0.2326937921056601,0.0547945205479452,0.12375,29,73,8.335617338234977,False
0x414de0582efb936f7b79019b024a1c2f7c0b297d8b6120fb45fd1439f85e2c06,0x6551203e5ae7cf69df266166da2914a206c5282c,0,67669023,500,1,0x0000000000000000000000000000000000000000,18,?,27,3.206850126745071,0.6875,1,0.7522802453037051,0.07407407407407407,0.08875335640135332,11,27,3.206850126745071,False
0x681d5413a3c6433bb771814999a06cc8e90db62316d6ef6c7443864fa1e07d89,0xfe60fab16d61547b049bfff6e4dc718572a652e5,0,67669716,8388608,8,0x4e3468951d49f2eea976ed0d6e75ffcb44a9a544,18,?,0,0.0,0.0,0,1.0,1.0,0.0,0,0,0.0,False
0x14fac65e4e7527c9407055fa50c26fb6065f57a9f27b65884abc0c501a628fd2,0x541aed1f28ebba7ce37fc1780fbaa3ce0feeb2ba,0,67669821,790000,60,0x0000000000000000000000000000000000000000,18,?,0,0.0,0.0,0,1.0,1.0,0.0,0,0,0.0,False
0x6ffb5b99cf7eed349b820b3c295a769efe99b7c6c51b2f10d2d38d6292827232,0x6cedb223069bed2873c28b8d8ffa6ecd6104c2af,0,67670089,2500,25,0x0000000000000000000000000000000000000000,18,?,24,7.8704076121471145,0.3333333333333333,1,0.9976304467658343,0.041666666666666664,0.002209293730095651,6,24,7.8704076121471145,False
0xae43a30cea57ceb0bd10b32bb736475f2012ca8c8d7537f926fbe7d686aefa33,0x0672e845ffb192944ddd84c1c593d1c6ef94963c,1,67670292,8388608,8,0x4e3468951d49f2eea976ed0d6e75ffcb44a9a544,18,?,0,0.0,0.0,0,1.0,1.0,0.0,0,0,0.0,False
0x97d5fbbeecfe6e60ae8cb7bcf7194b509b97ad1414b786d1f61c6c8dc5074e13,0xd3de56d660b4152b7fd2096595cd686506023d91,0,67670577,10000,200,0x0000000000000000000000000000000000000000,18,?,1,1.998648e-06,0.0,1,1.0,1.0,1.998648e-06,0,1,1.998648e-06,False
0x71ed1f9098ec6201225c5e09aec712260216cd74a4c92193332cebaac031dca3,0x541aed1f28ebba7ce37fc1780fbaa3ce0feeb2ba,0,67670965,0,200,0xe5e702641ea86f4ae6cc3cdaed2b886f976be044,18,?,2596,56.18933776836962,0.8797972483707458,8,0.05705499798993278,0.053929121725731895,0.0085,1215,2596,56.18933776836962,True
0x8e9b4ec89dab38e19d4a7573f27b742f940f6ea7a33f11245dfd1546e64d409a,0x5c0e678d6ee7676e12a54a5dd957a5f8c9221e18,0,67670988,8388608,8,0x4e3468951d49f2eea976ed0d6e75ffcb44a9a544,18,?,0,0.0,0.0,0,1.0,1.0,0.0,0,0,0.0,False
0x6af545c056a5616a5fde01df796d221e867a43eff7b36690276cdf63c438419e,0x7b1598e5315ff70cc7b149a7204daaed946b4a37,0,67671038,8388608,8,0x4e3468951d49f2eea976ed0d6e75ffcb44a9a544,18,?,0,0.0,0.0,0,1.0,1.0,0.0,0,0,0.0,False
0x40fc1b3221b2e709d2d30a4073536bfdc14094f660daa0de3ade3a093e9f51f4,0x775c1027b29646ec28d41427902f1276fe61d1ec,0,67671052,10000,200,0x0000000000000000000000000000000000000000,18,?,0,0.0,0.0,0,1.0,1.0,0.0,0,0,0.0,False
0x24db6dc1de143c59825f1e5cc2486d5196cef2f8e9441ab1d5386f22a494a83d,0x98efe751fec99a698a0b9616a823c35d437d7d87,0,67671330,500,1,0x0000000000000000000000000000000000000000,18,?,13,1.9016347738619808,0.3,1,0.9995184152516626,0.07692307692307693,0.09659,3,13,1.9016347738619808,False
0xd45c5c7522a1864db19c6372c4cad3e8380ba3f30a5ea2c056662c104a9fabb0,0x2f7e93410082e869710ad1c704842e194c70ead2,0,67672512,2500,25,0x0000000000000000000000000000000000000000,18,?,1214,24.638160417525803,0.2860169491525424,4,0.5488096074058693,0.0016474464579901153,0.0029184471628969063,270,1214,24.638160417525803,False
0x45fb340024fd84e5ad60a035fc4aa9dbee2fefd7a23ed6567680505d7e83d7b9,0xd951655b7655121898be4545f6fd30cb9051ad27,0,67672512,500,1,0x0000000000000000000000000000000000000000,18,?,120,11.896633277668961,0.6901408450704225,1,0.2950502493350753,0.03333333333333333,0.07200000000000001,49,120,11.896633277668961,False
0xfa8f870ca293a4b93a0016aa192b6f237c993d01963affbd85e7eb9b88712fe6,0x8830b67752b1905dcd3130af67714ede10ed2cfa,0,67673338,10000,200,0x0000000000000000000000000000000000000000,18,?,1,1.998864e-06,0.0,1,1.0,1.0,1.998864e-06,0,1,1.998864e-06,False
0x1cde9597fa8da111b5d66ee27f61f523f24e37fec9b572b04719ad9fb2cd0a07,0xb73be6f808cb7fcdd0055770ca7ea9fa36e019a9,0,67674391,810000,19988,0x0000000000000000000000000000000000000000,18,?,0,0.0,0.0,0,1.0,1.0,0.0,0,0,0.0,False
0x8115c0496742cdeacb73aaa71c654fb3b524a4c87861dd0bbe1844beda1bf0c5,0x3739fe5159c1cf463b2fe696d5a5413905a9d5e1,0,67674578,790000,60,0x0000000000000000000000000000000000000000,18,?,0,0.0,0.0,0,1.0,1.0,0.0,0,0,0.0,False
0xbc38dd44b145835bf04b1fc3728c4b9f0c640c6eb2962438048943c5077de532,0xb73be6f808cb7fcdd0055770ca7ea9fa36e019a9,0,67674921,808670,19988,0x0000000000000000000000000000000000000000,18,?,2,0.00030307905120550396,0.0,1,1.0,0.5,0.00015153952560275198,0,2,0.00030307905120550396,False
0xf12626528ec2afc32001af7dd3ee5bda49e37b4de96db712f71555875d95acd5,0x6dc1052baa8ffd04a975db12a3a6cf3b05376400,0,67675022,10000,200,0x0000000000000000000000000000000000000000,18,?,0,0.0,0.0,0,1.0,1.0,0.0,0,0,0.0,False
0x6f0a87612e63bd90b02fb118039b4434d8c66987b77f3d7ee3cb7326e50ca788,0x0aefa4e2b6acf9f736aab11c8ea64c05d58a19a9,0,67675789,10000,200,0x0000000000000000000000000000000000000000,18,?,74,9.308413061832471,0.6818181818181818,1,0.21022284863312027,0.0945945945945946,0.1485,30,74,9.308413061832471,False
0x695744f7f9c81446d794cefaebaded497a51b6a8e9a1a602b6a745a01b80ee48,0xf107b1d58fb2386484ee30ac2712a1c7bf61b1d5,0,67676218,10000,200,0x0000000000000000000000000000000000000000,18,?,14,0.12076064924829548,0.75,4,0.9969986856274918,0.14285714285714285,0.000996,6,14,0.12076064924829548,False
0x99d4c3a95884b77dd35670462714b6a82c6029dada586f09051836936e53bf1a,0xd8d68b179665ca2e0354d3fb87cef5f0d3429696,0,67676239,808670,19824,0x0000000000000000000000000000000000000000,18,?,3,0.000382707564694295,0.0,1,1.0,0.3333333333333333,0.000106268091368792,0,3,0.000382707564694295,False
0x0bda856468f0280b5836efb8bcb9554e76bf7116ad0fda587af39e0b6310ffa5,0x1c7421d0a459d31cf018b8b95029583b68c860fb,0,67676284,10950,200,0x4e3468951d49f2eea976ed0d6e75ffcb44a9a544,18,?,2,0.001847458065365365,1.0,1,1.0,0.5,0.0009237290326826825,1,2,0.001847458065365365,False
0xd35ce2d4f80253774bee61240d3bf61db4d9158c0cd332bce507acbdd57279b9,0xf107b1d58fb2386484ee30ac2712a1c7bf61b1d5,0,67676308,100,1,0x00d18bc3fab01162f43f20c071559795fcaf4144,18,?,4646,418.29135736553644,0.7631878557874763,8,0.030000315525943944,0.007102884201463625,0.0337,2011,4646,418.29135736553644,True
0x660c4a30dbcd989eb3aa3dbf6d400c485f1e21af8df2be0ebf01059cc949bada,0x3739fe5159c1cf463b2fe696d5a5413905a9d5e1,0,67677155,0,200,0xe5e702641ea86f4ae6cc3cdaed2b886f976be044,18,?,2390,64.61688524066595,0.9305331179321487,8,0.0780517599585781,0.03765690376569038,0.0085,1152,2390,64.61688524066595,True
0xcf075b3b67481c0029936c88114f90674b44317451f6d9cfec89ba11272a7ef3,0x8c227fce81efdf2999cd365f7a9ab29d6bb4bd38,0,67677383,810000,19988,0x0000000000000000000000000000000000000000,18,?,0,0.0,0.0,0,1.0,1.0,0.0,0,0,0.0,False
0x248f39de56498166baf0392235ab2dd6e2dc854dda6a7a3a5f1aa4ffaf07e450,0x8c227fce81efdf2999cd365f7a9ab29d6bb4bd38,0,67677430,808670,19988,0x0000000000000000000000000000000000000000,18,?,0,0.0,0.0,0,1.0,1.0,0.0,0,0,0.0,False
0xaecfe48b7eed4c2580145ef3c887247516f87a564798558ea530c94a4f7d0202,0x979fbc64c93d9b9e34b18e4b67ec716e1165cb31,0,67677458,10000,200,0x0000000000000000000000000000000000000000,18,?,0,0.0,0.0,0,1.0,1.0,0.0,0,0,0.0,False
0xcbd44a9bf3050ecda0587e4b1d75701683568edbbe861336fe09080954311ea3,0xad7d0de8439dfbc83451a980c9c082245383ef49,0,67678225,10000,200,0x0000000000000000000000000000000000000000,18,?,53,8.744648587961938,0.7096774193548387,1,0.3210438533242048,0.05660377358490566,0.1855931516880194,22,53,8.744648587961938,False
0x1b1ee0064ae96871d383dc752ba925813093f7159df6c8d78e7828f92c106e25,0x68ade65501dbedb944c718c42b7f54c2c992d534,0,67678243,10000,200,0x0000000000000000000000000000000000000000,18,?,3,0.0026826578903207878,0.5,2,1.0,0.3333333333333333,0.001315097839201113,1,3,0.0026826578903207878,False
0x67811ee487bd1834949e691e56f7bb52f8109c04d0f2cdcae8587267e32ad8f0,0x779934f31b20c05bf99687d3e5a756490c19775d,0,67678594,10950,200,0x4e3468951d49f2eea976ed0d6e75ffcb44a9a544,18,?,0,0.0,0.0,0,1.0,1.0,0.0,0,0,0.0,False
0xd3330503b334e3fc36b8b3059fe1837d4f3ec78413ce9d381f9fb86cae3c96b9,0xff3871c540e0457a64fbd76952d899a1dc7ff7e9,0,67678797,500,1,0x0000000000000000000000000000000000000000,18,?,19,2.210096307778463,0.05555555555555555,1,0.7605100398637901,0.05263157894736842,0.1055,1,19,2.210096307778463,False
0x91494e1cc93f89abf5bec471f1877b786c1766f291b4cdddab153ba094253f52,0x0257823c2bfc1a7202ae55afc50edae922abae64,0,67679412,3000,1,0x0000000000000000000000000000000000000000,18,?,0,0.0,0.0,0,1.0,1.0,0.0,0,0,0.0,False
0x02f0e14d1081c0ffa75a5cae31b1a94b923d570b6bf43bceefec940d28ad255d,0x57cdc55757bac52ca190417e13900b36a0b5ed46,0,67679909,10000,200,0x0000000000000000000000000000000000000000,18,?,1,1.99857e-06,0.0,1,1.0,1.0,1.99857e-06,0,1,1.99857e-06,False
0xce8ce66825614f0d70e91ad0ecb14b65df568a8a45d5fae7f9c52c9739aa5efa,0xfd7b8048157b81281c9e06eac99998b12e6437f9,0,67680547,500,1,0x0000000000000000000000000000000000000000,18,?,90,11.485201848264886,0.5517241379310345,1,0.33185292137840217,0.06666666666666667,0.0818342951603544,32,90,11.485201848264886,False
0x879bd9fb9f618e9b29d48cb3d5a6e4ec538e1852db9f7e53039d264417c8404c,0x1acfe700335e63a0d6d599f43069dbce4a10f4aa,0,67680926,2500,25,0x0000000000000000000000000000000000000000,18,?,11,0.5429735239902116,0.8333333333333334,1,0.9999963202294186,0.09090909090909091,0.001153276318897184,5,11,0.5429735239902116,False
0x06b73e9781ec59411c792d042d72622bd7e512a97a50b7673e3c58863f9cafe5,0xfda19b9719e99b3bd73bc4245bedc8c8a484a1df,0,67680982,800000,8000,0x0000000000000000000000000000000000000000,18,?,2,8.6812322145823e-05,0.0,1,1.0,0.5,4.34061610729115e-05,0,2,8.6812322145823e-05,False
0x86e4d6120e82e6416b04d04bcd088c64e21d2db0307f8f3b32cedc5bba590b6f,0x2774592c13554ece76ebd198a718758585d5018c,0,67681183,10000,200,0x0000000000000000000000000000000000000000,18,?,77,14.173655733288667,0.7111111111111111,1,0.23149181623432552,0.09090909090909091,0.198,32,77,14.173655733288667,False
0x1d77ade8cd5cd148aef6c7dd1a22f86c2cb305c8bf55ab6e243813b715c905bf,0x41710a7cb46270eddb69764053de95d15fc8eba3,0,67681620,8388608,200,0x4e3468951d49f2eea976ed0d6e75ffcb44a9a544,18,?,0,0.0,0.0,0,1.0,1.0,0.0,0,0,0.0,False
0x1c58b78131333f857f60d5fd792c4f20c8430c5dee75f112a2608610b289e7d3,0x1c7bf983b29cd7daad2f52b616879a21c4222b8a,0,67681867,2500,25,0x0000000000000000000000000000000000000000,18,?,3114,36.791392216316886,0.06936813186813187,4,0.3672107909119556,0.06583172768143866,0.0026,202,3114,36.791392216316886,False
0x8f2a9fa4ab6adad51f249526cde8fcefb280bb8c9f721c3572ce4333d70530ad,0x16af624fb4d6dc8e4699e086ecbf7de7c58d0b75,0,67681997,10950,200,0x4e3468951d49f2eea976ed0d6e75ffcb44a9a544,18,?,0,0.0,0.0,0,1.0,1.0,0.0,0,0,0.0,False
0x769bd2c6ad19302935f64bb2051ec962013ae2542ed5bfde45ba3bb6676a5f65,0x15f78d511c1e4400eba3275db950193bc729e5c3,0,67682092,2500,25,0x0000000000000000000000000000000000000000,18,?,20,1.9219916091070426,1.0,3,0.9811295266992991,0.05,0.02862606089153115,10,20,1.9219916091070426,False
0x8f5a45c39158dcce9b64d313126f4c842db751d4d6cc31b1944b09449a7dcf03,0xbbd44b3e371dbf7b4473203d71986fa1d7209580,0,67682120,810000,19988,0x0000000000000000000000000000000000000000,18,?,0,0.0,0.0,0,1.0,1.0,0.0,0,0,0.0,False
0x0e248eaf7d3ab0a3cb361af7f10ff253c523a8d21c9b2d8ad7043778db24cca2,0xbbd44b3e371dbf7b4473203d71986fa1d7209580,0,67682162,808670,19988,0x0000000000000000000000000000000000000000,18,?,3,0.000226715933278907,0.0,1,1.0,0.3333333333333333,1.306897190787e-05,0,3,0.000226715933278907,False
0x985cbcbb521ce54c3c6b2dda996da7560225bc4d9fddb385fe42de4040198d7c,0xe61cebfb9457b443dda9613e3f943b849e3ba1df,0,67682570,10000,200,0x0000000000000000000000000000000000000000,18,?,70,8.302328086280564,0.7073170731707317,1,0.2396140424663617,0.12857142857142856,0.13545878584877827,29,70,8.302328086280564,False
0xac356ce266b9e79a838feb19d39c7365141f1b624e756de37bf1f1aa96f0632e,0xd38d2769e25aeb7e46f1911d478d33bc3348ee99,0,67684932,3000,1,0x0000000000000000000000000000000000000000,18,?,1,0.001499999999999999,0.0,1,1.0,1.0,0.001499999999999999,0,1,0.001499999999999999,False
0xf57b227830ecfbd769fd0c956d15a68027d4726374a633c183610ba446da216a,0x592171810d8d5d596a544c6c69b487c79ed51e18,0,67685863,15000,150,0x0000000000000000000000000000000000000000,18,?,0,0.0,0.0,0,1.0,1.0,0.0,0,0,0.0,False
0x611f07fd6769fda0adbe5ad813bb1bef34926615c215a47b7a35cc8aa89be60c,0xe7c1730a77db0cac8eb7705b2671b1d3415bb2d0,0,67686095,500,1,0x0000000000000000000000000000000000000000,18,?,106,11.743486744127454,0.5588235294117647,1,0.32479915155139966,0.03773584905660377,0.07994905102925491,38,106,11.743486744127454,False
0x4389e50c7f4d5b8fac1cb88260d9d3a84fc2d01a025bd800cad0e7b18c5f5e6f,0x2d6398dc2e93acd1db30c96f41708da442611e18,0,67687261,8388608,8,0x4e3468951d49f2eea976ed0d6e75ffcb44a9a544,18,?,0,0.0,0.0,0,1.0,1.0,0.0,0,0,0.0,False
0xaea5209afc7753cec70f7f5b88cea6fa32a7ed7c7a89527cbf0b7ca8d3892e18,0xbf567ad8fc3914defa3244e9ff18b72711fd6f3f,0,67688077,810000,19988,0x0000000000000000000000000000000000000000,18,?,0,0.0,0.0,0,1.0,1.0,0.0,0,0,0.0,False
0x1f3bfcc51bcb427de2fcf62c71f2167c0ff419b9f04cc6dc9a2ffaa20d1d8123,0xbf567ad8fc3914defa3244e9ff18b72711fd6f3f,0,67688120,808670,19988,0x0000000000000000000000000000000000000000,18,?,0,0.0,0.0,0,1.0,1.0,0.0,0,0,0.0,False
0x2f269e444a9d8e995b9918cbdaff3d3b951fccced49f22364bc525d36a1bf268,0xa7a8fad0080737fb6189cd3e58aa97192a0ad749,0,67688323,10000,200,0x0000000000000000000000000000000000000000,18,?,65,12.348136621424619,0.7105263157894737,1,0.27754041523184564,0.07692307692307693,0.2,27,65,12.348136621424619,False
0xb87706ce826f974824a1679cbe638cb08bc07da4da3b69dcc623514f528e357b,0x232b63dddd0717dc256de625cf64a0da3b936a6f,0,67688517,801234,200,0x0000000000000000000000000000000000000000,18,?,0,0.0,0.0,0,1.0,1.0,0.0,0,0,0.0,False
0xea0668c74838861d2d8cf6941aeb51a05328634f7b689ce86d842898c43d7af3,0x9fd280ce5024901c3978da822a979937fb152b8a,0,67688723,10000,200,0x0000000000000000000000000000000000000000,18,?,69,9.365825889168182,0.6428571428571429,1,0.22625590339656265,0.10144927536231885,0.1485,27,69,9.365825889168182,False
0xf9107062e30327a7df9a9017f1de22b469eaf8eb80fa533f8736fba5a2862f5d,0x13668319dcd7390c849b1d32628928f80b57f87d,0,67689744,810000,19988,0x0000000000000000000000000000000000000000,18,?,0,0.0,0.0,0,1.0,1.0,0.0,0,0,0.0,False
0xecd39b3fd70952eab412fa2fcded3778ba347ba46da1ad4a852d43edc3763735,0x13668319dcd7390c849b1d32628928f80b57f87d,0,67689784,808670,19988,0x0000000000000000000000000000000000000000,18,?,3,0.000371944171459021,0.0,1,1.0,0.3333333333333333,0.000120976522383974,0,3,0.000371944171459021,False
0xf926bc1d2306949c05398d5a85c3853af3662578c6d4d90e97edf2db3fdf97cb,0x2ea936002011581213ce48dcef96098cee91a46b,0,67690337,8388608,200,0x48b8f6ad3a1b4aa477314c9a23035b8f84dde8cc,18,?,10,0.008303771794034027,0.1111111111111111,3,1.0,0.4,7.620714997079e-05,1,10,0.008303771794034027,False
0x5b3a1c8fa928d26506be605fc580b8122496f56d2350b94cc8d5c2eda63fe88e,0x271c83892ad0747fe1c51032ad3f62e0488591fa,0,67690403,100,1,0x0000000000000000000000000000000000000000,18,?,23,1.8051328486732607,0.09523809523809523,1,0.8747278634702902,0.08695652173913043,0.034,2,23,1.8051328486732607,False
0xd00c92567d4be71e30cbe317be1351a25d094f6a1e174f9b64256f4334138f68,0xb8b4ccb7991a309f7cc29ea26d4a1a9032155b98,0,67690662,2500,25,0x0000000000000000000000000000000000000000,18,?,884,147.80871425377703,0.366306027820711,5,0.22942883529994673,0.05090497737556561,0.0445,237,884,147.80871425377703,False
0x471f25930e51f45ead020ebef078b2dc566cf39279af1ceb5682fb31e4355451,0xfc0bc5a53889fe4008d710ab3bd5a1ecbd5bdd90,0,67690898,8388608,8,0x4e3468951d49f2eea976ed0d6e75ffcb44a9a544,18,?,0,0.0,0.0,0,1.0,1.0,0.0,0,0,0.0,False
0xff415c99c786e172fc456721497a52cbfe0d62203b05a92d1fc4ace64f584dc4,0x581be5d6aadd87305a20749ba10aad1c7900aa32,0,67691962,500,1,0x0000000000000000000000000000000000000000,18,?,125,15.241962004880158,0.5625,1,0.3490997418906086,0.032,0.07962117157486429,45,125,15.241962004880158,False
0xc6404bc2cef3f7edcf2561da8cc466c3991bbfa61b1796a43bc090c49a14c28c,0x01741299a3adad84c5cfe002f8123b944085eaaa,1,67692591,8388608,60,0xa8e58a2955a68262bbd4dba853f0f2876a9b9080,18,?,0,0.0,0.0,0,1.0,1.0,0.0,0,0,0.0,False
0xf1d6c1bd05616568e91141a20bfff2e33b2a478c3e581fb76df50dbb3ba01539,0xc99ec4ea710b823dd9de658cf33c2b7c1c46b257,0,67693277,2500,25,0x0000000000000000000000000000000000000000,18,?,12,0.5202575414649723,0.7142857142857143,1,0.9999923529835075,0.08333333333333333,0.0008264391409415215,5,12,0.5202575414649723,False
0xc3b051bcc9a82039c1fa680d42cdb5c92d77b9dee917f8e45275eeb94d69a533,0x6ff143fbca3d8a613a7eda431031aeb31c7b410c,0,67693483,50000,200,0x0000000000000000000000000000000000000000,18,?,0,0.0,0.0,0,1.0,1.0,0.0,0,0,0.0,False
0x97ac4f050cbfef2ab5a2a48933dea15e7258ccad191e33fa6e84e74d1d1e4370,0xf949f0988f4f6acc8a2642ba9b0e8726b2fb3743,0,67693759,10000,200,0x0000000000000000000000000000000000000000,18,?,3,0.183251999822,0.0,1,1.0,0.3333333333333333,0.01,0,3,0.183251999822,False
0x59f1c7f9913c74782bcd85f94193521feb911d4c9e9cc282008a795cb1294090,0x281c8c6b0f4201f183d4860f1ab1c4a7f7b130bf,0,67693952,8388608,200,0x48b8f6ad3a1b4aa477314c9a23035b8f84dde8cc,18,?,1,0.000117905989624273,0.0,1,1.0,1.0,0.000117905989624273,0,1,0.000117905989624273,False
0xf2d03cfface3ad87c240947cd232277db794eabb030899a562f2749781542e05,0x02cd85fd3de913a06962afe41e0997c93feb9178,1,67693965,0,1000,0xe23dcab786031c9a20ba9b85658d1ff642f85acc,18,?,1,0.0025,0.0,1,1.0,1.0,0.0025,0,1,0.0025,False
0x092aaceaf08fece4afe85a8619c378a75910659b7482a0ae36aa0afaa9ae2fd5,0x3f14501e6b2148a012d60706c81ca6e7c492cc73,0,67694114,10000,200,0x0000000000000000000000000000000000000000,18,?,17,2.956696569974239,0.4166666666666667,1,0.7591876157345142,0.11764705882352941,0.198,5,17,2.956696569974239,False
0x8201e82eafb8ca32e17fae199b49c759ff0a544b083369cad27ded1380b96473,0x049b9a092d3b5407b1ca5a55ca23fedc10808d1e,0,67694795,2500,25,0x0000000000000000000000000000000000000000,18,?,10,0.5037105197633766,0.6666666666666666,1,1.0,0.1,0.000466,4,10,0.5037105197633766,False
0x4a8f5af88110b1d2cb2e3282522380907e657ded0877c2d3f669d141205a02c7,0x0efadabf842ff9ba8396234c9d29116c40ab2b8a,0,67694835,10000,200,0x0000000000000000000000000000000000000000,18,?,64,8.177598033215519,0.6410256410256411,1,0.27141704235682784,0.09375,0.12589326963455028,25,64,8.177598033215519,False
0x41707081ca193f13e85910f02be650f8c001cdaec5f07ee628cbea88fa1635a4,0x827488976525a867a232cd3a2c5f7c046796f2c6,0,67695400,10000,200,0x0000000000000000000000000000000000000000,18,?,22,3.5906574662074036,0.5714285714285714,1,0.6463598524232603,0.09090909090909091,0.1690551206548898,8,22,3.5906574662074036,False
0xc1ab995a02acce85f8cbfe1fd7f40c6a0174444971d04f0d0d8604fb5756ea19,0x8decfde3686c6ae7830800caf4cb2b95fc4c7a7c,0,67695669,810000,19988,0x0000000000000000000000000000000000000000,18,?,4,0.00028075445820742803,0.0,3,1.0,0.25,3.2981847720942e-05,0,4,0.00028075445820742803,False
0x3f91ff981f9c4c52a56e2250fcacca42b1e1b433a6333b915714cebf76778a49,0x8decfde3686c6ae7830800caf4cb2b95fc4c7a7c,0,67695722,808670,19988,0x0000000000000000000000000000000000000000,18,?,4,0.000673768471107219,0.0,3,1.0,0.25,0.0001309441936545965,0,4,0.000673768471107219,False
0x8deee65fc09febc98b52203cbd6a6c8530bef8db625134bdd312e38f716056a5,0x99f1282cbee9b01b680eaf65727329649a2357fe,0,67695803,2500,25,0x0000000000000000000000000000000000000000,18,?,7,0.5026015039682344,0.75,1,1.0,0.14285714285714285,0.001152860075779867,3,7,0.5026015039682344,False
0x8ddd0150ec532ec887b0a4f9791031474852a1a4406b3413cf20a095a4c1cbe9,0xc4bf19136307d35f58dde31d70ff2b8981bfde2d,0,67695823,2500,25,0x0000000000000000000000000000000000000000,18,?,9,0.5033755072920401,0.8,1,1.0,0.1111111111111111,0.0005,4,9,0.5033755072920401,False
0x48cf96819c1e0419326bc8a7b61f008100cdf28a4b4435b1e70537ea588fbb98,0xd33f549b97abac6436df692366e794db191b7b05,0,67696465,2500,25,0x0000000000000000000000000000000000000000,18,?,9,0.503375508143658,0.8,1,1.0,0.1111111111111111,0.0005,4,9,0.503375508143658,False
0x2ac3b12f4c4d833b28a1c6b8c054ae080a8e9a7c68f1dcb1cb9f6fadac176bf4,0xed17c51ef9e58c4afa073b19eea66e3ed9fdc594,0,67696793,10000,200,0x0000000000000000000000000000000000000000,18,?,63,12.807036596990633,0.75,1,0.30121695101937324,0.06349206349206349,0.225,27,63,12.807036596990633,False
0x4ec205daf582dadadee129fbf70685fad11c086c1fde6150cba419f1c568ca3f,0x914d43704d8f9873d04ce2d42c0573de789adcc2,0,67696812,810000,19988,0x0000000000000000000000000000000000000000,18,?,0,0.0,0.0,0,1.0,1.0,0.0,0,0,0.0,False
0x7cc0bdb8ef211664a2527c4a411b12d6b282b5b11509656ebdca690e60e61f64,0x9b1a407fb43910e2a689c5216032ff72969d8d09,0,67696862,9000,90,0x0000000000000000000000000000000000000000,18,?,3,0.000101102939999998,0.5,1,1.0,0.3333333333333333,4.9104049999998e-05,1,3,0.000101102939999998,False
0xcc880d23b40ef806032802df5d4acf953cb7cd445b0187b1b1745b9c7de5746e,0x71bdca3baadd7bd5c453918a87307d1cfcb74663,0,67696915,10000,200,0x0000000000000000000000000000000000000000,18,?,1,1.999276e-06,0.0,1,1.0,1.0,1.999276e-06,0,1,1.999276e-06,False
0x81d09c27d5dc2721afb1cb25857585d102d2368401ded036de51bdfce0042d31,0x9e90997ccb17768e9a5894f428b193af3abfc427,0,67696924,10000,200,0x0000000000000000000000000000000000000000,18,?,0,0.0,0.0,0,1.0,1.0,0.0,0,0,0.0,False
0x70a1ea7923cac05b61c3381a20dd560701bbbb33adbe1611168250bf404c6eb9,0x133e4afa3ba9f4a4785561447fe5bc6fa69f29e6,0,67696945,2500,25,0x0000000000000000000000000000000000000000,18,?,9,0.5034635335453126,0.8,1,1.0,0.1111111111111111,0.0005,4,9,0.5034635335453126,False
0x23d5d71b97605c2b874eb5a0d786e782e3b82488fab1438275f581ee1aa01692,0x9e4ddf28ec87fcd92ac06da562072af5abc6a210,0,67697087,8388608,8,0x4e3468951d49f2eea976ed0d6e75ffcb44a9a544,18,?,0,0.0,0.0,0,1.0,1.0,0.0,0,0,0.0,False
0x73a4c5c5f0c84a9d10956b53a79692eb571ee169ad3249d2d308c7e489b8ef91,0x914d43704d8f9873d04ce2d42c0573de789adcc2,0,67697342,808670,19988,0x0000000000000000000000000000000000000000,18,?,1,0.000183291964232324,0.0,1,1.0,1.0,0.000183291964232324,0,1,0.000183291964232324,False
0xd0a3b5ec55acfe28de85297026bfec43ed23abcfd9be2943f0683780bfc49b4b,0x47e6600367e5df8077ef6e9f22ba2c74f31e4663,0,67697513,10000,200,0x0000000000000000000000000000000000000000,18,?,1,1.999508e-06,0.0,1,1.0,1.0,1.999508e-06,0,1,1.999508e-06,False
0xa75c0465a306efa00d6a606441f3752a4f7796d7b46551d90b78932086de669a,0x1c86df19d184a31bae9923c3751eef2370b2b1de,0,67697772,300000,3000,0x0000000000000000000000000000000000000000,18,?,0,0.0,0.0,0,1.0,1.0,0.0,0,0,0.0,False
0x8978d8e9358da9317af10d8505260613ee7493244fe06bb007f3024107b1bf00,0xa53a829d097d5e23879dbb8b1bcd456e5235819c,0,67697886,8388608,200,0x48b8f6ad3a1b4aa477314c9a23035b8f84dde8cc,18,?,3,0.000124081009492619,0.0,1,1.0,0.3333333333333333,5.818071825308e-06,0,3,0.000124081009492619,False
0xac36ae58b688843fb479896847b01d44adbb4d7ccbdcad2bf4283168e091f46d,0x4954ade0fe9bd57debb7c08097cd598ccfeb455d,0,67698015,2500,25,0x0000000000000000000000000000000000000000,18,?,30,3.146072509872429,0.875,4,0.9361473192912556,0.03333333333333333,0.01966616993383353,14,30,3.146072509872429,False
0x25e7e3d851a4513fdf6ad4acd2960e94f73861b8dcc2014192fde4375ab571b1,0x23f791595b4618918acf2c23801926ba3610d226,0,67698046,8388608,8,0x4e3468951d49f2eea976ed0d6e75ffcb44a9a544,18,?,0,0.0,0.0,0,1.0,1.0,0.0,0,0,0.0,False
0x3a697a6b48608cae4e6ba2b07187b4e563412d381204b94c2944d0626623a9fb,0xc0a52460ed40eaf7870d2208b329d8cab05447b4,0,67698060,2500,25,0x0000000000000000000000000000000000000000,18,?,626,30.11038364218188,0.7437325905292479,3,0.20660259135532938,0.02875399361022364,0.013517729416492113,267,626,30.11038364218188,False
0xc636e811af293ec2495587db426e3e2662750a9b094b337ede9a3b2280e2ad1b,0x234e83a3249940df35733413cce6d720df99271b,0,67698195,500,1,0x0000000000000000000000000000000000000000,18,?,78,9.018295388183757,0.25806451612903225,1,0.3552278691078906,0.01282051282051282,0.10235,16,78,9.018295388183757,False
0xb4db70b540bf68c93fc8412399d970ddbc25e734dc94f3ecf97e9bde31233de7,0x15e6b5a7203cc8d866cf03246d6639a3d76c4663,0,67698254,10000,200,0x0000000000000000000000000000000000000000,18,?,1,1.998814e-06,0.0,1,1.0,1.0,1.998814e-06,0,1,1.998814e-06,False
0x2166756c80288af8b035c9124571549992b3ea75e10e7350e57cb0e6a239aceb,0x7e524624b1b808e0ed0cb506ae1cdb6b7af23723,0,67698518,50000,200,0x0000000000000000000000000000000000000000,18,?,0,0.0,0.0,0,1.0,1.0,0.0,0,0,0.0,False
0x1a141cd0238179aaec9bf6b8af77e220aba497b28b0bf830280f4b3cf8b02351,0xfd318fed6177a54e225b51db2c8ee07c26034663,0,67699058,10000,200,0x0000000000000000000000000000000000000000,18,?,3,0.001982104940565016,0.5,1,1.0,0.3333333333333333,0.000980105478565016,1,3,0.001982104940565016,False
0xc0d27e36c3fdcaa1e05323bcc314cbaeef4e22d8a6255d0dffe431412afbee96,0x4adb565ff59f1a787516d8f5f3e8be5e4e94c4cb,0,67699085,3000,60,0x0000000000000000000000000000000000000000,18,?,46,0.03564345765923817,0.3142857142857143,3,0.7599405594843206,0.043478260869565216,0.00020380271456464947,11,46,0.03564345765923817,False
0x03484da5661f39f468288277f788aae72678578dec85152b75479d4b61cd2668,0x4adb565ff59f1a787516d8f5f3e8be5e4e94c4cb,0,67699149,3000,60,0x261b0f5e05eb05c6496728f1ae4969810dbe8a80,18,?,3688,1598.1120226445548,0.7536852116024727,8,0.06596507341953582,0.05422993492407809,0.2605,1585,3688,1598.1120226445548,True
0x3cc3750515d0ed041d64f3beed880b012bdff6a96120123c0c4067d21f8d5628,0xeda1e53719a68a69d6d0cb74a6afbadf8239973f,0,67699248,8388608,8,0x4e3468951d49f2eea976ed0d6e75ffcb44a9a544,18,?,0,0.0,0.0,0,1.0,1.0,0.0,0,0,0.0,False
0x3a0ac4b1ab59421f4b81237fc5a0375e67a8f1fa828ab7a6acff184a06f2a584,0x6269e3e903b9c7c515f41c3af6522553876332f1,0,67699282,810000,19988,0x0000000000000000000000000000000000000000,18,?,0,0.0,0.0,0,1.0,1.0,0.0,0,0,0.0,False
0x6555bc4c995600a1bb0e90d22544ee551dcb509bd366e2dc2cc843e5f26365d5,0x0b03a2ec67335fb5269cb0c01a8a76bf9d792b8a,0,67699537,10000,200,0x0000000000000000000000000000000000000000,18,?,16,2.1437746130725244,0.6,1,0.853641553058588,0.1875,0.16931360445518415,6,16,2.1437746130725244,False
0x27786d829a8604b88b5c665f6984d6a7c61d3f4ed14c6829024572284ce619f3,0x6269e3e903b9c7c515f41c3af6522553876332f1,0,67699678,808670,19988,0x0000000000000000000000000000000000000000,18,?,0,0.0,0.0,0,1.0,1.0,0.0,0,0,0.0,False
0x08ee60345d62b9efc1d4174fb9b796b71992722cef40241bc11720b0969209e8,0x1c7bf983b29cd7daad2f52b616879a21c4222b8a,0,67699813,808670,19824,0x0000000000000000000000000000000000000000,18,?,1,0.000178201819061202,0.0,1,1.0,1.0,0.000178201819061202,0,1,0.000178201819061202,False
0x6c945fce47fd08f01d203e6078f0c95807ed683d96a072e65541d255ebc4b6e9,0xc880f74e119406c80f3f55309727d6fa84072e92,0,67700338,2500,25,0x0000000000000000000000000000000000000000,18,?,750,12.316825935489668,0.6666666666666666,1,0.44914997016400876,0.228,0.003,300,750,12.316825935489668,False
0xaa50a230df8803c2cb200354f28bc8c9d5d14b21362bf43b73244a19ebaf0e11,0x2dcd253349aefde32bb0bbe6a72d97665576d5e1,0,67700493,10000,200,0x0000000000000000000000000000000000000000,18,?,29,3.5322384611908584,0.6111111111111112,1,0.5287218375694279,0.06896551724137931,0.1371980455371792,11,29,3.5322384611908584,False
0xebd5d97a66408c10bcc57018dd599eb9880b2180f85cf91320dcd6009d8d0f25,0xb1fb3a4b17ffefc0fea95d0f2125cd41d1944663,0,67700670,10000,200,0x0000000000000000000000000000000000000000,18,?,1,1.998586e-06,0.0,1,1.0,1.0,1.998586e-06,0,1,1.998586e-06,False
0x9d2597517f0e57c24aa03f39dc6ea3dc1b263aecb332f4f43b538b1c4c17a400,0x8b106c512723447f2a9592cc7931adf63826c114,0,67700993,8388608,8,0x4e3468951d49f2eea976ed0d6e75ffcb44a9a544,18,?,0,0.0,0.0,0,1.0,1.0,0.0,0,0,0.0,False
0x040d8225aa29fb7059d084e7a5ab1e58cb864d77c9ef818ed7ac0ba93632a979,0xd2896424b50ed596d0618d381bcfb38ef31b4663,0,67701445,10000,200,0x0000000000000000000000000000000000000000,18,?,1,1.999388e-06,0.0,1,1.0,1.0,1.999388e-06,0,1,1.999388e-06,False
0xa36f4c5b423f003903f45d67c2ad850cb81ebefeb2ab5c06ccefb2c26e5cbc33,0xd0aa3ddb9e2fa37b9a656f565b5343e737fc7cf0,0,67701641,8388608,8,0x4e3468951d49f2eea976ed0d6e75ffcb44a9a544,18,?,0,0.0,0.0,0,1.0,1.0,0.0,0,0,0.0,False
0x11e3c829c10a7b82e55f79c5d3db47f4a09b4d583c84f1053c77f7c6e15745aa,0xc880f74e119406c80f3f55309727d6fa84072e92,0,67701663,100,1,0x9a27e4932adbc5c561c004225477a747dba2a080,18,?,569,0.00028727,0.0,1,0.01775333310126362,0.5131810193321616,5e-07,0,569,0.00028727,False
0x786d325a2580349b37a7f273f68ab56f858f870680dd0b8bd0cb30859ad9b3ee,0x7f575b082aa86be22e64024db44ff040316c4663,0,67701932,10000,200,0x0000000000000000000000000000000000000000,18,?,1,1.998662e-06,0.0,1,1.0,1.0,1.998662e-06,0,1,1.998662e-06,False
0xd5dc5dfb1a3eb5193c6cd78c58b6ddc4e949b823d78e070f03eabdbf0ffe4655,0x50f460464f2229077f057aa5fab2632221486377,0,67702088,2500,25,0x0000000000000000000000000000000000000000,18,?,9,0.12268648848938188,0.5,2,1.0,0.1111111111111111,0.000672745353740966,3,9,0.12268648848938188,False
0x91099a9f31f83c7d0613e285e293fa37515455106a5b368b78e150d5ddcfe453,0x715e1cecab2ea26a328ed910bc5cbe17372375c2,0,67702109,10000,200,0x0000000000000000000000000000000000000000,18,?,69,12.907399987872935,0.6829268292682927,1,0.2571435059887871,0.08695652173913043,0.198,28,69,12.907399987872935,False
0xd9120e3f51d436c8c3ec84492d9452df90c8d59bb8772392074b69ee89ab15b3,0xe669f24e5c5099f66f0e51cd853d1460eaff2e92,0,67702132,10000,200,0x0000000000000000000000000000000000000000,18,?,71,10.073330369916626,0.6511627906976745,1,0.20324618450773424,0.15492957746478872,0.17239705851552942,28,71,10.073330369916626,False
0x3858202ea7fcc8b6f89b0acb90cca7b7bbc1e2ec3aafc4567b83161a5a1c662b,0xc880f74e119406c80f3f55309727d6fa84072e92,0,67703545,808670,19824,0x0000000000000000000000000000000000000000,18,?,1,0.000179262427766529,0.0,1,1.0,1.0,0.000179262427766529,0,1,0.000179262427766529,False
0xeb44d1b58c5be3f35161a1f36ee876837b098e8dc5d5bcd9db8529382937d106,0x75061b1d11d5087250327c5047e7f20701c84663,0,67703651,10000,200,0x0000000000000000000000000000000000000000,18,?,1,1.999302e-06,0.0,1,1.0,1.0,1.999302e-06,0,1,1.999302e-06,False
0x8677cdfd469534c71e54672c0f4bf0f23ed7e6dac7c73145bf1916b1f2b88574,0xaec6404b3fbf7a48ad7e918ce204d2a9f021a446,0,67703831,500,1,0x0000000000000000000000000000000000000000,18,?,76,8.8719620504382,0.8095238095238095,1,0.39432214691307427,0.05263157894736842,0.08194925614479612,34,76,8.8719620504382,False
0x28d31d3f69035f90bf257fd79f1ffeebd130161a60bda3ed259744c1b1b83241,0xb8b4ccb7991a309f7cc29ea26d4a1a9032155b98,0,67704144,808670,19824,0x0000000000000000000000000000000000000000,18,?,7,0.000839756450199534,0.4,2,1.0,0.14285714285714285,0.000129507250665774,2,7,0.000839756450199534,False
0x508e582e3301896ea8b837a5dd98603b66cecc66c3630459b178008baa1143c5,0x179fc9fdaa1c9dec548049703e198763ad11c395,0,67704169,8388608,200,0x48b8f6ad3a1b4aa477314c9a23035b8f84dde8cc,18,?,2,0.000267930936239831,0.0,1,1.0,0.5,0.0001339654681199155,0,2,0.000267930936239831,False
0x7e09034c019dc5a293c3a846745ba8ee2cf3a8123530903a6e300ec7b4dbbc28,0x31410e2990397dba626adef70750f227131f1e18,0,67704237,8388608,8,0x4e3468951d49f2eea976ed0d6e75ffcb44a9a544,18,?,0,0.0,0.0,0,1.0,1.0,0.0,0,0,0.0,False
0x38d3bab4bc44912ee5a6500f8c67ff21867bec5657a41546c68c615a3c4ac35f,0x45dcfde5ee780f87ba375b8192309582ba4f4663,0,67704240,10000,200,0x0000000000000000000000000000000000000000,18,?,3,0.00010100352570361601,0.5,1,1.0,0.3333333333333333,4.9005013703616e-05,1,3,0.00010100352570361601,False
0xc8c90849f2915dc36bcdf2a6cc44119374e40fe12275cc34615f6ef00570fa32,0x520c8f8638c6c6b0f10024db5500431a7a09c9da,0,67704680,810000,19988,0x0000000000000000000000000000000000000000,18,?,0,0.0,0.0,0,1.0,1.0,0.0,0,0,0.0,False
0xfcc9b2fe4f8996f3d7fbd8e0eb18431bd09fd5f037d010932298ac3175061dc2,0xf6d41eb3e17c6a6ca01c72164aacebade8c2b009,0,67705096,2500,25,0x0000000000000000000000000000000000000000,18,?,1677,20.855715520835165,0.15337001375515819,3,0.44711242905320986,0.06499701848539058,0.0025,223,1677,20.855715520835165,False
0x1b78669b10366a836f91093bb19cc94d83890d133198abf196a86908dd055196,0x520c8f8638c6c6b0f10024db5500431a7a09c9da,0,67705215,808670,19988,0x0000000000000000000000000000000000000000,18,?,0,0.0,0.0,0,1.0,1.0,0.0,0,0,0.0,False
0xa41a05be79be9a6f487e8d309bcc298716ff10d221d16585c87645c5144d288a,0x0a23e95560dab192b218a403b79cedba6eac465a,1,67705953,8388608,8,0x4e3468951d49f2eea976ed0d6e75ffcb44a9a544,18,?,0,0.0,0.0,0,1.0,1.0,0.0,0,0,0.0,False
0x0a409e26e68214cf25a89771d08e2a513b19a00263e089b3c51c527e16b66ec2,0xda85371bef4a6a1f09a46d2986861c6441c8448e,0,67707463,0,60,0x4e0bad9549c3141a66a4f30cf874df27ca7e20cc,18,?,0,0.0,0.0,0,1.0,1.0,0.0,0,0,0.0,False
0xa05976fd93f297918f20da9cc251b89c80e6a8a0028ea53424a8c269174f48ae,0xb63b63f12d10a44627f12c8ca5cf372da6604663,0,67707810,10000,200,0x0000000000000000000000000000000000000000,18,?,3,2.1602426537248e-05,0.5,2,1.0,0.3333333333333333,9.702990537248e-06,1,3,2.1602426537248e-05,False
0x5b664e1799a6c117f244d3b0ca173fea443f4aa37fe69c739b0318fa984bd9f7,0x790e63bdddc2133a43db757a7980df29625a1b3e,0,67708254,10000,200,0x0000000000000000000000000000000000000000,18,?,75,13.219334847062806,0.7045454545454546,1,0.28234414750417147,0.05333333333333334,0.17325,31,75,13.219334847062806,False
0xd136d6c2437e1c974433c55ade337cd0262bd692279ad29f64783dfd9238ef83,0xb8b4ccb7991a309f7cc29ea26d4a1a9032155b98,0,67708286,880000,8800,0x0000000000000000000000000000000000000000,18,?,1,2.848170864929e-05,0.0,1,1.0,1.0,2.848170864929e-05,0,1,2.848170864929e-05,False
