pool_id,token,eth_side,init_block,fee,tick_spacing,hook,token_decimals,symbol,swaps_2h,volume_eth_2h,side_balance_2h,active_15m_buckets_2h,top10_volume_share_2h,repeated_size_share_2h,median_swap_eth_2h,directions_2h,swaps_24h,volume_eth_24h,market_gate,split,history_complete,observe_hours,width_pct,downside_stop_pct,runner,return_pct,actions,winner,stopped,principal_recovered,max_multiple,final_multiple
0xc2322605f92ab672c42d05c56f0ca3c09d0c8a471d7e6d8122ca9b42885fce61,0xe02c53d448a62067b2ac10ed70f5bc6c29471386,0,67497494,0,200,0xe5e702641ea86f4ae6cc3cdaed2b886f976be044,18,NOSH,4927,152.69312797055784,0.9089500193723363,8,0.04644048542280482,0.01156890602800893,0.0099,2346,4927,152.69312797055784,True,test,False,2,25.0,15.0,True,,0,False,False,False,,
0xc2322605f92ab672c42d05c56f0ca3c09d0c8a471d7e6d8122ca9b42885fce61,0xe02c53d448a62067b2ac10ed70f5bc6c29471386,0,67497494,0,200,0xe5e702641ea86f4ae6cc3cdaed2b886f976be044,18,NOSH,4927,152.69312797055784,0.9089500193723363,8,0.04644048542280482,0.01156890602800893,0.0099,2346,4927,152.69312797055784,True,test,False,2,25.0,15.0,False,,0,False,False,False,,
0xc2322605f92ab672c42d05c56f0ca3c09d0c8a471d7e6d8122ca9b42885fce61,0xe02c53d448a62067b2ac10ed70f5bc6c29471386,0,67497494,0,200,0xe5e702641ea86f4ae6cc3cdaed2b886f976be044,18,NOSH,4927,152.69312797055784,0.9089500193723363,8,0.04644048542280482,0.01156890602800893,0.0099,2346,4927,152.69312797055784,True,test,False,2,25.0,25.0,True,,0,False,False,False,,
0xc2322605f92ab672c42d05c56f0ca3c09d0c8a471d7e6d8122ca9b42885fce61,0xe02c53d448a62067b2ac10ed70f5bc6c29471386,0,67497494,0,200,0xe5e702641ea86f4ae6cc3cdaed2b886f976be044,18,NOSH,4927,152.69312797055784,0.9089500193723363,8,0.04644048542280482,0.01156890602800893,0.0099,2346,4927,152.69312797055784,True,test,False,2,25.0,25.0,False,,0,False,False,False,,
0xc2322605f92ab672c42d05c56f0ca3c09d0c8a471d7e6d8122ca9b42885fce61,0xe02c53d448a62067b2ac10ed70f5bc6c29471386,0,67497494,0,200,0xe5e702641ea86f4ae6cc3cdaed2b886f976be044,18,NOSH,4927,152.69312797055784,0.9089500193723363,8,0.04644048542280482,0.01156890602800893,0.0099,2346,4927,152.69312797055784,True,test,False,2,25.0,35.0,True,,0,False,False,False,,
0xc2322605f92ab672c42d05c56f0ca3c09d0c8a471d7e6d8122ca9b42885fce61,0xe02c53d448a62067b2ac10ed70f5bc6c29471386,0,67497494,0,200,0xe5e702641ea86f4ae6cc3cdaed2b886f976be044,18,NOSH,4927,152.69312797055784,0.9089500193723363,8,0.04644048542280482,0.01156890602800893,0.0099,2346,4927,152.69312797055784,True,test,False,2,25.0,35.0,False,,0,False,False,False,,
0xc2322605f92ab672c42d05c56f0ca3c09d0c8a471d7e6d8122ca9b42885fce61,0xe02c53d448a62067b2ac10ed70f5bc6c29471386,0,67497494,0,200,0xe5e702641ea86f4ae6cc3cdaed2b886f976be044,18,NOSH,4927,152.69312797055784,0.9089500193723363,8,0.04644048542280482,0.01156890602800893,0.0099,2346,4927,152.69312797055784,True,test,False,2,40.0,15.0,True,,0,False,False,False,,
0xc2322605f92ab672c42d05c56f0ca3c09d0c8a471d7e6d8122ca9b42885fce61,0xe02c53d448a62067b2ac10ed70f5bc6c29471386,0,67497494,0,200,0xe5e702641ea86f4ae6cc3cdaed2b886f976be044,18,NOSH,4927,152.69312797055784,0.9089500193723363,8,0.04644048542280482,0.01156890602800893,0.0099,2346,4927,152.69312797055784,True,test,False,2,40.0,15.0,False,,0,False,False,False,,
0xc2322605f92ab672c42d05c56f0ca3c09d0c8a471d7e6d8122ca9b42885fce61,0xe02c53d448a62067b2ac10ed70f5bc6c29471386,0,67497494,0,200,0xe5e702641ea86f4ae6cc3cdaed2b886f976be044,18,NOSH,4927,152.69312797055784,0.9089500193723363,8,0.04644048542280482,0.01156890602800893,0.0099,2346,4927,152.69312797055784,True,test,False,2,40.0,25.0,True,,0,False,False,False,,
0xc2322605f92ab672c42d05c56f0ca3c09d0c8a471d7e6d8122ca9b42885fce61,0xe02c53d448a62067b2ac10ed70f5bc6c29471386,0,67497494,0,200,0xe5e702641ea86f4ae6cc3cdaed2b886f976be044,18,NOSH,4927,152.69312797055784,0.9089500193723363,8,0.04644048542280482,0.01156890602800893,0.0099,2346,4927,152.69312797055784,True,test,False,2,40.0,25.0,False,,0,False,False,False,,
0xc2322605f92ab672c42d05c56f0ca3c09d0c8a471d7e6d8122ca9b42885fce61,0xe02c53d448a62067b2ac10ed70f5bc6c29471386,0,67497494,0,200,0xe5e702641ea86f4ae6cc3cdaed2b886f976be044,18,NOSH,4927,152.69312797055784,0.9089500193723363,8,0.04644048542280482,0.01156890602800893,0.0099,2346,4927,152.69312797055784,True,test,False,2,40.0,35.0,True,,0,False,False,False,,
0xc2322605f92ab672c42d05c56f0ca3c09d0c8a471d7e6d8122ca9b42885fce61,0xe02c53d448a62067b2ac10ed70f5bc6c29471386,0,67497494,0,200,0xe5e702641ea86f4ae6cc3cdaed2b886f976be044,18,NOSH,4927,152.69312797055784,0.9089500193723363,8,0.04644048542280482,0.01156890602800893,0.0099,2346,4927,152.69312797055784,True,test,False,2,40.0,35.0,False,,0,False,False,False,,
0xc2322605f92ab672c42d05c56f0ca3c09d0c8a471d7e6d8122ca9b42885fce61,0xe02c53d448a62067b2ac10ed70f5bc6c29471386,0,67497494,0,200,0xe5e702641ea86f4ae6cc3cdaed2b886f976be044,18,NOSH,4927,152.69312797055784,0.9089500193723363,8,0.04644048542280482,0.01156890602800893,0.0099,2346,4927,152.69312797055784,True,test,False,2,60.0,15.0,True,,0,False,False,False,,
0xc2322605f92ab672c42d05c56f0ca3c09d0c8a471d7e6d8122ca9b42885fce61,0xe02c53d448a62067b2ac10ed70f5bc6c29471386,0,67497494,0,200,0xe5e702641ea86f4ae6cc3cdaed2b886f976be044,18,NOSH,4927,152.69312797055784,0.9089500193723363,8,0.04644048542280482,0.01156890602800893,0.0099,2346,4927,152.69312797055784,True,test,False,2,60.0,15.0,False,,0,False,False,False,,
0xc2322605f92ab672c42d05c56f0ca3c09d0c8a471d7e6d8122ca9b42885fce61,0xe02c53d448a62067b2ac10ed70f5bc6c29471386,0,67497494,0,200,0xe5e702641ea86f4ae6cc3cdaed2b886f976be044,18,NOSH,4927,152.69312797055784,0.9089500193723363,8,0.04644048542280482,0.01156890602800893,0.0099,2346,4927,152.69312797055784,True,test,False,2,60.0,25.0,True,,0,False,False,False,,
0xc2322605f92ab672c42d05c56f0ca3c09d0c8a471d7e6d8122ca9b42885fce61,0xe02c53d448a62067b2ac10ed70f5bc6c29471386,0,67497494,0,200,0xe5e702641ea86f4ae6cc3cdaed2b886f976be044,18,NOSH,4927,152.69312797055784,0.9089500193723363,8,0.04644048542280482,0.01156890602800893,0.0099,2346,4927,152.69312797055784,True,test,False,2,60.0,25.0,False,,0,False,False,False,,
0xc2322605f92ab672c42d05c56f0ca3c09d0c8a471d7e6d8122ca9b42885fce61,0xe02c53d448a62067b2ac10ed70f5bc6c29471386,0,67497494,0,200,0xe5e702641ea86f4ae6cc3cdaed2b886f976be044,18,NOSH,4927,152.69312797055784,0.9089500193723363,8,0.04644048542280482,0.01156890602800893,0.0099,2346,4927,152.69312797055784,True,test,False,2,60.0,35.0,True,,0,False,False,False,,
0xc2322605f92ab672c42d05c56f0ca3c09d0c8a471d7e6d8122ca9b42885fce61,0xe02c53d448a62067b2ac10ed70f5bc6c29471386,0,67497494,0,200,0xe5e702641ea86f4ae6cc3cdaed2b886f976be044,18,NOSH,4927,152.69312797055784,0.9089500193723363,8,0.04644048542280482,0.01156890602800893,0.0099,2346,4927,152.69312797055784,True,test,False,2,60.0,35.0,False,,0,False,False,False,,
0xc2322605f92ab672c42d05c56f0ca3c09d0c8a471d7e6d8122ca9b42885fce61,0xe02c53d448a62067b2ac10ed70f5bc6c29471386,0,67497494,0,200,0xe5e702641ea86f4ae6cc3cdaed2b886f976be044,18,NOSH,4927,152.69312797055784,0.9089500193723363,8,0.04644048542280482,0.01156890602800893,0.0099,2346,4927,152.69312797055784,True,test,False,4,25.0,15.0,True,,0,False,False,False,,
0xc2322605f92ab672c42d05c56f0ca3c09d0c8a471d7e6d8122ca9b42885fce61,0xe02c53d448a62067b2ac10ed70f5bc6c29471386,0,67497494,0,200,0xe5e702641ea86f4ae6cc3cdaed2b886f976be044,18,NOSH,4927,152.69312797055784,0.9089500193723363,8,0.04644048542280482,0.01156890602800893,0.0099,2346,4927,152.69312797055784,True,test,False,4,25.0,15.0,False,,0,False,False,False,,
0xc2322605f92ab672c42d05c56f0ca3c09d0c8a471d7e6d8122ca9b42885fce61,0xe02c53d448a62067b2ac10ed70f5bc6c29471386,0,67497494,0,200,0xe5e702641ea86f4ae6cc3cdaed2b886f976be044,18,NOSH,4927,152.69312797055784,0.9089500193723363,8,0.04644048542280482,0.01156890602800893,0.0099,2346,4927,152.69312797055784,True,test,False,4,25.0,25.0,True,,0,False,False,False,,
0xc2322605f92ab672c42d05c56f0ca3c09d0c8a471d7e6d8122ca9b42885fce61,0xe02c53d448a62067b2ac10ed70f5bc6c29471386,0,67497494,0,200,0xe5e702641ea86f4ae6cc3cdaed2b886f976be044,18,NOSH,4927,152.69312797055784,0.9089500193723363,8,0.04644048542280482,0.01156890602800893,0.0099,2346,4927,152.69312797055784,True,test,False,4,25.0,25.0,False,,0,False,False,False,,
0xc2322605f92ab672c42d05c56f0ca3c09d0c8a471d7e6d8122ca9b42885fce61,0xe02c53d448a62067b2ac10ed70f5bc6c29471386,0,67497494,0,200,0xe5e702641ea86f4ae6cc3cdaed2b886f976be044,18,NOSH,4927,152.69312797055784,0.9089500193723363,8,0.04644048542280482,0.01156890602800893,0.0099,2346,4927,152.69312797055784,True,test,False,4,25.0,35.0,True,,0,False,False,False,,
0xc2322605f92ab672c42d05c56f0ca3c09d0c8a471d7e6d8122ca9b42885fce61,0xe02c53d448a62067b2ac10ed70f5bc6c29471386,0,67497494,0,200,0xe5e702641ea86f4ae6cc3cdaed2b886f976be044,18,NOSH,4927,152.69312797055784,0.9089500193723363,8,0.04644048542280482,0.01156890602800893,0.0099,2346,4927,152.69312797055784,True,test,False,4,25.0,35.0,False,,0,False,False,False,,
0xc2322605f92ab672c42d05c56f0ca3c09d0c8a471d7e6d8122ca9b42885fce61,0xe02c53d448a62067b2ac10ed70f5bc6c29471386,0,67497494,0,200,0xe5e702641ea86f4ae6cc3cdaed2b886f976be044,18,NOSH,4927,152.69312797055784,0.9089500193723363,8,0.04644048542280482,0.01156890602800893,0.0099,2346,4927,152.69312797055784,True,test,False,4,40.0,15.0,True,,0,False,False,False,,
0xc2322605f92ab672c42d05c56f0ca3c09d0c8a471d7e6d8122ca9b42885fce61,0xe02c53d448a62067b2ac10ed70f5bc6c29471386,0,67497494,0,200,0xe5e702641ea86f4ae6cc3cdaed2b886f976be044,18,NOSH,4927,152.69312797055784,0.9089500193723363,8,0.04644048542280482,0.01156890602800893,0.0099,2346,4927,152.69312797055784,True,test,False,4,40.0,15.0,False,,0,False,False,False,,
0xc2322605f92ab672c42d05c56f0ca3c09d0c8a471d7e6d8122ca9b42885fce61,0xe02c53d448a62067b2ac10ed70f5bc6c29471386,0,67497494,0,200,0xe5e702641ea86f4ae6cc3cdaed2b886f976be044,18,NOSH,4927,152.69312797055784,0.9089500193723363,8,0.04644048542280482,0.01156890602800893,0.0099,2346,4927,152.69312797055784,True,test,False,4,40.0,25.0,True,,0,False,False,False,,
0xc2322605f92ab672c42d05c56f0ca3c09d0c8a471d7e6d8122ca9b42885fce61,0xe02c53d448a62067b2ac10ed70f5bc6c29471386,0,67497494,0,200,0xe5e702641ea86f4ae6cc3cdaed2b886f976be044,18,NOSH,4927,152.69312797055784,0.9089500193723363,8,0.04644048542280482,0.01156890602800893,0.0099,2346,4927,152.69312797055784,True,test,False,4,40.0,25.0,False,,0,False,False,False,,
0xc2322605f92ab672c42d05c56f0ca3c09d0c8a471d7e6d8122ca9b42885fce61,0xe02c53d448a62067b2ac10ed70f5bc6c29471386,0,67497494,0,200,0xe5e702641ea86f4ae6cc3cdaed2b886f976be044,18,NOSH,4927,152.69312797055784,0.9089500193723363,8,0.04644048542280482,0.01156890602800893,0.0099,2346,4927,152.69312797055784,True,test,False,4,40.0,35.0,True,,0,False,False,False,,
0xc2322605f92ab672c42d05c56f0ca3c09d0c8a471d7e6d8122ca9b42885fce61,0xe02c53d448a62067b2ac10ed70f5bc6c29471386,0,67497494,0,200,0xe5e702641ea86f4ae6cc3cdaed2b886f976be044,18,NOSH,4927,152.69312797055784,0.9089500193723363,8,0.04644048542280482,0.01156890602800893,0.0099,2346,4927,152.69312797055784,True,test,False,4,40.0,35.0,False,,0,False,False,False,,
0xc2322605f92ab672c42d05c56f0ca3c09d0c8a471d7e6d8122ca9b42885fce61,0xe02c53d448a62067b2ac10ed70f5bc6c29471386,0,67497494,0,200,0xe5e702641ea86f4ae6cc3cdaed2b886f976be044,18,NOSH,4927,152.69312797055784,0.9089500193723363,8,0.04644048542280482,0.01156890602800893,0.0099,2346,4927,152.69312797055784,True,test,False,4,60.0,15.0,True,,0,False,False,False,,
0xc2322605f92ab672c42d05c56f0ca3c09d0c8a471d7e6d8122ca9b42885fce61,0xe02c53d448a62067b2ac10ed70f5bc6c29471386,0,67497494,0,200,0xe5e702641ea86f4ae6cc3cdaed2b886f976be044,18,NOSH,4927,152.69312797055784,0.9089500193723363,8,0.04644048542280482,0.01156890602800893,0.0099,2346,4927,152.69312797055784,True,test,False,4,60.0,15.0,False,,0,False,False,False,,
0xc2322605f92ab672c42d05c56f0ca3c09d0c8a471d7e6d8122ca9b42885fce61,0xe02c53d448a62067b2ac10ed70f5bc6c29471386,0,67497494,0,200,0xe5e702641ea86f4ae6cc3cdaed2b886f976be044,18,NOSH,4927,152.69312797055784,0.9089500193723363,8,0.04644048542280482,0.01156890602800893,0.0099,2346,4927,152.69312797055784,True,test,False,4,60.0,25.0,True,,0,False,False,False,,
0xc2322605f92ab672c42d05c56f0ca3c09d0c8a471d7e6d8122ca9b42885fce61,0xe02c53d448a62067b2ac10ed70f5bc6c29471386,0,67497494,0,200,0xe5e702641ea86f4ae6cc3cdaed2b886f976be044,18,NOSH,4927,152.69312797055784,0.9089500193723363,8,0.04644048542280482,0.01156890602800893,0.0099,2346,4927,152.69312797055784,True,test,False,4,60.0,25.0,False,,0,False,False,False,,
0xc2322605f92ab672c42d05c56f0ca3c09d0c8a471d7e6d8122ca9b42885fce61,0xe02c53d448a62067b2ac10ed70f5bc6c29471386,0,67497494,0,200,0xe5e702641ea86f4ae6cc3cdaed2b886f976be044,18,NOSH,4927,152.69312797055784,0.9089500193723363,8,0.04644048542280482,0.01156890602800893,0.0099,2346,4927,152.69312797055784,True,test,False,4,60.0,35.0,True,,0,False,False,False,,
0xc2322605f92ab672c42d05c56f0ca3c09d0c8a471d7e6d8122ca9b42885fce61,0xe02c53d448a62067b2ac10ed70f5bc6c29471386,0,67497494,0,200,0xe5e702641ea86f4ae6cc3cdaed2b886f976be044,18,NOSH,4927,152.69312797055784,0.9089500193723363,8,0.04644048542280482,0.01156890602800893,0.0099,2346,4927,152.69312797055784,True,test,False,4,60.0,35.0,False,,0,False,False,False,,
0xc2322605f92ab672c42d05c56f0ca3c09d0c8a471d7e6d8122ca9b42885fce61,0xe02c53d448a62067b2ac10ed70f5bc6c29471386,0,67497494,0,200,0xe5e702641ea86f4ae6cc3cdaed2b886f976be044,18,NOSH,4927,152.69312797055784,0.9089500193723363,8,0.04644048542280482,0.01156890602800893,0.0099,2346,4927,152.69312797055784,True,test,False,6,25.0,15.0,True,,0,False,False,False,,
0xc2322605f92ab672c42d05c56f0ca3c09d0c8a471d7e6d8122ca9b42885fce61,0xe02c53d448a62067b2ac10ed70f5bc6c29471386,0,67497494,0,200,0xe5e702641ea86f4ae6cc3cdaed2b886f976be044,18,NOSH,4927,152.69312797055784,0.9089500193723363,8,0.04644048542280482,0.01156890602800893,0.0099,2346,4927,152.69312797055784,True,test,False,6,25.0,15.0,False,,0,False,False,False,,
0xc2322605f92ab672c42d05c56f0ca3c09d0c8a471d7e6d8122ca9b42885fce61,0xe02c53d448a62067b2ac10ed70f5bc6c29471386,0,67497494,0,200,0xe5e702641ea86f4ae6cc3cdaed2b886f976be044,18,NOSH,4927,152.69312797055784,0.9089500193723363,8,0.04644048542280482,0.01156890602800893,0.0099,2346,4927,152.69312797055784,True,test,False,6,25.0,25.0,True,,0,False,False,False,,
0xc2322605f92ab672c42d05c56f0ca3c09d0c8a471d7e6d8122ca9b42885fce61,0xe02c53d448a62067b2ac10ed70f5bc6c29471386,0,67497494,0,200,0xe5e702641ea86f4ae6cc3cdaed2b886f976be044,18,NOSH,4927,152.69312797055784,0.9089500193723363,8,0.04644048542280482,0.01156890602800893,0.0099,2346,4927,152.69312797055784,True,test,False,6,25.0,25.0,False,,0,False,False,False,,
0xc2322605f92ab672c42d05c56f0ca3c09d0c8a471d7e6d8122ca9b42885fce61,0xe02c53d448a62067b2ac10ed70f5bc6c29471386,0,67497494,0,200,0xe5e702641ea86f4ae6cc3cdaed2b886f976be044,18,NOSH,4927,152.69312797055784,0.9089500193723363,8,0.04644048542280482,0.01156890602800893,0.0099,2346,4927,152.69312797055784,True,test,False,6,25.0,35.0,True,,0,False,False,False,,
0xc2322605f92ab672c42d05c56f0ca3c09d0c8a471d7e6d8122ca9b42885fce61,0xe02c53d448a62067b2ac10ed70f5bc6c29471386,0,67497494,0,200,0xe5e702641ea86f4ae6cc3cdaed2b886f976be044,18,NOSH,4927,152.69312797055784,0.9089500193723363,8,0.04644048542280482,0.01156890602800893,0.0099,2346,4927,152.69312797055784,True,test,False,6,25.0,35.0,False,,0,False,False,False,,
0xc2322605f92ab672c42d05c56f0ca3c09d0c8a471d7e6d8122ca9b42885fce61,0xe02c53d448a62067b2ac10ed70f5bc6c29471386,0,67497494,0,200,0xe5e702641ea86f4ae6cc3cdaed2b886f976be044,18,NOSH,4927,152.69312797055784,0.9089500193723363,8,0.04644048542280482,0.01156890602800893,0.0099,2346,4927,152.69312797055784,True,test,False,6,40.0,15.0,True,,0,False,False,False,,
0xc2322605f92ab672c42d05c56f0ca3c09d0c8a471d7e6d8122ca9b42885fce61,0xe02c53d448a62067b2ac10ed70f5bc6c29471386,0,67497494,0,200,0xe5e702641ea86f4ae6cc3cdaed2b886f976be044,18,NOSH,4927,152.69312797055784,0.9089500193723363,8,0.04644048542280482,0.01156890602800893,0.0099,2346,4927,152.69312797055784,True,test,False,6,40.0,15.0,False,,0,False,False,False,,
0xc2322605f92ab672c42d05c56f0ca3c09d0c8a471d7e6d8122ca9b42885fce61,0xe02c53d448a62067b2ac10ed70f5bc6c29471386,0,67497494,0,200,0xe5e702641ea86f4ae6cc3cdaed2b886f976be044,18,NOSH,4927,152.69312797055784,0.9089500193723363,8,0.04644048542280482,0.01156890602800893,0.0099,2346,4927,152.69312797055784,True,test,False,6,40.0,25.0,True,,0,False,False,False,,
0xc2322605f92ab672c42d05c56f0ca3c09d0c8a471d7e6d8122ca9b42885fce61,0xe02c53d448a62067b2ac10ed70f5bc6c29471386,0,67497494,0,200,0xe5e702641ea86f4ae6cc3cdaed2b886f976be044,18,NOSH,4927,152.69312797055784,0.9089500193723363,8,0.04644048542280482,0.01156890602800893,0.0099,2346,4927,152.69312797055784,True,test,False,6,40.0,25.0,False,,0,False,False,False,,
0xc2322605f92ab672c42d05c56f0ca3c09d0c8a471d7e6d8122ca9b42885fce61,0xe02c53d448a62067b2ac10ed70f5bc6c29471386,0,67497494,0,200,0xe5e702641ea86f4ae6cc3cdaed2b886f976be044,18,NOSH,4927,152.69312797055784,0.9089500193723363,8,0.04644048542280482,0.01156890602800893,0.0099,2346,4927,152.69312797055784,True,test,False,6,40.0,35.0,True,,0,False,False,False,,
0xc2322605f92ab672c42d05c56f0ca3c09d0c8a471d7e6d8122ca9b42885fce61,0xe02c53d448a62067b2ac10ed70f5bc6c29471386,0,67497494,0,200,0xe5e702641ea86f4ae6cc3cdaed2b886f976be044,18,NOSH,4927,152.69312797055784,0.9089500193723363,8,0.04644048542280482,0.01156890602800893,0.0099,2346,4927,152.69312797055784,True,test,False,6,40.0,35.0,False,,0,False,False,False,,
0xc2322605f92ab672c42d05c56f0ca3c09d0c8a471d7e6d8122ca9b42885fce61,0xe02c53d448a62067b2ac10ed70f5bc6c29471386,0,67497494,0,200,0xe5e702641ea86f4ae6cc3cdaed2b886f976be044,18,NOSH,4927,152.69312797055784,0.9089500193723363,8,0.04644048542280482,0.01156890602800893,0.0099,2346,4927,152.69312797055784,True,test,False,6,60.0,15.0,True,,0,False,False,False,,
0xc2322605f92ab672c42d05c56f0ca3c09d0c8a471d7e6d8122ca9b42885fce61,0xe02c53d448a62067b2ac10ed70f5bc6c29471386,0,67497494,0,200,0xe5e702641ea86f4ae6cc3cdaed2b886f976be044,18,NOSH,4927,152.69312797055784,0.9089500193723363,8,0.04644048542280482,0.01156890602800893,0.0099,2346,4927,152.69312797055784,True,test,False,6,60.0,15.0,False,,0,False,False,False,,
0xc2322605f92ab672c42d05c56f0ca3c09d0c8a471d7e6d8122ca9b42885fce61,0xe02c53d448a62067b2ac10ed70f5bc6c29471386,0,67497494,0,200,0xe5e702641ea86f4ae6cc3cdaed2b886f976be044,18,NOSH,4927,152.69312797055784,0.9089500193723363,8,0.04644048542280482,0.01156890602800893,0.0099,2346,4927,152.69312797055784,True,test,False,6,60.0,25.0,True,,0,False,False,False,,
0xc2322605f92ab672c42d05c56f0ca3c09d0c8a471d7e6d8122ca9b42885fce61,0xe02c53d448a62067b2ac10ed70f5bc6c29471386,0,67497494,0,200,0xe5e702641ea86f4ae6cc3cdaed2b886f976be044,18,NOSH,4927,152.69312797055784,0.9089500193723363,8,0.04644048542280482,0.01156890602800893,0.0099,2346,4927,152.69312797055784,True,test,False,6,60.0,25.0,False,,0,False,False,False,,
0xc2322605f92ab672c42d05c56f0ca3c09d0c8a471d7e6d8122ca9b42885fce61,0xe02c53d448a62067b2ac10ed70f5bc6c29471386,0,67497494,0,200,0xe5e702641ea86f4ae6cc3cdaed2b886f976be044,18,NOSH,4927,152.69312797055784,0.9089500193723363,8,0.04644048542280482,0.01156890602800893,0.0099,2346,4927,152.69312797055784,True,test,False,6,60.0,35.0,True,,0,False,False,False,,
0xc2322605f92ab672c42d05c56f0ca3c09d0c8a471d7e6d8122ca9b42885fce61,0xe02c53d448a62067b2ac10ed70f5bc6c29471386,0,67497494,0,200,0xe5e702641ea86f4ae6cc3cdaed2b886f976be044,18,NOSH,4927,152.69312797055784,0.9089500193723363,8,0.04644048542280482,0.01156890602800893,0.0099,2346,4927,152.69312797055784,True,test,False,6,60.0,35.0,False,,0,False,False,False,,
0xc2322605f92ab672c42d05c56f0ca3c09d0c8a471d7e6d8122ca9b42885fce61,0xe02c53d448a62067b2ac10ed70f5bc6c29471386,0,67497494,0,200,0xe5e702641ea86f4ae6cc3cdaed2b886f976be044,18,NOSH,4927,152.69312797055784,0.9089500193723363,8,0.04644048542280482,0.01156890602800893,0.0099,2346,4927,152.69312797055784,True,test,False,12,25.0,15.0,True,,0,False,False,False,,
0xc2322605f92ab672c42d05c56f0ca3c09d0c8a471d7e6d8122ca9b42885fce61,0xe02c53d448a62067b2ac10ed70f5bc6c29471386,0,67497494,0,200,0xe5e702641ea86f4ae6cc3cdaed2b886f976be044,18,NOSH,4927,152.69312797055784,0.9089500193723363,8,0.04644048542280482,0.01156890602800893,0.0099,2346,4927,152.69312797055784,True,test,False,12,25.0,15.0,False,,0,False,False,False,,
0xc2322605f92ab672c42d05c56f0ca3c09d0c8a471d7e6d8122ca9b42885fce61,0xe02c53d448a62067b2ac10ed70f5bc6c29471386,0,67497494,0,200,0xe5e702641ea86f4ae6cc3cdaed2b886f976be044,18,NOSH,4927,152.69312797055784,0.9089500193723363,8,0.04644048542280482,0.01156890602800893,0.0099,2346,4927,152.69312797055784,True,test,False,12,25.0,25.0,True,,0,False,False,False,,
0xc2322605f92ab672c42d05c56f0ca3c09d0c8a471d7e6d8122ca9b42885fce61,0xe02c53d448a62067b2ac10ed70f5bc6c29471386,0,67497494,0,200,0xe5e702641ea86f4ae6cc3cdaed2b886f976be044,18,NOSH,4927,152.69312797055784,0.9089500193723363,8,0.04644048542280482,0.01156890602800893,0.0099,2346,4927,152.69312797055784,True,test,False,12,25.0,25.0,False,,0,False,False,False,,
0xc2322605f92ab672c42d05c56f0ca3c09d0c8a471d7e6d8122ca9b42885fce61,0xe02c53d448a62067b2ac10ed70f5bc6c29471386,0,67497494,0,200,0xe5e702641ea86f4ae6cc3cdaed2b886f976be044,18,NOSH,4927,152.69312797055784,0.9089500193723363,8,0.04644048542280482,0.01156890602800893,0.0099,2346,4927,152.69312797055784,True,test,False,12,25.0,35.0,True,,0,False,False,False,,
0xc2322605f92ab672c42d05c56f0ca3c09d0c8a471d7e6d8122ca9b42885fce61,0xe02c53d448a62067b2ac10ed70f5bc6c29471386,0,67497494,0,200,0xe5e702641ea86f4ae6cc3cdaed2b886f976be044,18,NOSH,4927,152.69312797055784,0.9089500193723363,8,0.04644048542280482,0.01156890602800893,0.0099,2346,4927,152.69312797055784,True,test,False,12,25.0,35.0,False,,0,False,False,False,,
0xc2322605f92ab672c42d05c56f0ca3c09d0c8a471d7e6d8122ca9b42885fce61,0xe02c53d448a62067b2ac10ed70f5bc6c29471386,0,67497494,0,200,0xe5e702641ea86f4ae6cc3cdaed2b886f976be044,18,NOSH,4927,152.69312797055784,0.9089500193723363,8,0.04644048542280482,0.01156890602800893,0.0099,2346,4927,152.69312797055784,True,test,False,12,40.0,15.0,True,,0,False,False,False,,
0xc2322605f92ab672c42d05c56f0ca3c09d0c8a471d7e6d8122ca9b42885fce61,0xe02c53d448a62067b2ac10ed70f5bc6c29471386,0,67497494,0,200,0xe5e702641ea86f4ae6cc3cdaed2b886f976be044,18,NOSH,4927,152.69312797055784,0.9089500193723363,8,0.04644048542280482,0.01156890602800893,0.0099,2346,4927,152.69312797055784,True,test,False,12,40.0,15.0,False,,0,False,False,False,,
0xc2322605f92ab672c42d05c56f0ca3c09d0c8a471d7e6d8122ca9b42885fce61,0xe02c53d448a62067b2ac10ed70f5bc6c29471386,0,67497494,0,200,0xe5e702641ea86f4ae6cc3cdaed2b886f976be044,18,NOSH,4927,152.69312797055784,0.9089500193723363,8,0.04644048542280482,0.01156890602800893,0.0099,2346,4927,152.69312797055784,True,test,False,12,40.0,25.0,True,,0,False,False,False,,
0xc2322605f92ab672c42d05c56f0ca3c09d0c8a471d7e6d8122ca9b42885fce61,0xe02c53d448a62067b2ac10ed70f5bc6c29471386,0,67497494,0,200,0xe5e702641ea86f4ae6cc3cdaed2b886f976be044,18,NOSH,4927,152.69312797055784,0.9089500193723363,8,0.04644048542280482,0.01156890602800893,0.0099,2346,4927,152.69312797055784,True,test,False,12,40.0,25.0,False,,0,False,False,False,,
0xc2322605f92ab672c42d05c56f0ca3c09d0c8a471d7e6d8122ca9b42885fce61,0xe02c53d448a62067b2ac10ed70f5bc6c29471386,0,67497494,0,200,0xe5e702641ea86f4ae6cc3cdaed2b886f976be044,18,NOSH,4927,152.69312797055784,0.9089500193723363,8,0.04644048542280482,0.01156890602800893,0.0099,2346,4927,152.69312797055784,True,test,False,12,40.0,35.0,True,,0,False,False,False,,
0xc2322605f92ab672c42d05c56f0ca3c09d0c8a471d7e6d8122ca9b42885fce61,0xe02c53d448a62067b2ac10ed70f5bc6c29471386,0,67497494,0,200,0xe5e702641ea86f4ae6cc3cdaed2b886f976be044,18,NOSH,4927,152.69312797055784,0.9089500193723363,8,0.04644048542280482,0.01156890602800893,0.0099,2346,4927,152.69312797055784,True,test,False,12,40.0,35.0,False,,0,False,False,False,,
0xc2322605f92ab672c42d05c56f0ca3c09d0c8a471d7e6d8122ca9b42885fce61,0xe02c53d448a62067b2ac10ed70f5bc6c29471386,0,67497494,0,200,0xe5e702641ea86f4ae6cc3cdaed2b886f976be044,18,NOSH,4927,152.69312797055784,0.9089500193723363,8,0.04644048542280482,0.01156890602800893,0.0099,2346,4927,152.69312797055784,True,test,False,12,60.0,15.0,True,,0,False,False,False,,
0xc2322605f92ab672c42d05c56f0ca3c09d0c8a471d7e6d8122ca9b42885fce61,0xe02c53d448a62067b2ac10ed70f5bc6c29471386,0,67497494,0,200,0xe5e702641ea86f4ae6cc3cdaed2b886f976be044,18,NOSH,4927,152.69312797055784,0.9089500193723363,8,0.04644048542280482,0.01156890602800893,0.0099,2346,4927,152.69312797055784,True,test,False,12,60.0,15.0,False,,0,False,False,False,,
0xc2322605f92ab672c42d05c56f0ca3c09d0c8a471d7e6d8122ca9b42885fce61,0xe02c53d448a62067b2ac10ed70f5bc6c29471386,0,67497494,0,200,0xe5e702641ea86f4ae6cc3cdaed2b886f976be044,18,NOSH,4927,152.69312797055784,0.9089500193723363,8,0.04644048542280482,0.01156890602800893,0.0099,2346,4927,152.69312797055784,True,test,False,12,60.0,25.0,True,,0,False,False,False,,
0xc2322605f92ab672c42d05c56f0ca3c09d0c8a471d7e6d8122ca9b42885fce61,0xe02c53d448a62067b2ac10ed70f5bc6c29471386,0,67497494,0,200,0xe5e702641ea86f4ae6cc3cdaed2b886f976be044,18,NOSH,4927,152.69312797055784,0.9089500193723363,8,0.04644048542280482,0.01156890602800893,0.0099,2346,4927,152.69312797055784,True,test,False,12,60.0,25.0,False,,0,False,False,False,,
0xc2322605f92ab672c42d05c56f0ca3c09d0c8a471d7e6d8122ca9b42885fce61,0xe02c53d448a62067b2ac10ed70f5bc6c29471386,0,67497494,0,200,0xe5e702641ea86f4ae6cc3cdaed2b886f976be044,18,NOSH,4927,152.69312797055784,0.9089500193723363,8,0.04644048542280482,0.01156890602800893,0.0099,2346,4927,152.69312797055784,True,test,False,12,60.0,35.0,True,,0,False,False,False,,
0xc2322605f92ab672c42d05c56f0ca3c09d0c8a471d7e6d8122ca9b42885fce61,0xe02c53d448a62067b2ac10ed70f5bc6c29471386,0,67497494,0,200,0xe5e702641ea86f4ae6cc3cdaed2b886f976be044,18,NOSH,4927,152.69312797055784,0.9089500193723363,8,0.04644048542280482,0.01156890602800893,0.0099,2346,4927,152.69312797055784,True,test,False,12,60.0,35.0,False,,0,False,False,False,,
0xf058c87bc11ccad23489271b8aee6b63fe505ae7eb4b8b284e2b3ee5bde65861,0x308652f47966873ad0c7854062c7961c6c7181ac,0,67503460,0,200,0xe5e702641ea86f4ae6cc3cdaed2b886f976be044,18,THESIS,1443,54.147040878811545,0.9930939226519337,8,0.08189728233700933,0.022176022176022176,0.011545185579526624,719,1443,54.147040878811545,True,train,True,2,25.0,15.0,True,-15.832185652522634,1,False,True,False,1.0038606365305387,0.1505206662580364
0xf058c87bc11ccad23489271b8aee6b63fe505ae7eb4b8b284e2b3ee5bde65861,0x308652f47966873ad0c7854062c7961c6c7181ac,0,67503460,0,200,0xe5e702641ea86f4ae6cc3cdaed2b886f976be044,18,THESIS,1443,54.147040878811545,0.9930939226519337,8,0.08189728233700933,0.022176022176022176,0.011545185579526624,719,1443,54.147040878811545,True,train,True,2,25.0,15.0,False,-15.832185652522634,1,False,True,False,1.0038606365305387,0.1505206662580364
0xf058c87bc11ccad23489271b8aee6b63fe505ae7eb4b8b284e2b3ee5bde65861,0x308652f47966873ad0c7854062c7961c6c7181ac,0,67503460,0,200,0xe5e702641ea86f4ae6cc3cdaed2b886f976be044,18,THESIS,1443,54.147040878811545,0.9930939226519337,8,0.08189728233700933,0.022176022176022176,0.011545185579526624,719,1443,54.147040878811545,True,train,True,2,25.0,25.0,True,14.655493560430521,7,True,True,True,3.903460264395923,0.1505206662580364
0xf058c87bc11ccad23489271b8aee6b63fe505ae7eb4b8b284e2b3ee5bde65861,0x308652f47966873ad0c7854062c7961c6c7181ac,0,67503460,0,200,0xe5e702641ea86f4ae6cc3cdaed2b886f976be044,18,THESIS,1443,54.147040878811545,0.9930939226519337,8,0.08189728233700933,0.022176022176022176,0.011545185579526624,719,1443,54.147040878811545,True,train,True,2,25.0,25.0,False,-75.74353152967649,6,True,True,False,3.903460264395923,0.1505206662580364
0xf058c87bc11ccad23489271b8aee6b63fe505ae7eb4b8b284e2b3ee5bde65861,0x308652f47966873ad0c7854062c7961c6c7181ac,0,67503460,0,200,0xe5e702641ea86f4ae6cc3cdaed2b886f976be044,18,THESIS,1443,54.147040878811545,0.9930939226519337,8,0.08189728233700933,0.022176022176022176,0.011545185579526624,719,1443,54.147040878811545,True,train,True,2,25.0,35.0,True,14.655493560430521,7,True,True,True,3.903460264395923,0.1505206662580364
0xf058c87bc11ccad23489271b8aee6b63fe505ae7eb4b8b284e2b3ee5bde65861,0x308652f47966873ad0c7854062c7961c6c7181ac,0,67503460,0,200,0xe5e702641ea86f4ae6cc3cdaed2b886f976be044,18,THESIS,1443,54.147040878811545,0.9930939226519337,8,0.08189728233700933,0.022176022176022176,0.011545185579526624,719,1443,54.147040878811545,True,train,True,2,25.0,35.0,False,-79.65270107510301,6,True,True,False,3.903460264395923,0.1505206662580364
0xf058c87bc11ccad23489271b8aee6b63fe505ae7eb4b8b284e2b3ee5bde65861,0x308652f47966873ad0c7854062c7961c6c7181ac,0,67503460,0,200,0xe5e702641ea86f4ae6cc3cdaed2b886f976be044,18,THESIS,1443,54.147040878811545,0.9930939226519337,8,0.08189728233700933,0.022176022176022176,0.011545185579526624,719,1443,54.147040878811545,True,train,True,2,40.0,15.0,True,-14.227031874259444,1,False,True,False,1.0038606365305387,0.1505206662580364
0xf058c87bc11ccad23489271b8aee6b63fe505ae7eb4b8b284e2b3ee5bde65861,0x308652f47966873ad0c7854062c7961c6c7181ac,0,67503460,0,200,0xe5e702641ea86f4ae6cc3cdaed2b886f976be044,18,THESIS,1443,54.147040878811545,0.9930939226519337,8,0.08189728233700933,0.022176022176022176,0.011545185579526624,719,1443,54.147040878811545,True,train,True,2,40.0,15.0,False,-14.227031874259444,1,False,True,False,1.0038606365305387,0.1505206662580364
0xf058c87bc11ccad23489271b8aee6b63fe505ae7eb4b8b284e2b3ee5bde65861,0x308652f47966873ad0c7854062c7961c6c7181ac,0,67503460,0,200,0xe5e702641ea86f4ae6cc3cdaed2b886f976be044,18,THESIS,1443,54.147040878811545,0.9930939226519337,8,0.08189728233700933,0.022176022176022176,0.011545185579526624,719,1443,54.147040878811545,True,train,True,2,40.0,25.0,True,16.385218371522914,5,True,True,True,3.903460264395923,0.1505206662580364
0xf058c87bc11ccad23489271b8aee6b63fe505ae7eb4b8b284e2b3ee5bde65861,0x308652f47966873ad0c7854062c7961c6c7181ac,0,67503460,0,200,0xe5e702641ea86f4ae6cc3cdaed2b886f976be044,18,THESIS,1443,54.147040878811545,0.9930939226519337,8,0.08189728233700933,0.022176022176022176,0.011545185579526624,719,1443,54.147040878811545,True,train,True,2,40.0,25.0,False,-67.9427119027946,4,True,True,False,3.903460264395923,0.1505206662580364
0xf058c87bc11ccad23489271b8aee6b63fe505ae7eb4b8b284e2b3ee5bde65861,0x308652f47966873ad0c7854062c7961c6c7181ac,0,67503460,0,200,0xe5e702641ea86f4ae6cc3cdaed2b886f976be044,18,THESIS,1443,54.147040878811545,0.9930939226519337,8,0.08189728233700933,0.022176022176022176,0.011545185579526624,719,1443,54.147040878811545,True,train,True,2,40.0,35.0,True,16.385218371522914,5,True,True,True,3.903460264395923,0.1505206662580364
0xf058c87bc11ccad23489271b8aee6b63fe505ae7eb4b8b284e2b3ee5bde65861,0x308652f47966873ad0c7854062c7961c6c7181ac,0,67503460,0,200,0xe5e702641ea86f4ae6cc3cdaed2b886f976be044,18,THESIS,1443,54.147040878811545,0.9930939226519337,8,0.08189728233700933,0.022176022176022176,0.011545185579526624,719,1443,54.147040878811545,True,train,True,2,40.0,35.0,False,-73.05928408056475,4,True,True,False,3.903460264395923,0.1505206662580364
0xf058c87bc11ccad23489271b8aee6b63fe505ae7eb4b8b284e2b3ee5bde65861,0x308652f47966873ad0c7854062c7961c6c7181ac,0,67503460,0,200,0xe5e702641ea86f4ae6cc3cdaed2b886f976be044,18,THESIS,1443,54.147040878811545,0.9930939226519337,8,0.08189728233700933,0.022176022176022176,0.011545185579526624,719,1443,54.147040878811545,True,train,True,2,60.0,15.0,True,-13.330651762137046,1,False,True,False,1.0038606365305387,0.1505206662580364
0xf058c87bc11ccad23489271b8aee6b63fe505ae7eb4b8b284e2b3ee5bde65861,0x308652f47966873ad0c7854062c7961c6c7181ac,0,67503460,0,200,0xe5e702641ea86f4ae6cc3cdaed2b886f976be044,18,THESIS,1443,54.147040878811545,0.9930939226519337,8,0.08189728233700933,0.022176022176022176,0.011545185579526624,719,1443,54.147040878811545,True,train,True,2,60.0,15.0,False,-13.330651762137046,1,False,True,False,1.0038606365305387,0.1505206662580364
0xf058c87bc11ccad23489271b8aee6b63fe505ae7eb4b8b284e2b3ee5bde65861,0x308652f47966873ad0c7854062c7961c6c7181ac,0,67503460,0,200,0xe5e702641ea86f4ae6cc3cdaed2b886f976be044,18,THESIS,1443,54.147040878811545,0.9930939226519337,8,0.08189728233700933,0.022176022176022176,0.011545185579526624,719,1443,54.147040878811545,True,train,True,2,60.0,25.0,True,20.64914540933518,5,True,True,True,3.903460264395923,0.1505206662580364
0xf058c87bc11ccad23489271b8aee6b63fe505ae7eb4b8b284e2b3ee5bde65861,0x308652f47966873ad0c7854062c7961c6c7181ac,0,67503460,0,200,0xe5e702641ea86f4ae6cc3cdaed2b886f976be044,18,THESIS,1443,54.147040878811545,0.9930939226519337,8,0.08189728233700933,0.022176022176022176,0.011545185579526624,719,1443,54.147040878811545,True,train,True,2,60.0,25.0,False,-66.88979507999761,3,True,True,False,3.903460264395923,0.1505206662580364
0xf058c87bc11ccad23489271b8aee6b63fe505ae7eb4b8b284e2b3ee5bde65861,0x308652f47966873ad0c7854062c7961c6c7181ac,0,67503460,0,200,0xe5e702641ea86f4ae6cc3cdaed2b886f976be044,18,THESIS,1443,54.147040878811545,0.9930939226519337,8,0.08189728233700933,0.022176022176022176,0.011545185579526624,719,1443,54.147040878811545,True,train,True,2,60.0,35.0,True,20.64914540933518,5,True,True,True,3.903460264395923,0.1505206662580364
0xf058c87bc11ccad23489271b8aee6b63fe505ae7eb4b8b284e2b3ee5bde65861,0x308652f47966873ad0c7854062c7961c6c7181ac,0,67503460,0,200,0xe5e702641ea86f4ae6cc3cdaed2b886f976be044,18,THESIS,1443,54.147040878811545,0.9930939226519337,8,0.08189728233700933,0.022176022176022176,0.011545185579526624,719,1443,54.147040878811545,True,train,True,2,60.0,35.0,False,-72.16933661282154,3,True,True,False,3.903460264395923,0.1505206662580364
0xf058c87bc11ccad23489271b8aee6b63fe505ae7eb4b8b284e2b3ee5bde65861,0x308652f47966873ad0c7854062c7961c6c7181ac,0,67503460,0,200,0xe5e702641ea86f4ae6cc3cdaed2b886f976be044,18,THESIS,1443,54.147040878811545,0.9930939226519337,8,0.08189728233700933,0.022176022176022176,0.011545185579526624,719,1443,54.147040878811545,True,train,True,4,25.0,15.0,True,9.187364510157781,5,True,True,True,2.1295736986212055,0.10491685047348451
0xf058c87bc11ccad23489271b8aee6b63fe505ae7eb4b8b284e2b3ee5bde65861,0x308652f47966873ad0c7854062c7961c6c7181ac,0,67503460,0,200,0xe5e702641ea86f4ae6cc3cdaed2b886f976be044,18,THESIS,1443,54.147040878811545,0.9930939226519337,8,0.08189728233700933,0.022176022176022176,0.011545185579526624,719,1443,54.147040878811545,True,train,True,4,25.0,15.0,False,-43.8270071752205,3,True,True,False,2.1295736986212055,0.10491685047348451
0xf058c87bc11ccad23489271b8aee6b63fe505ae7eb4b8b284e2b3ee5bde65861,0x308652f47966873ad0c7854062c7961c6c7181ac,0,67503460,0,200,0xe5e702641ea86f4ae6cc3cdaed2b886f976be044,18,THESIS,1443,54.147040878811545,0.9930939226519337,8,0.08189728233700933,0.022176022176022176,0.011545185579526624,719,1443,54.147040878811545,True,train,True,4,25.0,25.0,True,9.187364510157781,5,True,True,True,2.1295736986212055,0.10491685047348451
0xf058c87bc11ccad23489271b8aee6b63fe505ae7eb4b8b284e2b3ee5bde65861,0x308652f47966873ad0c7854062c7961c6c7181ac,0,67503460,0,200,0xe5e702641ea86f4ae6cc3cdaed2b886f976be044,18,THESIS,1443,54.147040878811545,0.9930939226519337,8,0.08189728233700933,0.022176022176022176,0.011545185579526624,719,1443,54.147040878811545,True,train,True,4,25.0,25.0,False,-49.867669560385785,3,True,True,False,2.1295736986212055,0.10491685047348451
0xf058c87bc11ccad23489271b8aee6b63fe505ae7eb4b8b284e2b3ee5bde65861,0x308652f47966873ad0c7854062c7961c6c7181ac,0,67503460,0,200,0xe5e702641ea86f4ae6cc3cdaed2b886f976be044,18,THESIS,1443,54.147040878811545,0.9930939226519337,8,0.08189728233700933,0.022176022176022176,0.011545185579526624,719,1443,54.147040878811545,True,train,True,4,25.0,35.0,True,9.187364510157781,5,True,True,True,2.1295736986212055,0.10491685047348451
0xf058c87bc11ccad23489271b8aee6b63fe505ae7eb4b8b284e2b3ee5bde65861,0x308652f47966873ad0c7854062c7961c6c7181ac,0,67503460,0,200,0xe5e702641ea86f4ae6cc3cdaed2b886f976be044,18,THESIS,1443,54.147040878811545,0.9930939226519337,8,0.08189728233700933,0.022176022176022176,0.011545185579526624,719,1443,54.147040878811545,True,train,True,4,25.0,35.0,False,-57.083326475946386,3,True,True,False,2.1295736986212055,0.10491685047348451
0xf058c87bc11ccad23489271b8aee6b63fe505ae7eb4b8b284e2b3ee5bde65861,0x308652f47966873ad0c7854062c7961c6c7181ac,0,67503460,0,200,0xe5e702641ea86f4ae6cc3cdaed2b886f976be044,18,THESIS,1443,54.147040878811545,0.9930939226519337,8,0.08189728233700933,0.022176022176022176,0.011545185579526624,719,1443,54.147040878811545,True,train,True,4,40.0,15.0,True,10.184831182524334,4,True,True,True,2.1295736986212055,0.10491685047348451
0xf058c87bc11ccad23489271b8aee6b63fe505ae7eb4b8b284e2b3ee5bde65861,0x308652f47966873ad0c7854062c7961c6c7181ac,0,67503460,0,200,0xe5e702641ea86f4ae6cc3cdaed2b886f976be044,18,THESIS,1443,54.147040878811545,0.9930939226519337,8,0.08189728233700933,0.022176022176022176,0.011545185579526624,719,1443,54.147040878811545,True,train,True,4,40.0,15.0,False,-52.95264736480916,3,True,True,False,2.1295736986212055,0.10491685047348451
0xf058c87bc11ccad23489271b8aee6b63fe505ae7eb4b8b284e2b3ee5bde65861,0x308652f47966873ad0c7854062c7961c6c7181ac,0,67503460,0,200,0xe5e702641ea86f4ae6cc3cdaed2b886f976be044,18,THESIS,1443,54.147040878811545,0.9930939226519337,8,0.08189728233700933,0.022176022176022176,0.011545185579526624,719,1443,54.147040878811545,True,train,True,4,40.0,25.0,True,10.184831182524334,4,True,True,True,2.1295736986212055,0.10491685047348451
0xf058c87bc11ccad23489271b8aee6b63fe505ae7eb4b8b284e2b3ee5bde65861,0x308652f47966873ad0c7854062c7961c6c7181ac,0,67503460,0,200,0xe5e702641ea86f4ae6cc3cdaed2b886f976be044,18,THESIS,1443,54.147040878811545,0.9930939226519337,8,0.08189728233700933,0.022176022176022176,0.011545185579526624,719,1443,54.147040878811545,True,train,True,4,40.0,25.0,False,-58.029132282428805,3,True,True,False,2.1295736986212055,0.10491685047348451
0xf058c87bc11ccad23489271b8aee6b63fe505ae7eb4b8b284e2b3ee5bde65861,0x308652f47966873ad0c7854062c7961c6c7181ac,0,67503460,0,200,0xe5e702641ea86f4ae6cc3cdaed2b886f976be044,18,THESIS,1443,54.147040878811545,0.9930939226519337,8,0.08189728233700933,0.022176022176022176,0.011545185579526624,719,1443,54.147040878811545,True,train,True,4,40.0,35.0,True,10.184831182524334,4,True,True,True,2.1295736986212055,0.10491685047348451
0xf058c87bc11ccad23489271b8aee6b63fe505ae7eb4b8b284e2b3ee5bde65861,0x308652f47966873ad0c7854062c7961c6c7181ac,0,67503460,0,200,0xe5e702641ea86f4ae6cc3cdaed2b886f976be044,18,THESIS,1443,54.147040878811545,0.9930939226519337,8,0.08189728233700933,0.022176022176022176,0.011545185579526624,719,1443,54.147040878811545,True,train,True,4,40.0,35.0,False,-64.09306553460293,3,True,True,False,2.1295736986212055,0.10491685047348451
0xf058c87bc11ccad23489271b8aee6b63fe505ae7eb4b8b284e2b3ee5bde65861,0x308652f47966873ad0c7854062c7961c6c7181ac,0,67503460,0,200,0xe5e702641ea86f4ae6cc3cdaed2b886f976be044,18,THESIS,1443,54.147040878811545,0.9930939226519337,8,0.08189728233700933,0.022176022176022176,0.011545185579526624,719,1443,54.147040878811545,True,train,True,4,60.0,15.0,True,14.126993116283227,4,True,True,True,2.1295736986212055,0.10491685047348451
0xf058c87bc11ccad23489271b8aee6b63fe505ae7eb4b8b284e2b3ee5bde65861,0x308652f47966873ad0c7854062c7961c6c7181ac,0,67503460,0,200,0xe5e702641ea86f4ae6cc3cdaed2b886f976be044,18,THESIS,1443,54.147040878811545,0.9930939226519337,8,0.08189728233700933,0.022176022176022176,0.011545185579526624,719,1443,54.147040878811545,True,train,True,4,60.0,15.0,False,-38.66673925090856,2,True,True,False,2.1295736986212055,0.10491685047348451
0xf058c87bc11ccad23489271b8aee6b63fe505ae7eb4b8b284e2b3ee5bde65861,0x308652f47966873ad0c7854062c7961c6c7181ac,0,67503460,0,200,0xe5e702641ea86f4ae6cc3cdaed2b886f976be044,18,THESIS,1443,54.147040878811545,0.9930939226519337,8,0.08189728233700933,0.022176022176022176,0.011545185579526624,719,1443,54.147040878811545,True,train,True,4,60.0,25.0,True,14.126993116283227,4,True,True,True,2.1295736986212055,0.10491685047348451
0xf058c87bc11ccad23489271b8aee6b63fe505ae7eb4b8b284e2b3ee5bde65861,0x308652f47966873ad0c7854062c7961c6c7181ac,0,67503460,0,200,0xe5e702641ea86f4ae6cc3cdaed2b886f976be044,18,THESIS,1443,54.147040878811545,0.9930939226519337,8,0.08189728233700933,0.022176022176022176,0.011545185579526624,719,1443,54.147040878811545,True,train,True,4,60.0,25.0,False,-45.252614240971035,2,True,True,False,2.1295736986212055,0.10491685047348451
0xf058c87bc11ccad23489271b8aee6b63fe505ae7eb4b8b284e2b3ee5bde65861,0x308652f47966873ad0c7854062c7961c6c7181ac,0,67503460,0,200,0xe5e702641ea86f4ae6cc3cdaed2b886f976be044,18,THESIS,1443,54.147040878811545,0.9930939226519337,8,0.08189728233700933,0.022176022176022176,0.011545185579526624,719,1443,54.147040878811545,True,train,True,4,60.0,35.0,True,14.126993116283227,4,True,True,True,2.1295736986212055,0.10491685047348451
0xf058c87bc11ccad23489271b8aee6b63fe505ae7eb4b8b284e2b3ee5bde65861,0x308652f47966873ad0c7854062c7961c6c7181ac,0,67503460,0,200,0xe5e702641ea86f4ae6cc3cdaed2b886f976be044,18,THESIS,1443,54.147040878811545,0.9930939226519337,8,0.08189728233700933,0.022176022176022176,0.011545185579526624,719,1443,54.147040878811545,True,train,True,4,60.0,35.0,False,-53.11953534779623,2,True,True,False,2.1295736986212055,0.10491685047348451
0xf058c87bc11ccad23489271b8aee6b63fe505ae7eb4b8b284e2b3ee5bde65861,0x308652f47966873ad0c7854062c7961c6c7181ac,0,67503460,0,200,0xe5e702641ea86f4ae6cc3cdaed2b886f976be044,18,THESIS,1443,54.147040878811545,0.9930939226519337,8,0.08189728233700933,0.022176022176022176,0.011545185579526624,719,1443,54.147040878811545,True,train,True,6,25.0,15.0,True,9.187364510157781,5,True,True,True,2.2732408233905366,0.11199484089811196
0xf058c87bc11ccad23489271b8aee6b63fe505ae7eb4b8b284e2b3ee5bde65861,0x308652f47966873ad0c7854062c7961c6c7181ac,0,67503460,0,200,0xe5e702641ea86f4ae6cc3cdaed2b886f976be044,18,THESIS,1443,54.147040878811545,0.9930939226519337,8,0.08189728233700933,0.022176022176022176,0.011545185579526624,719,1443,54.147040878811545,True,train,True,6,25.0,15.0,False,-55.27512948630569,4,True,True,False,2.2732408233905366,0.11199484089811196
0xf058c87bc11ccad23489271b8aee6b63fe505ae7eb4b8b284e2b3ee5bde65861,0x308652f47966873ad0c7854062c7961c6c7181ac,0,67503460,0,200,0xe5e702641ea86f4ae6cc3cdaed2b886f976be044,18,THESIS,1443,54.147040878811545,0.9930939226519337,8,0.08189728233700933,0.022176022176022176,0.011545185579526624,719,1443,54.147040878811545,True,train,True,6,25.0,25.0,True,9.187364510157781,5,True,True,True,2.2732408233905366,0.11199484089811196
0xf058c87bc11ccad23489271b8aee6b63fe505ae7eb4b8b284e2b3ee5bde65861,0x308652f47966873ad0c7854062c7961c6c7181ac,0,67503460,0,200,0xe5e702641ea86f4ae6cc3cdaed2b886f976be044,18,THESIS,1443,54.147040878811545,0.9930939226519337,8,0.08189728233700933,0.022176022176022176,0.011545185579526624,719,1443,54.147040878811545,True,train,True,6,25.0,25.0,False,-62.86737993361275,4,True,True,False,2.2732408233905366,0.11199484089811196
0xf058c87bc11ccad23489271b8aee6b63fe505ae7eb4b8b284e2b3ee5bde65861,0x308652f47966873ad0c7854062c7961c6c7181ac,0,67503460,0,200,0xe5e702641ea86f4ae6cc3cdaed2b886f976be044,18,THESIS,1443,54.147040878811545,0.9930939226519337,8,0.08189728233700933,0.022176022176022176,0.011545185579526624,719,1443,54.147040878811545,True,train,True,6,25.0,35.0,True,9.187364510157781,5,True,True,True,2.2732408233905366,0.11199484089811196
0xf058c87bc11ccad23489271b8aee6b63fe505ae7eb4b8b284e2b3ee5bde65861,0x308652f47966873ad0c7854062c7961c6c7181ac,0,67503460,0,200,0xe5e702641ea86f4ae6cc3cdaed2b886f976be044,18,THESIS,1443,54.147040878811545,0.9930939226519337,8,0.08189728233700933,0.022176022176022176,0.011545185579526624,719,1443,54.147040878811545,True,train,True,6,25.0,35.0,False,-67.6313539577036,4,True,True,False,2.2732408233905366,0.11199484089811196
0xf058c87bc11ccad23489271b8aee6b63fe505ae7eb4b8b284e2b3ee5bde65861,0x308652f47966873ad0c7854062c7961c6c7181ac,0,67503460,0,200,0xe5e702641ea86f4ae6cc3cdaed2b886f976be044,18,THESIS,1443,54.147040878811545,0.9930939226519337,8,0.08189728233700933,0.022176022176022176,0.011545185579526624,719,1443,54.147040878811545,True,train,True,6,40.0,15.0,True,10.184831182524334,4,True,True,True,2.2732408233905366,0.11199484089811196
0xf058c87bc11ccad23489271b8aee6b63fe505ae7eb4b8b284e2b3ee5bde65861,0x308652f47966873ad0c7854062c7961c6c7181ac,0,67503460,0,200,0xe5e702641ea86f4ae6cc3cdaed2b886f976be044,18,THESIS,1443,54.147040878811545,0.9930939226519337,8,0.08189728233700933,0.022176022176022176,0.011545185579526624,719,1443,54.147040878811545,True,train,True,6,40.0,15.0,False,-53.264824472819484,3,True,True,False,2.2732408233905366,0.11199484089811196
0xf058c87bc11ccad23489271b8aee6b63fe505ae7eb4b8b284e2b3ee5bde65861,0x308652f47966873ad0c7854062c7961c6c7181ac,0,67503460,0,200,0xe5e702641ea86f4ae6cc3cdaed2b886f976be044,18,THESIS,1443,54.147040878811545,0.9930939226519337,8,0.08189728233700933,0.022176022176022176,0.011545185579526624,719,1443,54.147040878811545,True,train,True,6,40.0,25.0,True,10.184831182524334,4,True,True,True,2.2732408233905366,0.11199484089811196
0xf058c87bc11ccad23489271b8aee6b63fe505ae7eb4b8b284e2b3ee5bde65861,0x308652f47966873ad0c7854062c7961c6c7181ac,0,67503460,0,200,0xe5e702641ea86f4ae6cc3cdaed2b886f976be044,18,THESIS,1443,54.147040878811545,0.9930939226519337,8,0.08189728233700933,0.022176022176022176,0.011545185579526624,719,1443,54.147040878811545,True,train,True,6,40.0,25.0,False,-61.19087005101256,3,True,True,False,2.2732408233905366,0.11199484089811196
0xf058c87bc11ccad23489271b8aee6b63fe505ae7eb4b8b284e2b3ee5bde65861,0x308652f47966873ad0c7854062c7961c6c7181ac,0,67503460,0,200,0xe5e702641ea86f4ae6cc3cdaed2b886f976be044,18,THESIS,1443,54.147040878811545,0.9930939226519337,8,0.08189728233700933,0.022176022176022176,0.011545185579526624,719,1443,54.147040878811545,True,train,True,6,40.0,35.0,True,10.184831182524334,4,True,True,True,2.2732408233905366,0.11199484089811196
0xf058c87bc11ccad23489271b8aee6b63fe505ae7eb4b8b284e2b3ee5bde65861,0x308652f47966873ad0c7854062c7961c6c7181ac,0,67503460,0,200,0xe5e702641ea86f4ae6cc3cdaed2b886f976be044,18,THESIS,1443,54.147040878811545,0.9930939226519337,8,0.08189728233700933,0.022176022176022176,0.011545185579526624,719,1443,54.147040878811545,True,train,True,6,40.0,35.0,False,-66.16429334761426,3,True,True,False,2.2732408233905366,0.11199484089811196
0xf058c87bc11ccad23489271b8aee6b63fe505ae7eb4b8b284e2b3ee5bde65861,0x308652f47966873ad0c7854062c7961c6c7181ac,0,67503460,0,200,0xe5e702641ea86f4ae6cc3cdaed2b886f976be044,18,THESIS,1443,54.147040878811545,0.9930939226519337,8,0.08189728233700933,0.022176022176022176,0.011545185579526624,719,1443,54.147040878811545,True,train,True,6,60.0,15.0,True,14.989652117552987,4,True,True,True,2.2732408233905366,0.11199484089811196
0xf058c87bc11ccad23489271b8aee6b63fe505ae7eb4b8b284e2b3ee5bde65861,0x308652f47966873ad0c7854062c7961c6c7181ac,0,67503460,0,200,0xe5e702641ea86f4ae6cc3cdaed2b886f976be044,18,THESIS,1443,54.147040878811545,0.9930939226519337,8,0.08189728233700933,0.022176022176022176,0.011545185579526624,719,1443,54.147040878811545,True,train,True,6,60.0,15.0,False,-36.031738492541834,2,True,True,False,2.2732408233905366,0.11199484089811196
0xf058c87bc11ccad23489271b8aee6b63fe505ae7eb4b8b284e2b3ee5bde65861,0x308652f47966873ad0c7854062c7961c6c7181ac,0,67503460,0,200,0xe5e702641ea86f4ae6cc3cdaed2b886f976be044,18,THESIS,1443,54.147040878811545,0.9930939226519337,8,0.08189728233700933,0.022176022176022176,0.011545185579526624,719,1443,54.147040878811545,True,train,True,6,60.0,25.0,True,14.989652117552987,4,True,True,True,2.2732408233905366,0.11199484089811196
0xf058c87bc11ccad23489271b8aee6b63fe505ae7eb4b8b284e2b3ee5bde65861,0x308652f47966873ad0c7854062c7961c6c7181ac,0,67503460,0,200,0xe5e702641ea86f4ae6cc3cdaed2b886f976be044,18,THESIS,1443,54.147040878811545,0.9930939226519337,8,0.08189728233700933,0.022176022176022176,0.011545185579526624,719,1443,54.147040878811545,True,train,True,6,60.0,25.0,False,-46.81920069744921,2,True,True,False,2.2732408233905366,0.11199484089811196
0xf058c87bc11ccad23489271b8aee6b63fe505ae7eb4b8b284e2b3ee5bde65861,0x308652f47966873ad0c7854062c7961c6c7181ac,0,67503460,0,200,0xe5e702641ea86f4ae6cc3cdaed2b886f976be044,18,THESIS,1443,54.147040878811545,0.9930939226519337,8,0.08189728233700933,0.022176022176022176,0.011545185579526624,719,1443,54.147040878811545,True,train,True,6,60.0,35.0,True,14.989652117552987,4,True,True,True,2.2732408233905366,0.11199484089811196
0xf058c87bc11ccad23489271b8aee6b63fe505ae7eb4b8b284e2b3ee5bde65861,0x308652f47966873ad0c7854062c7961c6c7181ac,0,67503460,0,200,0xe5e702641ea86f4ae6cc3cdaed2b886f976be044,18,THESIS,1443,54.147040878811545,0.9930939226519337,8,0.08189728233700933,0.022176022176022176,0.011545185579526624,719,1443,54.147040878811545,True,train,True,6,60.0,35.0,False,-53.58810144522007,2,True,True,False,2.2732408233905366,0.11199484089811196
0xf058c87bc11ccad23489271b8aee6b63fe505ae7eb4b8b284e2b3ee5bde65861,0x308652f47966873ad0c7854062c7961c6c7181ac,0,67503460,0,200,0xe5e702641ea86f4ae6cc3cdaed2b886f976be044,18,THESIS,1443,54.147040878811545,0.9930939226519337,8,0.08189728233700933,0.022176022176022176,0.011545185579526624,719,1443,54.147040878811545,True,train,True,12,25.0,15.0,True,-13.550654788513771,1,False,True,False,1.0,0.06040995234465029
0xf058c87bc11ccad23489271b8aee6b63fe505ae7eb4b8b284e2b3ee5bde65861,0x308652f47966873ad0c7854062c7961c6c7181ac,0,67503460,0,200,0xe5e702641ea86f4ae6cc3cdaed2b886f976be044,18,THESIS,1443,54.147040878811545,0.9930939226519337,8,0.08189728233700933,0.022176022176022176,0.011545185579526624,719,1443,54.147040878811545,True,train,True,12,25.0,15.0,False,-13.550654788513771,1,False,True,False,1.0,0.06040995234465029
0xf058c87bc11ccad23489271b8aee6b63fe505ae7eb4b8b284e2b3ee5bde65861,0x308652f47966873ad0c7854062c7961c6c7181ac,0,67503460,0,200,0xe5e702641ea86f4ae6cc3cdaed2b886f976be044,18,THESIS,1443,54.147040878811545,0.9930939226519337,8,0.08189728233700933,0.022176022176022176,0.011545185579526624,719,1443,54.147040878811545,True,train,True,12,25.0,25.0,True,-22.97632875953759,1,False,True,False,1.0,0.06040995234465029
0xf058c87bc11ccad23489271b8aee6b63fe505ae7eb4b8b284e2b3ee5bde65861,0x308652f47966873ad0c7854062c7961c6c7181ac,0,67503460,0,200,0xe5e702641ea86f4ae6cc3cdaed2b886f976be044,18,THESIS,1443,54.147040878811545,0.9930939226519337,8,0.08189728233700933,0.022176022176022176,0.011545185579526624,719,1443,54.147040878811545,True,train,True,12,25.0,25.0,False,-22.97632875953759,1,False,True,False,1.0,0.06040995234465029
0xf058c87bc11ccad23489271b8aee6b63fe505ae7eb4b8b284e2b3ee5bde65861,0x308652f47966873ad0c7854062c7961c6c7181ac,0,67503460,0,200,0xe5e702641ea86f4ae6cc3cdaed2b886f976be044,18,THESIS,1443,54.147040878811545,0.9930939226519337,8,0.08189728233700933,0.022176022176022176,0.011545185579526624,719,1443,54.147040878811545,True,train,True,12,25.0,35.0,True,-32.39883458162436,1,False,True,False,1.0,0.06040995234465029
0xf058c87bc11ccad23489271b8aee6b63fe505ae7eb4b8b284e2b3ee5bde65861,0x308652f47966873ad0c7854062c7961c6c7181ac,0,67503460,0,200,0xe5e702641ea86f4ae6cc3cdaed2b886f976be044,18,THESIS,1443,54.147040878811545,0.9930939226519337,8,0.08189728233700933,0.022176022176022176,0.011545185579526624,719,1443,54.147040878811545,True,train,True,12,25.0,35.0,False,-32.39883458162436,1,False,True,False,1.0,0.06040995234465029
0xf058c87bc11ccad23489271b8aee6b63fe505ae7eb4b8b284e2b3ee5bde65861,0x308652f47966873ad0c7854062c7961c6c7181ac,0,67503460,0,200,0xe5e702641ea86f4ae6cc3cdaed2b886f976be044,18,THESIS,1443,54.147040878811545,0.9930939226519337,8,0.08189728233700933,0.022176022176022176,0.011545185579526624,719,1443,54.147040878811545,True,train,True,12,40.0,15.0,True,-12.311523538626446,1,False,True,False,1.0,0.06040995234465029
0xf058c87bc11ccad23489271b8aee6b63fe505ae7eb4b8b284e2b3ee5bde65861,0x308652f47966873ad0c7854062c7961c6c7181ac,0,67503460,0,200,0xe5e702641ea86f4ae6cc3cdaed2b886f976be044,18,THESIS,1443,54.147040878811545,0.9930939226519337,8,0.08189728233700933,0.022176022176022176,0.011545185579526624,719,1443,54.147040878811545,True,train,True,12,40.0,15.0,False,-12.311523538626446,1,False,True,False,1.0,0.06040995234465029
0xf058c87bc11ccad23489271b8aee6b63fe505ae7eb4b8b284e2b3ee5bde65861,0x308652f47966873ad0c7854062c7961c6c7181ac,0,67503460,0,200,0xe5e702641ea86f4ae6cc3cdaed2b886f976be044,18,THESIS,1443,54.147040878811545,0.9930939226519337,8,0.08189728233700933,0.022176022176022176,0.011545185579526624,719,1443,54.147040878811545,True,train,True,12,40.0,25.0,True,-20.64164393650305,1,False,True,False,1.0,0.06040995234465029
0xf058c87bc11ccad23489271b8aee6b63fe505ae7eb4b8b284e2b3ee5bde65861,0x308652f47966873ad0c7854062c7961c6c7181ac,0,67503460,0,200,0xe5e702641ea86f4ae6cc3cdaed2b886f976be044,18,THESIS,1443,54.147040878811545,0.9930939226519337,8,0.08189728233700933,0.022176022176022176,0.011545185579526624,719,1443,54.147040878811545,True,train,True,12,40.0,25.0,False,-20.64164393650305,1,False,True,False,1.0,0.06040995234465029
0xf058c87bc11ccad23489271b8aee6b63fe505ae7eb4b8b284e2b3ee5bde65861,0x308652f47966873ad0c7854062c7961c6c7181ac,0,67503460,0,200,0xe5e702641ea86f4ae6cc3cdaed2b886f976be044,18,THESIS,1443,54.147040878811545,0.9930939226519337,8,0.08189728233700933,0.022176022176022176,0.011545185579526624,719,1443,54.147040878811545,True,train,True,12,40.0,35.0,True,-30.2876508216384,1,False,True,False,1.0,0.06040995234465029
0xf058c87bc11ccad23489271b8aee6b63fe505ae7eb4b8b284e2b3ee5bde65861,0x308652f47966873ad0c7854062c7961c6c7181ac,0,67503460,0,200,0xe5e702641ea86f4ae6cc3cdaed2b886f976be044,18,THESIS,1443,54.147040878811545,0.9930939226519337,8,0.08189728233700933,0.022176022176022176,0.011545185579526624,719,1443,54.147040878811545,True,train,True,12,40.0,35.0,False,-30.2876508216384,1,False,True,False,1.0,0.06040995234465029
0xf058c87bc11ccad23489271b8aee6b63fe505ae7eb4b8b284e2b3ee5bde65861,0x308652f47966873ad0c7854062c7961c6c7181ac,0,67503460,0,200,0xe5e702641ea86f4ae6cc3cdaed2b886f976be044,18,THESIS,1443,54.147040878811545,0.9930939226519337,8,0.08189728233700933,0.022176022176022176,0.011545185579526624,719,1443,54.147040878811545,True,train,True,12,60.0,15.0,True,-11.619544599443321,1,False,True,False,1.0,0.06040995234465029
0xf058c87bc11ccad23489271b8aee6b63fe505ae7eb4b8b284e2b3ee5bde65861,0x308652f47966873ad0c7854062c7961c6c7181ac,0,67503460,0,200,0xe5e702641ea86f4ae6cc3cdaed2b886f976be044,18,THESIS,1443,54.147040878811545,0.9930939226519337,8,0.08189728233700933,0.022176022176022176,0.011545185579526624,719,1443,54.147040878811545,True,train,True,12,60.0,15.0,False,-11.619544599443321,1,False,True,False,1.0,0.06040995234465029
0xf058c87bc11ccad23489271b8aee6b63fe505ae7eb4b8b284e2b3ee5bde65861,0x308652f47966873ad0c7854062c7961c6c7181ac,0,67503460,0,200,0xe5e702641ea86f4ae6cc3cdaed2b886f976be044,18,THESIS,1443,54.147040878811545,0.9930939226519337,8,0.08189728233700933,0.022176022176022176,0.011545185579526624,719,1443,54.147040878811545,True,train,True,12,60.0,25.0,True,-18.952882259039384,1,False,True,False,1.0,0.06040995234465029
0xf058c87bc11ccad23489271b8aee6b63fe505ae7eb4b8b284e2b3ee5bde65861,0x308652f47966873ad0c7854062c7961c6c7181ac,0,67503460,0,200,0xe5e702641ea86f4ae6cc3cdaed2b886f976be044,18,THESIS,1443,54.147040878811545,0.9930939226519337,8,0.08189728233700933,0.022176022176022176,0.011545185579526624,719,1443,54.147040878811545,True,train,True,12,60.0,25.0,False,-18.952882259039384,1,False,True,False,1.0,0.06040995234465029
0xf058c87bc11ccad23489271b8aee6b63fe505ae7eb4b8b284e2b3ee5bde65861,0x308652f47966873ad0c7854062c7961c6c7181ac,0,67503460,0,200,0xe5e702641ea86f4ae6cc3cdaed2b886f976be044,18,THESIS,1443,54.147040878811545,0.9930939226519337,8,0.08189728233700933,0.022176022176022176,0.011545185579526624,719,1443,54.147040878811545,True,train,True,12,60.0,35.0,True,-27.70319705132366,1,False,True,False,1.0,0.06040995234465029
0xf058c87bc11ccad23489271b8aee6b63fe505ae7eb4b8b284e2b3ee5bde65861,0x308652f47966873ad0c7854062c7961c6c7181ac,0,67503460,0,200,0xe5e702641ea86f4ae6cc3cdaed2b886f976be044,18,THESIS,1443,54.147040878811545,0.9930939226519337,8,0.08189728233700933,0.022176022176022176,0.011545185579526624,719,1443,54.147040878811545,True,train,True,12,60.0,35.0,False,-27.70319705132366,1,False,True,False,1.0,0.06040995234465029
0xc1916e7e8f34002eadf112f61bb7c023bb5ecd4687b0f216beeffdecc181023d,0x5e4a5b4fcf19ba5e43789b2368e542ea5dc38ecc,0,67509168,2500,25,0x3bf48564e102ddf0ffd19c998e6132eee8be5000,18,USELESS,3587,631.0773855761261,0.702420503084955,8,0.0601424000433775,0.2787844995818233,0.04537371711805976,1480,3587,631.0773855761261,True,train,True,2,25.0,15.0,True,-100.0,0,False,True,,,
0xc1916e7e8f34002eadf112f61bb7c023bb5ecd4687b0f216beeffdecc181023d,0x5e4a5b4fcf19ba5e43789b2368e542ea5dc38ecc,0,67509168,2500,25,0x3bf48564e102ddf0ffd19c998e6132eee8be5000,18,USELESS,3587,631.0773855761261,0.702420503084955,8,0.0601424000433775,0.2787844995818233,0.04537371711805976,1480,3587,631.0773855761261,True,train,True,2,25.0,15.0,False,-100.0,0,False,True,,,
0xc1916e7e8f34002eadf112f61bb7c023bb5ecd4687b0f216beeffdecc181023d,0x5e4a5b4fcf19ba5e43789b2368e542ea5dc38ecc,0,67509168,2500,25,0x3bf48564e102ddf0ffd19c998e6132eee8be5000,18,USELESS,3587,631.0773855761261,0.702420503084955,8,0.0601424000433775,0.2787844995818233,0.04537371711805976,1480,3587,631.0773855761261,True,train,True,2,25.0,25.0,True,-100.0,0,False,True,,,
0xc1916e7e8f34002eadf112f61bb7c023bb5ecd4687b0f216beeffdecc181023d,0x5e4a5b4fcf19ba5e43789b2368e542ea5dc38ecc,0,67509168,2500,25,0x3bf48564e102ddf0ffd19c998e6132eee8be5000,18,USELESS,3587,631.0773855761261,0.702420503084955,8,0.0601424000433775,0.2787844995818233,0.04537371711805976,1480,3587,631.0773855761261,True,train,True,2,25.0,25.0,False,-100.0,0,False,True,,,
0xc1916e7e8f34002eadf112f61bb7c023bb5ecd4687b0f216beeffdecc181023d,0x5e4a5b4fcf19ba5e43789b2368e542ea5dc38ecc,0,67509168,2500,25,0x3bf48564e102ddf0ffd19c998e6132eee8be5000,18,USELESS,3587,631.0773855761261,0.702420503084955,8,0.0601424000433775,0.2787844995818233,0.04537371711805976,1480,3587,631.0773855761261,True,train,True,2,25.0,35.0,True,-100.0,0,False,True,,,
0xc1916e7e8f34002eadf112f61bb7c023bb5ecd4687b0f216beeffdecc181023d,0x5e4a5b4fcf19ba5e43789b2368e542ea5dc38ecc,0,67509168,2500,25,0x3bf48564e102ddf0ffd19c998e6132eee8be5000,18,USELESS,3587,631.0773855761261,0.702420503084955,8,0.0601424000433775,0.2787844995818233,0.04537371711805976,1480,3587,631.0773855761261,True,train,True,2,25.0,35.0,False,-100.0,0,False,True,,,
0xc1916e7e8f34002eadf112f61bb7c023bb5ecd4687b0f216beeffdecc181023d,0x5e4a5b4fcf19ba5e43789b2368e542ea5dc38ecc,0,67509168,2500,25,0x3bf48564e102ddf0ffd19c998e6132eee8be5000,18,USELESS,3587,631.0773855761261,0.702420503084955,8,0.0601424000433775,0.2787844995818233,0.04537371711805976,1480,3587,631.0773855761261,True,train,True,2,40.0,15.0,True,-100.0,0,False,True,,,
0xc1916e7e8f34002eadf112f61bb7c023bb5ecd4687b0f216beeffdecc181023d,0x5e4a5b4fcf19ba5e43789b2368e542ea5dc38ecc,0,67509168,2500,25,0x3bf48564e102ddf0ffd19c998e6132eee8be5000,18,USELESS,3587,631.0773855761261,0.702420503084955,8,0.0601424000433775,0.2787844995818233,0.04537371711805976,1480,3587,631.0773855761261,True,train,True,2,40.0,15.0,False,-100.0,0,False,True,,,
0xc1916e7e8f34002eadf112f61bb7c023bb5ecd4687b0f216beeffdecc181023d,0x5e4a5b4fcf19ba5e43789b2368e542ea5dc38ecc,0,67509168,2500,25,0x3bf48564e102ddf0ffd19c998e6132eee8be5000,18,USELESS,3587,631.0773855761261,0.702420503084955,8,0.0601424000433775,0.2787844995818233,0.04537371711805976,1480,3587,631.0773855761261,True,train,True,2,40.0,25.0,True,-100.0,0,False,True,,,
0xc1916e7e8f34002eadf112f61bb7c023bb5ecd4687b0f216beeffdecc181023d,0x5e4a5b4fcf19ba5e43789b2368e542ea5dc38ecc,0,67509168,2500,25,0x3bf48564e102ddf0ffd19c998e6132eee8be5000,18,USELESS,3587,631.0773855761261,0.702420503084955,8,0.0601424000433775,0.2787844995818233,0.04537371711805976,1480,3587,631.0773855761261,True,train,True,2,40.0,25.0,False,-100.0,0,False,True,,,
0xc1916e7e8f34002eadf112f61bb7c023bb5ecd4687b0f216beeffdecc181023d,0x5e4a5b4fcf19ba5e43789b2368e542ea5dc38ecc,0,67509168,2500,25,0x3bf48564e102ddf0ffd19c998e6132eee8be5000,18,USELESS,3587,631.0773855761261,0.702420503084955,8,0.0601424000433775,0.2787844995818233,0.04537371711805976,1480,3587,631.0773855761261,True,train,True,2,40.0,35.0,True,-100.0,0,False,True,,,
0xc1916e7e8f34002eadf112f61bb7c023bb5ecd4687b0f216beeffdecc181023d,0x5e4a5b4fcf19ba5e43789b2368e542ea5dc38ecc,0,67509168,2500,25,0x3bf48564e102ddf0ffd19c998e6132eee8be5000,18,USELESS,3587,631.0773855761261,0.702420503084955,8,0.0601424000433775,0.2787844995818233,0.04537371711805976,1480,3587,631.0773855761261,True,train,True,2,40.0,35.0,False,-100.0,0,False,True,,,
0xc1916e7e8f34002eadf112f61bb7c023bb5ecd4687b0f216beeffdecc181023d,0x5e4a5b4fcf19ba5e43789b2368e542ea5dc38ecc,0,67509168,2500,25,0x3bf48564e102ddf0ffd19c998e6132eee8be5000,18,USELESS,3587,631.0773855761261,0.702420503084955,8,0.0601424000433775,0.2787844995818233,0.04537371711805976,1480,3587,631.0773855761261,True,train,True,2,60.0,15.0,True,-100.0,0,False,True,,,
0xc1916e7e8f34002eadf112f61bb7c023bb5ecd4687b0f216beeffdecc181023d,0x5e4a5b4fcf19ba5e43789b2368e542ea5dc38ecc,0,67509168,2500,25,0x3bf48564e102ddf0ffd19c998e6132eee8be5000,18,USELESS,3587,631.0773855761261,0.702420503084955,8,0.0601424000433775,0.2787844995818233,0.04537371711805976,1480,3587,631.0773855761261,True,train,True,2,60.0,15.0,False,-100.0,0,False,True,,,
0xc1916e7e8f34002eadf112f61bb7c023bb5ecd4687b0f216beeffdecc181023d,0x5e4a5b4fcf19ba5e43789b2368e542ea5dc38ecc,0,67509168,2500,25,0x3bf48564e102ddf0ffd19c998e6132eee8be5000,18,USELESS,3587,631.0773855761261,0.702420503084955,8,0.0601424000433775,0.2787844995818233,0.04537371711805976,1480,3587,631.0773855761261,True,train,True,2,60.0,25.0,True,-100.0,0,False,True,,,
0xc1916e7e8f34002eadf112f61bb7c023bb5ecd4687b0f216beeffdecc181023d,0x5e4a5b4fcf19ba5e43789b2368e542ea5dc38ecc,0,67509168,2500,25,0x3bf48564e102ddf0ffd19c998e6132eee8be5000,18,USELESS,3587,631.0773855761261,0.702420503084955,8,0.0601424000433775,0.2787844995818233,0.04537371711805976,1480,3587,631.0773855761261,True,train,True,2,60.0,25.0,False,-100.0,0,False,True,,,
0xc1916e7e8f34002eadf112f61bb7c023bb5ecd4687b0f216beeffdecc181023d,0x5e4a5b4fcf19ba5e43789b2368e542ea5dc38ecc,0,67509168,2500,25,0x3bf48564e102ddf0ffd19c998e6132eee8be5000,18,USELESS,3587,631.0773855761261,0.702420503084955,8,0.0601424000433775,0.2787844995818233,0.04537371711805976,1480,3587,631.0773855761261,True,train,True,2,60.0,35.0,True,-100.0,0,False,True,,,
0xc1916e7e8f34002eadf112f61bb7c023bb5ecd4687b0f216beeffdecc181023d,0x5e4a5b4fcf19ba5e43789b2368e542ea5dc38ecc,0,67509168,2500,25,0x3bf48564e102ddf0ffd19c998e6132eee8be5000,18,USELESS,3587,631.0773855761261,0.702420503084955,8,0.0601424000433775,0.2787844995818233,0.04537371711805976,1480,3587,631.0773855761261,True,train,True,2,60.0,35.0,False,-100.0,0,False,True,,,
0xc1916e7e8f34002eadf112f61bb7c023bb5ecd4687b0f216beeffdecc181023d,0x5e4a5b4fcf19ba5e43789b2368e542ea5dc38ecc,0,67509168,2500,25,0x3bf48564e102ddf0ffd19c998e6132eee8be5000,18,USELESS,3587,631.0773855761261,0.702420503084955,8,0.0601424000433775,0.2787844995818233,0.04537371711805976,1480,3587,631.0773855761261,True,train,True,4,25.0,15.0,True,-100.0,0,False,True,,,
0xc1916e7e8f34002eadf112f61bb7c023bb5ecd4687b0f216beeffdecc181023d,0x5e4a5b4fcf19ba5e43789b2368e542ea5dc38ecc,0,67509168,2500,25,0x3bf48564e102ddf0ffd19c998e6132eee8be5000,18,USELESS,3587,631.0773855761261,0.702420503084955,8,0.0601424000433775,0.2787844995818233,0.04537371711805976,1480,3587,631.0773855761261,True,train,True,4,25.0,15.0,False,-100.0,0,False,True,,,
0xc1916e7e8f34002eadf112f61bb7c023bb5ecd4687b0f216beeffdecc181023d,0x5e4a5b4fcf19ba5e43789b2368e542ea5dc38ecc,0,67509168,2500,25,0x3bf48564e102ddf0ffd19c998e6132eee8be5000,18,USELESS,3587,631.0773855761261,0.702420503084955,8,0.0601424000433775,0.2787844995818233,0.04537371711805976,1480,3587,631.0773855761261,True,train,True,4,25.0,25.0,True,-100.0,0,False,True,,,
0xc1916e7e8f34002eadf112f61bb7c023bb5ecd4687b0f216beeffdecc181023d,0x5e4a5b4fcf19ba5e43789b2368e542ea5dc38ecc,0,67509168,2500,25,0x3bf48564e102ddf0ffd19c998e6132eee8be5000,18,USELESS,3587,631.0773855761261,0.702420503084955,8,0.0601424000433775,0.2787844995818233,0.04537371711805976,1480,3587,631.0773855761261,True,train,True,4,25.0,25.0,False,-100.0,0,False,True,,,
0xc1916e7e8f34002eadf112f61bb7c023bb5ecd4687b0f216beeffdecc181023d,0x5e4a5b4fcf19ba5e43789b2368e542ea5dc38ecc,0,67509168,2500,25,0x3bf48564e102ddf0ffd19c998e6132eee8be5000,18,USELESS,3587,631.0773855761261,0.702420503084955,8,0.0601424000433775,0.2787844995818233,0.04537371711805976,1480,3587,631.0773855761261,True,train,True,4,25.0,35.0,True,-100.0,0,False,True,,,
0xc1916e7e8f34002eadf112f61bb7c023bb5ecd4687b0f216beeffdecc181023d,0x5e4a5b4fcf19ba5e43789b2368e542ea5dc38ecc,0,67509168,2500,25,0x3bf48564e102ddf0ffd19c998e6132eee8be5000,18,USELESS,3587,631.0773855761261,0.702420503084955,8,0.0601424000433775,0.2787844995818233,0.04537371711805976,1480,3587,631.0773855761261,True,train,True,4,25.0,35.0,False,-100.0,0,False,True,,,
0xc1916e7e8f34002eadf112f61bb7c023bb5ecd4687b0f216beeffdecc181023d,0x5e4a5b4fcf19ba5e43789b2368e542ea5dc38ecc,0,67509168,2500,25,0x3bf48564e102ddf0ffd19c998e6132eee8be5000,18,USELESS,3587,631.0773855761261,0.702420503084955,8,0.0601424000433775,0.2787844995818233,0.04537371711805976,1480,3587,631.0773855761261,True,train,True,4,40.0,15.0,True,-100.0,0,False,True,,,
0xc1916e7e8f34002eadf112f61bb7c023bb5ecd4687b0f216beeffdecc181023d,0x5e4a5b4fcf19ba5e43789b2368e542ea5dc38ecc,0,67509168,2500,25,0x3bf48564e102ddf0ffd19c998e6132eee8be5000,18,USELESS,3587,631.0773855761261,0.702420503084955,8,0.0601424000433775,0.2787844995818233,0.04537371711805976,1480,3587,631.0773855761261,True,train,True,4,40.0,15.0,False,-100.0,0,False,True,,,
0xc1916e7e8f34002eadf112f61bb7c023bb5ecd4687b0f216beeffdecc181023d,0x5e4a5b4fcf19ba5e43789b2368e542ea5dc38ecc,0,67509168,2500,25,0x3bf48564e102ddf0ffd19c998e6132eee8be5000,18,USELESS,3587,631.0773855761261,0.702420503084955,8,0.0601424000433775,0.2787844995818233,0.04537371711805976,1480,3587,631.0773855761261,True,train,True,4,40.0,25.0,True,-100.0,0,False,True,,,
0xc1916e7e8f34002eadf112f61bb7c023bb5ecd4687b0f216beeffdecc181023d,0x5e4a5b4fcf19ba5e43789b2368e542ea5dc38ecc,0,67509168,2500,25,0x3bf48564e102ddf0ffd19c998e6132eee8be5000,18,USELESS,3587,631.0773855761261,0.702420503084955,8,0.0601424000433775,0.2787844995818233,0.04537371711805976,1480,3587,631.0773855761261,True,train,True,4,40.0,25.0,False,-100.0,0,False,True,,,
0xc1916e7e8f34002eadf112f61bb7c023bb5ecd4687b0f216beeffdecc181023d,0x5e4a5b4fcf19ba5e43789b2368e542ea5dc38ecc,0,67509168,2500,25,0x3bf48564e102ddf0ffd19c998e6132eee8be5000,18,USELESS,3587,631.0773855761261,0.702420503084955,8,0.0601424000433775,0.2787844995818233,0.04537371711805976,1480,3587,631.0773855761261,True,train,True,4,40.0,35.0,True,-100.0,0,False,True,,,
0xc1916e7e8f34002eadf112f61bb7c023bb5ecd4687b0f216beeffdecc181023d,0x5e4a5b4fcf19ba5e43789b2368e542ea5dc38ecc,0,67509168,2500,25,0x3bf48564e102ddf0ffd19c998e6132eee8be5000,18,USELESS,3587,631.0773855761261,0.702420503084955,8,0.0601424000433775,0.2787844995818233,0.04537371711805976,1480,3587,631.0773855761261,True,train,True,4,40.0,35.0,False,-100.0,0,False,True,,,
0xc1916e7e8f34002eadf112f61bb7c023bb5ecd4687b0f216beeffdecc181023d,0x5e4a5b4fcf19ba5e43789b2368e542ea5dc38ecc,0,67509168,2500,25,0x3bf48564e102ddf0ffd19c998e6132eee8be5000,18,USELESS,3587,631.0773855761261,0.702420503084955,8,0.0601424000433775,0.2787844995818233,0.04537371711805976,1480,3587,631.0773855761261,True,train,True,4,60.0,15.0,True,-100.0,0,False,True,,,
0xc1916e7e8f34002eadf112f61bb7c023bb5ecd4687b0f216beeffdecc181023d,0x5e4a5b4fcf19ba5e43789b2368e542ea5dc38ecc,0,67509168,2500,25,0x3bf48564e102ddf0ffd19c998e6132eee8be5000,18,USELESS,3587,631.0773855761261,0.702420503084955,8,0.0601424000433775,0.2787844995818233,0.04537371711805976,1480,3587,631.0773855761261,True,train,True,4,60.0,15.0,False,-100.0,0,False,True,,,
0xc1916e7e8f34002eadf112f61bb7c023bb5ecd4687b0f216beeffdecc181023d,0x5e4a5b4fcf19ba5e43789b2368e542ea5dc38ecc,0,67509168,2500,25,0x3bf48564e102ddf0ffd19c998e6132eee8be5000,18,USELESS,3587,631.0773855761261,0.702420503084955,8,0.0601424000433775,0.2787844995818233,0.04537371711805976,1480,3587,631.0773855761261,True,train,True,4,60.0,25.0,True,-100.0,0,False,True,,,
0xc1916e7e8f34002eadf112f61bb7c023bb5ecd4687b0f216beeffdecc181023d,0x5e4a5b4fcf19ba5e43789b2368e542ea5dc38ecc,0,67509168,2500,25,0x3bf48564e102ddf0ffd19c998e6132eee8be5000,18,USELESS,3587,631.0773855761261,0.702420503084955,8,0.0601424000433775,0.2787844995818233,0.04537371711805976,1480,3587,631.0773855761261,True,train,True,4,60.0,25.0,False,-100.0,0,False,True,,,
0xc1916e7e8f34002eadf112f61bb7c023bb5ecd4687b0f216beeffdecc181023d,0x5e4a5b4fcf19ba5e43789b2368e542ea5dc38ecc,0,67509168,2500,25,0x3bf48564e102ddf0ffd19c998e6132eee8be5000,18,USELESS,3587,631.0773855761261,0.702420503084955,8,0.0601424000433775,0.2787844995818233,0.04537371711805976,1480,3587,631.0773855761261,True,train,True,4,60.0,35.0,True,-100.0,0,False,True,,,
0xc1916e7e8f34002eadf112f61bb7c023bb5ecd4687b0f216beeffdecc181023d,0x5e4a5b4fcf19ba5e43789b2368e542ea5dc38ecc,0,67509168,2500,25,0x3bf48564e102ddf0ffd19c998e6132eee8be5000,18,USELESS,3587,631.0773855761261,0.702420503084955,8,0.0601424000433775,0.2787844995818233,0.04537371711805976,1480,3587,631.0773855761261,True,train,True,4,60.0,35.0,False,-100.0,0,False,True,,,
0xc1916e7e8f34002eadf112f61bb7c023bb5ecd4687b0f216beeffdecc181023d,0x5e4a5b4fcf19ba5e43789b2368e542ea5dc38ecc,0,67509168,2500,25,0x3bf48564e102ddf0ffd19c998e6132eee8be5000,18,USELESS,3587,631.0773855761261,0.702420503084955,8,0.0601424000433775,0.2787844995818233,0.04537371711805976,1480,3587,631.0773855761261,True,train,True,6,25.0,15.0,True,-100.0,0,False,True,,,
0xc1916e7e8f34002eadf112f61bb7c023bb5ecd4687b0f216beeffdecc181023d,0x5e4a5b4fcf19ba5e43789b2368e542ea5dc38ecc,0,67509168,2500,25,0x3bf48564e102ddf0ffd19c998e6132eee8be5000,18,USELESS,3587,631.0773855761261,0.702420503084955,8,0.0601424000433775,0.2787844995818233,0.04537371711805976,1480,3587,631.0773855761261,True,train,True,6,25.0,15.0,False,-100.0,0,False,True,,,
0xc1916e7e8f34002eadf112f61bb7c023bb5ecd4687b0f216beeffdecc181023d,0x5e4a5b4fcf19ba5e43789b2368e542ea5dc38ecc,0,67509168,2500,25,0x3bf48564e102ddf0ffd19c998e6132eee8be5000,18,USELESS,3587,631.0773855761261,0.702420503084955,8,0.0601424000433775,0.2787844995818233,0.04537371711805976,1480,3587,631.0773855761261,True,train,True,6,25.0,25.0,True,-100.0,0,False,True,,,
0xc1916e7e8f34002eadf112f61bb7c023bb5ecd4687b0f216beeffdecc181023d,0x5e4a5b4fcf19ba5e43789b2368e542ea5dc38ecc,0,67509168,2500,25,0x3bf48564e102ddf0ffd19c998e6132eee8be5000,18,USELESS,3587,631.0773855761261,0.702420503084955,8,0.0601424000433775,0.2787844995818233,0.04537371711805976,1480,3587,631.0773855761261,True,train,True,6,25.0,25.0,False,-100.0,0,False,True,,,
0xc1916e7e8f34002eadf112f61bb7c023bb5ecd4687b0f216beeffdecc181023d,0x5e4a5b4fcf19ba5e43789b2368e542ea5dc38ecc,0,67509168,2500,25,0x3bf48564e102ddf0ffd19c998e6132eee8be5000,18,USELESS,3587,631.0773855761261,0.702420503084955,8,0.0601424000433775,0.2787844995818233,0.04537371711805976,1480,3587,631.0773855761261,True,train,True,6,25.0,35.0,True,-100.0,0,False,True,,,
0xc1916e7e8f34002eadf112f61bb7c023bb5ecd4687b0f216beeffdecc181023d,0x5e4a5b4fcf19ba5e43789b2368e542ea5dc38ecc,0,67509168,2500,25,0x3bf48564e102ddf0ffd19c998e6132eee8be5000,18,USELESS,3587,631.0773855761261,0.702420503084955,8,0.0601424000433775,0.2787844995818233,0.04537371711805976,1480,3587,631.0773855761261,True,train,True,6,25.0,35.0,False,-100.0,0,False,True,,,
0xc1916e7e8f34002eadf112f61bb7c023bb5ecd4687b0f216beeffdecc181023d,0x5e4a5b4fcf19ba5e43789b2368e542ea5dc38ecc,0,67509168,2500,25,0x3bf48564e102ddf0ffd19c998e6132eee8be5000,18,USELESS,3587,631.0773855761261,0.702420503084955,8,0.0601424000433775,0.2787844995818233,0.04537371711805976,1480,3587,631.0773855761261,True,train,True,6,40.0,15.0,True,-100.0,0,False,True,,,
0xc1916e7e8f34002eadf112f61bb7c023bb5ecd4687b0f216beeffdecc181023d,0x5e4a5b4fcf19ba5e43789b2368e542ea5dc38ecc,0,67509168,2500,25,0x3bf48564e102ddf0ffd19c998e6132eee8be5000,18,USELESS,3587,631.0773855761261,0.702420503084955,8,0.0601424000433775,0.2787844995818233,0.04537371711805976,1480,3587,631.0773855761261,True,train,True,6,40.0,15.0,False,-100.0,0,False,True,,,
0xc1916e7e8f34002eadf112f61bb7c023bb5ecd4687b0f216beeffdecc181023d,0x5e4a5b4fcf19ba5e43789b2368e542ea5dc38ecc,0,67509168,2500,25,0x3bf48564e102ddf0ffd19c998e6132eee8be5000,18,USELESS,3587,631.0773855761261,0.702420503084955,8,0.0601424000433775,0.2787844995818233,0.04537371711805976,1480,3587,631.0773855761261,True,train,True,6,40.0,25.0,True,-100.0,0,False,True,,,
0xc1916e7e8f34002eadf112f61bb7c023bb5ecd4687b0f216beeffdecc181023d,0x5e4a5b4fcf19ba5e43789b2368e542ea5dc38ecc,0,67509168,2500,25,0x3bf48564e102ddf0ffd19c998e6132eee8be5000,18,USELESS,3587,631.0773855761261,0.702420503084955,8,0.0601424000433775,0.2787844995818233,0.04537371711805976,1480,3587,631.0773855761261,True,train,True,6,40.0,25.0,False,-100.0,0,False,True,,,
0xc1916e7e8f34002eadf112f61bb7c023bb5ecd4687b0f216beeffdecc181023d,0x5e4a5b4fcf19ba5e43789b2368e542ea5dc38ecc,0,67509168,2500,25,0x3bf48564e102ddf0ffd19c998e6132eee8be5000,18,USELESS,3587,631.0773855761261,0.702420503084955,8,0.0601424000433775,0.2787844995818233,0.04537371711805976,1480,3587,631.0773855761261,True,train,True,6,40.0,35.0,True,-100.0,0,False,True,,,
0xc1916e7e8f34002eadf112f61bb7c023bb5ecd4687b0f216beeffdecc181023d,0x5e4a5b4fcf19ba5e43789b2368e542ea5dc38ecc,0,67509168,2500,25,0x3bf48564e102ddf0ffd19c998e6132eee8be5000,18,USELESS,3587,631.0773855761261,0.702420503084955,8,0.0601424000433775,0.2787844995818233,0.04537371711805976,1480,3587,631.0773855761261,True,train,True,6,40.0,35.0,False,-100.0,0,False,True,,,
0xc1916e7e8f34002eadf112f61bb7c023bb5ecd4687b0f216beeffdecc181023d,0x5e4a5b4fcf19ba5e43789b2368e542ea5dc38ecc,0,67509168,2500,25,0x3bf48564e102ddf0ffd19c998e6132eee8be5000,18,USELESS,3587,631.0773855761261,0.702420503084955,8,0.0601424000433775,0.2787844995818233,0.04537371711805976,1480,3587,631.0773855761261,True,train,True,6,60.0,15.0,True,-100.0,0,False,True,,,
0xc1916e7e8f34002eadf112f61bb7c023bb5ecd4687b0f216beeffdecc181023d,0x5e4a5b4fcf19ba5e43789b2368e542ea5dc38ecc,0,67509168,2500,25,0x3bf48564e102ddf0ffd19c998e6132eee8be5000,18,USELESS,3587,631.0773855761261,0.702420503084955,8,0.0601424000433775,0.2787844995818233,0.04537371711805976,1480,3587,631.0773855761261,True,train,True,6,60.0,15.0,False,-100.0,0,False,True,,,
0xc1916e7e8f34002eadf112f61bb7c023bb5ecd4687b0f216beeffdecc181023d,0x5e4a5b4fcf19ba5e43789b2368e542ea5dc38ecc,0,67509168,2500,25,0x3bf48564e102ddf0ffd19c998e6132eee8be5000,18,USELESS,3587,631.0773855761261,0.702420503084955,8,0.0601424000433775,0.2787844995818233,0.04537371711805976,1480,3587,631.0773855761261,True,train,True,6,60.0,25.0,True,-100.0,0,False,True,,,
0xc1916e7e8f34002eadf112f61bb7c023bb5ecd4687b0f216beeffdecc181023d,0x5e4a5b4fcf19ba5e43789b2368e542ea5dc38ecc,0,67509168,2500,25,0x3bf48564e102ddf0ffd19c998e6132eee8be5000,18,USELESS,3587,631.0773855761261,0.702420503084955,8,0.0601424000433775,0.2787844995818233,0.04537371711805976,1480,3587,631.0773855761261,True,train,True,6,60.0,25.0,False,-100.0,0,False,True,,,
0xc1916e7e8f34002eadf112f61bb7c023bb5ecd4687b0f216beeffdecc181023d,0x5e4a5b4fcf19ba5e43789b2368e542ea5dc38ecc,0,67509168,2500,25,0x3bf48564e102ddf0ffd19c998e6132eee8be5000,18,USELESS,3587,631.0773855761261,0.702420503084955,8,0.0601424000433775,0.2787844995818233,0.04537371711805976,1480,3587,631.0773855761261,True,train,True,6,60.0,35.0,True,-100.0,0,False,True,,,
0xc1916e7e8f34002eadf112f61bb7c023bb5ecd4687b0f216beeffdecc181023d,0x5e4a5b4fcf19ba5e43789b2368e542ea5dc38ecc,0,67509168,2500,25,0x3bf48564e102ddf0ffd19c998e6132eee8be5000,18,USELESS,3587,631.0773855761261,0.702420503084955,8,0.0601424000433775,0.2787844995818233,0.04537371711805976,1480,3587,631.0773855761261,True,train,True,6,60.0,35.0,False,-100.0,0,False,True,,,
0xc1916e7e8f34002eadf112f61bb7c023bb5ecd4687b0f216beeffdecc181023d,0x5e4a5b4fcf19ba5e43789b2368e542ea5dc38ecc,0,67509168,2500,25,0x3bf48564e102ddf0ffd19c998e6132eee8be5000,18,USELESS,3587,631.0773855761261,0.702420503084955,8,0.0601424000433775,0.2787844995818233,0.04537371711805976,1480,3587,631.0773855761261,True,train,True,12,25.0,15.0,True,-100.0,0,False,True,,,
0xc1916e7e8f34002eadf112f61bb7c023bb5ecd4687b0f216beeffdecc181023d,0x5e4a5b4fcf19ba5e43789b2368e542ea5dc38ecc,0,67509168,2500,25,0x3bf48564e102ddf0ffd19c998e6132eee8be5000,18,USELESS,3587,631.0773855761261,0.702420503084955,8,0.0601424000433775,0.2787844995818233,0.04537371711805976,1480,3587,631.0773855761261,True,train,True,12,25.0,15.0,False,-100.0,0,False,True,,,
0xc1916e7e8f34002eadf112f61bb7c023bb5ecd4687b0f216beeffdecc181023d,0x5e4a5b4fcf19ba5e43789b2368e542ea5dc38ecc,0,67509168,2500,25,0x3bf48564e102ddf0ffd19c998e6132eee8be5000,18,USELESS,3587,631.0773855761261,0.702420503084955,8,0.0601424000433775,0.2787844995818233,0.04537371711805976,1480,3587,631.0773855761261,True,train,True,12,25.0,25.0,True,-100.0,0,False,True,,,
0xc1916e7e8f34002eadf112f61bb7c023bb5ecd4687b0f216beeffdecc181023d,0x5e4a5b4fcf19ba5e43789b2368e542ea5dc38ecc,0,67509168,2500,25,0x3bf48564e102ddf0ffd19c998e6132eee8be5000,18,USELESS,3587,631.0773855761261,0.702420503084955,8,0.0601424000433775,0.2787844995818233,0.04537371711805976,1480,3587,631.0773855761261,True,train,True,12,25.0,25.0,False,-100.0,0,False,True,,,
0xc1916e7e8f34002eadf112f61bb7c023bb5ecd4687b0f216beeffdecc181023d,0x5e4a5b4fcf19ba5e43789b2368e542ea5dc38ecc,0,67509168,2500,25,0x3bf48564e102ddf0ffd19c998e6132eee8be5000,18,USELESS,3587,631.0773855761261,0.702420503084955,8,0.0601424000433775,0.2787844995818233,0.04537371711805976,1480,3587,631.0773855761261,True,train,True,12,25.0,35.0,True,-100.0,0,False,True,,,
0xc1916e7e8f34002eadf112f61bb7c023bb5ecd4687b0f216beeffdecc181023d,0x5e4a5b4fcf19ba5e43789b2368e542ea5dc38ecc,0,67509168,2500,25,0x3bf48564e102ddf0ffd19c998e6132eee8be5000,18,USELESS,3587,631.0773855761261,0.702420503084955,8,0.0601424000433775,0.2787844995818233,0.04537371711805976,1480,3587,631.0773855761261,True,train,True,12,25.0,35.0,False,-100.0,0,False,True,,,
0xc1916e7e8f34002eadf112f61bb7c023bb5ecd4687b0f216beeffdecc181023d,0x5e4a5b4fcf19ba5e43789b2368e542ea5dc38ecc,0,67509168,2500,25,0x3bf48564e102ddf0ffd19c998e6132eee8be5000,18,USELESS,3587,631.0773855761261,0.702420503084955,8,0.0601424000433775,0.2787844995818233,0.04537371711805976,1480,3587,631.0773855761261,True,train,True,12,40.0,15.0,True,-100.0,0,False,True,,,
0xc1916e7e8f34002eadf112f61bb7c023bb5ecd4687b0f216beeffdecc181023d,0x5e4a5b4fcf19ba5e43789b2368e542ea5dc38ecc,0,67509168,2500,25,0x3bf48564e102ddf0ffd19c998e6132eee8be5000,18,USELESS,3587,631.0773855761261,0.702420503084955,8,0.0601424000433775,0.2787844995818233,0.04537371711805976,1480,3587,631.0773855761261,True,train,True,12,40.0,15.0,False,-100.0,0,False,True,,,
0xc1916e7e8f34002eadf112f61bb7c023bb5ecd4687b0f216beeffdecc181023d,0x5e4a5b4fcf19ba5e43789b2368e542ea5dc38ecc,0,67509168,2500,25,0x3bf48564e102ddf0ffd19c998e6132eee8be5000,18,USELESS,3587,631.0773855761261,0.702420503084955,8,0.0601424000433775,0.2787844995818233,0.04537371711805976,1480,3587,631.0773855761261,True,train,True,12,40.0,25.0,True,-100.0,0,False,True,,,
0xc1916e7e8f34002eadf112f61bb7c023bb5ecd4687b0f216beeffdecc181023d,0x5e4a5b4fcf19ba5e43789b2368e542ea5dc38ecc,0,67509168,2500,25,0x3bf48564e102ddf0ffd19c998e6132eee8be5000,18,USELESS,3587,631.0773855761261,0.702420503084955,8,0.0601424000433775,0.2787844995818233,0.04537371711805976,1480,3587,631.0773855761261,True,train,True,12,40.0,25.0,False,-100.0,0,False,True,,,
0xc1916e7e8f34002eadf112f61bb7c023bb5ecd4687b0f216beeffdecc181023d,0x5e4a5b4fcf19ba5e43789b2368e542ea5dc38ecc,0,67509168,2500,25,0x3bf48564e102ddf0ffd19c998e6132eee8be5000,18,USELESS,3587,631.0773855761261,0.702420503084955,8,0.0601424000433775,0.2787844995818233,0.04537371711805976,1480,3587,631.0773855761261,True,train,True,12,40.0,35.0,True,-100.0,0,False,True,,,
0xc1916e7e8f34002eadf112f61bb7c023bb5ecd4687b0f216beeffdecc181023d,0x5e4a5b4fcf19ba5e43789b2368e542ea5dc38ecc,0,67509168,2500,25,0x3bf48564e102ddf0ffd19c998e6132eee8be5000,18,USELESS,3587,631.0773855761261,0.702420503084955,8,0.0601424000433775,0.2787844995818233,0.04537371711805976,1480,3587,631.0773855761261,True,train,True,12,40.0,35.0,False,-100.0,0,False,True,,,
0xc1916e7e8f34002eadf112f61bb7c023bb5ecd4687b0f216beeffdecc181023d,0x5e4a5b4fcf19ba5e43789b2368e542ea5dc38ecc,0,67509168,2500,25,0x3bf48564e102ddf0ffd19c998e6132eee8be5000,18,USELESS,3587,631.0773855761261,0.702420503084955,8,0.0601424000433775,0.2787844995818233,0.04537371711805976,1480,3587,631.0773855761261,True,train,True,12,60.0,15.0,True,-100.0,0,False,True,,,
0xc1916e7e8f34002eadf112f61bb7c023bb5ecd4687b0f216beeffdecc181023d,0x5e4a5b4fcf19ba5e43789b2368e542ea5dc38ecc,0,67509168,2500,25,0x3bf48564e102ddf0ffd19c998e6132eee8be5000,18,USELESS,3587,631.0773855761261,0.702420503084955,8,0.0601424000433775,0.2787844995818233,0.04537371711805976,1480,3587,631.0773855761261,True,train,True,12,60.0,15.0,False,-100.0,0,False,True,,,
0xc1916e7e8f34002eadf112f61bb7c023bb5ecd4687b0f216beeffdecc181023d,0x5e4a5b4fcf19ba5e43789b2368e542ea5dc38ecc,0,67509168,2500,25,0x3bf48564e102ddf0ffd19c998e6132eee8be5000,18,USELESS,3587,631.0773855761261,0.702420503084955,8,0.0601424000433775,0.2787844995818233,0.04537371711805976,1480,3587,631.0773855761261,True,train,True,12,60.0,25.0,True,-100.0,0,False,True,,,
0xc1916e7e8f34002eadf112f61bb7c023bb5ecd4687b0f216beeffdecc181023d,0x5e4a5b4fcf19ba5e43789b2368e542ea5dc38ecc,0,67509168,2500,25,0x3bf48564e102ddf0ffd19c998e6132eee8be5000,18,USELESS,3587,631.0773855761261,0.702420503084955,8,0.0601424000433775,0.2787844995818233,0.04537371711805976,1480,3587,631.0773855761261,True,train,True,12,60.0,25.0,False,-100.0,0,False,True,,,
0xc1916e7e8f34002eadf112f61bb7c023bb5ecd4687b0f216beeffdecc181023d,0x5e4a5b4fcf19ba5e43789b2368e542ea5dc38ecc,0,67509168,2500,25,0x3bf48564e102ddf0ffd19c998e6132eee8be5000,18,USELESS,3587,631.0773855761261,0.702420503084955,8,0.0601424000433775,0.2787844995818233,0.04537371711805976,1480,3587,631.0773855761261,True,train,True,12,60.0,35.0,True,-100.0,0,False,True,,,
0xc1916e7e8f34002eadf112f61bb7c023bb5ecd4687b0f216beeffdecc181023d,0x5e4a5b4fcf19ba5e43789b2368e542ea5dc38ecc,0,67509168,2500,25,0x3bf48564e102ddf0ffd19c998e6132eee8be5000,18,USELESS,3587,631.0773855761261,0.702420503084955,8,0.0601424000433775,0.2787844995818233,0.04537371711805976,1480,3587,631.0773855761261,True,train,True,12,60.0,35.0,False,-100.0,0,False,True,,,
0xe785180799b7651c6a9a3a5ea636cfec27dc58d8244582e56cc14c0a04ed36a4,0xb911f04a24a9f6234537829290335e623ee71e18,0,67511925,56900,569,0x0000000000000000000000000000000000000000,18,URANUS,91,0.9695529752904918,0.75,8,0.40295134166835833,0.01098901098901099,0.007457724846406467,39,91,0.9695529752904918,True,train,True,2,25.0,15.0,True,-10.389082032853224,1,False,True,False,1.0,0.19596232742611028
0xe785180799b7651c6a9a3a5ea636cfec27dc58d8244582e56cc14c0a04ed36a4,0xb911f04a24a9f6234537829290335e623ee71e18,0,67511925,56900,569,0x0000000000000000000000000000000000000000,18,URANUS,91,0.9695529752904918,0.75,8,0.40295134166835833,0.01098901098901099,0.007457724846406467,39,91,0.9695529752904918,True,train,True,2,25.0,15.0,False,-10.389082032853224,1,False,True,False,1.0,0.19596232742611028
0xe785180799b7651c6a9a3a5ea636cfec27dc58d8244582e56cc14c0a04ed36a4,0xb911f04a24a9f6234537829290335e623ee71e18,0,67511925,56900,569,0x0000000000000000000000000000000000000000,18,URANUS,91,0.9695529752904918,0.75,8,0.40295134166835833,0.01098901098901099,0.007457724846406467,39,91,0.9695529752904918,True,train,True,2,25.0,25.0,True,-12.964405058523043,1,False,True,False,1.0808626503517655,0.19596232742611028
0xe785180799b7651c6a9a3a5ea636cfec27dc58d8244582e56cc14c0a04ed36a4,0xb911f04a24a9f6234537829290335e623ee71e18,0,67511925,56900,569,0x0000000000000000000000000000000000000000,18,URANUS,91,0.9695529752904918,0.75,8,0.40295134166835833,0.01098901098901099,0.007457724846406467,39,91,0.9695529752904918,True,train,True,2,25.0,25.0,False,-12.964405058523043,1,False,True,False,1.0808626503517655,0.19596232742611028
0xe785180799b7651c6a9a3a5ea636cfec27dc58d8244582e56cc14c0a04ed36a4,0xb911f04a24a9f6234537829290335e623ee71e18,0,67511925,56900,569,0x0000000000000000000000000000000000000000,18,URANUS,91,0.9695529752904918,0.75,8,0.40295134166835833,0.01098901098901099,0.007457724846406467,39,91,0.9695529752904918,True,train,True,2,25.0,35.0,True,-39.4654524206502,1,False,True,False,1.0808626503517655,0.19596232742611028
0xe785180799b7651c6a9a3a5ea636cfec27dc58d8244582e56cc14c0a04ed36a4,0xb911f04a24a9f6234537829290335e623ee71e18,0,67511925,56900,569,0x0000000000000000000000000000000000000000,18,URANUS,91,0.9695529752904918,0.75,8,0.40295134166835833,0.01098901098901099,0.007457724846406467,39,91,0.9695529752904918,True,train,True,2,25.0,35.0,False,-39.4654524206502,1,False,True,False,1.0808626503517655,0.19596232742611028
0xe785180799b7651c6a9a3a5ea636cfec27dc58d8244582e56cc14c0a04ed36a4,0xb911f04a24a9f6234537829290335e623ee71e18,0,67511925,56900,569,0x0000000000000000000000000000000000000000,18,URANUS,91,0.9695529752904918,0.75,8,0.40295134166835833,0.01098901098901099,0.007457724846406467,39,91,0.9695529752904918,True,train,True,2,40.0,15.0,True,-9.854430022950078,1,False,True,False,1.0,0.19596232742611028
0xe785180799b7651c6a9a3a5ea636cfec27dc58d8244582e56cc14c0a04ed36a4,0xb911f04a24a9f6234537829290335e623ee71e18,0,67511925,56900,569,0x0000000000000000000000000000000000000000,18,URANUS,91,0.9695529752904918,0.75,8,0.40295134166835833,0.01098901098901099,0.007457724846406467,39,91,0.9695529752904918,True,train,True,2,40.0,15.0,False,-9.854430022950078,1,False,True,False,1.0,0.19596232742611028
0xe785180799b7651c6a9a3a5ea636cfec27dc58d8244582e56cc14c0a04ed36a4,0xb911f04a24a9f6234537829290335e623ee71e18,0,67511925,56900,569,0x0000000000000000000000000000000000000000,18,URANUS,91,0.9695529752904918,0.75,8,0.40295134166835833,0.01098901098901099,0.007457724846406467,39,91,0.9695529752904918,True,train,True,2,40.0,25.0,True,-13.160042956504114,1,False,True,False,1.0808626503517655,0.19596232742611028
0xe785180799b7651c6a9a3a5ea636cfec27dc58d8244582e56cc14c0a04ed36a4,0xb911f04a24a9f6234537829290335e623ee71e18,0,67511925,56900,569,0x0000000000000000000000000000000000000000,18,URANUS,91,0.9695529752904918,0.75,8,0.40295134166835833,0.01098901098901099,0.007457724846406467,39,91,0.9695529752904918,True,train,True,2,40.0,25.0,False,-13.160042956504114,1,False,True,False,1.0808626503517655,0.19596232742611028
0xe785180799b7651c6a9a3a5ea636cfec27dc58d8244582e56cc14c0a04ed36a4,0xb911f04a24a9f6234537829290335e623ee71e18,0,67511925,56900,569,0x0000000000000000000000000000000000000000,18,URANUS,91,0.9695529752904918,0.75,8,0.40295134166835833,0.01098901098901099,0.007457724846406467,39,91,0.9695529752904918,True,train,True,2,40.0,35.0,True,-40.155930268293524,1,False,True,False,1.0808626503517655,0.19596232742611028
0xe785180799b7651c6a9a3a5ea636cfec27dc58d8244582e56cc14c0a04ed36a4,0xb911f04a24a9f6234537829290335e623ee71e18,0,67511925,56900,569,0x0000000000000000000000000000000000000000,18,URANUS,91,0.9695529752904918,0.75,8,0.40295134166835833,0.01098901098901099,0.007457724846406467,39,91,0.9695529752904918,True,train,True,2,40.0,35.0,False,-40.155930268293524,1,False,True,False,1.0808626503517655,0.19596232742611028
0xe785180799b7651c6a9a3a5ea636cfec27dc58d8244582e56cc14c0a04ed36a4,0xb911f04a24a9f6234537829290335e623ee71e18,0,67511925,56900,569,0x0000000000000000000000000000000000000000,18,URANUS,91,0.9695529752904918,0.75,8,0.40295134166835833,0.01098901098901099,0.007457724846406467,39,91,0.9695529752904918,True,train,True,2,60.0,15.0,True,-9.555859608654949,1,False,True,False,1.0,0.19596232742611028
0xe785180799b7651c6a9a3a5ea636cfec27dc58d8244582e56cc14c0a04ed36a4,0xb911f04a24a9f6234537829290335e623ee71e18,0,67511925,56900,569,0x0000000000000000000000000000000000000000,18,URANUS,91,0.9695529752904918,0.75,8,0.40295134166835833,0.01098901098901099,0.007457724846406467,39,91,0.9695529752904918,True,train,True,2,60.0,15.0,False,-9.555859608654949,1,False,True,False,1.0,0.19596232742611028
0xe785180799b7651c6a9a3a5ea636cfec27dc58d8244582e56cc14c0a04ed36a4,0xb911f04a24a9f6234537829290335e623ee71e18,0,67511925,56900,569,0x0000000000000000000000000000000000000000,18,URANUS,91,0.9695529752904918,0.75,8,0.40295134166835833,0.01098901098901099,0.007457724846406467,39,91,0.9695529752904918,True,train,True,2,60.0,25.0,True,-13.276825456621367,1,False,True,False,1.0808626503517655,0.19596232742611028
0xe785180799b7651c6a9a3a5ea636cfec27dc58d8244582e56cc14c0a04ed36a4,0xb911f04a24a9f6234537829290335e623ee71e18,0,67511925,56900,569,0x0000000000000000000000000000000000000000,18,URANUS,91,0.9695529752904918,0.75,8,0.40295134166835833,0.01098901098901099,0.007457724846406467,39,91,0.9695529752904918,True,train,True,2,60.0,25.0,False,-13.276825456621367,1,False,True,False,1.0808626503517655,0.19596232742611028
0xe785180799b7651c6a9a3a5ea636cfec27dc58d8244582e56cc14c0a04ed36a4,0xb911f04a24a9f6234537829290335e623ee71e18,0,67511925,56900,569,0x0000000000000000000000000000000000000000,18,URANUS,91,0.9695529752904918,0.75,8,0.40295134166835833,0.01098901098901099,0.007457724846406467,39,91,0.9695529752904918,True,train,True,2,60.0,35.0,True,-39.59304707709214,1,False,True,False,1.0808626503517655,0.19596232742611028
0xe785180799b7651c6a9a3a5ea636cfec27dc58d8244582e56cc14c0a04ed36a4,0xb911f04a24a9f6234537829290335e623ee71e18,0,67511925,56900,569,0x0000000000000000000000000000000000000000,18,URANUS,91,0.9695529752904918,0.75,8,0.40295134166835833,0.01098901098901099,0.007457724846406467,39,91,0.9695529752904918,True,train,True,2,60.0,35.0,False,-39.59304707709214,1,False,True,False,1.0808626503517655,0.19596232742611028
0xe785180799b7651c6a9a3a5ea636cfec27dc58d8244582e56cc14c0a04ed36a4,0xb911f04a24a9f6234537829290335e623ee71e18,0,67511925,56900,569,0x0000000000000000000000000000000000000000,18,URANUS,91,0.9695529752904918,0.75,8,0.40295134166835833,0.01098901098901099,0.007457724846406467,39,91,0.9695529752904918,True,train,True,4,25.0,15.0,True,-10.185940486017564,1,False,True,False,1.0055545264508423,0.18230883016730876
0xe785180799b7651c6a9a3a5ea636cfec27dc58d8244582e56cc14c0a04ed36a4,0xb911f04a24a9f6234537829290335e623ee71e18,0,67511925,56900,569,0x0000000000000000000000000000000000000000,18,URANUS,91,0.9695529752904918,0.75,8,0.40295134166835833,0.01098901098901099,0.007457724846406467,39,91,0.9695529752904918,True,train,True,4,25.0,15.0,False,-10.185940486017564,1,False,True,False,1.0055545264508423,0.18230883016730876
0xe785180799b7651c6a9a3a5ea636cfec27dc58d8244582e56cc14c0a04ed36a4,0xb911f04a24a9f6234537829290335e623ee71e18,0,67511925,56900,569,0x0000000000000000000000000000000000000000,18,URANUS,91,0.9695529752904918,0.75,8,0.40295134166835833,0.01098901098901099,0.007457724846406467,39,91,0.9695529752904918,True,train,True,4,25.0,25.0,True,-18.188468570417328,1,False,True,False,1.0055545264508423,0.18230883016730876
0xe785180799b7651c6a9a3a5ea636cfec27dc58d8244582e56cc14c0a04ed36a4,0xb911f04a24a9f6234537829290335e623ee71e18,0,67511925,56900,569,0x0000000000000000000000000000000000000000,18,URANUS,91,0.9695529752904918,0.75,8,0.40295134166835833,0.01098901098901099,0.007457724846406467,39,91,0.9695529752904918,True,train,True,4,25.0,25.0,False,-18.188468570417328,1,False,True,False,1.0055545264508423,0.18230883016730876
0xe785180799b7651c6a9a3a5ea636cfec27dc58d8244582e56cc14c0a04ed36a4,0xb911f04a24a9f6234537829290335e623ee71e18,0,67511925,56900,569,0x0000000000000000000000000000000000000000,18,URANUS,91,0.9695529752904918,0.75,8,0.40295134166835833,0.01098901098901099,0.007457724846406467,39,91,0.9695529752904918,True,train,True,4,25.0,35.0,True,-28.14305921789887,1,False,True,False,1.0055545264508423,0.18230883016730876
0xe785180799b7651c6a9a3a5ea636cfec27dc58d8244582e56cc14c0a04ed36a4,0xb911f04a24a9f6234537829290335e623ee71e18,0,67511925,56900,569,0x0000000000000000000000000000000000000000,18,URANUS,91,0.9695529752904918,0.75,8,0.40295134166835833,0.01098901098901099,0.007457724846406467,39,91,0.9695529752904918,True,train,True,4,25.0,35.0,False,-28.14305921789887,1,False,True,False,1.0055545264508423,0.18230883016730876
0xe785180799b7651c6a9a3a5ea636cfec27dc58d8244582e56cc14c0a04ed36a4,0xb911f04a24a9f6234537829290335e623ee71e18,0,67511925,56900,569,0x0000000000000000000000000000000000000000,18,URANUS,91,0.9695529752904918,0.75,8,0.40295134166835833,0.01098901098901099,0.007457724846406467,39,91,0.9695529752904918,True,train,True,4,40.0,15.0,True,-9.652673621210129,1,False,True,False,1.0055545264508423,0.18230883016730876
0xe785180799b7651c6a9a3a5ea636cfec27dc58d8244582e56cc14c0a04ed36a4,0xb911f04a24a9f6234537829290335e623ee71e18,0,67511925,56900,569,0x0000000000000000000000000000000000000000,18,URANUS,91,0.9695529752904918,0.75,8,0.40295134166835833,0.01098901098901099,0.007457724846406467,39,91,0.9695529752904918,True,train,True,4,40.0,15.0,False,-9.652673621210129,1,False,True,False,1.0055545264508423,0.18230883016730876
0xe785180799b7651c6a9a3a5ea636cfec27dc58d8244582e56cc14c0a04ed36a4,0xb911f04a24a9f6234537829290335e623ee71e18,0,67511925,56900,569,0x0000000000000000000000000000000000000000,18,URANUS,91,0.9695529752904918,0.75,8,0.40295134166835833,0.01098901098901099,0.007457724846406467,39,91,0.9695529752904918,True,train,True,4,40.0,25.0,True,-16.634838000208617,1,False,True,False,1.0055545264508423,0.18230883016730876
0xe785180799b7651c6a9a3a5ea636cfec27dc58d8244582e56cc14c0a04ed36a4,0xb911f04a24a9f6234537829290335e623ee71e18,0,67511925,56900,569,0x0000000000000000000000000000000000000000,18,URANUS,91,0.9695529752904918,0.75,8,0.40295134166835833,0.01098901098901099,0.007457724846406467,39,91,0.9695529752904918,True,train,True,4,40.0,25.0,False,-16.634838000208617,1,False,True,False,1.0055545264508423,0.18230883016730876
0xe785180799b7651c6a9a3a5ea636cfec27dc58d8244582e56cc14c0a04ed36a4,0xb911f04a24a9f6234537829290335e623ee71e18,0,67511925,56900,569,0x0000000000000000000000000000000000000000,18,URANUS,91,0.9695529752904918,0.75,8,0.40295134166835833,0.01098901098901099,0.007457724846406467,39,91,0.9695529752904918,True,train,True,4,40.0,35.0,True,-26.806028386154434,1,False,True,False,1.0055545264508423,0.18230883016730876
0xe785180799b7651c6a9a3a5ea636cfec27dc58d8244582e56cc14c0a04ed36a4,0xb911f04a24a9f6234537829290335e623ee71e18,0,67511925,56900,569,0x0000000000000000000000000000000000000000,18,URANUS,91,0.9695529752904918,0.75,8,0.40295134166835833,0.01098901098901099,0.007457724846406467,39,91,0.9695529752904918,True,train,True,4,40.0,35.0,False,-26.806028386154434,1,False,True,False,1.0055545264508423,0.18230883016730876
0xe785180799b7651c6a9a3a5ea636cfec27dc58d8244582e56cc14c0a04ed36a4,0xb911f04a24a9f6234537829290335e623ee71e18,0,67511925,56900,569,0x0000000000000000000000000000000000000000,18,URANUS,91,0.9695529752904918,0.75,8,0.40295134166835833,0.01098901098901099,0.007457724846406467,39,91,0.9695529752904918,True,train,True,4,60.0,15.0,True,-9.354876725647598,1,False,True,False,1.0055545264508423,0.18230883016730876
0xe785180799b7651c6a9a3a5ea636cfec27dc58d8244582e56cc14c0a04ed36a4,0xb911f04a24a9f6234537829290335e623ee71e18,0,67511925,56900,569,0x0000000000000000000000000000000000000000,18,URANUS,91,0.9695529752904918,0.75,8,0.40295134166835833,0.01098901098901099,0.007457724846406467,39,91,0.9695529752904918,True,train,True,4,60.0,15.0,False,-9.354876725647598,1,False,True,False,1.0055545264508423,0.18230883016730876
0xe785180799b7651c6a9a3a5ea636cfec27dc58d8244582e56cc14c0a04ed36a4,0xb911f04a24a9f6234537829290335e623ee71e18,0,67511925,56900,569,0x0000000000000000000000000000000000000000,18,URANUS,91,0.9695529752904918,0.75,8,0.40295134166835833,0.01098901098901099,0.007457724846406467,39,91,0.9695529752904918,True,train,True,4,60.0,25.0,True,-15.942536013577769,1,False,True,False,1.0055545264508423,0.18230883016730876
0xe785180799b7651c6a9a3a5ea636cfec27dc58d8244582e56cc14c0a04ed36a4,0xb911f04a24a9f6234537829290335e623ee71e18,0,67511925,56900,569,0x0000000000000000000000000000000000000000,18,URANUS,91,0.9695529752904918,0.75,8,0.40295134166835833,0.01098901098901099,0.007457724846406467,39,91,0.9695529752904918,True,train,True,4,60.0,25.0,False,-15.942536013577769,1,False,True,False,1.0055545264508423,0.18230883016730876
0xe785180799b7651c6a9a3a5ea636cfec27dc58d8244582e56cc14c0a04ed36a4,0xb911f04a24a9f6234537829290335e623ee71e18,0,67511925,56900,569,0x0000000000000000000000000000000000000000,18,URANUS,91,0.9695529752904918,0.75,8,0.40295134166835833,0.01098901098901099,0.007457724846406467,39,91,0.9695529752904918,True,train,True,4,60.0,35.0,True,-24.782393143799975,1,False,True,False,1.0055545264508423,0.18230883016730876
0xe785180799b7651c6a9a3a5ea636cfec27dc58d8244582e56cc14c0a04ed36a4,0xb911f04a24a9f6234537829290335e623ee71e18,0,67511925,56900,569,0x0000000000000000000000000000000000000000,18,URANUS,91,0.9695529752904918,0.75,8,0.40295134166835833,0.01098901098901099,0.007457724846406467,39,91,0.9695529752904918,True,train,True,4,60.0,35.0,False,-24.782393143799975,1,False,True,False,1.0055545264508423,0.18230883016730876
0xe785180799b7651c6a9a3a5ea636cfec27dc58d8244582e56cc14c0a04ed36a4,0xb911f04a24a9f6234537829290335e623ee71e18,0,67511925,56900,569,0x0000000000000000000000000000000000000000,18,URANUS,91,0.9695529752904918,0.75,8,0.40295134166835833,0.01098901098901099,0.007457724846406467,39,91,0.9695529752904918,True,train,True,6,25.0,15.0,True,-8.156555276793942,1,False,True,False,1.0877448271989596,0.21334591826960328
0xe785180799b7651c6a9a3a5ea636cfec27dc58d8244582e56cc14c0a04ed36a4,0xb911f04a24a9f6234537829290335e623ee71e18,0,67511925,56900,569,0x0000000000000000000000000000000000000000,18,URANUS,91,0.9695529752904918,0.75,8,0.40295134166835833,0.01098901098901099,0.007457724846406467,39,91,0.9695529752904918,True,train,True,6,25.0,15.0,False,-8.156555276793942,1,False,True,False,1.0877448271989596,0.21334591826960328
0xe785180799b7651c6a9a3a5ea636cfec27dc58d8244582e56cc14c0a04ed36a4,0xb911f04a24a9f6234537829290335e623ee71e18,0,67511925,56900,569,0x0000000000000000000000000000000000000000,18,URANUS,91,0.9695529752904918,0.75,8,0.40295134166835833,0.01098901098901099,0.007457724846406467,39,91,0.9695529752904918,True,train,True,6,25.0,25.0,True,-16.804621013705034,1,False,True,False,1.0877448271989596,0.21334591826960328
0xe785180799b7651c6a9a3a5ea636cfec27dc58d8244582e56cc14c0a04ed36a4,0xb911f04a24a9f6234537829290335e623ee71e18,0,67511925,56900,569,0x0000000000000000000000000000000000000000,18,URANUS,91,0.9695529752904918,0.75,8,0.40295134166835833,0.01098901098901099,0.007457724846406467,39,91,0.9695529752904918,True,train,True,6,25.0,25.0,False,-16.804621013705034,1,False,True,False,1.0877448271989596,0.21334591826960328
0xe785180799b7651c6a9a3a5ea636cfec27dc58d8244582e56cc14c0a04ed36a4,0xb911f04a24a9f6234537829290335e623ee71e18,0,67511925,56900,569,0x0000000000000000000000000000000000000000,18,URANUS,91,0.9695529752904918,0.75,8,0.40295134166835833,0.01098901098901099,0.007457724846406467,39,91,0.9695529752904918,True,train,True,6,25.0,35.0,True,-38.8224289021388,1,False,True,False,1.0877448271989596,0.21334591826960328
0xe785180799b7651c6a9a3a5ea636cfec27dc58d8244582e56cc14c0a04ed36a4,0xb911f04a24a9f6234537829290335e623ee71e18,0,67511925,56900,569,0x0000000000000000000000000000000000000000,18,URANUS,91,0.9695529752904918,0.75,8,0.40295134166835833,0.01098901098901099,0.007457724846406467,39,91,0.9695529752904918,True,train,True,6,25.0,35.0,False,-38.8224289021388,1,False,True,False,1.0877448271989596,0.21334591826960328
0xe785180799b7651c6a9a3a5ea636cfec27dc58d8244582e56cc14c0a04ed36a4,0xb911f04a24a9f6234537829290335e623ee71e18,0,67511925,56900,569,0x0000000000000000000000000000000000000000,18,URANUS,91,0.9695529752904918,0.75,8,0.40295134166835833,0.01098901098901099,0.007457724846406467,39,91,0.9695529752904918,True,train,True,6,40.0,15.0,True,-8.504349855504778,1,False,True,False,1.0877448271989596,0.21334591826960328
0xe785180799b7651c6a9a3a5ea636cfec27dc58d8244582e56cc14c0a04ed36a4,0xb911f04a24a9f6234537829290335e623ee71e18,0,67511925,56900,569,0x0000000000000000000000000000000000000000,18,URANUS,91,0.9695529752904918,0.75,8,0.40295134166835833,0.01098901098901099,0.007457724846406467,39,91,0.9695529752904918,True,train,True,6,40.0,15.0,False,-8.504349855504778,1,False,True,False,1.0877448271989596,0.21334591826960328
0xe785180799b7651c6a9a3a5ea636cfec27dc58d8244582e56cc14c0a04ed36a4,0xb911f04a24a9f6234537829290335e623ee71e18,0,67511925,56900,569,0x0000000000000000000000000000000000000000,18,URANUS,91,0.9695529752904918,0.75,8,0.40295134166835833,0.01098901098901099,0.007457724846406467,39,91,0.9695529752904918,True,train,True,6,40.0,25.0,True,-15.745537011752376,1,False,True,False,1.0877448271989596,0.21334591826960328
0xe785180799b7651c6a9a3a5ea636cfec27dc58d8244582e56cc14c0a04ed36a4,0xb911f04a24a9f6234537829290335e623ee71e18,0,67511925,56900,569,0x0000000000000000000000000000000000000000,18,URANUS,91,0.9695529752904918,0.75,8,0.40295134166835833,0.01098901098901099,0.007457724846406467,39,91,0.9695529752904918,True,train,True,6,40.0,25.0,False,-15.745537011752376,1,False,True,False,1.0877448271989596,0.21334591826960328
0xe785180799b7651c6a9a3a5ea636cfec27dc58d8244582e56cc14c0a04ed36a4,0xb911f04a24a9f6234537829290335e623ee71e18,0,67511925,56900,569,0x0000000000000000000000000000000000000000,18,URANUS,91,0.9695529752904918,0.75,8,0.40295134166835833,0.01098901098901099,0.007457724846406467,39,91,0.9695529752904918,True,train,True,6,40.0,35.0,True,-38.105533780224334,1,False,True,False,1.0877448271989596,0.21334591826960328
0xe785180799b7651c6a9a3a5ea636cfec27dc58d8244582e56cc14c0a04ed36a4,0xb911f04a24a9f6234537829290335e623ee71e18,0,67511925,56900,569,0x0000000000000000000000000000000000000000,18,URANUS,91,0.9695529752904918,0.75,8,0.40295134166835833,0.01098901098901099,0.007457724846406467,39,91,0.9695529752904918,True,train,True,6,40.0,35.0,False,-38.105533780224334,1,False,True,False,1.0877448271989596,0.21334591826960328
0xe785180799b7651c6a9a3a5ea636cfec27dc58d8244582e56cc14c0a04ed36a4,0xb911f04a24a9f6234537829290335e623ee71e18,0,67511925,56900,569,0x0000000000000000000000000000000000000000,18,URANUS,91,0.9695529752904918,0.75,8,0.40295134166835833,0.01098901098901099,0.007457724846406467,39,91,0.9695529752904918,True,train,True,6,60.0,15.0,True,-8.698571834533897,1,False,True,False,1.0877448271989596,0.21334591826960328
0xe785180799b7651c6a9a3a5ea636cfec27dc58d8244582e56cc14c0a04ed36a4,0xb911f04a24a9f6234537829290335e623ee71e18,0,67511925,56900,569,0x0000000000000000000000000000000000000000,18,URANUS,91,0.9695529752904918,0.75,8,0.40295134166835833,0.01098901098901099,0.007457724846406467,39,91,0.9695529752904918,True,train,True,6,60.0,15.0,False,-8.698571834533897,1,False,True,False,1.0877448271989596,0.21334591826960328
0xe785180799b7651c6a9a3a5ea636cfec27dc58d8244582e56cc14c0a04ed36a4,0xb911f04a24a9f6234537829290335e623ee71e18,0,67511925,56900,569,0x0000000000000000000000000000000000000000,18,URANUS,91,0.9695529752904918,0.75,8,0.40295134166835833,0.01098901098901099,0.007457724846406467,39,91,0.9695529752904918,True,train,True,6,60.0,25.0,True,-15.164899903764418,1,False,True,False,1.0877448271989596,0.21334591826960328
0xe785180799b7651c6a9a3a5ea636cfec27dc58d8244582e56cc14c0a04ed36a4,0xb911f04a24a9f6234537829290335e623ee71e18,0,67511925,56900,569,0x0000000000000000000000000000000000000000,18,URANUS,91,0.9695529752904918,0.75,8,0.40295134166835833,0.01098901098901099,0.007457724846406467,39,91,0.9695529752904918,True,train,True,6,60.0,25.0,False,-15.164899903764418,1,False,True,False,1.0877448271989596,0.21334591826960328
0xe785180799b7651c6a9a3a5ea636cfec27dc58d8244582e56cc14c0a04ed36a4,0xb911f04a24a9f6234537829290335e623ee71e18,0,67511925,56900,569,0x0000000000000000000000000000000000000000,18,URANUS,91,0.9695529752904918,0.75,8,0.40295134166835833,0.01098901098901099,0.007457724846406467,39,91,0.9695529752904918,True,train,True,6,60.0,35.0,True,-36.872143100824786,1,False,True,False,1.0877448271989596,0.21334591826960328
0xe785180799b7651c6a9a3a5ea636cfec27dc58d8244582e56cc14c0a04ed36a4,0xb911f04a24a9f6234537829290335e623ee71e18,0,67511925,56900,569,0x0000000000000000000000000000000000000000,18,URANUS,91,0.9695529752904918,0.75,8,0.40295134166835833,0.01098901098901099,0.007457724846406467,39,91,0.9695529752904918,True,train,True,6,60.0,35.0,False,-36.872143100824786,1,False,True,False,1.0877448271989596,0.21334591826960328
0xe785180799b7651c6a9a3a5ea636cfec27dc58d8244582e56cc14c0a04ed36a4,0xb911f04a24a9f6234537829290335e623ee71e18,0,67511925,56900,569,0x0000000000000000000000000000000000000000,18,URANUS,91,0.9695529752904918,0.75,8,0.40295134166835833,0.01098901098901099,0.007457724846406467,39,91,0.9695529752904918,True,train,True,12,25.0,15.0,True,-9.896507381703302,1,False,True,False,1.033713468137913,0.23962333664027344
0xe785180799b7651c6a9a3a5ea636cfec27dc58d8244582e56cc14c0a04ed36a4,0xb911f04a24a9f6234537829290335e623ee71e18,0,67511925,56900,569,0x0000000000000000000000000000000000000000,18,URANUS,91,0.9695529752904918,0.75,8,0.40295134166835833,0.01098901098901099,0.007457724846406467,39,91,0.9695529752904918,True,train,True,12,25.0,15.0,False,-9.896507381703302,1,False,True,False,1.033713468137913,0.23962333664027344
0xe785180799b7651c6a9a3a5ea636cfec27dc58d8244582e56cc14c0a04ed36a4,0xb911f04a24a9f6234537829290335e623ee71e18,0,67511925,56900,569,0x0000000000000000000000000000000000000000,18,URANUS,91,0.9695529752904918,0.75,8,0.40295134166835833,0.01098901098901099,0.007457724846406467,39,91,0.9695529752904918,True,train,True,12,25.0,25.0,True,-34.719491814760886,1,False,True,False,1.033713468137913,0.23962333664027344
0xe785180799b7651c6a9a3a5ea636cfec27dc58d8244582e56cc14c0a04ed36a4,0xb911f04a24a9f6234537829290335e623ee71e18,0,67511925,56900,569,0x0000000000000000000000000000000000000000,18,URANUS,91,0.9695529752904918,0.75,8,0.40295134166835833,0.01098901098901099,0.007457724846406467,39,91,0.9695529752904918,True,train,True,12,25.0,25.0,False,-34.719491814760886,1,False,True,False,1.033713468137913,0.23962333664027344
0xe785180799b7651c6a9a3a5ea636cfec27dc58d8244582e56cc14c0a04ed36a4,0xb911f04a24a9f6234537829290335e623ee71e18,0,67511925,56900,569,0x0000000000000000000000000000000000000000,18,URANUS,91,0.9695529752904918,0.75,8,0.40295134166835833,0.01098901098901099,0.007457724846406467,39,91,0.9695529752904918,True,train,True,12,25.0,35.0,True,-34.719491814760886,1,False,True,False,1.033713468137913,0.23962333664027344
0xe785180799b7651c6a9a3a5ea636cfec27dc58d8244582e56cc14c0a04ed36a4,0xb911f04a24a9f6234537829290335e623ee71e18,0,67511925,56900,569,0x0000000000000000000000000000000000000000,18,URANUS,91,0.9695529752904918,0.75,8,0.40295134166835833,0.01098901098901099,0.007457724846406467,39,91,0.9695529752904918,True,train,True,12,25.0,35.0,False,-34.719491814760886,1,False,True,False,1.033713468137913,0.23962333664027344
0xe785180799b7651c6a9a3a5ea636cfec27dc58d8244582e56cc14c0a04ed36a4,0xb911f04a24a9f6234537829290335e623ee71e18,0,67511925,56900,569,0x0000000000000000000000000000000000000000,18,URANUS,91,0.9695529752904918,0.75,8,0.40295134166835833,0.01098901098901099,0.007457724846406467,39,91,0.9695529752904918,True,train,True,12,40.0,15.0,True,-9.45762646343411,1,False,True,False,1.033713468137913,0.23962333664027344
0xe785180799b7651c6a9a3a5ea636cfec27dc58d8244582e56cc14c0a04ed36a4,0xb911f04a24a9f6234537829290335e623ee71e18,0,67511925,56900,569,0x0000000000000000000000000000000000000000,18,URANUS,91,0.9695529752904918,0.75,8,0.40295134166835833,0.01098901098901099,0.007457724846406467,39,91,0.9695529752904918,True,train,True,12,40.0,15.0,False,-9.45762646343411,1,False,True,False,1.033713468137913,0.23962333664027344
0xe785180799b7651c6a9a3a5ea636cfec27dc58d8244582e56cc14c0a04ed36a4,0xb911f04a24a9f6234537829290335e623ee71e18,0,67511925,56900,569,0x0000000000000000000000000000000000000000,18,URANUS,91,0.9695529752904918,0.75,8,0.40295134166835833,0.01098901098901099,0.007457724846406467,39,91,0.9695529752904918,True,train,True,12,40.0,25.0,True,-33.32303210872798,1,False,True,False,1.033713468137913,0.23962333664027344
0xe785180799b7651c6a9a3a5ea636cfec27dc58d8244582e56cc14c0a04ed36a4,0xb911f04a24a9f6234537829290335e623ee71e18,0,67511925,56900,569,0x0000000000000000000000000000000000000000,18,URANUS,91,0.9695529752904918,0.75,8,0.40295134166835833,0.01098901098901099,0.007457724846406467,39,91,0.9695529752904918,True,train,True,12,40.0,25.0,False,-33.32303210872798,1,False,True,False,1.033713468137913,0.23962333664027344
0xe785180799b7651c6a9a3a5ea636cfec27dc58d8244582e56cc14c0a04ed36a4,0xb911f04a24a9f6234537829290335e623ee71e18,0,67511925,56900,569,0x0000000000000000000000000000000000000000,18,URANUS,91,0.9695529752904918,0.75,8,0.40295134166835833,0.01098901098901099,0.007457724846406467,39,91,0.9695529752904918,True,train,True,12,40.0,35.0,True,-33.32303210872798,1,False,True,False,1.033713468137913,0.23962333664027344
0xe785180799b7651c6a9a3a5ea636cfec27dc58d8244582e56cc14c0a04ed36a4,0xb911f04a24a9f6234537829290335e623ee71e18,0,67511925,56900,569,0x0000000000000000000000000000000000000000,18,URANUS,91,0.9695529752904918,0.75,8,0.40295134166835833,0.01098901098901099,0.007457724846406467,39,91,0.9695529752904918,True,train,True,12,40.0,35.0,False,-33.32303210872798,1,False,True,False,1.033713468137913,0.23962333664027344
0xe785180799b7651c6a9a3a5ea636cfec27dc58d8244582e56cc14c0a04ed36a4,0xb911f04a24a9f6234537829290335e623ee71e18,0,67511925,56900,569,0x0000000000000000000000000000000000000000,18,URANUS,91,0.9695529752904918,0.75,8,0.40295134166835833,0.01098901098901099,0.007457724846406467,39,91,0.9695529752904918,True,train,True,12,60.0,15.0,True,-9.21253834038076,1,False,True,False,1.033713468137913,0.23962333664027344
0xe785180799b7651c6a9a3a5ea636cfec27dc58d8244582e56cc14c0a04ed36a4,0xb911f04a24a9f6234537829290335e623ee71e18,0,67511925,56900,569,0x0000000000000000000000000000000000000000,18,URANUS,91,0.9695529752904918,0.75,8,0.40295134166835833,0.01098901098901099,0.007457724846406467,39,91,0.9695529752904918,True,train,True,12,60.0,15.0,False,-9.21253834038076,1,False,True,False,1.033713468137913,0.23962333664027344
0xe785180799b7651c6a9a3a5ea636cfec27dc58d8244582e56cc14c0a04ed36a4,0xb911f04a24a9f6234537829290335e623ee71e18,0,67511925,56900,569,0x0000000000000000000000000000000000000000,18,URANUS,91,0.9695529752904918,0.75,8,0.40295134166835833,0.01098901098901099,0.007457724846406467,39,91,0.9695529752904918,True,train,True,12,60.0,25.0,True,-31.165182235583533,1,False,True,False,1.033713468137913,0.23962333664027344
0xe785180799b7651c6a9a3a5ea636cfec27dc58d8244582e56cc14c0a04ed36a4,0xb911f04a24a9f6234537829290335e623ee71e18,0,67511925,56900,569,0x0000000000000000000000000000000000000000,18,URANUS,91,0.9695529752904918,0.75,8,0.40295134166835833,0.01098901098901099,0.007457724846406467,39,91,0.9695529752904918,True,train,True,12,60.0,25.0,False,-31.165182235583533,1,False,True,False,1.033713468137913,0.23962333664027344
0xe785180799b7651c6a9a3a5ea636cfec27dc58d8244582e56cc14c0a04ed36a4,0xb911f04a24a9f6234537829290335e623ee71e18,0,67511925,56900,569,0x0000000000000000000000000000000000000000,18,URANUS,91,0.9695529752904918,0.75,8,0.40295134166835833,0.01098901098901099,0.007457724846406467,39,91,0.9695529752904918,True,train,True,12,60.0,35.0,True,-31.165182235583533,1,False,True,False,1.033713468137913,0.23962333664027344
0xe785180799b7651c6a9a3a5ea636cfec27dc58d8244582e56cc14c0a04ed36a4,0xb911f04a24a9f6234537829290335e623ee71e18,0,67511925,56900,569,0x0000000000000000000000000000000000000000,18,URANUS,91,0.9695529752904918,0.75,8,0.40295134166835833,0.01098901098901099,0.007457724846406467,39,91,0.9695529752904918,True,train,True,12,60.0,35.0,False,-31.165182235583533,1,False,True,False,1.033713468137913,0.23962333664027344
0x5613b430144b3498af4baea5a57ffb8f488d96a1d5f148ccdc455859877a36c7,0xdb481ed5b34f625fa66e0af2857d0988d2c49105,0,67541696,0,200,0xe5e702641ea86f4ae6cc3cdaed2b886f976be044,18,ZKSTR,693,16.715564322436972,0.9196675900277008,8,0.1429870480460179,0.03607503607503607,0.008972754879122979,332,693,16.715564322436972,True,train,True,2,25.0,15.0,True,9.871719241326925,4,True,True,True,3.3727550923483767,1.1748007494972867
0x5613b430144b3498af4baea5a57ffb8f488d96a1d5f148ccdc455859877a36c7,0xdb481ed5b34f625fa66e0af2857d0988d2c49105,0,67541696,0,200,0xe5e702641ea86f4ae6cc3cdaed2b886f976be044,18,ZKSTR,693,16.715564322436972,0.9196675900277008,8,0.1429870480460179,0.03607503607503607,0.008972754879122979,332,693,16.715564322436972,True,train,True,2,25.0,15.0,False,-27.036410113030882,2,True,True,False,3.3727550923483767,1.1748007494972867
0x5613b430144b3498af4baea5a57ffb8f488d96a1d5f148ccdc455859877a36c7,0xdb481ed5b34f625fa66e0af2857d0988d2c49105,0,67541696,0,200,0xe5e702641ea86f4ae6cc3cdaed2b886f976be044,18,ZKSTR,693,16.715564322436972,0.9196675900277008,8,0.1429870480460179,0.03607503607503607,0.008972754879122979,332,693,16.715564322436972,True,train,True,2,25.0,25.0,True,9.871719241326925,4,True,True,True,3.3727550923483767,1.1748007494972867
0x5613b430144b3498af4baea5a57ffb8f488d96a1d5f148ccdc455859877a36c7,0xdb481ed5b34f625fa66e0af2857d0988d2c49105,0,67541696,0,200,0xe5e702641ea86f4ae6cc3cdaed2b886f976be044,18,ZKSTR,693,16.715564322436972,0.9196675900277008,8,0.1429870480460179,0.03607503607503607,0.008972754879122979,332,693,16.715564322436972,True,train,True,2,25.0,25.0,False,-36.458279172063754,2,True,True,False,3.3727550923483767,1.1748007494972867
0x5613b430144b3498af4baea5a57ffb8f488d96a1d5f148ccdc455859877a36c7,0xdb481ed5b34f625fa66e0af2857d0988d2c49105,0,67541696,0,200,0xe5e702641ea86f4ae6cc3cdaed2b886f976be044,18,ZKSTR,693,16.715564322436972,0.9196675900277008,8,0.1429870480460179,0.03607503607503607,0.008972754879122979,332,693,16.715564322436972,True,train,True,2,25.0,35.0,True,9.871719241326925,6,True,False,True,21.359433126154777,1.1748007494972867
0x5613b430144b3498af4baea5a57ffb8f488d96a1d5f148ccdc455859877a36c7,0xdb481ed5b34f625fa66e0af2857d0988d2c49105,0,67541696,0,200,0xe5e702641ea86f4ae6cc3cdaed2b886f976be044,18,ZKSTR,693,16.715564322436972,0.9196675900277008,8,0.1429870480460179,0.03607503607503607,0.008972754879122979,332,693,16.715564322436972,True,train,True,2,25.0,35.0,False,-87.46256037867441,5,True,False,False,21.359433126154777,1.1748007494972867
0x5613b430144b3498af4baea5a57ffb8f488d96a1d5f148ccdc455859877a36c7,0xdb481ed5b34f625fa66e0af2857d0988d2c49105,0,67541696,0,200,0xe5e702641ea86f4ae6cc3cdaed2b886f976be044,18,ZKSTR,693,16.715564322436972,0.9196675900277008,8,0.1429870480460179,0.03607503607503607,0.008972754879122979,332,693,16.715564322436972,True,train,True,2,40.0,15.0,True,17.338185326162893,4,True,True,True,3.3727550923483767,1.1748007494972867
0x5613b430144b3498af4baea5a57ffb8f488d96a1d5f148ccdc455859877a36c7,0xdb481ed5b34f625fa66e0af2857d0988d2c49105,0,67541696,0,200,0xe5e702641ea86f4ae6cc3cdaed2b886f976be044,18,ZKSTR,693,16.715564322436972,0.9196675900277008,8,0.1429870480460179,0.03607503607503607,0.008972754879122979,332,693,16.715564322436972,True,train,True,2,40.0,15.0,False,-32.10546815047459,2,True,True,False,3.3727550923483767,1.1748007494972867
0x5613b430144b3498af4baea5a57ffb8f488d96a1d5f148ccdc455859877a36c7,0xdb481ed5b34f625fa66e0af2857d0988d2c49105,0,67541696,0,200,0xe5e702641ea86f4ae6cc3cdaed2b886f976be044,18,ZKSTR,693,16.715564322436972,0.9196675900277008,8,0.1429870480460179,0.03607503607503607,0.008972754879122979,332,693,16.715564322436972,True,train,True,2,40.0,25.0,True,17.338185326162893,4,True,True,True,3.3727550923483767,1.1748007494972867
0x5613b430144b3498af4baea5a57ffb8f488d96a1d5f148ccdc455859877a36c7,0xdb481ed5b34f625fa66e0af2857d0988d2c49105,0,67541696,0,200,0xe5e702641ea86f4ae6cc3cdaed2b886f976be044,18,ZKSTR,693,16.715564322436972,0.9196675900277008,8,0.1429870480460179,0.03607503607503607,0.008972754879122979,332,693,16.715564322436972,True,train,True,2,40.0,25.0,False,-40.88161407526777,2,True,True,False,3.3727550923483767,1.1748007494972867
0x5613b430144b3498af4baea5a57ffb8f488d96a1d5f148ccdc455859877a36c7,0xdb481ed5b34f625fa66e0af2857d0988d2c49105,0,67541696,0,200,0xe5e702641ea86f4ae6cc3cdaed2b886f976be044,18,ZKSTR,693,16.715564322436972,0.9196675900277008,8,0.1429870480460179,0.03607503607503607,0.008972754879122979,332,693,16.715564322436972,True,train,True,2,40.0,35.0,True,17.338185326162893,6,True,False,True,21.359433126154777,1.1748007494972867
0x5613b430144b3498af4baea5a57ffb8f488d96a1d5f148ccdc455859877a36c7,0xdb481ed5b34f625fa66e0af2857d0988d2c49105,0,67541696,0,200,0xe5e702641ea86f4ae6cc3cdaed2b886f976be044,18,ZKSTR,693,16.715564322436972,0.9196675900277008,8,0.1429870480460179,0.03607503607503607,0.008972754879122979,332,693,16.715564322436972,True,train,True,2,40.0,35.0,False,-84.1690785251543,5,True,False,False,21.359433126154777,1.1748007494972867
0x5613b430144b3498af4baea5a57ffb8f488d96a1d5f148ccdc455859877a36c7,0xdb481ed5b34f625fa66e0af2857d0988d2c49105,0,67541696,0,200,0xe5e702641ea86f4ae6cc3cdaed2b886f976be044,18,ZKSTR,693,16.715564322436972,0.9196675900277008,8,0.1429870480460179,0.03607503607503607,0.008972754879122979,332,693,16.715564322436972,True,train,True,2,60.0,15.0,True,24.219628516939107,4,True,True,True,3.3727550923483767,1.1748007494972867
0x5613b430144b3498af4baea5a57ffb8f488d96a1d5f148ccdc455859877a36c7,0xdb481ed5b34f625fa66e0af2857d0988d2c49105,0,67541696,0,200,0xe5e702641ea86f4ae6cc3cdaed2b886f976be044,18,ZKSTR,693,16.715564322436972,0.9196675900277008,8,0.1429870480460179,0.03607503607503607,0.008972754879122979,332,693,16.715564322436972,True,train,True,2,60.0,15.0,False,-35.568319764611076,2,True,True,False,3.3727550923483767,1.1748007494972867
0x5613b430144b3498af4baea5a57ffb8f488d96a1d5f148ccdc455859877a36c7,0xdb481ed5b34f625fa66e0af2857d0988d2c49105,0,67541696,0,200,0xe5e702641ea86f4ae6cc3cdaed2b886f976be044,18,ZKSTR,693,16.715564322436972,0.9196675900277008,8,0.1429870480460179,0.03607503607503607,0.008972754879122979,332,693,16.715564322436972,True,train,True,2,60.0,25.0,True,24.219628516939107,4,True,True,True,3.3727550923483767,1.1748007494972867
0x5613b430144b3498af4baea5a57ffb8f488d96a1d5f148ccdc455859877a36c7,0xdb481ed5b34f625fa66e0af2857d0988d2c49105,0,67541696,0,200,0xe5e702641ea86f4ae6cc3cdaed2b886f976be044,18,ZKSTR,693,16.715564322436972,0.9196675900277008,8,0.1429870480460179,0.03607503607503607,0.008972754879122979,332,693,16.715564322436972,True,train,True,2,60.0,25.0,False,-43.90334953307499,2,True,True,False,3.3727550923483767,1.1748007494972867
0x5613b430144b3498af4baea5a57ffb8f488d96a1d5f148ccdc455859877a36c7,0xdb481ed5b34f625fa66e0af2857d0988d2c49105,0,67541696,0,200,0xe5e702641ea86f4ae6cc3cdaed2b886f976be044,18,ZKSTR,693,16.715564322436972,0.9196675900277008,8,0.1429870480460179,0.03607503607503607,0.008972754879122979,332,693,16.715564322436972,True,train,True,2,60.0,35.0,True,24.219628516939107,6,True,False,True,21.359433126154777,1.1748007494972867
0x5613b430144b3498af4baea5a57ffb8f488d96a1d5f148ccdc455859877a36c7,0xdb481ed5b34f625fa66e0af2857d0988d2c49105,0,67541696,0,200,0xe5e702641ea86f4ae6cc3cdaed2b886f976be044,18,ZKSTR,693,16.715564322436972,0.9196675900277008,8,0.1429870480460179,0.03607503607503607,0.008972754879122979,332,693,16.715564322436972,True,train,True,2,60.0,35.0,False,-82.40771719482201,4,True,False,False,21.359433126154777,1.1748007494972867
0x5613b430144b3498af4baea5a57ffb8f488d96a1d5f148ccdc455859877a36c7,0xdb481ed5b34f625fa66e0af2857d0988d2c49105,0,67541696,0,200,0xe5e702641ea86f4ae6cc3cdaed2b886f976be044,18,ZKSTR,693,16.715564322436972,0.9196675900277008,8,0.1429870480460179,0.03607503607503607,0.008972754879122979,332,693,16.715564322436972,True,train,True,4,25.0,15.0,True,-11.590632242563315,1,False,True,False,1.0,1.0140162018401904
0x5613b430144b3498af4baea5a57ffb8f488d96a1d5f148ccdc455859877a36c7,0xdb481ed5b34f625fa66e0af2857d0988d2c49105,0,67541696,0,200,0xe5e702641ea86f4ae6cc3cdaed2b886f976be044,18,ZKSTR,693,16.715564322436972,0.9196675900277008,8,0.1429870480460179,0.03607503607503607,0.008972754879122979,332,693,16.715564322436972,True,train,True,4,25.0,15.0,False,-11.590632242563315,1,False,True,False,1.0,1.0140162018401904
0x5613b430144b3498af4baea5a57ffb8f488d96a1d5f148ccdc455859877a36c7,0xdb481ed5b34f625fa66e0af2857d0988d2c49105,0,67541696,0,200,0xe5e702641ea86f4ae6cc3cdaed2b886f976be044,18,ZKSTR,693,16.715564322436972,0.9196675900277008,8,0.1429870480460179,0.03607503607503607,0.008972754879122979,332,693,16.715564322436972,True,train,True,4,25.0,25.0,True,-24.807915804569337,1,False,True,False,1.0,1.0140162018401904
0x5613b430144b3498af4baea5a57ffb8f488d96a1d5f148ccdc455859877a36c7,0xdb481ed5b34f625fa66e0af2857d0988d2c49105,0,67541696,0,200,0xe5e702641ea86f4ae6cc3cdaed2b886f976be044,18,ZKSTR,693,16.715564322436972,0.9196675900277008,8,0.1429870480460179,0.03607503607503607,0.008972754879122979,332,693,16.715564322436972,True,train,True,4,25.0,25.0,False,-24.807915804569337,1,False,True,False,1.0,1.0140162018401904
0x5613b430144b3498af4baea5a57ffb8f488d96a1d5f148ccdc455859877a36c7,0xdb481ed5b34f625fa66e0af2857d0988d2c49105,0,67541696,0,200,0xe5e702641ea86f4ae6cc3cdaed2b886f976be044,18,ZKSTR,693,16.715564322436972,0.9196675900277008,8,0.1429870480460179,0.03607503607503607,0.008972754879122979,332,693,16.715564322436972,True,train,True,4,25.0,35.0,True,-32.31429633179579,1,False,True,False,1.0,1.0140162018401904
0x5613b430144b3498af4baea5a57ffb8f488d96a1d5f148ccdc455859877a36c7,0xdb481ed5b34f625fa66e0af2857d0988d2c49105,0,67541696,0,200,0xe5e702641ea86f4ae6cc3cdaed2b886f976be044,18,ZKSTR,693,16.715564322436972,0.9196675900277008,8,0.1429870480460179,0.03607503607503607,0.008972754879122979,332,693,16.715564322436972,True,train,True,4,25.0,35.0,False,-32.31429633179579,1,False,True,False,1.0,1.0140162018401904
0x5613b430144b3498af4baea5a57ffb8f488d96a1d5f148ccdc455859877a36c7,0xdb481ed5b34f625fa66e0af2857d0988d2c49105,0,67541696,0,200,0xe5e702641ea86f4ae6cc3cdaed2b886f976be044,18,ZKSTR,693,16.715564322436972,0.9196675900277008,8,0.1429870480460179,0.03607503607503607,0.008972754879122979,332,693,16.715564322436972,True,train,True,4,40.0,15.0,True,-10.643386181346825,1,False,True,False,1.0,1.0140162018401904
0x5613b430144b3498af4baea5a57ffb8f488d96a1d5f148ccdc455859877a36c7,0xdb481ed5b34f625fa66e0af2857d0988d2c49105,0,67541696,0,200,0xe5e702641ea86f4ae6cc3cdaed2b886f976be044,18,ZKSTR,693,16.715564322436972,0.9196675900277008,8,0.1429870480460179,0.03607503607503607,0.008972754879122979,332,693,16.715564322436972,True,train,True,4,40.0,15.0,False,-10.643386181346825,1,False,True,False,1.0,1.0140162018401904
0x5613b430144b3498af4baea5a57ffb8f488d96a1d5f148ccdc455859877a36c7,0xdb481ed5b34f625fa66e0af2857d0988d2c49105,0,67541696,0,200,0xe5e702641ea86f4ae6cc3cdaed2b886f976be044,18,ZKSTR,693,16.715564322436972,0.9196675900277008,8,0.1429870480460179,0.03607503607503607,0.008972754879122979,332,693,16.715564322436972,True,train,True,4,40.0,25.0,True,-22.466691290270823,1,False,True,False,1.0,1.0140162018401904
0x5613b430144b3498af4baea5a57ffb8f488d96a1d5f148ccdc455859877a36c7,0xdb481ed5b34f625fa66e0af2857d0988d2c49105,0,67541696,0,200,0xe5e702641ea86f4ae6cc3cdaed2b886f976be044,18,ZKSTR,693,16.715564322436972,0.9196675900277008,8,0.1429870480460179,0.03607503607503607,0.008972754879122979,332,693,16.715564322436972,True,train,True,4,40.0,25.0,False,-22.466691290270823,1,False,True,False,1.0,1.0140162018401904
0x5613b430144b3498af4baea5a57ffb8f488d96a1d5f148ccdc455859877a36c7,0xdb481ed5b34f625fa66e0af2857d0988d2c49105,0,67541696,0,200,0xe5e702641ea86f4ae6cc3cdaed2b886f976be044,18,ZKSTR,693,16.715564322436972,0.9196675900277008,8,0.1429870480460179,0.03607503607503607,0.008972754879122979,332,693,16.715564322436972,True,train,True,4,40.0,35.0,True,-30.200510928251045,1,False,True,False,1.0,1.0140162018401904
0x5613b430144b3498af4baea5a57ffb8f488d96a1d5f148ccdc455859877a36c7,0xdb481ed5b34f625fa66e0af2857d0988d2c49105,0,67541696,0,200,0xe5e702641ea86f4ae6cc3cdaed2b886f976be044,18,ZKSTR,693,16.715564322436972,0.9196675900277008,8,0.1429870480460179,0.03607503607503607,0.008972754879122979,332,693,16.715564322436972,True,train,True,4,40.0,35.0,False,-30.200510928251045,1,False,True,False,1.0,1.0140162018401904
0x5613b430144b3498af4baea5a57ffb8f488d96a1d5f148ccdc455859877a36c7,0xdb481ed5b34f625fa66e0af2857d0988d2c49105,0,67541696,0,200,0xe5e702641ea86f4ae6cc3cdaed2b886f976be044,18,ZKSTR,693,16.715564322436972,0.9196675900277008,8,0.1429870480460179,0.03607503607503607,0.008972754879122979,332,693,16.715564322436972,True,train,True,4,60.0,15.0,True,-10.114407249820745,1,False,True,False,1.0,1.0140162018401904
0x5613b430144b3498af4baea5a57ffb8f488d96a1d5f148ccdc455859877a36c7,0xdb481ed5b34f625fa66e0af2857d0988d2c49105,0,67541696,0,200,0xe5e702641ea86f4ae6cc3cdaed2b886f976be044,18,ZKSTR,693,16.715564322436972,0.9196675900277008,8,0.1429870480460179,0.03607503607503607,0.008972754879122979,332,693,16.715564322436972,True,train,True,4,60.0,15.0,False,-10.114407249820745,1,False,True,False,1.0,1.0140162018401904
0x5613b430144b3498af4baea5a57ffb8f488d96a1d5f148ccdc455859877a36c7,0xdb481ed5b34f625fa66e0af2857d0988d2c49105,0,67541696,0,200,0xe5e702641ea86f4ae6cc3cdaed2b886f976be044,18,ZKSTR,693,16.715564322436972,0.9196675900277008,8,0.1429870480460179,0.03607503607503607,0.008972754879122979,332,693,16.715564322436972,True,train,True,4,60.0,25.0,True,-20.527645085107473,1,False,True,False,1.0,1.0140162018401904
0x5613b430144b3498af4baea5a57ffb8f488d96a1d5f148ccdc455859877a36c7,0xdb481ed5b34f625fa66e0af2857d0988d2c49105,0,67541696,0,200,0xe5e702641ea86f4ae6cc3cdaed2b886f976be044,18,ZKSTR,693,16.715564322436972,0.9196675900277008,8,0.1429870480460179,0.03607503607503607,0.008972754879122979,332,693,16.715564322436972,True,train,True,4,60.0,25.0,False,-20.527645085107473,1,False,True,False,1.0,1.0140162018401904
0x5613b430144b3498af4baea5a57ffb8f488d96a1d5f148ccdc455859877a36c7,0xdb481ed5b34f625fa66e0af2857d0988d2c49105,0,67541696,0,200,0xe5e702641ea86f4ae6cc3cdaed2b886f976be044,18,ZKSTR,693,16.715564322436972,0.9196675900277008,8,0.1429870480460179,0.03607503607503607,0.008972754879122979,332,693,16.715564322436972,True,train,True,4,60.0,35.0,True,-27.617146273896687,1,False,True,False,1.0,1.0140162018401904
0x5613b430144b3498af4baea5a57ffb8f488d96a1d5f148ccdc455859877a36c7,0xdb481ed5b34f625fa66e0af2857d0988d2c49105,0,67541696,0,200,0xe5e702641ea86f4ae6cc3cdaed2b886f976be044,18,ZKSTR,693,16.715564322436972,0.9196675900277008,8,0.1429870480460179,0.03607503607503607,0.008972754879122979,332,693,16.715564322436972,True,train,True,4,60.0,35.0,False,-27.617146273896687,1,False,True,False,1.0,1.0140162018401904
0x5613b430144b3498af4baea5a57ffb8f488d96a1d5f148ccdc455859877a36c7,0xdb481ed5b34f625fa66e0af2857d0988d2c49105,0,67541696,0,200,0xe5e702641ea86f4ae6cc3cdaed2b886f976be044,18,ZKSTR,693,16.715564322436972,0.9196675900277008,8,0.1429870480460179,0.03607503607503607,0.008972754879122979,332,693,16.715564322436972,True,train,True,6,25.0,15.0,True,-11.502467099191971,1,False,True,False,1.1530342889020262,1.1961632793913726
0x5613b430144b3498af4baea5a57ffb8f488d96a1d5f148ccdc455859877a36c7,0xdb481ed5b34f625fa66e0af2857d0988d2c49105,0,67541696,0,200,0xe5e702641ea86f4ae6cc3cdaed2b886f976be044,18,ZKSTR,693,16.715564322436972,0.9196675900277008,8,0.1429870480460179,0.03607503607503607,0.008972754879122979,332,693,16.715564322436972,True,train,True,6,25.0,15.0,False,-11.502467099191971,1,False,True,False,1.1530342889020262,1.1961632793913726
0x5613b430144b3498af4baea5a57ffb8f488d96a1d5f148ccdc455859877a36c7,0xdb481ed5b34f625fa66e0af2857d0988d2c49105,0,67541696,0,200,0xe5e702641ea86f4ae6cc3cdaed2b886f976be044,18,ZKSTR,693,16.715564322436972,0.9196675900277008,8,0.1429870480460179,0.03607503607503607,0.008972754879122979,332,693,16.715564322436972,True,train,True,6,25.0,25.0,True,-22.57076405762335,1,False,True,False,1.1530342889020262,1.1961632793913726
0x5613b430144b3498af4baea5a57ffb8f488d96a1d5f148ccdc455859877a36c7,0xdb481ed5b34f625fa66e0af2857d0988d2c49105,0,67541696,0,200,0xe5e702641ea86f4ae6cc3cdaed2b886f976be044,18,ZKSTR,693,16.715564322436972,0.9196675900277008,8,0.1429870480460179,0.03607503607503607,0.008972754879122979,332,693,16.715564322436972,True,train,True,6,25.0,25.0,False,-22.57076405762335,1,False,True,False,1.1530342889020262,1.1961632793913726
0x5613b430144b3498af4baea5a57ffb8f488d96a1d5f148ccdc455859877a36c7,0xdb481ed5b34f625fa66e0af2857d0988d2c49105,0,67541696,0,200,0xe5e702641ea86f4ae6cc3cdaed2b886f976be044,18,ZKSTR,693,16.715564322436972,0.9196675900277008,8,0.1429870480460179,0.03607503607503607,0.008972754879122979,332,693,16.715564322436972,True,train,True,6,25.0,35.0,True,5.72705627523753,6,True,False,True,21.747832204784466,1.1961632793913726
0x5613b430144b3498af4baea5a57ffb8f488d96a1d5f148ccdc455859877a36c7,0xdb481ed5b34f625fa66e0af2857d0988d2c49105,0,67541696,0,200,0xe5e702641ea86f4ae6cc3cdaed2b886f976be044,18,ZKSTR,693,16.715564322436972,0.9196675900277008,8,0.1429870480460179,0.03607503607503607,0.008972754879122979,332,693,16.715564322436972,True,train,True,6,25.0,35.0,False,-86.92729841060441,4,True,False,False,21.747832204784466,1.1961632793913726
0x5613b430144b3498af4baea5a57ffb8f488d96a1d5f148ccdc455859877a36c7,0xdb481ed5b34f625fa66e0af2857d0988d2c49105,0,67541696,0,200,0xe5e702641ea86f4ae6cc3cdaed2b886f976be044,18,ZKSTR,693,16.715564322436972,0.9196675900277008,8,0.1429870480460179,0.03607503607503607,0.008972754879122979,332,693,16.715564322436972,True,train,True,6,40.0,15.0,True,-10.567798762163383,1,False,True,False,1.1530342889020262,1.1961632793913726
0x5613b430144b3498af4baea5a57ffb8f488d96a1d5f148ccdc455859877a36c7,0xdb481ed5b34f625fa66e0af2857d0988d2c49105,0,67541696,0,200,0xe5e702641ea86f4ae6cc3cdaed2b886f976be044,18,ZKSTR,693,16.715564322436972,0.9196675900277008,8,0.1429870480460179,0.03607503607503607,0.008972754879122979,332,693,16.715564322436972,True,train,True,6,40.0,15.0,False,-10.567798762163383,1,False,True,False,1.1530342889020262,1.1961632793913726
0x5613b430144b3498af4baea5a57ffb8f488d96a1d5f148ccdc455859877a36c7,0xdb481ed5b34f625fa66e0af2857d0988d2c49105,0,67541696,0,200,0xe5e702641ea86f4ae6cc3cdaed2b886f976be044,18,ZKSTR,693,16.715564322436972,0.9196675900277008,8,0.1429870480460179,0.03607503607503607,0.008972754879122979,332,693,16.715564322436972,True,train,True,6,40.0,25.0,True,-20.247950200589248,1,False,True,False,1.1530342889020262,1.1961632793913726
0x5613b430144b3498af4baea5a57ffb8f488d96a1d5f148ccdc455859877a36c7,0xdb481ed5b34f625fa66e0af2857d0988d2c49105,0,67541696,0,200,0xe5e702641ea86f4ae6cc3cdaed2b886f976be044,18,ZKSTR,693,16.715564322436972,0.9196675900277008,8,0.1429870480460179,0.03607503607503607,0.008972754879122979,332,693,16.715564322436972,True,train,True,6,40.0,25.0,False,-20.247950200589248,1,False,True,False,1.1530342889020262,1.1961632793913726
0x5613b430144b3498af4baea5a57ffb8f488d96a1d5f148ccdc455859877a36c7,0xdb481ed5b34f625fa66e0af2857d0988d2c49105,0,67541696,0,200,0xe5e702641ea86f4ae6cc3cdaed2b886f976be044,18,ZKSTR,693,16.715564322436972,0.9196675900277008,8,0.1429870480460179,0.03607503607503607,0.008972754879122979,332,693,16.715564322436972,True,train,True,6,40.0,35.0,True,10.586824472403178,6,True,False,True,21.747832204784466,1.1961632793913726
0x5613b430144b3498af4baea5a57ffb8f488d96a1d5f148ccdc455859877a36c7,0xdb481ed5b34f625fa66e0af2857d0988d2c49105,0,67541696,0,200,0xe5e702641ea86f4ae6cc3cdaed2b886f976be044,18,ZKSTR,693,16.715564322436972,0.9196675900277008,8,0.1429870480460179,0.03607503607503607,0.008972754879122979,332,693,16.715564322436972,True,train,True,6,40.0,35.0,False,-86.6193176087091,4,True,False,False,21.747832204784466,1.1961632793913726
0x5613b430144b3498af4baea5a57ffb8f488d96a1d5f148ccdc455859877a36c7,0xdb481ed5b34f625fa66e0af2857d0988d2c49105,0,67541696,0,200,0xe5e702641ea86f4ae6cc3cdaed2b886f976be044,18,ZKSTR,693,16.715564322436972,0.9196675900277008,8,0.1429870480460179,0.03607503607503607,0.008972754879122979,332,693,16.715564322436972,True,train,True,6,60.0,15.0,True,-10.045843719544688,1,False,True,False,1.1530342889020262,1.1961632793913726
0x5613b430144b3498af4baea5a57ffb8f488d96a1d5f148ccdc455859877a36c7,0xdb481ed5b34f625fa66e0af2857d0988d2c49105,0,67541696,0,200,0xe5e702641ea86f4ae6cc3cdaed2b886f976be044,18,ZKSTR,693,16.715564322436972,0.9196675900277008,8,0.1429870480460179,0.03607503607503607,0.008972754879122979,332,693,16.715564322436972,True,train,True,6,60.0,15.0,False,-10.045843719544688,1,False,True,False,1.1530342889020262,1.1961632793913726
0x5613b430144b3498af4baea5a57ffb8f488d96a1d5f148ccdc455859877a36c7,0xdb481ed5b34f625fa66e0af2857d0988d2c49105,0,67541696,0,200,0xe5e702641ea86f4ae6cc3cdaed2b886f976be044,18,ZKSTR,693,16.715564322436972,0.9196675900277008,8,0.1429870480460179,0.03607503607503607,0.008972754879122979,332,693,16.715564322436972,True,train,True,6,60.0,25.0,True,-18.61189196552948,1,False,True,False,1.1530342889020262,1.1961632793913726
0x5613b430144b3498af4baea5a57ffb8f488d96a1d5f148ccdc455859877a36c7,0xdb481ed5b34f625fa66e0af2857d0988d2c49105,0,67541696,0,200,0xe5e702641ea86f4ae6cc3cdaed2b886f976be044,18,ZKSTR,693,16.715564322436972,0.9196675900277008,8,0.1429870480460179,0.03607503607503607,0.008972754879122979,332,693,16.715564322436972,True,train,True,6,60.0,25.0,False,-18.61189196552948,1,False,True,False,1.1530342889020262,1.1961632793913726
0x5613b430144b3498af4baea5a57ffb8f488d96a1d5f148ccdc455859877a36c7,0xdb481ed5b34f625fa66e0af2857d0988d2c49105,0,67541696,0,200,0xe5e702641ea86f4ae6cc3cdaed2b886f976be044,18,ZKSTR,693,16.715564322436972,0.9196675900277008,8,0.1429870480460179,0.03607503607503607,0.008972754879122979,332,693,16.715564322436972,True,train,True,6,60.0,35.0,True,12.880109624829261,6,True,False,True,21.747832204784466,1.1961632793913726
0x5613b430144b3498af4baea5a57ffb8f488d96a1d5f148ccdc455859877a36c7,0xdb481ed5b34f625fa66e0af2857d0988d2c49105,0,67541696,0,200,0xe5e702641ea86f4ae6cc3cdaed2b886f976be044,18,ZKSTR,693,16.715564322436972,0.9196675900277008,8,0.1429870480460179,0.03607503607503607,0.008972754879122979,332,693,16.715564322436972,True,train,True,6,60.0,35.0,False,-82.40771719482203,4,True,False,False,21.747832204784466,1.1961632793913726
0x5613b430144b3498af4baea5a57ffb8f488d96a1d5f148ccdc455859877a36c7,0xdb481ed5b34f625fa66e0af2857d0988d2c49105,0,67541696,0,200,0xe5e702641ea86f4ae6cc3cdaed2b886f976be044,18,ZKSTR,693,16.715564322436972,0.9196675900277008,8,0.1429870480460179,0.03607503607503607,0.008972754879122979,332,693,16.715564322436972,True,train,True,12,25.0,15.0,True,-11.479768225312803,1,False,True,False,1.1533752416200933,1.1965169853698383
0x5613b430144b3498af4baea5a57ffb8f488d96a1d5f148ccdc455859877a36c7,0xdb481ed5b34f625fa66e0af2857d0988d2c49105,0,67541696,0,200,0xe5e702641ea86f4ae6cc3cdaed2b886f976be044,18,ZKSTR,693,16.715564322436972,0.9196675900277008,8,0.1429870480460179,0.03607503607503607,0.008972754879122979,332,693,16.715564322436972,True,train,True,12,25.0,15.0,False,-11.479768225312803,1,False,True,False,1.1533752416200933,1.1965169853698383
0x5613b430144b3498af4baea5a57ffb8f488d96a1d5f148ccdc455859877a36c7,0xdb481ed5b34f625fa66e0af2857d0988d2c49105,0,67541696,0,200,0xe5e702641ea86f4ae6cc3cdaed2b886f976be044,18,ZKSTR,693,16.715564322436972,0.9196675900277008,8,0.1429870480460179,0.03607503607503607,0.008972754879122979,332,693,16.715564322436972,True,train,True,12,25.0,25.0,True,-22.547572499984636,1,False,True,False,1.1533752416200933,1.1965169853698383
0x5613b430144b3498af4baea5a57ffb8f488d96a1d5f148ccdc455859877a36c7,0xdb481ed5b34f625fa66e0af2857d0988d2c49105,0,67541696,0,200,0xe5e702641ea86f4ae6cc3cdaed2b886f976be044,18,ZKSTR,693,16.715564322436972,0.9196675900277008,8,0.1429870480460179,0.03607503607503607,0.008972754879122979,332,693,16.715564322436972,True,train,True,12,25.0,25.0,False,-22.547572499984636,1,False,True,False,1.1533752416200933,1.1965169853698383
0x5613b430144b3498af4baea5a57ffb8f488d96a1d5f148ccdc455859877a36c7,0xdb481ed5b34f625fa66e0af2857d0988d2c49105,0,67541696,0,200,0xe5e702641ea86f4ae6cc3cdaed2b886f976be044,18,ZKSTR,693,16.715564322436972,0.9196675900277008,8,0.1429870480460179,0.03607503607503607,0.008972754879122979,332,693,16.715564322436972,True,train,True,12,25.0,35.0,True,5.72705627523753,6,True,False,True,21.754263047798986,1.1965169853698383
0x5613b430144b3498af4baea5a57ffb8f488d96a1d5f148ccdc455859877a36c7,0xdb481ed5b34f625fa66e0af2857d0988d2c49105,0,67541696,0,200,0xe5e702641ea86f4ae6cc3cdaed2b886f976be044,18,ZKSTR,693,16.715564322436972,0.9196675900277008,8,0.1429870480460179,0.03607503607503607,0.008972754879122979,332,693,16.715564322436972,True,train,True,12,25.0,35.0,False,-86.92729841060441,4,True,False,False,21.754263047798986,1.1965169853698383
0x5613b430144b3498af4baea5a57ffb8f488d96a1d5f148ccdc455859877a36c7,0xdb481ed5b34f625fa66e0af2857d0988d2c49105,0,67541696,0,200,0xe5e702641ea86f4ae6cc3cdaed2b886f976be044,18,ZKSTR,693,16.715564322436972,0.9196675900277008,8,0.1429870480460179,0.03607503607503607,0.008972754879122979,332,693,16.715564322436972,True,train,True,12,40.0,15.0,True,-10.548329963917658,1,False,True,False,1.1533752416200933,1.1965169853698383
0x5613b430144b3498af4baea5a57ffb8f488d96a1d5f148ccdc455859877a36c7,0xdb481ed5b34f625fa66e0af2857d0988d2c49105,0,67541696,0,200,0xe5e702641ea86f4ae6cc3cdaed2b886f976be044,18,ZKSTR,693,16.715564322436972,0.9196675900277008,8,0.1429870480460179,0.03607503607503607,0.008972754879122979,332,693,16.715564322436972,True,train,True,12,40.0,15.0,False,-10.548329963917658,1,False,True,False,1.1533752416200933,1.1965169853698383
0x5613b430144b3498af4baea5a57ffb8f488d96a1d5f148ccdc455859877a36c7,0xdb481ed5b34f625fa66e0af2857d0988d2c49105,0,67541696,0,200,0xe5e702641ea86f4ae6cc3cdaed2b886f976be044,18,ZKSTR,693,16.715564322436972,0.9196675900277008,8,0.1429870480460179,0.03607503607503607,0.008972754879122979,332,693,16.715564322436972,True,train,True,12,40.0,25.0,True,-20.225550040231667,1,False,True,False,1.1533752416200933,1.1965169853698383
0x5613b430144b3498af4baea5a57ffb8f488d96a1d5f148ccdc455859877a36c7,0xdb481ed5b34f625fa66e0af2857d0988d2c49105,0,67541696,0,200,0xe5e702641ea86f4ae6cc3cdaed2b886f976be044,18,ZKSTR,693,16.715564322436972,0.9196675900277008,8,0.1429870480460179,0.03607503607503607,0.008972754879122979,332,693,16.715564322436972,True,train,True,12,40.0,25.0,False,-20.225550040231667,1,False,True,False,1.1533752416200933,1.1965169853698383
0x5613b430144b3498af4baea5a57ffb8f488d96a1d5f148ccdc455859877a36c7,0xdb481ed5b34f625fa66e0af2857d0988d2c49105,0,67541696,0,200,0xe5e702641ea86f4ae6cc3cdaed2b886f976be044,18,ZKSTR,693,16.715564322436972,0.9196675900277008,8,0.1429870480460179,0.03607503607503607,0.008972754879122979,332,693,16.715564322436972,True,train,True,12,40.0,35.0,True,10.586824472403178,6,True,False,True,21.754263047798986,1.1965169853698383
0x5613b430144b3498af4baea5a57ffb8f488d96a1d5f148ccdc455859877a36c7,0xdb481ed5b34f625fa66e0af2857d0988d2c49105,0,67541696,0,200,0xe5e702641ea86f4ae6cc3cdaed2b886f976be044,18,ZKSTR,693,16.715564322436972,0.9196675900277008,8,0.1429870480460179,0.03607503607503607,0.008972754879122979,332,693,16.715564322436972,True,train,True,12,40.0,35.0,False,-86.6193176087091,4,True,False,False,21.754263047798986,1.1965169853698383
0x5613b430144b3498af4baea5a57ffb8f488d96a1d5f148ccdc455859877a36c7,0xdb481ed5b34f625fa66e0af2857d0988d2c49105,0,67541696,0,200,0xe5e702641ea86f4ae6cc3cdaed2b886f976be044,18,ZKSTR,693,16.715564322436972,0.9196675900277008,8,0.1429870480460179,0.03607503607503607,0.008972754879122979,332,693,16.715564322436972,True,train,True,12,60.0,15.0,True,-10.028178720783886,1,False,True,False,1.1533752416200933,1.1965169853698383
0x5613b430144b3498af4baea5a57ffb8f488d96a1d5f148ccdc455859877a36c7,0xdb481ed5b34f625fa66e0af2857d0988d2c49105,0,67541696,0,200,0xe5e702641ea86f4ae6cc3cdaed2b886f976be044,18,ZKSTR,693,16.715564322436972,0.9196675900277008,8,0.1429870480460179,0.03607503607503607,0.008972754879122979,332,693,16.715564322436972,True,train,True,12,60.0,15.0,False,-10.028178720783886,1,False,True,False,1.1533752416200933,1.1965169853698383
0x5613b430144b3498af4baea5a57ffb8f488d96a1d5f148ccdc455859877a36c7,0xdb481ed5b34f625fa66e0af2857d0988d2c49105,0,67541696,0,200,0xe5e702641ea86f4ae6cc3cdaed2b886f976be044,18,ZKSTR,693,16.715564322436972,0.9196675900277008,8,0.1429870480460179,0.03607503607503607,0.008972754879122979,332,693,16.715564322436972,True,train,True,12,60.0,25.0,True,-18.592476224742793,1,False,True,False,1.1533752416200933,1.1965169853698383
0x5613b430144b3498af4baea5a57ffb8f488d96a1d5f148ccdc455859877a36c7,0xdb481ed5b34f625fa66e0af2857d0988d2c49105,0,67541696,0,200,0xe5e702641ea86f4ae6cc3cdaed2b886f976be044,18,ZKSTR,693,16.715564322436972,0.9196675900277008,8,0.1429870480460179,0.03607503607503607,0.008972754879122979,332,693,16.715564322436972,True,train,True,12,60.0,25.0,False,-18.592476224742793,1,False,True,False,1.1533752416200933,1.1965169853698383
0x5613b430144b3498af4baea5a57ffb8f488d96a1d5f148ccdc455859877a36c7,0xdb481ed5b34f625fa66e0af2857d0988d2c49105,0,67541696,0,200,0xe5e702641ea86f4ae6cc3cdaed2b886f976be044,18,ZKSTR,693,16.715564322436972,0.9196675900277008,8,0.1429870480460179,0.03607503607503607,0.008972754879122979,332,693,16.715564322436972,True,train,True,12,60.0,35.0,True,12.880109624829261,6,True,False,True,21.754263047798986,1.1965169853698383
0x5613b430144b3498af4baea5a57ffb8f488d96a1d5f148ccdc455859877a36c7,0xdb481ed5b34f625fa66e0af2857d0988d2c49105,0,67541696,0,200,0xe5e702641ea86f4ae6cc3cdaed2b886f976be044,18,ZKSTR,693,16.715564322436972,0.9196675900277008,8,0.1429870480460179,0.03607503607503607,0.008972754879122979,332,693,16.715564322436972,True,train,True,12,60.0,35.0,False,-82.40771719482203,4,True,False,False,21.754263047798986,1.1965169853698383
0xb3ac62762b3e6812b343f10ef3c97a558923fd4a9fef7e1769b87775939c8f5c,0x02f1ffe90ac332fcc432634c4fa69619e9c1d6a0,0,67555850,100,1,0x0000000000000000000000000000000000000000,18,URANUS,217,13.52398558424682,0.954954954954955,8,0.07407671789836791,0.004608294930875576,0.06406296618489418,106,217,13.52398558424682,True,train,True,2,25.0,15.0,True,10.476968651925711,1,False,False,False,1.5655564365146946,1.449742532765902
0xb3ac62762b3e6812b343f10ef3c97a558923fd4a9fef7e1769b87775939c8f5c,0x02f1ffe90ac332fcc432634c4fa69619e9c1d6a0,0,67555850,100,1,0x0000000000000000000000000000000000000000,18,URANUS,217,13.52398558424682,0.954954954954955,8,0.07407671789836791,0.004608294930875576,0.06406296618489418,106,217,13.52398558424682,True,train,True,2,25.0,15.0,False,10.476968651925711,1,False,False,False,1.5655564365146946,1.449742532765902
0xb3ac62762b3e6812b343f10ef3c97a558923fd4a9fef7e1769b87775939c8f5c,0x02f1ffe90ac332fcc432634c4fa69619e9c1d6a0,0,67555850,100,1,0x0000000000000000000000000000000000000000,18,URANUS,217,13.52398558424682,0.954954954954955,8,0.07407671789836791,0.004608294930875576,0.06406296618489418,106,217,13.52398558424682,True,train,True,2,25.0,25.0,True,10.476968651925711,1,False,False,False,1.5655564365146946,1.449742532765902
0xb3ac62762b3e6812b343f10ef3c97a558923fd4a9fef7e1769b87775939c8f5c,0x02f1ffe90ac332fcc432634c4fa69619e9c1d6a0,0,67555850,100,1,0x0000000000000000000000000000000000000000,18,URANUS,217,13.52398558424682,0.954954954954955,8,0.07407671789836791,0.004608294930875576,0.06406296618489418,106,217,13.52398558424682,True,train,True,2,25.0,25.0,False,10.476968651925711,1,False,False,False,1.5655564365146946,1.449742532765902
0xb3ac62762b3e6812b343f10ef3c97a558923fd4a9fef7e1769b87775939c8f5c,0x02f1ffe90ac332fcc432634c4fa69619e9c1d6a0,0,67555850,100,1,0x0000000000000000000000000000000000000000,18,URANUS,217,13.52398558424682,0.954954954954955,8,0.07407671789836791,0.004608294930875576,0.06406296618489418,106,217,13.52398558424682,True,train,True,2,25.0,35.0,True,10.476968651925711,1,False,False,False,1.5655564365146946,1.449742532765902
0xb3ac62762b3e6812b343f10ef3c97a558923fd4a9fef7e1769b87775939c8f5c,0x02f1ffe90ac332fcc432634c4fa69619e9c1d6a0,0,67555850,100,1,0x0000000000000000000000000000000000000000,18,URANUS,217,13.52398558424682,0.954954954954955,8,0.07407671789836791,0.004608294930875576,0.06406296618489418,106,217,13.52398558424682,True,train,True,2,25.0,35.0,False,10.476968651925711,1,False,False,False,1.5655564365146946,1.449742532765902
0xb3ac62762b3e6812b343f10ef3c97a558923fd4a9fef7e1769b87775939c8f5c,0x02f1ffe90ac332fcc432634c4fa69619e9c1d6a0,0,67555850,100,1,0x0000000000000000000000000000000000000000,18,URANUS,217,13.52398558424682,0.954954954954955,8,0.07407671789836791,0.004608294930875576,0.06406296618489418,106,217,13.52398558424682,True,train,True,2,40.0,15.0,True,9.945740312702899,1,False,False,False,1.5655564365146946,1.449742532765902
0xb3ac62762b3e6812b343f10ef3c97a558923fd4a9fef7e1769b87775939c8f5c,0x02f1ffe90ac332fcc432634c4fa69619e9c1d6a0,0,67555850,100,1,0x0000000000000000000000000000000000000000,18,URANUS,217,13.52398558424682,0.954954954954955,8,0.07407671789836791,0.004608294930875576,0.06406296618489418,106,217,13.52398558424682,True,train,True,2,40.0,15.0,False,9.945740312702899,1,False,False,False,1.5655564365146946,1.449742532765902
0xb3ac62762b3e6812b343f10ef3c97a558923fd4a9fef7e1769b87775939c8f5c,0x02f1ffe90ac332fcc432634c4fa69619e9c1d6a0,0,67555850,100,1,0x0000000000000000000000000000000000000000,18,URANUS,217,13.52398558424682,0.954954954954955,8,0.07407671789836791,0.004608294930875576,0.06406296618489418,106,217,13.52398558424682,True,train,True,2,40.0,25.0,True,9.945740312702899,1,False,False,False,1.5655564365146946,1.449742532765902
0xb3ac62762b3e6812b343f10ef3c97a558923fd4a9fef7e1769b87775939c8f5c,0x02f1ffe90ac332fcc432634c4fa69619e9c1d6a0,0,67555850,100,1,0x0000000000000000000000000000000000000000,18,URANUS,217,13.52398558424682,0.954954954954955,8,0.07407671789836791,0.004608294930875576,0.06406296618489418,106,217,13.52398558424682,True,train,True,2,40.0,25.0,False,9.945740312702899,1,False,False,False,1.5655564365146946,1.449742532765902
0xb3ac62762b3e6812b343f10ef3c97a558923fd4a9fef7e1769b87775939c8f5c,0x02f1ffe90ac332fcc432634c4fa69619e9c1d6a0,0,67555850,100,1,0x0000000000000000000000000000000000000000,18,URANUS,217,13.52398558424682,0.954954954954955,8,0.07407671789836791,0.004608294930875576,0.06406296618489418,106,217,13.52398558424682,True,train,True,2,40.0,35.0,True,9.945740312702899,1,False,False,False,1.5655564365146946,1.449742532765902
0xb3ac62762b3e6812b343f10ef3c97a558923fd4a9fef7e1769b87775939c8f5c,0x02f1ffe90ac332fcc432634c4fa69619e9c1d6a0,0,67555850,100,1,0x0000000000000000000000000000000000000000,18,URANUS,217,13.52398558424682,0.954954954954955,8,0.07407671789836791,0.004608294930875576,0.06406296618489418,106,217,13.52398558424682,True,train,True,2,40.0,35.0,False,9.945740312702899,1,False,False,False,1.5655564365146946,1.449742532765902
0xb3ac62762b3e6812b343f10ef3c97a558923fd4a9fef7e1769b87775939c8f5c,0x02f1ffe90ac332fcc432634c4fa69619e9c1d6a0,0,67555850,100,1,0x0000000000000000000000000000000000000000,18,URANUS,217,13.52398558424682,0.954954954954955,8,0.07407671789836791,0.004608294930875576,0.06406296618489418,106,217,13.52398558424682,True,train,True,2,60.0,15.0,True,12.660576270511537,0,False,False,False,1.5655564365146946,1.449742532765902
0xb3ac62762b3e6812b343f10ef3c97a558923fd4a9fef7e1769b87775939c8f5c,0x02f1ffe90ac332fcc432634c4fa69619e9c1d6a0,0,67555850,100,1,0x0000000000000000000000000000000000000000,18,URANUS,217,13.52398558424682,0.954954954954955,8,0.07407671789836791,0.004608294930875576,0.06406296618489418,106,217,13.52398558424682,True,train,True,2,60.0,15.0,False,12.660576270511537,0,False,False,False,1.5655564365146946,1.449742532765902
0xb3ac62762b3e6812b343f10ef3c97a558923fd4a9fef7e1769b87775939c8f5c,0x02f1ffe90ac332fcc432634c4fa69619e9c1d6a0,0,67555850,100,1,0x0000000000000000000000000000000000000000,18,URANUS,217,13.52398558424682,0.954954954954955,8,0.07407671789836791,0.004608294930875576,0.06406296618489418,106,217,13.52398558424682,True,train,True,2,60.0,25.0,True,12.660576270511537,0,False,False,False,1.5655564365146946,1.449742532765902
0xb3ac62762b3e6812b343f10ef3c97a558923fd4a9fef7e1769b87775939c8f5c,0x02f1ffe90ac332fcc432634c4fa69619e9c1d6a0,0,67555850,100,1,0x0000000000000000000000000000000000000000,18,URANUS,217,13.52398558424682,0.954954954954955,8,0.07407671789836791,0.004608294930875576,0.06406296618489418,106,217,13.52398558424682,True,train,True,2,60.0,25.0,False,12.660576270511537,0,False,False,False,1.5655564365146946,1.449742532765902
0xb3ac62762b3e6812b343f10ef3c97a558923fd4a9fef7e1769b87775939c8f5c,0x02f1ffe90ac332fcc432634c4fa69619e9c1d6a0,0,67555850,100,1,0x0000000000000000000000000000000000000000,18,URANUS,217,13.52398558424682,0.954954954954955,8,0.07407671789836791,0.004608294930875576,0.06406296618489418,106,217,13.52398558424682,True,train,True,2,60.0,35.0,True,12.660576270511537,0,False,False,False,1.5655564365146946,1.449742532765902
0xb3ac62762b3e6812b343f10ef3c97a558923fd4a9fef7e1769b87775939c8f5c,0x02f1ffe90ac332fcc432634c4fa69619e9c1d6a0,0,67555850,100,1,0x0000000000000000000000000000000000000000,18,URANUS,217,13.52398558424682,0.954954954954955,8,0.07407671789836791,0.004608294930875576,0.06406296618489418,106,217,13.52398558424682,True,train,True,2,60.0,35.0,False,12.660576270511537,0,False,False,False,1.5655564365146946,1.449742532765902
0xb3ac62762b3e6812b343f10ef3c97a558923fd4a9fef7e1769b87775939c8f5c,0x02f1ffe90ac332fcc432634c4fa69619e9c1d6a0,0,67555850,100,1,0x0000000000000000000000000000000000000000,18,URANUS,217,13.52398558424682,0.954954954954955,8,0.07407671789836791,0.004608294930875576,0.06406296618489418,106,217,13.52398558424682,True,train,True,4,25.0,15.0,True,1.1454504284141853,0,False,False,False,1.1019062302857123,1.0203914032772345
0xb3ac62762b3e6812b343f10ef3c97a558923fd4a9fef7e1769b87775939c8f5c,0x02f1ffe90ac332fcc432634c4fa69619e9c1d6a0,0,67555850,100,1,0x0000000000000000000000000000000000000000,18,URANUS,217,13.52398558424682,0.954954954954955,8,0.07407671789836791,0.004608294930875576,0.06406296618489418,106,217,13.52398558424682,True,train,True,4,25.0,15.0,False,1.1454504284141853,0,False,False,False,1.1019062302857123,1.0203914032772345
0xb3ac62762b3e6812b343f10ef3c97a558923fd4a9fef7e1769b87775939c8f5c,0x02f1ffe90ac332fcc432634c4fa69619e9c1d6a0,0,67555850,100,1,0x0000000000000000000000000000000000000000,18,URANUS,217,13.52398558424682,0.954954954954955,8,0.07407671789836791,0.004608294930875576,0.06406296618489418,106,217,13.52398558424682,True,train,True,4,25.0,25.0,True,1.1454504284141853,0,False,False,False,1.1019062302857123,1.0203914032772345
0xb3ac62762b3e6812b343f10ef3c97a558923fd4a9fef7e1769b87775939c8f5c,0x02f1ffe90ac332fcc432634c4fa69619e9c1d6a0,0,67555850,100,1,0x0000000000000000000000000000000000000000,18,URANUS,217,13.52398558424682,0.954954954954955,8,0.07407671789836791,0.004608294930875576,0.06406296618489418,106,217,13.52398558424682,True,train,True,4,25.0,25.0,False,1.1454504284141853,0,False,False,False,1.1019062302857123,1.0203914032772345
0xb3ac62762b3e6812b343f10ef3c97a558923fd4a9fef7e1769b87775939c8f5c,0x02f1ffe90ac332fcc432634c4fa69619e9c1d6a0,0,67555850,100,1,0x0000000000000000000000000000000000000000,18,URANUS,217,13.52398558424682,0.954954954954955,8,0.07407671789836791,0.004608294930875576,0.06406296618489418,106,217,13.52398558424682,True,train,True,4,25.0,35.0,True,1.1454504284141853,0,False,False,False,1.1019062302857123,1.0203914032772345
0xb3ac62762b3e6812b343f10ef3c97a558923fd4a9fef7e1769b87775939c8f5c,0x02f1ffe90ac332fcc432634c4fa69619e9c1d6a0,0,67555850,100,1,0x0000000000000000000000000000000000000000,18,URANUS,217,13.52398558424682,0.954954954954955,8,0.07407671789836791,0.004608294930875576,0.06406296618489418,106,217,13.52398558424682,True,train,True,4,25.0,35.0,False,1.1454504284141853,0,False,False,False,1.1019062302857123,1.0203914032772345
0xb3ac62762b3e6812b343f10ef3c97a558923fd4a9fef7e1769b87775939c8f5c,0x02f1ffe90ac332fcc432634c4fa69619e9c1d6a0,0,67555850,100,1,0x0000000000000000000000000000000000000000,18,URANUS,217,13.52398558424682,0.954954954954955,8,0.07407671789836791,0.004608294930875576,0.06406296618489418,106,217,13.52398558424682,True,train,True,4,40.0,15.0,True,1.1053944989325881,0,False,False,False,1.1019062302857123,1.0203914032772345
0xb3ac62762b3e6812b343f10ef3c97a558923fd4a9fef7e1769b87775939c8f5c,0x02f1ffe90ac332fcc432634c4fa69619e9c1d6a0,0,67555850,100,1,0x0000000000000000000000000000000000000000,18,URANUS,217,13.52398558424682,0.954954954954955,8,0.07407671789836791,0.004608294930875576,0.06406296618489418,106,217,13.52398558424682,True,train,True,4,40.0,15.0,False,1.1053944989325881,0,False,False,False,1.1019062302857123,1.0203914032772345
0xb3ac62762b3e6812b343f10ef3c97a558923fd4a9fef7e1769b87775939c8f5c,0x02f1ffe90ac332fcc432634c4fa69619e9c1d6a0,0,67555850,100,1,0x0000000000000000000000000000000000000000,18,URANUS,217,13.52398558424682,0.954954954954955,8,0.07407671789836791,0.004608294930875576,0.06406296618489418,106,217,13.52398558424682,True,train,True,4,40.0,25.0,True,1.1053944989325881,0,False,False,False,1.1019062302857123,1.0203914032772345
0xb3ac62762b3e6812b343f10ef3c97a558923fd4a9fef7e1769b87775939c8f5c,0x02f1ffe90ac332fcc432634c4fa69619e9c1d6a0,0,67555850,100,1,0x0000000000000000000000000000000000000000,18,URANUS,217,13.52398558424682,0.954954954954955,8,0.07407671789836791,0.004608294930875576,0.06406296618489418,106,217,13.52398558424682,True,train,True,4,40.0,25.0,False,1.1053944989325881,0,False,False,False,1.1019062302857123,1.0203914032772345
0xb3ac62762b3e6812b343f10ef3c97a558923fd4a9fef7e1769b87775939c8f5c,0x02f1ffe90ac332fcc432634c4fa69619e9c1d6a0,0,67555850,100,1,0x0000000000000000000000000000000000000000,18,URANUS,217,13.52398558424682,0.954954954954955,8,0.07407671789836791,0.004608294930875576,0.06406296618489418,106,217,13.52398558424682,True,train,True,4,40.0,35.0,True,1.1053944989325881,0,False,False,False,1.1019062302857123,1.0203914032772345
0xb3ac62762b3e6812b343f10ef3c97a558923fd4a9fef7e1769b87775939c8f5c,0x02f1ffe90ac332fcc432634c4fa69619e9c1d6a0,0,67555850,100,1,0x0000000000000000000000000000000000000000,18,URANUS,217,13.52398558424682,0.954954954954955,8,0.07407671789836791,0.004608294930875576,0.06406296618489418,106,217,13.52398558424682,True,train,True,4,40.0,35.0,False,1.1053944989325881,0,False,False,False,1.1019062302857123,1.0203914032772345
0xb3ac62762b3e6812b343f10ef3c97a558923fd4a9fef7e1769b87775939c8f5c,0x02f1ffe90ac332fcc432634c4fa69619e9c1d6a0,0,67555850,100,1,0x0000000000000000000000000000000000000000,18,URANUS,217,13.52398558424682,0.954954954954955,8,0.07407671789836791,0.004608294930875576,0.06406296618489418,106,217,13.52398558424682,True,train,True,4,60.0,15.0,True,1.0830257146789535,0,False,False,False,1.1019062302857123,1.0203914032772345
0xb3ac62762b3e6812b343f10ef3c97a558923fd4a9fef7e1769b87775939c8f5c,0x02f1ffe90ac332fcc432634c4fa69619e9c1d6a0,0,67555850,100,1,0x0000000000000000000000000000000000000000,18,URANUS,217,13.52398558424682,0.954954954954955,8,0.07407671789836791,0.004608294930875576,0.06406296618489418,106,217,13.52398558424682,True,train,True,4,60.0,15.0,False,1.0830257146789535,0,False,False,False,1.1019062302857123,1.0203914032772345
0xb3ac62762b3e6812b343f10ef3c97a558923fd4a9fef7e1769b87775939c8f5c,0x02f1ffe90ac332fcc432634c4fa69619e9c1d6a0,0,67555850,100,1,0x0000000000000000000000000000000000000000,18,URANUS,217,13.52398558424682,0.954954954954955,8,0.07407671789836791,0.004608294930875576,0.06406296618489418,106,217,13.52398558424682,True,train,True,4,60.0,25.0,True,1.0830257146789535,0,False,False,False,1.1019062302857123,1.0203914032772345
0xb3ac62762b3e6812b343f10ef3c97a558923fd4a9fef7e1769b87775939c8f5c,0x02f1ffe90ac332fcc432634c4fa69619e9c1d6a0,0,67555850,100,1,0x0000000000000000000000000000000000000000,18,URANUS,217,13.52398558424682,0.954954954954955,8,0.07407671789836791,0.004608294930875576,0.06406296618489418,106,217,13.52398558424682,True,train,True,4,60.0,25.0,False,1.0830257146789535,0,False,False,False,1.1019062302857123,1.0203914032772345
0xb3ac62762b3e6812b343f10ef3c97a558923fd4a9fef7e1769b87775939c8f5c,0x02f1ffe90ac332fcc432634c4fa69619e9c1d6a0,0,67555850,100,1,0x0000000000000000000000000000000000000000,18,URANUS,217,13.52398558424682,0.954954954954955,8,0.07407671789836791,0.004608294930875576,0.06406296618489418,106,217,13.52398558424682,True,train,True,4,60.0,35.0,True,1.0830257146789535,0,False,False,False,1.1019062302857123,1.0203914032772345
0xb3ac62762b3e6812b343f10ef3c97a558923fd4a9fef7e1769b87775939c8f5c,0x02f1ffe90ac332fcc432634c4fa69619e9c1d6a0,0,67555850,100,1,0x0000000000000000000000000000000000000000,18,URANUS,217,13.52398558424682,0.954954954954955,8,0.07407671789836791,0.004608294930875576,0.06406296618489418,106,217,13.52398558424682,True,train,True,4,60.0,35.0,False,1.0830257146789535,0,False,False,False,1.1019062302857123,1.0203914032772345
0xb3ac62762b3e6812b343f10ef3c97a558923fd4a9fef7e1769b87775939c8f5c,0x02f1ffe90ac332fcc432634c4fa69619e9c1d6a0,0,67555850,100,1,0x0000000000000000000000000000000000000000,18,URANUS,217,13.52398558424682,0.954954954954955,8,0.07407671789836791,0.004608294930875576,0.06406296618489418,106,217,13.52398558424682,True,train,True,6,25.0,15.0,True,3.805888015797154,0,False,False,False,1.1793014664047297,1.0920612345386296
0xb3ac62762b3e6812b343f10ef3c97a558923fd4a9fef7e1769b87775939c8f5c,0x02f1ffe90ac332fcc432634c4fa69619e9c1d6a0,0,67555850,100,1,0x0000000000000000000000000000000000000000,18,URANUS,217,13.52398558424682,0.954954954954955,8,0.07407671789836791,0.004608294930875576,0.06406296618489418,106,217,13.52398558424682,True,train,True,6,25.0,15.0,False,3.805888015797154,0,False,False,False,1.1793014664047297,1.0920612345386296
0xb3ac62762b3e6812b343f10ef3c97a558923fd4a9fef7e1769b87775939c8f5c,0x02f1ffe90ac332fcc432634c4fa69619e9c1d6a0,0,67555850,100,1,0x0000000000000000000000000000000000000000,18,URANUS,217,13.52398558424682,0.954954954954955,8,0.07407671789836791,0.004608294930875576,0.06406296618489418,106,217,13.52398558424682,True,train,True,6,25.0,25.0,True,3.805888015797154,0,False,False,False,1.1793014664047297,1.0920612345386296
0xb3ac62762b3e6812b343f10ef3c97a558923fd4a9fef7e1769b87775939c8f5c,0x02f1ffe90ac332fcc432634c4fa69619e9c1d6a0,0,67555850,100,1,0x0000000000000000000000000000000000000000,18,URANUS,217,13.52398558424682,0.954954954954955,8,0.07407671789836791,0.004608294930875576,0.06406296618489418,106,217,13.52398558424682,True,train,True,6,25.0,25.0,False,3.805888015797154,0,False,False,False,1.1793014664047297,1.0920612345386296
0xb3ac62762b3e6812b343f10ef3c97a558923fd4a9fef7e1769b87775939c8f5c,0x02f1ffe90ac332fcc432634c4fa69619e9c1d6a0,0,67555850,100,1,0x0000000000000000000000000000000000000000,18,URANUS,217,13.52398558424682,0.954954954954955,8,0.07407671789836791,0.004608294930875576,0.06406296618489418,106,217,13.52398558424682,True,train,True,6,25.0,35.0,True,3.805888015797154,0,False,False,False,1.1793014664047297,1.0920612345386296
0xb3ac62762b3e6812b343f10ef3c97a558923fd4a9fef7e1769b87775939c8f5c,0x02f1ffe90ac332fcc432634c4fa69619e9c1d6a0,0,67555850,100,1,0x0000000000000000000000000000000000000000,18,URANUS,217,13.52398558424682,0.954954954954955,8,0.07407671789836791,0.004608294930875576,0.06406296618489418,106,217,13.52398558424682,True,train,True,6,25.0,35.0,False,3.805888015797154,0,False,False,False,1.1793014664047297,1.0920612345386296
0xb3ac62762b3e6812b343f10ef3c97a558923fd4a9fef7e1769b87775939c8f5c,0x02f1ffe90ac332fcc432634c4fa69619e9c1d6a0,0,67555850,100,1,0x0000000000000000000000000000000000000000,18,URANUS,217,13.52398558424682,0.954954954954955,8,0.07407671789836791,0.004608294930875576,0.06406296618489418,106,217,13.52398558424682,True,train,True,6,40.0,15.0,True,4.059553942472038,0,False,False,False,1.1793014664047297,1.0920612345386296
0xb3ac62762b3e6812b343f10ef3c97a558923fd4a9fef7e1769b87775939c8f5c,0x02f1ffe90ac332fcc432634c4fa69619e9c1d6a0,0,67555850,100,1,0x0000000000000000000000000000000000000000,18,URANUS,217,13.52398558424682,0.954954954954955,8,0.07407671789836791,0.004608294930875576,0.06406296618489418,106,217,13.52398558424682,True,train,True,6,40.0,15.0,False,4.059553942472038,0,False,False,False,1.1793014664047297,1.0920612345386296
0xb3ac62762b3e6812b343f10ef3c97a558923fd4a9fef7e1769b87775939c8f5c,0x02f1ffe90ac332fcc432634c4fa69619e9c1d6a0,0,67555850,100,1,0x0000000000000000000000000000000000000000,18,URANUS,217,13.52398558424682,0.954954954954955,8,0.07407671789836791,0.004608294930875576,0.06406296618489418,106,217,13.52398558424682,True,train,True,6,40.0,25.0,True,4.059553942472038,0,False,False,False,1.1793014664047297,1.0920612345386296
0xb3ac62762b3e6812b343f10ef3c97a558923fd4a9fef7e1769b87775939c8f5c,0x02f1ffe90ac332fcc432634c4fa69619e9c1d6a0,0,67555850,100,1,0x0000000000000000000000000000000000000000,18,URANUS,217,13.52398558424682,0.954954954954955,8,0.07407671789836791,0.004608294930875576,0.06406296618489418,106,217,13.52398558424682,True,train,True,6,40.0,25.0,False,4.059553942472038,0,False,False,False,1.1793014664047297,1.0920612345386296
0xb3ac62762b3e6812b343f10ef3c97a558923fd4a9fef7e1769b87775939c8f5c,0x02f1ffe90ac332fcc432634c4fa69619e9c1d6a0,0,67555850,100,1,0x0000000000000000000000000000000000000000,18,URANUS,217,13.52398558424682,0.954954954954955,8,0.07407671789836791,0.004608294930875576,0.06406296618489418,106,217,13.52398558424682,True,train,True,6,40.0,35.0,True,4.059553942472038,0,False,False,False,1.1793014664047297,1.0920612345386296
0xb3ac62762b3e6812b343f10ef3c97a558923fd4a9fef7e1769b87775939c8f5c,0x02f1ffe90ac332fcc432634c4fa69619e9c1d6a0,0,67555850,100,1,0x0000000000000000000000000000000000000000,18,URANUS,217,13.52398558424682,0.954954954954955,8,0.07407671789836791,0.004608294930875576,0.06406296618489418,106,217,13.52398558424682,True,train,True,6,40.0,35.0,False,4.059553942472038,0,False,False,False,1.1793014664047297,1.0920612345386296
0xb3ac62762b3e6812b343f10ef3c97a558923fd4a9fef7e1769b87775939c8f5c,0x02f1ffe90ac332fcc432634c4fa69619e9c1d6a0,0,67555850,100,1,0x0000000000000000000000000000000000000000,18,URANUS,217,13.52398558424682,0.954954954954955,8,0.07407671789836791,0.004608294930875576,0.06406296618489418,106,217,13.52398558424682,True,train,True,6,60.0,15.0,True,4.201210832219093,0,False,False,False,1.1793014664047297,1.0920612345386296
0xb3ac62762b3e6812b343f10ef3c97a558923fd4a9fef7e1769b87775939c8f5c,0x02f1ffe90ac332fcc432634c4fa69619e9c1d6a0,0,67555850,100,1,0x0000000000000000000000000000000000000000,18,URANUS,217,13.52398558424682,0.954954954954955,8,0.07407671789836791,0.004608294930875576,0.06406296618489418,106,217,13.52398558424682,True,train,True,6,60.0,15.0,False,4.201210832219093,0,False,False,False,1.1793014664047297,1.0920612345386296
0xb3ac62762b3e6812b343f10ef3c97a558923fd4a9fef7e1769b87775939c8f5c,0x02f1ffe90ac332fcc432634c4fa69619e9c1d6a0,0,67555850,100,1,0x0000000000000000000000000000000000000000,18,URANUS,217,13.52398558424682,0.954954954954955,8,0.07407671789836791,0.004608294930875576,0.06406296618489418,106,217,13.52398558424682,True,train,True,6,60.0,25.0,True,4.201210832219093,0,False,False,False,1.1793014664047297,1.0920612345386296
0xb3ac62762b3e6812b343f10ef3c97a558923fd4a9fef7e1769b87775939c8f5c,0x02f1ffe90ac332fcc432634c4fa69619e9c1d6a0,0,67555850,100,1,0x0000000000000000000000000000000000000000,18,URANUS,217,13.52398558424682,0.954954954954955,8,0.07407671789836791,0.004608294930875576,0.06406296618489418,106,217,13.52398558424682,True,train,True,6,60.0,25.0,False,4.201210832219093,0,False,False,False,1.1793014664047297,1.0920612345386296
0xb3ac62762b3e6812b343f10ef3c97a558923fd4a9fef7e1769b87775939c8f5c,0x02f1ffe90ac332fcc432634c4fa69619e9c1d6a0,0,67555850,100,1,0x0000000000000000000000000000000000000000,18,URANUS,217,13.52398558424682,0.954954954954955,8,0.07407671789836791,0.004608294930875576,0.06406296618489418,106,217,13.52398558424682,True,train,True,6,60.0,35.0,True,4.201210832219093,0,False,False,False,1.1793014664047297,1.0920612345386296
0xb3ac62762b3e6812b343f10ef3c97a558923fd4a9fef7e1769b87775939c8f5c,0x02f1ffe90ac332fcc432634c4fa69619e9c1d6a0,0,67555850,100,1,0x0000000000000000000000000000000000000000,18,URANUS,217,13.52398558424682,0.954954954954955,8,0.07407671789836791,0.004608294930875576,0.06406296618489418,106,217,13.52398558424682,True,train,True,6,60.0,35.0,False,4.201210832219093,0,False,False,False,1.1793014664047297,1.0920612345386296
0xb3ac62762b3e6812b343f10ef3c97a558923fd4a9fef7e1769b87775939c8f5c,0x02f1ffe90ac332fcc432634c4fa69619e9c1d6a0,0,67555850,100,1,0x0000000000000000000000000000000000000000,18,URANUS,217,13.52398558424682,0.954954954954955,8,0.07407671789836791,0.004608294930875576,0.06406296618489418,106,217,13.52398558424682,True,train,True,12,25.0,15.0,True,3.149466153520053,0,False,False,False,1.1585761203371676,1.0728690706538655
0xb3ac62762b3e6812b343f10ef3c97a558923fd4a9fef7e1769b87775939c8f5c,0x02f1ffe90ac332fcc432634c4fa69619e9c1d6a0,0,67555850,100,1,0x0000000000000000000000000000000000000000,18,URANUS,217,13.52398558424682,0.954954954954955,8,0.07407671789836791,0.004608294930875576,0.06406296618489418,106,217,13.52398558424682,True,train,True,12,25.0,15.0,False,3.149466153520053,0,False,False,False,1.1585761203371676,1.0728690706538655
0xb3ac62762b3e6812b343f10ef3c97a558923fd4a9fef7e1769b87775939c8f5c,0x02f1ffe90ac332fcc432634c4fa69619e9c1d6a0,0,67555850,100,1,0x0000000000000000000000000000000000000000,18,URANUS,217,13.52398558424682,0.954954954954955,8,0.07407671789836791,0.004608294930875576,0.06406296618489418,106,217,13.52398558424682,True,train,True,12,25.0,25.0,True,3.149466153520053,0,False,False,False,1.1585761203371676,1.0728690706538655
0xb3ac62762b3e6812b343f10ef3c97a558923fd4a9fef7e1769b87775939c8f5c,0x02f1ffe90ac332fcc432634c4fa69619e9c1d6a0,0,67555850,100,1,0x0000000000000000000000000000000000000000,18,URANUS,217,13.52398558424682,0.954954954954955,8,0.07407671789836791,0.004608294930875576,0.06406296618489418,106,217,13.52398558424682,True,train,True,12,25.0,25.0,False,3.149466153520053,0,False,False,False,1.1585761203371676,1.0728690706538655
0xb3ac62762b3e6812b343f10ef3c97a558923fd4a9fef7e1769b87775939c8f5c,0x02f1ffe90ac332fcc432634c4fa69619e9c1d6a0,0,67555850,100,1,0x0000000000000000000000000000000000000000,18,URANUS,217,13.52398558424682,0.954954954954955,8,0.07407671789836791,0.004608294930875576,0.06406296618489418,106,217,13.52398558424682,True,train,True,12,25.0,35.0,True,3.149466153520053,0,False,False,False,1.1585761203371676,1.0728690706538655
0xb3ac62762b3e6812b343f10ef3c97a558923fd4a9fef7e1769b87775939c8f5c,0x02f1ffe90ac332fcc432634c4fa69619e9c1d6a0,0,67555850,100,1,0x0000000000000000000000000000000000000000,18,URANUS,217,13.52398558424682,0.954954954954955,8,0.07407671789836791,0.004608294930875576,0.06406296618489418,106,217,13.52398558424682,True,train,True,12,25.0,35.0,False,3.149466153520053,0,False,False,False,1.1585761203371676,1.0728690706538655
0xb3ac62762b3e6812b343f10ef3c97a558923fd4a9fef7e1769b87775939c8f5c,0x02f1ffe90ac332fcc432634c4fa69619e9c1d6a0,0,67555850,100,1,0x0000000000000000000000000000000000000000,18,URANUS,217,13.52398558424682,0.954954954954955,8,0.07407671789836791,0.004608294930875576,0.06406296618489418,106,217,13.52398558424682,True,train,True,12,40.0,15.0,True,3.306656191968993,0,False,False,False,1.1585761203371676,1.0728690706538655
0xb3ac62762b3e6812b343f10ef3c97a558923fd4a9fef7e1769b87775939c8f5c,0x02f1ffe90ac332fcc432634c4fa69619e9c1d6a0,0,67555850,100,1,0x0000000000000000000000000000000000000000,18,URANUS,217,13.52398558424682,0.954954954954955,8,0.07407671789836791,0.004608294930875576,0.06406296618489418,106,217,13.52398558424682,True,train,True,12,40.0,15.0,False,3.306656191968993,0,False,False,False,1.1585761203371676,1.0728690706538655
0xb3ac62762b3e6812b343f10ef3c97a558923fd4a9fef7e1769b87775939c8f5c,0x02f1ffe90ac332fcc432634c4fa69619e9c1d6a0,0,67555850,100,1,0x0000000000000000000000000000000000000000,18,URANUS,217,13.52398558424682,0.954954954954955,8,0.07407671789836791,0.004608294930875576,0.06406296618489418,106,217,13.52398558424682,True,train,True,12,40.0,25.0,True,3.306656191968993,0,False,False,False,1.1585761203371676,1.0728690706538655
0xb3ac62762b3e6812b343f10ef3c97a558923fd4a9fef7e1769b87775939c8f5c,0x02f1ffe90ac332fcc432634c4fa69619e9c1d6a0,0,67555850,100,1,0x0000000000000000000000000000000000000000,18,URANUS,217,13.52398558424682,0.954954954954955,8,0.07407671789836791,0.004608294930875576,0.06406296618489418,106,217,13.52398558424682,True,train,True,12,40.0,25.0,False,3.306656191968993,0,False,False,False,1.1585761203371676,1.0728690706538655
0xb3ac62762b3e6812b343f10ef3c97a558923fd4a9fef7e1769b87775939c8f5c,0x02f1ffe90ac332fcc432634c4fa69619e9c1d6a0,0,67555850,100,1,0x0000000000000000000000000000000000000000,18,URANUS,217,13.52398558424682,0.954954954954955,8,0.07407671789836791,0.004608294930875576,0.06406296618489418,106,217,13.52398558424682,True,train,True,12,40.0,35.0,True,3.306656191968993,0,False,False,False,1.1585761203371676,1.0728690706538655
0xb3ac62762b3e6812b343f10ef3c97a558923fd4a9fef7e1769b87775939c8f5c,0x02f1ffe90ac332fcc432634c4fa69619e9c1d6a0,0,67555850,100,1,0x0000000000000000000000000000000000000000,18,URANUS,217,13.52398558424682,0.954954954954955,8,0.07407671789836791,0.004608294930875576,0.06406296618489418,106,217,13.52398558424682,True,train,True,12,40.0,35.0,False,3.306656191968993,0,False,False,False,1.1585761203371676,1.0728690706538655
0xb3ac62762b3e6812b343f10ef3c97a558923fd4a9fef7e1769b87775939c8f5c,0x02f1ffe90ac332fcc432634c4fa69619e9c1d6a0,0,67555850,100,1,0x0000000000000000000000000000000000000000,18,URANUS,217,13.52398558424682,0.954954954954955,8,0.07407671789836791,0.004608294930875576,0.06406296618489418,106,217,13.52398558424682,True,train,True,12,60.0,15.0,True,3.3944372047276516,0,False,False,False,1.1585761203371676,1.0728690706538655
0xb3ac62762b3e6812b343f10ef3c97a558923fd4a9fef7e1769b87775939c8f5c,0x02f1ffe90ac332fcc432634c4fa69619e9c1d6a0,0,67555850,100,1,0x0000000000000000000000000000000000000000,18,URANUS,217,13.52398558424682,0.954954954954955,8,0.07407671789836791,0.004608294930875576,0.06406296618489418,106,217,13.52398558424682,True,train,True,12,60.0,15.0,False,3.3944372047276516,0,False,False,False,1.1585761203371676,1.0728690706538655
0xb3ac62762b3e6812b343f10ef3c97a558923fd4a9fef7e1769b87775939c8f5c,0x02f1ffe90ac332fcc432634c4fa69619e9c1d6a0,0,67555850,100,1,0x0000000000000000000000000000000000000000,18,URANUS,217,13.52398558424682,0.954954954954955,8,0.07407671789836791,0.004608294930875576,0.06406296618489418,106,217,13.52398558424682,True,train,True,12,60.0,25.0,True,3.3944372047276516,0,False,False,False,1.1585761203371676,1.0728690706538655
0xb3ac62762b3e6812b343f10ef3c97a558923fd4a9fef7e1769b87775939c8f5c,0x02f1ffe90ac332fcc432634c4fa69619e9c1d6a0,0,67555850,100,1,0x0000000000000000000000000000000000000000,18,URANUS,217,13.52398558424682,0.954954954954955,8,0.07407671789836791,0.004608294930875576,0.06406296618489418,106,217,13.52398558424682,True,train,True,12,60.0,25.0,False,3.3944372047276516,0,False,False,False,1.1585761203371676,1.0728690706538655
0xb3ac62762b3e6812b343f10ef3c97a558923fd4a9fef7e1769b87775939c8f5c,0x02f1ffe90ac332fcc432634c4fa69619e9c1d6a0,0,67555850,100,1,0x0000000000000000000000000000000000000000,18,URANUS,217,13.52398558424682,0.954954954954955,8,0.07407671789836791,0.004608294930875576,0.06406296618489418,106,217,13.52398558424682,True,train,True,12,60.0,35.0,True,3.3944372047276516,0,False,False,False,1.1585761203371676,1.0728690706538655
0xb3ac62762b3e6812b343f10ef3c97a558923fd4a9fef7e1769b87775939c8f5c,0x02f1ffe90ac332fcc432634c4fa69619e9c1d6a0,0,67555850,100,1,0x0000000000000000000000000000000000000000,18,URANUS,217,13.52398558424682,0.954954954954955,8,0.07407671789836791,0.004608294930875576,0.06406296618489418,106,217,13.52398558424682,True,train,True,12,60.0,35.0,False,3.3944372047276516,0,False,False,False,1.1585761203371676,1.0728690706538655
0xe7946e1bf9111a91a219144798681f02968fb01c909ecc20845021f659e96156,0x357c186b84294b7f268b864b4bbf40403e0e7ba3,0,67572543,8388608,200,0x4e3468951d49f2eea976ed0d6e75ffcb44a9a544,18,MUSEWORLD,6302,88.22117150179834,0.6330655610261726,8,0.06393613166160919,0.015709298635353856,0.0001405537049537305,2443,6302,88.22117150179834,True,train,True,2,25.0,15.0,True,3.62485833714834,2,False,False,False,1.748277631782234,1.3768194103494216
0xe7946e1bf9111a91a219144798681f02968fb01c909ecc20845021f659e96156,0x357c186b84294b7f268b864b4bbf40403e0e7ba3,0,67572543,8388608,200,0x4e3468951d49f2eea976ed0d6e75ffcb44a9a544,18,MUSEWORLD,6302,88.22117150179834,0.6330655610261726,8,0.06393613166160919,0.015709298635353856,0.0001405537049537305,2443,6302,88.22117150179834,True,train,True,2,25.0,15.0,False,3.62485833714834,2,False,False,False,1.748277631782234,1.3768194103494216
0xe7946e1bf9111a91a219144798681f02968fb01c909ecc20845021f659e96156,0x357c186b84294b7f268b864b4bbf40403e0e7ba3,0,67572543,8388608,200,0x4e3468951d49f2eea976ed0d6e75ffcb44a9a544,18,MUSEWORLD,6302,88.22117150179834,0.6330655610261726,8,0.06393613166160919,0.015709298635353856,0.0001405537049537305,2443,6302,88.22117150179834,True,train,True,2,25.0,25.0,True,3.62485833714834,2,False,False,False,1.748277631782234,1.3768194103494216
0xe7946e1bf9111a91a219144798681f02968fb01c909ecc20845021f659e96156,0x357c186b84294b7f268b864b4bbf40403e0e7ba3,0,67572543,8388608,200,0x4e3468951d49f2eea976ed0d6e75ffcb44a9a544,18,MUSEWORLD,6302,88.22117150179834,0.6330655610261726,8,0.06393613166160919,0.015709298635353856,0.0001405537049537305,2443,6302,88.22117150179834,True,train,True,2,25.0,25.0,False,3.62485833714834,2,False,False,False,1.748277631782234,1.3768194103494216
0xe7946e1bf9111a91a219144798681f02968fb01c909ecc20845021f659e96156,0x357c186b84294b7f268b864b4bbf40403e0e7ba3,0,67572543,8388608,200,0x4e3468951d49f2eea976ed0d6e75ffcb44a9a544,18,MUSEWORLD,6302,88.22117150179834,0.6330655610261726,8,0.06393613166160919,0.015709298635353856,0.0001405537049537305,2443,6302,88.22117150179834,True,train,True,2,25.0,35.0,True,3.62485833714834,2,False,False,False,1.748277631782234,1.3768194103494216
0xe7946e1bf9111a91a219144798681f02968fb01c909ecc20845021f659e96156,0x357c186b84294b7f268b864b4bbf40403e0e7ba3,0,67572543,8388608,200,0x4e3468951d49f2eea976ed0d6e75ffcb44a9a544,18,MUSEWORLD,6302,88.22117150179834,0.6330655610261726,8,0.06393613166160919,0.015709298635353856,0.0001405537049537305,2443,6302,88.22117150179834,True,train,True,2,25.0,35.0,False,3.62485833714834,2,False,False,False,1.748277631782234,1.3768194103494216
0xe7946e1bf9111a91a219144798681f02968fb01c909ecc20845021f659e96156,0x357c186b84294b7f268b864b4bbf40403e0e7ba3,0,67572543,8388608,200,0x4e3468951d49f2eea976ed0d6e75ffcb44a9a544,18,MUSEWORLD,6302,88.22117150179834,0.6330655610261726,8,0.06393613166160919,0.015709298635353856,0.0001405537049537305,2443,6302,88.22117150179834,True,train,True,2,40.0,15.0,True,8.415115514646487,1,False,False,False,1.748277631782234,1.3768194103494216
0xe7946e1bf9111a91a219144798681f02968fb01c909ecc20845021f659e96156,0x357c186b84294b7f268b864b4bbf40403e0e7ba3,0,67572543,8388608,200,0x4e3468951d49f2eea976ed0d6e75ffcb44a9a544,18,MUSEWORLD,6302,88.22117150179834,0.6330655610261726,8,0.06393613166160919,0.015709298635353856,0.0001405537049537305,2443,6302,88.22117150179834,True,train,True,2,40.0,15.0,False,8.415115514646487,1,False,False,False,1.748277631782234,1.3768194103494216
0xe7946e1bf9111a91a219144798681f02968fb01c909ecc20845021f659e96156,0x357c186b84294b7f268b864b4bbf40403e0e7ba3,0,67572543,8388608,200,0x4e3468951d49f2eea976ed0d6e75ffcb44a9a544,18,MUSEWORLD,6302,88.22117150179834,0.6330655610261726,8,0.06393613166160919,0.015709298635353856,0.0001405537049537305,2443,6302,88.22117150179834,True,train,True,2,40.0,25.0,True,8.415115514646487,1,False,False,False,1.748277631782234,1.3768194103494216
0xe7946e1bf9111a91a219144798681f02968fb01c909ecc20845021f659e96156,0x357c186b84294b7f268b864b4bbf40403e0e7ba3,0,67572543,8388608,200,0x4e3468951d49f2eea976ed0d6e75ffcb44a9a544,18,MUSEWORLD,6302,88.22117150179834,0.6330655610261726,8,0.06393613166160919,0.015709298635353856,0.0001405537049537305,2443,6302,88.22117150179834,True,train,True,2,40.0,25.0,False,8.415115514646487,1,False,False,False,1.748277631782234,1.3768194103494216
0xe7946e1bf9111a91a219144798681f02968fb01c909ecc20845021f659e96156,0x357c186b84294b7f268b864b4bbf40403e0e7ba3,0,67572543,8388608,200,0x4e3468951d49f2eea976ed0d6e75ffcb44a9a544,18,MUSEWORLD,6302,88.22117150179834,0.6330655610261726,8,0.06393613166160919,0.015709298635353856,0.0001405537049537305,2443,6302,88.22117150179834,True,train,True,2,40.0,35.0,True,8.415115514646487,1,False,False,False,1.748277631782234,1.3768194103494216
0xe7946e1bf9111a91a219144798681f02968fb01c909ecc20845021f659e96156,0x357c186b84294b7f268b864b4bbf40403e0e7ba3,0,67572543,8388608,200,0x4e3468951d49f2eea976ed0d6e75ffcb44a9a544,18,MUSEWORLD,6302,88.22117150179834,0.6330655610261726,8,0.06393613166160919,0.015709298635353856,0.0001405537049537305,2443,6302,88.22117150179834,True,train,True,2,40.0,35.0,False,8.415115514646487,1,False,False,False,1.748277631782234,1.3768194103494216
0xe7946e1bf9111a91a219144798681f02968fb01c909ecc20845021f659e96156,0x357c186b84294b7f268b864b4bbf40403e0e7ba3,0,67572543,8388608,200,0x4e3468951d49f2eea976ed0d6e75ffcb44a9a544,18,MUSEWORLD,6302,88.22117150179834,0.6330655610261726,8,0.06393613166160919,0.015709298635353856,0.0001405537049537305,2443,6302,88.22117150179834,True,train,True,2,60.0,15.0,True,4.596052573881204,1,False,False,False,1.748277631782234,1.3768194103494216
0xe7946e1bf9111a91a219144798681f02968fb01c909ecc20845021f659e96156,0x357c186b84294b7f268b864b4bbf40403e0e7ba3,0,67572543,8388608,200,0x4e3468951d49f2eea976ed0d6e75ffcb44a9a544,18,MUSEWORLD,6302,88.22117150179834,0.6330655610261726,8,0.06393613166160919,0.015709298635353856,0.0001405537049537305,2443,6302,88.22117150179834,True,train,True,2,60.0,15.0,False,4.596052573881204,1,False,False,False,1.748277631782234,1.3768194103494216
0xe7946e1bf9111a91a219144798681f02968fb01c909ecc20845021f659e96156,0x357c186b84294b7f268b864b4bbf40403e0e7ba3,0,67572543,8388608,200,0x4e3468951d49f2eea976ed0d6e75ffcb44a9a544,18,MUSEWORLD,6302,88.22117150179834,0.6330655610261726,8,0.06393613166160919,0.015709298635353856,0.0001405537049537305,2443,6302,88.22117150179834,True,train,True,2,60.0,25.0,True,4.596052573881204,1,False,False,False,1.748277631782234,1.3768194103494216
0xe7946e1bf9111a91a219144798681f02968fb01c909ecc20845021f659e96156,0x357c186b84294b7f268b864b4bbf40403e0e7ba3,0,67572543,8388608,200,0x4e3468951d49f2eea976ed0d6e75ffcb44a9a544,18,MUSEWORLD,6302,88.22117150179834,0.6330655610261726,8,0.06393613166160919,0.015709298635353856,0.0001405537049537305,2443,6302,88.22117150179834,True,train,True,2,60.0,25.0,False,4.596052573881204,1,False,False,False,1.748277631782234,1.3768194103494216
0xe7946e1bf9111a91a219144798681f02968fb01c909ecc20845021f659e96156,0x357c186b84294b7f268b864b4bbf40403e0e7ba3,0,67572543,8388608,200,0x4e3468951d49f2eea976ed0d6e75ffcb44a9a544,18,MUSEWORLD,6302,88.22117150179834,0.6330655610261726,8,0.06393613166160919,0.015709298635353856,0.0001405537049537305,2443,6302,88.22117150179834,True,train,True,2,60.0,35.0,True,4.596052573881204,1,False,False,False,1.748277631782234,1.3768194103494216
0xe7946e1bf9111a91a219144798681f02968fb01c909ecc20845021f659e96156,0x357c186b84294b7f268b864b4bbf40403e0e7ba3,0,67572543,8388608,200,0x4e3468951d49f2eea976ed0d6e75ffcb44a9a544,18,MUSEWORLD,6302,88.22117150179834,0.6330655610261726,8,0.06393613166160919,0.015709298635353856,0.0001405537049537305,2443,6302,88.22117150179834,True,train,True,2,60.0,35.0,False,4.596052573881204,1,False,False,False,1.748277631782234,1.3768194103494216
0xe7946e1bf9111a91a219144798681f02968fb01c909ecc20845021f659e96156,0x357c186b84294b7f268b864b4bbf40403e0e7ba3,0,67572543,8388608,200,0x4e3468951d49f2eea976ed0d6e75ffcb44a9a544,18,MUSEWORLD,6302,88.22117150179834,0.6330655610261726,8,0.06393613166160919,0.015709298635353856,0.0001405537049537305,2443,6302,88.22117150179834,True,train,True,4,25.0,15.0,True,1.9562261424514782,2,False,False,False,1.7119513205115195,1.3482113851967297
0xe7946e1bf9111a91a219144798681f02968fb01c909ecc20845021f659e96156,0x357c186b84294b7f268b864b4bbf40403e0e7ba3,0,67572543,8388608,200,0x4e3468951d49f2eea976ed0d6e75ffcb44a9a544,18,MUSEWORLD,6302,88.22117150179834,0.6330655610261726,8,0.06393613166160919,0.015709298635353856,0.0001405537049537305,2443,6302,88.22117150179834,True,train,True,4,25.0,15.0,False,1.9562261424514782,2,False,False,False,1.7119513205115195,1.3482113851967297
0xe7946e1bf9111a91a219144798681f02968fb01c909ecc20845021f659e96156,0x357c186b84294b7f268b864b4bbf40403e0e7ba3,0,67572543,8388608,200,0x4e3468951d49f2eea976ed0d6e75ffcb44a9a544,18,MUSEWORLD,6302,88.22117150179834,0.6330655610261726,8,0.06393613166160919,0.015709298635353856,0.0001405537049537305,2443,6302,88.22117150179834,True,train,True,4,25.0,25.0,True,1.9562261424514782,2,False,False,False,1.7119513205115195,1.3482113851967297
0xe7946e1bf9111a91a219144798681f02968fb01c909ecc20845021f659e96156,0x357c186b84294b7f268b864b4bbf40403e0e7ba3,0,67572543,8388608,200,0x4e3468951d49f2eea976ed0d6e75ffcb44a9a544,18,MUSEWORLD,6302,88.22117150179834,0.6330655610261726,8,0.06393613166160919,0.015709298635353856,0.0001405537049537305,2443,6302,88.22117150179834,True,train,True,4,25.0,25.0,False,1.9562261424514782,2,False,False,False,1.7119513205115195,1.3482113851967297
0xe7946e1bf9111a91a219144798681f02968fb01c909ecc20845021f659e96156,0x357c186b84294b7f268b864b4bbf40403e0e7ba3,0,67572543,8388608,200,0x4e3468951d49f2eea976ed0d6e75ffcb44a9a544,18,MUSEWORLD,6302,88.22117150179834,0.6330655610261726,8,0.06393613166160919,0.015709298635353856,0.0001405537049537305,2443,6302,88.22117150179834,True,train,True,4,25.0,35.0,True,1.9562261424514782,2,False,False,False,1.7119513205115195,1.3482113851967297
0xe7946e1bf9111a91a219144798681f02968fb01c909ecc20845021f659e96156,0x357c186b84294b7f268b864b4bbf40403e0e7ba3,0,67572543,8388608,200,0x4e3468951d49f2eea976ed0d6e75ffcb44a9a544,18,MUSEWORLD,6302,88.22117150179834,0.6330655610261726,8,0.06393613166160919,0.015709298635353856,0.0001405537049537305,2443,6302,88.22117150179834,True,train,True,4,25.0,35.0,False,1.9562261424514782,2,False,False,False,1.7119513205115195,1.3482113851967297
0xe7946e1bf9111a91a219144798681f02968fb01c909ecc20845021f659e96156,0x357c186b84294b7f268b864b4bbf40403e0e7ba3,0,67572543,8388608,200,0x4e3468951d49f2eea976ed0d6e75ffcb44a9a544,18,MUSEWORLD,6302,88.22117150179834,0.6330655610261726,8,0.06393613166160919,0.015709298635353856,0.0001405537049537305,2443,6302,88.22117150179834,True,train,True,4,40.0,15.0,True,8.387008557169008,1,False,False,False,1.7119513205115195,1.3482113851967297
0xe7946e1bf9111a91a219144798681f02968fb01c909ecc20845021f659e96156,0x357c186b84294b7f268b864b4bbf40403e0e7ba3,0,67572543,8388608,200,0x4e3468951d49f2eea976ed0d6e75ffcb44a9a544,18,MUSEWORLD,6302,88.22117150179834,0.6330655610261726,8,0.06393613166160919,0.015709298635353856,0.0001405537049537305,2443,6302,88.22117150179834,True,train,True,4,40.0,15.0,False,8.387008557169008,1,False,False,False,1.7119513205115195,1.3482113851967297
0xe7946e1bf9111a91a219144798681f02968fb01c909ecc20845021f659e96156,0x357c186b84294b7f268b864b4bbf40403e0e7ba3,0,67572543,8388608,200,0x4e3468951d49f2eea976ed0d6e75ffcb44a9a544,18,MUSEWORLD,6302,88.22117150179834,0.6330655610261726,8,0.06393613166160919,0.015709298635353856,0.0001405537049537305,2443,6302,88.22117150179834,True,train,True,4,40.0,25.0,True,8.387008557169008,1,False,False,False,1.7119513205115195,1.3482113851967297
0xe7946e1bf9111a91a219144798681f02968fb01c909ecc20845021f659e96156,0x357c186b84294b7f268b864b4bbf40403e0e7ba3,0,67572543,8388608,200,0x4e3468951d49f2eea976ed0d6e75ffcb44a9a544,18,MUSEWORLD,6302,88.22117150179834,0.6330655610261726,8,0.06393613166160919,0.015709298635353856,0.0001405537049537305,2443,6302,88.22117150179834,True,train,True,4,40.0,25.0,False,8.387008557169008,1,False,False,False,1.7119513205115195,1.3482113851967297
0xe7946e1bf9111a91a219144798681f02968fb01c909ecc20845021f659e96156,0x357c186b84294b7f268b864b4bbf40403e0e7ba3,0,67572543,8388608,200,0x4e3468951d49f2eea976ed0d6e75ffcb44a9a544,18,MUSEWORLD,6302,88.22117150179834,0.6330655610261726,8,0.06393613166160919,0.015709298635353856,0.0001405537049537305,2443,6302,88.22117150179834,True,train,True,4,40.0,35.0,True,8.387008557169008,1,False,False,False,1.7119513205115195,1.3482113851967297
0xe7946e1bf9111a91a219144798681f02968fb01c909ecc20845021f659e96156,0x357c186b84294b7f268b864b4bbf40403e0e7ba3,0,67572543,8388608,200,0x4e3468951d49f2eea976ed0d6e75ffcb44a9a544,18,MUSEWORLD,6302,88.22117150179834,0.6330655610261726,8,0.06393613166160919,0.015709298635353856,0.0001405537049537305,2443,6302,88.22117150179834,True,train,True,4,40.0,35.0,False,8.387008557169008,1,False,False,False,1.7119513205115195,1.3482113851967297
0xe7946e1bf9111a91a219144798681f02968fb01c909ecc20845021f659e96156,0x357c186b84294b7f268b864b4bbf40403e0e7ba3,0,67572543,8388608,200,0x4e3468951d49f2eea976ed0d6e75ffcb44a9a544,18,MUSEWORLD,6302,88.22117150179834,0.6330655610261726,8,0.06393613166160919,0.015709298635353856,0.0001405537049537305,2443,6302,88.22117150179834,True,train,True,4,60.0,15.0,True,2.5255232721755894,1,False,False,False,1.7119513205115195,1.3482113851967297
0xe7946e1bf9111a91a219144798681f02968fb01c909ecc20845021f659e96156,0x357c186b84294b7f268b864b4bbf40403e0e7ba3,0,67572543,8388608,200,0x4e3468951d49f2eea976ed0d6e75ffcb44a9a544,18,MUSEWORLD,6302,88.22117150179834,0.6330655610261726,8,0.06393613166160919,0.015709298635353856,0.0001405537049537305,2443,6302,88.22117150179834,True,train,True,4,60.0,15.0,False,2.5255232721755894,1,False,False,False,1.7119513205115195,1.3482113851967297
0xe7946e1bf9111a91a219144798681f02968fb01c909ecc20845021f659e96156,0x357c186b84294b7f268b864b4bbf40403e0e7ba3,0,67572543,8388608,200,0x4e3468951d49f2eea976ed0d6e75ffcb44a9a544,18,MUSEWORLD,6302,88.22117150179834,0.6330655610261726,8,0.06393613166160919,0.015709298635353856,0.0001405537049537305,2443,6302,88.22117150179834,True,train,True,4,60.0,25.0,True,2.5255232721755894,1,False,False,False,1.7119513205115195,1.3482113851967297
0xe7946e1bf9111a91a219144798681f02968fb01c909ecc20845021f659e96156,0x357c186b84294b7f268b864b4bbf40403e0e7ba3,0,67572543,8388608,200,0x4e3468951d49f2eea976ed0d6e75ffcb44a9a544,18,MUSEWORLD,6302,88.22117150179834,0.6330655610261726,8,0.06393613166160919,0.015709298635353856,0.0001405537049537305,2443,6302,88.22117150179834,True,train,True,4,60.0,25.0,False,2.5255232721755894,1,False,False,False,1.7119513205115195,1.3482113851967297
0xe7946e1bf9111a91a219144798681f02968fb01c909ecc20845021f659e96156,0x357c186b84294b7f268b864b4bbf40403e0e7ba3,0,67572543,8388608,200,0x4e3468951d49f2eea976ed0d6e75ffcb44a9a544,18,MUSEWORLD,6302,88.22117150179834,0.6330655610261726,8,0.06393613166160919,0.015709298635353856,0.0001405537049537305,2443,6302,88.22117150179834,True,train,True,4,60.0,35.0,True,2.5255232721755894,1,False,False,False,1.7119513205115195,1.3482113851967297
0xe7946e1bf9111a91a219144798681f02968fb01c909ecc20845021f659e96156,0x357c186b84294b7f268b864b4bbf40403e0e7ba3,0,67572543,8388608,200,0x4e3468951d49f2eea976ed0d6e75ffcb44a9a544,18,MUSEWORLD,6302,88.22117150179834,0.6330655610261726,8,0.06393613166160919,0.015709298635353856,0.0001405537049537305,2443,6302,88.22117150179834,True,train,True,4,60.0,35.0,False,2.5255232721755894,1,False,False,False,1.7119513205115195,1.3482113851967297
0xe7946e1bf9111a91a219144798681f02968fb01c909ecc20845021f659e96156,0x357c186b84294b7f268b864b4bbf40403e0e7ba3,0,67572543,8388608,200,0x4e3468951d49f2eea976ed0d6e75ffcb44a9a544,18,MUSEWORLD,6302,88.22117150179834,0.6330655610261726,8,0.06393613166160919,0.015709298635353856,0.0001405537049537305,2443,6302,88.22117150179834,True,train,True,6,25.0,15.0,True,1.9549111520512863,2,False,False,False,1.7072060364469201,1.3444743361783185
0xe7946e1bf9111a91a219144798681f02968fb01c909ecc20845021f659e96156,0x357c186b84294b7f268b864b4bbf40403e0e7ba3,0,67572543,8388608,200,0x4e3468951d49f2eea976ed0d6e75ffcb44a9a544,18,MUSEWORLD,6302,88.22117150179834,0.6330655610261726,8,0.06393613166160919,0.015709298635353856,0.0001405537049537305,2443,6302,88.22117150179834,True,train,True,6,25.0,15.0,False,1.9549111520512863,2,False,False,False,1.7072060364469201,1.3444743361783185
0xe7946e1bf9111a91a219144798681f02968fb01c909ecc20845021f659e96156,0x357c186b84294b7f268b864b4bbf40403e0e7ba3,0,67572543,8388608,200,0x4e3468951d49f2eea976ed0d6e75ffcb44a9a544,18,MUSEWORLD,6302,88.22117150179834,0.6330655610261726,8,0.06393613166160919,0.015709298635353856,0.0001405537049537305,2443,6302,88.22117150179834,True,train,True,6,25.0,25.0,True,1.9549111520512863,2,False,False,False,1.7072060364469201,1.3444743361783185
0xe7946e1bf9111a91a219144798681f02968fb01c909ecc20845021f659e96156,0x357c186b84294b7f268b864b4bbf40403e0e7ba3,0,67572543,8388608,200,0x4e3468951d49f2eea976ed0d6e75ffcb44a9a544,18,MUSEWORLD,6302,88.22117150179834,0.6330655610261726,8,0.06393613166160919,0.015709298635353856,0.0001405537049537305,2443,6302,88.22117150179834,True,train,True,6,25.0,25.0,False,1.9549111520512863,2,False,False,False,1.7072060364469201,1.3444743361783185
0xe7946e1bf9111a91a219144798681f02968fb01c909ecc20845021f659e96156,0x357c186b84294b7f268b864b4bbf40403e0e7ba3,0,67572543,8388608,200,0x4e3468951d49f2eea976ed0d6e75ffcb44a9a544,18,MUSEWORLD,6302,88.22117150179834,0.6330655610261726,8,0.06393613166160919,0.015709298635353856,0.0001405537049537305,2443,6302,88.22117150179834,True,train,True,6,25.0,35.0,True,1.9549111520512863,2,False,False,False,1.7072060364469201,1.3444743361783185
0xe7946e1bf9111a91a219144798681f02968fb01c909ecc20845021f659e96156,0x357c186b84294b7f268b864b4bbf40403e0e7ba3,0,67572543,8388608,200,0x4e3468951d49f2eea976ed0d6e75ffcb44a9a544,18,MUSEWORLD,6302,88.22117150179834,0.6330655610261726,8,0.06393613166160919,0.015709298635353856,0.0001405537049537305,2443,6302,88.22117150179834,True,train,True,6,25.0,35.0,False,1.9549111520512863,2,False,False,False,1.7072060364469201,1.3444743361783185
0xe7946e1bf9111a91a219144798681f02968fb01c909ecc20845021f659e96156,0x357c186b84294b7f268b864b4bbf40403e0e7ba3,0,67572543,8388608,200,0x4e3468951d49f2eea976ed0d6e75ffcb44a9a544,18,MUSEWORLD,6302,88.22117150179834,0.6330655610261726,8,0.06393613166160919,0.015709298635353856,0.0001405537049537305,2443,6302,88.22117150179834,True,train,True,6,40.0,15.0,True,7.6494462543973185,1,False,False,False,1.7072060364469201,1.3444743361783185
0xe7946e1bf9111a91a219144798681f02968fb01c909ecc20845021f659e96156,0x357c186b84294b7f268b864b4bbf40403e0e7ba3,0,67572543,8388608,200,0x4e3468951d49f2eea976ed0d6e75ffcb44a9a544,18,MUSEWORLD,6302,88.22117150179834,0.6330655610261726,8,0.06393613166160919,0.015709298635353856,0.0001405537049537305,2443,6302,88.22117150179834,True,train,True,6,40.0,15.0,False,7.6494462543973185,1,False,False,False,1.7072060364469201,1.3444743361783185
0xe7946e1bf9111a91a219144798681f02968fb01c909ecc20845021f659e96156,0x357c186b84294b7f268b864b4bbf40403e0e7ba3,0,67572543,8388608,200,0x4e3468951d49f2eea976ed0d6e75ffcb44a9a544,18,MUSEWORLD,6302,88.22117150179834,0.6330655610261726,8,0.06393613166160919,0.015709298635353856,0.0001405537049537305,2443,6302,88.22117150179834,True,train,True,6,40.0,25.0,True,7.6494462543973185,1,False,False,False,1.7072060364469201,1.3444743361783185
0xe7946e1bf9111a91a219144798681f02968fb01c909ecc20845021f659e96156,0x357c186b84294b7f268b864b4bbf40403e0e7ba3,0,67572543,8388608,200,0x4e3468951d49f2eea976ed0d6e75ffcb44a9a544,18,MUSEWORLD,6302,88.22117150179834,0.6330655610261726,8,0.06393613166160919,0.015709298635353856,0.0001405537049537305,2443,6302,88.22117150179834,True,train,True,6,40.0,25.0,False,7.6494462543973185,1,False,False,False,1.7072060364469201,1.3444743361783185
0xe7946e1bf9111a91a219144798681f02968fb01c909ecc20845021f659e96156,0x357c186b84294b7f268b864b4bbf40403e0e7ba3,0,67572543,8388608,200,0x4e3468951d49f2eea976ed0d6e75ffcb44a9a544,18,MUSEWORLD,6302,88.22117150179834,0.6330655610261726,8,0.06393613166160919,0.015709298635353856,0.0001405537049537305,2443,6302,88.22117150179834,True,train,True,6,40.0,35.0,True,7.6494462543973185,1,False,False,False,1.7072060364469201,1.3444743361783185
0xe7946e1bf9111a91a219144798681f02968fb01c909ecc20845021f659e96156,0x357c186b84294b7f268b864b4bbf40403e0e7ba3,0,67572543,8388608,200,0x4e3468951d49f2eea976ed0d6e75ffcb44a9a544,18,MUSEWORLD,6302,88.22117150179834,0.6330655610261726,8,0.06393613166160919,0.015709298635353856,0.0001405537049537305,2443,6302,88.22117150179834,True,train,True,6,40.0,35.0,False,7.6494462543973185,1,False,False,False,1.7072060364469201,1.3444743361783185
0xe7946e1bf9111a91a219144798681f02968fb01c909ecc20845021f659e96156,0x357c186b84294b7f268b864b4bbf40403e0e7ba3,0,67572543,8388608,200,0x4e3468951d49f2eea976ed0d6e75ffcb44a9a544,18,MUSEWORLD,6302,88.22117150179834,0.6330655610261726,8,0.06393613166160919,0.015709298635353856,0.0001405537049537305,2443,6302,88.22117150179834,True,train,True,6,60.0,15.0,True,2.5240863263848112,1,False,False,False,1.7072060364469201,1.3444743361783185
0xe7946e1bf9111a91a219144798681f02968fb01c909ecc20845021f659e96156,0x357c186b84294b7f268b864b4bbf40403e0e7ba3,0,67572543,8388608,200,0x4e3468951d49f2eea976ed0d6e75ffcb44a9a544,18,MUSEWORLD,6302,88.22117150179834,0.6330655610261726,8,0.06393613166160919,0.015709298635353856,0.0001405537049537305,2443,6302,88.22117150179834,True,train,True,6,60.0,15.0,False,2.5240863263848112,1,False,False,False,1.7072060364469201,1.3444743361783185
0xe7946e1bf9111a91a219144798681f02968fb01c909ecc20845021f659e96156,0x357c186b84294b7f268b864b4bbf40403e0e7ba3,0,67572543,8388608,200,0x4e3468951d49f2eea976ed0d6e75ffcb44a9a544,18,MUSEWORLD,6302,88.22117150179834,0.6330655610261726,8,0.06393613166160919,0.015709298635353856,0.0001405537049537305,2443,6302,88.22117150179834,True,train,True,6,60.0,25.0,True,2.5240863263848112,1,False,False,False,1.7072060364469201,1.3444743361783185
0xe7946e1bf9111a91a219144798681f02968fb01c909ecc20845021f659e96156,0x357c186b84294b7f268b864b4bbf40403e0e7ba3,0,67572543,8388608,200,0x4e3468951d49f2eea976ed0d6e75ffcb44a9a544,18,MUSEWORLD,6302,88.22117150179834,0.6330655610261726,8,0.06393613166160919,0.015709298635353856,0.0001405537049537305,2443,6302,88.22117150179834,True,train,True,6,60.0,25.0,False,2.5240863263848112,1,False,False,False,1.7072060364469201,1.3444743361783185
0xe7946e1bf9111a91a219144798681f02968fb01c909ecc20845021f659e96156,0x357c186b84294b7f268b864b4bbf40403e0e7ba3,0,67572543,8388608,200,0x4e3468951d49f2eea976ed0d6e75ffcb44a9a544,18,MUSEWORLD,6302,88.22117150179834,0.6330655610261726,8,0.06393613166160919,0.015709298635353856,0.0001405537049537305,2443,6302,88.22117150179834,True,train,True,6,60.0,35.0,True,2.5240863263848112,1,False,False,False,1.7072060364469201,1.3444743361783185
0xe7946e1bf9111a91a219144798681f02968fb01c909ecc20845021f659e96156,0x357c186b84294b7f268b864b4bbf40403e0e7ba3,0,67572543,8388608,200,0x4e3468951d49f2eea976ed0d6e75ffcb44a9a544,18,MUSEWORLD,6302,88.22117150179834,0.6330655610261726,8,0.06393613166160919,0.015709298635353856,0.0001405537049537305,2443,6302,88.22117150179834,True,train,True,6,60.0,35.0,False,2.5240863263848112,1,False,False,False,1.7072060364469201,1.3444743361783185
0xe7946e1bf9111a91a219144798681f02968fb01c909ecc20845021f659e96156,0x357c186b84294b7f268b864b4bbf40403e0e7ba3,0,67572543,8388608,200,0x4e3468951d49f2eea976ed0d6e75ffcb44a9a544,18,MUSEWORLD,6302,88.22117150179834,0.6330655610261726,8,0.06393613166160919,0.015709298635353856,0.0001405537049537305,2443,6302,88.22117150179834,True,train,True,12,25.0,15.0,True,1.9376329420004224,2,False,False,False,1.7325240616147983,1.3644130163107837
0xe7946e1bf9111a91a219144798681f02968fb01c909ecc20845021f659e96156,0x357c186b84294b7f268b864b4bbf40403e0e7ba3,0,67572543,8388608,200,0x4e3468951d49f2eea976ed0d6e75ffcb44a9a544,18,MUSEWORLD,6302,88.22117150179834,0.6330655610261726,8,0.06393613166160919,0.015709298635353856,0.0001405537049537305,2443,6302,88.22117150179834,True,train,True,12,25.0,15.0,False,1.9376329420004224,2,False,False,False,1.7325240616147983,1.3644130163107837
0xe7946e1bf9111a91a219144798681f02968fb01c909ecc20845021f659e96156,0x357c186b84294b7f268b864b4bbf40403e0e7ba3,0,67572543,8388608,200,0x4e3468951d49f2eea976ed0d6e75ffcb44a9a544,18,MUSEWORLD,6302,88.22117150179834,0.6330655610261726,8,0.06393613166160919,0.015709298635353856,0.0001405537049537305,2443,6302,88.22117150179834,True,train,True,12,25.0,25.0,True,1.9376329420004224,2,False,False,False,1.7325240616147983,1.3644130163107837
0xe7946e1bf9111a91a219144798681f02968fb01c909ecc20845021f659e96156,0x357c186b84294b7f268b864b4bbf40403e0e7ba3,0,67572543,8388608,200,0x4e3468951d49f2eea976ed0d6e75ffcb44a9a544,18,MUSEWORLD,6302,88.22117150179834,0.6330655610261726,8,0.06393613166160919,0.015709298635353856,0.0001405537049537305,2443,6302,88.22117150179834,True,train,True,12,25.0,25.0,False,1.9376329420004224,2,False,False,False,1.7325240616147983,1.3644130163107837
0xe7946e1bf9111a91a219144798681f02968fb01c909ecc20845021f659e96156,0x357c186b84294b7f268b864b4bbf40403e0e7ba3,0,67572543,8388608,200,0x4e3468951d49f2eea976ed0d6e75ffcb44a9a544,18,MUSEWORLD,6302,88.22117150179834,0.6330655610261726,8,0.06393613166160919,0.015709298635353856,0.0001405537049537305,2443,6302,88.22117150179834,True,train,True,12,25.0,35.0,True,1.9376329420004224,2,False,False,False,1.7325240616147983,1.3644130163107837
0xe7946e1bf9111a91a219144798681f02968fb01c909ecc20845021f659e96156,0x357c186b84294b7f268b864b4bbf40403e0e7ba3,0,67572543,8388608,200,0x4e3468951d49f2eea976ed0d6e75ffcb44a9a544,18,MUSEWORLD,6302,88.22117150179834,0.6330655610261726,8,0.06393613166160919,0.015709298635353856,0.0001405537049537305,2443,6302,88.22117150179834,True,train,True,12,25.0,35.0,False,1.9376329420004224,2,False,False,False,1.7325240616147983,1.3644130163107837
0xe7946e1bf9111a91a219144798681f02968fb01c909ecc20845021f659e96156,0x357c186b84294b7f268b864b4bbf40403e0e7ba3,0,67572543,8388608,200,0x4e3468951d49f2eea976ed0d6e75ffcb44a9a544,18,MUSEWORLD,6302,88.22117150179834,0.6330655610261726,8,0.06393613166160919,0.015709298635353856,0.0001405537049537305,2443,6302,88.22117150179834,True,train,True,12,40.0,15.0,True,8.374397068228067,1,False,False,False,1.7325240616147983,1.3644130163107837
0xe7946e1bf9111a91a219144798681f02968fb01c909ecc20845021f659e96156,0x357c186b84294b7f268b864b4bbf40403e0e7ba3,0,67572543,8388608,200,0x4e3468951d49f2eea976ed0d6e75ffcb44a9a544,18,MUSEWORLD,6302,88.22117150179834,0.6330655610261726,8,0.06393613166160919,0.015709298635353856,0.0001405537049537305,2443,6302,88.22117150179834,True,train,True,12,40.0,15.0,False,8.374397068228067,1,False,False,False,1.7325240616147983,1.3644130163107837
0xe7946e1bf9111a91a219144798681f02968fb01c909ecc20845021f659e96156,0x357c186b84294b7f268b864b4bbf40403e0e7ba3,0,67572543,8388608,200,0x4e3468951d49f2eea976ed0d6e75ffcb44a9a544,18,MUSEWORLD,6302,88.22117150179834,0.6330655610261726,8,0.06393613166160919,0.015709298635353856,0.0001405537049537305,2443,6302,88.22117150179834,True,train,True,12,40.0,25.0,True,8.374397068228067,1,False,False,False,1.7325240616147983,1.3644130163107837
0xe7946e1bf9111a91a219144798681f02968fb01c909ecc20845021f659e96156,0x357c186b84294b7f268b864b4bbf40403e0e7ba3,0,67572543,8388608,200,0x4e3468951d49f2eea976ed0d6e75ffcb44a9a544,18,MUSEWORLD,6302,88.22117150179834,0.6330655610261726,8,0.06393613166160919,0.015709298635353856,0.0001405537049537305,2443,6302,88.22117150179834,True,train,True,12,40.0,25.0,False,8.374397068228067,1,False,False,False,1.7325240616147983,1.3644130163107837
0xe7946e1bf9111a91a219144798681f02968fb01c909ecc20845021f659e96156,0x357c186b84294b7f268b864b4bbf40403e0e7ba3,0,67572543,8388608,200,0x4e3468951d49f2eea976ed0d6e75ffcb44a9a544,18,MUSEWORLD,6302,88.22117150179834,0.6330655610261726,8,0.06393613166160919,0.015709298635353856,0.0001405537049537305,2443,6302,88.22117150179834,True,train,True,12,40.0,35.0,True,8.374397068228067,1,False,False,False,1.7325240616147983,1.3644130163107837
0xe7946e1bf9111a91a219144798681f02968fb01c909ecc20845021f659e96156,0x357c186b84294b7f268b864b4bbf40403e0e7ba3,0,67572543,8388608,200,0x4e3468951d49f2eea976ed0d6e75ffcb44a9a544,18,MUSEWORLD,6302,88.22117150179834,0.6330655610261726,8,0.06393613166160919,0.015709298635353856,0.0001405537049537305,2443,6302,88.22117150179834,True,train,True,12,40.0,35.0,False,8.374397068228067,1,False,False,False,1.7325240616147983,1.3644130163107837
0xe7946e1bf9111a91a219144798681f02968fb01c909ecc20845021f659e96156,0x357c186b84294b7f268b864b4bbf40403e0e7ba3,0,67572543,8388608,200,0x4e3468951d49f2eea976ed0d6e75ffcb44a9a544,18,MUSEWORLD,6302,88.22117150179834,0.6330655610261726,8,0.06393613166160919,0.015709298635353856,0.0001405537049537305,2443,6302,88.22117150179834,True,train,True,12,60.0,15.0,True,3.9351360753839826,1,False,False,False,1.7325240616147983,1.3644130163107837
0xe7946e1bf9111a91a219144798681f02968fb01c909ecc20845021f659e96156,0x357c186b84294b7f268b864b4bbf40403e0e7ba3,0,67572543,8388608,200,0x4e3468951d49f2eea976ed0d6e75ffcb44a9a544,18,MUSEWORLD,6302,88.22117150179834,0.6330655610261726,8,0.06393613166160919,0.015709298635353856,0.0001405537049537305,2443,6302,88.22117150179834,True,train,True,12,60.0,15.0,False,3.9351360753839826,1,False,False,False,1.7325240616147983,1.3644130163107837
0xe7946e1bf9111a91a219144798681f02968fb01c909ecc20845021f659e96156,0x357c186b84294b7f268b864b4bbf40403e0e7ba3,0,67572543,8388608,200,0x4e3468951d49f2eea976ed0d6e75ffcb44a9a544,18,MUSEWORLD,6302,88.22117150179834,0.6330655610261726,8,0.06393613166160919,0.015709298635353856,0.0001405537049537305,2443,6302,88.22117150179834,True,train,True,12,60.0,25.0,True,3.9351360753839826,1,False,False,False,1.7325240616147983,1.3644130163107837
0xe7946e1bf9111a91a219144798681f02968fb01c909ecc20845021f659e96156,0x357c186b84294b7f268b864b4bbf40403e0e7ba3,0,67572543,8388608,200,0x4e3468951d49f2eea976ed0d6e75ffcb44a9a544,18,MUSEWORLD,6302,88.22117150179834,0.6330655610261726,8,0.06393613166160919,0.015709298635353856,0.0001405537049537305,2443,6302,88.22117150179834,True,train,True,12,60.0,25.0,False,3.9351360753839826,1,False,False,False,1.7325240616147983,1.3644130163107837
0xe7946e1bf9111a91a219144798681f02968fb01c909ecc20845021f659e96156,0x357c186b84294b7f268b864b4bbf40403e0e7ba3,0,67572543,8388608,200,0x4e3468951d49f2eea976ed0d6e75ffcb44a9a544,18,MUSEWORLD,6302,88.22117150179834,0.6330655610261726,8,0.06393613166160919,0.015709298635353856,0.0001405537049537305,2443,6302,88.22117150179834,True,train,True,12,60.0,35.0,True,3.9351360753839826,1,False,False,False,1.7325240616147983,1.3644130163107837
0xe7946e1bf9111a91a219144798681f02968fb01c909ecc20845021f659e96156,0x357c186b84294b7f268b864b4bbf40403e0e7ba3,0,67572543,8388608,200,0x4e3468951d49f2eea976ed0d6e75ffcb44a9a544,18,MUSEWORLD,6302,88.22117150179834,0.6330655610261726,8,0.06393613166160919,0.015709298635353856,0.0001405537049537305,2443,6302,88.22117150179834,True,train,True,12,60.0,35.0,False,3.9351360753839826,1,False,False,False,1.7325240616147983,1.3644130163107837
0x8ce28f2cc77d8a5e575c8a61ea722f721f3c79d9c4fefd7263842085d8eff6f1,0xa70b9bc19bd72fb4406b0f834e908448e7a19e72,0,67583744,3000,60,0xc7e90a703b7ca435089cb90b8b770353e52b0a80,18,MINTY,3326,1414.367435604815,0.802710027100271,8,0.06748839143299618,0.06013229104028864,0.267,1481,3326,1414.367435604815,True,test,True,2,25.0,15.0,True,11.005626614088037,4,True,True,True,3.184254104094298,0.5834322403432955
0x8ce28f2cc77d8a5e575c8a61ea722f721f3c79d9c4fefd7263842085d8eff6f1,0xa70b9bc19bd72fb4406b0f834e908448e7a19e72,0,67583744,3000,60,0xc7e90a703b7ca435089cb90b8b770353e52b0a80,18,MINTY,3326,1414.367435604815,0.802710027100271,8,0.06748839143299618,0.06013229104028864,0.267,1481,3326,1414.367435604815,True,test,True,2,25.0,15.0,False,-78.78334221371347,3,True,True,False,3.184254104094298,0.5834322403432955
0x8ce28f2cc77d8a5e575c8a61ea722f721f3c79d9c4fefd7263842085d8eff6f1,0xa70b9bc19bd72fb4406b0f834e908448e7a19e72,0,67583744,3000,60,0xc7e90a703b7ca435089cb90b8b770353e52b0a80,18,MINTY,3326,1414.367435604815,0.802710027100271,8,0.06748839143299618,0.06013229104028864,0.267,1481,3326,1414.367435604815,True,test,True,2,25.0,25.0,True,11.005626614088037,4,True,True,True,3.184254104094298,0.5834322403432955
0x8ce28f2cc77d8a5e575c8a61ea722f721f3c79d9c4fefd7263842085d8eff6f1,0xa70b9bc19bd72fb4406b0f834e908448e7a19e72,0,67583744,3000,60,0xc7e90a703b7ca435089cb90b8b770353e52b0a80,18,MINTY,3326,1414.367435604815,0.802710027100271,8,0.06748839143299618,0.06013229104028864,0.267,1481,3326,1414.367435604815,True,test,True,2,25.0,25.0,False,-78.78334221371347,3,True,True,False,3.184254104094298,0.5834322403432955
0x8ce28f2cc77d8a5e575c8a61ea722f721f3c79d9c4fefd7263842085d8eff6f1,0xa70b9bc19bd72fb4406b0f834e908448e7a19e72,0,67583744,3000,60,0xc7e90a703b7ca435089cb90b8b770353e52b0a80,18,MINTY,3326,1414.367435604815,0.802710027100271,8,0.06748839143299618,0.06013229104028864,0.267,1481,3326,1414.367435604815,True,test,True,2,25.0,35.0,True,11.005626614088037,4,True,True,True,3.184254104094298,0.5834322403432955
0x8ce28f2cc77d8a5e575c8a61ea722f721f3c79d9c4fefd7263842085d8eff6f1,0xa70b9bc19bd72fb4406b0f834e908448e7a19e72,0,67583744,3000,60,0xc7e90a703b7ca435089cb90b8b770353e52b0a80,18,MINTY,3326,1414.367435604815,0.802710027100271,8,0.06748839143299618,0.06013229104028864,0.267,1481,3326,1414.367435604815,True,test,True,2,25.0,35.0,False,-78.78334221371347,3,True,True,False,3.184254104094298,0.5834322403432955
0x8ce28f2cc77d8a5e575c8a61ea722f721f3c79d9c4fefd7263842085d8eff6f1,0xa70b9bc19bd72fb4406b0f834e908448e7a19e72,0,67583744,3000,60,0xc7e90a703b7ca435089cb90b8b770353e52b0a80,18,MINTY,3326,1414.367435604815,0.802710027100271,8,0.06748839143299618,0.06013229104028864,0.267,1481,3326,1414.367435604815,True,test,True,2,40.0,15.0,True,19.16209056232221,4,True,True,True,3.184254104094298,0.5834322403432955
0x8ce28f2cc77d8a5e575c8a61ea722f721f3c79d9c4fefd7263842085d8eff6f1,0xa70b9bc19bd72fb4406b0f834e908448e7a19e72,0,67583744,3000,60,0xc7e90a703b7ca435089cb90b8b770353e52b0a80,18,MINTY,3326,1414.367435604815,0.802710027100271,8,0.06748839143299618,0.06013229104028864,0.267,1481,3326,1414.367435604815,True,test,True,2,40.0,15.0,False,-79.2941938497801,3,True,True,False,3.184254104094298,0.5834322403432955
0x8ce28f2cc77d8a5e575c8a61ea722f721f3c79d9c4fefd7263842085d8eff6f1,0xa70b9bc19bd72fb4406b0f834e908448e7a19e72,0,67583744,3000,60,0xc7e90a703b7ca435089cb90b8b770353e52b0a80,18,MINTY,3326,1414.367435604815,0.802710027100271,8,0.06748839143299618,0.06013229104028864,0.267,1481,3326,1414.367435604815,True,test,True,2,40.0,25.0,True,19.16209056232221,4,True,True,True,3.184254104094298,0.5834322403432955
0x8ce28f2cc77d8a5e575c8a61ea722f721f3c79d9c4fefd7263842085d8eff6f1,0xa70b9bc19bd72fb4406b0f834e908448e7a19e72,0,67583744,3000,60,0xc7e90a703b7ca435089cb90b8b770353e52b0a80,18,MINTY,3326,1414.367435604815,0.802710027100271,8,0.06748839143299618,0.06013229104028864,0.267,1481,3326,1414.367435604815,True,test,True,2,40.0,25.0,False,-79.2941938497801,3,True,True,False,3.184254104094298,0.5834322403432955
0x8ce28f2cc77d8a5e575c8a61ea722f721f3c79d9c4fefd7263842085d8eff6f1,0xa70b9bc19bd72fb4406b0f834e908448e7a19e72,0,67583744,3000,60,0xc7e90a703b7ca435089cb90b8b770353e52b0a80,18,MINTY,3326,1414.367435604815,0.802710027100271,8,0.06748839143299618,0.06013229104028864,0.267,1481,3326,1414.367435604815,True,test,True,2,40.0,35.0,True,19.16209056232221,4,True,True,True,3.184254104094298,0.5834322403432955
0x8ce28f2cc77d8a5e575c8a61ea722f721f3c79d9c4fefd7263842085d8eff6f1,0xa70b9bc19bd72fb4406b0f834e908448e7a19e72,0,67583744,3000,60,0xc7e90a703b7ca435089cb90b8b770353e52b0a80,18,MINTY,3326,1414.367435604815,0.802710027100271,8,0.06748839143299618,0.06013229104028864,0.267,1481,3326,1414.367435604815,True,test,True,2,40.0,35.0,False,-79.2941938497801,3,True,True,False,3.184254104094298,0.5834322403432955
0x8ce28f2cc77d8a5e575c8a61ea722f721f3c79d9c4fefd7263842085d8eff6f1,0xa70b9bc19bd72fb4406b0f834e908448e7a19e72,0,67583744,3000,60,0xc7e90a703b7ca435089cb90b8b770353e52b0a80,18,MINTY,3326,1414.367435604815,0.802710027100271,8,0.06748839143299618,0.06013229104028864,0.267,1481,3326,1414.367435604815,True,test,True,2,60.0,15.0,True,23.751804316324932,4,True,True,True,3.184254104094298,0.5834322403432955
0x8ce28f2cc77d8a5e575c8a61ea722f721f3c79d9c4fefd7263842085d8eff6f1,0xa70b9bc19bd72fb4406b0f834e908448e7a19e72,0,67583744,3000,60,0xc7e90a703b7ca435089cb90b8b770353e52b0a80,18,MINTY,3326,1414.367435604815,0.802710027100271,8,0.06748839143299618,0.06013229104028864,0.267,1481,3326,1414.367435604815,True,test,True,2,60.0,15.0,False,-77.4509419931793,3,True,True,False,3.184254104094298,0.5834322403432955
0x8ce28f2cc77d8a5e575c8a61ea722f721f3c79d9c4fefd7263842085d8eff6f1,0xa70b9bc19bd72fb4406b0f834e908448e7a19e72,0,67583744,3000,60,0xc7e90a703b7ca435089cb90b8b770353e52b0a80,18,MINTY,3326,1414.367435604815,0.802710027100271,8,0.06748839143299618,0.06013229104028864,0.267,1481,3326,1414.367435604815,True,test,True,2,60.0,25.0,True,23.751804316324932,4,True,True,True,3.184254104094298,0.5834322403432955
0x8ce28f2cc77d8a5e575c8a61ea722f721f3c79d9c4fefd7263842085d8eff6f1,0xa70b9bc19bd72fb4406b0f834e908448e7a19e72,0,67583744,3000,60,0xc7e90a703b7ca435089cb90b8b770353e52b0a80,18,MINTY,3326,1414.367435604815,0.802710027100271,8,0.06748839143299618,0.06013229104028864,0.267,1481,3326,1414.367435604815,True,test,True,2,60.0,25.0,False,-77.4509419931793,3,True,True,False,3.184254104094298,0.5834322403432955
0x8ce28f2cc77d8a5e575c8a61ea722f721f3c79d9c4fefd7263842085d8eff6f1,0xa70b9bc19bd72fb4406b0f834e908448e7a19e72,0,67583744,3000,60,0xc7e90a703b7ca435089cb90b8b770353e52b0a80,18,MINTY,3326,1414.367435604815,0.802710027100271,8,0.06748839143299618,0.06013229104028864,0.267,1481,3326,1414.367435604815,True,test,True,2,60.0,35.0,True,23.751804316324932,4,True,True,True,3.184254104094298,0.5834322403432955
0x8ce28f2cc77d8a5e575c8a61ea722f721f3c79d9c4fefd7263842085d8eff6f1,0xa70b9bc19bd72fb4406b0f834e908448e7a19e72,0,67583744,3000,60,0xc7e90a703b7ca435089cb90b8b770353e52b0a80,18,MINTY,3326,1414.367435604815,0.802710027100271,8,0.06748839143299618,0.06013229104028864,0.267,1481,3326,1414.367435604815,True,test,True,2,60.0,35.0,False,-77.4509419931793,3,True,True,False,3.184254104094298,0.5834322403432955
0x8ce28f2cc77d8a5e575c8a61ea722f721f3c79d9c4fefd7263842085d8eff6f1,0xa70b9bc19bd72fb4406b0f834e908448e7a19e72,0,67583744,3000,60,0xc7e90a703b7ca435089cb90b8b770353e52b0a80,18,MINTY,3326,1414.367435604815,0.802710027100271,8,0.06748839143299618,0.06013229104028864,0.267,1481,3326,1414.367435604815,True,test,True,4,25.0,15.0,True,4.88231355211195,3,True,False,True,3.98988381936409,1.2194261213050466
0x8ce28f2cc77d8a5e575c8a61ea722f721f3c79d9c4fefd7263842085d8eff6f1,0xa70b9bc19bd72fb4406b0f834e908448e7a19e72,0,67583744,3000,60,0xc7e90a703b7ca435089cb90b8b770353e52b0a80,18,MINTY,3326,1414.367435604815,0.802710027100271,8,0.06748839143299618,0.06013229104028864,0.267,1481,3326,1414.367435604815,True,test,True,4,25.0,15.0,False,3.6570232900696498,1,True,False,False,3.98988381936409,1.2194261213050466
0x8ce28f2cc77d8a5e575c8a61ea722f721f3c79d9c4fefd7263842085d8eff6f1,0xa70b9bc19bd72fb4406b0f834e908448e7a19e72,0,67583744,3000,60,0xc7e90a703b7ca435089cb90b8b770353e52b0a80,18,MINTY,3326,1414.367435604815,0.802710027100271,8,0.06748839143299618,0.06013229104028864,0.267,1481,3326,1414.367435604815,True,test,True,4,25.0,25.0,True,4.88231355211195,3,True,False,True,3.98988381936409,1.2194261213050466
0x8ce28f2cc77d8a5e575c8a61ea722f721f3c79d9c4fefd7263842085d8eff6f1,0xa70b9bc19bd72fb4406b0f834e908448e7a19e72,0,67583744,3000,60,0xc7e90a703b7ca435089cb90b8b770353e52b0a80,18,MINTY,3326,1414.367435604815,0.802710027100271,8,0.06748839143299618,0.06013229104028864,0.267,1481,3326,1414.367435604815,True,test,True,4,25.0,25.0,False,3.6570232900696498,1,True,False,False,3.98988381936409,1.2194261213050466
0x8ce28f2cc77d8a5e575c8a61ea722f721f3c79d9c4fefd7263842085d8eff6f1,0xa70b9bc19bd72fb4406b0f834e908448e7a19e72,0,67583744,3000,60,0xc7e90a703b7ca435089cb90b8b770353e52b0a80,18,MINTY,3326,1414.367435604815,0.802710027100271,8,0.06748839143299618,0.06013229104028864,0.267,1481,3326,1414.367435604815,True,test,True,4,25.0,35.0,True,4.88231355211195,3,True,False,True,3.98988381936409,1.2194261213050466
0x8ce28f2cc77d8a5e575c8a61ea722f721f3c79d9c4fefd7263842085d8eff6f1,0xa70b9bc19bd72fb4406b0f834e908448e7a19e72,0,67583744,3000,60,0xc7e90a703b7ca435089cb90b8b770353e52b0a80,18,MINTY,3326,1414.367435604815,0.802710027100271,8,0.06748839143299618,0.06013229104028864,0.267,1481,3326,1414.367435604815,True,test,True,4,25.0,35.0,False,3.6570232900696498,1,True,False,False,3.98988381936409,1.2194261213050466
0x8ce28f2cc77d8a5e575c8a61ea722f721f3c79d9c4fefd7263842085d8eff6f1,0xa70b9bc19bd72fb4406b0f834e908448e7a19e72,0,67583744,3000,60,0xc7e90a703b7ca435089cb90b8b770353e52b0a80,18,MINTY,3326,1414.367435604815,0.802710027100271,8,0.06748839143299618,0.06013229104028864,0.267,1481,3326,1414.367435604815,True,test,True,4,40.0,15.0,True,9.152997278246477,3,True,False,True,3.98988381936409,1.2194261213050466
0x8ce28f2cc77d8a5e575c8a61ea722f721f3c79d9c4fefd7263842085d8eff6f1,0xa70b9bc19bd72fb4406b0f834e908448e7a19e72,0,67583744,3000,60,0xc7e90a703b7ca435089cb90b8b770353e52b0a80,18,MINTY,3326,1414.367435604815,0.802710027100271,8,0.06748839143299618,0.06013229104028864,0.267,1481,3326,1414.367435604815,True,test,True,4,40.0,15.0,False,0.1665812492843921,1,True,False,False,3.98988381936409,1.2194261213050466
0x8ce28f2cc77d8a5e575c8a61ea722f721f3c79d9c4fefd7263842085d8eff6f1,0xa70b9bc19bd72fb4406b0f834e908448e7a19e72,0,67583744,3000,60,0xc7e90a703b7ca435089cb90b8b770353e52b0a80,18,MINTY,3326,1414.367435604815,0.802710027100271,8,0.06748839143299618,0.06013229104028864,0.267,1481,3326,1414.367435604815,True,test,True,4,40.0,25.0,True,9.152997278246477,3,True,False,True,3.98988381936409,1.2194261213050466
0x8ce28f2cc77d8a5e575c8a61ea722f721f3c79d9c4fefd7263842085d8eff6f1,0xa70b9bc19bd72fb4406b0f834e908448e7a19e72,0,67583744,3000,60,0xc7e90a703b7ca435089cb90b8b770353e52b0a80,18,MINTY,3326,1414.367435604815,0.802710027100271,8,0.06748839143299618,0.06013229104028864,0.267,1481,3326,1414.367435604815,True,test,True,4,40.0,25.0,False,0.1665812492843921,1,True,False,False,3.98988381936409,1.2194261213050466
0x8ce28f2cc77d8a5e575c8a61ea722f721f3c79d9c4fefd7263842085d8eff6f1,0xa70b9bc19bd72fb4406b0f834e908448e7a19e72,0,67583744,3000,60,0xc7e90a703b7ca435089cb90b8b770353e52b0a80,18,MINTY,3326,1414.367435604815,0.802710027100271,8,0.06748839143299618,0.06013229104028864,0.267,1481,3326,1414.367435604815,True,test,True,4,40.0,35.0,True,9.152997278246477,3,True,False,True,3.98988381936409,1.2194261213050466
0x8ce28f2cc77d8a5e575c8a61ea722f721f3c79d9c4fefd7263842085d8eff6f1,0xa70b9bc19bd72fb4406b0f834e908448e7a19e72,0,67583744,3000,60,0xc7e90a703b7ca435089cb90b8b770353e52b0a80,18,MINTY,3326,1414.367435604815,0.802710027100271,8,0.06748839143299618,0.06013229104028864,0.267,1481,3326,1414.367435604815,True,test,True,4,40.0,35.0,False,0.1665812492843921,1,True,False,False,3.98988381936409,1.2194261213050466
0x8ce28f2cc77d8a5e575c8a61ea722f721f3c79d9c4fefd7263842085d8eff6f1,0xa70b9bc19bd72fb4406b0f834e908448e7a19e72,0,67583744,3000,60,0xc7e90a703b7ca435089cb90b8b770353e52b0a80,18,MINTY,3326,1414.367435604815,0.802710027100271,8,0.06748839143299618,0.06013229104028864,0.267,1481,3326,1414.367435604815,True,test,True,4,60.0,15.0,True,11.876791508668095,3,True,False,True,3.98988381936409,1.2194261213050466
0x8ce28f2cc77d8a5e575c8a61ea722f721f3c79d9c4fefd7263842085d8eff6f1,0xa70b9bc19bd72fb4406b0f834e908448e7a19e72,0,67583744,3000,60,0xc7e90a703b7ca435089cb90b8b770353e52b0a80,18,MINTY,3326,1414.367435604815,0.802710027100271,8,0.06748839143299618,0.06013229104028864,0.267,1481,3326,1414.367435604815,True,test,True,4,60.0,15.0,False,-4.941021507199006,1,True,False,False,3.98988381936409,1.2194261213050466
0x8ce28f2cc77d8a5e575c8a61ea722f721f3c79d9c4fefd7263842085d8eff6f1,0xa70b9bc19bd72fb4406b0f834e908448e7a19e72,0,67583744,3000,60,0xc7e90a703b7ca435089cb90b8b770353e52b0a80,18,MINTY,3326,1414.367435604815,0.802710027100271,8,0.06748839143299618,0.06013229104028864,0.267,1481,3326,1414.367435604815,True,test,True,4,60.0,25.0,True,11.876791508668095,3,True,False,True,3.98988381936409,1.2194261213050466
0x8ce28f2cc77d8a5e575c8a61ea722f721f3c79d9c4fefd7263842085d8eff6f1,0xa70b9bc19bd72fb4406b0f834e908448e7a19e72,0,67583744,3000,60,0xc7e90a703b7ca435089cb90b8b770353e52b0a80,18,MINTY,3326,1414.367435604815,0.802710027100271,8,0.06748839143299618,0.06013229104028864,0.267,1481,3326,1414.367435604815,True,test,True,4,60.0,25.0,False,-4.941021507199006,1,True,False,False,3.98988381936409,1.2194261213050466
0x8ce28f2cc77d8a5e575c8a61ea722f721f3c79d9c4fefd7263842085d8eff6f1,0xa70b9bc19bd72fb4406b0f834e908448e7a19e72,0,67583744,3000,60,0xc7e90a703b7ca435089cb90b8b770353e52b0a80,18,MINTY,3326,1414.367435604815,0.802710027100271,8,0.06748839143299618,0.06013229104028864,0.267,1481,3326,1414.367435604815,True,test,True,4,60.0,35.0,True,11.876791508668095,3,True,False,True,3.98988381936409,1.2194261213050466
0x8ce28f2cc77d8a5e575c8a61ea722f721f3c79d9c4fefd7263842085d8eff6f1,0xa70b9bc19bd72fb4406b0f834e908448e7a19e72,0,67583744,3000,60,0xc7e90a703b7ca435089cb90b8b770353e52b0a80,18,MINTY,3326,1414.367435604815,0.802710027100271,8,0.06748839143299618,0.06013229104028864,0.267,1481,3326,1414.367435604815,True,test,True,4,60.0,35.0,False,-4.941021507199006,1,True,False,False,3.98988381936409,1.2194261213050466
0x8ce28f2cc77d8a5e575c8a61ea722f721f3c79d9c4fefd7263842085d8eff6f1,0xa70b9bc19bd72fb4406b0f834e908448e7a19e72,0,67583744,3000,60,0xc7e90a703b7ca435089cb90b8b770353e52b0a80,18,MINTY,3326,1414.367435604815,0.802710027100271,8,0.06748839143299618,0.06013229104028864,0.267,1481,3326,1414.367435604815,True,test,True,6,25.0,15.0,True,-100.0,0,False,True,,,
0x8ce28f2cc77d8a5e575c8a61ea722f721f3c79d9c4fefd7263842085d8eff6f1,0xa70b9bc19bd72fb4406b0f834e908448e7a19e72,0,67583744,3000,60,0xc7e90a703b7ca435089cb90b8b770353e52b0a80,18,MINTY,3326,1414.367435604815,0.802710027100271,8,0.06748839143299618,0.06013229104028864,0.267,1481,3326,1414.367435604815,True,test,True,6,25.0,15.0,False,-100.0,0,False,True,,,
0x8ce28f2cc77d8a5e575c8a61ea722f721f3c79d9c4fefd7263842085d8eff6f1,0xa70b9bc19bd72fb4406b0f834e908448e7a19e72,0,67583744,3000,60,0xc7e90a703b7ca435089cb90b8b770353e52b0a80,18,MINTY,3326,1414.367435604815,0.802710027100271,8,0.06748839143299618,0.06013229104028864,0.267,1481,3326,1414.367435604815,True,test,True,6,25.0,25.0,True,-100.0,0,False,True,,,
0x8ce28f2cc77d8a5e575c8a61ea722f721f3c79d9c4fefd7263842085d8eff6f1,0xa70b9bc19bd72fb4406b0f834e908448e7a19e72,0,67583744,3000,60,0xc7e90a703b7ca435089cb90b8b770353e52b0a80,18,MINTY,3326,1414.367435604815,0.802710027100271,8,0.06748839143299618,0.06013229104028864,0.267,1481,3326,1414.367435604815,True,test,True,6,25.0,25.0,False,-100.0,0,False,True,,,
0x8ce28f2cc77d8a5e575c8a61ea722f721f3c79d9c4fefd7263842085d8eff6f1,0xa70b9bc19bd72fb4406b0f834e908448e7a19e72,0,67583744,3000,60,0xc7e90a703b7ca435089cb90b8b770353e52b0a80,18,MINTY,3326,1414.367435604815,0.802710027100271,8,0.06748839143299618,0.06013229104028864,0.267,1481,3326,1414.367435604815,True,test,True,6,25.0,35.0,True,-100.0,0,False,True,,,
0x8ce28f2cc77d8a5e575c8a61ea722f721f3c79d9c4fefd7263842085d8eff6f1,0xa70b9bc19bd72fb4406b0f834e908448e7a19e72,0,67583744,3000,60,0xc7e90a703b7ca435089cb90b8b770353e52b0a80,18,MINTY,3326,1414.367435604815,0.802710027100271,8,0.06748839143299618,0.06013229104028864,0.267,1481,3326,1414.367435604815,True,test,True,6,25.0,35.0,False,-100.0,0,False,True,,,
0x8ce28f2cc77d8a5e575c8a61ea722f721f3c79d9c4fefd7263842085d8eff6f1,0xa70b9bc19bd72fb4406b0f834e908448e7a19e72,0,67583744,3000,60,0xc7e90a703b7ca435089cb90b8b770353e52b0a80,18,MINTY,3326,1414.367435604815,0.802710027100271,8,0.06748839143299618,0.06013229104028864,0.267,1481,3326,1414.367435604815,True,test,True,6,40.0,15.0,True,-100.0,0,False,True,,,
0x8ce28f2cc77d8a5e575c8a61ea722f721f3c79d9c4fefd7263842085d8eff6f1,0xa70b9bc19bd72fb4406b0f834e908448e7a19e72,0,67583744,3000,60,0xc7e90a703b7ca435089cb90b8b770353e52b0a80,18,MINTY,3326,1414.367435604815,0.802710027100271,8,0.06748839143299618,0.06013229104028864,0.267,1481,3326,1414.367435604815,True,test,True,6,40.0,15.0,False,-100.0,0,False,True,,,
0x8ce28f2cc77d8a5e575c8a61ea722f721f3c79d9c4fefd7263842085d8eff6f1,0xa70b9bc19bd72fb4406b0f834e908448e7a19e72,0,67583744,3000,60,0xc7e90a703b7ca435089cb90b8b770353e52b0a80,18,MINTY,3326,1414.367435604815,0.802710027100271,8,0.06748839143299618,0.06013229104028864,0.267,1481,3326,1414.367435604815,True,test,True,6,40.0,25.0,True,-100.0,0,False,True,,,
0x8ce28f2cc77d8a5e575c8a61ea722f721f3c79d9c4fefd7263842085d8eff6f1,0xa70b9bc19bd72fb4406b0f834e908448e7a19e72,0,67583744,3000,60,0xc7e90a703b7ca435089cb90b8b770353e52b0a80,18,MINTY,3326,1414.367435604815,0.802710027100271,8,0.06748839143299618,0.06013229104028864,0.267,1481,3326,1414.367435604815,True,test,True,6,40.0,25.0,False,-100.0,0,False,True,,,
0x8ce28f2cc77d8a5e575c8a61ea722f721f3c79d9c4fefd7263842085d8eff6f1,0xa70b9bc19bd72fb4406b0f834e908448e7a19e72,0,67583744,3000,60,0xc7e90a703b7ca435089cb90b8b770353e52b0a80,18,MINTY,3326,1414.367435604815,0.802710027100271,8,0.06748839143299618,0.06013229104028864,0.267,1481,3326,1414.367435604815,True,test,True,6,40.0,35.0,True,-100.0,0,False,True,,,
0x8ce28f2cc77d8a5e575c8a61ea722f721f3c79d9c4fefd7263842085d8eff6f1,0xa70b9bc19bd72fb4406b0f834e908448e7a19e72,0,67583744,3000,60,0xc7e90a703b7ca435089cb90b8b770353e52b0a80,18,MINTY,3326,1414.367435604815,0.802710027100271,8,0.06748839143299618,0.06013229104028864,0.267,1481,3326,1414.367435604815,True,test,True,6,40.0,35.0,False,-100.0,0,False,True,,,
0x8ce28f2cc77d8a5e575c8a61ea722f721f3c79d9c4fefd7263842085d8eff6f1,0xa70b9bc19bd72fb4406b0f834e908448e7a19e72,0,67583744,3000,60,0xc7e90a703b7ca435089cb90b8b770353e52b0a80,18,MINTY,3326,1414.367435604815,0.802710027100271,8,0.06748839143299618,0.06013229104028864,0.267,1481,3326,1414.367435604815,True,test,True,6,60.0,15.0,True,-100.0,0,False,True,,,
0x8ce28f2cc77d8a5e575c8a61ea722f721f3c79d9c4fefd7263842085d8eff6f1,0xa70b9bc19bd72fb4406b0f834e908448e7a19e72,0,67583744,3000,60,0xc7e90a703b7ca435089cb90b8b770353e52b0a80,18,MINTY,3326,1414.367435604815,0.802710027100271,8,0.06748839143299618,0.06013229104028864,0.267,1481,3326,1414.367435604815,True,test,True,6,60.0,15.0,False,-100.0,0,False,True,,,
0x8ce28f2cc77d8a5e575c8a61ea722f721f3c79d9c4fefd7263842085d8eff6f1,0xa70b9bc19bd72fb4406b0f834e908448e7a19e72,0,67583744,3000,60,0xc7e90a703b7ca435089cb90b8b770353e52b0a80,18,MINTY,3326,1414.367435604815,0.802710027100271,8,0.06748839143299618,0.06013229104028864,0.267,1481,3326,1414.367435604815,True,test,True,6,60.0,25.0,True,-100.0,0,False,True,,,
0x8ce28f2cc77d8a5e575c8a61ea722f721f3c79d9c4fefd7263842085d8eff6f1,0xa70b9bc19bd72fb4406b0f834e908448e7a19e72,0,67583744,3000,60,0xc7e90a703b7ca435089cb90b8b770353e52b0a80,18,MINTY,3326,1414.367435604815,0.802710027100271,8,0.06748839143299618,0.06013229104028864,0.267,1481,3326,1414.367435604815,True,test,True,6,60.0,25.0,False,-100.0,0,False,True,,,
0x8ce28f2cc77d8a5e575c8a61ea722f721f3c79d9c4fefd7263842085d8eff6f1,0xa70b9bc19bd72fb4406b0f834e908448e7a19e72,0,67583744,3000,60,0xc7e90a703b7ca435089cb90b8b770353e52b0a80,18,MINTY,3326,1414.367435604815,0.802710027100271,8,0.06748839143299618,0.06013229104028864,0.267,1481,3326,1414.367435604815,True,test,True,6,60.0,35.0,True,-100.0,0,False,True,,,
0x8ce28f2cc77d8a5e575c8a61ea722f721f3c79d9c4fefd7263842085d8eff6f1,0xa70b9bc19bd72fb4406b0f834e908448e7a19e72,0,67583744,3000,60,0xc7e90a703b7ca435089cb90b8b770353e52b0a80,18,MINTY,3326,1414.367435604815,0.802710027100271,8,0.06748839143299618,0.06013229104028864,0.267,1481,3326,1414.367435604815,True,test,True,6,60.0,35.0,False,-100.0,0,False,True,,,
0x8ce28f2cc77d8a5e575c8a61ea722f721f3c79d9c4fefd7263842085d8eff6f1,0xa70b9bc19bd72fb4406b0f834e908448e7a19e72,0,67583744,3000,60,0xc7e90a703b7ca435089cb90b8b770353e52b0a80,18,MINTY,3326,1414.367435604815,0.802710027100271,8,0.06748839143299618,0.06013229104028864,0.267,1481,3326,1414.367435604815,True,test,True,12,25.0,15.0,True,-100.0,0,False,True,,,
0x8ce28f2cc77d8a5e575c8a61ea722f721f3c79d9c4fefd7263842085d8eff6f1,0xa70b9bc19bd72fb4406b0f834e908448e7a19e72,0,67583744,3000,60,0xc7e90a703b7ca435089cb90b8b770353e52b0a80,18,MINTY,3326,1414.367435604815,0.802710027100271,8,0.06748839143299618,0.06013229104028864,0.267,1481,3326,1414.367435604815,True,test,True,12,25.0,15.0,False,-100.0,0,False,True,,,
0x8ce28f2cc77d8a5e575c8a61ea722f721f3c79d9c4fefd7263842085d8eff6f1,0xa70b9bc19bd72fb4406b0f834e908448e7a19e72,0,67583744,3000,60,0xc7e90a703b7ca435089cb90b8b770353e52b0a80,18,MINTY,3326,1414.367435604815,0.802710027100271,8,0.06748839143299618,0.06013229104028864,0.267,1481,3326,1414.367435604815,True,test,True,12,25.0,25.0,True,-100.0,0,False,True,,,
0x8ce28f2cc77d8a5e575c8a61ea722f721f3c79d9c4fefd7263842085d8eff6f1,0xa70b9bc19bd72fb4406b0f834e908448e7a19e72,0,67583744,3000,60,0xc7e90a703b7ca435089cb90b8b770353e52b0a80,18,MINTY,3326,1414.367435604815,0.802710027100271,8,0.06748839143299618,0.06013229104028864,0.267,1481,3326,1414.367435604815,True,test,True,12,25.0,25.0,False,-100.0,0,False,True,,,
0x8ce28f2cc77d8a5e575c8a61ea722f721f3c79d9c4fefd7263842085d8eff6f1,0xa70b9bc19bd72fb4406b0f834e908448e7a19e72,0,67583744,3000,60,0xc7e90a703b7ca435089cb90b8b770353e52b0a80,18,MINTY,3326,1414.367435604815,0.802710027100271,8,0.06748839143299618,0.06013229104028864,0.267,1481,3326,1414.367435604815,True,test,True,12,25.0,35.0,True,-100.0,0,False,True,,,
0x8ce28f2cc77d8a5e575c8a61ea722f721f3c79d9c4fefd7263842085d8eff6f1,0xa70b9bc19bd72fb4406b0f834e908448e7a19e72,0,67583744,3000,60,0xc7e90a703b7ca435089cb90b8b770353e52b0a80,18,MINTY,3326,1414.367435604815,0.802710027100271,8,0.06748839143299618,0.06013229104028864,0.267,1481,3326,1414.367435604815,True,test,True,12,25.0,35.0,False,-100.0,0,False,True,,,
0x8ce28f2cc77d8a5e575c8a61ea722f721f3c79d9c4fefd7263842085d8eff6f1,0xa70b9bc19bd72fb4406b0f834e908448e7a19e72,0,67583744,3000,60,0xc7e90a703b7ca435089cb90b8b770353e52b0a80,18,MINTY,3326,1414.367435604815,0.802710027100271,8,0.06748839143299618,0.06013229104028864,0.267,1481,3326,1414.367435604815,True,test,True,12,40.0,15.0,True,-100.0,0,False,True,,,
0x8ce28f2cc77d8a5e575c8a61ea722f721f3c79d9c4fefd7263842085d8eff6f1,0xa70b9bc19bd72fb4406b0f834e908448e7a19e72,0,67583744,3000,60,0xc7e90a703b7ca435089cb90b8b770353e52b0a80,18,MINTY,3326,1414.367435604815,0.802710027100271,8,0.06748839143299618,0.06013229104028864,0.267,1481,3326,1414.367435604815,True,test,True,12,40.0,15.0,False,-100.0,0,False,True,,,
0x8ce28f2cc77d8a5e575c8a61ea722f721f3c79d9c4fefd7263842085d8eff6f1,0xa70b9bc19bd72fb4406b0f834e908448e7a19e72,0,67583744,3000,60,0xc7e90a703b7ca435089cb90b8b770353e52b0a80,18,MINTY,3326,1414.367435604815,0.802710027100271,8,0.06748839143299618,0.06013229104028864,0.267,1481,3326,1414.367435604815,True,test,True,12,40.0,25.0,True,-100.0,0,False,True,,,
0x8ce28f2cc77d8a5e575c8a61ea722f721f3c79d9c4fefd7263842085d8eff6f1,0xa70b9bc19bd72fb4406b0f834e908448e7a19e72,0,67583744,3000,60,0xc7e90a703b7ca435089cb90b8b770353e52b0a80,18,MINTY,3326,1414.367435604815,0.802710027100271,8,0.06748839143299618,0.06013229104028864,0.267,1481,3326,1414.367435604815,True,test,True,12,40.0,25.0,False,-100.0,0,False,True,,,
0x8ce28f2cc77d8a5e575c8a61ea722f721f3c79d9c4fefd7263842085d8eff6f1,0xa70b9bc19bd72fb4406b0f834e908448e7a19e72,0,67583744,3000,60,0xc7e90a703b7ca435089cb90b8b770353e52b0a80,18,MINTY,3326,1414.367435604815,0.802710027100271,8,0.06748839143299618,0.06013229104028864,0.267,1481,3326,1414.367435604815,True,test,True,12,40.0,35.0,True,-100.0,0,False,True,,,
0x8ce28f2cc77d8a5e575c8a61ea722f721f3c79d9c4fefd7263842085d8eff6f1,0xa70b9bc19bd72fb4406b0f834e908448e7a19e72,0,67583744,3000,60,0xc7e90a703b7ca435089cb90b8b770353e52b0a80,18,MINTY,3326,1414.367435604815,0.802710027100271,8,0.06748839143299618,0.06013229104028864,0.267,1481,3326,1414.367435604815,True,test,True,12,40.0,35.0,False,-100.0,0,False,True,,,
0x8ce28f2cc77d8a5e575c8a61ea722f721f3c79d9c4fefd7263842085d8eff6f1,0xa70b9bc19bd72fb4406b0f834e908448e7a19e72,0,67583744,3000,60,0xc7e90a703b7ca435089cb90b8b770353e52b0a80,18,MINTY,3326,1414.367435604815,0.802710027100271,8,0.06748839143299618,0.06013229104028864,0.267,1481,3326,1414.367435604815,True,test,True,12,60.0,15.0,True,-100.0,0,False,True,,,
0x8ce28f2cc77d8a5e575c8a61ea722f721f3c79d9c4fefd7263842085d8eff6f1,0xa70b9bc19bd72fb4406b0f834e908448e7a19e72,0,67583744,3000,60,0xc7e90a703b7ca435089cb90b8b770353e52b0a80,18,MINTY,3326,1414.367435604815,0.802710027100271,8,0.06748839143299618,0.06013229104028864,0.267,1481,3326,1414.367435604815,True,test,True,12,60.0,15.0,False,-100.0,0,False,True,,,
0x8ce28f2cc77d8a5e575c8a61ea722f721f3c79d9c4fefd7263842085d8eff6f1,0xa70b9bc19bd72fb4406b0f834e908448e7a19e72,0,67583744,3000,60,0xc7e90a703b7ca435089cb90b8b770353e52b0a80,18,MINTY,3326,1414.367435604815,0.802710027100271,8,0.06748839143299618,0.06013229104028864,0.267,1481,3326,1414.367435604815,True,test,True,12,60.0,25.0,True,-100.0,0,False,True,,,
0x8ce28f2cc77d8a5e575c8a61ea722f721f3c79d9c4fefd7263842085d8eff6f1,0xa70b9bc19bd72fb4406b0f834e908448e7a19e72,0,67583744,3000,60,0xc7e90a703b7ca435089cb90b8b770353e52b0a80,18,MINTY,3326,1414.367435604815,0.802710027100271,8,0.06748839143299618,0.06013229104028864,0.267,1481,3326,1414.367435604815,True,test,True,12,60.0,25.0,False,-100.0,0,False,True,,,
0x8ce28f2cc77d8a5e575c8a61ea722f721f3c79d9c4fefd7263842085d8eff6f1,0xa70b9bc19bd72fb4406b0f834e908448e7a19e72,0,67583744,3000,60,0xc7e90a703b7ca435089cb90b8b770353e52b0a80,18,MINTY,3326,1414.367435604815,0.802710027100271,8,0.06748839143299618,0.06013229104028864,0.267,1481,3326,1414.367435604815,True,test,True,12,60.0,35.0,True,-100.0,0,False,True,,,
0x8ce28f2cc77d8a5e575c8a61ea722f721f3c79d9c4fefd7263842085d8eff6f1,0xa70b9bc19bd72fb4406b0f834e908448e7a19e72,0,67583744,3000,60,0xc7e90a703b7ca435089cb90b8b770353e52b0a80,18,MINTY,3326,1414.367435604815,0.802710027100271,8,0.06748839143299618,0.06013229104028864,0.267,1481,3326,1414.367435604815,True,test,True,12,60.0,35.0,False,-100.0,0,False,True,,,
0xe8b7adf2e9cbcf54fa85c27128331b05a3fa3f0e4dd83cd622a7f4ad394fc6a2,0x98096d17e191b3da1d5f99a6d7b3584351b11e18,0,67599485,10013,200,0x0000000000000000000000000000000000000000,18,BONER,55,8.800106156634964,0.4864864864864865,8,0.6061029513915609,0.01818181818181818,0.09458438814275112,18,55,8.800106156634964,True,test,False,2,25.0,15.0,True,,0,False,False,False,,
0xe8b7adf2e9cbcf54fa85c27128331b05a3fa3f0e4dd83cd622a7f4ad394fc6a2,0x98096d17e191b3da1d5f99a6d7b3584351b11e18,0,67599485,10013,200,0x0000000000000000000000000000000000000000,18,BONER,55,8.800106156634964,0.4864864864864865,8,0.6061029513915609,0.01818181818181818,0.09458438814275112,18,55,8.800106156634964,True,test,False,2,25.0,15.0,False,,0,False,False,False,,
0xe8b7adf2e9cbcf54fa85c27128331b05a3fa3f0e4dd83cd622a7f4ad394fc6a2,0x98096d17e191b3da1d5f99a6d7b3584351b11e18,0,67599485,10013,200,0x0000000000000000000000000000000000000000,18,BONER,55,8.800106156634964,0.4864864864864865,8,0.6061029513915609,0.01818181818181818,0.09458438814275112,18,55,8.800106156634964,True,test,False,2,25.0,25.0,True,,0,False,False,False,,
0xe8b7adf2e9cbcf54fa85c27128331b05a3fa3f0e4dd83cd622a7f4ad394fc6a2,0x98096d17e191b3da1d5f99a6d7b3584351b11e18,0,67599485,10013,200,0x0000000000000000000000000000000000000000,18,BONER,55,8.800106156634964,0.4864864864864865,8,0.6061029513915609,0.01818181818181818,0.09458438814275112,18,55,8.800106156634964,True,test,False,2,25.0,25.0,False,,0,False,False,False,,
0xe8b7adf2e9cbcf54fa85c27128331b05a3fa3f0e4dd83cd622a7f4ad394fc6a2,0x98096d17e191b3da1d5f99a6d7b3584351b11e18,0,67599485,10013,200,0x0000000000000000000000000000000000000000,18,BONER,55,8.800106156634964,0.4864864864864865,8,0.6061029513915609,0.01818181818181818,0.09458438814275112,18,55,8.800106156634964,True,test,False,2,25.0,35.0,True,,0,False,False,False,,
0xe8b7adf2e9cbcf54fa85c27128331b05a3fa3f0e4dd83cd622a7f4ad394fc6a2,0x98096d17e191b3da1d5f99a6d7b3584351b11e18,0,67599485,10013,200,0x0000000000000000000000000000000000000000,18,BONER,55,8.800106156634964,0.4864864864864865,8,0.6061029513915609,0.01818181818181818,0.09458438814275112,18,55,8.800106156634964,True,test,False,2,25.0,35.0,False,,0,False,False,False,,
0xe8b7adf2e9cbcf54fa85c27128331b05a3fa3f0e4dd83cd622a7f4ad394fc6a2,0x98096d17e191b3da1d5f99a6d7b3584351b11e18,0,67599485,10013,200,0x0000000000000000000000000000000000000000,18,BONER,55,8.800106156634964,0.4864864864864865,8,0.6061029513915609,0.01818181818181818,0.09458438814275112,18,55,8.800106156634964,True,test,False,2,40.0,15.0,True,,0,False,False,False,,
0xe8b7adf2e9cbcf54fa85c27128331b05a3fa3f0e4dd83cd622a7f4ad394fc6a2,0x98096d17e191b3da1d5f99a6d7b3584351b11e18,0,67599485,10013,200,0x0000000000000000000000000000000000000000,18,BONER,55,8.800106156634964,0.4864864864864865,8,0.6061029513915609,0.01818181818181818,0.09458438814275112,18,55,8.800106156634964,True,test,False,2,40.0,15.0,False,,0,False,False,False,,
0xe8b7adf2e9cbcf54fa85c27128331b05a3fa3f0e4dd83cd622a7f4ad394fc6a2,0x98096d17e191b3da1d5f99a6d7b3584351b11e18,0,67599485,10013,200,0x0000000000000000000000000000000000000000,18,BONER,55,8.800106156634964,0.4864864864864865,8,0.6061029513915609,0.01818181818181818,0.09458438814275112,18,55,8.800106156634964,True,test,False,2,40.0,25.0,True,,0,False,False,False,,
0xe8b7adf2e9cbcf54fa85c27128331b05a3fa3f0e4dd83cd622a7f4ad394fc6a2,0x98096d17e191b3da1d5f99a6d7b3584351b11e18,0,67599485,10013,200,0x0000000000000000000000000000000000000000,18,BONER,55,8.800106156634964,0.4864864864864865,8,0.6061029513915609,0.01818181818181818,0.09458438814275112,18,55,8.800106156634964,True,test,False,2,40.0,25.0,False,,0,False,False,False,,
0xe8b7adf2e9cbcf54fa85c27128331b05a3fa3f0e4dd83cd622a7f4ad394fc6a2,0x98096d17e191b3da1d5f99a6d7b3584351b11e18,0,67599485,10013,200,0x0000000000000000000000000000000000000000,18,BONER,55,8.800106156634964,0.4864864864864865,8,0.6061029513915609,0.01818181818181818,0.09458438814275112,18,55,8.800106156634964,True,test,False,2,40.0,35.0,True,,0,False,False,False,,
0xe8b7adf2e9cbcf54fa85c27128331b05a3fa3f0e4dd83cd622a7f4ad394fc6a2,0x98096d17e191b3da1d5f99a6d7b3584351b11e18,0,67599485,10013,200,0x0000000000000000000000000000000000000000,18,BONER,55,8.800106156634964,0.4864864864864865,8,0.6061029513915609,0.01818181818181818,0.09458438814275112,18,55,8.800106156634964,True,test,False,2,40.0,35.0,False,,0,False,False,False,,
0xe8b7adf2e9cbcf54fa85c27128331b05a3fa3f0e4dd83cd622a7f4ad394fc6a2,0x98096d17e191b3da1d5f99a6d7b3584351b11e18,0,67599485,10013,200,0x0000000000000000000000000000000000000000,18,BONER,55,8.800106156634964,0.4864864864864865,8,0.6061029513915609,0.01818181818181818,0.09458438814275112,18,55,8.800106156634964,True,test,False,2,60.0,15.0,True,,0,False,False,False,,
0xe8b7adf2e9cbcf54fa85c27128331b05a3fa3f0e4dd83cd622a7f4ad394fc6a2,0x98096d17e191b3da1d5f99a6d7b3584351b11e18,0,67599485,10013,200,0x0000000000000000000000000000000000000000,18,BONER,55,8.800106156634964,0.4864864864864865,8,0.6061029513915609,0.01818181818181818,0.09458438814275112,18,55,8.800106156634964,True,test,False,2,60.0,15.0,False,,0,False,False,False,,
0xe8b7adf2e9cbcf54fa85c27128331b05a3fa3f0e4dd83cd622a7f4ad394fc6a2,0x98096d17e191b3da1d5f99a6d7b3584351b11e18,0,67599485,10013,200,0x0000000000000000000000000000000000000000,18,BONER,55,8.800106156634964,0.4864864864864865,8,0.6061029513915609,0.01818181818181818,0.09458438814275112,18,55,8.800106156634964,True,test,False,2,60.0,25.0,True,,0,False,False,False,,
0xe8b7adf2e9cbcf54fa85c27128331b05a3fa3f0e4dd83cd622a7f4ad394fc6a2,0x98096d17e191b3da1d5f99a6d7b3584351b11e18,0,67599485,10013,200,0x0000000000000000000000000000000000000000,18,BONER,55,8.800106156634964,0.4864864864864865,8,0.6061029513915609,0.01818181818181818,0.09458438814275112,18,55,8.800106156634964,True,test,False,2,60.0,25.0,False,,0,False,False,False,,
0xe8b7adf2e9cbcf54fa85c27128331b05a3fa3f0e4dd83cd622a7f4ad394fc6a2,0x98096d17e191b3da1d5f99a6d7b3584351b11e18,0,67599485,10013,200,0x0000000000000000000000000000000000000000,18,BONER,55,8.800106156634964,0.4864864864864865,8,0.6061029513915609,0.01818181818181818,0.09458438814275112,18,55,8.800106156634964,True,test,False,2,60.0,35.0,True,,0,False,False,False,,
0xe8b7adf2e9cbcf54fa85c27128331b05a3fa3f0e4dd83cd622a7f4ad394fc6a2,0x98096d17e191b3da1d5f99a6d7b3584351b11e18,0,67599485,10013,200,0x0000000000000000000000000000000000000000,18,BONER,55,8.800106156634964,0.4864864864864865,8,0.6061029513915609,0.01818181818181818,0.09458438814275112,18,55,8.800106156634964,True,test,False,2,60.0,35.0,False,,0,False,False,False,,
0xe8b7adf2e9cbcf54fa85c27128331b05a3fa3f0e4dd83cd622a7f4ad394fc6a2,0x98096d17e191b3da1d5f99a6d7b3584351b11e18,0,67599485,10013,200,0x0000000000000000000000000000000000000000,18,BONER,55,8.800106156634964,0.4864864864864865,8,0.6061029513915609,0.01818181818181818,0.09458438814275112,18,55,8.800106156634964,True,test,False,4,25.0,15.0,True,,0,False,False,False,,
0xe8b7adf2e9cbcf54fa85c27128331b05a3fa3f0e4dd83cd622a7f4ad394fc6a2,0x98096d17e191b3da1d5f99a6d7b3584351b11e18,0,67599485,10013,200,0x0000000000000000000000000000000000000000,18,BONER,55,8.800106156634964,0.4864864864864865,8,0.6061029513915609,0.01818181818181818,0.09458438814275112,18,55,8.800106156634964,True,test,False,4,25.0,15.0,False,,0,False,False,False,,
0xe8b7adf2e9cbcf54fa85c27128331b05a3fa3f0e4dd83cd622a7f4ad394fc6a2,0x98096d17e191b3da1d5f99a6d7b3584351b11e18,0,67599485,10013,200,0x0000000000000000000000000000000000000000,18,BONER,55,8.800106156634964,0.4864864864864865,8,0.6061029513915609,0.01818181818181818,0.09458438814275112,18,55,8.800106156634964,True,test,False,4,25.0,25.0,True,,0,False,False,False,,
0xe8b7adf2e9cbcf54fa85c27128331b05a3fa3f0e4dd83cd622a7f4ad394fc6a2,0x98096d17e191b3da1d5f99a6d7b3584351b11e18,0,67599485,10013,200,0x0000000000000000000000000000000000000000,18,BONER,55,8.800106156634964,0.4864864864864865,8,0.6061029513915609,0.01818181818181818,0.09458438814275112,18,55,8.800106156634964,True,test,False,4,25.0,25.0,False,,0,False,False,False,,
0xe8b7adf2e9cbcf54fa85c27128331b05a3fa3f0e4dd83cd622a7f4ad394fc6a2,0x98096d17e191b3da1d5f99a6d7b3584351b11e18,0,67599485,10013,200,0x0000000000000000000000000000000000000000,18,BONER,55,8.800106156634964,0.4864864864864865,8,0.6061029513915609,0.01818181818181818,0.09458438814275112,18,55,8.800106156634964,True,test,False,4,25.0,35.0,True,,0,False,False,False,,
0xe8b7adf2e9cbcf54fa85c27128331b05a3fa3f0e4dd83cd622a7f4ad394fc6a2,0x98096d17e191b3da1d5f99a6d7b3584351b11e18,0,67599485,10013,200,0x0000000000000000000000000000000000000000,18,BONER,55,8.800106156634964,0.4864864864864865,8,0.6061029513915609,0.01818181818181818,0.09458438814275112,18,55,8.800106156634964,True,test,False,4,25.0,35.0,False,,0,False,False,False,,
0xe8b7adf2e9cbcf54fa85c27128331b05a3fa3f0e4dd83cd622a7f4ad394fc6a2,0x98096d17e191b3da1d5f99a6d7b3584351b11e18,0,67599485,10013,200,0x0000000000000000000000000000000000000000,18,BONER,55,8.800106156634964,0.4864864864864865,8,0.6061029513915609,0.01818181818181818,0.09458438814275112,18,55,8.800106156634964,True,test,False,4,40.0,15.0,True,,0,False,False,False,,
0xe8b7adf2e9cbcf54fa85c27128331b05a3fa3f0e4dd83cd622a7f4ad394fc6a2,0x98096d17e191b3da1d5f99a6d7b3584351b11e18,0,67599485,10013,200,0x0000000000000000000000000000000000000000,18,BONER,55,8.800106156634964,0.4864864864864865,8,0.6061029513915609,0.01818181818181818,0.09458438814275112,18,55,8.800106156634964,True,test,False,4,40.0,15.0,False,,0,False,False,False,,
0xe8b7adf2e9cbcf54fa85c27128331b05a3fa3f0e4dd83cd622a7f4ad394fc6a2,0x98096d17e191b3da1d5f99a6d7b3584351b11e18,0,67599485,10013,200,0x0000000000000000000000000000000000000000,18,BONER,55,8.800106156634964,0.4864864864864865,8,0.6061029513915609,0.01818181818181818,0.09458438814275112,18,55,8.800106156634964,True,test,False,4,40.0,25.0,True,,0,False,False,False,,
0xe8b7adf2e9cbcf54fa85c27128331b05a3fa3f0e4dd83cd622a7f4ad394fc6a2,0x98096d17e191b3da1d5f99a6d7b3584351b11e18,0,67599485,10013,200,0x0000000000000000000000000000000000000000,18,BONER,55,8.800106156634964,0.4864864864864865,8,0.6061029513915609,0.01818181818181818,0.09458438814275112,18,55,8.800106156634964,True,test,False,4,40.0,25.0,False,,0,False,False,False,,
0xe8b7adf2e9cbcf54fa85c27128331b05a3fa3f0e4dd83cd622a7f4ad394fc6a2,0x98096d17e191b3da1d5f99a6d7b3584351b11e18,0,67599485,10013,200,0x0000000000000000000000000000000000000000,18,BONER,55,8.800106156634964,0.4864864864864865,8,0.6061029513915609,0.01818181818181818,0.09458438814275112,18,55,8.800106156634964,True,test,False,4,40.0,35.0,True,,0,False,False,False,,
0xe8b7adf2e9cbcf54fa85c27128331b05a3fa3f0e4dd83cd622a7f4ad394fc6a2,0x98096d17e191b3da1d5f99a6d7b3584351b11e18,0,67599485,10013,200,0x0000000000000000000000000000000000000000,18,BONER,55,8.800106156634964,0.4864864864864865,8,0.6061029513915609,0.01818181818181818,0.09458438814275112,18,55,8.800106156634964,True,test,False,4,40.0,35.0,False,,0,False,False,False,,
0xe8b7adf2e9cbcf54fa85c27128331b05a3fa3f0e4dd83cd622a7f4ad394fc6a2,0x98096d17e191b3da1d5f99a6d7b3584351b11e18,0,67599485,10013,200,0x0000000000000000000000000000000000000000,18,BONER,55,8.800106156634964,0.4864864864864865,8,0.6061029513915609,0.01818181818181818,0.09458438814275112,18,55,8.800106156634964,True,test,False,4,60.0,15.0,True,,0,False,False,False,,
0xe8b7adf2e9cbcf54fa85c27128331b05a3fa3f0e4dd83cd622a7f4ad394fc6a2,0x98096d17e191b3da1d5f99a6d7b3584351b11e18,0,67599485,10013,200,0x0000000000000000000000000000000000000000,18,BONER,55,8.800106156634964,0.4864864864864865,8,0.6061029513915609,0.01818181818181818,0.09458438814275112,18,55,8.800106156634964,True,test,False,4,60.0,15.0,False,,0,False,False,False,,
0xe8b7adf2e9cbcf54fa85c27128331b05a3fa3f0e4dd83cd622a7f4ad394fc6a2,0x98096d17e191b3da1d5f99a6d7b3584351b11e18,0,67599485,10013,200,0x0000000000000000000000000000000000000000,18,BONER,55,8.800106156634964,0.4864864864864865,8,0.6061029513915609,0.01818181818181818,0.09458438814275112,18,55,8.800106156634964,True,test,False,4,60.0,25.0,True,,0,False,False,False,,
0xe8b7adf2e9cbcf54fa85c27128331b05a3fa3f0e4dd83cd622a7f4ad394fc6a2,0x98096d17e191b3da1d5f99a6d7b3584351b11e18,0,67599485,10013,200,0x0000000000000000000000000000000000000000,18,BONER,55,8.800106156634964,0.4864864864864865,8,0.6061029513915609,0.01818181818181818,0.09458438814275112,18,55,8.800106156634964,True,test,False,4,60.0,25.0,False,,0,False,False,False,,
0xe8b7adf2e9cbcf54fa85c27128331b05a3fa3f0e4dd83cd622a7f4ad394fc6a2,0x98096d17e191b3da1d5f99a6d7b3584351b11e18,0,67599485,10013,200,0x0000000000000000000000000000000000000000,18,BONER,55,8.800106156634964,0.4864864864864865,8,0.6061029513915609,0.01818181818181818,0.09458438814275112,18,55,8.800106156634964,True,test,False,4,60.0,35.0,True,,0,False,False,False,,
0xe8b7adf2e9cbcf54fa85c27128331b05a3fa3f0e4dd83cd622a7f4ad394fc6a2,0x98096d17e191b3da1d5f99a6d7b3584351b11e18,0,67599485,10013,200,0x0000000000000000000000000000000000000000,18,BONER,55,8.800106156634964,0.4864864864864865,8,0.6061029513915609,0.01818181818181818,0.09458438814275112,18,55,8.800106156634964,True,test,False,4,60.0,35.0,False,,0,False,False,False,,
0xe8b7adf2e9cbcf54fa85c27128331b05a3fa3f0e4dd83cd622a7f4ad394fc6a2,0x98096d17e191b3da1d5f99a6d7b3584351b11e18,0,67599485,10013,200,0x0000000000000000000000000000000000000000,18,BONER,55,8.800106156634964,0.4864864864864865,8,0.6061029513915609,0.01818181818181818,0.09458438814275112,18,55,8.800106156634964,True,test,False,6,25.0,15.0,True,,0,False,False,False,,
0xe8b7adf2e9cbcf54fa85c27128331b05a3fa3f0e4dd83cd622a7f4ad394fc6a2,0x98096d17e191b3da1d5f99a6d7b3584351b11e18,0,67599485,10013,200,0x0000000000000000000000000000000000000000,18,BONER,55,8.800106156634964,0.4864864864864865,8,0.6061029513915609,0.01818181818181818,0.09458438814275112,18,55,8.800106156634964,True,test,False,6,25.0,15.0,False,,0,False,False,False,,
0xe8b7adf2e9cbcf54fa85c27128331b05a3fa3f0e4dd83cd622a7f4ad394fc6a2,0x98096d17e191b3da1d5f99a6d7b3584351b11e18,0,67599485,10013,200,0x0000000000000000000000000000000000000000,18,BONER,55,8.800106156634964,0.4864864864864865,8,0.6061029513915609,0.01818181818181818,0.09458438814275112,18,55,8.800106156634964,True,test,False,6,25.0,25.0,True,,0,False,False,False,,
0xe8b7adf2e9cbcf54fa85c27128331b05a3fa3f0e4dd83cd622a7f4ad394fc6a2,0x98096d17e191b3da1d5f99a6d7b3584351b11e18,0,67599485,10013,200,0x0000000000000000000000000000000000000000,18,BONER,55,8.800106156634964,0.4864864864864865,8,0.6061029513915609,0.01818181818181818,0.09458438814275112,18,55,8.800106156634964,True,test,False,6,25.0,25.0,False,,0,False,False,False,,
0xe8b7adf2e9cbcf54fa85c27128331b05a3fa3f0e4dd83cd622a7f4ad394fc6a2,0x98096d17e191b3da1d5f99a6d7b3584351b11e18,0,67599485,10013,200,0x0000000000000000000000000000000000000000,18,BONER,55,8.800106156634964,0.4864864864864865,8,0.6061029513915609,0.01818181818181818,0.09458438814275112,18,55,8.800106156634964,True,test,False,6,25.0,35.0,True,,0,False,False,False,,
0xe8b7adf2e9cbcf54fa85c27128331b05a3fa3f0e4dd83cd622a7f4ad394fc6a2,0x98096d17e191b3da1d5f99a6d7b3584351b11e18,0,67599485,10013,200,0x0000000000000000000000000000000000000000,18,BONER,55,8.800106156634964,0.4864864864864865,8,0.6061029513915609,0.01818181818181818,0.09458438814275112,18,55,8.800106156634964,True,test,False,6,25.0,35.0,False,,0,False,False,False,,
0xe8b7adf2e9cbcf54fa85c27128331b05a3fa3f0e4dd83cd622a7f4ad394fc6a2,0x98096d17e191b3da1d5f99a6d7b3584351b11e18,0,67599485,10013,200,0x0000000000000000000000000000000000000000,18,BONER,55,8.800106156634964,0.4864864864864865,8,0.6061029513915609,0.01818181818181818,0.09458438814275112,18,55,8.800106156634964,True,test,False,6,40.0,15.0,True,,0,False,False,False,,
0xe8b7adf2e9cbcf54fa85c27128331b05a3fa3f0e4dd83cd622a7f4ad394fc6a2,0x98096d17e191b3da1d5f99a6d7b3584351b11e18,0,67599485,10013,200,0x0000000000000000000000000000000000000000,18,BONER,55,8.800106156634964,0.4864864864864865,8,0.6061029513915609,0.01818181818181818,0.09458438814275112,18,55,8.800106156634964,True,test,False,6,40.0,15.0,False,,0,False,False,False,,
0xe8b7adf2e9cbcf54fa85c27128331b05a3fa3f0e4dd83cd622a7f4ad394fc6a2,0x98096d17e191b3da1d5f99a6d7b3584351b11e18,0,67599485,10013,200,0x0000000000000000000000000000000000000000,18,BONER,55,8.800106156634964,0.4864864864864865,8,0.6061029513915609,0.01818181818181818,0.09458438814275112,18,55,8.800106156634964,True,test,False,6,40.0,25.0,True,,0,False,False,False,,
0xe8b7adf2e9cbcf54fa85c27128331b05a3fa3f0e4dd83cd622a7f4ad394fc6a2,0x98096d17e191b3da1d5f99a6d7b3584351b11e18,0,67599485,10013,200,0x0000000000000000000000000000000000000000,18,BONER,55,8.800106156634964,0.4864864864864865,8,0.6061029513915609,0.01818181818181818,0.09458438814275112,18,55,8.800106156634964,True,test,False,6,40.0,25.0,False,,0,False,False,False,,
0xe8b7adf2e9cbcf54fa85c27128331b05a3fa3f0e4dd83cd622a7f4ad394fc6a2,0x98096d17e191b3da1d5f99a6d7b3584351b11e18,0,67599485,10013,200,0x0000000000000000000000000000000000000000,18,BONER,55,8.800106156634964,0.4864864864864865,8,0.6061029513915609,0.01818181818181818,0.09458438814275112,18,55,8.800106156634964,True,test,False,6,40.0,35.0,True,,0,False,False,False,,
0xe8b7adf2e9cbcf54fa85c27128331b05a3fa3f0e4dd83cd622a7f4ad394fc6a2,0x98096d17e191b3da1d5f99a6d7b3584351b11e18,0,67599485,10013,200,0x0000000000000000000000000000000000000000,18,BONER,55,8.800106156634964,0.4864864864864865,8,0.6061029513915609,0.01818181818181818,0.09458438814275112,18,55,8.800106156634964,True,test,False,6,40.0,35.0,False,,0,False,False,False,,
0xe8b7adf2e9cbcf54fa85c27128331b05a3fa3f0e4dd83cd622a7f4ad394fc6a2,0x98096d17e191b3da1d5f99a6d7b3584351b11e18,0,67599485,10013,200,0x0000000000000000000000000000000000000000,18,BONER,55,8.800106156634964,0.4864864864864865,8,0.6061029513915609,0.01818181818181818,0.09458438814275112,18,55,8.800106156634964,True,test,False,6,60.0,15.0,True,,0,False,False,False,,
0xe8b7adf2e9cbcf54fa85c27128331b05a3fa3f0e4dd83cd622a7f4ad394fc6a2,0x98096d17e191b3da1d5f99a6d7b3584351b11e18,0,67599485,10013,200,0x0000000000000000000000000000000000000000,18,BONER,55,8.800106156634964,0.4864864864864865,8,0.6061029513915609,0.01818181818181818,0.09458438814275112,18,55,8.800106156634964,True,test,False,6,60.0,15.0,False,,0,False,False,False,,
0xe8b7adf2e9cbcf54fa85c27128331b05a3fa3f0e4dd83cd622a7f4ad394fc6a2,0x98096d17e191b3da1d5f99a6d7b3584351b11e18,0,67599485,10013,200,0x0000000000000000000000000000000000000000,18,BONER,55,8.800106156634964,0.4864864864864865,8,0.6061029513915609,0.01818181818181818,0.09458438814275112,18,55,8.800106156634964,True,test,False,6,60.0,25.0,True,,0,False,False,False,,
0xe8b7adf2e9cbcf54fa85c27128331b05a3fa3f0e4dd83cd622a7f4ad394fc6a2,0x98096d17e191b3da1d5f99a6d7b3584351b11e18,0,67599485,10013,200,0x0000000000000000000000000000000000000000,18,BONER,55,8.800106156634964,0.4864864864864865,8,0.6061029513915609,0.01818181818181818,0.09458438814275112,18,55,8.800106156634964,True,test,False,6,60.0,25.0,False,,0,False,False,False,,
0xe8b7adf2e9cbcf54fa85c27128331b05a3fa3f0e4dd83cd622a7f4ad394fc6a2,0x98096d17e191b3da1d5f99a6d7b3584351b11e18,0,67599485,10013,200,0x0000000000000000000000000000000000000000,18,BONER,55,8.800106156634964,0.4864864864864865,8,0.6061029513915609,0.01818181818181818,0.09458438814275112,18,55,8.800106156634964,True,test,False,6,60.0,35.0,True,,0,False,False,False,,
0xe8b7adf2e9cbcf54fa85c27128331b05a3fa3f0e4dd83cd622a7f4ad394fc6a2,0x98096d17e191b3da1d5f99a6d7b3584351b11e18,0,67599485,10013,200,0x0000000000000000000000000000000000000000,18,BONER,55,8.800106156634964,0.4864864864864865,8,0.6061029513915609,0.01818181818181818,0.09458438814275112,18,55,8.800106156634964,True,test,False,6,60.0,35.0,False,,0,False,False,False,,
0xe8b7adf2e9cbcf54fa85c27128331b05a3fa3f0e4dd83cd622a7f4ad394fc6a2,0x98096d17e191b3da1d5f99a6d7b3584351b11e18,0,67599485,10013,200,0x0000000000000000000000000000000000000000,18,BONER,55,8.800106156634964,0.4864864864864865,8,0.6061029513915609,0.01818181818181818,0.09458438814275112,18,55,8.800106156634964,True,test,False,12,25.0,15.0,True,,0,False,False,False,,
0xe8b7adf2e9cbcf54fa85c27128331b05a3fa3f0e4dd83cd622a7f4ad394fc6a2,0x98096d17e191b3da1d5f99a6d7b3584351b11e18,0,67599485,10013,200,0x0000000000000000000000000000000000000000,18,BONER,55,8.800106156634964,0.4864864864864865,8,0.6061029513915609,0.01818181818181818,0.09458438814275112,18,55,8.800106156634964,True,test,False,12,25.0,15.0,False,,0,False,False,False,,
0xe8b7adf2e9cbcf54fa85c27128331b05a3fa3f0e4dd83cd622a7f4ad394fc6a2,0x98096d17e191b3da1d5f99a6d7b3584351b11e18,0,67599485,10013,200,0x0000000000000000000000000000000000000000,18,BONER,55,8.800106156634964,0.4864864864864865,8,0.6061029513915609,0.01818181818181818,0.09458438814275112,18,55,8.800106156634964,True,test,False,12,25.0,25.0,True,,0,False,False,False,,
0xe8b7adf2e9cbcf54fa85c27128331b05a3fa3f0e4dd83cd622a7f4ad394fc6a2,0x98096d17e191b3da1d5f99a6d7b3584351b11e18,0,67599485,10013,200,0x0000000000000000000000000000000000000000,18,BONER,55,8.800106156634964,0.4864864864864865,8,0.6061029513915609,0.01818181818181818,0.09458438814275112,18,55,8.800106156634964,True,test,False,12,25.0,25.0,False,,0,False,False,False,,
0xe8b7adf2e9cbcf54fa85c27128331b05a3fa3f0e4dd83cd622a7f4ad394fc6a2,0x98096d17e191b3da1d5f99a6d7b3584351b11e18,0,67599485,10013,200,0x0000000000000000000000000000000000000000,18,BONER,55,8.800106156634964,0.4864864864864865,8,0.6061029513915609,0.01818181818181818,0.09458438814275112,18,55,8.800106156634964,True,test,False,12,25.0,35.0,True,,0,False,False,False,,
0xe8b7adf2e9cbcf54fa85c27128331b05a3fa3f0e4dd83cd622a7f4ad394fc6a2,0x98096d17e191b3da1d5f99a6d7b3584351b11e18,0,67599485,10013,200,0x0000000000000000000000000000000000000000,18,BONER,55,8.800106156634964,0.4864864864864865,8,0.6061029513915609,0.01818181818181818,0.09458438814275112,18,55,8.800106156634964,True,test,False,12,25.0,35.0,False,,0,False,False,False,,
0xe8b7adf2e9cbcf54fa85c27128331b05a3fa3f0e4dd83cd622a7f4ad394fc6a2,0x98096d17e191b3da1d5f99a6d7b3584351b11e18,0,67599485,10013,200,0x0000000000000000000000000000000000000000,18,BONER,55,8.800106156634964,0.4864864864864865,8,0.6061029513915609,0.01818181818181818,0.09458438814275112,18,55,8.800106156634964,True,test,False,12,40.0,15.0,True,,0,False,False,False,,
0xe8b7adf2e9cbcf54fa85c27128331b05a3fa3f0e4dd83cd622a7f4ad394fc6a2,0x98096d17e191b3da1d5f99a6d7b3584351b11e18,0,67599485,10013,200,0x0000000000000000000000000000000000000000,18,BONER,55,8.800106156634964,0.4864864864864865,8,0.6061029513915609,0.01818181818181818,0.09458438814275112,18,55,8.800106156634964,True,test,False,12,40.0,15.0,False,,0,False,False,False,,
0xe8b7adf2e9cbcf54fa85c27128331b05a3fa3f0e4dd83cd622a7f4ad394fc6a2,0x98096d17e191b3da1d5f99a6d7b3584351b11e18,0,67599485,10013,200,0x0000000000000000000000000000000000000000,18,BONER,55,8.800106156634964,0.4864864864864865,8,0.6061029513915609,0.01818181818181818,0.09458438814275112,18,55,8.800106156634964,True,test,False,12,40.0,25.0,True,,0,False,False,False,,
0xe8b7adf2e9cbcf54fa85c27128331b05a3fa3f0e4dd83cd622a7f4ad394fc6a2,0x98096d17e191b3da1d5f99a6d7b3584351b11e18,0,67599485,10013,200,0x0000000000000000000000000000000000000000,18,BONER,55,8.800106156634964,0.4864864864864865,8,0.6061029513915609,0.01818181818181818,0.09458438814275112,18,55,8.800106156634964,True,test,False,12,40.0,25.0,False,,0,False,False,False,,
0xe8b7adf2e9cbcf54fa85c27128331b05a3fa3f0e4dd83cd622a7f4ad394fc6a2,0x98096d17e191b3da1d5f99a6d7b3584351b11e18,0,67599485,10013,200,0x0000000000000000000000000000000000000000,18,BONER,55,8.800106156634964,0.4864864864864865,8,0.6061029513915609,0.01818181818181818,0.09458438814275112,18,55,8.800106156634964,True,test,False,12,40.0,35.0,True,,0,False,False,False,,
0xe8b7adf2e9cbcf54fa85c27128331b05a3fa3f0e4dd83cd622a7f4ad394fc6a2,0x98096d17e191b3da1d5f99a6d7b3584351b11e18,0,67599485,10013,200,0x0000000000000000000000000000000000000000,18,BONER,55,8.800106156634964,0.4864864864864865,8,0.6061029513915609,0.01818181818181818,0.09458438814275112,18,55,8.800106156634964,True,test,False,12,40.0,35.0,False,,0,False,False,False,,
0xe8b7adf2e9cbcf54fa85c27128331b05a3fa3f0e4dd83cd622a7f4ad394fc6a2,0x98096d17e191b3da1d5f99a6d7b3584351b11e18,0,67599485,10013,200,0x0000000000000000000000000000000000000000,18,BONER,55,8.800106156634964,0.4864864864864865,8,0.6061029513915609,0.01818181818181818,0.09458438814275112,18,55,8.800106156634964,True,test,False,12,60.0,15.0,True,,0,False,False,False,,
0xe8b7adf2e9cbcf54fa85c27128331b05a3fa3f0e4dd83cd622a7f4ad394fc6a2,0x98096d17e191b3da1d5f99a6d7b3584351b11e18,0,67599485,10013,200,0x0000000000000000000000000000000000000000,18,BONER,55,8.800106156634964,0.4864864864864865,8,0.6061029513915609,0.01818181818181818,0.09458438814275112,18,55,8.800106156634964,True,test,False,12,60.0,15.0,False,,0,False,False,False,,
0xe8b7adf2e9cbcf54fa85c27128331b05a3fa3f0e4dd83cd622a7f4ad394fc6a2,0x98096d17e191b3da1d5f99a6d7b3584351b11e18,0,67599485,10013,200,0x0000000000000000000000000000000000000000,18,BONER,55,8.800106156634964,0.4864864864864865,8,0.6061029513915609,0.01818181818181818,0.09458438814275112,18,55,8.800106156634964,True,test,False,12,60.0,25.0,True,,0,False,False,False,,
0xe8b7adf2e9cbcf54fa85c27128331b05a3fa3f0e4dd83cd622a7f4ad394fc6a2,0x98096d17e191b3da1d5f99a6d7b3584351b11e18,0,67599485,10013,200,0x0000000000000000000000000000000000000000,18,BONER,55,8.800106156634964,0.4864864864864865,8,0.6061029513915609,0.01818181818181818,0.09458438814275112,18,55,8.800106156634964,True,test,False,12,60.0,25.0,False,,0,False,False,False,,
0xe8b7adf2e9cbcf54fa85c27128331b05a3fa3f0e4dd83cd622a7f4ad394fc6a2,0x98096d17e191b3da1d5f99a6d7b3584351b11e18,0,67599485,10013,200,0x0000000000000000000000000000000000000000,18,BONER,55,8.800106156634964,0.4864864864864865,8,0.6061029513915609,0.01818181818181818,0.09458438814275112,18,55,8.800106156634964,True,test,False,12,60.0,35.0,True,,0,False,False,False,,
0xe8b7adf2e9cbcf54fa85c27128331b05a3fa3f0e4dd83cd622a7f4ad394fc6a2,0x98096d17e191b3da1d5f99a6d7b3584351b11e18,0,67599485,10013,200,0x0000000000000000000000000000000000000000,18,BONER,55,8.800106156634964,0.4864864864864865,8,0.6061029513915609,0.01818181818181818,0.09458438814275112,18,55,8.800106156634964,True,test,False,12,60.0,35.0,False,,0,False,False,False,,
0xba93f83da3d5dca5ca802d866a82036eef5175ac4cde024b0d7810ce960fd45c,0xe20359d3e4cb4540c3383452116c90f27cd92e34,0,67614369,0,200,0xe5e702641ea86f4ae6cc3cdaed2b886f976be044,18,THOT,379,12.030575593701101,0.9637305699481865,8,0.21873212471570605,0.026385224274406333,0.008327699777766455,186,379,12.030575593701101,True,train,True,2,25.0,15.0,True,7.362163810611144,4,True,True,True,2.428248514778712,19.69575848059276
0xba93f83da3d5dca5ca802d866a82036eef5175ac4cde024b0d7810ce960fd45c,0xe20359d3e4cb4540c3383452116c90f27cd92e34,0,67614369,0,200,0xe5e702641ea86f4ae6cc3cdaed2b886f976be044,18,THOT,379,12.030575593701101,0.9637305699481865,8,0.21873212471570605,0.026385224274406333,0.008327699777766455,186,379,12.030575593701101,True,train,True,2,25.0,15.0,False,-57.419015612878944,3,True,True,False,2.428248514778712,19.69575848059276
0xba93f83da3d5dca5ca802d866a82036eef5175ac4cde024b0d7810ce960fd45c,0xe20359d3e4cb4540c3383452116c90f27cd92e34,0,67614369,0,200,0xe5e702641ea86f4ae6cc3cdaed2b886f976be044,18,THOT,379,12.030575593701101,0.9637305699481865,8,0.21873212471570605,0.026385224274406333,0.008327699777766455,186,379,12.030575593701101,True,train,True,2,25.0,25.0,True,7.362163810611144,4,True,True,True,2.428248514778712,19.69575848059276
0xba93f83da3d5dca5ca802d866a82036eef5175ac4cde024b0d7810ce960fd45c,0xe20359d3e4cb4540c3383452116c90f27cd92e34,0,67614369,0,200,0xe5e702641ea86f4ae6cc3cdaed2b886f976be044,18,THOT,379,12.030575593701101,0.9637305699481865,8,0.21873212471570605,0.026385224274406333,0.008327699777766455,186,379,12.030575593701101,True,train,True,2,25.0,25.0,False,-61.3748553198153,3,True,True,False,2.428248514778712,19.69575848059276
0xba93f83da3d5dca5ca802d866a82036eef5175ac4cde024b0d7810ce960fd45c,0xe20359d3e4cb4540c3383452116c90f27cd92e34,0,67614369,0,200,0xe5e702641ea86f4ae6cc3cdaed2b886f976be044,18,THOT,379,12.030575593701101,0.9637305699481865,8,0.21873212471570605,0.026385224274406333,0.008327699777766455,186,379,12.030575593701101,True,train,True,2,25.0,35.0,True,7.362163810611144,4,True,True,True,2.428248514778712,19.69575848059276
0xba93f83da3d5dca5ca802d866a82036eef5175ac4cde024b0d7810ce960fd45c,0xe20359d3e4cb4540c3383452116c90f27cd92e34,0,67614369,0,200,0xe5e702641ea86f4ae6cc3cdaed2b886f976be044,18,THOT,379,12.030575593701101,0.9637305699481865,8,0.21873212471570605,0.026385224274406333,0.008327699777766455,186,379,12.030575593701101,True,train,True,2,25.0,35.0,False,-66.84517045375995,3,True,True,False,2.428248514778712,19.69575848059276
0xba93f83da3d5dca5ca802d866a82036eef5175ac4cde024b0d7810ce960fd45c,0xe20359d3e4cb4540c3383452116c90f27cd92e34,0,67614369,0,200,0xe5e702641ea86f4ae6cc3cdaed2b886f976be044,18,THOT,379,12.030575593701101,0.9637305699481865,8,0.21873212471570605,0.026385224274406333,0.008327699777766455,186,379,12.030575593701101,True,train,True,2,40.0,15.0,True,13.250298220770397,4,True,True,True,2.428248514778712,19.69575848059276
0xba93f83da3d5dca5ca802d866a82036eef5175ac4cde024b0d7810ce960fd45c,0xe20359d3e4cb4540c3383452116c90f27cd92e34,0,67614369,0,200,0xe5e702641ea86f4ae6cc3cdaed2b886f976be044,18,THOT,379,12.030575593701101,0.9637305699481865,8,0.21873212471570605,0.026385224274406333,0.008327699777766455,186,379,12.030575593701101,True,train,True,2,40.0,15.0,False,-52.35398773905502,3,True,True,False,2.428248514778712,19.69575848059276
0xba93f83da3d5dca5ca802d866a82036eef5175ac4cde024b0d7810ce960fd45c,0xe20359d3e4cb4540c3383452116c90f27cd92e34,0,67614369,0,200,0xe5e702641ea86f4ae6cc3cdaed2b886f976be044,18,THOT,379,12.030575593701101,0.9637305699481865,8,0.21873212471570605,0.026385224274406333,0.008327699777766455,186,379,12.030575593701101,True,train,True,2,40.0,25.0,True,13.250298220770397,4,True,True,True,2.428248514778712,19.69575848059276
0xba93f83da3d5dca5ca802d866a82036eef5175ac4cde024b0d7810ce960fd45c,0xe20359d3e4cb4540c3383452116c90f27cd92e34,0,67614369,0,200,0xe5e702641ea86f4ae6cc3cdaed2b886f976be044,18,THOT,379,12.030575593701101,0.9637305699481865,8,0.21873212471570605,0.026385224274406333,0.008327699777766455,186,379,12.030575593701101,True,train,True,2,40.0,25.0,False,-56.769579300195325,3,True,True,False,2.428248514778712,19.69575848059276
0xba93f83da3d5dca5ca802d866a82036eef5175ac4cde024b0d7810ce960fd45c,0xe20359d3e4cb4540c3383452116c90f27cd92e34,0,67614369,0,200,0xe5e702641ea86f4ae6cc3cdaed2b886f976be044,18,THOT,379,12.030575593701101,0.9637305699481865,8,0.21873212471570605,0.026385224274406333,0.008327699777766455,186,379,12.030575593701101,True,train,True,2,40.0,35.0,True,13.250298220770397,4,True,True,True,2.428248514778712,19.69575848059276
0xba93f83da3d5dca5ca802d866a82036eef5175ac4cde024b0d7810ce960fd45c,0xe20359d3e4cb4540c3383452116c90f27cd92e34,0,67614369,0,200,0xe5e702641ea86f4ae6cc3cdaed2b886f976be044,18,THOT,379,12.030575593701101,0.9637305699481865,8,0.21873212471570605,0.026385224274406333,0.008327699777766455,186,379,12.030575593701101,True,train,True,2,40.0,35.0,False,-62.875660216434206,3,True,True,False,2.428248514778712,19.69575848059276
0xba93f83da3d5dca5ca802d866a82036eef5175ac4cde024b0d7810ce960fd45c,0xe20359d3e4cb4540c3383452116c90f27cd92e34,0,67614369,0,200,0xe5e702641ea86f4ae6cc3cdaed2b886f976be044,18,THOT,379,12.030575593701101,0.9637305699481865,8,0.21873212471570605,0.026385224274406333,0.008327699777766455,186,379,12.030575593701101,True,train,True,2,60.0,15.0,True,17.16117048664043,4,True,True,True,2.428248514778712,19.69575848059276
0xba93f83da3d5dca5ca802d866a82036eef5175ac4cde024b0d7810ce960fd45c,0xe20359d3e4cb4540c3383452116c90f27cd92e34,0,67614369,0,200,0xe5e702641ea86f4ae6cc3cdaed2b886f976be044,18,THOT,379,12.030575593701101,0.9637305699481865,8,0.21873212471570605,0.026385224274406333,0.008327699777766455,186,379,12.030575593701101,True,train,True,2,60.0,15.0,False,-35.63121276202127,2,True,True,False,2.428248514778712,19.69575848059276
0xba93f83da3d5dca5ca802d866a82036eef5175ac4cde024b0d7810ce960fd45c,0xe20359d3e4cb4540c3383452116c90f27cd92e34,0,67614369,0,200,0xe5e702641ea86f4ae6cc3cdaed2b886f976be044,18,THOT,379,12.030575593701101,0.9637305699481865,8,0.21873212471570605,0.026385224274406333,0.008327699777766455,186,379,12.030575593701101,True,train,True,2,60.0,25.0,True,17.16117048664043,4,True,True,True,2.428248514778712,19.69575848059276
0xba93f83da3d5dca5ca802d866a82036eef5175ac4cde024b0d7810ce960fd45c,0xe20359d3e4cb4540c3383452116c90f27cd92e34,0,67614369,0,200,0xe5e702641ea86f4ae6cc3cdaed2b886f976be044,18,THOT,379,12.030575593701101,0.9637305699481865,8,0.21873212471570605,0.026385224274406333,0.008327699777766455,186,379,12.030575593701101,True,train,True,2,60.0,25.0,False,-41.5647282111741,2,True,True,False,2.428248514778712,19.69575848059276
0xba93f83da3d5dca5ca802d866a82036eef5175ac4cde024b0d7810ce960fd45c,0xe20359d3e4cb4540c3383452116c90f27cd92e34,0,67614369,0,200,0xe5e702641ea86f4ae6cc3cdaed2b886f976be044,18,THOT,379,12.030575593701101,0.9637305699481865,8,0.21873212471570605,0.026385224274406333,0.008327699777766455,186,379,12.030575593701101,True,train,True,2,60.0,35.0,True,17.16117048664043,4,True,True,True,2.428248514778712,19.69575848059276
0xba93f83da3d5dca5ca802d866a82036eef5175ac4cde024b0d7810ce960fd45c,0xe20359d3e4cb4540c3383452116c90f27cd92e34,0,67614369,0,200,0xe5e702641ea86f4ae6cc3cdaed2b886f976be044,18,THOT,379,12.030575593701101,0.9637305699481865,8,0.21873212471570605,0.026385224274406333,0.008327699777766455,186,379,12.030575593701101,True,train,True,2,60.0,35.0,False,-49.76986334394537,2,True,True,False,2.428248514778712,19.69575848059276
0xba93f83da3d5dca5ca802d866a82036eef5175ac4cde024b0d7810ce960fd45c,0xe20359d3e4cb4540c3383452116c90f27cd92e34,0,67614369,0,200,0xe5e702641ea86f4ae6cc3cdaed2b886f976be044,18,THOT,379,12.030575593701101,0.9637305699481865,8,0.21873212471570605,0.026385224274406333,0.008327699777766455,186,379,12.030575593701101,True,train,True,4,25.0,15.0,True,7.362163810611144,4,True,True,True,2.41406383584641,19.580705178315405
0xba93f83da3d5dca5ca802d866a82036eef5175ac4cde024b0d7810ce960fd45c,0xe20359d3e4cb4540c3383452116c90f27cd92e34,0,67614369,0,200,0xe5e702641ea86f4ae6cc3cdaed2b886f976be044,18,THOT,379,12.030575593701101,0.9637305699481865,8,0.21873212471570605,0.026385224274406333,0.008327699777766455,186,379,12.030575593701101,True,train,True,4,25.0,15.0,False,-57.419015612878944,3,True,True,False,2.41406383584641,19.580705178315405
0xba93f83da3d5dca5ca802d866a82036eef5175ac4cde024b0d7810ce960fd45c,0xe20359d3e4cb4540c3383452116c90f27cd92e34,0,67614369,0,200,0xe5e702641ea86f4ae6cc3cdaed2b886f976be044,18,THOT,379,12.030575593701101,0.9637305699481865,8,0.21873212471570605,0.026385224274406333,0.008327699777766455,186,379,12.030575593701101,True,train,True,4,25.0,25.0,True,7.362163810611144,4,True,True,True,2.41406383584641,19.580705178315405
0xba93f83da3d5dca5ca802d866a82036eef5175ac4cde024b0d7810ce960fd45c,0xe20359d3e4cb4540c3383452116c90f27cd92e34,0,67614369,0,200,0xe5e702641ea86f4ae6cc3cdaed2b886f976be044,18,THOT,379,12.030575593701101,0.9637305699481865,8,0.21873212471570605,0.026385224274406333,0.008327699777766455,186,379,12.030575593701101,True,train,True,4,25.0,25.0,False,-61.3748553198153,3,True,True,False,2.41406383584641,19.580705178315405
0xba93f83da3d5dca5ca802d866a82036eef5175ac4cde024b0d7810ce960fd45c,0xe20359d3e4cb4540c3383452116c90f27cd92e34,0,67614369,0,200,0xe5e702641ea86f4ae6cc3cdaed2b886f976be044,18,THOT,379,12.030575593701101,0.9637305699481865,8,0.21873212471570605,0.026385224274406333,0.008327699777766455,186,379,12.030575593701101,True,train,True,4,25.0,35.0,True,7.362163810611144,4,True,True,True,2.41406383584641,19.580705178315405
0xba93f83da3d5dca5ca802d866a82036eef5175ac4cde024b0d7810ce960fd45c,0xe20359d3e4cb4540c3383452116c90f27cd92e34,0,67614369,0,200,0xe5e702641ea86f4ae6cc3cdaed2b886f976be044,18,THOT,379,12.030575593701101,0.9637305699481865,8,0.21873212471570605,0.026385224274406333,0.008327699777766455,186,379,12.030575593701101,True,train,True,4,25.0,35.0,False,-66.84517045375996,3,True,True,False,2.41406383584641,19.580705178315405
0xba93f83da3d5dca5ca802d866a82036eef5175ac4cde024b0d7810ce960fd45c,0xe20359d3e4cb4540c3383452116c90f27cd92e34,0,67614369,0,200,0xe5e702641ea86f4ae6cc3cdaed2b886f976be044,18,THOT,379,12.030575593701101,0.9637305699481865,8,0.21873212471570605,0.026385224274406333,0.008327699777766455,186,379,12.030575593701101,True,train,True,4,40.0,15.0,True,13.25029822077035,4,True,True,True,2.41406383584641,19.580705178315405
0xba93f83da3d5dca5ca802d866a82036eef5175ac4cde024b0d7810ce960fd45c,0xe20359d3e4cb4540c3383452116c90f27cd92e34,0,67614369,0,200,0xe5e702641ea86f4ae6cc3cdaed2b886f976be044,18,THOT,379,12.030575593701101,0.9637305699481865,8,0.21873212471570605,0.026385224274406333,0.008327699777766455,186,379,12.030575593701101,True,train,True,4,40.0,15.0,False,-52.35398773905504,3,True,True,False,2.41406383584641,19.580705178315405
0xba93f83da3d5dca5ca802d866a82036eef5175ac4cde024b0d7810ce960fd45c,0xe20359d3e4cb4540c3383452116c90f27cd92e34,0,67614369,0,200,0xe5e702641ea86f4ae6cc3cdaed2b886f976be044,18,THOT,379,12.030575593701101,0.9637305699481865,8,0.21873212471570605,0.026385224274406333,0.008327699777766455,186,379,12.030575593701101,True,train,True,4,40.0,25.0,True,13.25029822077035,4,True,True,True,2.41406383584641,19.580705178315405
0xba93f83da3d5dca5ca802d866a82036eef5175ac4cde024b0d7810ce960fd45c,0xe20359d3e4cb4540c3383452116c90f27cd92e34,0,67614369,0,200,0xe5e702641ea86f4ae6cc3cdaed2b886f976be044,18,THOT,379,12.030575593701101,0.9637305699481865,8,0.21873212471570605,0.026385224274406333,0.008327699777766455,186,379,12.030575593701101,True,train,True,4,40.0,25.0,False,-56.769579300195346,3,True,True,False,2.41406383584641,19.580705178315405
0xba93f83da3d5dca5ca802d866a82036eef5175ac4cde024b0d7810ce960fd45c,0xe20359d3e4cb4540c3383452116c90f27cd92e34,0,67614369,0,200,0xe5e702641ea86f4ae6cc3cdaed2b886f976be044,18,THOT,379,12.030575593701101,0.9637305699481865,8,0.21873212471570605,0.026385224274406333,0.008327699777766455,186,379,12.030575593701101,True,train,True,4,40.0,35.0,True,13.25029822077035,4,True,True,True,2.41406383584641,19.580705178315405
0xba93f83da3d5dca5ca802d866a82036eef5175ac4cde024b0d7810ce960fd45c,0xe20359d3e4cb4540c3383452116c90f27cd92e34,0,67614369,0,200,0xe5e702641ea86f4ae6cc3cdaed2b886f976be044,18,THOT,379,12.030575593701101,0.9637305699481865,8,0.21873212471570605,0.026385224274406333,0.008327699777766455,186,379,12.030575593701101,True,train,True,4,40.0,35.0,False,-62.87566021643423,3,True,True,False,2.41406383584641,19.580705178315405
0xba93f83da3d5dca5ca802d866a82036eef5175ac4cde024b0d7810ce960fd45c,0xe20359d3e4cb4540c3383452116c90f27cd92e34,0,67614369,0,200,0xe5e702641ea86f4ae6cc3cdaed2b886f976be044,18,THOT,379,12.030575593701101,0.9637305699481865,8,0.21873212471570605,0.026385224274406333,0.008327699777766455,186,379,12.030575593701101,True,train,True,4,60.0,15.0,True,16.750699544113388,4,True,True,True,2.41406383584641,19.580705178315405
0xba93f83da3d5dca5ca802d866a82036eef5175ac4cde024b0d7810ce960fd45c,0xe20359d3e4cb4540c3383452116c90f27cd92e34,0,67614369,0,200,0xe5e702641ea86f4ae6cc3cdaed2b886f976be044,18,THOT,379,12.030575593701101,0.9637305699481865,8,0.21873212471570605,0.026385224274406333,0.008327699777766455,186,379,12.030575593701101,True,train,True,4,60.0,15.0,False,-36.53194237047902,2,True,True,False,2.41406383584641,19.580705178315405
0xba93f83da3d5dca5ca802d866a82036eef5175ac4cde024b0d7810ce960fd45c,0xe20359d3e4cb4540c3383452116c90f27cd92e34,0,67614369,0,200,0xe5e702641ea86f4ae6cc3cdaed2b886f976be044,18,THOT,379,12.030575593701101,0.9637305699481865,8,0.21873212471570605,0.026385224274406333,0.008327699777766455,186,379,12.030575593701101,True,train,True,4,60.0,25.0,True,16.750699544113388,4,True,True,True,2.41406383584641,19.580705178315405
0xba93f83da3d5dca5ca802d866a82036eef5175ac4cde024b0d7810ce960fd45c,0xe20359d3e4cb4540c3383452116c90f27cd92e34,0,67614369,0,200,0xe5e702641ea86f4ae6cc3cdaed2b886f976be044,18,THOT,379,12.030575593701101,0.9637305699481865,8,0.21873212471570605,0.026385224274406333,0.008327699777766455,186,379,12.030575593701101,True,train,True,4,60.0,25.0,False,-42.38369872216171,2,True,True,False,2.41406383584641,19.580705178315405
0xba93f83da3d5dca5ca802d866a82036eef5175ac4cde024b0d7810ce960fd45c,0xe20359d3e4cb4540c3383452116c90f27cd92e34,0,67614369,0,200,0xe5e702641ea86f4ae6cc3cdaed2b886f976be044,18,THOT,379,12.030575593701101,0.9637305699481865,8,0.21873212471570605,0.026385224274406333,0.008327699777766455,186,379,12.030575593701101,True,train,True,4,60.0,35.0,True,16.750699544113388,4,True,True,True,2.41406383584641,19.580705178315405
0xba93f83da3d5dca5ca802d866a82036eef5175ac4cde024b0d7810ce960fd45c,0xe20359d3e4cb4540c3383452116c90f27cd92e34,0,67614369,0,200,0xe5e702641ea86f4ae6cc3cdaed2b886f976be044,18,THOT,379,12.030575593701101,0.9637305699481865,8,0.21873212471570605,0.026385224274406333,0.008327699777766455,186,379,12.030575593701101,True,train,True,4,60.0,35.0,False,-50.475773654985,2,True,True,False,2.41406383584641,19.580705178315405
0xba93f83da3d5dca5ca802d866a82036eef5175ac4cde024b0d7810ce960fd45c,0xe20359d3e4cb4540c3383452116c90f27cd92e34,0,67614369,0,200,0xe5e702641ea86f4ae6cc3cdaed2b886f976be044,18,THOT,379,12.030575593701101,0.9637305699481865,8,0.21873212471570605,0.026385224274406333,0.008327699777766455,186,379,12.030575593701101,True,train,True,6,25.0,15.0,True,-11.496656241766301,1,False,True,False,1.1013644756106367,8.93327374801612
0xba93f83da3d5dca5ca802d866a82036eef5175ac4cde024b0d7810ce960fd45c,0xe20359d3e4cb4540c3383452116c90f27cd92e34,0,67614369,0,200,0xe5e702641ea86f4ae6cc3cdaed2b886f976be044,18,THOT,379,12.030575593701101,0.9637305699481865,8,0.21873212471570605,0.026385224274406333,0.008327699777766455,186,379,12.030575593701101,True,train,True,6,25.0,15.0,False,-11.496656241766301,1,False,True,False,1.1013644756106367,8.93327374801612
0xba93f83da3d5dca5ca802d866a82036eef5175ac4cde024b0d7810ce960fd45c,0xe20359d3e4cb4540c3383452116c90f27cd92e34,0,67614369,0,200,0xe5e702641ea86f4ae6cc3cdaed2b886f976be044,18,THOT,379,12.030575593701101,0.9637305699481865,8,0.21873212471570605,0.026385224274406333,0.008327699777766455,186,379,12.030575593701101,True,train,True,6,25.0,25.0,True,-21.861567810113456,1,False,True,False,1.1013644756106367,8.93327374801612
0xba93f83da3d5dca5ca802d866a82036eef5175ac4cde024b0d7810ce960fd45c,0xe20359d3e4cb4540c3383452116c90f27cd92e34,0,67614369,0,200,0xe5e702641ea86f4ae6cc3cdaed2b886f976be044,18,THOT,379,12.030575593701101,0.9637305699481865,8,0.21873212471570605,0.026385224274406333,0.008327699777766455,186,379,12.030575593701101,True,train,True,6,25.0,25.0,False,-21.861567810113456,1,False,True,False,1.1013644756106367,8.93327374801612
0xba93f83da3d5dca5ca802d866a82036eef5175ac4cde024b0d7810ce960fd45c,0xe20359d3e4cb4540c3383452116c90f27cd92e34,0,67614369,0,200,0xe5e702641ea86f4ae6cc3cdaed2b886f976be044,18,THOT,379,12.030575593701101,0.9637305699481865,8,0.21873212471570605,0.026385224274406333,0.008327699777766455,186,379,12.030575593701101,True,train,True,6,25.0,35.0,True,-32.614773707958136,1,False,True,False,1.1013644756106367,8.93327374801612
0xba93f83da3d5dca5ca802d866a82036eef5175ac4cde024b0d7810ce960fd45c,0xe20359d3e4cb4540c3383452116c90f27cd92e34,0,67614369,0,200,0xe5e702641ea86f4ae6cc3cdaed2b886f976be044,18,THOT,379,12.030575593701101,0.9637305699481865,8,0.21873212471570605,0.026385224274406333,0.008327699777766455,186,379,12.030575593701101,True,train,True,6,25.0,35.0,False,-32.614773707958136,1,False,True,False,1.1013644756106367,8.93327374801612
0xba93f83da3d5dca5ca802d866a82036eef5175ac4cde024b0d7810ce960fd45c,0xe20359d3e4cb4540c3383452116c90f27cd92e34,0,67614369,0,200,0xe5e702641ea86f4ae6cc3cdaed2b886f976be044,18,THOT,379,12.030575593701101,0.9637305699481865,8,0.21873212471570605,0.026385224274406333,0.008327699777766455,186,379,12.030575593701101,True,train,True,6,40.0,15.0,True,-10.562815115791613,1,False,True,False,1.1013644756106367,8.93327374801612
0xba93f83da3d5dca5ca802d866a82036eef5175ac4cde024b0d7810ce960fd45c,0xe20359d3e4cb4540c3383452116c90f27cd92e34,0,67614369,0,200,0xe5e702641ea86f4ae6cc3cdaed2b886f976be044,18,THOT,379,12.030575593701101,0.9637305699481865,8,0.21873212471570605,0.026385224274406333,0.008327699777766455,186,379,12.030575593701101,True,train,True,6,40.0,15.0,False,-10.562815115791613,1,False,True,False,1.1013644756106367,8.93327374801612
0xba93f83da3d5dca5ca802d866a82036eef5175ac4cde024b0d7810ce960fd45c,0xe20359d3e4cb4540c3383452116c90f27cd92e34,0,67614369,0,200,0xe5e702641ea86f4ae6cc3cdaed2b886f976be044,18,THOT,379,12.030575593701101,0.9637305699481865,8,0.21873212471570605,0.026385224274406333,0.008327699777766455,186,379,12.030575593701101,True,train,True,6,40.0,25.0,True,-19.56842391380651,1,False,True,False,1.1013644756106367,8.93327374801612
0xba93f83da3d5dca5ca802d866a82036eef5175ac4cde024b0d7810ce960fd45c,0xe20359d3e4cb4540c3383452116c90f27cd92e34,0,67614369,0,200,0xe5e702641ea86f4ae6cc3cdaed2b886f976be044,18,THOT,379,12.030575593701101,0.9637305699481865,8,0.21873212471570605,0.026385224274406333,0.008327699777766455,186,379,12.030575593701101,True,train,True,6,40.0,25.0,False,-19.56842391380651,1,False,True,False,1.1013644756106367,8.93327374801612
0xba93f83da3d5dca5ca802d866a82036eef5175ac4cde024b0d7810ce960fd45c,0xe20359d3e4cb4540c3383452116c90f27cd92e34,0,67614369,0,200,0xe5e702641ea86f4ae6cc3cdaed2b886f976be044,18,THOT,379,12.030575593701101,0.9637305699481865,8,0.21873212471570605,0.026385224274406333,0.008327699777766455,186,379,12.030575593701101,True,train,True,6,40.0,35.0,True,-30.51023542074046,1,False,True,False,1.1013644756106367,8.93327374801612
0xba93f83da3d5dca5ca802d866a82036eef5175ac4cde024b0d7810ce960fd45c,0xe20359d3e4cb4540c3383452116c90f27cd92e34,0,67614369,0,200,0xe5e702641ea86f4ae6cc3cdaed2b886f976be044,18,THOT,379,12.030575593701101,0.9637305699481865,8,0.21873212471570605,0.026385224274406333,0.008327699777766455,186,379,12.030575593701101,True,train,True,6,40.0,35.0,False,-30.51023542074046,1,False,True,False,1.1013644756106367,8.93327374801612
0xba93f83da3d5dca5ca802d866a82036eef5175ac4cde024b0d7810ce960fd45c,0xe20359d3e4cb4540c3383452116c90f27cd92e34,0,67614369,0,200,0xe5e702641ea86f4ae6cc3cdaed2b886f976be044,18,THOT,379,12.030575593701101,0.9637305699481865,8,0.21873212471570605,0.026385224274406333,0.008327699777766455,186,379,12.030575593701101,True,train,True,6,60.0,15.0,True,-10.041322019901832,1,False,True,False,1.1013644756106367,8.93327374801612
0xba93f83da3d5dca5ca802d866a82036eef5175ac4cde024b0d7810ce960fd45c,0xe20359d3e4cb4540c3383452116c90f27cd92e34,0,67614369,0,200,0xe5e702641ea86f4ae6cc3cdaed2b886f976be044,18,THOT,379,12.030575593701101,0.9637305699481865,8,0.21873212471570605,0.026385224274406333,0.008327699777766455,186,379,12.030575593701101,True,train,True,6,60.0,15.0,False,-10.041322019901832,1,False,True,False,1.1013644756106367,8.93327374801612
0xba93f83da3d5dca5ca802d866a82036eef5175ac4cde024b0d7810ce960fd45c,0xe20359d3e4cb4540c3383452116c90f27cd92e34,0,67614369,0,200,0xe5e702641ea86f4ae6cc3cdaed2b886f976be044,18,THOT,379,12.030575593701101,0.9637305699481865,8,0.21873212471570605,0.026385224274406333,0.008327699777766455,186,379,12.030575593701101,True,train,True,6,60.0,25.0,True,-18.02220359266076,1,False,True,False,1.1013644756106367,8.93327374801612
0xba93f83da3d5dca5ca802d866a82036eef5175ac4cde024b0d7810ce960fd45c,0xe20359d3e4cb4540c3383452116c90f27cd92e34,0,67614369,0,200,0xe5e702641ea86f4ae6cc3cdaed2b886f976be044,18,THOT,379,12.030575593701101,0.9637305699481865,8,0.21873212471570605,0.026385224274406333,0.008327699777766455,186,379,12.030575593701101,True,train,True,6,60.0,25.0,False,-18.02220359266076,1,False,True,False,1.1013644756106367,8.93327374801612
0xba93f83da3d5dca5ca802d866a82036eef5175ac4cde024b0d7810ce960fd45c,0xe20359d3e4cb4540c3383452116c90f27cd92e34,0,67614369,0,200,0xe5e702641ea86f4ae6cc3cdaed2b886f976be044,18,THOT,379,12.030575593701101,0.9637305699481865,8,0.21873212471570605,0.026385224274406333,0.008327699777766455,186,379,12.030575593701101,True,train,True,6,60.0,35.0,True,-27.9236626323768,1,False,True,False,1.1013644756106367,8.93327374801612
0xba93f83da3d5dca5ca802d866a82036eef5175ac4cde024b0d7810ce960fd45c,0xe20359d3e4cb4540c3383452116c90f27cd92e34,0,67614369,0,200,0xe5e702641ea86f4ae6cc3cdaed2b886f976be044,18,THOT,379,12.030575593701101,0.9637305699481865,8,0.21873212471570605,0.026385224274406333,0.008327699777766455,186,379,12.030575593701101,True,train,True,6,60.0,35.0,False,-27.9236626323768,1,False,True,False,1.1013644756106367,8.93327374801612
0xba93f83da3d5dca5ca802d866a82036eef5175ac4cde024b0d7810ce960fd45c,0xe20359d3e4cb4540c3383452116c90f27cd92e34,0,67614369,0,200,0xe5e702641ea86f4ae6cc3cdaed2b886f976be044,18,THOT,379,12.030575593701101,0.9637305699481865,8,0.21873212471570605,0.026385224274406333,0.008327699777766455,186,379,12.030575593701101,True,train,True,12,25.0,15.0,True,52.272685325521564,5,True,False,True,115.51238432038846,28.667024779315305
0xba93f83da3d5dca5ca802d866a82036eef5175ac4cde024b0d7810ce960fd45c,0xe20359d3e4cb4540c3383452116c90f27cd92e34,0,67614369,0,200,0xe5e702641ea86f4ae6cc3cdaed2b886f976be044,18,THOT,379,12.030575593701101,0.9637305699481865,8,0.21873212471570605,0.026385224274406333,0.008327699777766455,186,379,12.030575593701101,True,train,True,12,25.0,15.0,False,-48.31306767615738,3,True,False,False,115.51238432038846,28.667024779315305
0xba93f83da3d5dca5ca802d866a82036eef5175ac4cde024b0d7810ce960fd45c,0xe20359d3e4cb4540c3383452116c90f27cd92e34,0,67614369,0,200,0xe5e702641ea86f4ae6cc3cdaed2b886f976be044,18,THOT,379,12.030575593701101,0.9637305699481865,8,0.21873212471570605,0.026385224274406333,0.008327699777766455,186,379,12.030575593701101,True,train,True,12,25.0,25.0,True,52.272685325521564,5,True,False,True,115.51238432038846,28.667024779315305
0xba93f83da3d5dca5ca802d866a82036eef5175ac4cde024b0d7810ce960fd45c,0xe20359d3e4cb4540c3383452116c90f27cd92e34,0,67614369,0,200,0xe5e702641ea86f4ae6cc3cdaed2b886f976be044,18,THOT,379,12.030575593701101,0.9637305699481865,8,0.21873212471570605,0.026385224274406333,0.008327699777766455,186,379,12.030575593701101,True,train,True,12,25.0,25.0,False,-48.31306767615738,3,True,False,False,115.51238432038846,28.667024779315305
0xba93f83da3d5dca5ca802d866a82036eef5175ac4cde024b0d7810ce960fd45c,0xe20359d3e4cb4540c3383452116c90f27cd92e34,0,67614369,0,200,0xe5e702641ea86f4ae6cc3cdaed2b886f976be044,18,THOT,379,12.030575593701101,0.9637305699481865,8,0.21873212471570605,0.026385224274406333,0.008327699777766455,186,379,12.030575593701101,True,train,True,12,25.0,35.0,True,52.272685325521564,5,True,False,True,115.51238432038846,28.667024779315305
0xba93f83da3d5dca5ca802d866a82036eef5175ac4cde024b0d7810ce960fd45c,0xe20359d3e4cb4540c3383452116c90f27cd92e34,0,67614369,0,200,0xe5e702641ea86f4ae6cc3cdaed2b886f976be044,18,THOT,379,12.030575593701101,0.9637305699481865,8,0.21873212471570605,0.026385224274406333,0.008327699777766455,186,379,12.030575593701101,True,train,True,12,25.0,35.0,False,-48.31306767615738,3,True,False,False,115.51238432038846,28.667024779315305
0xba93f83da3d5dca5ca802d866a82036eef5175ac4cde024b0d7810ce960fd45c,0xe20359d3e4cb4540c3383452116c90f27cd92e34,0,67614369,0,200,0xe5e702641ea86f4ae6cc3cdaed2b886f976be044,18,THOT,379,12.030575593701101,0.9637305699481865,8,0.21873212471570605,0.026385224274406333,0.008327699777766455,186,379,12.030575593701101,True,train,True,12,40.0,15.0,True,83.1078930185289,5,True,False,True,115.51238432038846,28.667024779315305
0xba93f83da3d5dca5ca802d866a82036eef5175ac4cde024b0d7810ce960fd45c,0xe20359d3e4cb4540c3383452116c90f27cd92e34,0,67614369,0,200,0xe5e702641ea86f4ae6cc3cdaed2b886f976be044,18,THOT,379,12.030575593701101,0.9637305699481865,8,0.21873212471570605,0.026385224274406333,0.008327699777766455,186,379,12.030575593701101,True,train,True,12,40.0,15.0,False,-41.558449760308726,3,True,False,False,115.51238432038846,28.667024779315305
0xba93f83da3d5dca5ca802d866a82036eef5175ac4cde024b0d7810ce960fd45c,0xe20359d3e4cb4540c3383452116c90f27cd92e34,0,67614369,0,200,0xe5e702641ea86f4ae6cc3cdaed2b886f976be044,18,THOT,379,12.030575593701101,0.9637305699481865,8,0.21873212471570605,0.026385224274406333,0.008327699777766455,186,379,12.030575593701101,True,train,True,12,40.0,25.0,True,83.1078930185289,5,True,False,True,115.51238432038846,28.667024779315305
0xba93f83da3d5dca5ca802d866a82036eef5175ac4cde024b0d7810ce960fd45c,0xe20359d3e4cb4540c3383452116c90f27cd92e34,0,67614369,0,200,0xe5e702641ea86f4ae6cc3cdaed2b886f976be044,18,THOT,379,12.030575593701101,0.9637305699481865,8,0.21873212471570605,0.026385224274406333,0.008327699777766455,186,379,12.030575593701101,True,train,True,12,40.0,25.0,False,-41.558449760308726,3,True,False,False,115.51238432038846,28.667024779315305
0xba93f83da3d5dca5ca802d866a82036eef5175ac4cde024b0d7810ce960fd45c,0xe20359d3e4cb4540c3383452116c90f27cd92e34,0,67614369,0,200,0xe5e702641ea86f4ae6cc3cdaed2b886f976be044,18,THOT,379,12.030575593701101,0.9637305699481865,8,0.21873212471570605,0.026385224274406333,0.008327699777766455,186,379,12.030575593701101,True,train,True,12,40.0,35.0,True,83.1078930185289,5,True,False,True,115.51238432038846,28.667024779315305
0xba93f83da3d5dca5ca802d866a82036eef5175ac4cde024b0d7810ce960fd45c,0xe20359d3e4cb4540c3383452116c90f27cd92e34,0,67614369,0,200,0xe5e702641ea86f4ae6cc3cdaed2b886f976be044,18,THOT,379,12.030575593701101,0.9637305699481865,8,0.21873212471570605,0.026385224274406333,0.008327699777766455,186,379,12.030575593701101,True,train,True,12,40.0,35.0,False,-41.558449760308726,3,True,False,False,115.51238432038846,28.667024779315305
0xba93f83da3d5dca5ca802d866a82036eef5175ac4cde024b0d7810ce960fd45c,0xe20359d3e4cb4540c3383452116c90f27cd92e34,0,67614369,0,200,0xe5e702641ea86f4ae6cc3cdaed2b886f976be044,18,THOT,379,12.030575593701101,0.9637305699481865,8,0.21873212471570605,0.026385224274406333,0.008327699777766455,186,379,12.030575593701101,True,train,True,12,60.0,15.0,True,88.71218544821298,5,True,False,True,115.51238432038846,28.667024779315305
0xba93f83da3d5dca5ca802d866a82036eef5175ac4cde024b0d7810ce960fd45c,0xe20359d3e4cb4540c3383452116c90f27cd92e34,0,67614369,0,200,0xe5e702641ea86f4ae6cc3cdaed2b886f976be044,18,THOT,379,12.030575593701101,0.9637305699481865,8,0.21873212471570605,0.026385224274406333,0.008327699777766455,186,379,12.030575593701101,True,train,True,12,60.0,15.0,False,-43.62878871224341,3,True,False,False,115.51238432038846,28.667024779315305
0xba93f83da3d5dca5ca802d866a82036eef5175ac4cde024b0d7810ce960fd45c,0xe20359d3e4cb4540c3383452116c90f27cd92e34,0,67614369,0,200,0xe5e702641ea86f4ae6cc3cdaed2b886f976be044,18,THOT,379,12.030575593701101,0.9637305699481865,8,0.21873212471570605,0.026385224274406333,0.008327699777766455,186,379,12.030575593701101,True,train,True,12,60.0,25.0,True,88.71218544821298,5,True,False,True,115.51238432038846,28.667024779315305
0xba93f83da3d5dca5ca802d866a82036eef5175ac4cde024b0d7810ce960fd45c,0xe20359d3e4cb4540c3383452116c90f27cd92e34,0,67614369,0,200,0xe5e702641ea86f4ae6cc3cdaed2b886f976be044,18,THOT,379,12.030575593701101,0.9637305699481865,8,0.21873212471570605,0.026385224274406333,0.008327699777766455,186,379,12.030575593701101,True,train,True,12,60.0,25.0,False,-43.62878871224341,3,True,False,False,115.51238432038846,28.667024779315305
0xba93f83da3d5dca5ca802d866a82036eef5175ac4cde024b0d7810ce960fd45c,0xe20359d3e4cb4540c3383452116c90f27cd92e34,0,67614369,0,200,0xe5e702641ea86f4ae6cc3cdaed2b886f976be044,18,THOT,379,12.030575593701101,0.9637305699481865,8,0.21873212471570605,0.026385224274406333,0.008327699777766455,186,379,12.030575593701101,True,train,True,12,60.0,35.0,True,88.71218544821298,5,True,False,True,115.51238432038846,28.667024779315305
0xba93f83da3d5dca5ca802d866a82036eef5175ac4cde024b0d7810ce960fd45c,0xe20359d3e4cb4540c3383452116c90f27cd92e34,0,67614369,0,200,0xe5e702641ea86f4ae6cc3cdaed2b886f976be044,18,THOT,379,12.030575593701101,0.9637305699481865,8,0.21873212471570605,0.026385224274406333,0.008327699777766455,186,379,12.030575593701101,True,train,True,12,60.0,35.0,False,-43.62878871224341,3,True,False,False,115.51238432038846,28.667024779315305
0x872ec7a6077d45c02a214a71dfe237a05ac0a6056e3e17e6b1bd050e02cb1655,0xfdee2c0d05d8f12a95af452f9ea2b0bc092342e1,0,67622326,0,200,0xe5e702641ea86f4ae6cc3cdaed2b886f976be044,18,JevPad,2882,67.61029901757067,0.8368387507966858,8,0.043046195541003,0.04753643303261624,0.009703801000511514,1313,2882,67.61029901757067,True,train,False,2,25.0,15.0,True,,0,False,False,False,,
0x872ec7a6077d45c02a214a71dfe237a05ac0a6056e3e17e6b1bd050e02cb1655,0xfdee2c0d05d8f12a95af452f9ea2b0bc092342e1,0,67622326,0,200,0xe5e702641ea86f4ae6cc3cdaed2b886f976be044,18,JevPad,2882,67.61029901757067,0.8368387507966858,8,0.043046195541003,0.04753643303261624,0.009703801000511514,1313,2882,67.61029901757067,True,train,False,2,25.0,15.0,False,,0,False,False,False,,
0x872ec7a6077d45c02a214a71dfe237a05ac0a6056e3e17e6b1bd050e02cb1655,0xfdee2c0d05d8f12a95af452f9ea2b0bc092342e1,0,67622326,0,200,0xe5e702641ea86f4ae6cc3cdaed2b886f976be044,18,JevPad,2882,67.61029901757067,0.8368387507966858,8,0.043046195541003,0.04753643303261624,0.009703801000511514,1313,2882,67.61029901757067,True,train,False,2,25.0,25.0,True,,0,False,False,False,,
0x872ec7a6077d45c02a214a71dfe237a05ac0a6056e3e17e6b1bd050e02cb1655,0xfdee2c0d05d8f12a95af452f9ea2b0bc092342e1,0,67622326,0,200,0xe5e702641ea86f4ae6cc3cdaed2b886f976be044,18,JevPad,2882,67.61029901757067,0.8368387507966858,8,0.043046195541003,0.04753643303261624,0.009703801000511514,1313,2882,67.61029901757067,True,train,False,2,25.0,25.0,False,,0,False,False,False,,
0x872ec7a6077d45c02a214a71dfe237a05ac0a6056e3e17e6b1bd050e02cb1655,0xfdee2c0d05d8f12a95af452f9ea2b0bc092342e1,0,67622326,0,200,0xe5e702641ea86f4ae6cc3cdaed2b886f976be044,18,JevPad,2882,67.61029901757067,0.8368387507966858,8,0.043046195541003,0.04753643303261624,0.009703801000511514,1313,2882,67.61029901757067,True,train,False,2,25.0,35.0,True,,0,False,False,False,,
0x872ec7a6077d45c02a214a71dfe237a05ac0a6056e3e17e6b1bd050e02cb1655,0xfdee2c0d05d8f12a95af452f9ea2b0bc092342e1,0,67622326,0,200,0xe5e702641ea86f4ae6cc3cdaed2b886f976be044,18,JevPad,2882,67.61029901757067,0.8368387507966858,8,0.043046195541003,0.04753643303261624,0.009703801000511514,1313,2882,67.61029901757067,True,train,False,2,25.0,35.0,False,,0,False,False,False,,
0x872ec7a6077d45c02a214a71dfe237a05ac0a6056e3e17e6b1bd050e02cb1655,0xfdee2c0d05d8f12a95af452f9ea2b0bc092342e1,0,67622326,0,200,0xe5e702641ea86f4ae6cc3cdaed2b886f976be044,18,JevPad,2882,67.61029901757067,0.8368387507966858,8,0.043046195541003,0.04753643303261624,0.009703801000511514,1313,2882,67.61029901757067,True,train,False,2,40.0,15.0,True,,0,False,False,False,,
0x872ec7a6077d45c02a214a71dfe237a05ac0a6056e3e17e6b1bd050e02cb1655,0xfdee2c0d05d8f12a95af452f9ea2b0bc092342e1,0,67622326,0,200,0xe5e702641ea86f4ae6cc3cdaed2b886f976be044,18,JevPad,2882,67.61029901757067,0.8368387507966858,8,0.043046195541003,0.04753643303261624,0.009703801000511514,1313,2882,67.61029901757067,True,train,False,2,40.0,15.0,False,,0,False,False,False,,
0x872ec7a6077d45c02a214a71dfe237a05ac0a6056e3e17e6b1bd050e02cb1655,0xfdee2c0d05d8f12a95af452f9ea2b0bc092342e1,0,67622326,0,200,0xe5e702641ea86f4ae6cc3cdaed2b886f976be044,18,JevPad,2882,67.61029901757067,0.8368387507966858,8,0.043046195541003,0.04753643303261624,0.009703801000511514,1313,2882,67.61029901757067,True,train,False,2,40.0,25.0,True,,0,False,False,False,,
0x872ec7a6077d45c02a214a71dfe237a05ac0a6056e3e17e6b1bd050e02cb1655,0xfdee2c0d05d8f12a95af452f9ea2b0bc092342e1,0,67622326,0,200,0xe5e702641ea86f4ae6cc3cdaed2b886f976be044,18,JevPad,2882,67.61029901757067,0.8368387507966858,8,0.043046195541003,0.04753643303261624,0.009703801000511514,1313,2882,67.61029901757067,True,train,False,2,40.0,25.0,False,,0,False,False,False,,
0x872ec7a6077d45c02a214a71dfe237a05ac0a6056e3e17e6b1bd050e02cb1655,0xfdee2c0d05d8f12a95af452f9ea2b0bc092342e1,0,67622326,0,200,0xe5e702641ea86f4ae6cc3cdaed2b886f976be044,18,JevPad,2882,67.61029901757067,0.8368387507966858,8,0.043046195541003,0.04753643303261624,0.009703801000511514,1313,2882,67.61029901757067,True,train,False,2,40.0,35.0,True,,0,False,False,False,,
0x872ec7a6077d45c02a214a71dfe237a05ac0a6056e3e17e6b1bd050e02cb1655,0xfdee2c0d05d8f12a95af452f9ea2b0bc092342e1,0,67622326,0,200,0xe5e702641ea86f4ae6cc3cdaed2b886f976be044,18,JevPad,2882,67.61029901757067,0.8368387507966858,8,0.043046195541003,0.04753643303261624,0.009703801000511514,1313,2882,67.61029901757067,True,train,False,2,40.0,35.0,False,,0,False,False,False,,
0x872ec7a6077d45c02a214a71dfe237a05ac0a6056e3e17e6b1bd050e02cb1655,0xfdee2c0d05d8f12a95af452f9ea2b0bc092342e1,0,67622326,0,200,0xe5e702641ea86f4ae6cc3cdaed2b886f976be044,18,JevPad,2882,67.61029901757067,0.8368387507966858,8,0.043046195541003,0.04753643303261624,0.009703801000511514,1313,2882,67.61029901757067,True,train,False,2,60.0,15.0,True,,0,False,False,False,,
0x872ec7a6077d45c02a214a71dfe237a05ac0a6056e3e17e6b1bd050e02cb1655,0xfdee2c0d05d8f12a95af452f9ea2b0bc092342e1,0,67622326,0,200,0xe5e702641ea86f4ae6cc3cdaed2b886f976be044,18,JevPad,2882,67.61029901757067,0.8368387507966858,8,0.043046195541003,0.04753643303261624,0.009703801000511514,1313,2882,67.61029901757067,True,train,False,2,60.0,15.0,False,,0,False,False,False,,
0x872ec7a6077d45c02a214a71dfe237a05ac0a6056e3e17e6b1bd050e02cb1655,0xfdee2c0d05d8f12a95af452f9ea2b0bc092342e1,0,67622326,0,200,0xe5e702641ea86f4ae6cc3cdaed2b886f976be044,18,JevPad,2882,67.61029901757067,0.8368387507966858,8,0.043046195541003,0.04753643303261624,0.009703801000511514,1313,2882,67.61029901757067,True,train,False,2,60.0,25.0,True,,0,False,False,False,,
0x872ec7a6077d45c02a214a71dfe237a05ac0a6056e3e17e6b1bd050e02cb1655,0xfdee2c0d05d8f12a95af452f9ea2b0bc092342e1,0,67622326,0,200,0xe5e702641ea86f4ae6cc3cdaed2b886f976be044,18,JevPad,2882,67.61029901757067,0.8368387507966858,8,0.043046195541003,0.04753643303261624,0.009703801000511514,1313,2882,67.61029901757067,True,train,False,2,60.0,25.0,False,,0,False,False,False,,
0x872ec7a6077d45c02a214a71dfe237a05ac0a6056e3e17e6b1bd050e02cb1655,0xfdee2c0d05d8f12a95af452f9ea2b0bc092342e1,0,67622326,0,200,0xe5e702641ea86f4ae6cc3cdaed2b886f976be044,18,JevPad,2882,67.61029901757067,0.8368387507966858,8,0.043046195541003,0.04753643303261624,0.009703801000511514,1313,2882,67.61029901757067,True,train,False,2,60.0,35.0,True,,0,False,False,False,,
0x872ec7a6077d45c02a214a71dfe237a05ac0a6056e3e17e6b1bd050e02cb1655,0xfdee2c0d05d8f12a95af452f9ea2b0bc092342e1,0,67622326,0,200,0xe5e702641ea86f4ae6cc3cdaed2b886f976be044,18,JevPad,2882,67.61029901757067,0.8368387507966858,8,0.043046195541003,0.04753643303261624,0.009703801000511514,1313,2882,67.61029901757067,True,train,False,2,60.0,35.0,False,,0,False,False,False,,
0x872ec7a6077d45c02a214a71dfe237a05ac0a6056e3e17e6b1bd050e02cb1655,0xfdee2c0d05d8f12a95af452f9ea2b0bc092342e1,0,67622326,0,200,0xe5e702641ea86f4ae6cc3cdaed2b886f976be044,18,JevPad,2882,67.61029901757067,0.8368387507966858,8,0.043046195541003,0.04753643303261624,0.009703801000511514,1313,2882,67.61029901757067,True,train,False,4,25.0,15.0,True,,0,False,False,False,,
0x872ec7a6077d45c02a214a71dfe237a05ac0a6056e3e17e6b1bd050e02cb1655,0xfdee2c0d05d8f12a95af452f9ea2b0bc092342e1,0,67622326,0,200,0xe5e702641ea86f4ae6cc3cdaed2b886f976be044,18,JevPad,2882,67.61029901757067,0.8368387507966858,8,0.043046195541003,0.04753643303261624,0.009703801000511514,1313,2882,67.61029901757067,True,train,False,4,25.0,15.0,False,,0,False,False,False,,
0x872ec7a6077d45c02a214a71dfe237a05ac0a6056e3e17e6b1bd050e02cb1655,0xfdee2c0d05d8f12a95af452f9ea2b0bc092342e1,0,67622326,0,200,0xe5e702641ea86f4ae6cc3cdaed2b886f976be044,18,JevPad,2882,67.61029901757067,0.8368387507966858,8,0.043046195541003,0.04753643303261624,0.009703801000511514,1313,2882,67.61029901757067,True,train,False,4,25.0,25.0,True,,0,False,False,False,,
0x872ec7a6077d45c02a214a71dfe237a05ac0a6056e3e17e6b1bd050e02cb1655,0xfdee2c0d05d8f12a95af452f9ea2b0bc092342e1,0,67622326,0,200,0xe5e702641ea86f4ae6cc3cdaed2b886f976be044,18,JevPad,2882,67.61029901757067,0.8368387507966858,8,0.043046195541003,0.04753643303261624,0.009703801000511514,1313,2882,67.61029901757067,True,train,False,4,25.0,25.0,False,,0,False,False,False,,
0x872ec7a6077d45c02a214a71dfe237a05ac0a6056e3e17e6b1bd050e02cb1655,0xfdee2c0d05d8f12a95af452f9ea2b0bc092342e1,0,67622326,0,200,0xe5e702641ea86f4ae6cc3cdaed2b886f976be044,18,JevPad,2882,67.61029901757067,0.8368387507966858,8,0.043046195541003,0.04753643303261624,0.009703801000511514,1313,2882,67.61029901757067,True,train,False,4,25.0,35.0,True,,0,False,False,False,,
0x872ec7a6077d45c02a214a71dfe237a05ac0a6056e3e17e6b1bd050e02cb1655,0xfdee2c0d05d8f12a95af452f9ea2b0bc092342e1,0,67622326,0,200,0xe5e702641ea86f4ae6cc3cdaed2b886f976be044,18,JevPad,2882,67.61029901757067,0.8368387507966858,8,0.043046195541003,0.04753643303261624,0.009703801000511514,1313,2882,67.61029901757067,True,train,False,4,25.0,35.0,False,,0,False,False,False,,
0x872ec7a6077d45c02a214a71dfe237a05ac0a6056e3e17e6b1bd050e02cb1655,0xfdee2c0d05d8f12a95af452f9ea2b0bc092342e1,0,67622326,0,200,0xe5e702641ea86f4ae6cc3cdaed2b886f976be044,18,JevPad,2882,67.61029901757067,0.8368387507966858,8,0.043046195541003,0.04753643303261624,0.009703801000511514,1313,2882,67.61029901757067,True,train,False,4,40.0,15.0,True,,0,False,False,False,,
0x872ec7a6077d45c02a214a71dfe237a05ac0a6056e3e17e6b1bd050e02cb1655,0xfdee2c0d05d8f12a95af452f9ea2b0bc092342e1,0,67622326,0,200,0xe5e702641ea86f4ae6cc3cdaed2b886f976be044,18,JevPad,2882,67.61029901757067,0.8368387507966858,8,0.043046195541003,0.04753643303261624,0.009703801000511514,1313,2882,67.61029901757067,True,train,False,4,40.0,15.0,False,,0,False,False,False,,
0x872ec7a6077d45c02a214a71dfe237a05ac0a6056e3e17e6b1bd050e02cb1655,0xfdee2c0d05d8f12a95af452f9ea2b0bc092342e1,0,67622326,0,200,0xe5e702641ea86f4ae6cc3cdaed2b886f976be044,18,JevPad,2882,67.61029901757067,0.8368387507966858,8,0.043046195541003,0.04753643303261624,0.009703801000511514,1313,2882,67.61029901757067,True,train,False,4,40.0,25.0,True,,0,False,False,False,,
0x872ec7a6077d45c02a214a71dfe237a05ac0a6056e3e17e6b1bd050e02cb1655,0xfdee2c0d05d8f12a95af452f9ea2b0bc092342e1,0,67622326,0,200,0xe5e702641ea86f4ae6cc3cdaed2b886f976be044,18,JevPad,2882,67.61029901757067,0.8368387507966858,8,0.043046195541003,0.04753643303261624,0.009703801000511514,1313,2882,67.61029901757067,True,train,False,4,40.0,25.0,False,,0,False,False,False,,
0x872ec7a6077d45c02a214a71dfe237a05ac0a6056e3e17e6b1bd050e02cb1655,0xfdee2c0d05d8f12a95af452f9ea2b0bc092342e1,0,67622326,0,200,0xe5e702641ea86f4ae6cc3cdaed2b886f976be044,18,JevPad,2882,67.61029901757067,0.8368387507966858,8,0.043046195541003,0.04753643303261624,0.009703801000511514,1313,2882,67.61029901757067,True,train,False,4,40.0,35.0,True,,0,False,False,False,,
0x872ec7a6077d45c02a214a71dfe237a05ac0a6056e3e17e6b1bd050e02cb1655,0xfdee2c0d05d8f12a95af452f9ea2b0bc092342e1,0,67622326,0,200,0xe5e702641ea86f4ae6cc3cdaed2b886f976be044,18,JevPad,2882,67.61029901757067,0.8368387507966858,8,0.043046195541003,0.04753643303261624,0.009703801000511514,1313,2882,67.61029901757067,True,train,False,4,40.0,35.0,False,,0,False,False,False,,
0x872ec7a6077d45c02a214a71dfe237a05ac0a6056e3e17e6b1bd050e02cb1655,0xfdee2c0d05d8f12a95af452f9ea2b0bc092342e1,0,67622326,0,200,0xe5e702641ea86f4ae6cc3cdaed2b886f976be044,18,JevPad,2882,67.61029901757067,0.8368387507966858,8,0.043046195541003,0.04753643303261624,0.009703801000511514,1313,2882,67.61029901757067,True,train,False,4,60.0,15.0,True,,0,False,False,False,,
0x872ec7a6077d45c02a214a71dfe237a05ac0a6056e3e17e6b1bd050e02cb1655,0xfdee2c0d05d8f12a95af452f9ea2b0bc092342e1,0,67622326,0,200,0xe5e702641ea86f4ae6cc3cdaed2b886f976be044,18,JevPad,2882,67.61029901757067,0.8368387507966858,8,0.043046195541003,0.04753643303261624,0.009703801000511514,1313,2882,67.61029901757067,True,train,False,4,60.0,15.0,False,,0,False,False,False,,
0x872ec7a6077d45c02a214a71dfe237a05ac0a6056e3e17e6b1bd050e02cb1655,0xfdee2c0d05d8f12a95af452f9ea2b0bc092342e1,0,67622326,0,200,0xe5e702641ea86f4ae6cc3cdaed2b886f976be044,18,JevPad,2882,67.61029901757067,0.8368387507966858,8,0.043046195541003,0.04753643303261624,0.009703801000511514,1313,2882,67.61029901757067,True,train,False,4,60.0,25.0,True,,0,False,False,False,,
0x872ec7a6077d45c02a214a71dfe237a05ac0a6056e3e17e6b1bd050e02cb1655,0xfdee2c0d05d8f12a95af452f9ea2b0bc092342e1,0,67622326,0,200,0xe5e702641ea86f4ae6cc3cdaed2b886f976be044,18,JevPad,2882,67.61029901757067,0.8368387507966858,8,0.043046195541003,0.04753643303261624,0.009703801000511514,1313,2882,67.61029901757067,True,train,False,4,60.0,25.0,False,,0,False,False,False,,
0x872ec7a6077d45c02a214a71dfe237a05ac0a6056e3e17e6b1bd050e02cb1655,0xfdee2c0d05d8f12a95af452f9ea2b0bc092342e1,0,67622326,0,200,0xe5e702641ea86f4ae6cc3cdaed2b886f976be044,18,JevPad,2882,67.61029901757067,0.8368387507966858,8,0.043046195541003,0.04753643303261624,0.009703801000511514,1313,2882,67.61029901757067,True,train,False,4,60.0,35.0,True,,0,False,False,False,,
0x872ec7a6077d45c02a214a71dfe237a05ac0a6056e3e17e6b1bd050e02cb1655,0xfdee2c0d05d8f12a95af452f9ea2b0bc092342e1,0,67622326,0,200,0xe5e702641ea86f4ae6cc3cdaed2b886f976be044,18,JevPad,2882,67.61029901757067,0.8368387507966858,8,0.043046195541003,0.04753643303261624,0.009703801000511514,1313,2882,67.61029901757067,True,train,False,4,60.0,35.0,False,,0,False,False,False,,
0x872ec7a6077d45c02a214a71dfe237a05ac0a6056e3e17e6b1bd050e02cb1655,0xfdee2c0d05d8f12a95af452f9ea2b0bc092342e1,0,67622326,0,200,0xe5e702641ea86f4ae6cc3cdaed2b886f976be044,18,JevPad,2882,67.61029901757067,0.8368387507966858,8,0.043046195541003,0.04753643303261624,0.009703801000511514,1313,2882,67.61029901757067,True,train,False,6,25.0,15.0,True,,0,False,False,False,,
0x872ec7a6077d45c02a214a71dfe237a05ac0a6056e3e17e6b1bd050e02cb1655,0xfdee2c0d05d8f12a95af452f9ea2b0bc092342e1,0,67622326,0,200,0xe5e702641ea86f4ae6cc3cdaed2b886f976be044,18,JevPad,2882,67.61029901757067,0.8368387507966858,8,0.043046195541003,0.04753643303261624,0.009703801000511514,1313,2882,67.61029901757067,True,train,False,6,25.0,15.0,False,,0,False,False,False,,
0x872ec7a6077d45c02a214a71dfe237a05ac0a6056e3e17e6b1bd050e02cb1655,0xfdee2c0d05d8f12a95af452f9ea2b0bc092342e1,0,67622326,0,200,0xe5e702641ea86f4ae6cc3cdaed2b886f976be044,18,JevPad,2882,67.61029901757067,0.8368387507966858,8,0.043046195541003,0.04753643303261624,0.009703801000511514,1313,2882,67.61029901757067,True,train,False,6,25.0,25.0,True,,0,False,False,False,,
0x872ec7a6077d45c02a214a71dfe237a05ac0a6056e3e17e6b1bd050e02cb1655,0xfdee2c0d05d8f12a95af452f9ea2b0bc092342e1,0,67622326,0,200,0xe5e702641ea86f4ae6cc3cdaed2b886f976be044,18,JevPad,2882,67.61029901757067,0.8368387507966858,8,0.043046195541003,0.04753643303261624,0.009703801000511514,1313,2882,67.61029901757067,True,train,False,6,25.0,25.0,False,,0,False,False,False,,
0x872ec7a6077d45c02a214a71dfe237a05ac0a6056e3e17e6b1bd050e02cb1655,0xfdee2c0d05d8f12a95af452f9ea2b0bc092342e1,0,67622326,0,200,0xe5e702641ea86f4ae6cc3cdaed2b886f976be044,18,JevPad,2882,67.61029901757067,0.8368387507966858,8,0.043046195541003,0.04753643303261624,0.009703801000511514,1313,2882,67.61029901757067,True,train,False,6,25.0,35.0,True,,0,False,False,False,,
0x872ec7a6077d45c02a214a71dfe237a05ac0a6056e3e17e6b1bd050e02cb1655,0xfdee2c0d05d8f12a95af452f9ea2b0bc092342e1,0,67622326,0,200,0xe5e702641ea86f4ae6cc3cdaed2b886f976be044,18,JevPad,2882,67.61029901757067,0.8368387507966858,8,0.043046195541003,0.04753643303261624,0.009703801000511514,1313,2882,67.61029901757067,True,train,False,6,25.0,35.0,False,,0,False,False,False,,
0x872ec7a6077d45c02a214a71dfe237a05ac0a6056e3e17e6b1bd050e02cb1655,0xfdee2c0d05d8f12a95af452f9ea2b0bc092342e1,0,67622326,0,200,0xe5e702641ea86f4ae6cc3cdaed2b886f976be044,18,JevPad,2882,67.61029901757067,0.8368387507966858,8,0.043046195541003,0.04753643303261624,0.009703801000511514,1313,2882,67.61029901757067,True,train,False,6,40.0,15.0,True,,0,False,False,False,,
0x872ec7a6077d45c02a214a71dfe237a05ac0a6056e3e17e6b1bd050e02cb1655,0xfdee2c0d05d8f12a95af452f9ea2b0bc092342e1,0,67622326,0,200,0xe5e702641ea86f4ae6cc3cdaed2b886f976be044,18,JevPad,2882,67.61029901757067,0.8368387507966858,8,0.043046195541003,0.04753643303261624,0.009703801000511514,1313,2882,67.61029901757067,True,train,False,6,40.0,15.0,False,,0,False,False,False,,
0x872ec7a6077d45c02a214a71dfe237a05ac0a6056e3e17e6b1bd050e02cb1655,0xfdee2c0d05d8f12a95af452f9ea2b0bc092342e1,0,67622326,0,200,0xe5e702641ea86f4ae6cc3cdaed2b886f976be044,18,JevPad,2882,67.61029901757067,0.8368387507966858,8,0.043046195541003,0.04753643303261624,0.009703801000511514,1313,2882,67.61029901757067,True,train,False,6,40.0,25.0,True,,0,False,False,False,,
0x872ec7a6077d45c02a214a71dfe237a05ac0a6056e3e17e6b1bd050e02cb1655,0xfdee2c0d05d8f12a95af452f9ea2b0bc092342e1,0,67622326,0,200,0xe5e702641ea86f4ae6cc3cdaed2b886f976be044,18,JevPad,2882,67.61029901757067,0.8368387507966858,8,0.043046195541003,0.04753643303261624,0.009703801000511514,1313,2882,67.61029901757067,True,train,False,6,40.0,25.0,False,,0,False,False,False,,
0x872ec7a6077d45c02a214a71dfe237a05ac0a6056e3e17e6b1bd050e02cb1655,0xfdee2c0d05d8f12a95af452f9ea2b0bc092342e1,0,67622326,0,200,0xe5e702641ea86f4ae6cc3cdaed2b886f976be044,18,JevPad,2882,67.61029901757067,0.8368387507966858,8,0.043046195541003,0.04753643303261624,0.009703801000511514,1313,2882,67.61029901757067,True,train,False,6,40.0,35.0,True,,0,False,False,False,,
0x872ec7a6077d45c02a214a71dfe237a05ac0a6056e3e17e6b1bd050e02cb1655,0xfdee2c0d05d8f12a95af452f9ea2b0bc092342e1,0,67622326,0,200,0xe5e702641ea86f4ae6cc3cdaed2b886f976be044,18,JevPad,2882,67.61029901757067,0.8368387507966858,8,0.043046195541003,0.04753643303261624,0.009703801000511514,1313,2882,67.61029901757067,True,train,False,6,40.0,35.0,False,,0,False,False,False,,
0x872ec7a6077d45c02a214a71dfe237a05ac0a6056e3e17e6b1bd050e02cb1655,0xfdee2c0d05d8f12a95af452f9ea2b0bc092342e1,0,67622326,0,200,0xe5e702641ea86f4ae6cc3cdaed2b886f976be044,18,JevPad,2882,67.61029901757067,0.8368387507966858,8,0.043046195541003,0.04753643303261624,0.009703801000511514,1313,2882,67.61029901757067,True,train,False,6,60.0,15.0,True,,0,False,False,False,,
0x872ec7a6077d45c02a214a71dfe237a05ac0a6056e3e17e6b1bd050e02cb1655,0xfdee2c0d05d8f12a95af452f9ea2b0bc092342e1,0,67622326,0,200,0xe5e702641ea86f4ae6cc3cdaed2b886f976be044,18,JevPad,2882,67.61029901757067,0.8368387507966858,8,0.043046195541003,0.04753643303261624,0.009703801000511514,1313,2882,67.61029901757067,True,train,False,6,60.0,15.0,False,,0,False,False,False,,
0x872ec7a6077d45c02a214a71dfe237a05ac0a6056e3e17e6b1bd050e02cb1655,0xfdee2c0d05d8f12a95af452f9ea2b0bc092342e1,0,67622326,0,200,0xe5e702641ea86f4ae6cc3cdaed2b886f976be044,18,JevPad,2882,67.61029901757067,0.8368387507966858,8,0.043046195541003,0.04753643303261624,0.009703801000511514,1313,2882,67.61029901757067,True,train,False,6,60.0,25.0,True,,0,False,False,False,,
0x872ec7a6077d45c02a214a71dfe237a05ac0a6056e3e17e6b1bd050e02cb1655,0xfdee2c0d05d8f12a95af452f9ea2b0bc092342e1,0,67622326,0,200,0xe5e702641ea86f4ae6cc3cdaed2b886f976be044,18,JevPad,2882,67.61029901757067,0.8368387507966858,8,0.043046195541003,0.04753643303261624,0.009703801000511514,1313,2882,67.61029901757067,True,train,False,6,60.0,25.0,False,,0,False,False,False,,
0x872ec7a6077d45c02a214a71dfe237a05ac0a6056e3e17e6b1bd050e02cb1655,0xfdee2c0d05d8f12a95af452f9ea2b0bc092342e1,0,67622326,0,200,0xe5e702641ea86f4ae6cc3cdaed2b886f976be044,18,JevPad,2882,67.61029901757067,0.8368387507966858,8,0.043046195541003,0.04753643303261624,0.009703801000511514,1313,2882,67.61029901757067,True,train,False,6,60.0,35.0,True,,0,False,False,False,,
0x872ec7a6077d45c02a214a71dfe237a05ac0a6056e3e17e6b1bd050e02cb1655,0xfdee2c0d05d8f12a95af452f9ea2b0bc092342e1,0,67622326,0,200,0xe5e702641ea86f4ae6cc3cdaed2b886f976be044,18,JevPad,2882,67.61029901757067,0.8368387507966858,8,0.043046195541003,0.04753643303261624,0.009703801000511514,1313,2882,67.61029901757067,True,train,False,6,60.0,35.0,False,,0,False,False,False,,
0x872ec7a6077d45c02a214a71dfe237a05ac0a6056e3e17e6b1bd050e02cb1655,0xfdee2c0d05d8f12a95af452f9ea2b0bc092342e1,0,67622326,0,200,0xe5e702641ea86f4ae6cc3cdaed2b886f976be044,18,JevPad,2882,67.61029901757067,0.8368387507966858,8,0.043046195541003,0.04753643303261624,0.009703801000511514,1313,2882,67.61029901757067,True,train,False,12,25.0,15.0,True,,0,False,False,False,,
0x872ec7a6077d45c02a214a71dfe237a05ac0a6056e3e17e6b1bd050e02cb1655,0xfdee2c0d05d8f12a95af452f9ea2b0bc092342e1,0,67622326,0,200,0xe5e702641ea86f4ae6cc3cdaed2b886f976be044,18,JevPad,2882,67.61029901757067,0.8368387507966858,8,0.043046195541003,0.04753643303261624,0.009703801000511514,1313,2882,67.61029901757067,True,train,False,12,25.0,15.0,False,,0,False,False,False,,
0x872ec7a6077d45c02a214a71dfe237a05ac0a6056e3e17e6b1bd050e02cb1655,0xfdee2c0d05d8f12a95af452f9ea2b0bc092342e1,0,67622326,0,200,0xe5e702641ea86f4ae6cc3cdaed2b886f976be044,18,JevPad,2882,67.61029901757067,0.8368387507966858,8,0.043046195541003,0.04753643303261624,0.009703801000511514,1313,2882,67.61029901757067,True,train,False,12,25.0,25.0,True,,0,False,False,False,,
0x872ec7a6077d45c02a214a71dfe237a05ac0a6056e3e17e6b1bd050e02cb1655,0xfdee2c0d05d8f12a95af452f9ea2b0bc092342e1,0,67622326,0,200,0xe5e702641ea86f4ae6cc3cdaed2b886f976be044,18,JevPad,2882,67.61029901757067,0.8368387507966858,8,0.043046195541003,0.04753643303261624,0.009703801000511514,1313,2882,67.61029901757067,True,train,False,12,25.0,25.0,False,,0,False,False,False,,
0x872ec7a6077d45c02a214a71dfe237a05ac0a6056e3e17e6b1bd050e02cb1655,0xfdee2c0d05d8f12a95af452f9ea2b0bc092342e1,0,67622326,0,200,0xe5e702641ea86f4ae6cc3cdaed2b886f976be044,18,JevPad,2882,67.61029901757067,0.8368387507966858,8,0.043046195541003,0.04753643303261624,0.009703801000511514,1313,2882,67.61029901757067,True,train,False,12,25.0,35.0,True,,0,False,False,False,,
0x872ec7a6077d45c02a214a71dfe237a05ac0a6056e3e17e6b1bd050e02cb1655,0xfdee2c0d05d8f12a95af452f9ea2b0bc092342e1,0,67622326,0,200,0xe5e702641ea86f4ae6cc3cdaed2b886f976be044,18,JevPad,2882,67.61029901757067,0.8368387507966858,8,0.043046195541003,0.04753643303261624,0.009703801000511514,1313,2882,67.61029901757067,True,train,False,12,25.0,35.0,False,,0,False,False,False,,
0x872ec7a6077d45c02a214a71dfe237a05ac0a6056e3e17e6b1bd050e02cb1655,0xfdee2c0d05d8f12a95af452f9ea2b0bc092342e1,0,67622326,0,200,0xe5e702641ea86f4ae6cc3cdaed2b886f976be044,18,JevPad,2882,67.61029901757067,0.8368387507966858,8,0.043046195541003,0.04753643303261624,0.009703801000511514,1313,2882,67.61029901757067,True,train,False,12,40.0,15.0,True,,0,False,False,False,,
0x872ec7a6077d45c02a214a71dfe237a05ac0a6056e3e17e6b1bd050e02cb1655,0xfdee2c0d05d8f12a95af452f9ea2b0bc092342e1,0,67622326,0,200,0xe5e702641ea86f4ae6cc3cdaed2b886f976be044,18,JevPad,2882,67.61029901757067,0.8368387507966858,8,0.043046195541003,0.04753643303261624,0.009703801000511514,1313,2882,67.61029901757067,True,train,False,12,40.0,15.0,False,,0,False,False,False,,
0x872ec7a6077d45c02a214a71dfe237a05ac0a6056e3e17e6b1bd050e02cb1655,0xfdee2c0d05d8f12a95af452f9ea2b0bc092342e1,0,67622326,0,200,0xe5e702641ea86f4ae6cc3cdaed2b886f976be044,18,JevPad,2882,67.61029901757067,0.8368387507966858,8,0.043046195541003,0.04753643303261624,0.009703801000511514,1313,2882,67.61029901757067,True,train,False,12,40.0,25.0,True,,0,False,False,False,,
0x872ec7a6077d45c02a214a71dfe237a05ac0a6056e3e17e6b1bd050e02cb1655,0xfdee2c0d05d8f12a95af452f9ea2b0bc092342e1,0,67622326,0,200,0xe5e702641ea86f4ae6cc3cdaed2b886f976be044,18,JevPad,2882,67.61029901757067,0.8368387507966858,8,0.043046195541003,0.04753643303261624,0.009703801000511514,1313,2882,67.61029901757067,True,train,False,12,40.0,25.0,False,,0,False,False,False,,
0x872ec7a6077d45c02a214a71dfe237a05ac0a6056e3e17e6b1bd050e02cb1655,0xfdee2c0d05d8f12a95af452f9ea2b0bc092342e1,0,67622326,0,200,0xe5e702641ea86f4ae6cc3cdaed2b886f976be044,18,JevPad,2882,67.61029901757067,0.8368387507966858,8,0.043046195541003,0.04753643303261624,0.009703801000511514,1313,2882,67.61029901757067,True,train,False,12,40.0,35.0,True,,0,False,False,False,,
0x872ec7a6077d45c02a214a71dfe237a05ac0a6056e3e17e6b1bd050e02cb1655,0xfdee2c0d05d8f12a95af452f9ea2b0bc092342e1,0,67622326,0,200,0xe5e702641ea86f4ae6cc3cdaed2b886f976be044,18,JevPad,2882,67.61029901757067,0.8368387507966858,8,0.043046195541003,0.04753643303261624,0.009703801000511514,1313,2882,67.61029901757067,True,train,False,12,40.0,35.0,False,,0,False,False,False,,
0x872ec7a6077d45c02a214a71dfe237a05ac0a6056e3e17e6b1bd050e02cb1655,0xfdee2c0d05d8f12a95af452f9ea2b0bc092342e1,0,67622326,0,200,0xe5e702641ea86f4ae6cc3cdaed2b886f976be044,18,JevPad,2882,67.61029901757067,0.8368387507966858,8,0.043046195541003,0.04753643303261624,0.009703801000511514,1313,2882,67.61029901757067,True,train,False,12,60.0,15.0,True,,0,False,False,False,,
0x872ec7a6077d45c02a214a71dfe237a05ac0a6056e3e17e6b1bd050e02cb1655,0xfdee2c0d05d8f12a95af452f9ea2b0bc092342e1,0,67622326,0,200,0xe5e702641ea86f4ae6cc3cdaed2b886f976be044,18,JevPad,2882,67.61029901757067,0.8368387507966858,8,0.043046195541003,0.04753643303261624,0.009703801000511514,1313,2882,67.61029901757067,True,train,False,12,60.0,15.0,False,,0,False,False,False,,
0x872ec7a6077d45c02a214a71dfe237a05ac0a6056e3e17e6b1bd050e02cb1655,0xfdee2c0d05d8f12a95af452f9ea2b0bc092342e1,0,67622326,0,200,0xe5e702641ea86f4ae6cc3cdaed2b886f976be044,18,JevPad,2882,67.61029901757067,0.8368387507966858,8,0.043046195541003,0.04753643303261624,0.009703801000511514,1313,2882,67.61029901757067,True,train,False,12,60.0,25.0,True,,0,False,False,False,,
0x872ec7a6077d45c02a214a71dfe237a05ac0a6056e3e17e6b1bd050e02cb1655,0xfdee2c0d05d8f12a95af452f9ea2b0bc092342e1,0,67622326,0,200,0xe5e702641ea86f4ae6cc3cdaed2b886f976be044,18,JevPad,2882,67.61029901757067,0.8368387507966858,8,0.043046195541003,0.04753643303261624,0.009703801000511514,1313,2882,67.61029901757067,True,train,False,12,60.0,25.0,False,,0,False,False,False,,
0x872ec7a6077d45c02a214a71dfe237a05ac0a6056e3e17e6b1bd050e02cb1655,0xfdee2c0d05d8f12a95af452f9ea2b0bc092342e1,0,67622326,0,200,0xe5e702641ea86f4ae6cc3cdaed2b886f976be044,18,JevPad,2882,67.61029901757067,0.8368387507966858,8,0.043046195541003,0.04753643303261624,0.009703801000511514,1313,2882,67.61029901757067,True,train,False,12,60.0,35.0,True,,0,False,False,False,,
0x872ec7a6077d45c02a214a71dfe237a05ac0a6056e3e17e6b1bd050e02cb1655,0xfdee2c0d05d8f12a95af452f9ea2b0bc092342e1,0,67622326,0,200,0xe5e702641ea86f4ae6cc3cdaed2b886f976be044,18,JevPad,2882,67.61029901757067,0.8368387507966858,8,0.043046195541003,0.04753643303261624,0.009703801000511514,1313,2882,67.61029901757067,True,train,False,12,60.0,35.0,False,,0,False,False,False,,
0xb61a7428fffecf81731e6b1a74704f88523d6a996aeed55d62ed5197c154f3a0,0x4d066ab4d924b7b3d01c6ecbfc142efe33aeb7fa,0,67636216,2500,25,0x0000000000000000000000000000000000000000,18,JEV,363,0.5107276511986878,0.8615384615384616,8,0.08773237517836652,0.005509641873278237,0.001323311939098207,168,363,0.5107276511986878,True,train,True,2,25.0,15.0,True,-12.136643304277396,1,False,True,False,1.0,0.5675680440384334
0xb61a7428fffecf81731e6b1a74704f88523d6a996aeed55d62ed5197c154f3a0,0x4d066ab4d924b7b3d01c6ecbfc142efe33aeb7fa,0,67636216,2500,25,0x0000000000000000000000000000000000000000,18,JEV,363,0.5107276511986878,0.8615384615384616,8,0.08773237517836652,0.005509641873278237,0.001323311939098207,168,363,0.5107276511986878,True,train,True,2,25.0,15.0,False,-12.136643304277396,1,False,True,False,1.0,0.5675680440384334
0xb61a7428fffecf81731e6b1a74704f88523d6a996aeed55d62ed5197c154f3a0,0x4d066ab4d924b7b3d01c6ecbfc142efe33aeb7fa,0,67636216,2500,25,0x0000000000000000000000000000000000000000,18,JEV,363,0.5107276511986878,0.8615384615384616,8,0.08773237517836652,0.005509641873278237,0.001323311939098207,168,363,0.5107276511986878,True,train,True,2,25.0,25.0,True,-22.654003087179785,1,False,True,False,1.0072408590407562,0.5675680440384334
0xb61a7428fffecf81731e6b1a74704f88523d6a996aeed55d62ed5197c154f3a0,0x4d066ab4d924b7b3d01c6ecbfc142efe33aeb7fa,0,67636216,2500,25,0x0000000000000000000000000000000000000000,18,JEV,363,0.5107276511986878,0.8615384615384616,8,0.08773237517836652,0.005509641873278237,0.001323311939098207,168,363,0.5107276511986878,True,train,True,2,25.0,25.0,False,-22.654003087179785,1,False,True,False,1.0072408590407562,0.5675680440384334
0xb61a7428fffecf81731e6b1a74704f88523d6a996aeed55d62ed5197c154f3a0,0x4d066ab4d924b7b3d01c6ecbfc142efe33aeb7fa,0,67636216,2500,25,0x0000000000000000000000000000000000000000,18,JEV,363,0.5107276511986878,0.8615384615384616,8,0.08773237517836652,0.005509641873278237,0.001323311939098207,168,363,0.5107276511986878,True,train,True,2,25.0,35.0,True,-33.31876185398388,1,False,True,False,1.0072408590407562,0.5675680440384334
0xb61a7428fffecf81731e6b1a74704f88523d6a996aeed55d62ed5197c154f3a0,0x4d066ab4d924b7b3d01c6ecbfc142efe33aeb7fa,0,67636216,2500,25,0x0000000000000000000000000000000000000000,18,JEV,363,0.5107276511986878,0.8615384615384616,8,0.08773237517836652,0.005509641873278237,0.001323311939098207,168,363,0.5107276511986878,True,train,True,2,25.0,35.0,False,-33.31876185398388,1,False,True,False,1.0072408590407562,0.5675680440384334
0xb61a7428fffecf81731e6b1a74704f88523d6a996aeed55d62ed5197c154f3a0,0x4d066ab4d924b7b3d01c6ecbfc142efe33aeb7fa,0,67636216,2500,25,0x0000000000000000000000000000000000000000,18,JEV,363,0.5107276511986878,0.8615384615384616,8,0.08773237517836652,0.005509641873278237,0.001323311939098207,168,363,0.5107276511986878,True,train,True,2,40.0,15.0,True,-11.1082524777388,1,False,True,False,1.0,0.5675680440384334
0xb61a7428fffecf81731e6b1a74704f88523d6a996aeed55d62ed5197c154f3a0,0x4d066ab4d924b7b3d01c6ecbfc142efe33aeb7fa,0,67636216,2500,25,0x0000000000000000000000000000000000000000,18,JEV,363,0.5107276511986878,0.8615384615384616,8,0.08773237517836652,0.005509641873278237,0.001323311939098207,168,363,0.5107276511986878,True,train,True,2,40.0,15.0,False,-11.1082524777388,1,False,True,False,1.0,0.5675680440384334
0xb61a7428fffecf81731e6b1a74704f88523d6a996aeed55d62ed5197c154f3a0,0x4d066ab4d924b7b3d01c6ecbfc142efe33aeb7fa,0,67636216,2500,25,0x0000000000000000000000000000000000000000,18,JEV,363,0.5107276511986878,0.8615384615384616,8,0.08773237517836652,0.005509641873278237,0.001323311939098207,168,363,0.5107276511986878,True,train,True,2,40.0,25.0,True,-20.30339845114053,1,False,True,False,1.0072408590407562,0.5675680440384334
0xb61a7428fffecf81731e6b1a74704f88523d6a996aeed55d62ed5197c154f3a0,0x4d066ab4d924b7b3d01c6ecbfc142efe33aeb7fa,0,67636216,2500,25,0x0000000000000000000000000000000000000000,18,JEV,363,0.5107276511986878,0.8615384615384616,8,0.08773237517836652,0.005509641873278237,0.001323311939098207,168,363,0.5107276511986878,True,train,True,2,40.0,25.0,False,-20.30339845114053,1,False,True,False,1.0072408590407562,0.5675680440384334
0xb61a7428fffecf81731e6b1a74704f88523d6a996aeed55d62ed5197c154f3a0,0x4d066ab4d924b7b3d01c6ecbfc142efe33aeb7fa,0,67636216,2500,25,0x0000000000000000000000000000000000000000,18,JEV,363,0.5107276511986878,0.8615384615384616,8,0.08773237517836652,0.005509641873278237,0.001323311939098207,168,363,0.5107276511986878,True,train,True,2,40.0,35.0,True,-31.204272729538207,1,False,True,False,1.0072408590407562,0.5675680440384334
0xb61a7428fffecf81731e6b1a74704f88523d6a996aeed55d62ed5197c154f3a0,0x4d066ab4d924b7b3d01c6ecbfc142efe33aeb7fa,0,67636216,2500,25,0x0000000000000000000000000000000000000000,18,JEV,363,0.5107276511986878,0.8615384615384616,8,0.08773237517836652,0.005509641873278237,0.001323311939098207,168,363,0.5107276511986878,True,train,True,2,40.0,35.0,False,-31.204272729538207,1,False,True,False,1.0072408590407562,0.5675680440384334
0xb61a7428fffecf81731e6b1a74704f88523d6a996aeed55d62ed5197c154f3a0,0x4d066ab4d924b7b3d01c6ecbfc142efe33aeb7fa,0,67636216,2500,25,0x0000000000000000000000000000000000000000,18,JEV,363,0.5107276511986878,0.8615384615384616,8,0.08773237517836652,0.005509641873278237,0.001323311939098207,168,363,0.5107276511986878,True,train,True,2,60.0,15.0,True,-10.53395916274209,1,False,True,False,1.0,0.5675680440384334
0xb61a7428fffecf81731e6b1a74704f88523d6a996aeed55d62ed5197c154f3a0,0x4d066ab4d924b7b3d01c6ecbfc142efe33aeb7fa,0,67636216,2500,25,0x0000000000000000000000000000000000000000,18,JEV,363,0.5107276511986878,0.8615384615384616,8,0.08773237517836652,0.005509641873278237,0.001323311939098207,168,363,0.5107276511986878,True,train,True,2,60.0,15.0,False,-10.53395916274209,1,False,True,False,1.0,0.5675680440384334
0xb61a7428fffecf81731e6b1a74704f88523d6a996aeed55d62ed5197c154f3a0,0x4d066ab4d924b7b3d01c6ecbfc142efe33aeb7fa,0,67636216,2500,25,0x0000000000000000000000000000000000000000,18,JEV,363,0.5107276511986878,0.8615384615384616,8,0.08773237517836652,0.005509641873278237,0.001323311939098207,168,363,0.5107276511986878,True,train,True,2,60.0,25.0,True,-18.638192355849913,1,False,True,False,1.0072408590407562,0.5675680440384334
0xb61a7428fffecf81731e6b1a74704f88523d6a996aeed55d62ed5197c154f3a0,0x4d066ab4d924b7b3d01c6ecbfc142efe33aeb7fa,0,67636216,2500,25,0x0000000000000000000000000000000000000000,18,JEV,363,0.5107276511986878,0.8615384615384616,8,0.08773237517836652,0.005509641873278237,0.001323311939098207,168,363,0.5107276511986878,True,train,True,2,60.0,25.0,False,-18.638192355849913,1,False,True,False,1.0072408590407562,0.5675680440384334
0xb61a7428fffecf81731e6b1a74704f88523d6a996aeed55d62ed5197c154f3a0,0x4d066ab4d924b7b3d01c6ecbfc142efe33aeb7fa,0,67636216,2500,25,0x0000000000000000000000000000000000000000,18,JEV,363,0.5107276511986878,0.8615384615384616,8,0.08773237517836652,0.005509641873278237,0.001323311939098207,168,363,0.5107276511986878,True,train,True,2,60.0,35.0,True,-28.602438898440518,1,False,True,False,1.0072408590407562,0.5675680440384334
0xb61a7428fffecf81731e6b1a74704f88523d6a996aeed55d62ed5197c154f3a0,0x4d066ab4d924b7b3d01c6ecbfc142efe33aeb7fa,0,67636216,2500,25,0x0000000000000000000000000000000000000000,18,JEV,363,0.5107276511986878,0.8615384615384616,8,0.08773237517836652,0.005509641873278237,0.001323311939098207,168,363,0.5107276511986878,True,train,True,2,60.0,35.0,False,-28.602438898440518,1,False,True,False,1.0072408590407562,0.5675680440384334
0xb61a7428fffecf81731e6b1a74704f88523d6a996aeed55d62ed5197c154f3a0,0x4d066ab4d924b7b3d01c6ecbfc142efe33aeb7fa,0,67636216,2500,25,0x0000000000000000000000000000000000000000,18,JEV,363,0.5107276511986878,0.8615384615384616,8,0.08773237517836652,0.005509641873278237,0.001323311939098207,168,363,0.5107276511986878,True,train,True,4,25.0,15.0,True,-21.295811319907752,1,False,False,False,1.6856783747274902,0.9151684944156419
0xb61a7428fffecf81731e6b1a74704f88523d6a996aeed55d62ed5197c154f3a0,0x4d066ab4d924b7b3d01c6ecbfc142efe33aeb7fa,0,67636216,2500,25,0x0000000000000000000000000000000000000000,18,JEV,363,0.5107276511986878,0.8615384615384616,8,0.08773237517836652,0.005509641873278237,0.001323311939098207,168,363,0.5107276511986878,True,train,True,4,25.0,15.0,False,-21.295811319907752,1,False,False,False,1.6856783747274902,0.9151684944156419
0xb61a7428fffecf81731e6b1a74704f88523d6a996aeed55d62ed5197c154f3a0,0x4d066ab4d924b7b3d01c6ecbfc142efe33aeb7fa,0,67636216,2500,25,0x0000000000000000000000000000000000000000,18,JEV,363,0.5107276511986878,0.8615384615384616,8,0.08773237517836652,0.005509641873278237,0.001323311939098207,168,363,0.5107276511986878,True,train,True,4,25.0,25.0,True,-21.295811319907752,1,False,False,False,1.6856783747274902,0.9151684944156419
0xb61a7428fffecf81731e6b1a74704f88523d6a996aeed55d62ed5197c154f3a0,0x4d066ab4d924b7b3d01c6ecbfc142efe33aeb7fa,0,67636216,2500,25,0x0000000000000000000000000000000000000000,18,JEV,363,0.5107276511986878,0.8615384615384616,8,0.08773237517836652,0.005509641873278237,0.001323311939098207,168,363,0.5107276511986878,True,train,True,4,25.0,25.0,False,-21.295811319907752,1,False,False,False,1.6856783747274902,0.9151684944156419
0xb61a7428fffecf81731e6b1a74704f88523d6a996aeed55d62ed5197c154f3a0,0x4d066ab4d924b7b3d01c6ecbfc142efe33aeb7fa,0,67636216,2500,25,0x0000000000000000000000000000000000000000,18,JEV,363,0.5107276511986878,0.8615384615384616,8,0.08773237517836652,0.005509641873278237,0.001323311939098207,168,363,0.5107276511986878,True,train,True,4,25.0,35.0,True,-21.295811319907752,1,False,False,False,1.6856783747274902,0.9151684944156419
0xb61a7428fffecf81731e6b1a74704f88523d6a996aeed55d62ed5197c154f3a0,0x4d066ab4d924b7b3d01c6ecbfc142efe33aeb7fa,0,67636216,2500,25,0x0000000000000000000000000000000000000000,18,JEV,363,0.5107276511986878,0.8615384615384616,8,0.08773237517836652,0.005509641873278237,0.001323311939098207,168,363,0.5107276511986878,True,train,True,4,25.0,35.0,False,-21.295811319907752,1,False,False,False,1.6856783747274902,0.9151684944156419
0xb61a7428fffecf81731e6b1a74704f88523d6a996aeed55d62ed5197c154f3a0,0x4d066ab4d924b7b3d01c6ecbfc142efe33aeb7fa,0,67636216,2500,25,0x0000000000000000000000000000000000000000,18,JEV,363,0.5107276511986878,0.8615384615384616,8,0.08773237517836652,0.005509641873278237,0.001323311939098207,168,363,0.5107276511986878,True,train,True,4,40.0,15.0,True,-24.712971697568577,1,False,False,False,1.6856783747274902,0.9151684944156419
0xb61a7428fffecf81731e6b1a74704f88523d6a996aeed55d62ed5197c154f3a0,0x4d066ab4d924b7b3d01c6ecbfc142efe33aeb7fa,0,67636216,2500,25,0x0000000000000000000000000000000000000000,18,JEV,363,0.5107276511986878,0.8615384615384616,8,0.08773237517836652,0.005509641873278237,0.001323311939098207,168,363,0.5107276511986878,True,train,True,4,40.0,15.0,False,-24.712971697568577,1,False,False,False,1.6856783747274902,0.9151684944156419
0xb61a7428fffecf81731e6b1a74704f88523d6a996aeed55d62ed5197c154f3a0,0x4d066ab4d924b7b3d01c6ecbfc142efe33aeb7fa,0,67636216,2500,25,0x0000000000000000000000000000000000000000,18,JEV,363,0.5107276511986878,0.8615384615384616,8,0.08773237517836652,0.005509641873278237,0.001323311939098207,168,363,0.5107276511986878,True,train,True,4,40.0,25.0,True,-24.712971697568577,1,False,False,False,1.6856783747274902,0.9151684944156419
0xb61a7428fffecf81731e6b1a74704f88523d6a996aeed55d62ed5197c154f3a0,0x4d066ab4d924b7b3d01c6ecbfc142efe33aeb7fa,0,67636216,2500,25,0x0000000000000000000000000000000000000000,18,JEV,363,0.5107276511986878,0.8615384615384616,8,0.08773237517836652,0.005509641873278237,0.001323311939098207,168,363,0.5107276511986878,True,train,True,4,40.0,25.0,False,-24.712971697568577,1,False,False,False,1.6856783747274902,0.9151684944156419
0xb61a7428fffecf81731e6b1a74704f88523d6a996aeed55d62ed5197c154f3a0,0x4d066ab4d924b7b3d01c6ecbfc142efe33aeb7fa,0,67636216,2500,25,0x0000000000000000000000000000000000000000,18,JEV,363,0.5107276511986878,0.8615384615384616,8,0.08773237517836652,0.005509641873278237,0.001323311939098207,168,363,0.5107276511986878,True,train,True,4,40.0,35.0,True,-24.712971697568577,1,False,False,False,1.6856783747274902,0.9151684944156419
0xb61a7428fffecf81731e6b1a74704f88523d6a996aeed55d62ed5197c154f3a0,0x4d066ab4d924b7b3d01c6ecbfc142efe33aeb7fa,0,67636216,2500,25,0x0000000000000000000000000000000000000000,18,JEV,363,0.5107276511986878,0.8615384615384616,8,0.08773237517836652,0.005509641873278237,0.001323311939098207,168,363,0.5107276511986878,True,train,True,4,40.0,35.0,False,-24.712971697568577,1,False,False,False,1.6856783747274902,0.9151684944156419
0xb61a7428fffecf81731e6b1a74704f88523d6a996aeed55d62ed5197c154f3a0,0x4d066ab4d924b7b3d01c6ecbfc142efe33aeb7fa,0,67636216,2500,25,0x0000000000000000000000000000000000000000,18,JEV,363,0.5107276511986878,0.8615384615384616,8,0.08773237517836652,0.005509641873278237,0.001323311939098207,168,363,0.5107276511986878,True,train,True,4,60.0,15.0,True,-27.604724982152728,1,False,False,False,1.6856783747274902,0.9151684944156419
0xb61a7428fffecf81731e6b1a74704f88523d6a996aeed55d62ed5197c154f3a0,0x4d066ab4d924b7b3d01c6ecbfc142efe33aeb7fa,0,67636216,2500,25,0x0000000000000000000000000000000000000000,18,JEV,363,0.5107276511986878,0.8615384615384616,8,0.08773237517836652,0.005509641873278237,0.001323311939098207,168,363,0.5107276511986878,True,train,True,4,60.0,15.0,False,-27.604724982152728,1,False,False,False,1.6856783747274902,0.9151684944156419
0xb61a7428fffecf81731e6b1a74704f88523d6a996aeed55d62ed5197c154f3a0,0x4d066ab4d924b7b3d01c6ecbfc142efe33aeb7fa,0,67636216,2500,25,0x0000000000000000000000000000000000000000,18,JEV,363,0.5107276511986878,0.8615384615384616,8,0.08773237517836652,0.005509641873278237,0.001323311939098207,168,363,0.5107276511986878,True,train,True,4,60.0,25.0,True,-27.604724982152728,1,False,False,False,1.6856783747274902,0.9151684944156419
0xb61a7428fffecf81731e6b1a74704f88523d6a996aeed55d62ed5197c154f3a0,0x4d066ab4d924b7b3d01c6ecbfc142efe33aeb7fa,0,67636216,2500,25,0x0000000000000000000000000000000000000000,18,JEV,363,0.5107276511986878,0.8615384615384616,8,0.08773237517836652,0.005509641873278237,0.001323311939098207,168,363,0.5107276511986878,True,train,True,4,60.0,25.0,False,-27.604724982152728,1,False,False,False,1.6856783747274902,0.9151684944156419
0xb61a7428fffecf81731e6b1a74704f88523d6a996aeed55d62ed5197c154f3a0,0x4d066ab4d924b7b3d01c6ecbfc142efe33aeb7fa,0,67636216,2500,25,0x0000000000000000000000000000000000000000,18,JEV,363,0.5107276511986878,0.8615384615384616,8,0.08773237517836652,0.005509641873278237,0.001323311939098207,168,363,0.5107276511986878,True,train,True,4,60.0,35.0,True,-27.604724982152728,1,False,False,False,1.6856783747274902,0.9151684944156419
0xb61a7428fffecf81731e6b1a74704f88523d6a996aeed55d62ed5197c154f3a0,0x4d066ab4d924b7b3d01c6ecbfc142efe33aeb7fa,0,67636216,2500,25,0x0000000000000000000000000000000000000000,18,JEV,363,0.5107276511986878,0.8615384615384616,8,0.08773237517836652,0.005509641873278237,0.001323311939098207,168,363,0.5107276511986878,True,train,True,4,60.0,35.0,False,-27.604724982152728,1,False,False,False,1.6856783747274902,0.9151684944156419
0xb61a7428fffecf81731e6b1a74704f88523d6a996aeed55d62ed5197c154f3a0,0x4d066ab4d924b7b3d01c6ecbfc142efe33aeb7fa,0,67636216,2500,25,0x0000000000000000000000000000000000000000,18,JEV,363,0.5107276511986878,0.8615384615384616,8,0.08773237517836652,0.005509641873278237,0.001323311939098207,168,363,0.5107276511986878,True,train,True,6,25.0,15.0,True,-28.31862327459782,2,False,True,False,1.2732110670733088,0.7489311511498623
0xb61a7428fffecf81731e6b1a74704f88523d6a996aeed55d62ed5197c154f3a0,0x4d066ab4d924b7b3d01c6ecbfc142efe33aeb7fa,0,67636216,2500,25,0x0000000000000000000000000000000000000000,18,JEV,363,0.5107276511986878,0.8615384615384616,8,0.08773237517836652,0.005509641873278237,0.001323311939098207,168,363,0.5107276511986878,True,train,True,6,25.0,15.0,False,-28.31862327459782,2,False,True,False,1.2732110670733088,0.7489311511498623
0xb61a7428fffecf81731e6b1a74704f88523d6a996aeed55d62ed5197c154f3a0,0x4d066ab4d924b7b3d01c6ecbfc142efe33aeb7fa,0,67636216,2500,25,0x0000000000000000000000000000000000000000,18,JEV,363,0.5107276511986878,0.8615384615384616,8,0.08773237517836652,0.005509641873278237,0.001323311939098207,168,363,0.5107276511986878,True,train,True,6,25.0,25.0,True,-35.60340672488397,2,False,True,False,1.2732110670733088,0.7489311511498623
0xb61a7428fffecf81731e6b1a74704f88523d6a996aeed55d62ed5197c154f3a0,0x4d066ab4d924b7b3d01c6ecbfc142efe33aeb7fa,0,67636216,2500,25,0x0000000000000000000000000000000000000000,18,JEV,363,0.5107276511986878,0.8615384615384616,8,0.08773237517836652,0.005509641873278237,0.001323311939098207,168,363,0.5107276511986878,True,train,True,6,25.0,25.0,False,-35.60340672488397,2,False,True,False,1.2732110670733088,0.7489311511498623
0xb61a7428fffecf81731e6b1a74704f88523d6a996aeed55d62ed5197c154f3a0,0x4d066ab4d924b7b3d01c6ecbfc142efe33aeb7fa,0,67636216,2500,25,0x0000000000000000000000000000000000000000,18,JEV,363,0.5107276511986878,0.8615384615384616,8,0.08773237517836652,0.005509641873278237,0.001323311939098207,168,363,0.5107276511986878,True,train,True,6,25.0,35.0,True,-34.59475741398479,1,False,False,False,1.2732110670733088,0.7489311511498623
0xb61a7428fffecf81731e6b1a74704f88523d6a996aeed55d62ed5197c154f3a0,0x4d066ab4d924b7b3d01c6ecbfc142efe33aeb7fa,0,67636216,2500,25,0x0000000000000000000000000000000000000000,18,JEV,363,0.5107276511986878,0.8615384615384616,8,0.08773237517836652,0.005509641873278237,0.001323311939098207,168,363,0.5107276511986878,True,train,True,6,25.0,35.0,False,-34.59475741398479,1,False,False,False,1.2732110670733088,0.7489311511498623
0xb61a7428fffecf81731e6b1a74704f88523d6a996aeed55d62ed5197c154f3a0,0x4d066ab4d924b7b3d01c6ecbfc142efe33aeb7fa,0,67636216,2500,25,0x0000000000000000000000000000000000000000,18,JEV,363,0.5107276511986878,0.8615384615384616,8,0.08773237517836652,0.005509641873278237,0.001323311939098207,168,363,0.5107276511986878,True,train,True,6,40.0,15.0,True,-11.783706433705332,1,False,True,False,1.2732110670733088,0.7489311511498623
0xb61a7428fffecf81731e6b1a74704f88523d6a996aeed55d62ed5197c154f3a0,0x4d066ab4d924b7b3d01c6ecbfc142efe33aeb7fa,0,67636216,2500,25,0x0000000000000000000000000000000000000000,18,JEV,363,0.5107276511986878,0.8615384615384616,8,0.08773237517836652,0.005509641873278237,0.001323311939098207,168,363,0.5107276511986878,True,train,True,6,40.0,15.0,False,-11.783706433705332,1,False,True,False,1.2732110670733088,0.7489311511498623
0xb61a7428fffecf81731e6b1a74704f88523d6a996aeed55d62ed5197c154f3a0,0x4d066ab4d924b7b3d01c6ecbfc142efe33aeb7fa,0,67636216,2500,25,0x0000000000000000000000000000000000000000,18,JEV,363,0.5107276511986878,0.8615384615384616,8,0.08773237517836652,0.005509641873278237,0.001323311939098207,168,363,0.5107276511986878,True,train,True,6,40.0,25.0,True,-19.28774924437464,1,False,True,False,1.2732110670733088,0.7489311511498623
0xb61a7428fffecf81731e6b1a74704f88523d6a996aeed55d62ed5197c154f3a0,0x4d066ab4d924b7b3d01c6ecbfc142efe33aeb7fa,0,67636216,2500,25,0x0000000000000000000000000000000000000000,18,JEV,363,0.5107276511986878,0.8615384615384616,8,0.08773237517836652,0.005509641873278237,0.001323311939098207,168,363,0.5107276511986878,True,train,True,6,40.0,25.0,False,-19.28774924437464,1,False,True,False,1.2732110670733088,0.7489311511498623
0xb61a7428fffecf81731e6b1a74704f88523d6a996aeed55d62ed5197c154f3a0,0x4d066ab4d924b7b3d01c6ecbfc142efe33aeb7fa,0,67636216,2500,25,0x0000000000000000000000000000000000000000,18,JEV,363,0.5107276511986878,0.8615384615384616,8,0.08773237517836652,0.005509641873278237,0.001323311939098207,168,363,0.5107276511986878,True,train,True,6,40.0,35.0,True,-18.174945223905315,0,False,False,False,1.2732110670733088,0.7489311511498623
0xb61a7428fffecf81731e6b1a74704f88523d6a996aeed55d62ed5197c154f3a0,0x4d066ab4d924b7b3d01c6ecbfc142efe33aeb7fa,0,67636216,2500,25,0x0000000000000000000000000000000000000000,18,JEV,363,0.5107276511986878,0.8615384615384616,8,0.08773237517836652,0.005509641873278237,0.001323311939098207,168,363,0.5107276511986878,True,train,True,6,40.0,35.0,False,-18.174945223905315,0,False,False,False,1.2732110670733088,0.7489311511498623
0xb61a7428fffecf81731e6b1a74704f88523d6a996aeed55d62ed5197c154f3a0,0x4d066ab4d924b7b3d01c6ecbfc142efe33aeb7fa,0,67636216,2500,25,0x0000000000000000000000000000000000000000,18,JEV,363,0.5107276511986878,0.8615384615384616,8,0.08773237517836652,0.005509641873278237,0.001323311939098207,168,363,0.5107276511986878,True,train,True,6,60.0,15.0,True,-11.136524307656092,1,False,True,False,1.2732110670733088,0.7489311511498623
0xb61a7428fffecf81731e6b1a74704f88523d6a996aeed55d62ed5197c154f3a0,0x4d066ab4d924b7b3d01c6ecbfc142efe33aeb7fa,0,67636216,2500,25,0x0000000000000000000000000000000000000000,18,JEV,363,0.5107276511986878,0.8615384615384616,8,0.08773237517836652,0.005509641873278237,0.001323311939098207,168,363,0.5107276511986878,True,train,True,6,60.0,15.0,False,-11.136524307656092,1,False,True,False,1.2732110670733088,0.7489311511498623
0xb61a7428fffecf81731e6b1a74704f88523d6a996aeed55d62ed5197c154f3a0,0x4d066ab4d924b7b3d01c6ecbfc142efe33aeb7fa,0,67636216,2500,25,0x0000000000000000000000000000000000000000,18,JEV,363,0.5107276511986878,0.8615384615384616,8,0.08773237517836652,0.005509641873278237,0.001323311939098207,168,363,0.5107276511986878,True,train,True,6,60.0,25.0,True,-17.761905421489477,1,False,True,False,1.2732110670733088,0.7489311511498623
0xb61a7428fffecf81731e6b1a74704f88523d6a996aeed55d62ed5197c154f3a0,0x4d066ab4d924b7b3d01c6ecbfc142efe33aeb7fa,0,67636216,2500,25,0x0000000000000000000000000000000000000000,18,JEV,363,0.5107276511986878,0.8615384615384616,8,0.08773237517836652,0.005509641873278237,0.001323311939098207,168,363,0.5107276511986878,True,train,True,6,60.0,25.0,False,-17.761905421489477,1,False,True,False,1.2732110670733088,0.7489311511498623
0xb61a7428fffecf81731e6b1a74704f88523d6a996aeed55d62ed5197c154f3a0,0x4d066ab4d924b7b3d01c6ecbfc142efe33aeb7fa,0,67636216,2500,25,0x0000000000000000000000000000000000000000,18,JEV,363,0.5107276511986878,0.8615384615384616,8,0.08773237517836652,0.005509641873278237,0.001323311939098207,168,363,0.5107276511986878,True,train,True,6,60.0,35.0,True,-16.650398935694767,0,False,False,False,1.2732110670733088,0.7489311511498623
0xb61a7428fffecf81731e6b1a74704f88523d6a996aeed55d62ed5197c154f3a0,0x4d066ab4d924b7b3d01c6ecbfc142efe33aeb7fa,0,67636216,2500,25,0x0000000000000000000000000000000000000000,18,JEV,363,0.5107276511986878,0.8615384615384616,8,0.08773237517836652,0.005509641873278237,0.001323311939098207,168,363,0.5107276511986878,True,train,True,6,60.0,35.0,False,-16.650398935694767,0,False,False,False,1.2732110670733088,0.7489311511498623
0xb61a7428fffecf81731e6b1a74704f88523d6a996aeed55d62ed5197c154f3a0,0x4d066ab4d924b7b3d01c6ecbfc142efe33aeb7fa,0,67636216,2500,25,0x0000000000000000000000000000000000000000,18,JEV,363,0.5107276511986878,0.8615384615384616,8,0.08773237517836652,0.005509641873278237,0.001323311939098207,168,363,0.5107276511986878,True,train,True,12,25.0,15.0,True,0.10869107530497857,0,False,False,False,1.2202621088297185,1.0001475474567842
0xb61a7428fffecf81731e6b1a74704f88523d6a996aeed55d62ed5197c154f3a0,0x4d066ab4d924b7b3d01c6ecbfc142efe33aeb7fa,0,67636216,2500,25,0x0000000000000000000000000000000000000000,18,JEV,363,0.5107276511986878,0.8615384615384616,8,0.08773237517836652,0.005509641873278237,0.001323311939098207,168,363,0.5107276511986878,True,train,True,12,25.0,15.0,False,0.10869107530497857,0,False,False,False,1.2202621088297185,1.0001475474567842
0xb61a7428fffecf81731e6b1a74704f88523d6a996aeed55d62ed5197c154f3a0,0x4d066ab4d924b7b3d01c6ecbfc142efe33aeb7fa,0,67636216,2500,25,0x0000000000000000000000000000000000000000,18,JEV,363,0.5107276511986878,0.8615384615384616,8,0.08773237517836652,0.005509641873278237,0.001323311939098207,168,363,0.5107276511986878,True,train,True,12,25.0,25.0,True,0.10869107530497857,0,False,False,False,1.2202621088297185,1.0001475474567842
0xb61a7428fffecf81731e6b1a74704f88523d6a996aeed55d62ed5197c154f3a0,0x4d066ab4d924b7b3d01c6ecbfc142efe33aeb7fa,0,67636216,2500,25,0x0000000000000000000000000000000000000000,18,JEV,363,0.5107276511986878,0.8615384615384616,8,0.08773237517836652,0.005509641873278237,0.001323311939098207,168,363,0.5107276511986878,True,train,True,12,25.0,25.0,False,0.10869107530497857,0,False,False,False,1.2202621088297185,1.0001475474567842
0xb61a7428fffecf81731e6b1a74704f88523d6a996aeed55d62ed5197c154f3a0,0x4d066ab4d924b7b3d01c6ecbfc142efe33aeb7fa,0,67636216,2500,25,0x0000000000000000000000000000000000000000,18,JEV,363,0.5107276511986878,0.8615384615384616,8,0.08773237517836652,0.005509641873278237,0.001323311939098207,168,363,0.5107276511986878,True,train,True,12,25.0,35.0,True,0.10869107530497857,0,False,False,False,1.2202621088297185,1.0001475474567842
0xb61a7428fffecf81731e6b1a74704f88523d6a996aeed55d62ed5197c154f3a0,0x4d066ab4d924b7b3d01c6ecbfc142efe33aeb7fa,0,67636216,2500,25,0x0000000000000000000000000000000000000000,18,JEV,363,0.5107276511986878,0.8615384615384616,8,0.08773237517836652,0.005509641873278237,0.001323311939098207,168,363,0.5107276511986878,True,train,True,12,25.0,35.0,False,0.10869107530497857,0,False,False,False,1.2202621088297185,1.0001475474567842
0xb61a7428fffecf81731e6b1a74704f88523d6a996aeed55d62ed5197c154f3a0,0x4d066ab4d924b7b3d01c6ecbfc142efe33aeb7fa,0,67636216,2500,25,0x0000000000000000000000000000000000000000,18,JEV,363,0.5107276511986878,0.8615384615384616,8,0.08773237517836652,0.005509641873278237,0.001323311939098207,168,363,0.5107276511986878,True,train,True,12,40.0,15.0,True,0.10869189546482971,0,False,False,False,1.2202621088297185,1.0001475474567842
0xb61a7428fffecf81731e6b1a74704f88523d6a996aeed55d62ed5197c154f3a0,0x4d066ab4d924b7b3d01c6ecbfc142efe33aeb7fa,0,67636216,2500,25,0x0000000000000000000000000000000000000000,18,JEV,363,0.5107276511986878,0.8615384615384616,8,0.08773237517836652,0.005509641873278237,0.001323311939098207,168,363,0.5107276511986878,True,train,True,12,40.0,15.0,False,0.10869189546482971,0,False,False,False,1.2202621088297185,1.0001475474567842
0xb61a7428fffecf81731e6b1a74704f88523d6a996aeed55d62ed5197c154f3a0,0x4d066ab4d924b7b3d01c6ecbfc142efe33aeb7fa,0,67636216,2500,25,0x0000000000000000000000000000000000000000,18,JEV,363,0.5107276511986878,0.8615384615384616,8,0.08773237517836652,0.005509641873278237,0.001323311939098207,168,363,0.5107276511986878,True,train,True,12,40.0,25.0,True,0.10869189546482971,0,False,False,False,1.2202621088297185,1.0001475474567842
0xb61a7428fffecf81731e6b1a74704f88523d6a996aeed55d62ed5197c154f3a0,0x4d066ab4d924b7b3d01c6ecbfc142efe33aeb7fa,0,67636216,2500,25,0x0000000000000000000000000000000000000000,18,JEV,363,0.5107276511986878,0.8615384615384616,8,0.08773237517836652,0.005509641873278237,0.001323311939098207,168,363,0.5107276511986878,True,train,True,12,40.0,25.0,False,0.10869189546482971,0,False,False,False,1.2202621088297185,1.0001475474567842
0xb61a7428fffecf81731e6b1a74704f88523d6a996aeed55d62ed5197c154f3a0,0x4d066ab4d924b7b3d01c6ecbfc142efe33aeb7fa,0,67636216,2500,25,0x0000000000000000000000000000000000000000,18,JEV,363,0.5107276511986878,0.8615384615384616,8,0.08773237517836652,0.005509641873278237,0.001323311939098207,168,363,0.5107276511986878,True,train,True,12,40.0,35.0,True,0.10869189546482971,0,False,False,False,1.2202621088297185,1.0001475474567842
0xb61a7428fffecf81731e6b1a74704f88523d6a996aeed55d62ed5197c154f3a0,0x4d066ab4d924b7b3d01c6ecbfc142efe33aeb7fa,0,67636216,2500,25,0x0000000000000000000000000000000000000000,18,JEV,363,0.5107276511986878,0.8615384615384616,8,0.08773237517836652,0.005509641873278237,0.001323311939098207,168,363,0.5107276511986878,True,train,True,12,40.0,35.0,False,0.10869189546482971,0,False,False,False,1.2202621088297185,1.0001475474567842
0xb61a7428fffecf81731e6b1a74704f88523d6a996aeed55d62ed5197c154f3a0,0x4d066ab4d924b7b3d01c6ecbfc142efe33aeb7fa,0,67636216,2500,25,0x0000000000000000000000000000000000000000,18,JEV,363,0.5107276511986878,0.8615384615384616,8,0.08773237517836652,0.005509641873278237,0.001323311939098207,168,363,0.5107276511986878,True,train,True,12,60.0,15.0,True,0.10869235347397144,0,False,False,False,1.2202621088297185,1.0001475474567842
0xb61a7428fffecf81731e6b1a74704f88523d6a996aeed55d62ed5197c154f3a0,0x4d066ab4d924b7b3d01c6ecbfc142efe33aeb7fa,0,67636216,2500,25,0x0000000000000000000000000000000000000000,18,JEV,363,0.5107276511986878,0.8615384615384616,8,0.08773237517836652,0.005509641873278237,0.001323311939098207,168,363,0.5107276511986878,True,train,True,12,60.0,15.0,False,0.10869235347397144,0,False,False,False,1.2202621088297185,1.0001475474567842
0xb61a7428fffecf81731e6b1a74704f88523d6a996aeed55d62ed5197c154f3a0,0x4d066ab4d924b7b3d01c6ecbfc142efe33aeb7fa,0,67636216,2500,25,0x0000000000000000000000000000000000000000,18,JEV,363,0.5107276511986878,0.8615384615384616,8,0.08773237517836652,0.005509641873278237,0.001323311939098207,168,363,0.5107276511986878,True,train,True,12,60.0,25.0,True,0.10869235347397144,0,False,False,False,1.2202621088297185,1.0001475474567842
0xb61a7428fffecf81731e6b1a74704f88523d6a996aeed55d62ed5197c154f3a0,0x4d066ab4d924b7b3d01c6ecbfc142efe33aeb7fa,0,67636216,2500,25,0x0000000000000000000000000000000000000000,18,JEV,363,0.5107276511986878,0.8615384615384616,8,0.08773237517836652,0.005509641873278237,0.001323311939098207,168,363,0.5107276511986878,True,train,True,12,60.0,25.0,False,0.10869235347397144,0,False,False,False,1.2202621088297185,1.0001475474567842
0xb61a7428fffecf81731e6b1a74704f88523d6a996aeed55d62ed5197c154f3a0,0x4d066ab4d924b7b3d01c6ecbfc142efe33aeb7fa,0,67636216,2500,25,0x0000000000000000000000000000000000000000,18,JEV,363,0.5107276511986878,0.8615384615384616,8,0.08773237517836652,0.005509641873278237,0.001323311939098207,168,363,0.5107276511986878,True,train,True,12,60.0,35.0,True,0.10869235347397144,0,False,False,False,1.2202621088297185,1.0001475474567842
0xb61a7428fffecf81731e6b1a74704f88523d6a996aeed55d62ed5197c154f3a0,0x4d066ab4d924b7b3d01c6ecbfc142efe33aeb7fa,0,67636216,2500,25,0x0000000000000000000000000000000000000000,18,JEV,363,0.5107276511986878,0.8615384615384616,8,0.08773237517836652,0.005509641873278237,0.001323311939098207,168,363,0.5107276511986878,True,train,True,12,60.0,35.0,False,0.10869235347397144,0,False,False,False,1.2202621088297185,1.0001475474567842
0x2a8c09e13ea9f7f5b96076f0548fe3016a07c64556a46aad5868717575b37614,0x8b4b11a0e79872b022bc493d06570afdffa30a9f,0,67651495,100,1,0x0000000000000000000000000000000000000000,18,THOT,680,127.31687682870323,0.6464891041162227,7,0.16095826658916018,0.01764705882352941,0.09272212481498818,267,680,127.31687682870323,True,train,False,2,25.0,15.0,True,,0,False,False,False,,
0x2a8c09e13ea9f7f5b96076f0548fe3016a07c64556a46aad5868717575b37614,0x8b4b11a0e79872b022bc493d06570afdffa30a9f,0,67651495,100,1,0x0000000000000000000000000000000000000000,18,THOT,680,127.31687682870323,0.6464891041162227,7,0.16095826658916018,0.01764705882352941,0.09272212481498818,267,680,127.31687682870323,True,train,False,2,25.0,15.0,False,,0,False,False,False,,
0x2a8c09e13ea9f7f5b96076f0548fe3016a07c64556a46aad5868717575b37614,0x8b4b11a0e79872b022bc493d06570afdffa30a9f,0,67651495,100,1,0x0000000000000000000000000000000000000000,18,THOT,680,127.31687682870323,0.6464891041162227,7,0.16095826658916018,0.01764705882352941,0.09272212481498818,267,680,127.31687682870323,True,train,False,2,25.0,25.0,True,,0,False,False,False,,
0x2a8c09e13ea9f7f5b96076f0548fe3016a07c64556a46aad5868717575b37614,0x8b4b11a0e79872b022bc493d06570afdffa30a9f,0,67651495,100,1,0x0000000000000000000000000000000000000000,18,THOT,680,127.31687682870323,0.6464891041162227,7,0.16095826658916018,0.01764705882352941,0.09272212481498818,267,680,127.31687682870323,True,train,False,2,25.0,25.0,False,,0,False,False,False,,
0x2a8c09e13ea9f7f5b96076f0548fe3016a07c64556a46aad5868717575b37614,0x8b4b11a0e79872b022bc493d06570afdffa30a9f,0,67651495,100,1,0x0000000000000000000000000000000000000000,18,THOT,680,127.31687682870323,0.6464891041162227,7,0.16095826658916018,0.01764705882352941,0.09272212481498818,267,680,127.31687682870323,True,train,False,2,25.0,35.0,True,,0,False,False,False,,
0x2a8c09e13ea9f7f5b96076f0548fe3016a07c64556a46aad5868717575b37614,0x8b4b11a0e79872b022bc493d06570afdffa30a9f,0,67651495,100,1,0x0000000000000000000000000000000000000000,18,THOT,680,127.31687682870323,0.6464891041162227,7,0.16095826658916018,0.01764705882352941,0.09272212481498818,267,680,127.31687682870323,True,train,False,2,25.0,35.0,False,,0,False,False,False,,
0x2a8c09e13ea9f7f5b96076f0548fe3016a07c64556a46aad5868717575b37614,0x8b4b11a0e79872b022bc493d06570afdffa30a9f,0,67651495,100,1,0x0000000000000000000000000000000000000000,18,THOT,680,127.31687682870323,0.6464891041162227,7,0.16095826658916018,0.01764705882352941,0.09272212481498818,267,680,127.31687682870323,True,train,False,2,40.0,15.0,True,,0,False,False,False,,
0x2a8c09e13ea9f7f5b96076f0548fe3016a07c64556a46aad5868717575b37614,0x8b4b11a0e79872b022bc493d06570afdffa30a9f,0,67651495,100,1,0x0000000000000000000000000000000000000000,18,THOT,680,127.31687682870323,0.6464891041162227,7,0.16095826658916018,0.01764705882352941,0.09272212481498818,267,680,127.31687682870323,True,train,False,2,40.0,15.0,False,,0,False,False,False,,
0x2a8c09e13ea9f7f5b96076f0548fe3016a07c64556a46aad5868717575b37614,0x8b4b11a0e79872b022bc493d06570afdffa30a9f,0,67651495,100,1,0x0000000000000000000000000000000000000000,18,THOT,680,127.31687682870323,0.6464891041162227,7,0.16095826658916018,0.01764705882352941,0.09272212481498818,267,680,127.31687682870323,True,train,False,2,40.0,25.0,True,,0,False,False,False,,
0x2a8c09e13ea9f7f5b96076f0548fe3016a07c64556a46aad5868717575b37614,0x8b4b11a0e79872b022bc493d06570afdffa30a9f,0,67651495,100,1,0x0000000000000000000000000000000000000000,18,THOT,680,127.31687682870323,0.6464891041162227,7,0.16095826658916018,0.01764705882352941,0.09272212481498818,267,680,127.31687682870323,True,train,False,2,40.0,25.0,False,,0,False,False,False,,
0x2a8c09e13ea9f7f5b96076f0548fe3016a07c64556a46aad5868717575b37614,0x8b4b11a0e79872b022bc493d06570afdffa30a9f,0,67651495,100,1,0x0000000000000000000000000000000000000000,18,THOT,680,127.31687682870323,0.6464891041162227,7,0.16095826658916018,0.01764705882352941,0.09272212481498818,267,680,127.31687682870323,True,train,False,2,40.0,35.0,True,,0,False,False,False,,
0x2a8c09e13ea9f7f5b96076f0548fe3016a07c64556a46aad5868717575b37614,0x8b4b11a0e79872b022bc493d06570afdffa30a9f,0,67651495,100,1,0x0000000000000000000000000000000000000000,18,THOT,680,127.31687682870323,0.6464891041162227,7,0.16095826658916018,0.01764705882352941,0.09272212481498818,267,680,127.31687682870323,True,train,False,2,40.0,35.0,False,,0,False,False,False,,
0x2a8c09e13ea9f7f5b96076f0548fe3016a07c64556a46aad5868717575b37614,0x8b4b11a0e79872b022bc493d06570afdffa30a9f,0,67651495,100,1,0x0000000000000000000000000000000000000000,18,THOT,680,127.31687682870323,0.6464891041162227,7,0.16095826658916018,0.01764705882352941,0.09272212481498818,267,680,127.31687682870323,True,train,False,2,60.0,15.0,True,,0,False,False,False,,
0x2a8c09e13ea9f7f5b96076f0548fe3016a07c64556a46aad5868717575b37614,0x8b4b11a0e79872b022bc493d06570afdffa30a9f,0,67651495,100,1,0x0000000000000000000000000000000000000000,18,THOT,680,127.31687682870323,0.6464891041162227,7,0.16095826658916018,0.01764705882352941,0.09272212481498818,267,680,127.31687682870323,True,train,False,2,60.0,15.0,False,,0,False,False,False,,
0x2a8c09e13ea9f7f5b96076f0548fe3016a07c64556a46aad5868717575b37614,0x8b4b11a0e79872b022bc493d06570afdffa30a9f,0,67651495,100,1,0x0000000000000000000000000000000000000000,18,THOT,680,127.31687682870323,0.6464891041162227,7,0.16095826658916018,0.01764705882352941,0.09272212481498818,267,680,127.31687682870323,True,train,False,2,60.0,25.0,True,,0,False,False,False,,
0x2a8c09e13ea9f7f5b96076f0548fe3016a07c64556a46aad5868717575b37614,0x8b4b11a0e79872b022bc493d06570afdffa30a9f,0,67651495,100,1,0x0000000000000000000000000000000000000000,18,THOT,680,127.31687682870323,0.6464891041162227,7,0.16095826658916018,0.01764705882352941,0.09272212481498818,267,680,127.31687682870323,True,train,False,2,60.0,25.0,False,,0,False,False,False,,
0x2a8c09e13ea9f7f5b96076f0548fe3016a07c64556a46aad5868717575b37614,0x8b4b11a0e79872b022bc493d06570afdffa30a9f,0,67651495,100,1,0x0000000000000000000000000000000000000000,18,THOT,680,127.31687682870323,0.6464891041162227,7,0.16095826658916018,0.01764705882352941,0.09272212481498818,267,680,127.31687682870323,True,train,False,2,60.0,35.0,True,,0,False,False,False,,
0x2a8c09e13ea9f7f5b96076f0548fe3016a07c64556a46aad5868717575b37614,0x8b4b11a0e79872b022bc493d06570afdffa30a9f,0,67651495,100,1,0x0000000000000000000000000000000000000000,18,THOT,680,127.31687682870323,0.6464891041162227,7,0.16095826658916018,0.01764705882352941,0.09272212481498818,267,680,127.31687682870323,True,train,False,2,60.0,35.0,False,,0,False,False,False,,
0x2a8c09e13ea9f7f5b96076f0548fe3016a07c64556a46aad5868717575b37614,0x8b4b11a0e79872b022bc493d06570afdffa30a9f,0,67651495,100,1,0x0000000000000000000000000000000000000000,18,THOT,680,127.31687682870323,0.6464891041162227,7,0.16095826658916018,0.01764705882352941,0.09272212481498818,267,680,127.31687682870323,True,train,False,4,25.0,15.0,True,,0,False,False,False,,
0x2a8c09e13ea9f7f5b96076f0548fe3016a07c64556a46aad5868717575b37614,0x8b4b11a0e79872b022bc493d06570afdffa30a9f,0,67651495,100,1,0x0000000000000000000000000000000000000000,18,THOT,680,127.31687682870323,0.6464891041162227,7,0.16095826658916018,0.01764705882352941,0.09272212481498818,267,680,127.31687682870323,True,train,False,4,25.0,15.0,False,,0,False,False,False,,
0x2a8c09e13ea9f7f5b96076f0548fe3016a07c64556a46aad5868717575b37614,0x8b4b11a0e79872b022bc493d06570afdffa30a9f,0,67651495,100,1,0x0000000000000000000000000000000000000000,18,THOT,680,127.31687682870323,0.6464891041162227,7,0.16095826658916018,0.01764705882352941,0.09272212481498818,267,680,127.31687682870323,True,train,False,4,25.0,25.0,True,,0,False,False,False,,
0x2a8c09e13ea9f7f5b96076f0548fe3016a07c64556a46aad5868717575b37614,0x8b4b11a0e79872b022bc493d06570afdffa30a9f,0,67651495,100,1,0x0000000000000000000000000000000000000000,18,THOT,680,127.31687682870323,0.6464891041162227,7,0.16095826658916018,0.01764705882352941,0.09272212481498818,267,680,127.31687682870323,True,train,False,4,25.0,25.0,False,,0,False,False,False,,
0x2a8c09e13ea9f7f5b96076f0548fe3016a07c64556a46aad5868717575b37614,0x8b4b11a0e79872b022bc493d06570afdffa30a9f,0,67651495,100,1,0x0000000000000000000000000000000000000000,18,THOT,680,127.31687682870323,0.6464891041162227,7,0.16095826658916018,0.01764705882352941,0.09272212481498818,267,680,127.31687682870323,True,train,False,4,25.0,35.0,True,,0,False,False,False,,
0x2a8c09e13ea9f7f5b96076f0548fe3016a07c64556a46aad5868717575b37614,0x8b4b11a0e79872b022bc493d06570afdffa30a9f,0,67651495,100,1,0x0000000000000000000000000000000000000000,18,THOT,680,127.31687682870323,0.6464891041162227,7,0.16095826658916018,0.01764705882352941,0.09272212481498818,267,680,127.31687682870323,True,train,False,4,25.0,35.0,False,,0,False,False,False,,
0x2a8c09e13ea9f7f5b96076f0548fe3016a07c64556a46aad5868717575b37614,0x8b4b11a0e79872b022bc493d06570afdffa30a9f,0,67651495,100,1,0x0000000000000000000000000000000000000000,18,THOT,680,127.31687682870323,0.6464891041162227,7,0.16095826658916018,0.01764705882352941,0.09272212481498818,267,680,127.31687682870323,True,train,False,4,40.0,15.0,True,,0,False,False,False,,
0x2a8c09e13ea9f7f5b96076f0548fe3016a07c64556a46aad5868717575b37614,0x8b4b11a0e79872b022bc493d06570afdffa30a9f,0,67651495,100,1,0x0000000000000000000000000000000000000000,18,THOT,680,127.31687682870323,0.6464891041162227,7,0.16095826658916018,0.01764705882352941,0.09272212481498818,267,680,127.31687682870323,True,train,False,4,40.0,15.0,False,,0,False,False,False,,
0x2a8c09e13ea9f7f5b96076f0548fe3016a07c64556a46aad5868717575b37614,0x8b4b11a0e79872b022bc493d06570afdffa30a9f,0,67651495,100,1,0x0000000000000000000000000000000000000000,18,THOT,680,127.31687682870323,0.6464891041162227,7,0.16095826658916018,0.01764705882352941,0.09272212481498818,267,680,127.31687682870323,True,train,False,4,40.0,25.0,True,,0,False,False,False,,
0x2a8c09e13ea9f7f5b96076f0548fe3016a07c64556a46aad5868717575b37614,0x8b4b11a0e79872b022bc493d06570afdffa30a9f,0,67651495,100,1,0x0000000000000000000000000000000000000000,18,THOT,680,127.31687682870323,0.6464891041162227,7,0.16095826658916018,0.01764705882352941,0.09272212481498818,267,680,127.31687682870323,True,train,False,4,40.0,25.0,False,,0,False,False,False,,
0x2a8c09e13ea9f7f5b96076f0548fe3016a07c64556a46aad5868717575b37614,0x8b4b11a0e79872b022bc493d06570afdffa30a9f,0,67651495,100,1,0x0000000000000000000000000000000000000000,18,THOT,680,127.31687682870323,0.6464891041162227,7,0.16095826658916018,0.01764705882352941,0.09272212481498818,267,680,127.31687682870323,True,train,False,4,40.0,35.0,True,,0,False,False,False,,
0x2a8c09e13ea9f7f5b96076f0548fe3016a07c64556a46aad5868717575b37614,0x8b4b11a0e79872b022bc493d06570afdffa30a9f,0,67651495,100,1,0x0000000000000000000000000000000000000000,18,THOT,680,127.31687682870323,0.6464891041162227,7,0.16095826658916018,0.01764705882352941,0.09272212481498818,267,680,127.31687682870323,True,train,False,4,40.0,35.0,False,,0,False,False,False,,
0x2a8c09e13ea9f7f5b96076f0548fe3016a07c64556a46aad5868717575b37614,0x8b4b11a0e79872b022bc493d06570afdffa30a9f,0,67651495,100,1,0x0000000000000000000000000000000000000000,18,THOT,680,127.31687682870323,0.6464891041162227,7,0.16095826658916018,0.01764705882352941,0.09272212481498818,267,680,127.31687682870323,True,train,False,4,60.0,15.0,True,,0,False,False,False,,
0x2a8c09e13ea9f7f5b96076f0548fe3016a07c64556a46aad5868717575b37614,0x8b4b11a0e79872b022bc493d06570afdffa30a9f,0,67651495,100,1,0x0000000000000000000000000000000000000000,18,THOT,680,127.31687682870323,0.6464891041162227,7,0.16095826658916018,0.01764705882352941,0.09272212481498818,267,680,127.31687682870323,True,train,False,4,60.0,15.0,False,,0,False,False,False,,
0x2a8c09e13ea9f7f5b96076f0548fe3016a07c64556a46aad5868717575b37614,0x8b4b11a0e79872b022bc493d06570afdffa30a9f,0,67651495,100,1,0x0000000000000000000000000000000000000000,18,THOT,680,127.31687682870323,0.6464891041162227,7,0.16095826658916018,0.01764705882352941,0.09272212481498818,267,680,127.31687682870323,True,train,False,4,60.0,25.0,True,,0,False,False,False,,
0x2a8c09e13ea9f7f5b96076f0548fe3016a07c64556a46aad5868717575b37614,0x8b4b11a0e79872b022bc493d06570afdffa30a9f,0,67651495,100,1,0x0000000000000000000000000000000000000000,18,THOT,680,127.31687682870323,0.6464891041162227,7,0.16095826658916018,0.01764705882352941,0.09272212481498818,267,680,127.31687682870323,True,train,False,4,60.0,25.0,False,,0,False,False,False,,
0x2a8c09e13ea9f7f5b96076f0548fe3016a07c64556a46aad5868717575b37614,0x8b4b11a0e79872b022bc493d06570afdffa30a9f,0,67651495,100,1,0x0000000000000000000000000000000000000000,18,THOT,680,127.31687682870323,0.6464891041162227,7,0.16095826658916018,0.01764705882352941,0.09272212481498818,267,680,127.31687682870323,True,train,False,4,60.0,35.0,True,,0,False,False,False,,
0x2a8c09e13ea9f7f5b96076f0548fe3016a07c64556a46aad5868717575b37614,0x8b4b11a0e79872b022bc493d06570afdffa30a9f,0,67651495,100,1,0x0000000000000000000000000000000000000000,18,THOT,680,127.31687682870323,0.6464891041162227,7,0.16095826658916018,0.01764705882352941,0.09272212481498818,267,680,127.31687682870323,True,train,False,4,60.0,35.0,False,,0,False,False,False,,
0x2a8c09e13ea9f7f5b96076f0548fe3016a07c64556a46aad5868717575b37614,0x8b4b11a0e79872b022bc493d06570afdffa30a9f,0,67651495,100,1,0x0000000000000000000000000000000000000000,18,THOT,680,127.31687682870323,0.6464891041162227,7,0.16095826658916018,0.01764705882352941,0.09272212481498818,267,680,127.31687682870323,True,train,False,6,25.0,15.0,True,,0,False,False,False,,
0x2a8c09e13ea9f7f5b96076f0548fe3016a07c64556a46aad5868717575b37614,0x8b4b11a0e79872b022bc493d06570afdffa30a9f,0,67651495,100,1,0x0000000000000000000000000000000000000000,18,THOT,680,127.31687682870323,0.6464891041162227,7,0.16095826658916018,0.01764705882352941,0.09272212481498818,267,680,127.31687682870323,True,train,False,6,25.0,15.0,False,,0,False,False,False,,
0x2a8c09e13ea9f7f5b96076f0548fe3016a07c64556a46aad5868717575b37614,0x8b4b11a0e79872b022bc493d06570afdffa30a9f,0,67651495,100,1,0x0000000000000000000000000000000000000000,18,THOT,680,127.31687682870323,0.6464891041162227,7,0.16095826658916018,0.01764705882352941,0.09272212481498818,267,680,127.31687682870323,True,train,False,6,25.0,25.0,True,,0,False,False,False,,
0x2a8c09e13ea9f7f5b96076f0548fe3016a07c64556a46aad5868717575b37614,0x8b4b11a0e79872b022bc493d06570afdffa30a9f,0,67651495,100,1,0x0000000000000000000000000000000000000000,18,THOT,680,127.31687682870323,0.6464891041162227,7,0.16095826658916018,0.01764705882352941,0.09272212481498818,267,680,127.31687682870323,True,train,False,6,25.0,25.0,False,,0,False,False,False,,
0x2a8c09e13ea9f7f5b96076f0548fe3016a07c64556a46aad5868717575b37614,0x8b4b11a0e79872b022bc493d06570afdffa30a9f,0,67651495,100,1,0x0000000000000000000000000000000000000000,18,THOT,680,127.31687682870323,0.6464891041162227,7,0.16095826658916018,0.01764705882352941,0.09272212481498818,267,680,127.31687682870323,True,train,False,6,25.0,35.0,True,,0,False,False,False,,
0x2a8c09e13ea9f7f5b96076f0548fe3016a07c64556a46aad5868717575b37614,0x8b4b11a0e79872b022bc493d06570afdffa30a9f,0,67651495,100,1,0x0000000000000000000000000000000000000000,18,THOT,680,127.31687682870323,0.6464891041162227,7,0.16095826658916018,0.01764705882352941,0.09272212481498818,267,680,127.31687682870323,True,train,False,6,25.0,35.0,False,,0,False,False,False,,
0x2a8c09e13ea9f7f5b96076f0548fe3016a07c64556a46aad5868717575b37614,0x8b4b11a0e79872b022bc493d06570afdffa30a9f,0,67651495,100,1,0x0000000000000000000000000000000000000000,18,THOT,680,127.31687682870323,0.6464891041162227,7,0.16095826658916018,0.01764705882352941,0.09272212481498818,267,680,127.31687682870323,True,train,False,6,40.0,15.0,True,,0,False,False,False,,
0x2a8c09e13ea9f7f5b96076f0548fe3016a07c64556a46aad5868717575b37614,0x8b4b11a0e79872b022bc493d06570afdffa30a9f,0,67651495,100,1,0x0000000000000000000000000000000000000000,18,THOT,680,127.31687682870323,0.6464891041162227,7,0.16095826658916018,0.01764705882352941,0.09272212481498818,267,680,127.31687682870323,True,train,False,6,40.0,15.0,False,,0,False,False,False,,
0x2a8c09e13ea9f7f5b96076f0548fe3016a07c64556a46aad5868717575b37614,0x8b4b11a0e79872b022bc493d06570afdffa30a9f,0,67651495,100,1,0x0000000000000000000000000000000000000000,18,THOT,680,127.31687682870323,0.6464891041162227,7,0.16095826658916018,0.01764705882352941,0.09272212481498818,267,680,127.31687682870323,True,train,False,6,40.0,25.0,True,,0,False,False,False,,
0x2a8c09e13ea9f7f5b96076f0548fe3016a07c64556a46aad5868717575b37614,0x8b4b11a0e79872b022bc493d06570afdffa30a9f,0,67651495,100,1,0x0000000000000000000000000000000000000000,18,THOT,680,127.31687682870323,0.6464891041162227,7,0.16095826658916018,0.01764705882352941,0.09272212481498818,267,680,127.31687682870323,True,train,False,6,40.0,25.0,False,,0,False,False,False,,
0x2a8c09e13ea9f7f5b96076f0548fe3016a07c64556a46aad5868717575b37614,0x8b4b11a0e79872b022bc493d06570afdffa30a9f,0,67651495,100,1,0x0000000000000000000000000000000000000000,18,THOT,680,127.31687682870323,0.6464891041162227,7,0.16095826658916018,0.01764705882352941,0.09272212481498818,267,680,127.31687682870323,True,train,False,6,40.0,35.0,True,,0,False,False,False,,
0x2a8c09e13ea9f7f5b96076f0548fe3016a07c64556a46aad5868717575b37614,0x8b4b11a0e79872b022bc493d06570afdffa30a9f,0,67651495,100,1,0x0000000000000000000000000000000000000000,18,THOT,680,127.31687682870323,0.6464891041162227,7,0.16095826658916018,0.01764705882352941,0.09272212481498818,267,680,127.31687682870323,True,train,False,6,40.0,35.0,False,,0,False,False,False,,
0x2a8c09e13ea9f7f5b96076f0548fe3016a07c64556a46aad5868717575b37614,0x8b4b11a0e79872b022bc493d06570afdffa30a9f,0,67651495,100,1,0x0000000000000000000000000000000000000000,18,THOT,680,127.31687682870323,0.6464891041162227,7,0.16095826658916018,0.01764705882352941,0.09272212481498818,267,680,127.31687682870323,True,train,False,6,60.0,15.0,True,,0,False,False,False,,
0x2a8c09e13ea9f7f5b96076f0548fe3016a07c64556a46aad5868717575b37614,0x8b4b11a0e79872b022bc493d06570afdffa30a9f,0,67651495,100,1,0x0000000000000000000000000000000000000000,18,THOT,680,127.31687682870323,0.6464891041162227,7,0.16095826658916018,0.01764705882352941,0.09272212481498818,267,680,127.31687682870323,True,train,False,6,60.0,15.0,False,,0,False,False,False,,
0x2a8c09e13ea9f7f5b96076f0548fe3016a07c64556a46aad5868717575b37614,0x8b4b11a0e79872b022bc493d06570afdffa30a9f,0,67651495,100,1,0x0000000000000000000000000000000000000000,18,THOT,680,127.31687682870323,0.6464891041162227,7,0.16095826658916018,0.01764705882352941,0.09272212481498818,267,680,127.31687682870323,True,train,False,6,60.0,25.0,True,,0,False,False,False,,
0x2a8c09e13ea9f7f5b96076f0548fe3016a07c64556a46aad5868717575b37614,0x8b4b11a0e79872b022bc493d06570afdffa30a9f,0,67651495,100,1,0x0000000000000000000000000000000000000000,18,THOT,680,127.31687682870323,0.6464891041162227,7,0.16095826658916018,0.01764705882352941,0.09272212481498818,267,680,127.31687682870323,True,train,False,6,60.0,25.0,False,,0,False,False,False,,
0x2a8c09e13ea9f7f5b96076f0548fe3016a07c64556a46aad5868717575b37614,0x8b4b11a0e79872b022bc493d06570afdffa30a9f,0,67651495,100,1,0x0000000000000000000000000000000000000000,18,THOT,680,127.31687682870323,0.6464891041162227,7,0.16095826658916018,0.01764705882352941,0.09272212481498818,267,680,127.31687682870323,True,train,False,6,60.0,35.0,True,,0,False,False,False,,
0x2a8c09e13ea9f7f5b96076f0548fe3016a07c64556a46aad5868717575b37614,0x8b4b11a0e79872b022bc493d06570afdffa30a9f,0,67651495,100,1,0x0000000000000000000000000000000000000000,18,THOT,680,127.31687682870323,0.6464891041162227,7,0.16095826658916018,0.01764705882352941,0.09272212481498818,267,680,127.31687682870323,True,train,False,6,60.0,35.0,False,,0,False,False,False,,
0x2a8c09e13ea9f7f5b96076f0548fe3016a07c64556a46aad5868717575b37614,0x8b4b11a0e79872b022bc493d06570afdffa30a9f,0,67651495,100,1,0x0000000000000000000000000000000000000000,18,THOT,680,127.31687682870323,0.6464891041162227,7,0.16095826658916018,0.01764705882352941,0.09272212481498818,267,680,127.31687682870323,True,train,False,12,25.0,15.0,True,,0,False,False,False,,
0x2a8c09e13ea9f7f5b96076f0548fe3016a07c64556a46aad5868717575b37614,0x8b4b11a0e79872b022bc493d06570afdffa30a9f,0,67651495,100,1,0x0000000000000000000000000000000000000000,18,THOT,680,127.31687682870323,0.6464891041162227,7,0.16095826658916018,0.01764705882352941,0.09272212481498818,267,680,127.31687682870323,True,train,False,12,25.0,15.0,False,,0,False,False,False,,
0x2a8c09e13ea9f7f5b96076f0548fe3016a07c64556a46aad5868717575b37614,0x8b4b11a0e79872b022bc493d06570afdffa30a9f,0,67651495,100,1,0x0000000000000000000000000000000000000000,18,THOT,680,127.31687682870323,0.6464891041162227,7,0.16095826658916018,0.01764705882352941,0.09272212481498818,267,680,127.31687682870323,True,train,False,12,25.0,25.0,True,,0,False,False,False,,
0x2a8c09e13ea9f7f5b96076f0548fe3016a07c64556a46aad5868717575b37614,0x8b4b11a0e79872b022bc493d06570afdffa30a9f,0,67651495,100,1,0x0000000000000000000000000000000000000000,18,THOT,680,127.31687682870323,0.6464891041162227,7,0.16095826658916018,0.01764705882352941,0.09272212481498818,267,680,127.31687682870323,True,train,False,12,25.0,25.0,False,,0,False,False,False,,
0x2a8c09e13ea9f7f5b96076f0548fe3016a07c64556a46aad5868717575b37614,0x8b4b11a0e79872b022bc493d06570afdffa30a9f,0,67651495,100,1,0x0000000000000000000000000000000000000000,18,THOT,680,127.31687682870323,0.6464891041162227,7,0.16095826658916018,0.01764705882352941,0.09272212481498818,267,680,127.31687682870323,True,train,False,12,25.0,35.0,True,,0,False,False,False,,
0x2a8c09e13ea9f7f5b96076f0548fe3016a07c64556a46aad5868717575b37614,0x8b4b11a0e79872b022bc493d06570afdffa30a9f,0,67651495,100,1,0x0000000000000000000000000000000000000000,18,THOT,680,127.31687682870323,0.6464891041162227,7,0.16095826658916018,0.01764705882352941,0.09272212481498818,267,680,127.31687682870323,True,train,False,12,25.0,35.0,False,,0,False,False,False,,
0x2a8c09e13ea9f7f5b96076f0548fe3016a07c64556a46aad5868717575b37614,0x8b4b11a0e79872b022bc493d06570afdffa30a9f,0,67651495,100,1,0x0000000000000000000000000000000000000000,18,THOT,680,127.31687682870323,0.6464891041162227,7,0.16095826658916018,0.01764705882352941,0.09272212481498818,267,680,127.31687682870323,True,train,False,12,40.0,15.0,True,,0,False,False,False,,
0x2a8c09e13ea9f7f5b96076f0548fe3016a07c64556a46aad5868717575b37614,0x8b4b11a0e79872b022bc493d06570afdffa30a9f,0,67651495,100,1,0x0000000000000000000000000000000000000000,18,THOT,680,127.31687682870323,0.6464891041162227,7,0.16095826658916018,0.01764705882352941,0.09272212481498818,267,680,127.31687682870323,True,train,False,12,40.0,15.0,False,,0,False,False,False,,
0x2a8c09e13ea9f7f5b96076f0548fe3016a07c64556a46aad5868717575b37614,0x8b4b11a0e79872b022bc493d06570afdffa30a9f,0,67651495,100,1,0x0000000000000000000000000000000000000000,18,THOT,680,127.31687682870323,0.6464891041162227,7,0.16095826658916018,0.01764705882352941,0.09272212481498818,267,680,127.31687682870323,True,train,False,12,40.0,25.0,True,,0,False,False,False,,
0x2a8c09e13ea9f7f5b96076f0548fe3016a07c64556a46aad5868717575b37614,0x8b4b11a0e79872b022bc493d06570afdffa30a9f,0,67651495,100,1,0x0000000000000000000000000000000000000000,18,THOT,680,127.31687682870323,0.6464891041162227,7,0.16095826658916018,0.01764705882352941,0.09272212481498818,267,680,127.31687682870323,True,train,False,12,40.0,25.0,False,,0,False,False,False,,
0x2a8c09e13ea9f7f5b96076f0548fe3016a07c64556a46aad5868717575b37614,0x8b4b11a0e79872b022bc493d06570afdffa30a9f,0,67651495,100,1,0x0000000000000000000000000000000000000000,18,THOT,680,127.31687682870323,0.6464891041162227,7,0.16095826658916018,0.01764705882352941,0.09272212481498818,267,680,127.31687682870323,True,train,False,12,40.0,35.0,True,,0,False,False,False,,
0x2a8c09e13ea9f7f5b96076f0548fe3016a07c64556a46aad5868717575b37614,0x8b4b11a0e79872b022bc493d06570afdffa30a9f,0,67651495,100,1,0x0000000000000000000000000000000000000000,18,THOT,680,127.31687682870323,0.6464891041162227,7,0.16095826658916018,0.01764705882352941,0.09272212481498818,267,680,127.31687682870323,True,train,False,12,40.0,35.0,False,,0,False,False,False,,
0x2a8c09e13ea9f7f5b96076f0548fe3016a07c64556a46aad5868717575b37614,0x8b4b11a0e79872b022bc493d06570afdffa30a9f,0,67651495,100,1,0x0000000000000000000000000000000000000000,18,THOT,680,127.31687682870323,0.6464891041162227,7,0.16095826658916018,0.01764705882352941,0.09272212481498818,267,680,127.31687682870323,True,train,False,12,60.0,15.0,True,,0,False,False,False,,
0x2a8c09e13ea9f7f5b96076f0548fe3016a07c64556a46aad5868717575b37614,0x8b4b11a0e79872b022bc493d06570afdffa30a9f,0,67651495,100,1,0x0000000000000000000000000000000000000000,18,THOT,680,127.31687682870323,0.6464891041162227,7,0.16095826658916018,0.01764705882352941,0.09272212481498818,267,680,127.31687682870323,True,train,False,12,60.0,15.0,False,,0,False,False,False,,
0x2a8c09e13ea9f7f5b96076f0548fe3016a07c64556a46aad5868717575b37614,0x8b4b11a0e79872b022bc493d06570afdffa30a9f,0,67651495,100,1,0x0000000000000000000000000000000000000000,18,THOT,680,127.31687682870323,0.6464891041162227,7,0.16095826658916018,0.01764705882352941,0.09272212481498818,267,680,127.31687682870323,True,train,False,12,60.0,25.0,True,,0,False,False,False,,
0x2a8c09e13ea9f7f5b96076f0548fe3016a07c64556a46aad5868717575b37614,0x8b4b11a0e79872b022bc493d06570afdffa30a9f,0,67651495,100,1,0x0000000000000000000000000000000000000000,18,THOT,680,127.31687682870323,0.6464891041162227,7,0.16095826658916018,0.01764705882352941,0.09272212481498818,267,680,127.31687682870323,True,train,False,12,60.0,25.0,False,,0,False,False,False,,
0x2a8c09e13ea9f7f5b96076f0548fe3016a07c64556a46aad5868717575b37614,0x8b4b11a0e79872b022bc493d06570afdffa30a9f,0,67651495,100,1,0x0000000000000000000000000000000000000000,18,THOT,680,127.31687682870323,0.6464891041162227,7,0.16095826658916018,0.01764705882352941,0.09272212481498818,267,680,127.31687682870323,True,train,False,12,60.0,35.0,True,,0,False,False,False,,
0x2a8c09e13ea9f7f5b96076f0548fe3016a07c64556a46aad5868717575b37614,0x8b4b11a0e79872b022bc493d06570afdffa30a9f,0,67651495,100,1,0x0000000000000000000000000000000000000000,18,THOT,680,127.31687682870323,0.6464891041162227,7,0.16095826658916018,0.01764705882352941,0.09272212481498818,267,680,127.31687682870323,True,train,False,12,60.0,35.0,False,,0,False,False,False,,
0xfd706b9d2b57af7643b9306c0a8e01daae63cc5cd38ff92c4070794e2b5430c9,0x2d95c9f376266f23b8b6ac0c1ebd0a0e3419de03,0,67657150,0,200,0xe5e702641ea86f4ae6cc3cdaed2b886f976be044,18,MIM,2258,52.91814039251523,0.9135593220338983,8,0.06180611468334489,0.024800708591674048,0.009549430271531129,1078,2258,52.91814039251523,True,train,True,2,25.0,15.0,True,-14.711834255508405,1,False,True,False,1.0,0.2570681892991803
0xfd706b9d2b57af7643b9306c0a8e01daae63cc5cd38ff92c4070794e2b5430c9,0x2d95c9f376266f23b8b6ac0c1ebd0a0e3419de03,0,67657150,0,200,0xe5e702641ea86f4ae6cc3cdaed2b886f976be044,18,MIM,2258,52.91814039251523,0.9135593220338983,8,0.06180611468334489,0.024800708591674048,0.009549430271531129,1078,2258,52.91814039251523,True,train,True,2,25.0,15.0,False,-14.711834255508405,1,False,True,False,1.0,0.2570681892991803
0xfd706b9d2b57af7643b9306c0a8e01daae63cc5cd38ff92c4070794e2b5430c9,0x2d95c9f376266f23b8b6ac0c1ebd0a0e3419de03,0,67657150,0,200,0xe5e702641ea86f4ae6cc3cdaed2b886f976be044,18,MIM,2258,52.91814039251523,0.9135593220338983,8,0.06180611468334489,0.024800708591674048,0.009549430271531129,1078,2258,52.91814039251523,True,train,True,2,25.0,25.0,True,-25.77443088299871,1,False,True,False,1.0,0.2570681892991803
0xfd706b9d2b57af7643b9306c0a8e01daae63cc5cd38ff92c4070794e2b5430c9,0x2d95c9f376266f23b8b6ac0c1ebd0a0e3419de03,0,67657150,0,200,0xe5e702641ea86f4ae6cc3cdaed2b886f976be044,18,MIM,2258,52.91814039251523,0.9135593220338983,8,0.06180611468334489,0.024800708591674048,0.009549430271531129,1078,2258,52.91814039251523,True,train,True,2,25.0,25.0,False,-25.77443088299871,1,False,True,False,1.0,0.2570681892991803
0xfd706b9d2b57af7643b9306c0a8e01daae63cc5cd38ff92c4070794e2b5430c9,0x2d95c9f376266f23b8b6ac0c1ebd0a0e3419de03,0,67657150,0,200,0xe5e702641ea86f4ae6cc3cdaed2b886f976be044,18,MIM,2258,52.91814039251523,0.9135593220338983,8,0.06180611468334489,0.024800708591674048,0.009549430271531129,1078,2258,52.91814039251523,True,train,True,2,25.0,35.0,True,-33.577746713699874,1,False,True,False,1.0,0.2570681892991803
0xfd706b9d2b57af7643b9306c0a8e01daae63cc5cd38ff92c4070794e2b5430c9,0x2d95c9f376266f23b8b6ac0c1ebd0a0e3419de03,0,67657150,0,200,0xe5e702641ea86f4ae6cc3cdaed2b886f976be044,18,MIM,2258,52.91814039251523,0.9135593220338983,8,0.06180611468334489,0.024800708591674048,0.009549430271531129,1078,2258,52.91814039251523,True,train,True,2,25.0,35.0,False,-33.577746713699874,1,False,True,False,1.0,0.2570681892991803
0xfd706b9d2b57af7643b9306c0a8e01daae63cc5cd38ff92c4070794e2b5430c9,0x2d95c9f376266f23b8b6ac0c1ebd0a0e3419de03,0,67657150,0,200,0xe5e702641ea86f4ae6cc3cdaed2b886f976be044,18,MIM,2258,52.91814039251523,0.9135593220338983,8,0.06180611468334489,0.024800708591674048,0.009549430271531129,1078,2258,52.91814039251523,True,train,True,2,40.0,15.0,True,-13.289659587450252,1,False,True,False,1.0,0.2570681892991803
0xfd706b9d2b57af7643b9306c0a8e01daae63cc5cd38ff92c4070794e2b5430c9,0x2d95c9f376266f23b8b6ac0c1ebd0a0e3419de03,0,67657150,0,200,0xe5e702641ea86f4ae6cc3cdaed2b886f976be044,18,MIM,2258,52.91814039251523,0.9135593220338983,8,0.06180611468334489,0.024800708591674048,0.009549430271531129,1078,2258,52.91814039251523,True,train,True,2,40.0,15.0,False,-13.289659587450252,1,False,True,False,1.0,0.2570681892991803
0xfd706b9d2b57af7643b9306c0a8e01daae63cc5cd38ff92c4070794e2b5430c9,0x2d95c9f376266f23b8b6ac0c1ebd0a0e3419de03,0,67657150,0,200,0xe5e702641ea86f4ae6cc3cdaed2b886f976be044,18,MIM,2258,52.91814039251523,0.9135593220338983,8,0.06180611468334489,0.024800708591674048,0.009549430271531129,1078,2258,52.91814039251523,True,train,True,2,40.0,25.0,True,-23.459382750988787,1,False,True,False,1.0,0.2570681892991803
0xfd706b9d2b57af7643b9306c0a8e01daae63cc5cd38ff92c4070794e2b5430c9,0x2d95c9f376266f23b8b6ac0c1ebd0a0e3419de03,0,67657150,0,200,0xe5e702641ea86f4ae6cc3cdaed2b886f976be044,18,MIM,2258,52.91814039251523,0.9135593220338983,8,0.06180611468334489,0.024800708591674048,0.009549430271531129,1078,2258,52.91814039251523,True,train,True,2,40.0,25.0,False,-23.459382750988787,1,False,True,False,1.0,0.2570681892991803
0xfd706b9d2b57af7643b9306c0a8e01daae63cc5cd38ff92c4070794e2b5430c9,0x2d95c9f376266f23b8b6ac0c1ebd0a0e3419de03,0,67657150,0,200,0xe5e702641ea86f4ae6cc3cdaed2b886f976be044,18,MIM,2258,52.91814039251523,0.9135593220338983,8,0.06180611468334489,0.024800708591674048,0.009549430271531129,1078,2258,52.91814039251523,True,train,True,2,40.0,35.0,True,-31.5028436806157,1,False,True,False,1.0,0.2570681892991803
0xfd706b9d2b57af7643b9306c0a8e01daae63cc5cd38ff92c4070794e2b5430c9,0x2d95c9f376266f23b8b6ac0c1ebd0a0e3419de03,0,67657150,0,200,0xe5e702641ea86f4ae6cc3cdaed2b886f976be044,18,MIM,2258,52.91814039251523,0.9135593220338983,8,0.06180611468334489,0.024800708591674048,0.009549430271531129,1078,2258,52.91814039251523,True,train,True,2,40.0,35.0,False,-31.5028436806157,1,False,True,False,1.0,0.2570681892991803
0xfd706b9d2b57af7643b9306c0a8e01daae63cc5cd38ff92c4070794e2b5430c9,0x2d95c9f376266f23b8b6ac0c1ebd0a0e3419de03,0,67657150,0,200,0xe5e702641ea86f4ae6cc3cdaed2b886f976be044,18,MIM,2258,52.91814039251523,0.9135593220338983,8,0.06180611468334489,0.024800708591674048,0.009549430271531129,1078,2258,52.91814039251523,True,train,True,2,60.0,15.0,True,-12.495462105766642,1,False,True,False,1.0,0.2570681892991803
0xfd706b9d2b57af7643b9306c0a8e01daae63cc5cd38ff92c4070794e2b5430c9,0x2d95c9f376266f23b8b6ac0c1ebd0a0e3419de03,0,67657150,0,200,0xe5e702641ea86f4ae6cc3cdaed2b886f976be044,18,MIM,2258,52.91814039251523,0.9135593220338983,8,0.06180611468334489,0.024800708591674048,0.009549430271531129,1078,2258,52.91814039251523,True,train,True,2,60.0,15.0,False,-12.495462105766642,1,False,True,False,1.0,0.2570681892991803
0xfd706b9d2b57af7643b9306c0a8e01daae63cc5cd38ff92c4070794e2b5430c9,0x2d95c9f376266f23b8b6ac0c1ebd0a0e3419de03,0,67657150,0,200,0xe5e702641ea86f4ae6cc3cdaed2b886f976be044,18,MIM,2258,52.91814039251523,0.9135593220338983,8,0.06180611468334489,0.024800708591674048,0.009549430271531129,1078,2258,52.91814039251523,True,train,True,2,60.0,25.0,True,-21.382089626705348,1,False,True,False,1.0,0.2570681892991803
0xfd706b9d2b57af7643b9306c0a8e01daae63cc5cd38ff92c4070794e2b5430c9,0x2d95c9f376266f23b8b6ac0c1ebd0a0e3419de03,0,67657150,0,200,0xe5e702641ea86f4ae6cc3cdaed2b886f976be044,18,MIM,2258,52.91814039251523,0.9135593220338983,8,0.06180611468334489,0.024800708591674048,0.009549430271531129,1078,2258,52.91814039251523,True,train,True,2,60.0,25.0,False,-21.382089626705348,1,False,True,False,1.0,0.2570681892991803
0xfd706b9d2b57af7643b9306c0a8e01daae63cc5cd38ff92c4070794e2b5430c9,0x2d95c9f376266f23b8b6ac0c1ebd0a0e3419de03,0,67657150,0,200,0xe5e702641ea86f4ae6cc3cdaed2b886f976be044,18,MIM,2258,52.91814039251523,0.9135593220338983,8,0.06180611468334489,0.024800708591674048,0.009549430271531129,1078,2258,52.91814039251523,True,train,True,2,60.0,35.0,True,-28.918528553131793,1,False,True,False,1.0,0.2570681892991803
0xfd706b9d2b57af7643b9306c0a8e01daae63cc5cd38ff92c4070794e2b5430c9,0x2d95c9f376266f23b8b6ac0c1ebd0a0e3419de03,0,67657150,0,200,0xe5e702641ea86f4ae6cc3cdaed2b886f976be044,18,MIM,2258,52.91814039251523,0.9135593220338983,8,0.06180611468334489,0.024800708591674048,0.009549430271531129,1078,2258,52.91814039251523,True,train,True,2,60.0,35.0,False,-28.918528553131793,1,False,True,False,1.0,0.2570681892991803
0xfd706b9d2b57af7643b9306c0a8e01daae63cc5cd38ff92c4070794e2b5430c9,0x2d95c9f376266f23b8b6ac0c1ebd0a0e3419de03,0,67657150,0,200,0xe5e702641ea86f4ae6cc3cdaed2b886f976be044,18,MIM,2258,52.91814039251523,0.9135593220338983,8,0.06180611468334489,0.024800708591674048,0.009549430271531129,1078,2258,52.91814039251523,True,train,True,4,25.0,15.0,True,-12.569097196160705,1,False,True,False,1.0,0.3969232654909352
0xfd706b9d2b57af7643b9306c0a8e01daae63cc5cd38ff92c4070794e2b5430c9,0x2d95c9f376266f23b8b6ac0c1ebd0a0e3419de03,0,67657150,0,200,0xe5e702641ea86f4ae6cc3cdaed2b886f976be044,18,MIM,2258,52.91814039251523,0.9135593220338983,8,0.06180611468334489,0.024800708591674048,0.009549430271531129,1078,2258,52.91814039251523,True,train,True,4,25.0,15.0,False,-12.569097196160705,1,False,True,False,1.0,0.3969232654909352
0xfd706b9d2b57af7643b9306c0a8e01daae63cc5cd38ff92c4070794e2b5430c9,0x2d95c9f376266f23b8b6ac0c1ebd0a0e3419de03,0,67657150,0,200,0xe5e702641ea86f4ae6cc3cdaed2b886f976be044,18,MIM,2258,52.91814039251523,0.9135593220338983,8,0.06180611468334489,0.024800708591674048,0.009549430271531129,1078,2258,52.91814039251523,True,train,True,4,25.0,25.0,True,-21.91838627133422,1,False,True,False,1.0,0.3969232654909352
0xfd706b9d2b57af7643b9306c0a8e01daae63cc5cd38ff92c4070794e2b5430c9,0x2d95c9f376266f23b8b6ac0c1ebd0a0e3419de03,0,67657150,0,200,0xe5e702641ea86f4ae6cc3cdaed2b886f976be044,18,MIM,2258,52.91814039251523,0.9135593220338983,8,0.06180611468334489,0.024800708591674048,0.009549430271531129,1078,2258,52.91814039251523,True,train,True,4,25.0,25.0,False,-21.91838627133422,1,False,True,False,1.0,0.3969232654909352
0xfd706b9d2b57af7643b9306c0a8e01daae63cc5cd38ff92c4070794e2b5430c9,0x2d95c9f376266f23b8b6ac0c1ebd0a0e3419de03,0,67657150,0,200,0xe5e702641ea86f4ae6cc3cdaed2b886f976be044,18,MIM,2258,52.91814039251523,0.9135593220338983,8,0.06180611468334489,0.024800708591674048,0.009549430271531129,1078,2258,52.91814039251523,True,train,True,4,25.0,35.0,True,-32.20608150514268,1,False,True,False,1.0,0.3969232654909352
0xfd706b9d2b57af7643b9306c0a8e01daae63cc5cd38ff92c4070794e2b5430c9,0x2d95c9f376266f23b8b6ac0c1ebd0a0e3419de03,0,67657150,0,200,0xe5e702641ea86f4ae6cc3cdaed2b886f976be044,18,MIM,2258,52.91814039251523,0.9135593220338983,8,0.06180611468334489,0.024800708591674048,0.009549430271531129,1078,2258,52.91814039251523,True,train,True,4,25.0,35.0,False,-32.20608150514268,1,False,True,False,1.0,0.3969232654909352
0xfd706b9d2b57af7643b9306c0a8e01daae63cc5cd38ff92c4070794e2b5430c9,0x2d95c9f376266f23b8b6ac0c1ebd0a0e3419de03,0,67657150,0,200,0xe5e702641ea86f4ae6cc3cdaed2b886f976be044,18,MIM,2258,52.91814039251523,0.9135593220338983,8,0.06180611468334489,0.024800708591674048,0.009549430271531129,1078,2258,52.91814039251523,True,train,True,4,40.0,15.0,True,-11.478983106649043,1,False,True,False,1.0,0.3969232654909352
0xfd706b9d2b57af7643b9306c0a8e01daae63cc5cd38ff92c4070794e2b5430c9,0x2d95c9f376266f23b8b6ac0c1ebd0a0e3419de03,0,67657150,0,200,0xe5e702641ea86f4ae6cc3cdaed2b886f976be044,18,MIM,2258,52.91814039251523,0.9135593220338983,8,0.06180611468334489,0.024800708591674048,0.009549430271531129,1078,2258,52.91814039251523,True,train,True,4,40.0,15.0,False,-11.478983106649043,1,False,True,False,1.0,0.3969232654909352
0xfd706b9d2b57af7643b9306c0a8e01daae63cc5cd38ff92c4070794e2b5430c9,0x2d95c9f376266f23b8b6ac0c1ebd0a0e3419de03,0,67657150,0,200,0xe5e702641ea86f4ae6cc3cdaed2b886f976be044,18,MIM,2258,52.91814039251523,0.9135593220338983,8,0.06180611468334489,0.024800708591674048,0.009549430271531129,1078,2258,52.91814039251523,True,train,True,4,40.0,25.0,True,-19.622450289676262,1,False,True,False,1.0,0.3969232654909352
0xfd706b9d2b57af7643b9306c0a8e01daae63cc5cd38ff92c4070794e2b5430c9,0x2d95c9f376266f23b8b6ac0c1ebd0a0e3419de03,0,67657150,0,200,0xe5e702641ea86f4ae6cc3cdaed2b886f976be044,18,MIM,2258,52.91814039251523,0.9135593220338983,8,0.06180611468334489,0.024800708591674048,0.009549430271531129,1078,2258,52.91814039251523,True,train,True,4,40.0,25.0,False,-19.622450289676262,1,False,True,False,1.0,0.3969232654909352
0xfd706b9d2b57af7643b9306c0a8e01daae63cc5cd38ff92c4070794e2b5430c9,0x2d95c9f376266f23b8b6ac0c1ebd0a0e3419de03,0,67657150,0,200,0xe5e702641ea86f4ae6cc3cdaed2b886f976be044,18,MIM,2258,52.91814039251523,0.9135593220338983,8,0.06180611468334489,0.024800708591674048,0.009549430271531129,1078,2258,52.91814039251523,True,train,True,4,40.0,35.0,True,-30.088965817291168,1,False,True,False,1.0,0.3969232654909352
0xfd706b9d2b57af7643b9306c0a8e01daae63cc5cd38ff92c4070794e2b5430c9,0x2d95c9f376266f23b8b6ac0c1ebd0a0e3419de03,0,67657150,0,200,0xe5e702641ea86f4ae6cc3cdaed2b886f976be044,18,MIM,2258,52.91814039251523,0.9135593220338983,8,0.06180611468334489,0.024800708591674048,0.009549430271531129,1078,2258,52.91814039251523,True,train,True,4,40.0,35.0,False,-30.088965817291168,1,False,True,False,1.0,0.3969232654909352
0xfd706b9d2b57af7643b9306c0a8e01daae63cc5cd38ff92c4070794e2b5430c9,0x2d95c9f376266f23b8b6ac0c1ebd0a0e3419de03,0,67657150,0,200,0xe5e702641ea86f4ae6cc3cdaed2b886f976be044,18,MIM,2258,52.91814039251523,0.9135593220338983,8,0.06180611468334489,0.024800708591674048,0.009549430271531129,1078,2258,52.91814039251523,True,train,True,4,60.0,15.0,True,-10.870221128192426,1,False,True,False,1.0,0.3969232654909352
0xfd706b9d2b57af7643b9306c0a8e01daae63cc5cd38ff92c4070794e2b5430c9,0x2d95c9f376266f23b8b6ac0c1ebd0a0e3419de03,0,67657150,0,200,0xe5e702641ea86f4ae6cc3cdaed2b886f976be044,18,MIM,2258,52.91814039251523,0.9135593220338983,8,0.06180611468334489,0.024800708591674048,0.009549430271531129,1078,2258,52.91814039251523,True,train,True,4,60.0,15.0,False,-10.870221128192426,1,False,True,False,1.0,0.3969232654909352
0xfd706b9d2b57af7643b9306c0a8e01daae63cc5cd38ff92c4070794e2b5430c9,0x2d95c9f376266f23b8b6ac0c1ebd0a0e3419de03,0,67657150,0,200,0xe5e702641ea86f4ae6cc3cdaed2b886f976be044,18,MIM,2258,52.91814039251523,0.9135593220338983,8,0.06180611468334489,0.024800708591674048,0.009549430271531129,1078,2258,52.91814039251523,True,train,True,4,60.0,25.0,True,-18.069140621681957,1,False,True,False,1.0,0.3969232654909352
0xfd706b9d2b57af7643b9306c0a8e01daae63cc5cd38ff92c4070794e2b5430c9,0x2d95c9f376266f23b8b6ac0c1ebd0a0e3419de03,0,67657150,0,200,0xe5e702641ea86f4ae6cc3cdaed2b886f976be044,18,MIM,2258,52.91814039251523,0.9135593220338983,8,0.06180611468334489,0.024800708591674048,0.009549430271531129,1078,2258,52.91814039251523,True,train,True,4,60.0,25.0,False,-18.069140621681957,1,False,True,False,1.0,0.3969232654909352
0xfd706b9d2b57af7643b9306c0a8e01daae63cc5cd38ff92c4070794e2b5430c9,0x2d95c9f376266f23b8b6ac0c1ebd0a0e3419de03,0,67657150,0,200,0xe5e702641ea86f4ae6cc3cdaed2b886f976be044,18,MIM,2258,52.91814039251523,0.9135593220338983,8,0.06180611468334489,0.024800708591674048,0.009549430271531129,1078,2258,52.91814039251523,True,train,True,4,60.0,35.0,True,-27.507207793977418,1,False,True,False,1.0,0.3969232654909352
0xfd706b9d2b57af7643b9306c0a8e01daae63cc5cd38ff92c4070794e2b5430c9,0x2d95c9f376266f23b8b6ac0c1ebd0a0e3419de03,0,67657150,0,200,0xe5e702641ea86f4ae6cc3cdaed2b886f976be044,18,MIM,2258,52.91814039251523,0.9135593220338983,8,0.06180611468334489,0.024800708591674048,0.009549430271531129,1078,2258,52.91814039251523,True,train,True,4,60.0,35.0,False,-27.507207793977418,1,False,True,False,1.0,0.3969232654909352
0xfd706b9d2b57af7643b9306c0a8e01daae63cc5cd38ff92c4070794e2b5430c9,0x2d95c9f376266f23b8b6ac0c1ebd0a0e3419de03,0,67657150,0,200,0xe5e702641ea86f4ae6cc3cdaed2b886f976be044,18,MIM,2258,52.91814039251523,0.9135593220338983,8,0.06180611468334489,0.024800708591674048,0.009549430271531129,1078,2258,52.91814039251523,True,train,True,6,25.0,15.0,True,-17.070054564034244,1,False,True,False,1.0742397661144196,0.47897301550002475
0xfd706b9d2b57af7643b9306c0a8e01daae63cc5cd38ff92c4070794e2b5430c9,0x2d95c9f376266f23b8b6ac0c1ebd0a0e3419de03,0,67657150,0,200,0xe5e702641ea86f4ae6cc3cdaed2b886f976be044,18,MIM,2258,52.91814039251523,0.9135593220338983,8,0.06180611468334489,0.024800708591674048,0.009549430271531129,1078,2258,52.91814039251523,True,train,True,6,25.0,15.0,False,-17.070054564034244,1,False,True,False,1.0742397661144196,0.47897301550002475
0xfd706b9d2b57af7643b9306c0a8e01daae63cc5cd38ff92c4070794e2b5430c9,0x2d95c9f376266f23b8b6ac0c1ebd0a0e3419de03,0,67657150,0,200,0xe5e702641ea86f4ae6cc3cdaed2b886f976be044,18,MIM,2258,52.91814039251523,0.9135593220338983,8,0.06180611468334489,0.024800708591674048,0.009549430271531129,1078,2258,52.91814039251523,True,train,True,6,25.0,25.0,True,-37.35838957333011,2,False,True,False,1.3753721112052497,0.47897301550002475
0xfd706b9d2b57af7643b9306c0a8e01daae63cc5cd38ff92c4070794e2b5430c9,0x2d95c9f376266f23b8b6ac0c1ebd0a0e3419de03,0,67657150,0,200,0xe5e702641ea86f4ae6cc3cdaed2b886f976be044,18,MIM,2258,52.91814039251523,0.9135593220338983,8,0.06180611468334489,0.024800708591674048,0.009549430271531129,1078,2258,52.91814039251523,True,train,True,6,25.0,25.0,False,-37.35838957333011,2,False,True,False,1.3753721112052497,0.47897301550002475
0xfd706b9d2b57af7643b9306c0a8e01daae63cc5cd38ff92c4070794e2b5430c9,0x2d95c9f376266f23b8b6ac0c1ebd0a0e3419de03,0,67657150,0,200,0xe5e702641ea86f4ae6cc3cdaed2b886f976be044,18,MIM,2258,52.91814039251523,0.9135593220338983,8,0.06180611468334489,0.024800708591674048,0.009549430271531129,1078,2258,52.91814039251523,True,train,True,6,25.0,35.0,True,-46.100570502110514,2,False,True,False,1.3753721112052497,0.47897301550002475
0xfd706b9d2b57af7643b9306c0a8e01daae63cc5cd38ff92c4070794e2b5430c9,0x2d95c9f376266f23b8b6ac0c1ebd0a0e3419de03,0,67657150,0,200,0xe5e702641ea86f4ae6cc3cdaed2b886f976be044,18,MIM,2258,52.91814039251523,0.9135593220338983,8,0.06180611468334489,0.024800708591674048,0.009549430271531129,1078,2258,52.91814039251523,True,train,True,6,25.0,35.0,False,-46.100570502110514,2,False,True,False,1.3753721112052497,0.47897301550002475
0xfd706b9d2b57af7643b9306c0a8e01daae63cc5cd38ff92c4070794e2b5430c9,0x2d95c9f376266f23b8b6ac0c1ebd0a0e3419de03,0,67657150,0,200,0xe5e702641ea86f4ae6cc3cdaed2b886f976be044,18,MIM,2258,52.91814039251523,0.9135593220338983,8,0.06180611468334489,0.024800708591674048,0.009549430271531129,1078,2258,52.91814039251523,True,train,True,6,40.0,15.0,True,-15.263752849938273,1,False,True,False,1.0742397661144196,0.47897301550002475
0xfd706b9d2b57af7643b9306c0a8e01daae63cc5cd38ff92c4070794e2b5430c9,0x2d95c9f376266f23b8b6ac0c1ebd0a0e3419de03,0,67657150,0,200,0xe5e702641ea86f4ae6cc3cdaed2b886f976be044,18,MIM,2258,52.91814039251523,0.9135593220338983,8,0.06180611468334489,0.024800708591674048,0.009549430271531129,1078,2258,52.91814039251523,True,train,True,6,40.0,15.0,False,-15.263752849938273,1,False,True,False,1.0742397661144196,0.47897301550002475
0xfd706b9d2b57af7643b9306c0a8e01daae63cc5cd38ff92c4070794e2b5430c9,0x2d95c9f376266f23b8b6ac0c1ebd0a0e3419de03,0,67657150,0,200,0xe5e702641ea86f4ae6cc3cdaed2b886f976be044,18,MIM,2258,52.91814039251523,0.9135593220338983,8,0.06180611468334489,0.024800708591674048,0.009549430271531129,1078,2258,52.91814039251523,True,train,True,6,40.0,25.0,True,-20.256005290562506,1,False,True,False,1.3753721112052497,0.47897301550002475
0xfd706b9d2b57af7643b9306c0a8e01daae63cc5cd38ff92c4070794e2b5430c9,0x2d95c9f376266f23b8b6ac0c1ebd0a0e3419de03,0,67657150,0,200,0xe5e702641ea86f4ae6cc3cdaed2b886f976be044,18,MIM,2258,52.91814039251523,0.9135593220338983,8,0.06180611468334489,0.024800708591674048,0.009549430271531129,1078,2258,52.91814039251523,True,train,True,6,40.0,25.0,False,-20.256005290562506,1,False,True,False,1.3753721112052497,0.47897301550002475
0xfd706b9d2b57af7643b9306c0a8e01daae63cc5cd38ff92c4070794e2b5430c9,0x2d95c9f376266f23b8b6ac0c1ebd0a0e3419de03,0,67657150,0,200,0xe5e702641ea86f4ae6cc3cdaed2b886f976be044,18,MIM,2258,52.91814039251523,0.9135593220338983,8,0.06180611468334489,0.024800708591674048,0.009549430271531129,1078,2258,52.91814039251523,True,train,True,6,40.0,35.0,True,-31.269583237478372,1,False,True,False,1.3753721112052497,0.47897301550002475
0xfd706b9d2b57af7643b9306c0a8e01daae63cc5cd38ff92c4070794e2b5430c9,0x2d95c9f376266f23b8b6ac0c1ebd0a0e3419de03,0,67657150,0,200,0xe5e702641ea86f4ae6cc3cdaed2b886f976be044,18,MIM,2258,52.91814039251523,0.9135593220338983,8,0.06180611468334489,0.024800708591674048,0.009549430271531129,1078,2258,52.91814039251523,True,train,True,6,40.0,35.0,False,-31.269583237478372,1,False,True,False,1.3753721112052497,0.47897301550002475
0xfd706b9d2b57af7643b9306c0a8e01daae63cc5cd38ff92c4070794e2b5430c9,0x2d95c9f376266f23b8b6ac0c1ebd0a0e3419de03,0,67657150,0,200,0xe5e702641ea86f4ae6cc3cdaed2b886f976be044,18,MIM,2258,52.91814039251523,0.9135593220338983,8,0.06180611468334489,0.024800708591674048,0.009549430271531129,1078,2258,52.91814039251523,True,train,True,6,60.0,15.0,True,-14.24985908484504,1,False,True,False,1.0742397661144196,0.47897301550002475
0xfd706b9d2b57af7643b9306c0a8e01daae63cc5cd38ff92c4070794e2b5430c9,0x2d95c9f376266f23b8b6ac0c1ebd0a0e3419de03,0,67657150,0,200,0xe5e702641ea86f4ae6cc3cdaed2b886f976be044,18,MIM,2258,52.91814039251523,0.9135593220338983,8,0.06180611468334489,0.024800708591674048,0.009549430271531129,1078,2258,52.91814039251523,True,train,True,6,60.0,15.0,False,-14.24985908484504,1,False,True,False,1.0742397661144196,0.47897301550002475
0xfd706b9d2b57af7643b9306c0a8e01daae63cc5cd38ff92c4070794e2b5430c9,0x2d95c9f376266f23b8b6ac0c1ebd0a0e3419de03,0,67657150,0,200,0xe5e702641ea86f4ae6cc3cdaed2b886f976be044,18,MIM,2258,52.91814039251523,0.9135593220338983,8,0.06180611468334489,0.024800708591674048,0.009549430271531129,1078,2258,52.91814039251523,True,train,True,6,60.0,25.0,True,-18.618873481097474,1,False,True,False,1.3753721112052497,0.47897301550002475
0xfd706b9d2b57af7643b9306c0a8e01daae63cc5cd38ff92c4070794e2b5430c9,0x2d95c9f376266f23b8b6ac0c1ebd0a0e3419de03,0,67657150,0,200,0xe5e702641ea86f4ae6cc3cdaed2b886f976be044,18,MIM,2258,52.91814039251523,0.9135593220338983,8,0.06180611468334489,0.024800708591674048,0.009549430271531129,1078,2258,52.91814039251523,True,train,True,6,60.0,25.0,False,-18.618873481097474,1,False,True,False,1.3753721112052497,0.47897301550002475
0xfd706b9d2b57af7643b9306c0a8e01daae63cc5cd38ff92c4070794e2b5430c9,0x2d95c9f376266f23b8b6ac0c1ebd0a0e3419de03,0,67657150,0,200,0xe5e702641ea86f4ae6cc3cdaed2b886f976be044,18,MIM,2258,52.91814039251523,0.9135593220338983,8,0.06180611468334489,0.024800708591674048,0.009549430271531129,1078,2258,52.91814039251523,True,train,True,6,60.0,35.0,True,-28.68300632946702,1,False,True,False,1.3753721112052497,0.47897301550002475
0xfd706b9d2b57af7643b9306c0a8e01daae63cc5cd38ff92c4070794e2b5430c9,0x2d95c9f376266f23b8b6ac0c1ebd0a0e3419de03,0,67657150,0,200,0xe5e702641ea86f4ae6cc3cdaed2b886f976be044,18,MIM,2258,52.91814039251523,0.9135593220338983,8,0.06180611468334489,0.024800708591674048,0.009549430271531129,1078,2258,52.91814039251523,True,train,True,6,60.0,35.0,False,-28.68300632946702,1,False,True,False,1.3753721112052497,0.47897301550002475
0xfd706b9d2b57af7643b9306c0a8e01daae63cc5cd38ff92c4070794e2b5430c9,0x2d95c9f376266f23b8b6ac0c1ebd0a0e3419de03,0,67657150,0,200,0xe5e702641ea86f4ae6cc3cdaed2b886f976be044,18,MIM,2258,52.91814039251523,0.9135593220338983,8,0.06180611468334489,0.024800708591674048,0.009549430271531129,1078,2258,52.91814039251523,True,train,True,12,25.0,15.0,True,-26.79945338560763,2,False,True,False,1.735426410430562,0.6043618408504029
0xfd706b9d2b57af7643b9306c0a8e01daae63cc5cd38ff92c4070794e2b5430c9,0x2d95c9f376266f23b8b6ac0c1ebd0a0e3419de03,0,67657150,0,200,0xe5e702641ea86f4ae6cc3cdaed2b886f976be044,18,MIM,2258,52.91814039251523,0.9135593220338983,8,0.06180611468334489,0.024800708591674048,0.009549430271531129,1078,2258,52.91814039251523,True,train,True,12,25.0,15.0,False,-26.79945338560763,2,False,True,False,1.735426410430562,0.6043618408504029
0xfd706b9d2b57af7643b9306c0a8e01daae63cc5cd38ff92c4070794e2b5430c9,0x2d95c9f376266f23b8b6ac0c1ebd0a0e3419de03,0,67657150,0,200,0xe5e702641ea86f4ae6cc3cdaed2b886f976be044,18,MIM,2258,52.91814039251523,0.9135593220338983,8,0.06180611468334489,0.024800708591674048,0.009549430271531129,1078,2258,52.91814039251523,True,train,True,12,25.0,25.0,True,-37.996166776513085,2,False,True,False,1.735426410430562,0.6043618408504029
0xfd706b9d2b57af7643b9306c0a8e01daae63cc5cd38ff92c4070794e2b5430c9,0x2d95c9f376266f23b8b6ac0c1ebd0a0e3419de03,0,67657150,0,200,0xe5e702641ea86f4ae6cc3cdaed2b886f976be044,18,MIM,2258,52.91814039251523,0.9135593220338983,8,0.06180611468334489,0.024800708591674048,0.009549430271531129,1078,2258,52.91814039251523,True,train,True,12,25.0,25.0,False,-37.996166776513085,2,False,True,False,1.735426410430562,0.6043618408504029
0xfd706b9d2b57af7643b9306c0a8e01daae63cc5cd38ff92c4070794e2b5430c9,0x2d95c9f376266f23b8b6ac0c1ebd0a0e3419de03,0,67657150,0,200,0xe5e702641ea86f4ae6cc3cdaed2b886f976be044,18,MIM,2258,52.91814039251523,0.9135593220338983,8,0.06180611468334489,0.024800708591674048,0.009549430271531129,1078,2258,52.91814039251523,True,train,True,12,25.0,35.0,True,-43.82107452521049,2,False,True,False,1.735426410430562,0.6043618408504029
0xfd706b9d2b57af7643b9306c0a8e01daae63cc5cd38ff92c4070794e2b5430c9,0x2d95c9f376266f23b8b6ac0c1ebd0a0e3419de03,0,67657150,0,200,0xe5e702641ea86f4ae6cc3cdaed2b886f976be044,18,MIM,2258,52.91814039251523,0.9135593220338983,8,0.06180611468334489,0.024800708591674048,0.009549430271531129,1078,2258,52.91814039251523,True,train,True,12,25.0,35.0,False,-43.82107452521049,2,False,True,False,1.735426410430562,0.6043618408504029
0xfd706b9d2b57af7643b9306c0a8e01daae63cc5cd38ff92c4070794e2b5430c9,0x2d95c9f376266f23b8b6ac0c1ebd0a0e3419de03,0,67657150,0,200,0xe5e702641ea86f4ae6cc3cdaed2b886f976be044,18,MIM,2258,52.91814039251523,0.9135593220338983,8,0.06180611468334489,0.024800708591674048,0.009549430271531129,1078,2258,52.91814039251523,True,train,True,12,40.0,15.0,True,-31.88610312935378,2,False,True,False,1.735426410430562,0.6043618408504029
0xfd706b9d2b57af7643b9306c0a8e01daae63cc5cd38ff92c4070794e2b5430c9,0x2d95c9f376266f23b8b6ac0c1ebd0a0e3419de03,0,67657150,0,200,0xe5e702641ea86f4ae6cc3cdaed2b886f976be044,18,MIM,2258,52.91814039251523,0.9135593220338983,8,0.06180611468334489,0.024800708591674048,0.009549430271531129,1078,2258,52.91814039251523,True,train,True,12,40.0,15.0,False,-31.88610312935378,2,False,True,False,1.735426410430562,0.6043618408504029
0xfd706b9d2b57af7643b9306c0a8e01daae63cc5cd38ff92c4070794e2b5430c9,0x2d95c9f376266f23b8b6ac0c1ebd0a0e3419de03,0,67657150,0,200,0xe5e702641ea86f4ae6cc3cdaed2b886f976be044,18,MIM,2258,52.91814039251523,0.9135593220338983,8,0.06180611468334489,0.024800708591674048,0.009549430271531129,1078,2258,52.91814039251523,True,train,True,12,40.0,25.0,True,-42.31525129467367,2,False,True,False,1.735426410430562,0.6043618408504029
0xfd706b9d2b57af7643b9306c0a8e01daae63cc5cd38ff92c4070794e2b5430c9,0x2d95c9f376266f23b8b6ac0c1ebd0a0e3419de03,0,67657150,0,200,0xe5e702641ea86f4ae6cc3cdaed2b886f976be044,18,MIM,2258,52.91814039251523,0.9135593220338983,8,0.06180611468334489,0.024800708591674048,0.009549430271531129,1078,2258,52.91814039251523,True,train,True,12,40.0,25.0,False,-42.31525129467367,2,False,True,False,1.735426410430562,0.6043618408504029
0xfd706b9d2b57af7643b9306c0a8e01daae63cc5cd38ff92c4070794e2b5430c9,0x2d95c9f376266f23b8b6ac0c1ebd0a0e3419de03,0,67657150,0,200,0xe5e702641ea86f4ae6cc3cdaed2b886f976be044,18,MIM,2258,52.91814039251523,0.9135593220338983,8,0.06180611468334489,0.024800708591674048,0.009549430271531129,1078,2258,52.91814039251523,True,train,True,12,40.0,35.0,True,-47.74084573829216,2,False,True,False,1.735426410430562,0.6043618408504029
0xfd706b9d2b57af7643b9306c0a8e01daae63cc5cd38ff92c4070794e2b5430c9,0x2d95c9f376266f23b8b6ac0c1ebd0a0e3419de03,0,67657150,0,200,0xe5e702641ea86f4ae6cc3cdaed2b886f976be044,18,MIM,2258,52.91814039251523,0.9135593220338983,8,0.06180611468334489,0.024800708591674048,0.009549430271531129,1078,2258,52.91814039251523,True,train,True,12,40.0,35.0,False,-47.74084573829216,2,False,True,False,1.735426410430562,0.6043618408504029
0xfd706b9d2b57af7643b9306c0a8e01daae63cc5cd38ff92c4070794e2b5430c9,0x2d95c9f376266f23b8b6ac0c1ebd0a0e3419de03,0,67657150,0,200,0xe5e702641ea86f4ae6cc3cdaed2b886f976be044,18,MIM,2258,52.91814039251523,0.9135593220338983,8,0.06180611468334489,0.024800708591674048,0.009549430271531129,1078,2258,52.91814039251523,True,train,True,12,60.0,15.0,True,-35.59687687771515,2,False,True,False,1.735426410430562,0.6043618408504029
0xfd706b9d2b57af7643b9306c0a8e01daae63cc5cd38ff92c4070794e2b5430c9,0x2d95c9f376266f23b8b6ac0c1ebd0a0e3419de03,0,67657150,0,200,0xe5e702641ea86f4ae6cc3cdaed2b886f976be044,18,MIM,2258,52.91814039251523,0.9135593220338983,8,0.06180611468334489,0.024800708591674048,0.009549430271531129,1078,2258,52.91814039251523,True,train,True,12,60.0,15.0,False,-35.59687687771515,2,False,True,False,1.735426410430562,0.6043618408504029
0xfd706b9d2b57af7643b9306c0a8e01daae63cc5cd38ff92c4070794e2b5430c9,0x2d95c9f376266f23b8b6ac0c1ebd0a0e3419de03,0,67657150,0,200,0xe5e702641ea86f4ae6cc3cdaed2b886f976be044,18,MIM,2258,52.91814039251523,0.9135593220338983,8,0.06180611468334489,0.024800708591674048,0.009549430271531129,1078,2258,52.91814039251523,True,train,True,12,60.0,25.0,True,-45.466076740567416,2,False,True,False,1.735426410430562,0.6043618408504029
0xfd706b9d2b57af7643b9306c0a8e01daae63cc5cd38ff92c4070794e2b5430c9,0x2d95c9f376266f23b8b6ac0c1ebd0a0e3419de03,0,67657150,0,200,0xe5e702641ea86f4ae6cc3cdaed2b886f976be044,18,MIM,2258,52.91814039251523,0.9135593220338983,8,0.06180611468334489,0.024800708591674048,0.009549430271531129,1078,2258,52.91814039251523,True,train,True,12,60.0,25.0,False,-45.466076740567416,2,False,True,False,1.735426410430562,0.6043618408504029
0xfd706b9d2b57af7643b9306c0a8e01daae63cc5cd38ff92c4070794e2b5430c9,0x2d95c9f376266f23b8b6ac0c1ebd0a0e3419de03,0,67657150,0,200,0xe5e702641ea86f4ae6cc3cdaed2b886f976be044,18,MIM,2258,52.91814039251523,0.9135593220338983,8,0.06180611468334489,0.024800708591674048,0.009549430271531129,1078,2258,52.91814039251523,True,train,True,12,60.0,35.0,True,-50.60036720130796,2,False,True,False,1.735426410430562,0.6043618408504029
0xfd706b9d2b57af7643b9306c0a8e01daae63cc5cd38ff92c4070794e2b5430c9,0x2d95c9f376266f23b8b6ac0c1ebd0a0e3419de03,0,67657150,0,200,0xe5e702641ea86f4ae6cc3cdaed2b886f976be044,18,MIM,2258,52.91814039251523,0.9135593220338983,8,0.06180611468334489,0.024800708591674048,0.009549430271531129,1078,2258,52.91814039251523,True,train,True,12,60.0,35.0,False,-50.60036720130796,2,False,True,False,1.735426410430562,0.6043618408504029
0x71ed1f9098ec6201225c5e09aec712260216cd74a4c92193332cebaac031dca3,0x541aed1f28ebba7ce37fc1780fbaa3ce0feeb2ba,0,67670965,0,200,0xe5e702641ea86f4ae6cc3cdaed2b886f976be044,18,REB0RN,2596,56.18933776836962,0.8797972483707458,8,0.05705499798993278,0.053929121725731895,0.0085,1215,2596,56.18933776836962,True,train,False,2,25.0,15.0,True,,0,False,False,False,,
0x71ed1f9098ec6201225c5e09aec712260216cd74a4c92193332cebaac031dca3,0x541aed1f28ebba7ce37fc1780fbaa3ce0feeb2ba,0,67670965,0,200,0xe5e702641ea86f4ae6cc3cdaed2b886f976be044,18,REB0RN,2596,56.18933776836962,0.8797972483707458,8,0.05705499798993278,0.053929121725731895,0.0085,1215,2596,56.18933776836962,True,train,False,2,25.0,15.0,False,,0,False,False,False,,
0x71ed1f9098ec6201225c5e09aec712260216cd74a4c92193332cebaac031dca3,0x541aed1f28ebba7ce37fc1780fbaa3ce0feeb2ba,0,67670965,0,200,0xe5e702641ea86f4ae6cc3cdaed2b886f976be044,18,REB0RN,2596,56.18933776836962,0.8797972483707458,8,0.05705499798993278,0.053929121725731895,0.0085,1215,2596,56.18933776836962,True,train,False,2,25.0,25.0,True,,0,False,False,False,,
0x71ed1f9098ec6201225c5e09aec712260216cd74a4c92193332cebaac031dca3,0x541aed1f28ebba7ce37fc1780fbaa3ce0feeb2ba,0,67670965,0,200,0xe5e702641ea86f4ae6cc3cdaed2b886f976be044,18,REB0RN,2596,56.18933776836962,0.8797972483707458,8,0.05705499798993278,0.053929121725731895,0.0085,1215,2596,56.18933776836962,True,train,False,2,25.0,25.0,False,,0,False,False,False,,
0x71ed1f9098ec6201225c5e09aec712260216cd74a4c92193332cebaac031dca3,0x541aed1f28ebba7ce37fc1780fbaa3ce0feeb2ba,0,67670965,0,200,0xe5e702641ea86f4ae6cc3cdaed2b886f976be044,18,REB0RN,2596,56.18933776836962,0.8797972483707458,8,0.05705499798993278,0.053929121725731895,0.0085,1215,2596,56.18933776836962,True,train,False,2,25.0,35.0,True,,0,False,False,False,,
0x71ed1f9098ec6201225c5e09aec712260216cd74a4c92193332cebaac031dca3,0x541aed1f28ebba7ce37fc1780fbaa3ce0feeb2ba,0,67670965,0,200,0xe5e702641ea86f4ae6cc3cdaed2b886f976be044,18,REB0RN,2596,56.18933776836962,0.8797972483707458,8,0.05705499798993278,0.053929121725731895,0.0085,1215,2596,56.18933776836962,True,train,False,2,25.0,35.0,False,,0,False,False,False,,
0x71ed1f9098ec6201225c5e09aec712260216cd74a4c92193332cebaac031dca3,0x541aed1f28ebba7ce37fc1780fbaa3ce0feeb2ba,0,67670965,0,200,0xe5e702641ea86f4ae6cc3cdaed2b886f976be044,18,REB0RN,2596,56.18933776836962,0.8797972483707458,8,0.05705499798993278,0.053929121725731895,0.0085,1215,2596,56.18933776836962,True,train,False,2,40.0,15.0,True,,0,False,False,False,,
0x71ed1f9098ec6201225c5e09aec712260216cd74a4c92193332cebaac031dca3,0x541aed1f28ebba7ce37fc1780fbaa3ce0feeb2ba,0,67670965,0,200,0xe5e702641ea86f4ae6cc3cdaed2b886f976be044,18,REB0RN,2596,56.18933776836962,0.8797972483707458,8,0.05705499798993278,0.053929121725731895,0.0085,1215,2596,56.18933776836962,True,train,False,2,40.0,15.0,False,,0,False,False,False,,
0x71ed1f9098ec6201225c5e09aec712260216cd74a4c92193332cebaac031dca3,0x541aed1f28ebba7ce37fc1780fbaa3ce0feeb2ba,0,67670965,0,200,0xe5e702641ea86f4ae6cc3cdaed2b886f976be044,18,REB0RN,2596,56.18933776836962,0.8797972483707458,8,0.05705499798993278,0.053929121725731895,0.0085,1215,2596,56.18933776836962,True,train,False,2,40.0,25.0,True,,0,False,False,False,,
0x71ed1f9098ec6201225c5e09aec712260216cd74a4c92193332cebaac031dca3,0x541aed1f28ebba7ce37fc1780fbaa3ce0feeb2ba,0,67670965,0,200,0xe5e702641ea86f4ae6cc3cdaed2b886f976be044,18,REB0RN,2596,56.18933776836962,0.8797972483707458,8,0.05705499798993278,0.053929121725731895,0.0085,1215,2596,56.18933776836962,True,train,False,2,40.0,25.0,False,,0,False,False,False,,
0x71ed1f9098ec6201225c5e09aec712260216cd74a4c92193332cebaac031dca3,0x541aed1f28ebba7ce37fc1780fbaa3ce0feeb2ba,0,67670965,0,200,0xe5e702641ea86f4ae6cc3cdaed2b886f976be044,18,REB0RN,2596,56.18933776836962,0.8797972483707458,8,0.05705499798993278,0.053929121725731895,0.0085,1215,2596,56.18933776836962,True,train,False,2,40.0,35.0,True,,0,False,False,False,,
0x71ed1f9098ec6201225c5e09aec712260216cd74a4c92193332cebaac031dca3,0x541aed1f28ebba7ce37fc1780fbaa3ce0feeb2ba,0,67670965,0,200,0xe5e702641ea86f4ae6cc3cdaed2b886f976be044,18,REB0RN,2596,56.18933776836962,0.8797972483707458,8,0.05705499798993278,0.053929121725731895,0.0085,1215,2596,56.18933776836962,True,train,False,2,40.0,35.0,False,,0,False,False,False,,
0x71ed1f9098ec6201225c5e09aec712260216cd74a4c92193332cebaac031dca3,0x541aed1f28ebba7ce37fc1780fbaa3ce0feeb2ba,0,67670965,0,200,0xe5e702641ea86f4ae6cc3cdaed2b886f976be044,18,REB0RN,2596,56.18933776836962,0.8797972483707458,8,0.05705499798993278,0.053929121725731895,0.0085,1215,2596,56.18933776836962,True,train,False,2,60.0,15.0,True,,0,False,False,False,,
0x71ed1f9098ec6201225c5e09aec712260216cd74a4c92193332cebaac031dca3,0x541aed1f28ebba7ce37fc1780fbaa3ce0feeb2ba,0,67670965,0,200,0xe5e702641ea86f4ae6cc3cdaed2b886f976be044,18,REB0RN,2596,56.18933776836962,0.8797972483707458,8,0.05705499798993278,0.053929121725731895,0.0085,1215,2596,56.18933776836962,True,train,False,2,60.0,15.0,False,,0,False,False,False,,
0x71ed1f9098ec6201225c5e09aec712260216cd74a4c92193332cebaac031dca3,0x541aed1f28ebba7ce37fc1780fbaa3ce0feeb2ba,0,67670965,0,200,0xe5e702641ea86f4ae6cc3cdaed2b886f976be044,18,REB0RN,2596,56.18933776836962,0.8797972483707458,8,0.05705499798993278,0.053929121725731895,0.0085,1215,2596,56.18933776836962,True,train,False,2,60.0,25.0,True,,0,False,False,False,,
0x71ed1f9098ec6201225c5e09aec712260216cd74a4c92193332cebaac031dca3,0x541aed1f28ebba7ce37fc1780fbaa3ce0feeb2ba,0,67670965,0,200,0xe5e702641ea86f4ae6cc3cdaed2b886f976be044,18,REB0RN,2596,56.18933776836962,0.8797972483707458,8,0.05705499798993278,0.053929121725731895,0.0085,1215,2596,56.18933776836962,True,train,False,2,60.0,25.0,False,,0,False,False,False,,
0x71ed1f9098ec6201225c5e09aec712260216cd74a4c92193332cebaac031dca3,0x541aed1f28ebba7ce37fc1780fbaa3ce0feeb2ba,0,67670965,0,200,0xe5e702641ea86f4ae6cc3cdaed2b886f976be044,18,REB0RN,2596,56.18933776836962,0.8797972483707458,8,0.05705499798993278,0.053929121725731895,0.0085,1215,2596,56.18933776836962,True,train,False,2,60.0,35.0,True,,0,False,False,False,,
0x71ed1f9098ec6201225c5e09aec712260216cd74a4c92193332cebaac031dca3,0x541aed1f28ebba7ce37fc1780fbaa3ce0feeb2ba,0,67670965,0,200,0xe5e702641ea86f4ae6cc3cdaed2b886f976be044,18,REB0RN,2596,56.18933776836962,0.8797972483707458,8,0.05705499798993278,0.053929121725731895,0.0085,1215,2596,56.18933776836962,True,train,False,2,60.0,35.0,False,,0,False,False,False,,
0x71ed1f9098ec6201225c5e09aec712260216cd74a4c92193332cebaac031dca3,0x541aed1f28ebba7ce37fc1780fbaa3ce0feeb2ba,0,67670965,0,200,0xe5e702641ea86f4ae6cc3cdaed2b886f976be044,18,REB0RN,2596,56.18933776836962,0.8797972483707458,8,0.05705499798993278,0.053929121725731895,0.0085,1215,2596,56.18933776836962,True,train,False,4,25.0,15.0,True,,0,False,False,False,,
0x71ed1f9098ec6201225c5e09aec712260216cd74a4c92193332cebaac031dca3,0x541aed1f28ebba7ce37fc1780fbaa3ce0feeb2ba,0,67670965,0,200,0xe5e702641ea86f4ae6cc3cdaed2b886f976be044,18,REB0RN,2596,56.18933776836962,0.8797972483707458,8,0.05705499798993278,0.053929121725731895,0.0085,1215,2596,56.18933776836962,True,train,False,4,25.0,15.0,False,,0,False,False,False,,
0x71ed1f9098ec6201225c5e09aec712260216cd74a4c92193332cebaac031dca3,0x541aed1f28ebba7ce37fc1780fbaa3ce0feeb2ba,0,67670965,0,200,0xe5e702641ea86f4ae6cc3cdaed2b886f976be044,18,REB0RN,2596,56.18933776836962,0.8797972483707458,8,0.05705499798993278,0.053929121725731895,0.0085,1215,2596,56.18933776836962,True,train,False,4,25.0,25.0,True,,0,False,False,False,,
0x71ed1f9098ec6201225c5e09aec712260216cd74a4c92193332cebaac031dca3,0x541aed1f28ebba7ce37fc1780fbaa3ce0feeb2ba,0,67670965,0,200,0xe5e702641ea86f4ae6cc3cdaed2b886f976be044,18,REB0RN,2596,56.18933776836962,0.8797972483707458,8,0.05705499798993278,0.053929121725731895,0.0085,1215,2596,56.18933776836962,True,train,False,4,25.0,25.0,False,,0,False,False,False,,
0x71ed1f9098ec6201225c5e09aec712260216cd74a4c92193332cebaac031dca3,0x541aed1f28ebba7ce37fc1780fbaa3ce0feeb2ba,0,67670965,0,200,0xe5e702641ea86f4ae6cc3cdaed2b886f976be044,18,REB0RN,2596,56.18933776836962,0.8797972483707458,8,0.05705499798993278,0.053929121725731895,0.0085,1215,2596,56.18933776836962,True,train,False,4,25.0,35.0,True,,0,False,False,False,,
0x71ed1f9098ec6201225c5e09aec712260216cd74a4c92193332cebaac031dca3,0x541aed1f28ebba7ce37fc1780fbaa3ce0feeb2ba,0,67670965,0,200,0xe5e702641ea86f4ae6cc3cdaed2b886f976be044,18,REB0RN,2596,56.18933776836962,0.8797972483707458,8,0.05705499798993278,0.053929121725731895,0.0085,1215,2596,56.18933776836962,True,train,False,4,25.0,35.0,False,,0,False,False,False,,
0x71ed1f9098ec6201225c5e09aec712260216cd74a4c92193332cebaac031dca3,0x541aed1f28ebba7ce37fc1780fbaa3ce0feeb2ba,0,67670965,0,200,0xe5e702641ea86f4ae6cc3cdaed2b886f976be044,18,REB0RN,2596,56.18933776836962,0.8797972483707458,8,0.05705499798993278,0.053929121725731895,0.0085,1215,2596,56.18933776836962,True,train,False,4,40.0,15.0,True,,0,False,False,False,,
0x71ed1f9098ec6201225c5e09aec712260216cd74a4c92193332cebaac031dca3,0x541aed1f28ebba7ce37fc1780fbaa3ce0feeb2ba,0,67670965,0,200,0xe5e702641ea86f4ae6cc3cdaed2b886f976be044,18,REB0RN,2596,56.18933776836962,0.8797972483707458,8,0.05705499798993278,0.053929121725731895,0.0085,1215,2596,56.18933776836962,True,train,False,4,40.0,15.0,False,,0,False,False,False,,
0x71ed1f9098ec6201225c5e09aec712260216cd74a4c92193332cebaac031dca3,0x541aed1f28ebba7ce37fc1780fbaa3ce0feeb2ba,0,67670965,0,200,0xe5e702641ea86f4ae6cc3cdaed2b886f976be044,18,REB0RN,2596,56.18933776836962,0.8797972483707458,8,0.05705499798993278,0.053929121725731895,0.0085,1215,2596,56.18933776836962,True,train,False,4,40.0,25.0,True,,0,False,False,False,,
0x71ed1f9098ec6201225c5e09aec712260216cd74a4c92193332cebaac031dca3,0x541aed1f28ebba7ce37fc1780fbaa3ce0feeb2ba,0,67670965,0,200,0xe5e702641ea86f4ae6cc3cdaed2b886f976be044,18,REB0RN,2596,56.18933776836962,0.8797972483707458,8,0.05705499798993278,0.053929121725731895,0.0085,1215,2596,56.18933776836962,True,train,False,4,40.0,25.0,False,,0,False,False,False,,
0x71ed1f9098ec6201225c5e09aec712260216cd74a4c92193332cebaac031dca3,0x541aed1f28ebba7ce37fc1780fbaa3ce0feeb2ba,0,67670965,0,200,0xe5e702641ea86f4ae6cc3cdaed2b886f976be044,18,REB0RN,2596,56.18933776836962,0.8797972483707458,8,0.05705499798993278,0.053929121725731895,0.0085,1215,2596,56.18933776836962,True,train,False,4,40.0,35.0,True,,0,False,False,False,,
0x71ed1f9098ec6201225c5e09aec712260216cd74a4c92193332cebaac031dca3,0x541aed1f28ebba7ce37fc1780fbaa3ce0feeb2ba,0,67670965,0,200,0xe5e702641ea86f4ae6cc3cdaed2b886f976be044,18,REB0RN,2596,56.18933776836962,0.8797972483707458,8,0.05705499798993278,0.053929121725731895,0.0085,1215,2596,56.18933776836962,True,train,False,4,40.0,35.0,False,,0,False,False,False,,
0x71ed1f9098ec6201225c5e09aec712260216cd74a4c92193332cebaac031dca3,0x541aed1f28ebba7ce37fc1780fbaa3ce0feeb2ba,0,67670965,0,200,0xe5e702641ea86f4ae6cc3cdaed2b886f976be044,18,REB0RN,2596,56.18933776836962,0.8797972483707458,8,0.05705499798993278,0.053929121725731895,0.0085,1215,2596,56.18933776836962,True,train,False,4,60.0,15.0,True,,0,False,False,False,,
0x71ed1f9098ec6201225c5e09aec712260216cd74a4c92193332cebaac031dca3,0x541aed1f28ebba7ce37fc1780fbaa3ce0feeb2ba,0,67670965,0,200,0xe5e702641ea86f4ae6cc3cdaed2b886f976be044,18,REB0RN,2596,56.18933776836962,0.8797972483707458,8,0.05705499798993278,0.053929121725731895,0.0085,1215,2596,56.18933776836962,True,train,False,4,60.0,15.0,False,,0,False,False,False,,
0x71ed1f9098ec6201225c5e09aec712260216cd74a4c92193332cebaac031dca3,0x541aed1f28ebba7ce37fc1780fbaa3ce0feeb2ba,0,67670965,0,200,0xe5e702641ea86f4ae6cc3cdaed2b886f976be044,18,REB0RN,2596,56.18933776836962,0.8797972483707458,8,0.05705499798993278,0.053929121725731895,0.0085,1215,2596,56.18933776836962,True,train,False,4,60.0,25.0,True,,0,False,False,False,,
0x71ed1f9098ec6201225c5e09aec712260216cd74a4c92193332cebaac031dca3,0x541aed1f28ebba7ce37fc1780fbaa3ce0feeb2ba,0,67670965,0,200,0xe5e702641ea86f4ae6cc3cdaed2b886f976be044,18,REB0RN,2596,56.18933776836962,0.8797972483707458,8,0.05705499798993278,0.053929121725731895,0.0085,1215,2596,56.18933776836962,True,train,False,4,60.0,25.0,False,,0,False,False,False,,
0x71ed1f9098ec6201225c5e09aec712260216cd74a4c92193332cebaac031dca3,0x541aed1f28ebba7ce37fc1780fbaa3ce0feeb2ba,0,67670965,0,200,0xe5e702641ea86f4ae6cc3cdaed2b886f976be044,18,REB0RN,2596,56.18933776836962,0.8797972483707458,8,0.05705499798993278,0.053929121725731895,0.0085,1215,2596,56.18933776836962,True,train,False,4,60.0,35.0,True,,0,False,False,False,,
0x71ed1f9098ec6201225c5e09aec712260216cd74a4c92193332cebaac031dca3,0x541aed1f28ebba7ce37fc1780fbaa3ce0feeb2ba,0,67670965,0,200,0xe5e702641ea86f4ae6cc3cdaed2b886f976be044,18,REB0RN,2596,56.18933776836962,0.8797972483707458,8,0.05705499798993278,0.053929121725731895,0.0085,1215,2596,56.18933776836962,True,train,False,4,60.0,35.0,False,,0,False,False,False,,
0x71ed1f9098ec6201225c5e09aec712260216cd74a4c92193332cebaac031dca3,0x541aed1f28ebba7ce37fc1780fbaa3ce0feeb2ba,0,67670965,0,200,0xe5e702641ea86f4ae6cc3cdaed2b886f976be044,18,REB0RN,2596,56.18933776836962,0.8797972483707458,8,0.05705499798993278,0.053929121725731895,0.0085,1215,2596,56.18933776836962,True,train,False,6,25.0,15.0,True,,0,False,False,False,,
0x71ed1f9098ec6201225c5e09aec712260216cd74a4c92193332cebaac031dca3,0x541aed1f28ebba7ce37fc1780fbaa3ce0feeb2ba,0,67670965,0,200,0xe5e702641ea86f4ae6cc3cdaed2b886f976be044,18,REB0RN,2596,56.18933776836962,0.8797972483707458,8,0.05705499798993278,0.053929121725731895,0.0085,1215,2596,56.18933776836962,True,train,False,6,25.0,15.0,False,,0,False,False,False,,
0x71ed1f9098ec6201225c5e09aec712260216cd74a4c92193332cebaac031dca3,0x541aed1f28ebba7ce37fc1780fbaa3ce0feeb2ba,0,67670965,0,200,0xe5e702641ea86f4ae6cc3cdaed2b886f976be044,18,REB0RN,2596,56.18933776836962,0.8797972483707458,8,0.05705499798993278,0.053929121725731895,0.0085,1215,2596,56.18933776836962,True,train,False,6,25.0,25.0,True,,0,False,False,False,,
0x71ed1f9098ec6201225c5e09aec712260216cd74a4c92193332cebaac031dca3,0x541aed1f28ebba7ce37fc1780fbaa3ce0feeb2ba,0,67670965,0,200,0xe5e702641ea86f4ae6cc3cdaed2b886f976be044,18,REB0RN,2596,56.18933776836962,0.8797972483707458,8,0.05705499798993278,0.053929121725731895,0.0085,1215,2596,56.18933776836962,True,train,False,6,25.0,25.0,False,,0,False,False,False,,
0x71ed1f9098ec6201225c5e09aec712260216cd74a4c92193332cebaac031dca3,0x541aed1f28ebba7ce37fc1780fbaa3ce0feeb2ba,0,67670965,0,200,0xe5e702641ea86f4ae6cc3cdaed2b886f976be044,18,REB0RN,2596,56.18933776836962,0.8797972483707458,8,0.05705499798993278,0.053929121725731895,0.0085,1215,2596,56.18933776836962,True,train,False,6,25.0,35.0,True,,0,False,False,False,,
0x71ed1f9098ec6201225c5e09aec712260216cd74a4c92193332cebaac031dca3,0x541aed1f28ebba7ce37fc1780fbaa3ce0feeb2ba,0,67670965,0,200,0xe5e702641ea86f4ae6cc3cdaed2b886f976be044,18,REB0RN,2596,56.18933776836962,0.8797972483707458,8,0.05705499798993278,0.053929121725731895,0.0085,1215,2596,56.18933776836962,True,train,False,6,25.0,35.0,False,,0,False,False,False,,
0x71ed1f9098ec6201225c5e09aec712260216cd74a4c92193332cebaac031dca3,0x541aed1f28ebba7ce37fc1780fbaa3ce0feeb2ba,0,67670965,0,200,0xe5e702641ea86f4ae6cc3cdaed2b886f976be044,18,REB0RN,2596,56.18933776836962,0.8797972483707458,8,0.05705499798993278,0.053929121725731895,0.0085,1215,2596,56.18933776836962,True,train,False,6,40.0,15.0,True,,0,False,False,False,,
0x71ed1f9098ec6201225c5e09aec712260216cd74a4c92193332cebaac031dca3,0x541aed1f28ebba7ce37fc1780fbaa3ce0feeb2ba,0,67670965,0,200,0xe5e702641ea86f4ae6cc3cdaed2b886f976be044,18,REB0RN,2596,56.18933776836962,0.8797972483707458,8,0.05705499798993278,0.053929121725731895,0.0085,1215,2596,56.18933776836962,True,train,False,6,40.0,15.0,False,,0,False,False,False,,
0x71ed1f9098ec6201225c5e09aec712260216cd74a4c92193332cebaac031dca3,0x541aed1f28ebba7ce37fc1780fbaa3ce0feeb2ba,0,67670965,0,200,0xe5e702641ea86f4ae6cc3cdaed2b886f976be044,18,REB0RN,2596,56.18933776836962,0.8797972483707458,8,0.05705499798993278,0.053929121725731895,0.0085,1215,2596,56.18933776836962,True,train,False,6,40.0,25.0,True,,0,False,False,False,,
0x71ed1f9098ec6201225c5e09aec712260216cd74a4c92193332cebaac031dca3,0x541aed1f28ebba7ce37fc1780fbaa3ce0feeb2ba,0,67670965,0,200,0xe5e702641ea86f4ae6cc3cdaed2b886f976be044,18,REB0RN,2596,56.18933776836962,0.8797972483707458,8,0.05705499798993278,0.053929121725731895,0.0085,1215,2596,56.18933776836962,True,train,False,6,40.0,25.0,False,,0,False,False,False,,
0x71ed1f9098ec6201225c5e09aec712260216cd74a4c92193332cebaac031dca3,0x541aed1f28ebba7ce37fc1780fbaa3ce0feeb2ba,0,67670965,0,200,0xe5e702641ea86f4ae6cc3cdaed2b886f976be044,18,REB0RN,2596,56.18933776836962,0.8797972483707458,8,0.05705499798993278,0.053929121725731895,0.0085,1215,2596,56.18933776836962,True,train,False,6,40.0,35.0,True,,0,False,False,False,,
0x71ed1f9098ec6201225c5e09aec712260216cd74a4c92193332cebaac031dca3,0x541aed1f28ebba7ce37fc1780fbaa3ce0feeb2ba,0,67670965,0,200,0xe5e702641ea86f4ae6cc3cdaed2b886f976be044,18,REB0RN,2596,56.18933776836962,0.8797972483707458,8,0.05705499798993278,0.053929121725731895,0.0085,1215,2596,56.18933776836962,True,train,False,6,40.0,35.0,False,,0,False,False,False,,
0x71ed1f9098ec6201225c5e09aec712260216cd74a4c92193332cebaac031dca3,0x541aed1f28ebba7ce37fc1780fbaa3ce0feeb2ba,0,67670965,0,200,0xe5e702641ea86f4ae6cc3cdaed2b886f976be044,18,REB0RN,2596,56.18933776836962,0.8797972483707458,8,0.05705499798993278,0.053929121725731895,0.0085,1215,2596,56.18933776836962,True,train,False,6,60.0,15.0,True,,0,False,False,False,,
0x71ed1f9098ec6201225c5e09aec712260216cd74a4c92193332cebaac031dca3,0x541aed1f28ebba7ce37fc1780fbaa3ce0feeb2ba,0,67670965,0,200,0xe5e702641ea86f4ae6cc3cdaed2b886f976be044,18,REB0RN,2596,56.18933776836962,0.8797972483707458,8,0.05705499798993278,0.053929121725731895,0.0085,1215,2596,56.18933776836962,True,train,False,6,60.0,15.0,False,,0,False,False,False,,
0x71ed1f9098ec6201225c5e09aec712260216cd74a4c92193332cebaac031dca3,0x541aed1f28ebba7ce37fc1780fbaa3ce0feeb2ba,0,67670965,0,200,0xe5e702641ea86f4ae6cc3cdaed2b886f976be044,18,REB0RN,2596,56.18933776836962,0.8797972483707458,8,0.05705499798993278,0.053929121725731895,0.0085,1215,2596,56.18933776836962,True,train,False,6,60.0,25.0,True,,0,False,False,False,,
0x71ed1f9098ec6201225c5e09aec712260216cd74a4c92193332cebaac031dca3,0x541aed1f28ebba7ce37fc1780fbaa3ce0feeb2ba,0,67670965,0,200,0xe5e702641ea86f4ae6cc3cdaed2b886f976be044,18,REB0RN,2596,56.18933776836962,0.8797972483707458,8,0.05705499798993278,0.053929121725731895,0.0085,1215,2596,56.18933776836962,True,train,False,6,60.0,25.0,False,,0,False,False,False,,
0x71ed1f9098ec6201225c5e09aec712260216cd74a4c92193332cebaac031dca3,0x541aed1f28ebba7ce37fc1780fbaa3ce0feeb2ba,0,67670965,0,200,0xe5e702641ea86f4ae6cc3cdaed2b886f976be044,18,REB0RN,2596,56.18933776836962,0.8797972483707458,8,0.05705499798993278,0.053929121725731895,0.0085,1215,2596,56.18933776836962,True,train,False,6,60.0,35.0,True,,0,False,False,False,,
0x71ed1f9098ec6201225c5e09aec712260216cd74a4c92193332cebaac031dca3,0x541aed1f28ebba7ce37fc1780fbaa3ce0feeb2ba,0,67670965,0,200,0xe5e702641ea86f4ae6cc3cdaed2b886f976be044,18,REB0RN,2596,56.18933776836962,0.8797972483707458,8,0.05705499798993278,0.053929121725731895,0.0085,1215,2596,56.18933776836962,True,train,False,6,60.0,35.0,False,,0,False,False,False,,
0x71ed1f9098ec6201225c5e09aec712260216cd74a4c92193332cebaac031dca3,0x541aed1f28ebba7ce37fc1780fbaa3ce0feeb2ba,0,67670965,0,200,0xe5e702641ea86f4ae6cc3cdaed2b886f976be044,18,REB0RN,2596,56.18933776836962,0.8797972483707458,8,0.05705499798993278,0.053929121725731895,0.0085,1215,2596,56.18933776836962,True,train,False,12,25.0,15.0,True,,0,False,False,False,,
0x71ed1f9098ec6201225c5e09aec712260216cd74a4c92193332cebaac031dca3,0x541aed1f28ebba7ce37fc1780fbaa3ce0feeb2ba,0,67670965,0,200,0xe5e702641ea86f4ae6cc3cdaed2b886f976be044,18,REB0RN,2596,56.18933776836962,0.8797972483707458,8,0.05705499798993278,0.053929121725731895,0.0085,1215,2596,56.18933776836962,True,train,False,12,25.0,15.0,False,,0,False,False,False,,
0x71ed1f9098ec6201225c5e09aec712260216cd74a4c92193332cebaac031dca3,0x541aed1f28ebba7ce37fc1780fbaa3ce0feeb2ba,0,67670965,0,200,0xe5e702641ea86f4ae6cc3cdaed2b886f976be044,18,REB0RN,2596,56.18933776836962,0.8797972483707458,8,0.05705499798993278,0.053929121725731895,0.0085,1215,2596,56.18933776836962,True,train,False,12,25.0,25.0,True,,0,False,False,False,,
0x71ed1f9098ec6201225c5e09aec712260216cd74a4c92193332cebaac031dca3,0x541aed1f28ebba7ce37fc1780fbaa3ce0feeb2ba,0,67670965,0,200,0xe5e702641ea86f4ae6cc3cdaed2b886f976be044,18,REB0RN,2596,56.18933776836962,0.8797972483707458,8,0.05705499798993278,0.053929121725731895,0.0085,1215,2596,56.18933776836962,True,train,False,12,25.0,25.0,False,,0,False,False,False,,
0x71ed1f9098ec6201225c5e09aec712260216cd74a4c92193332cebaac031dca3,0x541aed1f28ebba7ce37fc1780fbaa3ce0feeb2ba,0,67670965,0,200,0xe5e702641ea86f4ae6cc3cdaed2b886f976be044,18,REB0RN,2596,56.18933776836962,0.8797972483707458,8,0.05705499798993278,0.053929121725731895,0.0085,1215,2596,56.18933776836962,True,train,False,12,25.0,35.0,True,,0,False,False,False,,
0x71ed1f9098ec6201225c5e09aec712260216cd74a4c92193332cebaac031dca3,0x541aed1f28ebba7ce37fc1780fbaa3ce0feeb2ba,0,67670965,0,200,0xe5e702641ea86f4ae6cc3cdaed2b886f976be044,18,REB0RN,2596,56.18933776836962,0.8797972483707458,8,0.05705499798993278,0.053929121725731895,0.0085,1215,2596,56.18933776836962,True,train,False,12,25.0,35.0,False,,0,False,False,False,,
0x71ed1f9098ec6201225c5e09aec712260216cd74a4c92193332cebaac031dca3,0x541aed1f28ebba7ce37fc1780fbaa3ce0feeb2ba,0,67670965,0,200,0xe5e702641ea86f4ae6cc3cdaed2b886f976be044,18,REB0RN,2596,56.18933776836962,0.8797972483707458,8,0.05705499798993278,0.053929121725731895,0.0085,1215,2596,56.18933776836962,True,train,False,12,40.0,15.0,True,,0,False,False,False,,
0x71ed1f9098ec6201225c5e09aec712260216cd74a4c92193332cebaac031dca3,0x541aed1f28ebba7ce37fc1780fbaa3ce0feeb2ba,0,67670965,0,200,0xe5e702641ea86f4ae6cc3cdaed2b886f976be044,18,REB0RN,2596,56.18933776836962,0.8797972483707458,8,0.05705499798993278,0.053929121725731895,0.0085,1215,2596,56.18933776836962,True,train,False,12,40.0,15.0,False,,0,False,False,False,,
0x71ed1f9098ec6201225c5e09aec712260216cd74a4c92193332cebaac031dca3,0x541aed1f28ebba7ce37fc1780fbaa3ce0feeb2ba,0,67670965,0,200,0xe5e702641ea86f4ae6cc3cdaed2b886f976be044,18,REB0RN,2596,56.18933776836962,0.8797972483707458,8,0.05705499798993278,0.053929121725731895,0.0085,1215,2596,56.18933776836962,True,train,False,12,40.0,25.0,True,,0,False,False,False,,
0x71ed1f9098ec6201225c5e09aec712260216cd74a4c92193332cebaac031dca3,0x541aed1f28ebba7ce37fc1780fbaa3ce0feeb2ba,0,67670965,0,200,0xe5e702641ea86f4ae6cc3cdaed2b886f976be044,18,REB0RN,2596,56.18933776836962,0.8797972483707458,8,0.05705499798993278,0.053929121725731895,0.0085,1215,2596,56.18933776836962,True,train,False,12,40.0,25.0,False,,0,False,False,False,,
0x71ed1f9098ec6201225c5e09aec712260216cd74a4c92193332cebaac031dca3,0x541aed1f28ebba7ce37fc1780fbaa3ce0feeb2ba,0,67670965,0,200,0xe5e702641ea86f4ae6cc3cdaed2b886f976be044,18,REB0RN,2596,56.18933776836962,0.8797972483707458,8,0.05705499798993278,0.053929121725731895,0.0085,1215,2596,56.18933776836962,True,train,False,12,40.0,35.0,True,,0,False,False,False,,
0x71ed1f9098ec6201225c5e09aec712260216cd74a4c92193332cebaac031dca3,0x541aed1f28ebba7ce37fc1780fbaa3ce0feeb2ba,0,67670965,0,200,0xe5e702641ea86f4ae6cc3cdaed2b886f976be044,18,REB0RN,2596,56.18933776836962,0.8797972483707458,8,0.05705499798993278,0.053929121725731895,0.0085,1215,2596,56.18933776836962,True,train,False,12,40.0,35.0,False,,0,False,False,False,,
0x71ed1f9098ec6201225c5e09aec712260216cd74a4c92193332cebaac031dca3,0x541aed1f28ebba7ce37fc1780fbaa3ce0feeb2ba,0,67670965,0,200,0xe5e702641ea86f4ae6cc3cdaed2b886f976be044,18,REB0RN,2596,56.18933776836962,0.8797972483707458,8,0.05705499798993278,0.053929121725731895,0.0085,1215,2596,56.18933776836962,True,train,False,12,60.0,15.0,True,,0,False,False,False,,
0x71ed1f9098ec6201225c5e09aec712260216cd74a4c92193332cebaac031dca3,0x541aed1f28ebba7ce37fc1780fbaa3ce0feeb2ba,0,67670965,0,200,0xe5e702641ea86f4ae6cc3cdaed2b886f976be044,18,REB0RN,2596,56.18933776836962,0.8797972483707458,8,0.05705499798993278,0.053929121725731895,0.0085,1215,2596,56.18933776836962,True,train,False,12,60.0,15.0,False,,0,False,False,False,,
0x71ed1f9098ec6201225c5e09aec712260216cd74a4c92193332cebaac031dca3,0x541aed1f28ebba7ce37fc1780fbaa3ce0feeb2ba,0,67670965,0,200,0xe5e702641ea86f4ae6cc3cdaed2b886f976be044,18,REB0RN,2596,56.18933776836962,0.8797972483707458,8,0.05705499798993278,0.053929121725731895,0.0085,1215,2596,56.18933776836962,True,train,False,12,60.0,25.0,True,,0,False,False,False,,
0x71ed1f9098ec6201225c5e09aec712260216cd74a4c92193332cebaac031dca3,0x541aed1f28ebba7ce37fc1780fbaa3ce0feeb2ba,0,67670965,0,200,0xe5e702641ea86f4ae6cc3cdaed2b886f976be044,18,REB0RN,2596,56.18933776836962,0.8797972483707458,8,0.05705499798993278,0.053929121725731895,0.0085,1215,2596,56.18933776836962,True,train,False,12,60.0,25.0,False,,0,False,False,False,,
0x71ed1f9098ec6201225c5e09aec712260216cd74a4c92193332cebaac031dca3,0x541aed1f28ebba7ce37fc1780fbaa3ce0feeb2ba,0,67670965,0,200,0xe5e702641ea86f4ae6cc3cdaed2b886f976be044,18,REB0RN,2596,56.18933776836962,0.8797972483707458,8,0.05705499798993278,0.053929121725731895,0.0085,1215,2596,56.18933776836962,True,train,False,12,60.0,35.0,True,,0,False,False,False,,
0x71ed1f9098ec6201225c5e09aec712260216cd74a4c92193332cebaac031dca3,0x541aed1f28ebba7ce37fc1780fbaa3ce0feeb2ba,0,67670965,0,200,0xe5e702641ea86f4ae6cc3cdaed2b886f976be044,18,REB0RN,2596,56.18933776836962,0.8797972483707458,8,0.05705499798993278,0.053929121725731895,0.0085,1215,2596,56.18933776836962,True,train,False,12,60.0,35.0,False,,0,False,False,False,,
0xd35ce2d4f80253774bee61240d3bf61db4d9158c0cd332bce507acbdd57279b9,0xf107b1d58fb2386484ee30ac2712a1c7bf61b1d5,0,67676308,100,1,0x00d18bc3fab01162f43f20c071559795fcaf4144,18,MELANIA,4646,418.29135736553644,0.7631878557874763,8,0.030000315525943944,0.007102884201463625,0.0337,2011,4646,418.29135736553644,True,train,False,2,25.0,15.0,True,,0,False,False,False,,
0xd35ce2d4f80253774bee61240d3bf61db4d9158c0cd332bce507acbdd57279b9,0xf107b1d58fb2386484ee30ac2712a1c7bf61b1d5,0,67676308,100,1,0x00d18bc3fab01162f43f20c071559795fcaf4144,18,MELANIA,4646,418.29135736553644,0.7631878557874763,8,0.030000315525943944,0.007102884201463625,0.0337,2011,4646,418.29135736553644,True,train,False,2,25.0,15.0,False,,0,False,False,False,,
0xd35ce2d4f80253774bee61240d3bf61db4d9158c0cd332bce507acbdd57279b9,0xf107b1d58fb2386484ee30ac2712a1c7bf61b1d5,0,67676308,100,1,0x00d18bc3fab01162f43f20c071559795fcaf4144,18,MELANIA,4646,418.29135736553644,0.7631878557874763,8,0.030000315525943944,0.007102884201463625,0.0337,2011,4646,418.29135736553644,True,train,False,2,25.0,25.0,True,,0,False,False,False,,
0xd35ce2d4f80253774bee61240d3bf61db4d9158c0cd332bce507acbdd57279b9,0xf107b1d58fb2386484ee30ac2712a1c7bf61b1d5,0,67676308,100,1,0x00d18bc3fab01162f43f20c071559795fcaf4144,18,MELANIA,4646,418.29135736553644,0.7631878557874763,8,0.030000315525943944,0.007102884201463625,0.0337,2011,4646,418.29135736553644,True,train,False,2,25.0,25.0,False,,0,False,False,False,,
0xd35ce2d4f80253774bee61240d3bf61db4d9158c0cd332bce507acbdd57279b9,0xf107b1d58fb2386484ee30ac2712a1c7bf61b1d5,0,67676308,100,1,0x00d18bc3fab01162f43f20c071559795fcaf4144,18,MELANIA,4646,418.29135736553644,0.7631878557874763,8,0.030000315525943944,0.007102884201463625,0.0337,2011,4646,418.29135736553644,True,train,False,2,25.0,35.0,True,,0,False,False,False,,
0xd35ce2d4f80253774bee61240d3bf61db4d9158c0cd332bce507acbdd57279b9,0xf107b1d58fb2386484ee30ac2712a1c7bf61b1d5,0,67676308,100,1,0x00d18bc3fab01162f43f20c071559795fcaf4144,18,MELANIA,4646,418.29135736553644,0.7631878557874763,8,0.030000315525943944,0.007102884201463625,0.0337,2011,4646,418.29135736553644,True,train,False,2,25.0,35.0,False,,0,False,False,False,,
0xd35ce2d4f80253774bee61240d3bf61db4d9158c0cd332bce507acbdd57279b9,0xf107b1d58fb2386484ee30ac2712a1c7bf61b1d5,0,67676308,100,1,0x00d18bc3fab01162f43f20c071559795fcaf4144,18,MELANIA,4646,418.29135736553644,0.7631878557874763,8,0.030000315525943944,0.007102884201463625,0.0337,2011,4646,418.29135736553644,True,train,False,2,40.0,15.0,True,,0,False,False,False,,
0xd35ce2d4f80253774bee61240d3bf61db4d9158c0cd332bce507acbdd57279b9,0xf107b1d58fb2386484ee30ac2712a1c7bf61b1d5,0,67676308,100,1,0x00d18bc3fab01162f43f20c071559795fcaf4144,18,MELANIA,4646,418.29135736553644,0.7631878557874763,8,0.030000315525943944,0.007102884201463625,0.0337,2011,4646,418.29135736553644,True,train,False,2,40.0,15.0,False,,0,False,False,False,,
0xd35ce2d4f80253774bee61240d3bf61db4d9158c0cd332bce507acbdd57279b9,0xf107b1d58fb2386484ee30ac2712a1c7bf61b1d5,0,67676308,100,1,0x00d18bc3fab01162f43f20c071559795fcaf4144,18,MELANIA,4646,418.29135736553644,0.7631878557874763,8,0.030000315525943944,0.007102884201463625,0.0337,2011,4646,418.29135736553644,True,train,False,2,40.0,25.0,True,,0,False,False,False,,
0xd35ce2d4f80253774bee61240d3bf61db4d9158c0cd332bce507acbdd57279b9,0xf107b1d58fb2386484ee30ac2712a1c7bf61b1d5,0,67676308,100,1,0x00d18bc3fab01162f43f20c071559795fcaf4144,18,MELANIA,4646,418.29135736553644,0.7631878557874763,8,0.030000315525943944,0.007102884201463625,0.0337,2011,4646,418.29135736553644,True,train,False,2,40.0,25.0,False,,0,False,False,False,,
0xd35ce2d4f80253774bee61240d3bf61db4d9158c0cd332bce507acbdd57279b9,0xf107b1d58fb2386484ee30ac2712a1c7bf61b1d5,0,67676308,100,1,0x00d18bc3fab01162f43f20c071559795fcaf4144,18,MELANIA,4646,418.29135736553644,0.7631878557874763,8,0.030000315525943944,0.007102884201463625,0.0337,2011,4646,418.29135736553644,True,train,False,2,40.0,35.0,True,,0,False,False,False,,
0xd35ce2d4f80253774bee61240d3bf61db4d9158c0cd332bce507acbdd57279b9,0xf107b1d58fb2386484ee30ac2712a1c7bf61b1d5,0,67676308,100,1,0x00d18bc3fab01162f43f20c071559795fcaf4144,18,MELANIA,4646,418.29135736553644,0.7631878557874763,8,0.030000315525943944,0.007102884201463625,0.0337,2011,4646,418.29135736553644,True,train,False,2,40.0,35.0,False,,0,False,False,False,,
0xd35ce2d4f80253774bee61240d3bf61db4d9158c0cd332bce507acbdd57279b9,0xf107b1d58fb2386484ee30ac2712a1c7bf61b1d5,0,67676308,100,1,0x00d18bc3fab01162f43f20c071559795fcaf4144,18,MELANIA,4646,418.29135736553644,0.7631878557874763,8,0.030000315525943944,0.007102884201463625,0.0337,2011,4646,418.29135736553644,True,train,False,2,60.0,15.0,True,,0,False,False,False,,
0xd35ce2d4f80253774bee61240d3bf61db4d9158c0cd332bce507acbdd57279b9,0xf107b1d58fb2386484ee30ac2712a1c7bf61b1d5,0,67676308,100,1,0x00d18bc3fab01162f43f20c071559795fcaf4144,18,MELANIA,4646,418.29135736553644,0.7631878557874763,8,0.030000315525943944,0.007102884201463625,0.0337,2011,4646,418.29135736553644,True,train,False,2,60.0,15.0,False,,0,False,False,False,,
0xd35ce2d4f80253774bee61240d3bf61db4d9158c0cd332bce507acbdd57279b9,0xf107b1d58fb2386484ee30ac2712a1c7bf61b1d5,0,67676308,100,1,0x00d18bc3fab01162f43f20c071559795fcaf4144,18,MELANIA,4646,418.29135736553644,0.7631878557874763,8,0.030000315525943944,0.007102884201463625,0.0337,2011,4646,418.29135736553644,True,train,False,2,60.0,25.0,True,,0,False,False,False,,
0xd35ce2d4f80253774bee61240d3bf61db4d9158c0cd332bce507acbdd57279b9,0xf107b1d58fb2386484ee30ac2712a1c7bf61b1d5,0,67676308,100,1,0x00d18bc3fab01162f43f20c071559795fcaf4144,18,MELANIA,4646,418.29135736553644,0.7631878557874763,8,0.030000315525943944,0.007102884201463625,0.0337,2011,4646,418.29135736553644,True,train,False,2,60.0,25.0,False,,0,False,False,False,,
0xd35ce2d4f80253774bee61240d3bf61db4d9158c0cd332bce507acbdd57279b9,0xf107b1d58fb2386484ee30ac2712a1c7bf61b1d5,0,67676308,100,1,0x00d18bc3fab01162f43f20c071559795fcaf4144,18,MELANIA,4646,418.29135736553644,0.7631878557874763,8,0.030000315525943944,0.007102884201463625,0.0337,2011,4646,418.29135736553644,True,train,False,2,60.0,35.0,True,,0,False,False,False,,
0xd35ce2d4f80253774bee61240d3bf61db4d9158c0cd332bce507acbdd57279b9,0xf107b1d58fb2386484ee30ac2712a1c7bf61b1d5,0,67676308,100,1,0x00d18bc3fab01162f43f20c071559795fcaf4144,18,MELANIA,4646,418.29135736553644,0.7631878557874763,8,0.030000315525943944,0.007102884201463625,0.0337,2011,4646,418.29135736553644,True,train,False,2,60.0,35.0,False,,0,False,False,False,,
0xd35ce2d4f80253774bee61240d3bf61db4d9158c0cd332bce507acbdd57279b9,0xf107b1d58fb2386484ee30ac2712a1c7bf61b1d5,0,67676308,100,1,0x00d18bc3fab01162f43f20c071559795fcaf4144,18,MELANIA,4646,418.29135736553644,0.7631878557874763,8,0.030000315525943944,0.007102884201463625,0.0337,2011,4646,418.29135736553644,True,train,False,4,25.0,15.0,True,,0,False,False,False,,
0xd35ce2d4f80253774bee61240d3bf61db4d9158c0cd332bce507acbdd57279b9,0xf107b1d58fb2386484ee30ac2712a1c7bf61b1d5,0,67676308,100,1,0x00d18bc3fab01162f43f20c071559795fcaf4144,18,MELANIA,4646,418.29135736553644,0.7631878557874763,8,0.030000315525943944,0.007102884201463625,0.0337,2011,4646,418.29135736553644,True,train,False,4,25.0,15.0,False,,0,False,False,False,,
0xd35ce2d4f80253774bee61240d3bf61db4d9158c0cd332bce507acbdd57279b9,0xf107b1d58fb2386484ee30ac2712a1c7bf61b1d5,0,67676308,100,1,0x00d18bc3fab01162f43f20c071559795fcaf4144,18,MELANIA,4646,418.29135736553644,0.7631878557874763,8,0.030000315525943944,0.007102884201463625,0.0337,2011,4646,418.29135736553644,True,train,False,4,25.0,25.0,True,,0,False,False,False,,
0xd35ce2d4f80253774bee61240d3bf61db4d9158c0cd332bce507acbdd57279b9,0xf107b1d58fb2386484ee30ac2712a1c7bf61b1d5,0,67676308,100,1,0x00d18bc3fab01162f43f20c071559795fcaf4144,18,MELANIA,4646,418.29135736553644,0.7631878557874763,8,0.030000315525943944,0.007102884201463625,0.0337,2011,4646,418.29135736553644,True,train,False,4,25.0,25.0,False,,0,False,False,False,,
0xd35ce2d4f80253774bee61240d3bf61db4d9158c0cd332bce507acbdd57279b9,0xf107b1d58fb2386484ee30ac2712a1c7bf61b1d5,0,67676308,100,1,0x00d18bc3fab01162f43f20c071559795fcaf4144,18,MELANIA,4646,418.29135736553644,0.7631878557874763,8,0.030000315525943944,0.007102884201463625,0.0337,2011,4646,418.29135736553644,True,train,False,4,25.0,35.0,True,,0,False,False,False,,
0xd35ce2d4f80253774bee61240d3bf61db4d9158c0cd332bce507acbdd57279b9,0xf107b1d58fb2386484ee30ac2712a1c7bf61b1d5,0,67676308,100,1,0x00d18bc3fab01162f43f20c071559795fcaf4144,18,MELANIA,4646,418.29135736553644,0.7631878557874763,8,0.030000315525943944,0.007102884201463625,0.0337,2011,4646,418.29135736553644,True,train,False,4,25.0,35.0,False,,0,False,False,False,,
0xd35ce2d4f80253774bee61240d3bf61db4d9158c0cd332bce507acbdd57279b9,0xf107b1d58fb2386484ee30ac2712a1c7bf61b1d5,0,67676308,100,1,0x00d18bc3fab01162f43f20c071559795fcaf4144,18,MELANIA,4646,418.29135736553644,0.7631878557874763,8,0.030000315525943944,0.007102884201463625,0.0337,2011,4646,418.29135736553644,True,train,False,4,40.0,15.0,True,,0,False,False,False,,
0xd35ce2d4f80253774bee61240d3bf61db4d9158c0cd332bce507acbdd57279b9,0xf107b1d58fb2386484ee30ac2712a1c7bf61b1d5,0,67676308,100,1,0x00d18bc3fab01162f43f20c071559795fcaf4144,18,MELANIA,4646,418.29135736553644,0.7631878557874763,8,0.030000315525943944,0.007102884201463625,0.0337,2011,4646,418.29135736553644,True,train,False,4,40.0,15.0,False,,0,False,False,False,,
0xd35ce2d4f80253774bee61240d3bf61db4d9158c0cd332bce507acbdd57279b9,0xf107b1d58fb2386484ee30ac2712a1c7bf61b1d5,0,67676308,100,1,0x00d18bc3fab01162f43f20c071559795fcaf4144,18,MELANIA,4646,418.29135736553644,0.7631878557874763,8,0.030000315525943944,0.007102884201463625,0.0337,2011,4646,418.29135736553644,True,train,False,4,40.0,25.0,True,,0,False,False,False,,
0xd35ce2d4f80253774bee61240d3bf61db4d9158c0cd332bce507acbdd57279b9,0xf107b1d58fb2386484ee30ac2712a1c7bf61b1d5,0,67676308,100,1,0x00d18bc3fab01162f43f20c071559795fcaf4144,18,MELANIA,4646,418.29135736553644,0.7631878557874763,8,0.030000315525943944,0.007102884201463625,0.0337,2011,4646,418.29135736553644,True,train,False,4,40.0,25.0,False,,0,False,False,False,,
0xd35ce2d4f80253774bee61240d3bf61db4d9158c0cd332bce507acbdd57279b9,0xf107b1d58fb2386484ee30ac2712a1c7bf61b1d5,0,67676308,100,1,0x00d18bc3fab01162f43f20c071559795fcaf4144,18,MELANIA,4646,418.29135736553644,0.7631878557874763,8,0.030000315525943944,0.007102884201463625,0.0337,2011,4646,418.29135736553644,True,train,False,4,40.0,35.0,True,,0,False,False,False,,
0xd35ce2d4f80253774bee61240d3bf61db4d9158c0cd332bce507acbdd57279b9,0xf107b1d58fb2386484ee30ac2712a1c7bf61b1d5,0,67676308,100,1,0x00d18bc3fab01162f43f20c071559795fcaf4144,18,MELANIA,4646,418.29135736553644,0.7631878557874763,8,0.030000315525943944,0.007102884201463625,0.0337,2011,4646,418.29135736553644,True,train,False,4,40.0,35.0,False,,0,False,False,False,,
0xd35ce2d4f80253774bee61240d3bf61db4d9158c0cd332bce507acbdd57279b9,0xf107b1d58fb2386484ee30ac2712a1c7bf61b1d5,0,67676308,100,1,0x00d18bc3fab01162f43f20c071559795fcaf4144,18,MELANIA,4646,418.29135736553644,0.7631878557874763,8,0.030000315525943944,0.007102884201463625,0.0337,2011,4646,418.29135736553644,True,train,False,4,60.0,15.0,True,,0,False,False,False,,
0xd35ce2d4f80253774bee61240d3bf61db4d9158c0cd332bce507acbdd57279b9,0xf107b1d58fb2386484ee30ac2712a1c7bf61b1d5,0,67676308,100,1,0x00d18bc3fab01162f43f20c071559795fcaf4144,18,MELANIA,4646,418.29135736553644,0.7631878557874763,8,0.030000315525943944,0.007102884201463625,0.0337,2011,4646,418.29135736553644,True,train,False,4,60.0,15.0,False,,0,False,False,False,,
0xd35ce2d4f80253774bee61240d3bf61db4d9158c0cd332bce507acbdd57279b9,0xf107b1d58fb2386484ee30ac2712a1c7bf61b1d5,0,67676308,100,1,0x00d18bc3fab01162f43f20c071559795fcaf4144,18,MELANIA,4646,418.29135736553644,0.7631878557874763,8,0.030000315525943944,0.007102884201463625,0.0337,2011,4646,418.29135736553644,True,train,False,4,60.0,25.0,True,,0,False,False,False,,
0xd35ce2d4f80253774bee61240d3bf61db4d9158c0cd332bce507acbdd57279b9,0xf107b1d58fb2386484ee30ac2712a1c7bf61b1d5,0,67676308,100,1,0x00d18bc3fab01162f43f20c071559795fcaf4144,18,MELANIA,4646,418.29135736553644,0.7631878557874763,8,0.030000315525943944,0.007102884201463625,0.0337,2011,4646,418.29135736553644,True,train,False,4,60.0,25.0,False,,0,False,False,False,,
0xd35ce2d4f80253774bee61240d3bf61db4d9158c0cd332bce507acbdd57279b9,0xf107b1d58fb2386484ee30ac2712a1c7bf61b1d5,0,67676308,100,1,0x00d18bc3fab01162f43f20c071559795fcaf4144,18,MELANIA,4646,418.29135736553644,0.7631878557874763,8,0.030000315525943944,0.007102884201463625,0.0337,2011,4646,418.29135736553644,True,train,False,4,60.0,35.0,True,,0,False,False,False,,
0xd35ce2d4f80253774bee61240d3bf61db4d9158c0cd332bce507acbdd57279b9,0xf107b1d58fb2386484ee30ac2712a1c7bf61b1d5,0,67676308,100,1,0x00d18bc3fab01162f43f20c071559795fcaf4144,18,MELANIA,4646,418.29135736553644,0.7631878557874763,8,0.030000315525943944,0.007102884201463625,0.0337,2011,4646,418.29135736553644,True,train,False,4,60.0,35.0,False,,0,False,False,False,,
0xd35ce2d4f80253774bee61240d3bf61db4d9158c0cd332bce507acbdd57279b9,0xf107b1d58fb2386484ee30ac2712a1c7bf61b1d5,0,67676308,100,1,0x00d18bc3fab01162f43f20c071559795fcaf4144,18,MELANIA,4646,418.29135736553644,0.7631878557874763,8,0.030000315525943944,0.007102884201463625,0.0337,2011,4646,418.29135736553644,True,train,False,6,25.0,15.0,True,,0,False,False,False,,
0xd35ce2d4f80253774bee61240d3bf61db4d9158c0cd332bce507acbdd57279b9,0xf107b1d58fb2386484ee30ac2712a1c7bf61b1d5,0,67676308,100,1,0x00d18bc3fab01162f43f20c071559795fcaf4144,18,MELANIA,4646,418.29135736553644,0.7631878557874763,8,0.030000315525943944,0.007102884201463625,0.0337,2011,4646,418.29135736553644,True,train,False,6,25.0,15.0,False,,0,False,False,False,,
0xd35ce2d4f80253774bee61240d3bf61db4d9158c0cd332bce507acbdd57279b9,0xf107b1d58fb2386484ee30ac2712a1c7bf61b1d5,0,67676308,100,1,0x00d18bc3fab01162f43f20c071559795fcaf4144,18,MELANIA,4646,418.29135736553644,0.7631878557874763,8,0.030000315525943944,0.007102884201463625,0.0337,2011,4646,418.29135736553644,True,train,False,6,25.0,25.0,True,,0,False,False,False,,
0xd35ce2d4f80253774bee61240d3bf61db4d9158c0cd332bce507acbdd57279b9,0xf107b1d58fb2386484ee30ac2712a1c7bf61b1d5,0,67676308,100,1,0x00d18bc3fab01162f43f20c071559795fcaf4144,18,MELANIA,4646,418.29135736553644,0.7631878557874763,8,0.030000315525943944,0.007102884201463625,0.0337,2011,4646,418.29135736553644,True,train,False,6,25.0,25.0,False,,0,False,False,False,,
0xd35ce2d4f80253774bee61240d3bf61db4d9158c0cd332bce507acbdd57279b9,0xf107b1d58fb2386484ee30ac2712a1c7bf61b1d5,0,67676308,100,1,0x00d18bc3fab01162f43f20c071559795fcaf4144,18,MELANIA,4646,418.29135736553644,0.7631878557874763,8,0.030000315525943944,0.007102884201463625,0.0337,2011,4646,418.29135736553644,True,train,False,6,25.0,35.0,True,,0,False,False,False,,
0xd35ce2d4f80253774bee61240d3bf61db4d9158c0cd332bce507acbdd57279b9,0xf107b1d58fb2386484ee30ac2712a1c7bf61b1d5,0,67676308,100,1,0x00d18bc3fab01162f43f20c071559795fcaf4144,18,MELANIA,4646,418.29135736553644,0.7631878557874763,8,0.030000315525943944,0.007102884201463625,0.0337,2011,4646,418.29135736553644,True,train,False,6,25.0,35.0,False,,0,False,False,False,,
0xd35ce2d4f80253774bee61240d3bf61db4d9158c0cd332bce507acbdd57279b9,0xf107b1d58fb2386484ee30ac2712a1c7bf61b1d5,0,67676308,100,1,0x00d18bc3fab01162f43f20c071559795fcaf4144,18,MELANIA,4646,418.29135736553644,0.7631878557874763,8,0.030000315525943944,0.007102884201463625,0.0337,2011,4646,418.29135736553644,True,train,False,6,40.0,15.0,True,,0,False,False,False,,
0xd35ce2d4f80253774bee61240d3bf61db4d9158c0cd332bce507acbdd57279b9,0xf107b1d58fb2386484ee30ac2712a1c7bf61b1d5,0,67676308,100,1,0x00d18bc3fab01162f43f20c071559795fcaf4144,18,MELANIA,4646,418.29135736553644,0.7631878557874763,8,0.030000315525943944,0.007102884201463625,0.0337,2011,4646,418.29135736553644,True,train,False,6,40.0,15.0,False,,0,False,False,False,,
0xd35ce2d4f80253774bee61240d3bf61db4d9158c0cd332bce507acbdd57279b9,0xf107b1d58fb2386484ee30ac2712a1c7bf61b1d5,0,67676308,100,1,0x00d18bc3fab01162f43f20c071559795fcaf4144,18,MELANIA,4646,418.29135736553644,0.7631878557874763,8,0.030000315525943944,0.007102884201463625,0.0337,2011,4646,418.29135736553644,True,train,False,6,40.0,25.0,True,,0,False,False,False,,
0xd35ce2d4f80253774bee61240d3bf61db4d9158c0cd332bce507acbdd57279b9,0xf107b1d58fb2386484ee30ac2712a1c7bf61b1d5,0,67676308,100,1,0x00d18bc3fab01162f43f20c071559795fcaf4144,18,MELANIA,4646,418.29135736553644,0.7631878557874763,8,0.030000315525943944,0.007102884201463625,0.0337,2011,4646,418.29135736553644,True,train,False,6,40.0,25.0,False,,0,False,False,False,,
0xd35ce2d4f80253774bee61240d3bf61db4d9158c0cd332bce507acbdd57279b9,0xf107b1d58fb2386484ee30ac2712a1c7bf61b1d5,0,67676308,100,1,0x00d18bc3fab01162f43f20c071559795fcaf4144,18,MELANIA,4646,418.29135736553644,0.7631878557874763,8,0.030000315525943944,0.007102884201463625,0.0337,2011,4646,418.29135736553644,True,train,False,6,40.0,35.0,True,,0,False,False,False,,
0xd35ce2d4f80253774bee61240d3bf61db4d9158c0cd332bce507acbdd57279b9,0xf107b1d58fb2386484ee30ac2712a1c7bf61b1d5,0,67676308,100,1,0x00d18bc3fab01162f43f20c071559795fcaf4144,18,MELANIA,4646,418.29135736553644,0.7631878557874763,8,0.030000315525943944,0.007102884201463625,0.0337,2011,4646,418.29135736553644,True,train,False,6,40.0,35.0,False,,0,False,False,False,,
0xd35ce2d4f80253774bee61240d3bf61db4d9158c0cd332bce507acbdd57279b9,0xf107b1d58fb2386484ee30ac2712a1c7bf61b1d5,0,67676308,100,1,0x00d18bc3fab01162f43f20c071559795fcaf4144,18,MELANIA,4646,418.29135736553644,0.7631878557874763,8,0.030000315525943944,0.007102884201463625,0.0337,2011,4646,418.29135736553644,True,train,False,6,60.0,15.0,True,,0,False,False,False,,
0xd35ce2d4f80253774bee61240d3bf61db4d9158c0cd332bce507acbdd57279b9,0xf107b1d58fb2386484ee30ac2712a1c7bf61b1d5,0,67676308,100,1,0x00d18bc3fab01162f43f20c071559795fcaf4144,18,MELANIA,4646,418.29135736553644,0.7631878557874763,8,0.030000315525943944,0.007102884201463625,0.0337,2011,4646,418.29135736553644,True,train,False,6,60.0,15.0,False,,0,False,False,False,,
0xd35ce2d4f80253774bee61240d3bf61db4d9158c0cd332bce507acbdd57279b9,0xf107b1d58fb2386484ee30ac2712a1c7bf61b1d5,0,67676308,100,1,0x00d18bc3fab01162f43f20c071559795fcaf4144,18,MELANIA,4646,418.29135736553644,0.7631878557874763,8,0.030000315525943944,0.007102884201463625,0.0337,2011,4646,418.29135736553644,True,train,False,6,60.0,25.0,True,,0,False,False,False,,
0xd35ce2d4f80253774bee61240d3bf61db4d9158c0cd332bce507acbdd57279b9,0xf107b1d58fb2386484ee30ac2712a1c7bf61b1d5,0,67676308,100,1,0x00d18bc3fab01162f43f20c071559795fcaf4144,18,MELANIA,4646,418.29135736553644,0.7631878557874763,8,0.030000315525943944,0.007102884201463625,0.0337,2011,4646,418.29135736553644,True,train,False,6,60.0,25.0,False,,0,False,False,False,,
0xd35ce2d4f80253774bee61240d3bf61db4d9158c0cd332bce507acbdd57279b9,0xf107b1d58fb2386484ee30ac2712a1c7bf61b1d5,0,67676308,100,1,0x00d18bc3fab01162f43f20c071559795fcaf4144,18,MELANIA,4646,418.29135736553644,0.7631878557874763,8,0.030000315525943944,0.007102884201463625,0.0337,2011,4646,418.29135736553644,True,train,False,6,60.0,35.0,True,,0,False,False,False,,
0xd35ce2d4f80253774bee61240d3bf61db4d9158c0cd332bce507acbdd57279b9,0xf107b1d58fb2386484ee30ac2712a1c7bf61b1d5,0,67676308,100,1,0x00d18bc3fab01162f43f20c071559795fcaf4144,18,MELANIA,4646,418.29135736553644,0.7631878557874763,8,0.030000315525943944,0.007102884201463625,0.0337,2011,4646,418.29135736553644,True,train,False,6,60.0,35.0,False,,0,False,False,False,,
0xd35ce2d4f80253774bee61240d3bf61db4d9158c0cd332bce507acbdd57279b9,0xf107b1d58fb2386484ee30ac2712a1c7bf61b1d5,0,67676308,100,1,0x00d18bc3fab01162f43f20c071559795fcaf4144,18,MELANIA,4646,418.29135736553644,0.7631878557874763,8,0.030000315525943944,0.007102884201463625,0.0337,2011,4646,418.29135736553644,True,train,False,12,25.0,15.0,True,,0,False,False,False,,
0xd35ce2d4f80253774bee61240d3bf61db4d9158c0cd332bce507acbdd57279b9,0xf107b1d58fb2386484ee30ac2712a1c7bf61b1d5,0,67676308,100,1,0x00d18bc3fab01162f43f20c071559795fcaf4144,18,MELANIA,4646,418.29135736553644,0.7631878557874763,8,0.030000315525943944,0.007102884201463625,0.0337,2011,4646,418.29135736553644,True,train,False,12,25.0,15.0,False,,0,False,False,False,,
0xd35ce2d4f80253774bee61240d3bf61db4d9158c0cd332bce507acbdd57279b9,0xf107b1d58fb2386484ee30ac2712a1c7bf61b1d5,0,67676308,100,1,0x00d18bc3fab01162f43f20c071559795fcaf4144,18,MELANIA,4646,418.29135736553644,0.7631878557874763,8,0.030000315525943944,0.007102884201463625,0.0337,2011,4646,418.29135736553644,True,train,False,12,25.0,25.0,True,,0,False,False,False,,
0xd35ce2d4f80253774bee61240d3bf61db4d9158c0cd332bce507acbdd57279b9,0xf107b1d58fb2386484ee30ac2712a1c7bf61b1d5,0,67676308,100,1,0x00d18bc3fab01162f43f20c071559795fcaf4144,18,MELANIA,4646,418.29135736553644,0.7631878557874763,8,0.030000315525943944,0.007102884201463625,0.0337,2011,4646,418.29135736553644,True,train,False,12,25.0,25.0,False,,0,False,False,False,,
0xd35ce2d4f80253774bee61240d3bf61db4d9158c0cd332bce507acbdd57279b9,0xf107b1d58fb2386484ee30ac2712a1c7bf61b1d5,0,67676308,100,1,0x00d18bc3fab01162f43f20c071559795fcaf4144,18,MELANIA,4646,418.29135736553644,0.7631878557874763,8,0.030000315525943944,0.007102884201463625,0.0337,2011,4646,418.29135736553644,True,train,False,12,25.0,35.0,True,,0,False,False,False,,
0xd35ce2d4f80253774bee61240d3bf61db4d9158c0cd332bce507acbdd57279b9,0xf107b1d58fb2386484ee30ac2712a1c7bf61b1d5,0,67676308,100,1,0x00d18bc3fab01162f43f20c071559795fcaf4144,18,MELANIA,4646,418.29135736553644,0.7631878557874763,8,0.030000315525943944,0.007102884201463625,0.0337,2011,4646,418.29135736553644,True,train,False,12,25.0,35.0,False,,0,False,False,False,,
0xd35ce2d4f80253774bee61240d3bf61db4d9158c0cd332bce507acbdd57279b9,0xf107b1d58fb2386484ee30ac2712a1c7bf61b1d5,0,67676308,100,1,0x00d18bc3fab01162f43f20c071559795fcaf4144,18,MELANIA,4646,418.29135736553644,0.7631878557874763,8,0.030000315525943944,0.007102884201463625,0.0337,2011,4646,418.29135736553644,True,train,False,12,40.0,15.0,True,,0,False,False,False,,
0xd35ce2d4f80253774bee61240d3bf61db4d9158c0cd332bce507acbdd57279b9,0xf107b1d58fb2386484ee30ac2712a1c7bf61b1d5,0,67676308,100,1,0x00d18bc3fab01162f43f20c071559795fcaf4144,18,MELANIA,4646,418.29135736553644,0.7631878557874763,8,0.030000315525943944,0.007102884201463625,0.0337,2011,4646,418.29135736553644,True,train,False,12,40.0,15.0,False,,0,False,False,False,,
0xd35ce2d4f80253774bee61240d3bf61db4d9158c0cd332bce507acbdd57279b9,0xf107b1d58fb2386484ee30ac2712a1c7bf61b1d5,0,67676308,100,1,0x00d18bc3fab01162f43f20c071559795fcaf4144,18,MELANIA,4646,418.29135736553644,0.7631878557874763,8,0.030000315525943944,0.007102884201463625,0.0337,2011,4646,418.29135736553644,True,train,False,12,40.0,25.0,True,,0,False,False,False,,
0xd35ce2d4f80253774bee61240d3bf61db4d9158c0cd332bce507acbdd57279b9,0xf107b1d58fb2386484ee30ac2712a1c7bf61b1d5,0,67676308,100,1,0x00d18bc3fab01162f43f20c071559795fcaf4144,18,MELANIA,4646,418.29135736553644,0.7631878557874763,8,0.030000315525943944,0.007102884201463625,0.0337,2011,4646,418.29135736553644,True,train,False,12,40.0,25.0,False,,0,False,False,False,,
0xd35ce2d4f80253774bee61240d3bf61db4d9158c0cd332bce507acbdd57279b9,0xf107b1d58fb2386484ee30ac2712a1c7bf61b1d5,0,67676308,100,1,0x00d18bc3fab01162f43f20c071559795fcaf4144,18,MELANIA,4646,418.29135736553644,0.7631878557874763,8,0.030000315525943944,0.007102884201463625,0.0337,2011,4646,418.29135736553644,True,train,False,12,40.0,35.0,True,,0,False,False,False,,
0xd35ce2d4f80253774bee61240d3bf61db4d9158c0cd332bce507acbdd57279b9,0xf107b1d58fb2386484ee30ac2712a1c7bf61b1d5,0,67676308,100,1,0x00d18bc3fab01162f43f20c071559795fcaf4144,18,MELANIA,4646,418.29135736553644,0.7631878557874763,8,0.030000315525943944,0.007102884201463625,0.0337,2011,4646,418.29135736553644,True,train,False,12,40.0,35.0,False,,0,False,False,False,,
0xd35ce2d4f80253774bee61240d3bf61db4d9158c0cd332bce507acbdd57279b9,0xf107b1d58fb2386484ee30ac2712a1c7bf61b1d5,0,67676308,100,1,0x00d18bc3fab01162f43f20c071559795fcaf4144,18,MELANIA,4646,418.29135736553644,0.7631878557874763,8,0.030000315525943944,0.007102884201463625,0.0337,2011,4646,418.29135736553644,True,train,False,12,60.0,15.0,True,,0,False,False,False,,
0xd35ce2d4f80253774bee61240d3bf61db4d9158c0cd332bce507acbdd57279b9,0xf107b1d58fb2386484ee30ac2712a1c7bf61b1d5,0,67676308,100,1,0x00d18bc3fab01162f43f20c071559795fcaf4144,18,MELANIA,4646,418.29135736553644,0.7631878557874763,8,0.030000315525943944,0.007102884201463625,0.0337,2011,4646,418.29135736553644,True,train,False,12,60.0,15.0,False,,0,False,False,False,,
0xd35ce2d4f80253774bee61240d3bf61db4d9158c0cd332bce507acbdd57279b9,0xf107b1d58fb2386484ee30ac2712a1c7bf61b1d5,0,67676308,100,1,0x00d18bc3fab01162f43f20c071559795fcaf4144,18,MELANIA,4646,418.29135736553644,0.7631878557874763,8,0.030000315525943944,0.007102884201463625,0.0337,2011,4646,418.29135736553644,True,train,False,12,60.0,25.0,True,,0,False,False,False,,
0xd35ce2d4f80253774bee61240d3bf61db4d9158c0cd332bce507acbdd57279b9,0xf107b1d58fb2386484ee30ac2712a1c7bf61b1d5,0,67676308,100,1,0x00d18bc3fab01162f43f20c071559795fcaf4144,18,MELANIA,4646,418.29135736553644,0.7631878557874763,8,0.030000315525943944,0.007102884201463625,0.0337,2011,4646,418.29135736553644,True,train,False,12,60.0,25.0,False,,0,False,False,False,,
0xd35ce2d4f80253774bee61240d3bf61db4d9158c0cd332bce507acbdd57279b9,0xf107b1d58fb2386484ee30ac2712a1c7bf61b1d5,0,67676308,100,1,0x00d18bc3fab01162f43f20c071559795fcaf4144,18,MELANIA,4646,418.29135736553644,0.7631878557874763,8,0.030000315525943944,0.007102884201463625,0.0337,2011,4646,418.29135736553644,True,train,False,12,60.0,35.0,True,,0,False,False,False,,
0xd35ce2d4f80253774bee61240d3bf61db4d9158c0cd332bce507acbdd57279b9,0xf107b1d58fb2386484ee30ac2712a1c7bf61b1d5,0,67676308,100,1,0x00d18bc3fab01162f43f20c071559795fcaf4144,18,MELANIA,4646,418.29135736553644,0.7631878557874763,8,0.030000315525943944,0.007102884201463625,0.0337,2011,4646,418.29135736553644,True,train,False,12,60.0,35.0,False,,0,False,False,False,,
0x660c4a30dbcd989eb3aa3dbf6d400c485f1e21af8df2be0ebf01059cc949bada,0x3739fe5159c1cf463b2fe696d5a5413905a9d5e1,0,67677155,0,200,0xe5e702641ea86f4ae6cc3cdaed2b886f976be044,18,JLAB,2390,64.61688524066595,0.9305331179321487,8,0.0780517599585781,0.03765690376569038,0.0085,1152,2390,64.61688524066595,True,test,True,2,25.0,15.0,True,-27.6647235590748,2,False,True,False,1.9504198326898876,0.06926262224128936
0x660c4a30dbcd989eb3aa3dbf6d400c485f1e21af8df2be0ebf01059cc949bada,0x3739fe5159c1cf463b2fe696d5a5413905a9d5e1,0,67677155,0,200,0xe5e702641ea86f4ae6cc3cdaed2b886f976be044,18,JLAB,2390,64.61688524066595,0.9305331179321487,8,0.0780517599585781,0.03765690376569038,0.0085,1152,2390,64.61688524066595,True,test,True,2,25.0,15.0,False,-27.6647235590748,2,False,True,False,1.9504198326898876,0.06926262224128936
0x660c4a30dbcd989eb3aa3dbf6d400c485f1e21af8df2be0ebf01059cc949bada,0x3739fe5159c1cf463b2fe696d5a5413905a9d5e1,0,67677155,0,200,0xe5e702641ea86f4ae6cc3cdaed2b886f976be044,18,JLAB,2390,64.61688524066595,0.9305331179321487,8,0.0780517599585781,0.03765690376569038,0.0085,1152,2390,64.61688524066595,True,test,True,2,25.0,25.0,True,-39.51135693175342,2,False,True,False,1.9504198326898876,0.06926262224128936
0x660c4a30dbcd989eb3aa3dbf6d400c485f1e21af8df2be0ebf01059cc949bada,0x3739fe5159c1cf463b2fe696d5a5413905a9d5e1,0,67677155,0,200,0xe5e702641ea86f4ae6cc3cdaed2b886f976be044,18,JLAB,2390,64.61688524066595,0.9305331179321487,8,0.0780517599585781,0.03765690376569038,0.0085,1152,2390,64.61688524066595,True,test,True,2,25.0,25.0,False,-39.51135693175342,2,False,True,False,1.9504198326898876,0.06926262224128936
0x660c4a30dbcd989eb3aa3dbf6d400c485f1e21af8df2be0ebf01059cc949bada,0x3739fe5159c1cf463b2fe696d5a5413905a9d5e1,0,67677155,0,200,0xe5e702641ea86f4ae6cc3cdaed2b886f976be044,18,JLAB,2390,64.61688524066595,0.9305331179321487,8,0.0780517599585781,0.03765690376569038,0.0085,1152,2390,64.61688524066595,True,test,True,2,25.0,35.0,True,-43.594468969722186,2,False,True,False,1.9504198326898876,0.06926262224128936
0x660c4a30dbcd989eb3aa3dbf6d400c485f1e21af8df2be0ebf01059cc949bada,0x3739fe5159c1cf463b2fe696d5a5413905a9d5e1,0,67677155,0,200,0xe5e702641ea86f4ae6cc3cdaed2b886f976be044,18,JLAB,2390,64.61688524066595,0.9305331179321487,8,0.0780517599585781,0.03765690376569038,0.0085,1152,2390,64.61688524066595,True,test,True,2,25.0,35.0,False,-43.594468969722186,2,False,True,False,1.9504198326898876,0.06926262224128936
0x660c4a30dbcd989eb3aa3dbf6d400c485f1e21af8df2be0ebf01059cc949bada,0x3739fe5159c1cf463b2fe696d5a5413905a9d5e1,0,67677155,0,200,0xe5e702641ea86f4ae6cc3cdaed2b886f976be044,18,JLAB,2390,64.61688524066595,0.9305331179321487,8,0.0780517599585781,0.03765690376569038,0.0085,1152,2390,64.61688524066595,True,test,True,2,40.0,15.0,True,-33.3320476103248,2,False,True,False,1.9504198326898876,0.06926262224128936
0x660c4a30dbcd989eb3aa3dbf6d400c485f1e21af8df2be0ebf01059cc949bada,0x3739fe5159c1cf463b2fe696d5a5413905a9d5e1,0,67677155,0,200,0xe5e702641ea86f4ae6cc3cdaed2b886f976be044,18,JLAB,2390,64.61688524066595,0.9305331179321487,8,0.0780517599585781,0.03765690376569038,0.0085,1152,2390,64.61688524066595,True,test,True,2,40.0,15.0,False,-33.3320476103248,2,False,True,False,1.9504198326898876,0.06926262224128936
0x660c4a30dbcd989eb3aa3dbf6d400c485f1e21af8df2be0ebf01059cc949bada,0x3739fe5159c1cf463b2fe696d5a5413905a9d5e1,0,67677155,0,200,0xe5e702641ea86f4ae6cc3cdaed2b886f976be044,18,JLAB,2390,64.61688524066595,0.9305331179321487,8,0.0780517599585781,0.03765690376569038,0.0085,1152,2390,64.61688524066595,True,test,True,2,40.0,25.0,True,-44.263177374131004,2,False,True,False,1.9504198326898876,0.06926262224128936
0x660c4a30dbcd989eb3aa3dbf6d400c485f1e21af8df2be0ebf01059cc949bada,0x3739fe5159c1cf463b2fe696d5a5413905a9d5e1,0,67677155,0,200,0xe5e702641ea86f4ae6cc3cdaed2b886f976be044,18,JLAB,2390,64.61688524066595,0.9305331179321487,8,0.0780517599585781,0.03765690376569038,0.0085,1152,2390,64.61688524066595,True,test,True,2,40.0,25.0,False,-44.263177374131004,2,False,True,False,1.9504198326898876,0.06926262224128936
0x660c4a30dbcd989eb3aa3dbf6d400c485f1e21af8df2be0ebf01059cc949bada,0x3739fe5159c1cf463b2fe696d5a5413905a9d5e1,0,67677155,0,200,0xe5e702641ea86f4ae6cc3cdaed2b886f976be044,18,JLAB,2390,64.61688524066595,0.9305331179321487,8,0.0780517599585781,0.03765690376569038,0.0085,1152,2390,64.61688524066595,True,test,True,2,40.0,35.0,True,-48.030747967657696,2,False,True,False,1.9504198326898876,0.06926262224128936
0x660c4a30dbcd989eb3aa3dbf6d400c485f1e21af8df2be0ebf01059cc949bada,0x3739fe5159c1cf463b2fe696d5a5413905a9d5e1,0,67677155,0,200,0xe5e702641ea86f4ae6cc3cdaed2b886f976be044,18,JLAB,2390,64.61688524066595,0.9305331179321487,8,0.0780517599585781,0.03765690376569038,0.0085,1152,2390,64.61688524066595,True,test,True,2,40.0,35.0,False,-48.030747967657696,2,False,True,False,1.9504198326898876,0.06926262224128936
0x660c4a30dbcd989eb3aa3dbf6d400c485f1e21af8df2be0ebf01059cc949bada,0x3739fe5159c1cf463b2fe696d5a5413905a9d5e1,0,67677155,0,200,0xe5e702641ea86f4ae6cc3cdaed2b886f976be044,18,JLAB,2390,64.61688524066595,0.9305331179321487,8,0.0780517599585781,0.03765690376569038,0.0085,1152,2390,64.61688524066595,True,test,True,2,60.0,15.0,True,-37.59945132374867,2,False,True,False,1.9504198326898876,0.06926262224128936
0x660c4a30dbcd989eb3aa3dbf6d400c485f1e21af8df2be0ebf01059cc949bada,0x3739fe5159c1cf463b2fe696d5a5413905a9d5e1,0,67677155,0,200,0xe5e702641ea86f4ae6cc3cdaed2b886f976be044,18,JLAB,2390,64.61688524066595,0.9305331179321487,8,0.0780517599585781,0.03765690376569038,0.0085,1152,2390,64.61688524066595,True,test,True,2,60.0,15.0,False,-37.59945132374867,2,False,True,False,1.9504198326898876,0.06926262224128936
0x660c4a30dbcd989eb3aa3dbf6d400c485f1e21af8df2be0ebf01059cc949bada,0x3739fe5159c1cf463b2fe696d5a5413905a9d5e1,0,67677155,0,200,0xe5e702641ea86f4ae6cc3cdaed2b886f976be044,18,JLAB,2390,64.61688524066595,0.9305331179321487,8,0.0780517599585781,0.03765690376569038,0.0085,1152,2390,64.61688524066595,True,test,True,2,60.0,25.0,True,-47.84122161828414,2,False,True,False,1.9504198326898876,0.06926262224128936
0x660c4a30dbcd989eb3aa3dbf6d400c485f1e21af8df2be0ebf01059cc949bada,0x3739fe5159c1cf463b2fe696d5a5413905a9d5e1,0,67677155,0,200,0xe5e702641ea86f4ae6cc3cdaed2b886f976be044,18,JLAB,2390,64.61688524066595,0.9305331179321487,8,0.0780517599585781,0.03765690376569038,0.0085,1152,2390,64.61688524066595,True,test,True,2,60.0,25.0,False,-47.84122161828414,2,False,True,False,1.9504198326898876,0.06926262224128936
0x660c4a30dbcd989eb3aa3dbf6d400c485f1e21af8df2be0ebf01059cc949bada,0x3739fe5159c1cf463b2fe696d5a5413905a9d5e1,0,67677155,0,200,0xe5e702641ea86f4ae6cc3cdaed2b886f976be044,18,JLAB,2390,64.61688524066595,0.9305331179321487,8,0.0780517599585781,0.03765690376569038,0.0085,1152,2390,64.61688524066595,True,test,True,2,60.0,35.0,True,-51.37119458732802,2,False,True,False,1.9504198326898876,0.06926262224128936
0x660c4a30dbcd989eb3aa3dbf6d400c485f1e21af8df2be0ebf01059cc949bada,0x3739fe5159c1cf463b2fe696d5a5413905a9d5e1,0,67677155,0,200,0xe5e702641ea86f4ae6cc3cdaed2b886f976be044,18,JLAB,2390,64.61688524066595,0.9305331179321487,8,0.0780517599585781,0.03765690376569038,0.0085,1152,2390,64.61688524066595,True,test,True,2,60.0,35.0,False,-51.37119458732802,2,False,True,False,1.9504198326898876,0.06926262224128936
0x660c4a30dbcd989eb3aa3dbf6d400c485f1e21af8df2be0ebf01059cc949bada,0x3739fe5159c1cf463b2fe696d5a5413905a9d5e1,0,67677155,0,200,0xe5e702641ea86f4ae6cc3cdaed2b886f976be044,18,JLAB,2390,64.61688524066595,0.9305331179321487,8,0.0780517599585781,0.03765690376569038,0.0085,1152,2390,64.61688524066595,True,test,True,4,25.0,15.0,True,-21.29827311189957,1,False,True,False,1.0865825114038947,0.048758212894939035
0x660c4a30dbcd989eb3aa3dbf6d400c485f1e21af8df2be0ebf01059cc949bada,0x3739fe5159c1cf463b2fe696d5a5413905a9d5e1,0,67677155,0,200,0xe5e702641ea86f4ae6cc3cdaed2b886f976be044,18,JLAB,2390,64.61688524066595,0.9305331179321487,8,0.0780517599585781,0.03765690376569038,0.0085,1152,2390,64.61688524066595,True,test,True,4,25.0,15.0,False,-21.29827311189957,1,False,True,False,1.0865825114038947,0.048758212894939035
0x660c4a30dbcd989eb3aa3dbf6d400c485f1e21af8df2be0ebf01059cc949bada,0x3739fe5159c1cf463b2fe696d5a5413905a9d5e1,0,67677155,0,200,0xe5e702641ea86f4ae6cc3cdaed2b886f976be044,18,JLAB,2390,64.61688524066595,0.9305331179321487,8,0.0780517599585781,0.03765690376569038,0.0085,1152,2390,64.61688524066595,True,test,True,4,25.0,25.0,True,-34.18147603010519,1,False,True,False,1.0865825114038947,0.048758212894939035
0x660c4a30dbcd989eb3aa3dbf6d400c485f1e21af8df2be0ebf01059cc949bada,0x3739fe5159c1cf463b2fe696d5a5413905a9d5e1,0,67677155,0,200,0xe5e702641ea86f4ae6cc3cdaed2b886f976be044,18,JLAB,2390,64.61688524066595,0.9305331179321487,8,0.0780517599585781,0.03765690376569038,0.0085,1152,2390,64.61688524066595,True,test,True,4,25.0,25.0,False,-34.18147603010519,1,False,True,False,1.0865825114038947,0.048758212894939035
0x660c4a30dbcd989eb3aa3dbf6d400c485f1e21af8df2be0ebf01059cc949bada,0x3739fe5159c1cf463b2fe696d5a5413905a9d5e1,0,67677155,0,200,0xe5e702641ea86f4ae6cc3cdaed2b886f976be044,18,JLAB,2390,64.61688524066595,0.9305331179321487,8,0.0780517599585781,0.03765690376569038,0.0085,1152,2390,64.61688524066595,True,test,True,4,25.0,35.0,True,-34.18147603010519,1,False,True,False,1.0865825114038947,0.048758212894939035
0x660c4a30dbcd989eb3aa3dbf6d400c485f1e21af8df2be0ebf01059cc949bada,0x3739fe5159c1cf463b2fe696d5a5413905a9d5e1,0,67677155,0,200,0xe5e702641ea86f4ae6cc3cdaed2b886f976be044,18,JLAB,2390,64.61688524066595,0.9305331179321487,8,0.0780517599585781,0.03765690376569038,0.0085,1152,2390,64.61688524066595,True,test,True,4,25.0,35.0,False,-34.18147603010519,1,False,True,False,1.0865825114038947,0.048758212894939035
0x660c4a30dbcd989eb3aa3dbf6d400c485f1e21af8df2be0ebf01059cc949bada,0x3739fe5159c1cf463b2fe696d5a5413905a9d5e1,0,67677155,0,200,0xe5e702641ea86f4ae6cc3cdaed2b886f976be044,18,JLAB,2390,64.61688524066595,0.9305331179321487,8,0.0780517599585781,0.03765690376569038,0.0085,1152,2390,64.61688524066595,True,test,True,4,40.0,15.0,True,-19.036689484268475,1,False,True,False,1.0865825114038947,0.048758212894939035
0x660c4a30dbcd989eb3aa3dbf6d400c485f1e21af8df2be0ebf01059cc949bada,0x3739fe5159c1cf463b2fe696d5a5413905a9d5e1,0,67677155,0,200,0xe5e702641ea86f4ae6cc3cdaed2b886f976be044,18,JLAB,2390,64.61688524066595,0.9305331179321487,8,0.0780517599585781,0.03765690376569038,0.0085,1152,2390,64.61688524066595,True,test,True,4,40.0,15.0,False,-19.036689484268475,1,False,True,False,1.0865825114038947,0.048758212894939035
0x660c4a30dbcd989eb3aa3dbf6d400c485f1e21af8df2be0ebf01059cc949bada,0x3739fe5159c1cf463b2fe696d5a5413905a9d5e1,0,67677155,0,200,0xe5e702641ea86f4ae6cc3cdaed2b886f976be044,18,JLAB,2390,64.61688524066595,0.9305331179321487,8,0.0780517599585781,0.03765690376569038,0.0085,1152,2390,64.61688524066595,True,test,True,4,40.0,25.0,True,-32.12515261619292,1,False,True,False,1.0865825114038947,0.048758212894939035
0x660c4a30dbcd989eb3aa3dbf6d400c485f1e21af8df2be0ebf01059cc949bada,0x3739fe5159c1cf463b2fe696d5a5413905a9d5e1,0,67677155,0,200,0xe5e702641ea86f4ae6cc3cdaed2b886f976be044,18,JLAB,2390,64.61688524066595,0.9305331179321487,8,0.0780517599585781,0.03765690376569038,0.0085,1152,2390,64.61688524066595,True,test,True,4,40.0,25.0,False,-32.12515261619292,1,False,True,False,1.0865825114038947,0.048758212894939035
0x660c4a30dbcd989eb3aa3dbf6d400c485f1e21af8df2be0ebf01059cc949bada,0x3739fe5159c1cf463b2fe696d5a5413905a9d5e1,0,67677155,0,200,0xe5e702641ea86f4ae6cc3cdaed2b886f976be044,18,JLAB,2390,64.61688524066595,0.9305331179321487,8,0.0780517599585781,0.03765690376569038,0.0085,1152,2390,64.61688524066595,True,test,True,4,40.0,35.0,True,-32.12515261619292,1,False,True,False,1.0865825114038947,0.048758212894939035
0x660c4a30dbcd989eb3aa3dbf6d400c485f1e21af8df2be0ebf01059cc949bada,0x3739fe5159c1cf463b2fe696d5a5413905a9d5e1,0,67677155,0,200,0xe5e702641ea86f4ae6cc3cdaed2b886f976be044,18,JLAB,2390,64.61688524066595,0.9305331179321487,8,0.0780517599585781,0.03765690376569038,0.0085,1152,2390,64.61688524066595,True,test,True,4,40.0,35.0,False,-32.12515261619292,1,False,True,False,1.0865825114038947,0.048758212894939035
0x660c4a30dbcd989eb3aa3dbf6d400c485f1e21af8df2be0ebf01059cc949bada,0x3739fe5159c1cf463b2fe696d5a5413905a9d5e1,0,67677155,0,200,0xe5e702641ea86f4ae6cc3cdaed2b886f976be044,18,JLAB,2390,64.61688524066595,0.9305331179321487,8,0.0780517599585781,0.03765690376569038,0.0085,1152,2390,64.61688524066595,True,test,True,4,60.0,15.0,True,-17.55974132202054,1,False,True,False,1.0865825114038947,0.048758212894939035
0x660c4a30dbcd989eb3aa3dbf6d400c485f1e21af8df2be0ebf01059cc949bada,0x3739fe5159c1cf463b2fe696d5a5413905a9d5e1,0,67677155,0,200,0xe5e702641ea86f4ae6cc3cdaed2b886f976be044,18,JLAB,2390,64.61688524066595,0.9305331179321487,8,0.0780517599585781,0.03765690376569038,0.0085,1152,2390,64.61688524066595,True,test,True,4,60.0,15.0,False,-17.55974132202054,1,False,True,False,1.0865825114038947,0.048758212894939035
0x660c4a30dbcd989eb3aa3dbf6d400c485f1e21af8df2be0ebf01059cc949bada,0x3739fe5159c1cf463b2fe696d5a5413905a9d5e1,0,67677155,0,200,0xe5e702641ea86f4ae6cc3cdaed2b886f976be044,18,JLAB,2390,64.61688524066595,0.9305331179321487,8,0.0780517599585781,0.03765690376569038,0.0085,1152,2390,64.61688524066595,True,test,True,4,60.0,25.0,True,-29.552136279347952,1,False,True,False,1.0865825114038947,0.048758212894939035
0x660c4a30dbcd989eb3aa3dbf6d400c485f1e21af8df2be0ebf01059cc949bada,0x3739fe5159c1cf463b2fe696d5a5413905a9d5e1,0,67677155,0,200,0xe5e702641ea86f4ae6cc3cdaed2b886f976be044,18,JLAB,2390,64.61688524066595,0.9305331179321487,8,0.0780517599585781,0.03765690376569038,0.0085,1152,2390,64.61688524066595,True,test,True,4,60.0,25.0,False,-29.552136279347952,1,False,True,False,1.0865825114038947,0.048758212894939035
0x660c4a30dbcd989eb3aa3dbf6d400c485f1e21af8df2be0ebf01059cc949bada,0x3739fe5159c1cf463b2fe696d5a5413905a9d5e1,0,67677155,0,200,0xe5e702641ea86f4ae6cc3cdaed2b886f976be044,18,JLAB,2390,64.61688524066595,0.9305331179321487,8,0.0780517599585781,0.03765690376569038,0.0085,1152,2390,64.61688524066595,True,test,True,4,60.0,35.0,True,-29.552136279347952,1,False,True,False,1.0865825114038947,0.048758212894939035
0x660c4a30dbcd989eb3aa3dbf6d400c485f1e21af8df2be0ebf01059cc949bada,0x3739fe5159c1cf463b2fe696d5a5413905a9d5e1,0,67677155,0,200,0xe5e702641ea86f4ae6cc3cdaed2b886f976be044,18,JLAB,2390,64.61688524066595,0.9305331179321487,8,0.0780517599585781,0.03765690376569038,0.0085,1152,2390,64.61688524066595,True,test,True,4,60.0,35.0,False,-29.552136279347952,1,False,True,False,1.0865825114038947,0.048758212894939035
0x660c4a30dbcd989eb3aa3dbf6d400c485f1e21af8df2be0ebf01059cc949bada,0x3739fe5159c1cf463b2fe696d5a5413905a9d5e1,0,67677155,0,200,0xe5e702641ea86f4ae6cc3cdaed2b886f976be044,18,JLAB,2390,64.61688524066595,0.9305331179321487,8,0.0780517599585781,0.03765690376569038,0.0085,1152,2390,64.61688524066595,True,test,True,6,25.0,15.0,True,-28.397483252265964,2,False,True,False,1.2568980550532236,0.2597044464974337
0x660c4a30dbcd989eb3aa3dbf6d400c485f1e21af8df2be0ebf01059cc949bada,0x3739fe5159c1cf463b2fe696d5a5413905a9d5e1,0,67677155,0,200,0xe5e702641ea86f4ae6cc3cdaed2b886f976be044,18,JLAB,2390,64.61688524066595,0.9305331179321487,8,0.0780517599585781,0.03765690376569038,0.0085,1152,2390,64.61688524066595,True,test,True,6,25.0,15.0,False,-28.397483252265964,2,False,True,False,1.2568980550532236,0.2597044464974337
0x660c4a30dbcd989eb3aa3dbf6d400c485f1e21af8df2be0ebf01059cc949bada,0x3739fe5159c1cf463b2fe696d5a5413905a9d5e1,0,67677155,0,200,0xe5e702641ea86f4ae6cc3cdaed2b886f976be044,18,JLAB,2390,64.61688524066595,0.9305331179321487,8,0.0780517599585781,0.03765690376569038,0.0085,1152,2390,64.61688524066595,True,test,True,6,25.0,25.0,True,-35.29122294003296,2,False,True,False,1.2568980550532236,0.2597044464974337
0x660c4a30dbcd989eb3aa3dbf6d400c485f1e21af8df2be0ebf01059cc949bada,0x3739fe5159c1cf463b2fe696d5a5413905a9d5e1,0,67677155,0,200,0xe5e702641ea86f4ae6cc3cdaed2b886f976be044,18,JLAB,2390,64.61688524066595,0.9305331179321487,8,0.0780517599585781,0.03765690376569038,0.0085,1152,2390,64.61688524066595,True,test,True,6,25.0,25.0,False,-35.29122294003296,2,False,True,False,1.2568980550532236,0.2597044464974337
0x660c4a30dbcd989eb3aa3dbf6d400c485f1e21af8df2be0ebf01059cc949bada,0x3739fe5159c1cf463b2fe696d5a5413905a9d5e1,0,67677155,0,200,0xe5e702641ea86f4ae6cc3cdaed2b886f976be044,18,JLAB,2390,64.61688524066595,0.9305331179321487,8,0.0780517599585781,0.03765690376569038,0.0085,1152,2390,64.61688524066595,True,test,True,6,25.0,35.0,True,-45.40901220369158,2,False,True,False,1.2568980550532236,0.2597044464974337
0x660c4a30dbcd989eb3aa3dbf6d400c485f1e21af8df2be0ebf01059cc949bada,0x3739fe5159c1cf463b2fe696d5a5413905a9d5e1,0,67677155,0,200,0xe5e702641ea86f4ae6cc3cdaed2b886f976be044,18,JLAB,2390,64.61688524066595,0.9305331179321487,8,0.0780517599585781,0.03765690376569038,0.0085,1152,2390,64.61688524066595,True,test,True,6,25.0,35.0,False,-45.40901220369158,2,False,True,False,1.2568980550532236,0.2597044464974337
0x660c4a30dbcd989eb3aa3dbf6d400c485f1e21af8df2be0ebf01059cc949bada,0x3739fe5159c1cf463b2fe696d5a5413905a9d5e1,0,67677155,0,200,0xe5e702641ea86f4ae6cc3cdaed2b886f976be044,18,JLAB,2390,64.61688524066595,0.9305331179321487,8,0.0780517599585781,0.03765690376569038,0.0085,1152,2390,64.61688524066595,True,test,True,6,40.0,15.0,True,-12.762475614786606,1,False,True,False,1.2568980550532236,0.2597044464974337
0x660c4a30dbcd989eb3aa3dbf6d400c485f1e21af8df2be0ebf01059cc949bada,0x3739fe5159c1cf463b2fe696d5a5413905a9d5e1,0,67677155,0,200,0xe5e702641ea86f4ae6cc3cdaed2b886f976be044,18,JLAB,2390,64.61688524066595,0.9305331179321487,8,0.0780517599585781,0.03765690376569038,0.0085,1152,2390,64.61688524066595,True,test,True,6,40.0,15.0,False,-12.762475614786606,1,False,True,False,1.2568980550532236,0.2597044464974337
0x660c4a30dbcd989eb3aa3dbf6d400c485f1e21af8df2be0ebf01059cc949bada,0x3739fe5159c1cf463b2fe696d5a5413905a9d5e1,0,67677155,0,200,0xe5e702641ea86f4ae6cc3cdaed2b886f976be044,18,JLAB,2390,64.61688524066595,0.9305331179321487,8,0.0780517599585781,0.03765690376569038,0.0085,1152,2390,64.61688524066595,True,test,True,6,40.0,25.0,True,-19.958275098115983,1,False,True,False,1.2568980550532236,0.2597044464974337
0x660c4a30dbcd989eb3aa3dbf6d400c485f1e21af8df2be0ebf01059cc949bada,0x3739fe5159c1cf463b2fe696d5a5413905a9d5e1,0,67677155,0,200,0xe5e702641ea86f4ae6cc3cdaed2b886f976be044,18,JLAB,2390,64.61688524066595,0.9305331179321487,8,0.0780517599585781,0.03765690376569038,0.0085,1152,2390,64.61688524066595,True,test,True,6,40.0,25.0,False,-19.958275098115983,1,False,True,False,1.2568980550532236,0.2597044464974337
0x660c4a30dbcd989eb3aa3dbf6d400c485f1e21af8df2be0ebf01059cc949bada,0x3739fe5159c1cf463b2fe696d5a5413905a9d5e1,0,67677155,0,200,0xe5e702641ea86f4ae6cc3cdaed2b886f976be044,18,JLAB,2390,64.61688524066595,0.9305331179321487,8,0.0780517599585781,0.03765690376569038,0.0085,1152,2390,64.61688524066595,True,test,True,6,40.0,35.0,True,-32.34286241805518,1,False,True,False,1.2568980550532236,0.2597044464974337
0x660c4a30dbcd989eb3aa3dbf6d400c485f1e21af8df2be0ebf01059cc949bada,0x3739fe5159c1cf463b2fe696d5a5413905a9d5e1,0,67677155,0,200,0xe5e702641ea86f4ae6cc3cdaed2b886f976be044,18,JLAB,2390,64.61688524066595,0.9305331179321487,8,0.0780517599585781,0.03765690376569038,0.0085,1152,2390,64.61688524066595,True,test,True,6,40.0,35.0,False,-32.34286241805518,1,False,True,False,1.2568980550532236,0.2597044464974337
0x660c4a30dbcd989eb3aa3dbf6d400c485f1e21af8df2be0ebf01059cc949bada,0x3739fe5159c1cf463b2fe696d5a5413905a9d5e1,0,67677155,0,200,0xe5e702641ea86f4ae6cc3cdaed2b886f976be044,18,JLAB,2390,64.61688524066595,0.9305331179321487,8,0.0780517599585781,0.03765690376569038,0.0085,1152,2390,64.61688524066595,True,test,True,6,60.0,15.0,True,-12.023949324769656,1,False,True,False,1.2568980550532236,0.2597044464974337
0x660c4a30dbcd989eb3aa3dbf6d400c485f1e21af8df2be0ebf01059cc949bada,0x3739fe5159c1cf463b2fe696d5a5413905a9d5e1,0,67677155,0,200,0xe5e702641ea86f4ae6cc3cdaed2b886f976be044,18,JLAB,2390,64.61688524066595,0.9305331179321487,8,0.0780517599585781,0.03765690376569038,0.0085,1152,2390,64.61688524066595,True,test,True,6,60.0,15.0,False,-12.023949324769656,1,False,True,False,1.2568980550532236,0.2597044464974337
0x660c4a30dbcd989eb3aa3dbf6d400c485f1e21af8df2be0ebf01059cc949bada,0x3739fe5159c1cf463b2fe696d5a5413905a9d5e1,0,67677155,0,200,0xe5e702641ea86f4ae6cc3cdaed2b886f976be044,18,JLAB,2390,64.61688524066595,0.9305331179321487,8,0.0780517599585781,0.03765690376569038,0.0085,1152,2390,64.61688524066595,True,test,True,6,60.0,25.0,True,-18.360690900236175,1,False,True,False,1.2568980550532236,0.2597044464974337
0x660c4a30dbcd989eb3aa3dbf6d400c485f1e21af8df2be0ebf01059cc949bada,0x3739fe5159c1cf463b2fe696d5a5413905a9d5e1,0,67677155,0,200,0xe5e702641ea86f4ae6cc3cdaed2b886f976be044,18,JLAB,2390,64.61688524066595,0.9305331179321487,8,0.0780517599585781,0.03765690376569038,0.0085,1152,2390,64.61688524066595,True,test,True,6,60.0,25.0,False,-18.360690900236175,1,False,True,False,1.2568980550532236,0.2597044464974337
0x660c4a30dbcd989eb3aa3dbf6d400c485f1e21af8df2be0ebf01059cc949bada,0x3739fe5159c1cf463b2fe696d5a5413905a9d5e1,0,67677155,0,200,0xe5e702641ea86f4ae6cc3cdaed2b886f976be044,18,JLAB,2390,64.61688524066595,0.9305331179321487,8,0.0780517599585781,0.03765690376569038,0.0085,1152,2390,64.61688524066595,True,test,True,6,60.0,35.0,True,-29.775621272191977,1,False,True,False,1.2568980550532236,0.2597044464974337
0x660c4a30dbcd989eb3aa3dbf6d400c485f1e21af8df2be0ebf01059cc949bada,0x3739fe5159c1cf463b2fe696d5a5413905a9d5e1,0,67677155,0,200,0xe5e702641ea86f4ae6cc3cdaed2b886f976be044,18,JLAB,2390,64.61688524066595,0.9305331179321487,8,0.0780517599585781,0.03765690376569038,0.0085,1152,2390,64.61688524066595,True,test,True,6,60.0,35.0,False,-29.775621272191977,1,False,True,False,1.2568980550532236,0.2597044464974337
0x660c4a30dbcd989eb3aa3dbf6d400c485f1e21af8df2be0ebf01059cc949bada,0x3739fe5159c1cf463b2fe696d5a5413905a9d5e1,0,67677155,0,200,0xe5e702641ea86f4ae6cc3cdaed2b886f976be044,18,JLAB,2390,64.61688524066595,0.9305331179321487,8,0.0780517599585781,0.03765690376569038,0.0085,1152,2390,64.61688524066595,True,test,True,12,25.0,15.0,True,-16.040394542559454,1,False,True,False,1.0044834786909733,0.3840374035120185
0x660c4a30dbcd989eb3aa3dbf6d400c485f1e21af8df2be0ebf01059cc949bada,0x3739fe5159c1cf463b2fe696d5a5413905a9d5e1,0,67677155,0,200,0xe5e702641ea86f4ae6cc3cdaed2b886f976be044,18,JLAB,2390,64.61688524066595,0.9305331179321487,8,0.0780517599585781,0.03765690376569038,0.0085,1152,2390,64.61688524066595,True,test,True,12,25.0,15.0,False,-16.040394542559454,1,False,True,False,1.0044834786909733,0.3840374035120185
0x660c4a30dbcd989eb3aa3dbf6d400c485f1e21af8df2be0ebf01059cc949bada,0x3739fe5159c1cf463b2fe696d5a5413905a9d5e1,0,67677155,0,200,0xe5e702641ea86f4ae6cc3cdaed2b886f976be044,18,JLAB,2390,64.61688524066595,0.9305331179321487,8,0.0780517599585781,0.03765690376569038,0.0085,1152,2390,64.61688524066595,True,test,True,12,25.0,25.0,True,-26.924026408949686,1,False,True,False,1.0044834786909733,0.3840374035120185
0x660c4a30dbcd989eb3aa3dbf6d400c485f1e21af8df2be0ebf01059cc949bada,0x3739fe5159c1cf463b2fe696d5a5413905a9d5e1,0,67677155,0,200,0xe5e702641ea86f4ae6cc3cdaed2b886f976be044,18,JLAB,2390,64.61688524066595,0.9305331179321487,8,0.0780517599585781,0.03765690376569038,0.0085,1152,2390,64.61688524066595,True,test,True,12,25.0,25.0,False,-26.924026408949686,1,False,True,False,1.0044834786909733,0.3840374035120185
0x660c4a30dbcd989eb3aa3dbf6d400c485f1e21af8df2be0ebf01059cc949bada,0x3739fe5159c1cf463b2fe696d5a5413905a9d5e1,0,67677155,0,200,0xe5e702641ea86f4ae6cc3cdaed2b886f976be044,18,JLAB,2390,64.61688524066595,0.9305331179321487,8,0.0780517599585781,0.03765690376569038,0.0085,1152,2390,64.61688524066595,True,test,True,12,25.0,35.0,True,-32.60799764727612,1,False,True,False,1.0044834786909733,0.3840374035120185
0x660c4a30dbcd989eb3aa3dbf6d400c485f1e21af8df2be0ebf01059cc949bada,0x3739fe5159c1cf463b2fe696d5a5413905a9d5e1,0,67677155,0,200,0xe5e702641ea86f4ae6cc3cdaed2b886f976be044,18,JLAB,2390,64.61688524066595,0.9305331179321487,8,0.0780517599585781,0.03765690376569038,0.0085,1152,2390,64.61688524066595,True,test,True,12,25.0,35.0,False,-32.60799764727612,1,False,True,False,1.0044834786909733,0.3840374035120185
0x660c4a30dbcd989eb3aa3dbf6d400c485f1e21af8df2be0ebf01059cc949bada,0x3739fe5159c1cf463b2fe696d5a5413905a9d5e1,0,67677155,0,200,0xe5e702641ea86f4ae6cc3cdaed2b886f976be044,18,JLAB,2390,64.61688524066595,0.9305331179321487,8,0.0780517599585781,0.03765690376569038,0.0085,1152,2390,64.61688524066595,True,test,True,12,40.0,15.0,True,-14.400587965942258,1,False,True,False,1.0044834786909733,0.3840374035120185
0x660c4a30dbcd989eb3aa3dbf6d400c485f1e21af8df2be0ebf01059cc949bada,0x3739fe5159c1cf463b2fe696d5a5413905a9d5e1,0,67677155,0,200,0xe5e702641ea86f4ae6cc3cdaed2b886f976be044,18,JLAB,2390,64.61688524066595,0.9305331179321487,8,0.0780517599585781,0.03765690376569038,0.0085,1152,2390,64.61688524066595,True,test,True,12,40.0,15.0,False,-14.400587965942258,1,False,True,False,1.0044834786909733,0.3840374035120185
0x660c4a30dbcd989eb3aa3dbf6d400c485f1e21af8df2be0ebf01059cc949bada,0x3739fe5159c1cf463b2fe696d5a5413905a9d5e1,0,67677155,0,200,0xe5e702641ea86f4ae6cc3cdaed2b886f976be044,18,JLAB,2390,64.61688524066595,0.9305331179321487,8,0.0780517599585781,0.03765690376569038,0.0085,1152,2390,64.61688524066595,True,test,True,12,40.0,25.0,True,-24.64435679259821,1,False,True,False,1.0044834786909733,0.3840374035120185
0x660c4a30dbcd989eb3aa3dbf6d400c485f1e21af8df2be0ebf01059cc949bada,0x3739fe5159c1cf463b2fe696d5a5413905a9d5e1,0,67677155,0,200,0xe5e702641ea86f4ae6cc3cdaed2b886f976be044,18,JLAB,2390,64.61688524066595,0.9305331179321487,8,0.0780517599585781,0.03765690376569038,0.0085,1152,2390,64.61688524066595,True,test,True,12,40.0,25.0,False,-24.64435679259821,1,False,True,False,1.0044834786909733,0.3840374035120185
0x660c4a30dbcd989eb3aa3dbf6d400c485f1e21af8df2be0ebf01059cc949bada,0x3739fe5159c1cf463b2fe696d5a5413905a9d5e1,0,67677155,0,200,0xe5e702641ea86f4ae6cc3cdaed2b886f976be044,18,JLAB,2390,64.61688524066595,0.9305331179321487,8,0.0780517599585781,0.03765690376569038,0.0085,1152,2390,64.61688524066595,True,test,True,12,40.0,35.0,True,-30.50325082848061,1,False,True,False,1.0044834786909733,0.3840374035120185
0x660c4a30dbcd989eb3aa3dbf6d400c485f1e21af8df2be0ebf01059cc949bada,0x3739fe5159c1cf463b2fe696d5a5413905a9d5e1,0,67677155,0,200,0xe5e702641ea86f4ae6cc3cdaed2b886f976be044,18,JLAB,2390,64.61688524066595,0.9305331179321487,8,0.0780517599585781,0.03765690376569038,0.0085,1152,2390,64.61688524066595,True,test,True,12,40.0,35.0,False,-30.50325082848061,1,False,True,False,1.0044834786909733,0.3840374035120185
0x660c4a30dbcd989eb3aa3dbf6d400c485f1e21af8df2be0ebf01059cc949bada,0x3739fe5159c1cf463b2fe696d5a5413905a9d5e1,0,67677155,0,200,0xe5e702641ea86f4ae6cc3cdaed2b886f976be044,18,JLAB,2390,64.61688524066595,0.9305331179321487,8,0.0780517599585781,0.03765690376569038,0.0085,1152,2390,64.61688524066595,True,test,True,12,60.0,15.0,True,-13.48485638750272,1,False,True,False,1.0044834786909733,0.3840374035120185
0x660c4a30dbcd989eb3aa3dbf6d400c485f1e21af8df2be0ebf01059cc949bada,0x3739fe5159c1cf463b2fe696d5a5413905a9d5e1,0,67677155,0,200,0xe5e702641ea86f4ae6cc3cdaed2b886f976be044,18,JLAB,2390,64.61688524066595,0.9305331179321487,8,0.0780517599585781,0.03765690376569038,0.0085,1152,2390,64.61688524066595,True,test,True,12,60.0,15.0,False,-13.48485638750272,1,False,True,False,1.0044834786909733,0.3840374035120185
0x660c4a30dbcd989eb3aa3dbf6d400c485f1e21af8df2be0ebf01059cc949bada,0x3739fe5159c1cf463b2fe696d5a5413905a9d5e1,0,67677155,0,200,0xe5e702641ea86f4ae6cc3cdaed2b886f976be044,18,JLAB,2390,64.61688524066595,0.9305331179321487,8,0.0780517599585781,0.03765690376569038,0.0085,1152,2390,64.61688524066595,True,test,True,12,60.0,25.0,True,-22.42003841170184,1,False,True,False,1.0044834786909733,0.3840374035120185
0x660c4a30dbcd989eb3aa3dbf6d400c485f1e21af8df2be0ebf01059cc949bada,0x3739fe5159c1cf463b2fe696d5a5413905a9d5e1,0,67677155,0,200,0xe5e702641ea86f4ae6cc3cdaed2b886f976be044,18,JLAB,2390,64.61688524066595,0.9305331179321487,8,0.0780517599585781,0.03765690376569038,0.0085,1152,2390,64.61688524066595,True,test,True,12,60.0,25.0,False,-22.42003841170184,1,False,True,False,1.0044834786909733,0.3840374035120185
0x660c4a30dbcd989eb3aa3dbf6d400c485f1e21af8df2be0ebf01059cc949bada,0x3739fe5159c1cf463b2fe696d5a5413905a9d5e1,0,67677155,0,200,0xe5e702641ea86f4ae6cc3cdaed2b886f976be044,18,JLAB,2390,64.61688524066595,0.9305331179321487,8,0.0780517599585781,0.03765690376569038,0.0085,1152,2390,64.61688524066595,True,test,True,12,60.0,35.0,True,-27.91673002171087,1,False,True,False,1.0044834786909733,0.3840374035120185
0x660c4a30dbcd989eb3aa3dbf6d400c485f1e21af8df2be0ebf01059cc949bada,0x3739fe5159c1cf463b2fe696d5a5413905a9d5e1,0,67677155,0,200,0xe5e702641ea86f4ae6cc3cdaed2b886f976be044,18,JLAB,2390,64.61688524066595,0.9305331179321487,8,0.0780517599585781,0.03765690376569038,0.0085,1152,2390,64.61688524066595,True,test,True,12,60.0,35.0,False,-27.91673002171087,1,False,True,False,1.0044834786909733,0.3840374035120185
0x03484da5661f39f468288277f788aae72678578dec85152b75479d4b61cd2668,0x4adb565ff59f1a787516d8f5f3e8be5e4e94c4cb,0,67699149,3000,60,0x261b0f5e05eb05c6496728f1ae4969810dbe8a80,18,MandateOS,3688,1598.1120226445548,0.7536852116024727,8,0.06596507341953582,0.05422993492407809,0.2605,1585,3688,1598.1120226445548,True,test,False,2,25.0,15.0,True,,0,False,False,False,,
0x03484da5661f39f468288277f788aae72678578dec85152b75479d4b61cd2668,0x4adb565ff59f1a787516d8f5f3e8be5e4e94c4cb,0,67699149,3000,60,0x261b0f5e05eb05c6496728f1ae4969810dbe8a80,18,MandateOS,3688,1598.1120226445548,0.7536852116024727,8,0.06596507341953582,0.05422993492407809,0.2605,1585,3688,1598.1120226445548,True,test,False,2,25.0,15.0,False,,0,False,False,False,,
0x03484da5661f39f468288277f788aae72678578dec85152b75479d4b61cd2668,0x4adb565ff59f1a787516d8f5f3e8be5e4e94c4cb,0,67699149,3000,60,0x261b0f5e05eb05c6496728f1ae4969810dbe8a80,18,MandateOS,3688,1598.1120226445548,0.7536852116024727,8,0.06596507341953582,0.05422993492407809,0.2605,1585,3688,1598.1120226445548,True,test,False,2,25.0,25.0,True,,0,False,False,False,,
0x03484da5661f39f468288277f788aae72678578dec85152b75479d4b61cd2668,0x4adb565ff59f1a787516d8f5f3e8be5e4e94c4cb,0,67699149,3000,60,0x261b0f5e05eb05c6496728f1ae4969810dbe8a80,18,MandateOS,3688,1598.1120226445548,0.7536852116024727,8,0.06596507341953582,0.05422993492407809,0.2605,1585,3688,1598.1120226445548,True,test,False,2,25.0,25.0,False,,0,False,False,False,,
0x03484da5661f39f468288277f788aae72678578dec85152b75479d4b61cd2668,0x4adb565ff59f1a787516d8f5f3e8be5e4e94c4cb,0,67699149,3000,60,0x261b0f5e05eb05c6496728f1ae4969810dbe8a80,18,MandateOS,3688,1598.1120226445548,0.7536852116024727,8,0.06596507341953582,0.05422993492407809,0.2605,1585,3688,1598.1120226445548,True,test,False,2,25.0,35.0,True,,0,False,False,False,,
0x03484da5661f39f468288277f788aae72678578dec85152b75479d4b61cd2668,0x4adb565ff59f1a787516d8f5f3e8be5e4e94c4cb,0,67699149,3000,60,0x261b0f5e05eb05c6496728f1ae4969810dbe8a80,18,MandateOS,3688,1598.1120226445548,0.7536852116024727,8,0.06596507341953582,0.05422993492407809,0.2605,1585,3688,1598.1120226445548,True,test,False,2,25.0,35.0,False,,0,False,False,False,,
0x03484da5661f39f468288277f788aae72678578dec85152b75479d4b61cd2668,0x4adb565ff59f1a787516d8f5f3e8be5e4e94c4cb,0,67699149,3000,60,0x261b0f5e05eb05c6496728f1ae4969810dbe8a80,18,MandateOS,3688,1598.1120226445548,0.7536852116024727,8,0.06596507341953582,0.05422993492407809,0.2605,1585,3688,1598.1120226445548,True,test,False,2,40.0,15.0,True,,0,False,False,False,,
0x03484da5661f39f468288277f788aae72678578dec85152b75479d4b61cd2668,0x4adb565ff59f1a787516d8f5f3e8be5e4e94c4cb,0,67699149,3000,60,0x261b0f5e05eb05c6496728f1ae4969810dbe8a80,18,MandateOS,3688,1598.1120226445548,0.7536852116024727,8,0.06596507341953582,0.05422993492407809,0.2605,1585,3688,1598.1120226445548,True,test,False,2,40.0,15.0,False,,0,False,False,False,,
0x03484da5661f39f468288277f788aae72678578dec85152b75479d4b61cd2668,0x4adb565ff59f1a787516d8f5f3e8be5e4e94c4cb,0,67699149,3000,60,0x261b0f5e05eb05c6496728f1ae4969810dbe8a80,18,MandateOS,3688,1598.1120226445548,0.7536852116024727,8,0.06596507341953582,0.05422993492407809,0.2605,1585,3688,1598.1120226445548,True,test,False,2,40.0,25.0,True,,0,False,False,False,,
0x03484da5661f39f468288277f788aae72678578dec85152b75479d4b61cd2668,0x4adb565ff59f1a787516d8f5f3e8be5e4e94c4cb,0,67699149,3000,60,0x261b0f5e05eb05c6496728f1ae4969810dbe8a80,18,MandateOS,3688,1598.1120226445548,0.7536852116024727,8,0.06596507341953582,0.05422993492407809,0.2605,1585,3688,1598.1120226445548,True,test,False,2,40.0,25.0,False,,0,False,False,False,,
0x03484da5661f39f468288277f788aae72678578dec85152b75479d4b61cd2668,0x4adb565ff59f1a787516d8f5f3e8be5e4e94c4cb,0,67699149,3000,60,0x261b0f5e05eb05c6496728f1ae4969810dbe8a80,18,MandateOS,3688,1598.1120226445548,0.7536852116024727,8,0.06596507341953582,0.05422993492407809,0.2605,1585,3688,1598.1120226445548,True,test,False,2,40.0,35.0,True,,0,False,False,False,,
0x03484da5661f39f468288277f788aae72678578dec85152b75479d4b61cd2668,0x4adb565ff59f1a787516d8f5f3e8be5e4e94c4cb,0,67699149,3000,60,0x261b0f5e05eb05c6496728f1ae4969810dbe8a80,18,MandateOS,3688,1598.1120226445548,0.7536852116024727,8,0.06596507341953582,0.05422993492407809,0.2605,1585,3688,1598.1120226445548,True,test,False,2,40.0,35.0,False,,0,False,False,False,,
0x03484da5661f39f468288277f788aae72678578dec85152b75479d4b61cd2668,0x4adb565ff59f1a787516d8f5f3e8be5e4e94c4cb,0,67699149,3000,60,0x261b0f5e05eb05c6496728f1ae4969810dbe8a80,18,MandateOS,3688,1598.1120226445548,0.7536852116024727,8,0.06596507341953582,0.05422993492407809,0.2605,1585,3688,1598.1120226445548,True,test,False,2,60.0,15.0,True,,0,False,False,False,,
0x03484da5661f39f468288277f788aae72678578dec85152b75479d4b61cd2668,0x4adb565ff59f1a787516d8f5f3e8be5e4e94c4cb,0,67699149,3000,60,0x261b0f5e05eb05c6496728f1ae4969810dbe8a80,18,MandateOS,3688,1598.1120226445548,0.7536852116024727,8,0.06596507341953582,0.05422993492407809,0.2605,1585,3688,1598.1120226445548,True,test,False,2,60.0,15.0,False,,0,False,False,False,,
0x03484da5661f39f468288277f788aae72678578dec85152b75479d4b61cd2668,0x4adb565ff59f1a787516d8f5f3e8be5e4e94c4cb,0,67699149,3000,60,0x261b0f5e05eb05c6496728f1ae4969810dbe8a80,18,MandateOS,3688,1598.1120226445548,0.7536852116024727,8,0.06596507341953582,0.05422993492407809,0.2605,1585,3688,1598.1120226445548,True,test,False,2,60.0,25.0,True,,0,False,False,False,,
0x03484da5661f39f468288277f788aae72678578dec85152b75479d4b61cd2668,0x4adb565ff59f1a787516d8f5f3e8be5e4e94c4cb,0,67699149,3000,60,0x261b0f5e05eb05c6496728f1ae4969810dbe8a80,18,MandateOS,3688,1598.1120226445548,0.7536852116024727,8,0.06596507341953582,0.05422993492407809,0.2605,1585,3688,1598.1120226445548,True,test,False,2,60.0,25.0,False,,0,False,False,False,,
0x03484da5661f39f468288277f788aae72678578dec85152b75479d4b61cd2668,0x4adb565ff59f1a787516d8f5f3e8be5e4e94c4cb,0,67699149,3000,60,0x261b0f5e05eb05c6496728f1ae4969810dbe8a80,18,MandateOS,3688,1598.1120226445548,0.7536852116024727,8,0.06596507341953582,0.05422993492407809,0.2605,1585,3688,1598.1120226445548,True,test,False,2,60.0,35.0,True,,0,False,False,False,,
0x03484da5661f39f468288277f788aae72678578dec85152b75479d4b61cd2668,0x4adb565ff59f1a787516d8f5f3e8be5e4e94c4cb,0,67699149,3000,60,0x261b0f5e05eb05c6496728f1ae4969810dbe8a80,18,MandateOS,3688,1598.1120226445548,0.7536852116024727,8,0.06596507341953582,0.05422993492407809,0.2605,1585,3688,1598.1120226445548,True,test,False,2,60.0,35.0,False,,0,False,False,False,,
0x03484da5661f39f468288277f788aae72678578dec85152b75479d4b61cd2668,0x4adb565ff59f1a787516d8f5f3e8be5e4e94c4cb,0,67699149,3000,60,0x261b0f5e05eb05c6496728f1ae4969810dbe8a80,18,MandateOS,3688,1598.1120226445548,0.7536852116024727,8,0.06596507341953582,0.05422993492407809,0.2605,1585,3688,1598.1120226445548,True,test,False,4,25.0,15.0,True,,0,False,False,False,,
0x03484da5661f39f468288277f788aae72678578dec85152b75479d4b61cd2668,0x4adb565ff59f1a787516d8f5f3e8be5e4e94c4cb,0,67699149,3000,60,0x261b0f5e05eb05c6496728f1ae4969810dbe8a80,18,MandateOS,3688,1598.1120226445548,0.7536852116024727,8,0.06596507341953582,0.05422993492407809,0.2605,1585,3688,1598.1120226445548,True,test,False,4,25.0,15.0,False,,0,False,False,False,,
0x03484da5661f39f468288277f788aae72678578dec85152b75479d4b61cd2668,0x4adb565ff59f1a787516d8f5f3e8be5e4e94c4cb,0,67699149,3000,60,0x261b0f5e05eb05c6496728f1ae4969810dbe8a80,18,MandateOS,3688,1598.1120226445548,0.7536852116024727,8,0.06596507341953582,0.05422993492407809,0.2605,1585,3688,1598.1120226445548,True,test,False,4,25.0,25.0,True,,0,False,False,False,,
0x03484da5661f39f468288277f788aae72678578dec85152b75479d4b61cd2668,0x4adb565ff59f1a787516d8f5f3e8be5e4e94c4cb,0,67699149,3000,60,0x261b0f5e05eb05c6496728f1ae4969810dbe8a80,18,MandateOS,3688,1598.1120226445548,0.7536852116024727,8,0.06596507341953582,0.05422993492407809,0.2605,1585,3688,1598.1120226445548,True,test,False,4,25.0,25.0,False,,0,False,False,False,,
0x03484da5661f39f468288277f788aae72678578dec85152b75479d4b61cd2668,0x4adb565ff59f1a787516d8f5f3e8be5e4e94c4cb,0,67699149,3000,60,0x261b0f5e05eb05c6496728f1ae4969810dbe8a80,18,MandateOS,3688,1598.1120226445548,0.7536852116024727,8,0.06596507341953582,0.05422993492407809,0.2605,1585,3688,1598.1120226445548,True,test,False,4,25.0,35.0,True,,0,False,False,False,,
0x03484da5661f39f468288277f788aae72678578dec85152b75479d4b61cd2668,0x4adb565ff59f1a787516d8f5f3e8be5e4e94c4cb,0,67699149,3000,60,0x261b0f5e05eb05c6496728f1ae4969810dbe8a80,18,MandateOS,3688,1598.1120226445548,0.7536852116024727,8,0.06596507341953582,0.05422993492407809,0.2605,1585,3688,1598.1120226445548,True,test,False,4,25.0,35.0,False,,0,False,False,False,,
0x03484da5661f39f468288277f788aae72678578dec85152b75479d4b61cd2668,0x4adb565ff59f1a787516d8f5f3e8be5e4e94c4cb,0,67699149,3000,60,0x261b0f5e05eb05c6496728f1ae4969810dbe8a80,18,MandateOS,3688,1598.1120226445548,0.7536852116024727,8,0.06596507341953582,0.05422993492407809,0.2605,1585,3688,1598.1120226445548,True,test,False,4,40.0,15.0,True,,0,False,False,False,,
0x03484da5661f39f468288277f788aae72678578dec85152b75479d4b61cd2668,0x4adb565ff59f1a787516d8f5f3e8be5e4e94c4cb,0,67699149,3000,60,0x261b0f5e05eb05c6496728f1ae4969810dbe8a80,18,MandateOS,3688,1598.1120226445548,0.7536852116024727,8,0.06596507341953582,0.05422993492407809,0.2605,1585,3688,1598.1120226445548,True,test,False,4,40.0,15.0,False,,0,False,False,False,,
0x03484da5661f39f468288277f788aae72678578dec85152b75479d4b61cd2668,0x4adb565ff59f1a787516d8f5f3e8be5e4e94c4cb,0,67699149,3000,60,0x261b0f5e05eb05c6496728f1ae4969810dbe8a80,18,MandateOS,3688,1598.1120226445548,0.7536852116024727,8,0.06596507341953582,0.05422993492407809,0.2605,1585,3688,1598.1120226445548,True,test,False,4,40.0,25.0,True,,0,False,False,False,,
0x03484da5661f39f468288277f788aae72678578dec85152b75479d4b61cd2668,0x4adb565ff59f1a787516d8f5f3e8be5e4e94c4cb,0,67699149,3000,60,0x261b0f5e05eb05c6496728f1ae4969810dbe8a80,18,MandateOS,3688,1598.1120226445548,0.7536852116024727,8,0.06596507341953582,0.05422993492407809,0.2605,1585,3688,1598.1120226445548,True,test,False,4,40.0,25.0,False,,0,False,False,False,,
0x03484da5661f39f468288277f788aae72678578dec85152b75479d4b61cd2668,0x4adb565ff59f1a787516d8f5f3e8be5e4e94c4cb,0,67699149,3000,60,0x261b0f5e05eb05c6496728f1ae4969810dbe8a80,18,MandateOS,3688,1598.1120226445548,0.7536852116024727,8,0.06596507341953582,0.05422993492407809,0.2605,1585,3688,1598.1120226445548,True,test,False,4,40.0,35.0,True,,0,False,False,False,,
0x03484da5661f39f468288277f788aae72678578dec85152b75479d4b61cd2668,0x4adb565ff59f1a787516d8f5f3e8be5e4e94c4cb,0,67699149,3000,60,0x261b0f5e05eb05c6496728f1ae4969810dbe8a80,18,MandateOS,3688,1598.1120226445548,0.7536852116024727,8,0.06596507341953582,0.05422993492407809,0.2605,1585,3688,1598.1120226445548,True,test,False,4,40.0,35.0,False,,0,False,False,False,,
0x03484da5661f39f468288277f788aae72678578dec85152b75479d4b61cd2668,0x4adb565ff59f1a787516d8f5f3e8be5e4e94c4cb,0,67699149,3000,60,0x261b0f5e05eb05c6496728f1ae4969810dbe8a80,18,MandateOS,3688,1598.1120226445548,0.7536852116024727,8,0.06596507341953582,0.05422993492407809,0.2605,1585,3688,1598.1120226445548,True,test,False,4,60.0,15.0,True,,0,False,False,False,,
0x03484da5661f39f468288277f788aae72678578dec85152b75479d4b61cd2668,0x4adb565ff59f1a787516d8f5f3e8be5e4e94c4cb,0,67699149,3000,60,0x261b0f5e05eb05c6496728f1ae4969810dbe8a80,18,MandateOS,3688,1598.1120226445548,0.7536852116024727,8,0.06596507341953582,0.05422993492407809,0.2605,1585,3688,1598.1120226445548,True,test,False,4,60.0,15.0,False,,0,False,False,False,,
0x03484da5661f39f468288277f788aae72678578dec85152b75479d4b61cd2668,0x4adb565ff59f1a787516d8f5f3e8be5e4e94c4cb,0,67699149,3000,60,0x261b0f5e05eb05c6496728f1ae4969810dbe8a80,18,MandateOS,3688,1598.1120226445548,0.7536852116024727,8,0.06596507341953582,0.05422993492407809,0.2605,1585,3688,1598.1120226445548,True,test,False,4,60.0,25.0,True,,0,False,False,False,,
0x03484da5661f39f468288277f788aae72678578dec85152b75479d4b61cd2668,0x4adb565ff59f1a787516d8f5f3e8be5e4e94c4cb,0,67699149,3000,60,0x261b0f5e05eb05c6496728f1ae4969810dbe8a80,18,MandateOS,3688,1598.1120226445548,0.7536852116024727,8,0.06596507341953582,0.05422993492407809,0.2605,1585,3688,1598.1120226445548,True,test,False,4,60.0,25.0,False,,0,False,False,False,,
0x03484da5661f39f468288277f788aae72678578dec85152b75479d4b61cd2668,0x4adb565ff59f1a787516d8f5f3e8be5e4e94c4cb,0,67699149,3000,60,0x261b0f5e05eb05c6496728f1ae4969810dbe8a80,18,MandateOS,3688,1598.1120226445548,0.7536852116024727,8,0.06596507341953582,0.05422993492407809,0.2605,1585,3688,1598.1120226445548,True,test,False,4,60.0,35.0,True,,0,False,False,False,,
0x03484da5661f39f468288277f788aae72678578dec85152b75479d4b61cd2668,0x4adb565ff59f1a787516d8f5f3e8be5e4e94c4cb,0,67699149,3000,60,0x261b0f5e05eb05c6496728f1ae4969810dbe8a80,18,MandateOS,3688,1598.1120226445548,0.7536852116024727,8,0.06596507341953582,0.05422993492407809,0.2605,1585,3688,1598.1120226445548,True,test,False,4,60.0,35.0,False,,0,False,False,False,,
0x03484da5661f39f468288277f788aae72678578dec85152b75479d4b61cd2668,0x4adb565ff59f1a787516d8f5f3e8be5e4e94c4cb,0,67699149,3000,60,0x261b0f5e05eb05c6496728f1ae4969810dbe8a80,18,MandateOS,3688,1598.1120226445548,0.7536852116024727,8,0.06596507341953582,0.05422993492407809,0.2605,1585,3688,1598.1120226445548,True,test,False,6,25.0,15.0,True,,0,False,False,False,,
0x03484da5661f39f468288277f788aae72678578dec85152b75479d4b61cd2668,0x4adb565ff59f1a787516d8f5f3e8be5e4e94c4cb,0,67699149,3000,60,0x261b0f5e05eb05c6496728f1ae4969810dbe8a80,18,MandateOS,3688,1598.1120226445548,0.7536852116024727,8,0.06596507341953582,0.05422993492407809,0.2605,1585,3688,1598.1120226445548,True,test,False,6,25.0,15.0,False,,0,False,False,False,,
0x03484da5661f39f468288277f788aae72678578dec85152b75479d4b61cd2668,0x4adb565ff59f1a787516d8f5f3e8be5e4e94c4cb,0,67699149,3000,60,0x261b0f5e05eb05c6496728f1ae4969810dbe8a80,18,MandateOS,3688,1598.1120226445548,0.7536852116024727,8,0.06596507341953582,0.05422993492407809,0.2605,1585,3688,1598.1120226445548,True,test,False,6,25.0,25.0,True,,0,False,False,False,,
0x03484da5661f39f468288277f788aae72678578dec85152b75479d4b61cd2668,0x4adb565ff59f1a787516d8f5f3e8be5e4e94c4cb,0,67699149,3000,60,0x261b0f5e05eb05c6496728f1ae4969810dbe8a80,18,MandateOS,3688,1598.1120226445548,0.7536852116024727,8,0.06596507341953582,0.05422993492407809,0.2605,1585,3688,1598.1120226445548,True,test,False,6,25.0,25.0,False,,0,False,False,False,,
0x03484da5661f39f468288277f788aae72678578dec85152b75479d4b61cd2668,0x4adb565ff59f1a787516d8f5f3e8be5e4e94c4cb,0,67699149,3000,60,0x261b0f5e05eb05c6496728f1ae4969810dbe8a80,18,MandateOS,3688,1598.1120226445548,0.7536852116024727,8,0.06596507341953582,0.05422993492407809,0.2605,1585,3688,1598.1120226445548,True,test,False,6,25.0,35.0,True,,0,False,False,False,,
0x03484da5661f39f468288277f788aae72678578dec85152b75479d4b61cd2668,0x4adb565ff59f1a787516d8f5f3e8be5e4e94c4cb,0,67699149,3000,60,0x261b0f5e05eb05c6496728f1ae4969810dbe8a80,18,MandateOS,3688,1598.1120226445548,0.7536852116024727,8,0.06596507341953582,0.05422993492407809,0.2605,1585,3688,1598.1120226445548,True,test,False,6,25.0,35.0,False,,0,False,False,False,,
0x03484da5661f39f468288277f788aae72678578dec85152b75479d4b61cd2668,0x4adb565ff59f1a787516d8f5f3e8be5e4e94c4cb,0,67699149,3000,60,0x261b0f5e05eb05c6496728f1ae4969810dbe8a80,18,MandateOS,3688,1598.1120226445548,0.7536852116024727,8,0.06596507341953582,0.05422993492407809,0.2605,1585,3688,1598.1120226445548,True,test,False,6,40.0,15.0,True,,0,False,False,False,,
0x03484da5661f39f468288277f788aae72678578dec85152b75479d4b61cd2668,0x4adb565ff59f1a787516d8f5f3e8be5e4e94c4cb,0,67699149,3000,60,0x261b0f5e05eb05c6496728f1ae4969810dbe8a80,18,MandateOS,3688,1598.1120226445548,0.7536852116024727,8,0.06596507341953582,0.05422993492407809,0.2605,1585,3688,1598.1120226445548,True,test,False,6,40.0,15.0,False,,0,False,False,False,,
0x03484da5661f39f468288277f788aae72678578dec85152b75479d4b61cd2668,0x4adb565ff59f1a787516d8f5f3e8be5e4e94c4cb,0,67699149,3000,60,0x261b0f5e05eb05c6496728f1ae4969810dbe8a80,18,MandateOS,3688,1598.1120226445548,0.7536852116024727,8,0.06596507341953582,0.05422993492407809,0.2605,1585,3688,1598.1120226445548,True,test,False,6,40.0,25.0,True,,0,False,False,False,,
0x03484da5661f39f468288277f788aae72678578dec85152b75479d4b61cd2668,0x4adb565ff59f1a787516d8f5f3e8be5e4e94c4cb,0,67699149,3000,60,0x261b0f5e05eb05c6496728f1ae4969810dbe8a80,18,MandateOS,3688,1598.1120226445548,0.7536852116024727,8,0.06596507341953582,0.05422993492407809,0.2605,1585,3688,1598.1120226445548,True,test,False,6,40.0,25.0,False,,0,False,False,False,,
0x03484da5661f39f468288277f788aae72678578dec85152b75479d4b61cd2668,0x4adb565ff59f1a787516d8f5f3e8be5e4e94c4cb,0,67699149,3000,60,0x261b0f5e05eb05c6496728f1ae4969810dbe8a80,18,MandateOS,3688,1598.1120226445548,0.7536852116024727,8,0.06596507341953582,0.05422993492407809,0.2605,1585,3688,1598.1120226445548,True,test,False,6,40.0,35.0,True,,0,False,False,False,,
0x03484da5661f39f468288277f788aae72678578dec85152b75479d4b61cd2668,0x4adb565ff59f1a787516d8f5f3e8be5e4e94c4cb,0,67699149,3000,60,0x261b0f5e05eb05c6496728f1ae4969810dbe8a80,18,MandateOS,3688,1598.1120226445548,0.7536852116024727,8,0.06596507341953582,0.05422993492407809,0.2605,1585,3688,1598.1120226445548,True,test,False,6,40.0,35.0,False,,0,False,False,False,,
0x03484da5661f39f468288277f788aae72678578dec85152b75479d4b61cd2668,0x4adb565ff59f1a787516d8f5f3e8be5e4e94c4cb,0,67699149,3000,60,0x261b0f5e05eb05c6496728f1ae4969810dbe8a80,18,MandateOS,3688,1598.1120226445548,0.7536852116024727,8,0.06596507341953582,0.05422993492407809,0.2605,1585,3688,1598.1120226445548,True,test,False,6,60.0,15.0,True,,0,False,False,False,,
0x03484da5661f39f468288277f788aae72678578dec85152b75479d4b61cd2668,0x4adb565ff59f1a787516d8f5f3e8be5e4e94c4cb,0,67699149,3000,60,0x261b0f5e05eb05c6496728f1ae4969810dbe8a80,18,MandateOS,3688,1598.1120226445548,0.7536852116024727,8,0.06596507341953582,0.05422993492407809,0.2605,1585,3688,1598.1120226445548,True,test,False,6,60.0,15.0,False,,0,False,False,False,,
0x03484da5661f39f468288277f788aae72678578dec85152b75479d4b61cd2668,0x4adb565ff59f1a787516d8f5f3e8be5e4e94c4cb,0,67699149,3000,60,0x261b0f5e05eb05c6496728f1ae4969810dbe8a80,18,MandateOS,3688,1598.1120226445548,0.7536852116024727,8,0.06596507341953582,0.05422993492407809,0.2605,1585,3688,1598.1120226445548,True,test,False,6,60.0,25.0,True,,0,False,False,False,,
0x03484da5661f39f468288277f788aae72678578dec85152b75479d4b61cd2668,0x4adb565ff59f1a787516d8f5f3e8be5e4e94c4cb,0,67699149,3000,60,0x261b0f5e05eb05c6496728f1ae4969810dbe8a80,18,MandateOS,3688,1598.1120226445548,0.7536852116024727,8,0.06596507341953582,0.05422993492407809,0.2605,1585,3688,1598.1120226445548,True,test,False,6,60.0,25.0,False,,0,False,False,False,,
0x03484da5661f39f468288277f788aae72678578dec85152b75479d4b61cd2668,0x4adb565ff59f1a787516d8f5f3e8be5e4e94c4cb,0,67699149,3000,60,0x261b0f5e05eb05c6496728f1ae4969810dbe8a80,18,MandateOS,3688,1598.1120226445548,0.7536852116024727,8,0.06596507341953582,0.05422993492407809,0.2605,1585,3688,1598.1120226445548,True,test,False,6,60.0,35.0,True,,0,False,False,False,,
0x03484da5661f39f468288277f788aae72678578dec85152b75479d4b61cd2668,0x4adb565ff59f1a787516d8f5f3e8be5e4e94c4cb,0,67699149,3000,60,0x261b0f5e05eb05c6496728f1ae4969810dbe8a80,18,MandateOS,3688,1598.1120226445548,0.7536852116024727,8,0.06596507341953582,0.05422993492407809,0.2605,1585,3688,1598.1120226445548,True,test,False,6,60.0,35.0,False,,0,False,False,False,,
0x03484da5661f39f468288277f788aae72678578dec85152b75479d4b61cd2668,0x4adb565ff59f1a787516d8f5f3e8be5e4e94c4cb,0,67699149,3000,60,0x261b0f5e05eb05c6496728f1ae4969810dbe8a80,18,MandateOS,3688,1598.1120226445548,0.7536852116024727,8,0.06596507341953582,0.05422993492407809,0.2605,1585,3688,1598.1120226445548,True,test,False,12,25.0,15.0,True,,0,False,False,False,,
0x03484da5661f39f468288277f788aae72678578dec85152b75479d4b61cd2668,0x4adb565ff59f1a787516d8f5f3e8be5e4e94c4cb,0,67699149,3000,60,0x261b0f5e05eb05c6496728f1ae4969810dbe8a80,18,MandateOS,3688,1598.1120226445548,0.7536852116024727,8,0.06596507341953582,0.05422993492407809,0.2605,1585,3688,1598.1120226445548,True,test,False,12,25.0,15.0,False,,0,False,False,False,,
0x03484da5661f39f468288277f788aae72678578dec85152b75479d4b61cd2668,0x4adb565ff59f1a787516d8f5f3e8be5e4e94c4cb,0,67699149,3000,60,0x261b0f5e05eb05c6496728f1ae4969810dbe8a80,18,MandateOS,3688,1598.1120226445548,0.7536852116024727,8,0.06596507341953582,0.05422993492407809,0.2605,1585,3688,1598.1120226445548,True,test,False,12,25.0,25.0,True,,0,False,False,False,,
0x03484da5661f39f468288277f788aae72678578dec85152b75479d4b61cd2668,0x4adb565ff59f1a787516d8f5f3e8be5e4e94c4cb,0,67699149,3000,60,0x261b0f5e05eb05c6496728f1ae4969810dbe8a80,18,MandateOS,3688,1598.1120226445548,0.7536852116024727,8,0.06596507341953582,0.05422993492407809,0.2605,1585,3688,1598.1120226445548,True,test,False,12,25.0,25.0,False,,0,False,False,False,,
0x03484da5661f39f468288277f788aae72678578dec85152b75479d4b61cd2668,0x4adb565ff59f1a787516d8f5f3e8be5e4e94c4cb,0,67699149,3000,60,0x261b0f5e05eb05c6496728f1ae4969810dbe8a80,18,MandateOS,3688,1598.1120226445548,0.7536852116024727,8,0.06596507341953582,0.05422993492407809,0.2605,1585,3688,1598.1120226445548,True,test,False,12,25.0,35.0,True,,0,False,False,False,,
0x03484da5661f39f468288277f788aae72678578dec85152b75479d4b61cd2668,0x4adb565ff59f1a787516d8f5f3e8be5e4e94c4cb,0,67699149,3000,60,0x261b0f5e05eb05c6496728f1ae4969810dbe8a80,18,MandateOS,3688,1598.1120226445548,0.7536852116024727,8,0.06596507341953582,0.05422993492407809,0.2605,1585,3688,1598.1120226445548,True,test,False,12,25.0,35.0,False,,0,False,False,False,,
0x03484da5661f39f468288277f788aae72678578dec85152b75479d4b61cd2668,0x4adb565ff59f1a787516d8f5f3e8be5e4e94c4cb,0,67699149,3000,60,0x261b0f5e05eb05c6496728f1ae4969810dbe8a80,18,MandateOS,3688,1598.1120226445548,0.7536852116024727,8,0.06596507341953582,0.05422993492407809,0.2605,1585,3688,1598.1120226445548,True,test,False,12,40.0,15.0,True,,0,False,False,False,,
0x03484da5661f39f468288277f788aae72678578dec85152b75479d4b61cd2668,0x4adb565ff59f1a787516d8f5f3e8be5e4e94c4cb,0,67699149,3000,60,0x261b0f5e05eb05c6496728f1ae4969810dbe8a80,18,MandateOS,3688,1598.1120226445548,0.7536852116024727,8,0.06596507341953582,0.05422993492407809,0.2605,1585,3688,1598.1120226445548,True,test,False,12,40.0,15.0,False,,0,False,False,False,,
0x03484da5661f39f468288277f788aae72678578dec85152b75479d4b61cd2668,0x4adb565ff59f1a787516d8f5f3e8be5e4e94c4cb,0,67699149,3000,60,0x261b0f5e05eb05c6496728f1ae4969810dbe8a80,18,MandateOS,3688,1598.1120226445548,0.7536852116024727,8,0.06596507341953582,0.05422993492407809,0.2605,1585,3688,1598.1120226445548,True,test,False,12,40.0,25.0,True,,0,False,False,False,,
0x03484da5661f39f468288277f788aae72678578dec85152b75479d4b61cd2668,0x4adb565ff59f1a787516d8f5f3e8be5e4e94c4cb,0,67699149,3000,60,0x261b0f5e05eb05c6496728f1ae4969810dbe8a80,18,MandateOS,3688,1598.1120226445548,0.7536852116024727,8,0.06596507341953582,0.05422993492407809,0.2605,1585,3688,1598.1120226445548,True,test,False,12,40.0,25.0,False,,0,False,False,False,,
0x03484da5661f39f468288277f788aae72678578dec85152b75479d4b61cd2668,0x4adb565ff59f1a787516d8f5f3e8be5e4e94c4cb,0,67699149,3000,60,0x261b0f5e05eb05c6496728f1ae4969810dbe8a80,18,MandateOS,3688,1598.1120226445548,0.7536852116024727,8,0.06596507341953582,0.05422993492407809,0.2605,1585,3688,1598.1120226445548,True,test,False,12,40.0,35.0,True,,0,False,False,False,,
0x03484da5661f39f468288277f788aae72678578dec85152b75479d4b61cd2668,0x4adb565ff59f1a787516d8f5f3e8be5e4e94c4cb,0,67699149,3000,60,0x261b0f5e05eb05c6496728f1ae4969810dbe8a80,18,MandateOS,3688,1598.1120226445548,0.7536852116024727,8,0.06596507341953582,0.05422993492407809,0.2605,1585,3688,1598.1120226445548,True,test,False,12,40.0,35.0,False,,0,False,False,False,,
0x03484da5661f39f468288277f788aae72678578dec85152b75479d4b61cd2668,0x4adb565ff59f1a787516d8f5f3e8be5e4e94c4cb,0,67699149,3000,60,0x261b0f5e05eb05c6496728f1ae4969810dbe8a80,18,MandateOS,3688,1598.1120226445548,0.7536852116024727,8,0.06596507341953582,0.05422993492407809,0.2605,1585,3688,1598.1120226445548,True,test,False,12,60.0,15.0,True,,0,False,False,False,,
0x03484da5661f39f468288277f788aae72678578dec85152b75479d4b61cd2668,0x4adb565ff59f1a787516d8f5f3e8be5e4e94c4cb,0,67699149,3000,60,0x261b0f5e05eb05c6496728f1ae4969810dbe8a80,18,MandateOS,3688,1598.1120226445548,0.7536852116024727,8,0.06596507341953582,0.05422993492407809,0.2605,1585,3688,1598.1120226445548,True,test,False,12,60.0,15.0,False,,0,False,False,False,,
0x03484da5661f39f468288277f788aae72678578dec85152b75479d4b61cd2668,0x4adb565ff59f1a787516d8f5f3e8be5e4e94c4cb,0,67699149,3000,60,0x261b0f5e05eb05c6496728f1ae4969810dbe8a80,18,MandateOS,3688,1598.1120226445548,0.7536852116024727,8,0.06596507341953582,0.05422993492407809,0.2605,1585,3688,1598.1120226445548,True,test,False,12,60.0,25.0,True,,0,False,False,False,,
0x03484da5661f39f468288277f788aae72678578dec85152b75479d4b61cd2668,0x4adb565ff59f1a787516d8f5f3e8be5e4e94c4cb,0,67699149,3000,60,0x261b0f5e05eb05c6496728f1ae4969810dbe8a80,18,MandateOS,3688,1598.1120226445548,0.7536852116024727,8,0.06596507341953582,0.05422993492407809,0.2605,1585,3688,1598.1120226445548,True,test,False,12,60.0,25.0,False,,0,False,False,False,,
0x03484da5661f39f468288277f788aae72678578dec85152b75479d4b61cd2668,0x4adb565ff59f1a787516d8f5f3e8be5e4e94c4cb,0,67699149,3000,60,0x261b0f5e05eb05c6496728f1ae4969810dbe8a80,18,MandateOS,3688,1598.1120226445548,0.7536852116024727,8,0.06596507341953582,0.05422993492407809,0.2605,1585,3688,1598.1120226445548,True,test,False,12,60.0,35.0,True,,0,False,False,False,,
0x03484da5661f39f468288277f788aae72678578dec85152b75479d4b61cd2668,0x4adb565ff59f1a787516d8f5f3e8be5e4e94c4cb,0,67699149,3000,60,0x261b0f5e05eb05c6496728f1ae4969810dbe8a80,18,MandateOS,3688,1598.1120226445548,0.7536852116024727,8,0.06596507341953582,0.05422993492407809,0.2605,1585,3688,1598.1120226445548,True,test,False,12,60.0,35.0,False,,0,False,False,False,,
