AAPL/USDG 5bp,AMZN/USDG 30bp,GLD/USDG 30bp,GLD/USDG 5bp,NVDA/USDG 5bp,QQQ/USDG 5bp,SPY/USDG 5bp,WETH/USDG 1bp,WETH/USDG 5bp
10000.081075893202,10000.351218852044,10001.093684180507,10000.006571896563,10000.311172986923,10000.002839008957,10000.013656606063,10000.396602946503,10000.290404972406
9999.11149901027,10023.99986485008,10917.173467280123,10916.08635499618,10005.32838959716,9991.976167861518,9998.602077033236,10000.742532614508,10000.660084096613
10005.828366099458,10000.675915611228,10638.094035377711,10705.331344074792,9998.95294758271,9999.585250252125,10003.031133311752,10001.476917870652,10001.3414578974
10004.00066977512,10003.056618590173,10917.637309175363,10916.08775459074,10009.858153765514,10009.487153795024,10005.166000479066,10000.518806878488,10000.22330778413
9999.837699988722,10001.118541229114,10917.637309175363,10916.08775459074,9997.153938010055,9989.169251550897,10001.15042789871,10001.896591943294,10000.613332053252
9994.716038948447,10029.488467524596,10798.329868566629,10840.242601250986,10003.407839537553,9993.767056198092,10006.334089584123,10011.336592382855,10010.912506115023
10007.587466761808,10029.650688672087,10744.89779168905,10765.300501185346,10012.323625296618,9990.245432033613,10002.264028262858,10016.503752479406,10015.983395879352
10010.866215257267,9999.843198477207,10658.60529054563,10701.872242345216,9982.942944001901,9989.372620887692,10003.057309559817,10008.74049560978,10008.285750425246
10010.299555432572,10032.73810836947,10811.211424420319,10831.23586658748,10004.432166109864,9994.686944282786,10008.121510197678,10010.779112363733,10010.096982560539
10010.567275614065,10028.444052839379,10916.460641435233,10912.490298306002,9986.291951514095,9999.39300300784,10005.458363545154,10012.281548865465,10011.665298880946
10022.195037558333,10027.586287892083,10918.089996951408,10916.09196199626,10014.667893575182,9995.921413580387,10001.556267514705,10005.901678374003,10005.215321426842
10026.827664280398,10034.05912080263,10623.168818287664,10667.796119130779,10019.280640648287,10006.293343066644,10014.709757936798,10010.738130639407,10009.983196418843
10023.438665246931,10036.149892890393,10550.820223889676,10583.700325012183,9999.277981352996,9999.581183447002,10006.110124975876,10017.651312279046,10017.111164163305
10024.256950201678,10041.006757244655,10461.778941206296,10463.562974795059,10014.900083700268,10005.3523776857,10006.580072879757,10011.972109793922,10011.477391448496
10020.221060253098,10038.064749108236,10167.113570482617,10200.100214342254,10028.668215400281,9999.038188119326,10006.131796913507,10012.765351300366,10012.252690340049
10016.866695185658,10015.844363587397,10607.323741728138,10625.43518240011,10008.297444779259,9993.096033414744,10007.869739193244,10006.558313139041,10006.004651453411
10008.184762805933,10042.355957961945,10682.439893481986,10721.820175668383,10012.309853444633,10001.817558104298,10014.673248661185,10016.562299852694,10016.21283303819
10022.187577316427,10044.178824422477,10816.904924355222,10833.759231595632,10009.153094061538,10002.20031099994,10014.068661718255,10016.023776971986,10015.507582543256
10013.06909431744,10017.60486140815,10732.386412411342,10743.009286056347,9996.899730506822,10006.968597290266,10017.485473053037,10032.548144895361,10031.80941296063
10017.20236532212,10041.228840970329,10901.307063862761,10894.023357722388,10034.12137482793,10008.817870264898,10026.794901272162,10047.991544115548,10047.160554551261
10044.638747189067,10025.776829544911,10918.471375615203,10916.094661696274,10017.605293220866,10009.943699249305,10029.559752250436,10053.556587930461,10052.620632123948
10028.268841310844,10047.545998282772,10918.471375615203,10916.094661696274,10015.963731822809,10010.617125746934,10024.845043247156,10056.551897088048,10055.469043427205
10021.517083842222,10045.955558954029,10889.07193911668,10886.779006709228,10009.28752161665,10014.725931574518,10032.665682759856,10112.315851324305,10111.128348870428
10016.645878201592,10025.828092177755,10844.789363074884,10861.636275616433,10032.710222717942,10020.087785264568,10033.013236833065,10092.041710687927,10090.72659863937
10016.703569828955,10050.284260324484,10916.782695173782,10915.020612835839,10022.01157912023,10020.383831256073,10035.270194567005,10101.251895778176,10099.792778335273
10026.71698695325,10047.610065396428,10880.807583822922,10877.457465262674,9997.997333845311,10014.885053266438,10032.831987975702,10088.57423344654,10087.048956653221
10049.3187342882,10038.100522627663,10885.93471970921,10891.277598340557,10014.960056480179,10025.761294596165,10044.58990522648,10081.09264941825,10079.24917734294
10021.96689344895,10050.981195867349,10870.744145955436,10891.791713220942,9997.246869270992,10020.236354985751,10034.339759080245,10065.185476406996,10063.057905876656
10019.385753829112,10045.499981461768,10919.24818167679,10916.097465522167,9991.49039441113,10033.297681077749,10034.718248443356,10050.379422247517,10048.058451963041
10007.527906292358,9995.519620815414,10806.114279516985,10818.222401243402,9958.76433335618,10002.089696353962,10011.912655794318,9923.66652153133,9921.453839359725
10003.203083291304,10019.349293117404,3989.4309970881477,4001.989916048104,9989.769970688612,9989.452305868384,10020.69793269402,9967.987591701754,9965.82507027484
9993.0601551147,9979.603229001075,3710.319538883966,3734.841704768229,9965.743618663248,9959.777433998446,10005.593058006321,9919.078320011087,9916.918244502023
9976.811819540628,9993.50573014497,3734.8333586686463,3782.4532379376988,9969.91042351586,9957.304722250603,10010.02577053995,9899.824941612298,9897.677373834045
9996.115574713565,10009.818258958174,3743.538486538274,3783.976143570634,9972.731201981636,9964.85921437779,10009.267755437271,9943.861495380304,9941.619783051041
9987.60755217639,10003.236127398875,3743.1573568437325,3763.1956957579,9976.468123833882,9968.098443257342,9996.30958022289,9929.94886742584,9927.68725278848
9998.624451934027,10031.022091692384,3723.8788007717058,3763.0659742865637,9998.2962718199,9977.677694536409,9986.888551585775,9983.718370469622,9981.429286082892
9986.95782570644,10015.348821202071,3718.9586236684077,3769.8974089174462,10019.651530747416,9997.634180171744,9981.537507953954,9991.87831351445,9989.543359836698
9974.193986686514,10042.798969778978,3741.043754404043,3776.233009211303,9998.187610977868,9986.740546479974,9969.874310502115,9987.042021806172,9984.690954847289
9976.405720717356,9992.157392134479,3748.410395166272,3772.8304940689823,10009.13554725978,9989.50400811142,9978.385615746964,10004.16020226715,10001.77761852965
9990.382370799598,10010.033516801046,3730.671448757937,3787.122258684936,10003.390557004968,9989.136010260758,9975.713281026585,10008.790843206756,10006.313005942555
9991.448877427101,10034.879143746903,3746.564193731192,3766.1089088885806,10008.32258301815,9984.08864904523,9981.841373565487,10023.214748398743,10020.611816258128
9978.106278885873,9997.426301022355,3741.6657344591536,3768.476678943433,9999.221874899667,9977.534925273234,9970.048314413954,10002.02093223964,9999.557974895102
9981.961124399304,9987.106561991948,3746.8288930920207,3777.538875686651,9976.63667021392,9982.1365271959,9973.638318540023,10017.473950044054,10014.531793163203
9963.461493596677,9968.46065010531,3749.8408055433842,3780.65294143254,10011.405750907225,9987.96644115804,9974.942208145316,10001.073744438581,9997.89528374559
9899.657352398826,9911.640825934448,3731.2703743443135,3773.3190401949564,10024.255076354379,9967.419631260413,9966.116993512489,10047.129012430656,10043.660606792437
9916.941394596966,9891.895078538968,3747.5239733427643,3770.1005775670274,10011.667516760557,9979.980571863656,9964.046110806361,10055.447543611741,10051.908684039867
9903.425603961517,9924.711370094006,3736.8683639182623,3772.61809912461,10043.627611838954,9984.010809611662,9966.911266807347,10063.165732927502,10059.57350048032
9912.058146456162,9950.492481521202,3739.1411408924764,3777.864499998201,10027.484558113245,9983.293244755807,9959.926842201685,10066.896169385322,10063.256908589507
9922.8551544566,9890.994963023386,3735.2093722377226,3769.0710325826303,10009.057632995437,9981.948117582006,9959.808304706552,10075.202453065927,10071.344041988512
9940.574021052767,9902.02145438925,3742.7717944637475,3768.8886185000115,10055.442151378891,9981.66739678773,9966.20868984233,10077.514878027509,10073.211420236306
9941.518714263484,9893.691215082274,3746.1537112914834,3772.205743108737,10055.291082879017,9999.214739376475,9975.58442414342,10068.201934102095,10063.129280996385
9952.271127514106,9908.635406393938,3744.7204145658484,3776.646424304122,10051.248136285156,10000.96274804785,9967.560690775535,10076.724523317609,10071.739899516564
9953.59760308073,9892.552014425766,3757.01125783081,3780.0223993169384,10056.670980943967,9992.403130969808,9978.038696519974,10065.225327383474,10060.383370647707
9950.648795272322,9916.098199742404,3748.6137918396803,3779.9058419558146,10040.771600621798,9987.484899395253,9973.148804918152,10055.491475807159,10050.305479571505
9944.710865616526,9876.122350195466,3761.0111759187134,3784.7644912024957,10054.58641699292,9993.934835903978,9972.257849414704,10065.92567361369,10060.573189217954
9941.632987274857,9935.602571112137,3763.8300447886945,3786.139745180185,10039.954435216907,10000.66346601012,9969.94153997596,10051.976023787933,10046.552257185334
9941.195648722192,9869.145296933877,3751.759179086388,3787.386181707457,10031.377608665656,9982.384429591053,9961.336817570897,10052.784290459096,10047.29016494996
9950.816938501184,9878.397841438242,3762.0056778311555,3786.660204060402,10047.054160849473,9991.67230677886,9973.353354523946,10071.97422298379,10066.571862121085
9955.398259358954,9919.85313564001,3739.3748874878706,3774.5258964518594,10047.179827140071,9991.448514149373,9971.373261320221,10065.903110939387,10060.679677973312
9947.987945756451,9879.911513598006,3741.5569206224163,3773.598458485914,10039.471688912216,9997.054385773963,9972.600751963126,10091.167751020186,10086.172955403421
9954.922551246947,9892.913727482006,3734.444641598955,3771.9659673339975,10050.934603843898,10004.220811199879,9969.442699437623,10075.443054680027,10070.597359574847
9946.817995272726,9931.017788429821,3744.974316363772,3774.7043275661035,10059.071059724965,9983.453720292244,9967.289907454535,10073.396405476375,10068.797274990342
9930.548180690495,9856.348767053769,3734.4698616411793,3768.802013111238,9994.947783055793,9962.187170147976,9949.637755680487,10034.14488935136,10029.665727788686
9933.963001397065,9838.118750143556,3730.8330917913136,3763.3810920645547,10005.001121896243,9950.04963584446,9933.095824717051,10039.24276830499,10034.834618066901
9936.492234989975,9828.121601034656,3748.451501846132,3774.7944447360255,9981.720507482503,9940.119377079642,9930.488011419635,10046.26768388342,10042.032535159411
9947.594747278405,9818.831573434685,3731.2314933035,3759.6714740827897,10008.144259645984,9936.50380791961,9934.869228858768,10051.001380517742,10046.9202766828
9955.278355083117,9739.49606605185,3714.484790423063,3736.032480178495,9975.921343796506,9933.561619522343,9927.743352623773,10031.568333444817,10027.467166761335
10041.57595708922,9731.078443518494,3696.347979213606,3733.4191424243213,9980.975450723283,9934.763479438887,9928.699414967923,10022.860979359673,10018.680998424259
10074.16591125605,9713.099493129495,3694.4267659205716,3728.6528128739483,10005.037385669488,9942.837945779505,9937.711701759003,10038.343506275689,10034.170468441478
10098.875945851058,9819.312074237258,3712.3002440006353,3741.768673667309,10045.780160581768,9953.596871152145,9955.924241899238,10042.281618220108,10037.862233611357
10095.825830149352,9765.05854251816,3724.682291554619,3750.3035530156108,10015.025115717954,9929.29760348948,9935.752692769604,9999.687411604138,9995.096927345197
10092.491816016423,9716.785192733125,3714.7795571964634,3737.946842866923,10017.357471592404,9934.548114836434,9935.82272060657,9974.700767868895,9970.435254167556
10083.5418952885,9717.030275367042,3686.20614722321,3716.6254215971653,9962.798707310209,9905.425185361966,9911.202085661724,9943.242596240101,9938.808960074639
10083.94652592514,9758.627451942986,3703.076796189058,3724.6986658689975,9997.496821174009,9913.484919537761,9919.595388892063,9964.559944377677,9959.99056065528
10089.938216554936,9789.507804680106,3700.8162412610036,3724.2890574130342,10010.804638288813,9926.000270060938,9932.723336396502,9975.34067469795,9970.403154003143
10091.592217944057,9770.412730263966,3704.019410926732,3722.553905318579,9994.03136255499,9932.752924989447,9939.14440935075,9965.500227504392,9960.33640666099
10094.856846596025,9798.42455338086,3711.9305817598624,3735.5675906048396,9992.84571205574,9923.11620889587,9928.994708835518,9958.554405387822,9953.882456006764
10093.95650950673,9798.90419920508,3712.0895308357335,3731.044980966607,10007.664458265,9934.574116629608,9941.914444735761,9978.196748682485,9972.659742878504
10093.039796385747,9756.712267304121,3713.683946678063,3731.6374940860674,10003.518572917481,9936.363726850544,9933.33516994901,9954.836747053998,9949.128570025554
10081.4861595547,9722.871953591846,3697.0468136681307,3728.6984272078253,9977.388010098313,9920.306181271577,9907.497745816176,9912.940749468982,9907.516808356102
10085.527424163693,9731.412303427642,3679.557646719669,3707.3711633166204,9997.440002704498,9922.818674175382,9930.934909980146,9950.013138936472,9944.697901653508
10087.60617227058,9774.358505634704,3680.821370266301,3709.3923735172916,9984.520578378684,9914.098851861738,9927.843101671637,9966.769780107792,9961.294476973115
10083.588666171798,9743.933409394145,3691.667489003101,3713.4037410060237,9973.21675677536,9915.58469976923,9927.398280282383,9963.849385717675,9958.308968543104
10086.217201906058,9780.700994387427,3694.1105270442363,3710.4666100490713,9947.104420863108,9923.709308066112,9923.531376741961,9985.65683544685,9980.035189891234
10089.05879416693,9728.215916913725,3686.9545275232076,3719.7373708294645,10081.429650665128,9916.73537281347,9924.921961645341,9981.68394636743,9976.05996953017
10090.591260538838,9745.352939737466,3701.0166692888333,3724.6229313985687,9996.871076912155,9931.190443121131,9939.285095198287,9985.140090002456,9978.948184393052
10078.925238409116,9730.540301066552,3699.423370129914,3722.1534520157297,9960.091234249468,9907.222470275246,9909.207402582535,9902.239179865033,9896.79180895
10085.633361626498,9728.183159556898,3703.4956643684905,3724.977342365044,9976.369399802858,9899.949310218932,9911.801335877502,9850.484949191605,9845.256288509578
10078.78101960039,9712.36574630614,3697.519567231451,3713.0998308799944,9969.186063401183,9900.325578610978,9907.512613110497,9830.21082285727,9824.836121255847
10103.252085974873,9767.03324530569,3698.8460255057894,3719.2397967561083,9981.312931339226,9923.434181067385,9919.828300941557,9868.575087319841,9862.343184618096
10114.197117874812,9784.102698189068,3692.52976848205,3720.2249697504817,10000.729848080979,9936.627592937237,9930.744279908355,9868.926671637877,9863.246724586055
10099.230330102228,9792.258241445885,3714.9827471858466,3736.4969165108337,10070.025548161115,9924.753106256223,9931.115332484203,9932.150645317364,9927.012363525535
10091.81488721834,9789.832949121688,3711.061991142876,3735.4849926099923,10130.416085277979,9938.765848066758,9954.400801683412,9932.643152287574,9928.240280462473
10091.897318144138,9753.622713712502,3710.6903641391423,3736.1281106005213,10183.417216535143,9944.63259549778,9952.223338187612,9913.736402567587,9908.98378234351
10103.208790791423,9767.883303268394,3723.53979947546,3746.0517072112943,10164.623882112135,9949.805514835294,9954.949124510797,9908.590089297684,9903.630650291056
10106.520137930129,9783.190162029947,3723.8687972621265,3742.665535377718,10142.348572455026,9950.300860884621,9964.913961070608,9922.525749015702,9917.401234387751
10107.092620202915,9758.12265309697,3715.9810459044356,3748.285509120446,10142.235809064143,9955.28128595984,9970.529725500714,9935.289425899244,9929.629391436589
10100.476370139113,9765.648359985553,3715.2396854366593,3743.995898186363,10134.928288536234,9948.449214187447,9954.717272941232,9917.216009850948,9911.161477664335
10108.420519178906,9773.914858080267,3718.036039045117,3746.258992766759,10134.897128935741,9940.645453634184,9959.56421918106,9932.476447420666,9926.066952435998
10112.644916273855,9806.444489129959,3730.7691481411657,3751.155145334739,10152.878092376082,9959.099741460677,9965.122089532635,9932.348880931037,9925.473421961411
10111.945092982633,9783.91902401504,3730.817430690311,3746.5765683539325,10152.219569209341,9956.648678760703,9968.496890247257,9895.796618987228,9888.424920805286
10106.303004000909,9781.585920390466,3727.9326821974614,3742.1977589660896,10153.974911741616,9951.180316221025,9957.364724539048,9928.983103444085,9921.192812527499
10113.287531833666,9787.093350384808,3732.802596040291,3752.9366613539937,10150.639747578136,9952.063641612172,9959.406866924779,9901.172873216763,9893.051070560972
10112.175873121127,9815.899797108843,3731.9427604322686,3754.8558423825084,10149.58604344831,9948.866166860238,9966.13504637293,9919.3030550611,9910.948514440754
10102.122925967242,9809.762227551117,3728.1080447290988,3751.553665547708,10144.727255232368,9944.245529893375,9955.257178588963,9965.284736409169,9956.745125054773
10111.040786115442,9824.141580340816,3722.142739605413,3752.2252900438857,10165.434467675243,9961.01738305428,9975.953810686211,9970.040085826693,9961.338340824856
10102.365684621904,9788.172078766522,3721.495792047033,3747.6133433836058,10167.219440932111,9956.65788040248,9962.04397971468,9975.308029225213,9966.616941745313
10107.54092515846,9783.316803130818,3724.347670473662,3757.8530074001474,10157.822012910287,9947.198396695043,9953.57892114119,9971.78657834332,9962.910687994114
10103.724525641528,9789.278319185389,3725.403484055668,3752.433893775342,10159.112239143356,9951.899134276562,9962.586661390873,9985.1661844981,9976.343042230457
10109.323668638985,9815.215694412997,3727.3980318684244,3756.4431639957475,10166.41303351245,9945.881732966342,9962.165724516854,9961.641757037623,9952.722895689723
10118.998244871793,9798.390889085862,3725.0736970911876,3757.8043283626903,10153.959603258118,9970.193904037993,9965.12362415008,9973.812469371465,9964.877057968828
10114.077480289854,9825.238524205663,3730.7924540747026,3762.6770598430116,10148.721509204182,9953.509974752053,9963.404724816186,9948.986140745496,9939.811710207297
10113.61023615708,9793.332826589472,3741.2294322988973,3758.4798651245537,10150.566155009503,9944.786109169145,9953.482387284366,9952.573836548463,9943.193490536974
10100.608885634878,9815.35817950801,3740.7874714082946,3765.763136135564,10129.886172759427,9944.865553492447,9958.271347918233,9988.716623046043,9972.223736723385
10103.618469250156,9821.160029772114,3762.577611651034,3786.094347759393,10171.05716311811,9952.38871674391,9968.136275220442,10036.580506137998,10026.998152878088
10122.57826499835,9832.54459233048,3777.6522417928627,3796.460776986384,10203.608324489882,9973.720256191686,9986.536366595028,10048.280381199942,10038.706761645815
10142.370932774606,9829.756674659146,3772.4445224259384,3785.9695621333403,10183.892950814108,9974.55527457339,9976.847843736576,10163.326412279697,10153.288324051968
10154.692219995119,9855.491585201078,3785.2415995714873,3802.8613215954815,10200.120267858108,10003.060077583246,10005.781652967844,10203.666193136989,10192.590608289169
10162.256091576219,9839.812855546399,3776.085903505523,3799.285954680796,10193.35799830362,10011.9753508536,10018.5891974509,10184.013211511108,10172.141993438277
10142.275698580646,9862.59268368227,3762.125165586185,3787.1506006460054,10215.28701439819,10012.919458363702,10016.807971055778,10191.040508055312,10178.656429794053
10143.32767781578,9864.719724785895,3760.395422867908,3783.785599812628,10226.69980196505,10016.946893360297,10016.449673110266,10205.89609161009,10194.399584312303
10152.721812613163,9848.918191037907,3762.4579757586407,3791.7161587929622,10219.06538727619,10015.081179129504,10016.452213983635,10213.526085903544,10199.89223301838
10155.348678303624,9845.64612714978,3773.5607365471496,3789.0003115556356,10218.94067775566,10015.140278434741,10021.053862066508,10204.679400324281,10190.49266675269
10154.494796145731,9868.730860478536,3765.1373610300593,3792.7401497324454,10221.84870674358,10017.810793832856,10024.80156912098,10212.31873704563,10199.39093550768
10150.32570279065,9866.538935064538,3762.9620866171463,3784.914519242792,10231.03550266752,10015.228800964253,10018.02341617492,10198.660970354818,10182.100781651285
10151.06856376193,9867.659197585761,3763.421612595136,3793.427640010612,10232.515641919697,10016.141052705863,10020.94528540323,10211.531213965754,10194.191026817263
10157.847801364696,9875.134918099939,3777.550277778023,3791.5554110515577,10235.065951816257,10024.169592579316,10024.544066366281,10208.610661362816,10190.656200858746
10153.471070346019,9848.082586396278,3764.4115094634235,3793.539683680797,10232.59348797052,10018.82336183294,10019.869525859664,10213.445245135787,10194.18805283523
10153.674119122059,9874.218449132379,3763.9177903436816,3790.669742722829,10233.376448723035,10022.362367866008,10020.976850709914,10212.858220596718,10193.598111479898
10160.715548214914,9862.738879510938,3777.142345144571,3787.380243800324,10237.553320809908,10024.195530908284,10024.500059899707,10214.839066540653,10197.172258582332
10156.448590568663,9861.347734385658,3774.4469566986877,3786.215355628439,10237.363324595952,10022.962738008868,10025.913494831919,10220.644346272504,10200.445957619706
10152.175025661289,9861.390727531887,3760.9077823642497,3783.0207143110733,10234.733744645771,10018.683245408289,10015.03964360027,10217.800948265045,10197.202374248844
10151.840795004206,9855.866523829747,3763.9120399405647,3791.98511959902,10231.196124815684,10025.423229347994,10019.888149414406,10224.03707815964,10203.845498381692
10151.871707486142,9859.11202016219,3763.8051641514216,3792.501407173378,10238.522441761495,10036.105144926318,10024.349967420123,10223.401670346775,10203.075680327207
10150.910724545558,9864.774542388603,3776.511342708718,3793.578589167414,10241.378911192607,10039.895006415069,10029.937280117534,10245.097142969058,10224.945890963872
10153.957113838256,9897.23992370175,3776.812833492693,3796.0661629030633,10243.433703887842,10047.580127978563,10032.241572854955,10246.826166503897,10225.516247603517
10144.264746013878,9868.344743978569,3761.0162200319905,3786.0305946675635,10251.992707650363,10038.98535592208,10022.500314417424,10249.2933080526,10226.598506827413
10152.421787998934,9876.34799056002,3764.3316492635226,3792.8383552552955,10249.554856157005,10041.11543902331,10028.642751460948,10250.86492699688,10228.80159188613
10156.445963545417,9884.906557042621,3748.4838968796057,3766.9672216355307,10245.512359013075,10026.712800114015,10014.574962320028,10151.847217346736,10133.942287372016
10112.313324940851,9834.824819054904,3752.7501582957525,3770.9425166959686,10270.814647760124,10037.32642247004,10014.129709190454,10155.230242387439,10136.926016311878
10082.154319456542,9833.236491092906,3741.741370043231,3762.3294311224163,10265.306417780737,10023.851809337582,9998.847663645603,10131.345226506583,10112.901424494672
10083.154102456148,9841.008569461132,3756.8698003797476,3772.552334205714,10254.485253685736,10026.423968035293,10006.2254514265,10156.634699274115,10138.064508478332
10075.37176160405,9810.341428665579,3744.467866569948,3765.488117548254,10256.326557322174,10027.50505073381,10009.160571862616,10173.972548086162,10155.702177132616
10089.949673029965,9824.578904811951,3757.8805725604593,3772.931807035389,10245.181754509833,10019.08293693552,10005.606848146213,10148.73111228787,10129.663071736162
10087.046686643751,9836.558057815186,3745.0824134668205,3764.5723247357605,10248.71371705381,10016.550554678399,10007.2543731949,10158.19068822205,10139.09853810544
10068.608321833279,9874.658593111993,3756.4081087432796,3770.4371308965383,10248.694082543829,10021.361340189473,10001.688590412567,10169.478781248814,10149.910071606526
10064.911470211891,9921.577251815763,3760.565593959602,3775.6280800302184,10243.000181945992,10021.770045768475,10002.310527664322,10162.85626937541,10142.75723929178
10074.93202295625,9967.37953262825,3748.6306936590986,3766.290977244531,10247.650366531037,10027.012489338449,10007.738387305893,10166.770372025334,10146.156264850042
10077.93967634599,9966.023759941094,3749.204297030029,3772.795666237642,10248.534695902603,10032.56312119597,10008.132470120005,10168.989034436043,10147.741337989999
10072.746112139464,9962.370043687877,3747.134916128648,3767.424044524349,10241.269979393233,10026.016865932721,10008.54773736325,10176.257222685805,10155.073401692294
10077.824345626608,9954.389365482104,3760.8232462772494,3771.5635231925667,10248.434423070996,10029.541057525652,10010.018329188371,10175.793206587716,10154.346324746282
10069.350613206772,9971.314822070233,3747.1453937272436,3767.439700444602,10245.715296111774,10021.90948713035,10005.718296753419,10170.658287982904,10148.767715567099
10069.495050722986,9974.841221156918,3748.3340323297657,3768.008385644535,10248.547641237968,10025.548732081721,10006.207454058625,10173.481558678548,10152.799360978865
10076.517626771174,9976.547928611255,3758.3568845100126,3769.9768018583804,10248.234962300236,10020.638748105377,10001.698671022756,10173.95896642589,10152.091333573224
10077.264704378034,9980.496496073245,3747.7343429472453,3770.7509519556784,10249.835831188779,10032.408597642292,10011.864469087062,10172.459691586255,10149.41764827861
10079.190040902597,9979.906329255004,3759.3319656864123,3771.7301800453915,10250.920279745611,10031.77076464461,10013.328087359072,10174.44543030048,10151.609877969438
10074.049621333881,9979.833789372706,3748.152603015477,3771.074675798903,10251.34928930702,10034.484248052351,10004.509768705127,10180.683380783083,10157.274574945694
10081.93806440701,9979.638706553913,3747.632905360927,3769.8378283183665,10251.602581782023,10027.09766514747,10009.3474417777,10188.276115677621,10163.30719996557
10079.694046834482,9959.709729326976,3746.056265433453,3768.7872701831775,10254.748729185614,10030.732131159803,10005.741028689305,10183.769001633831,10162.434596049368
10088.812731183105,9967.746385043816,3748.4707415289517,3770.902218596743,10253.326054726613,10032.100171890974,10002.934057503398,10193.69303439883,10169.654772171561
10088.126739193547,9969.054510279326,3759.633119450001,3770.8869883522307,10253.394055291763,10034.926360292417,10005.775023384715,10184.968973565212,10160.841856581103
10092.647433206741,9990.402823008319,3760.1531041844323,3772.540714277276,10256.09452021498,10038.792933330371,10013.828021369494,10187.456519769874,10163.102205943462
10091.81652678557,9988.718261154952,3758.4925645066673,3770.483415239317,10254.46908201906,10028.747166843688,10014.537983715889,10193.60885215185,10168.932091588806
10079.099666225802,9987.157651575097,3745.9139393892724,3769.9133655266337,10254.492298175084,10034.096040219378,10008.742561295065,10179.827947414897,10154.979007010446
10089.149296021293,9990.132946086831,3758.9402858534354,3766.5742244403878,10262.835348367536,10038.20398995471,10016.621523574931,10198.344659168064,10173.29185406089
10084.928758264405,9988.28227245693,3753.3789087069053,3763.8884300001437,10270.872037705845,10031.751161103317,9982.120927493586,10222.449358733642,10172.931094486896
10070.30767488801,9990.441552031773,3743.633119569222,3766.5668886784665,10257.141823890426,10014.257943636276,10003.900853575242,10232.52435324488,10173.074788954238
10101.237121961063,10007.137222579135,3764.2900394017206,3773.960421143129,10265.113530448696,10046.038253407865,10027.897460819904,10243.305725245826,10217.342458348949
10086.83635503803,9986.577217827356,3749.072115152576,3774.342024288441,10266.244766695372,10041.599599237805,10009.142255257286,10229.238571757925,10212.13661969959
10105.690304613856,9998.595210597356,3748.607462091256,3775.103874985777,10257.891967039275,10025.476881183307,10008.070110127053,10223.599959425283,10196.538255824269
10103.003914850224,9989.762511176214,3761.768131444303,3777.3079988006643,10260.251373737125,10037.700743510364,10015.637484080147,10238.010314191662,10210.385633498363
10095.672883498235,10004.454214494406,3744.3045279403177,3770.73281492025,10250.521546549902,10030.474154413609,10005.703943530114,10243.919381419895,10213.151636794975
10090.902164151536,9970.917166855961,3740.712985816274,3765.898591782706,10248.305346675297,10009.394000032784,10005.270114626283,10222.70529134661,10195.008617773577
10126.998846737497,10018.656645793215,3762.6137318265805,3784.9206957549345,10262.376125440722,10071.402421595381,10053.457004671322,10270.700190596543,10216.691342756316
10098.308781175789,10011.013810800441,3756.6627074414955,3775.4642348308876,10262.498947568616,10026.900718890474,10015.97616453705,10251.904835304515,10220.401139075042
10094.767678264016,10015.310261649374,3747.447898946797,3773.377944473492,10262.807252322122,10040.04664644002,10019.417293649223,10282.113372917773,10250.817495138119
10096.913520449425,10019.154102324239,3762.7576106179026,3774.5321078837246,10262.793925253336,10037.434839782873,10021.52545707199,10281.033981463226,10249.412963771381
10097.797303148944,10000.536494257347,3755.664501897314,3775.121225870974,10262.007951337795,10040.175627797575,10021.738335301949,10287.955449196552,10255.842296086663
10094.981162436008,10001.073106091126,3763.9155001189038,3774.0060236444274,10262.687148683886,10039.025381875992,10019.192176976425,10283.558748372647,10250.9560041087
10097.249754889042,10017.534442137872,3751.806919933212,3777.2070550392223,10263.785163556897,10045.761665799038,10022.370473776866,10295.79436470569,10262.431756066779
10092.919240459267,9998.528003289957,3755.067721099464,3778.1176373400663,10260.124363934458,10037.841922495258,10019.971688773876,10289.341229044689,10256.036153706778
10100.045423955029,9995.133100739518,3757.225509386603,3781.559268137603,10265.726947934358,10046.600149554797,10028.824789586102,10278.727853021452,10245.56280792461
10103.241703902308,9999.999524676983,3758.8509458904814,3783.475555549863,10267.81528510097,10044.286882714396,10028.773376314737,10277.81533913252,10244.499666865855
10102.425586084415,9994.883217622559,3760.412529200594,3786.115089844493,10266.129414072586,10050.375843467547,10026.229147564343,10280.396678950137,10249.468934241846
10098.33296146789,9999.560933705197,3769.3599846180573,3782.6854717810156,10266.195373576227,10039.516349601272,10027.484165442862,10285.374447926124,10251.794293371828
10103.012140448787,9999.63915433489,3759.8375212212873,3783.6588980050947,10266.924684077805,10041.204558990894,10020.861974107904,10286.644260849025,10252.859696863474
10100.569066853595,10020.512895435291,3771.9146792582387,3784.9880090068127,10265.58311747824,10048.482942498193,10023.036090746607,10287.039476715978,10253.079708399468
10101.820486854442,10018.637804568858,3762.9807917949406,3786.8317062154397,10264.271514172175,10042.178118653228,10026.711863647577,10278.870171835919,10244.741110706756
10109.03723431484,10004.685690085167,3766.4227616751978,3791.219531217921,10266.444401349596,10045.441084859258,10030.13609626913,10262.190176335827,10229.586936876143
10103.3098341403,9996.428089511948,3779.361746841825,3793.196678689978,10265.154449014473,10039.500023921364,10024.694415074817,10260.901518599518,10226.382380631732
10097.910195865505,9995.759814297075,3768.5249305413245,3790.5086971654146,10263.931430084998,10038.003777449385,10022.568297525013,10268.425589827702,10233.611108084891
10101.966617155958,9990.164651305515,3770.079874616356,3792.8154623101755,10266.988680591116,10042.487647056692,10024.57625770928,10282.386852279576,10247.213022250362
10098.938566746312,10012.284201969154,3780.530076731696,3795.1260632927115,10266.02503973205,10044.63340789228,10020.804115339017,10285.728991815904,10250.614035540824
10108.710114135682,10019.43347596079,3781.4561889712418,3793.496415991602,10267.946542974349,10046.801373249466,10023.63689631275,10283.356928892827,10249.545154503883
10103.564762985783,10019.81265222219,3770.005248434237,3793.9778897770234,10269.755479320958,10039.588159081051,10020.566753150855,10295.624788469438,10261.351667181518
10104.353695653528,10035.33132432385,3782.396628656101,3796.1617173396353,10268.27941846969,10044.980262146697,10024.788882280982,10308.233965369855,10273.773356383159
10105.074732997546,10013.565091003058,3768.998060935042,3790.3224746419064,10269.18063243847,10036.667433884799,10023.12554743143,10311.06342465205,10277.709856353142
10097.806762043081,10030.346633289419,3767.9374324703444,3790.33216124974,10266.234579905014,10045.320658182574,10018.807206208648,10318.667596512909,10284.30997041054
10095.081556707892,10012.861499612973,3770.5586764695126,3791.726385159059,10269.784808362476,10039.41697635889,10025.675068171015,10318.913279813274,10283.779668397476
10090.424350482437,10010.079971323452,3769.2599745764246,3791.0444997870427,10270.933668663958,10040.772668100026,10024.581285540447,10310.822236235626,10276.147500966508
10096.728250127102,10002.223207839517,3771.2835076148544,3784.5135679550967,10272.549398290035,10046.178853488438,10022.318505941086,10322.873829097858,10287.92062387707
10091.607726612909,10004.315375343567,3769.015023805402,3782.9004094704937,10273.091712909454,10045.087244171578,10027.148253811083,10307.601654094555,10272.141000481608
10082.169546114055,9998.927014045636,3777.6351352927513,3781.9497973718258,10273.110588801017,10043.041112367158,10025.060196583338,10304.31686712527,10268.450602298686
10083.72439489895,10000.761482486801,3776.6475273942915,3787.973581384862,10273.127651373916,10044.988412707184,10016.628116537817,10314.15940192154,10278.110155734692
10093.776409971784,10025.328262518604,3766.7953403106267,3789.2710543646676,10277.347220977153,10051.785945788324,10031.458115116453,10308.000032240476,10274.975434348471
10090.455050968681,9999.633492066687,3776.3017241587277,3781.2340626198466,10275.855499507805,10042.146674388612,10015.282706012043,10292.395340964204,10256.485607956918
10097.688495203965,10000.660053304495,3766.115320208941,3780.8011363835276,10281.716848235046,10049.03804705533,10023.013052301045,10300.905764844292,10263.371885663491
10106.340489443222,10001.704363267505,3776.5180700006968,3779.6775233059425,10279.275459952707,10040.502810035694,10016.540097710464,10293.646793897724,10255.867028843686
10096.440613627086,10002.249858107627,3764.917142782646,3781.5696054579653,10279.219876938645,10041.322070529772,10023.596886384334,10299.291343244058,10261.244850373576
10085.414119642506,10028.36994168065,3775.2136531622227,3778.1058198070136,10277.398994671483,10037.469325098327,10015.468492698728,10298.864300133942,10261.942385220324
10088.093010705728,10023.085582188973,3763.3715685358056,3779.14632740126,10278.658222704742,10031.736349181072,10011.26213426175,10318.971596279738,10282.701753253901
10092.757159840678,10006.687370395091,3766.3605481459103,3783.9313961894695,10282.472390140601,10050.896256011623,10018.526213471217,10316.179870057284,10280.041525393486
10093.680777333486,10005.509871482385,3774.7147377202364,3782.0572873367237,10280.408746740977,10036.608172306696,10006.707693939252,10302.562162971632,10266.592475670073
10089.45536862805,10022.606788382089,3775.053948000378,3787.2211695111896,10277.013400233462,10038.192062122773,10012.617182547607,10273.359560321409,10237.534937109389
10086.081984190918,9999.092541843489,3764.1152271344686,3785.095711424532,10277.595819086284,10045.083557879176,10016.058752432764,10293.655031265334,10256.545546201478
10092.766144523079,10001.33338509453,3765.0568647200216,3780.92641391562,10280.42260113425,10045.11665851442,10027.336641645823,10312.222865610938,10276.705708124766
10091.853595920022,10025.714149620551,3775.338927593389,3778.167564191361,10279.540793602233,10044.473231954806,10022.724421341503,10311.409819576445,10273.390193172532
10102.050440733341,10025.81015495976,3763.122868898124,3782.3736332195995,10280.256304180632,10050.711939300641,10024.559466251307,10315.452304272421,10278.712596448477
10100.21915017112,10000.348038911452,3773.573722528844,3781.629045245722,10280.789793678285,10048.394717724692,10020.024719085395,10315.504949809334,10278.47584317654
10095.481732976505,10024.221724545801,3774.041385019449,3787.1687768481415,10282.074535775293,10050.229973480598,10026.142800200612,10311.461976069651,10274.011263802317
10092.246352346488,10001.73026696914,3763.63672456641,3784.0291826917232,10276.051987744679,10040.284338810876,10021.943828697655,10300.90417859641,10263.421109119277
10090.879045593532,10001.151594870866,3775.1614202618603,3786.417242139636,10277.414474637448,10041.31631305215,10020.474747861266,10311.937696836243,10274.290083594688
10070.236329847872,10021.188421782244,3753.146625544619,3773.9254140666876,10281.392559981061,10049.030826066448,10025.186918923822,10318.196027010968,10280.222714849022
10087.264088718277,9997.909504726567,3767.0847752626155,3777.797821114495,10285.896925872783,10054.492432587196,10030.441324039992,10330.52067479175,10292.351189124876
10080.382320477343,10003.737839679614,3756.499964870054,3771.8503182169034,10285.753584771845,10055.070857289837,10024.938076130475,10308.173732364943,10270.261329032051
10076.973836992325,10000.815765036397,3756.1481506979394,3770.1207404796883,10289.573634676412,10062.867964866013,10015.772104636866,10308.617116954141,10270.175572517268
10082.76364697911,10003.893082247976,3757.727557784549,3773.2758278500646,10289.87681410878,10064.794945238744,10023.23884219255,10301.878214268927,10263.54795083907
10063.711486007005,10002.950270478243,3754.193447833871,3766.6167991430166,10279.697108487053,10053.15042686461,10005.939506067234,10290.854853141273,10252.683592921489
10063.931612439561,10009.032060859083,3751.0545289933993,3763.306936812079,10277.611289766066,10043.99946734787,10003.608037640388,10282.936333594933,10244.798189701423
10059.157097800233,10001.861714440523,3743.6296883607242,3759.687939982295,10276.08018390842,10037.401883583765,9996.515472039659,10298.327837734503,10260.125629634567
10068.19179315207,9994.538484653773,3741.401553831211,3754.500053894905,10275.258957116557,10037.925745650447,9995.376198044922,10302.875702476886,10264.755290643128
10067.152770362989,10019.63032455347,3740.2441256148713,3754.8686730992704,10282.933938631164,10042.914035223028,10008.368813814643,10322.649816668509,10284.496690289188
10066.56837227393,9990.154453872625,3749.541269546995,3757.77866395781,10278.79862755808,10043.136709529945,9999.211736452282,10309.58287060976,10271.469832328683
10054.884708901038,9981.578152003529,3737.5741661834636,3759.1698546873486,10281.09693760952,10043.603065518733,9999.815147944744,10298.024919267576,10259.82109935206
10056.11802278971,9982.189466041129,3750.7231464661395,3759.780068535171,10286.081100136666,10055.116770329232,10001.41313970433,10296.074306353086,10257.843175934442
10044.502091447326,10006.507793818695,3747.877871693278,3753.0909839409405,10261.551756100118,10038.337643583664,9994.464000182845,10269.668830163137,10231.841004582833
10016.527369819005,9996.951399516856,3736.1402526664288,3752.691636713378,10233.45536562082,10036.510008905721,9996.76987703006,10317.676699004202,10279.421425724422
10026.514207327855,10007.848186642463,3737.5202196384316,3754.2194511823336,10219.175143499278,10041.694838538813,10003.001584620237,10338.794255222809,10300.109191806845
10025.146967898076,10006.776446040276,3749.7243492215384,3754.7855260753727,10215.773810494014,10043.255481861434,10002.207289800957,10340.908610237006,10302.65862688166
10026.287347950321,10007.741091837197,3740.880626583186,3755.65510569605,10219.83385024163,10048.182726381237,9996.54303450423,10332.515665535053,10294.111149520078
10008.549024719252,10022.76909246413,3743.4224740158143,3748.137508535007,10213.706668620092,10039.12146586456,9990.017835179759,10323.792049576121,10285.24836877801
10021.49958125989,9994.401857743533,3739.4259314594915,3740.6656520986667,10209.29660258396,10034.404979416857,9991.710703698122,10316.540532596677,10277.728708268547
10032.682292810163,10020.739461227378,3726.4441914182617,3741.2211110444414,10218.05608929698,10038.640567738752,9987.783148028346,10328.567576393858,10289.428988764104
10036.914446721898,10014.089903870374,3734.943565972075,3739.407128807252,10213.557150169765,10033.804443295581,9987.225910451749,10323.930106918007,10284.318991341668
10031.088533409782,10007.236044979518,3732.6101025903463,3741.6152791153168,10210.032744438327,10034.592077256604,9980.487926482248,10331.633114723134,10291.548384479525
10030.174222521773,10039.964666700875,3721.717999723745,3742.9234950001573,10208.067892662028,10030.659087453068,9986.374584241492,10329.48779293127,10289.507467908574
10037.566833590394,10039.33160131452,3719.5001906391362,3744.078238262715,10216.044291112123,10039.058581559406,9991.00084091894,10344.72217911294,10304.526894276421
10047.700912715105,10011.823987194106,3719.309563443216,3746.2768564298863,10214.18143085006,10041.389395143926,9982.84625749592,10346.903694881816,10306.503819319405
10047.9158104668,10043.6028476579,3722.827238020625,3744.3190387429618,10221.61439587928,10048.84997208983,9990.603904779859,10346.272592418898,10305.74463978729
10055.907587692263,10018.538563472443,3735.1154380569897,3698.8187641125173,10215.93841275738,10046.328683832562,9983.203979741122,10339.903807006032,10299.237343512255
10057.02734970858,10047.740681484252,3724.0614917478033,3744.5820768648105,10218.460100912618,10051.844442283544,9986.275960914847,10366.067774001762,10325.234214154952
10064.268619324615,10021.173886548479,3728.580832724504,3749.296181284201,10217.515694430951,10052.145940250875,9987.651260942086,10350.770447949528,10309.902931927772
10039.48349671799,10021.395121698519,3738.3418263458307,3746.3412837018873,10219.738681740811,10044.888088409207,9984.606156033105,10355.836639850782,10314.85941127386
10035.862407232016,10019.386716645351,3731.200457070714,3750.9684236488747,10221.082037068869,10046.831647157149,9982.854798793689,10366.44379102972,10325.541828029307
10037.11538628844,10041.584933551338,3742.1664288076026,3752.0243074002487,10221.291623458701,10046.69834363117,9985.230005789084,10378.865047290014,10338.000476534071
10028.422564451206,10015.36419918803,3732.413743635013,3748.3528108030364,10199.113396941057,10023.712964045211,9977.826547354713,10347.138938676651,10306.270044962854
10016.008306189184,9996.426875779489,3731.1425520091934,3750.5248662222057,10191.60249166448,10019.11653707581,9969.4060490359,10340.49759971436,10299.682183113173
10011.518395972433,9941.849336372947,3733.4641752353095,3754.031262899893,10205.38205912674,10016.980065998805,9967.32233109284,10362.070667683198,10321.123451984759
10011.7477481092,9974.489512601096,3732.9972793972524,3751.849919225889,10202.24010153582,10018.59543283617,9964.042684042704,10373.475842352715,10332.44962955846
10059.82590409959,9962.189482621588,3747.410511893038,3754.7832053621564,10207.687073530267,10039.545077815663,9981.041345155325,10369.551949518253,10328.615626701616
9975.396245860638,9924.983953055878,3736.9365700656303,3755.843255259646,10194.793430278607,10036.843439555589,9966.725583648722,10360.200976373617,10319.370731895668
9972.804867158338,9944.187288321553,3731.3680167701855,3751.6726933285827,10196.94241849556,10024.663866219913,9954.99298600277,10353.810929490395,10313.241892137286
9988.415393837244,9904.266811887257,3745.0946302286216,3755.6551960382776,10192.373724121648,10026.059402048146,9962.240254032004,10363.295751812435,10323.101971291859
9980.69226235331,9955.954534579701,3736.739069919913,3755.48296076282,10195.825399239424,10030.654610958443,9961.945496584038,10362.429579061894,10322.08971463157
10048.273090414688,9915.17935881458,3735.7197558556736,3750.6308936900655,10185.354603792808,10023.40327754747,9954.99804618416,10344.098495799779,10303.470772251783
10027.956125363242,9918.413501063855,3736.0955504919616,3747.231494521142,10189.756629699072,10019.932121879567,9958.86644734078,10316.492754587067,10275.786762090396
10027.976790770295,9911.319440122294,3733.426886412235,3749.3006352301395,10185.713263024561,10017.242463902108,9950.49539772569,10325.115570213018,10284.584326632244
10052.620872986625,9918.624516375563,3735.2549680314346,3749.431455221468,10182.839841576873,10021.887179627136,9949.34514020426,10310.846700352407,10270.514735027327
10068.490610868144,9956.37358332159,3747.310670669533,3747.3565120211997,10188.601816174649,10028.96733542491,9952.406110934604,10292.32048039254,10251.900009280876
10061.68133310542,9916.117521011998,3733.2704846414936,3747.070195877055,10184.222146130951,10018.365837072912,9951.245997065113,10323.924115799538,10282.373440350695
10061.12782162999,9955.252748751407,3734.7391416695946,3749.6575482796293,10181.593076555868,10022.88700844573,9962.725247938622,10322.089824779669,10281.59002180252
10052.41019187707,9914.410485159491,3732.99831900279,3748.8774820759836,10169.667394213697,10018.806759371624,9943.73895557388,10319.672826254156,10279.456576701567
10063.073900395373,9923.652398373879,3733.9823470423726,3755.46413711816,10180.784709026386,10015.5623240715,9957.19879902183,10338.92884791699,10298.493975926547
10060.131383576174,9959.39212395304,3745.943463918462,3749.971415411015,10179.804677963575,10019.088966182939,9954.311326942323,10338.58660971561,10298.027941956863
10062.134469596427,9927.275968689915,3732.6473061698534,3752.283428459071,10179.928896720407,10017.88828615202,9955.02132898398,10346.694189175445,10305.907970620494
10066.03846417701,9965.103830505175,3747.4494308561416,3756.578748627479,10183.467710196404,10029.926569650732,9965.849320107425,10352.435334421558,10311.561568822637
10065.879960727823,9966.903908062368,3737.4488390915153,3759.5813997299883,10181.473923524154,10026.753875045899,9963.112190930724,10351.131938258173,10310.006491230244
10062.13611840759,9933.980439805586,3737.78310197662,3753.271776495769,10173.081323721108,10028.226619701103,9965.080502784798,10337.468815229786,10296.157627840548
10097.494130319757,9971.16931272429,3748.0061820917804,3748.3573960133904,10182.357290781278,10022.072757437883,9961.233426892768,10338.247748759606,10296.731770854256
10093.606344809856,9976.760392292304,3736.5138977731667,3750.7072819713762,10181.08750333653,10022.297044820254,9965.183936785728,10332.823796630422,10291.094858678109
10096.602039040792,9980.058464173135,3743.2561732334916,3743.3632083815805,10181.827185625918,9996.951730689836,9958.69620783414,10327.943558064559,10286.08677082071
10075.408086495907,9969.70219602995,3742.1690927736922,3741.7928080705356,10161.726384148124,10019.780272118793,9951.623104081571,10319.573169459289,10281.304944898378
10068.91046719223,9852.566106703935,3717.588970598974,3730.76836474521,10133.541073439375,9970.7264596793,9926.788383986464,10216.416574591683,10173.30131596861
10102.465324077762,9915.708343244009,3720.9913273998063,3740.681533979535,10069.73011159537,9960.390518872879,9908.871170605331,10265.73411912046,10221.783922079647
10156.904629540892,9951.064961813545,3731.0552135439807,3734.425316282506,10077.984808374766,9987.56493970999,9932.61466904125,10285.92587181019,10241.399830872335
10131.620378856072,9957.557969152107,3717.6313958603664,3739.73457750384,10095.633852552739,9964.953384491795,9923.399704948624,10279.270687644668,10234.379702095825
10183.407819789503,9955.722019434772,3729.9935110746233,3737.416254345728,10097.03254996412,9977.965277491498,9924.991095054971,10298.724076375502,10253.239758423348
10206.452754686703,9927.077137218386,3733.990605463246,3736.300997607819,10099.714746320087,10002.048540142838,9930.086774792011,10343.405542711862,10297.128736280889
10206.080041889609,9965.175550963319,3725.5594617258116,3726.041169999913,10092.259376946562,9979.155297434474,9913.160490896265,10341.8001647634,10295.00331231438
10224.476971830132,9954.668685395636,3705.89546369008,3722.9304781212268,10098.170435765545,9956.908685363824,9912.356827003468,10335.455881215812,10288.190808101932
10222.613703076353,9965.835623035024,3706.3916017390866,3720.5974324868735,10096.934287296388,9960.771837040567,9921.972255100824,10337.845421445018,10290.181356780276
10224.541883304522,9909.839026387988,3706.440322424775,3719.741597597585,10094.988648743747,9986.1949199771,9920.450810352551,10331.136666474042,10283.861723104697
10224.347418776439,9972.879424225775,3704.84081389026,3719.41117760653,10087.689107594279,9950.181824080097,9923.84331076617,10299.656442891965,10251.163520785394
10217.42997027086,9908.451884155245,3706.0448220035187,3716.0855137695235,10085.823278069245,9971.227432765842,9915.922004854034,10286.754064640692,10237.628112570415
10222.160862185696,9955.309732933063,3714.1660101903926,3724.8721883114595,10095.721922400999,10005.65130524912,9929.561579613057,10328.142904874576,10278.200902719265
10218.07965773356,9954.97353490569,3704.9902825086615,3720.3612921522117,10091.909016155229,9974.416465874065,9925.919972237787,10322.023112911307,10271.740459272844
10219.769903984878,9919.903849142376,3716.932887987526,3720.017308819784,10085.983637671867,9937.25997757452,9921.660562544457,10307.428134054762,10256.952849522697
10219.235455335394,9958.6421894755,3700.632065508907,3711.523601872628,10086.823844411798,9963.354761676925,9923.040908359713,10308.209059174898,10257.43476780913
10223.715831810323,9954.805912460324,3713.6896851436595,3721.6968021429616,10096.919281554696,9960.820746225243,9927.891688389247,10337.026296439055,10285.8212454254
10223.48043094577,9954.81078084357,3707.3924929519367,3728.2323250332497,10106.59349870688,9978.664670103763,9931.756541851684,10351.865562780311,10300.338475557377
10223.178124234668,9962.79202601641,3722.5823770262805,3723.8167213193015,10121.345480075506,10012.630665294995,9944.516797939752,10352.682048095367,10301.013799875183
10230.525902052359,9967.128195768732,3723.472953787388,3724.4704016009237,10122.155501266125,9979.395835125211,9943.74306728738,10353.035127233348,10301.269178398017
10227.513011490191,9947.954149136138,3724.8997378086206,3726.3196024854415,10130.688404520448,10004.191872734182,9950.682914708566,10372.335335565624,10320.28926184579
10226.047750084907,9986.625235886537,3723.172143262834,3724.8403863268804,10134.665419563296,10009.66088692194,9957.875727095252,10358.689330133097,10306.540477764516
10233.332742700768,9988.439962664741,3725.2201236450637,3723.1902270786845,10133.049649410183,9977.497200307913,9956.917462139114,10350.215773989454,10297.92162702785
10232.948007710835,9986.626560407014,3709.845714402037,3721.224832600225,10124.31077925833,10006.687036152061,9954.92528970631,10337.519488986938,10285.990693184362
10225.991830421797,9997.78034445868,3727.432294456338,3739.852402599185,10144.200061067182,10029.402459485855,9977.87294164492,10418.766865308946,10366.347400015458
10292.036899420696,10127.452108501906,3755.6631769014207,3765.1174733962994,10200.189385989224,10054.207532454438,10040.164994244484,10460.712204066622,10408.102935276886
10293.088866423954,10033.044068192403,3735.369420142209,3736.7502637960033,10114.175930405185,10003.238890826688,9958.320357247472,10460.712204066622,10408.102935276886
10296.182826057178,10054.403026981741,3733.626394919604,3743.199447968265,10138.135737577388,10051.86665818665,10010.407903084302,10462.819977380324,10409.73189933916
10295.583894142475,10010.134960201833,3721.747808112107,3736.0903269751384,10111.53929665545,10018.392329314724,9974.153187787015,10465.305482113396,10412.357978735661
10292.026204838065,10051.049604784515,3732.256534195401,3736.639656809633,10112.705667870869,10030.926254599966,9975.741825956391,10465.094140385176,10412.149852288587
10292.849960243979,10073.131857088978,3721.817166775711,3732.8474688762294,10122.038781208716,10033.252907753633,9983.92345642627,10455.421752119895,10402.354730342237
10295.519931929652,10076.353488180961,3720.3756002537743,3733.252517367289,10103.750002682093,10010.003282839056,9983.550780753385,10459.86395778682,10405.962330453447
10294.705126669487,10060.29237616828,3720.2131923202387,3732.9535925708938,10098.301791210724,10024.894249001272,9975.346975058452,10452.930190080473,10399.26302481239
10294.604249709822,10050.321561093502,3730.376694076214,3733.853272538412,10099.228592725445,10029.386851221876,9970.91852941102,10441.475835184372,10387.794268734722
10295.111096603501,10059.191008588283,3718.2503516473316,3731.9478434817097,10095.480596932533,10003.291108752584,9964.346364304507,10437.372176352375,10383.823016363414
10295.612795987412,10042.559764983323,3731.833510260251,3739.6191459412107,10092.150020871322,10011.69290027622,9975.972178151007,10444.332116397578,10390.838221821383
10286.215264957873,10073.2506193447,3732.8188618630747,3733.6584480522183,10107.058082429383,10029.906624938585,9981.026507269598,10442.258609703444,10388.469358805078
10285.83099003207,10047.405941704164,3720.209805383485,3731.271807920639,10106.169415500159,10039.53783241054,9980.778976956126,10444.247241725108,10390.45245821602
10288.876916226172,10076.969116205224,3730.2542898774886,3731.2695204909514,10108.694720836827,10008.949465648568,9983.097354419291,10444.199123914643,10390.110290917803
10290.342757203109,10074.29899923209,3719.664895245331,3730.2996619117607,10117.564655641736,10041.991612188353,9982.930049386461,10445.42373368677,10391.253671047452
10295.904588883466,10045.147969252019,3720.0538039508347,3733.1483339956594,10121.212474555648,10011.0612253292,9985.00649062765,10445.286071079874,10391.371863053031
10296.828978275134,10072.2008712954,3726.050221953224,3726.7827767313647,10118.898606662067,10008.14730154882,9984.162160667665,10445.1423855792,10390.718137032543
10297.60721418904,10042.137985138119,3713.242877233697,3723.9089183277765,10116.712803127348,10027.570233095177,9974.693038023883,10450.891066436445,10396.488789296474
10291.338731727257,10042.263580603854,3711.9695772743744,3726.8439673887688,10113.959472277134,10020.780606176218,9974.569740959036,10453.496611706987,10399.044944518504
10303.674629726063,10050.236108081363,3712.1952499974195,3726.012115942665,10120.564764972936,10023.955566303071,9982.116641039105,10463.177567597564,10408.599590417416
10297.216991515537,10037.959384838723,3710.700743433355,3725.122280001884,10112.665242212457,10024.870792979005,9980.479612116444,10460.020811710283,10405.448806744886
10298.070595378109,10069.389850238756,3724.629786407962,3726.8524762568427,10118.858546824587,10049.95313623821,9983.083882348954,10463.21180182883,10408.650812188549
10294.518203444539,10047.28032708831,3712.328716619496,3730.4929840375494,10116.631491693786,10031.627877038512,9977.964240457915,10466.032436978021,10411.428463144468
10299.672323442352,10068.226094659243,3713.4357708351395,3727.20121091211,10117.559199032457,10050.082095073378,9983.778785196278,10465.211297565262,10410.515317861844
10299.701285116807,10047.960343027207,3711.2494523096793,3727.5386003387507,10121.334970570335,10027.074750959302,9981.07670472333,10472.000307226472,10417.240991244413
10305.402944254822,10077.874617172325,3714.0509666888597,3724.696627973973,10122.166445603316,10020.903171700624,9986.784471456793,10471.415080564746,10416.53851802759
10305.044531244352,10047.46326870798,3724.1164848860117,3725.9646219431156,10121.491521999536,10007.469303841368,9983.032940768384,10468.726351146843,10414.884453990058
10308.112424245232,10040.29751583662,3712.8019683609346,3724.7452565309864,10119.247728021639,10035.250675147216,9987.992855265427,10467.36055442479,10412.233526284612
10305.713591817865,10075.231602976302,3725.4618920829826,3727.1588956764394,10124.341769905175,10033.549826626131,9985.082579388638,10464.398694620495,10409.130384379769
10300.639386659352,10074.186246149591,3725.057451397257,3727.311660642456,10119.93555076629,10031.69076483615,9982.841215460247,10460.094360218116,10404.770205864761
10299.261566153342,10069.6792586627,3724.3320393712147,3725.2838791985796,10114.589983311867,10025.973547144247,9974.914323042614,10457.39091373801,10401.911196761384
10301.707675490708,10046.36173843276,3712.563649495844,3724.3898857948543,10104.66105112952,10020.763652833883,9977.224552483262,10460.385238602716,10405.693171989005
10298.990004929894,10074.121702699587,3724.2335173392858,3725.1438773428777,10100.028274318687,10027.039757387838,9980.927524999606,10464.035959032537,10409.131711308863
10300.094003298822,10076.426529652748,3713.011499553655,3724.6470541542076,10100.591299310683,10010.643285542297,9979.136490723875,10463.50695523434,10408.360388860072
10304.357479754826,10075.086647292766,3712.380895973648,3727.2709936534106,10106.523123044917,10016.424239298174,9983.1115464198,10466.252679415122,10410.94477492045
10306.715749269373,10075.236188491921,3712.1048945785014,3726.760910648585,10097.644006406867,10014.393754676292,9976.629682819643,10466.11276707312,10410.694747767524
10304.157191839742,10078.336256844124,3723.9417395916694,3727.9646606990764,10097.767324734928,10046.83102106431,9976.070415502885,10467.136878010164,10411.226536563347
10306.456818857056,10075.700507092573,3724.2473526399685,3727.5727571970233,10095.525208477764,10020.431290940396,9979.931005403252,10463.567736323934,10407.90774438961
10302.450863706785,10079.508324071316,3713.136015864234,3730.1486288937767,10094.779098569583,10023.100814242758,9980.919324901473,10463.93015327134,10408.118273174676
10302.904458425568,10080.174867643233,3723.6780480393463,3726.6220465753413,10081.588591338566,10016.619690132437,9971.32321297281,10462.134902690705,10406.368976633705
10304.009114952814,10074.875380615058,3724.270489345275,3726.3897836875444,10074.889023115886,10008.827055709118,9973.057417128774,10465.41840240109,10409.677524714642
10302.474966557196,10059.60311782687,3712.311279088341,3725.247686824046,10073.65650462833,10022.01600814594,9959.851926152127,10455.595720270494,10400.317383861942
10301.192713379465,10071.8228039968,3711.399955867941,3725.679763655587,10059.637132141448,10014.886573663567,9965.753837651133,10460.991055134267,10405.791754803671
10288.61815355364,10059.023693947189,3712.1392312463095,3725.2954598303218,10047.672852041975,10009.905952054152,9954.178827050127,10435.028180851694,10380.194057663906
10280.0016539882,10058.680850659512,3710.327849894942,3724.302153448305,10020.8387575308,9994.23716600339,9947.018032828659,10420.33136508063,10366.02049905782
10268.228241592253,10041.673294453225,3722.699020930491,3727.883927437031,10020.346736726517,9991.472063245508,9955.945470538365,10400.715535419953,10346.510323521179
10273.342623788765,10018.095726381296,3711.4563685112657,3724.8500894408903,10018.439852627487,9984.407728201604,9940.863655849764,10417.100420990771,10362.768614169021
10270.71018043657,10024.956016358123,3711.0867251656346,3721.962768560108,10002.65859258944,9990.57122897078,9943.95123127855,10411.141691935993,10356.821516736292
10265.717798380583,10047.682422958776,3710.3106869710105,3724.2451205518846,10007.445249257566,9987.499744373206,9940.44821683069,10415.061277073582,10360.779237103465
10272.02670625102,10016.237525955397,3710.3204867868003,3725.176183959135,10024.319109151997,9996.518690356654,9947.300471380388,10435.298266178479,10380.921202717827
10273.168354317202,10010.068908498131,3710.3011837124027,3724.289185041643,10033.800305552537,9987.759761200165,9944.65345950417,10436.590861260069,10382.349072683875
10272.923168630945,10023.91220540985,3709.233914742124,3727.368662529193,10036.835479515657,10029.747318546668,9954.57200659589,10454.461253424906,10400.06228884363
10275.836667139223,10038.766543248295,3709.3800315672383,3725.9078551294333,10029.510199430493,9982.989284338839,9948.550822350991,10455.897415437625,10401.3002991344
10272.34717511218,10033.782079760755,3709.180100902029,3725.876371549052,10027.376841518222,9993.945114968314,9946.513196861013,10459.994548330213,10405.147141989002
10266.649507002474,9991.304655801854,3708.531204634039,3723.9955523204117,10025.147992789305,9974.701523004902,9937.144303580812,10455.443741298594,10400.517494111335
10270.651769508055,10009.299700701602,3709.5541031678263,3725.8255311623943,10034.594404796191,9989.356929124298,9943.282886678295,10465.292805258701,10410.181687944592
10270.00890072713,10042.187785023065,3709.621602858562,3723.607298471874,10034.503594341235,10011.015754374464,9948.777181991118,10461.767238819904,10406.577611236678
10267.910120843602,9989.469569526793,3708.7964168778976,3721.316243631285,10028.230593846089,9990.355570158681,9940.010226609109,10415.275863212084,10360.744581692867
10263.415745333545,9992.757924239228,3709.5727613001536,3719.217113559191,10006.697385497513,9963.348091589838,9946.498324537517,10417.928109211596,10363.265607654426
10253.747117670853,10017.60280386277,3708.344766198633,3720.8554931831263,10007.58595762633,10002.472327630956,9934.54285082698,10430.74188858275,10377.246889894526
10261.404835144287,10043.616191647385,3718.691651112472,3722.416467399881,10018.83729948044,9967.181516436938,9942.11848614204,10442.466065951166,10387.876093778692
10236.422722479532,10024.2006029846,3720.7625569916745,3721.817677611212,10028.361936639303,9967.98635525212,9954.880499963661,10469.36604265351,10414.53785416616
10233.571213472489,10010.304128775402,3720.713177125839,3721.0476828963488,10018.416513105443,9982.676358360592,9943.289314479936,10472.64463171634,10417.743732337192
10248.147082030748,10012.120727713114,3720.6363832343814,3719.9398467231576,10022.117145819504,9954.404963050272,9948.943793277138,10475.047528921874,10420.099113052021
10246.56413269468,10007.778275331675,3717.7636306396016,3720.3014552972045,10009.409686122885,9947.206545093637,9932.37481079209,10472.62678910654,10417.78968122582
10256.018752204114,10013.531193841143,3709.239083197727,3719.8390865379174,10008.793651853768,9982.347390390087,9931.915692544411,10477.881551194405,10423.247177457419
10249.529582483723,10037.183257957931,3713.637397812882,3711.513348800617,9978.360854844732,9941.778427832209,9934.75032074281,10481.674772312674,10427.047970886855
10271.019105626423,10023.635564536982,3714.7003848990666,3714.035291770757,9950.645679393745,9952.340847817555,9929.999957892556,10481.654090245689,10427.21739213685
10284.563784911816,9992.329270884848,3688.162104701991,3710.4396193692005,9943.03911468075,9945.200906101525,9944.989264171765,10491.118192109878,10436.877489045735
10301.408390767243,10030.973113583597,3707.2193837868126,3709.2648180622155,9943.909492459681,9950.490981300516,9931.864837784802,10480.500857300727,10426.185587126389
10303.98822980809,10055.013223878675,3691.1666861277754,3703.8889444061188,9959.591236124905,9943.184810875298,9933.490527640448,10471.184559714384,10416.896536642545
10309.618822956987,9994.130427462786,3687.697731908102,3695.614004870277,9936.805504670949,9934.235972709846,9937.432115842345,10468.050208857974,10413.839581467015
10317.114160591856,10004.001141130448,3680.553186790902,3691.294564885204,9891.336784656278,9955.141222420787,9933.753855934381,10462.75741072955,10409.295990379687
10307.541377851838,9952.413324206058,3680.7099979053874,3699.1025880009897,9890.556611665541,9927.75335662253,9931.89041211282,10470.720558726074,10417.795974661025
10338.391928102388,10036.45730450583,3683.8080125490815,3702.3443744097326,9943.177644570584,9962.931656065184,9956.467089339578,10479.733790141148,10426.603675579072
10339.252266887914,10051.734386946082,3704.337380148385,3709.9479208058942,9941.88660750216,10020.213037527523,9966.359272386091,10501.986181506742,10449.1616040385
10325.391988460768,10063.465134475573,3703.872443090512,3709.996099422532,9950.02893817732,9987.131638856723,9968.659399661405,10505.620456787505,10452.811583440143
10335.880252545203,10031.485471902877,3693.518915256648,3709.3824593648146,9949.864097686692,9994.520165949365,9960.602703708135,10510.774844643867,10457.631618217389
10312.40848603673,10044.164809429378,3704.8691434174702,3702.8188605287405,9916.61313264314,9989.939384874831,9948.484252695076,10513.030227483983,10459.892680412462
10322.03687182651,10028.678231198624,3697.8481779332014,3708.993307368931,9945.76806649311,9998.626925630535,9950.197274207036,10525.110240000768,10472.039554106173
10309.56169648258,10041.77345478698,3703.6167785877246,3707.050288446703,9949.40327806508,9993.702905433187,9941.463411759853,10520.063396800299,10466.474733901525
10311.898886657196,9979.47090085353,3689.545975130795,3706.505693536384,9947.009449648669,9987.153988483615,9947.436785654183,10512.422243165716,10459.115399837414
10314.826884621096,10043.821954766523,3690.659716248241,3702.711995763588,9947.71784237063,9956.910630233715,9953.269670204196,10499.50914292718,10445.890241448398
10302.592492473495,10038.815406524915,3687.329228205775,3701.2155182638453,9944.455554370807,9963.464353543719,9937.943031090937,10496.400936528362,10442.545939707854
10296.315796398374,10041.98175710068,3700.8670318942964,3708.033740995091,9943.547831826156,9967.26925308548,9944.863801375046,10498.692693967994,10445.000731601198
10295.874788712526,10039.757585637828,3692.1489954446433,3709.3248149927927,9953.834728122385,9995.05462973134,9935.64392428503,10496.817825471097,10442.012218893078
10295.723898154376,9996.72774439143,3691.746164189011,3706.2988520078034,9950.994664515429,9955.04151163277,9936.971937308905,10485.476238796222,10430.438644375246
10291.033651327118,10151.252900932468,3693.4838327247053,3708.659194163768,9948.418449837738,9983.1909036733,9936.290566462025,10476.935401184586,10421.788801433082
10278.053933360647,10152.835473375937,3690.935058930489,3703.639178646745,9946.261342049022,9964.953377982538,9933.49803458403,10480.855295326133,10425.617576492752
10279.634894093802,10138.59673714811,3703.359011108339,3698.3840098409614,9932.85968938787,9969.27277212544,9927.518601633326,10461.993685556927,10406.688715711645
10274.356860844207,10120.959066495008,3689.430983509254,3698.1969512495707,9922.611214006802,9924.569209890884,9925.831187323625,10442.284747879823,10386.565768556085
10286.5345268501,10125.817167225674,3681.8851202430405,3691.893427725634,9919.002417499054,9953.471837477851,9910.492550014575,10449.160426322169,10393.755323510384
10292.171588506462,10127.645185463947,3683.1829185498505,3695.657991595879,9944.738120174376,9971.78278926423,9914.441360965515,10449.537124907612,10394.066375785804
10289.146248426976,10138.88854381301,3682.4604759002964,3699.2379857089545,9950.489338906917,9976.476981323834,9931.141465002152,10463.909731748534,10408.170046173935
10292.613254838334,10018.284749525405,3695.4542818746218,3698.6638424368784,9944.444072483228,9980.671817476748,9935.266987262365,10453.321436175032,10396.72235627372
10294.752506519259,10022.082075920225,3686.3143422531775,3705.168098797956,9955.20622243136,9994.963786263776,9946.69463940066,10461.135174796791,10405.22799515445
10278.432336834212,10020.006744821067,3681.874363021212,3700.488242022474,9972.225689341372,9968.186499441666,9930.732845620989,10404.754197690052,10348.563715239805
10269.315991716147,9981.826727660655,3695.8200837870354,3692.7585629639007,9943.750981531452,9945.08739912911,9903.591811886141,10293.149316049135,10237.052579037128
10276.066340596271,10047.628694385276,3685.4124710055107,3702.6756514563676,9954.306283999667,9964.250158285638,9914.86861196287,10354.197540172001,10297.243447852197
10267.182842862308,10039.068536197472,3685.2784028471774,3703.2123281737227,9936.121166109291,9960.161542460213,9922.616062660354,10344.93131756656,10287.714878820509
10284.98527420229,10079.006348430106,3697.748694081242,3700.956160256027,9937.83597325908,9947.301199136486,9909.13795079936,10388.96923799198,10331.348654043308
10269.669037790125,9969.687929756796,3698.692885355074,3702.2466840219595,9921.927896605885,9943.645448555313,9891.532969049904,10271.925284029767,10217.172809183103
10294.947215828928,9903.145737514591,3687.9609949069563,3704.9115799233946,9944.085585988516,9944.848473341695,9908.295899552542,10323.809466769331,10269.19320074472
10299.57817233213,9903.405070266974,3702.1095404080133,3705.074229408362,9958.928682331576,9980.7440272282,9919.97007130342,10307.590981187252,10252.85667261948
10301.670961659534,9916.237061737085,3690.8289201025004,3704.9772987790166,9959.300231851195,9958.975461627653,9928.840541624744,10264.652154285395,10210.157332981224
10303.67881674486,9907.729299819284,3701.489448987489,3699.4828199661397,9954.247145440448,9965.835103319294,9921.74029040146,10274.7964717136,10220.412365399958
10308.549617097951,9977.535188169953,3691.45253250951,3701.774449445819,9958.284902916914,9930.385351285757,9933.242301153245,10292.014791792257,10238.406494677527
10306.380636323642,9989.71721689054,3704.015173489442,3699.6845647812506,9962.800747226034,9967.671317932536,9929.212883208265,10294.876767163234,10240.757430905265
10294.864655346497,9958.811640290656,3688.227826651678,3698.490625211146,9941.36251854719,9949.824009085862,9909.203645960146,10256.770066041818,10202.981811010632
10305.808049735368,9988.468909143003,3707.520271782786,3715.2315734259437,9955.928298064047,9938.773220458015,9934.639313863003,10298.050677055271,10244.112397047063
10309.16581377392,9986.404412317454,3704.5885376593483,3718.0216390691785,9974.677226712087,9972.735803682119,9932.939223692201,10298.301290592935,10243.341517731038
10305.215348009775,9992.92009032486,3705.739753090984,3716.1974928316954,9969.855557342853,9977.02042609138,9934.239327392577,10303.265131514638,10249.282426671922
10301.022066011403,9917.74806683502,3705.828411659469,3718.043641658101,9988.210979949805,9952.260811997028,9929.231596592346,10310.390214233086,10256.31661662365
10298.389069734163,9917.649366194268,3711.9675752069493,3717.6386978847295,9967.604881340956,9949.716083187313,9904.135670011101,10284.133368328523,10230.04203752583
10299.663484258987,9924.590831376685,3706.9516899640053,3722.9506031285355,10002.245107376431,9941.57844762844,9928.76932364471,10285.232132725681,10231.095693648225
10306.863878226492,9920.640714373976,3704.596636543034,3720.21660220391,9987.644023325214,9968.073305560718,9931.073387296125,10295.129339373563,10241.002425233452
10294.486688564575,9913.87467794954,3714.0115479159203,3720.42810227606,9978.150533949554,9958.730039963728,9924.649305020668,10298.672361497236,10244.475239589614
10304.842335528365,9923.273202604103,3708.901852749903,3727.8059794641886,9979.63741200134,9969.471829759445,9934.159737937152,10301.913064082875,10247.70975339106
10304.434649736682,9914.583980687148,3709.778729275529,3731.0548808419835,9987.436244845558,9974.352370311733,9931.518559349895,10346.443388369184,10291.886621158375
10319.408863377263,9935.97865857447,3715.103135892645,3729.518530771908,10002.802632852477,9982.749151887327,9948.584604765023,10319.370529113727,10265.20211756003
10356.567889968816,9976.426992480172,3715.837796280519,3726.2028880784114,10033.465216417177,9999.257098640473,9954.150293741814,10287.728337508059,10234.101197067945
10349.01011641001,9946.073302553692,3723.642992780697,3732.336338705673,10039.553982092806,9990.552574207411,9940.957613512446,10254.370261923163,10201.316569146811
10339.41858016556,9966.835303672859,3717.193035828858,3730.058257214523,10068.053654735375,10016.00512255177,9955.99164477387,10278.006714647005,10225.136952569295
10339.625837750753,9967.138089013079,3728.364605256641,3729.4895325302828,10064.765999647578,9995.847224724486,9938.047844377399,10276.578338427431,10223.518052216265
10338.316980778527,9938.895745818794,3723.025288049756,3737.712706901177,10048.104260059416,9957.409206253353,9927.027218408768,10267.790461230255,10214.793467580977
10321.444101864896,9959.653628502308,3697.3050785503765,3692.7698498477916,9999.018739705152,9964.136125482562,9879.078031349294,10276.706736234659,10224.356095489462
10331.395145165841,9818.290782481103,3692.1438215010553,3698.118808606869,10002.449497839518,9929.876024080524,9889.64881113834,10323.674161292203,10271.740788022618
10335.85130774111,9844.51434834357,3694.395198811874,3694.9935974876917,10018.824473112267,9953.658795311721,9903.077814888906,10337.600843205564,10284.852360883066
10339.778751802254,10002.349347151787,3695.3879442237994,3696.3297863779653,10031.709142810683,9955.649127103456,9904.760032484777,10327.550210506537,10275.453602449183
10334.854679251546,9849.613714099587,3680.098975493115,3692.541618924634,10031.560052785038,9967.610267315147,9897.70139517289,10275.862537629804,10224.079567617013
10349.998261663615,10030.938777762916,3682.2543013863788,3696.348699856992,10054.748048598432,9986.473504540314,9910.3645955962,10360.400430674292,10308.180200478504
10359.669211928367,10041.84143102935,3698.0703468806255,3699.36704806856,10055.476209031394,9997.130715351419,9933.801248259711,10372.543133079389,10320.12872706414
10353.723111992918,10060.771550761958,3699.256496205224,3709.039871344904,10049.510511007478,9963.113779641444,9925.481106132418,10395.800237130501,10343.37871513419
10353.835248730973,9906.613042115236,3689.2161556189358,3697.7446988900915,10049.749584652121,9989.748326950872,9926.386618594077,10391.7392154481,10341.411857918447
10355.55086154628,10071.103988013658,3686.7721131215662,3702.941934865358,10057.54718536883,9988.628558463031,9929.703261954492,10408.671176047043,10356.187758901304
10354.121990301934,9899.8697918848,3703.0194868229028,3704.2233781406567,10057.147379139587,9988.419207384255,9938.619443953177,10425.248914652553,10372.749310876527
10345.462290052867,9924.886740573984,3691.192243468322,3705.79166210899,10052.00022359593,9983.216703320895,9921.269540894682,10414.47512839004,10361.808600019092
10357.505221648062,10086.912908038059,3694.703438343524,3710.5573092773316,10051.896112468836,9981.522029577129,9930.846381615851,10426.778458400242,10373.345408622665
10362.409173287993,9924.849681688334,3713.7479916049097,3720.4291916862394,10071.289690654681,10007.68293822488,9939.03929002479,10432.305596506832,10379.237034713422
10363.665079018137,10091.100395225896,3703.3422250945614,3714.3339500009815,10091.74375605168,10007.81301473883,9939.107145095713,10433.88968458712,10380.94645669062
10365.83040883949,9937.1829194499,3704.4746202043666,3714.19069045528,10098.72401175695,10013.82971352875,9948.459764639098,10422.878160378985,10370.264258398127
10367.741121351668,10063.65675199226,3705.4417296745537,3719.0105815533043,10092.010618339616,10011.297030349124,9949.27462777092,10413.520553564293,10360.58128909678
10361.618965130134,10055.475667245786,3713.0882413494246,3729.918499674321,10088.137158438061,10000.646408817438,9953.770260378942,10424.283285466778,10371.570153662178
10371.078592765629,9995.742621047155,3733.8134036647302,3741.0664424276706,10124.852935668107,10039.342878943324,9971.633160983294,10470.759426206107,10418.346532026171
10313.406400670852,9966.656486445696,3730.478721496546,3736.5835235302256,10131.387986626678,10021.809785392896,9951.555486475698,10466.760931793115,10414.45749281558
10351.2192064017,10126.816677106868,3722.992135936405,3730.3349280063203,10149.498899950835,10039.689630643907,9950.113405495578,10478.763166106522,10426.484276846637
10381.135019488542,10022.583434645825,3736.3119744481837,3739.8685276810543,10143.056468941313,10031.101085140848,9969.637176101394,10493.853789443097,10441.556955476755
10388.599432821768,10133.748647622147,3720.8815029189536,3734.440754434116,10130.884749895142,10038.814294692547,9962.055210178823,10488.413912425247,10436.169158484936
10391.801005815458,10125.115745485395,3721.43249057641,3733.552357776065,10145.911759690418,10045.172669129624,9965.39952842276,10478.589416768775,10426.53228333783
10394.984622050852,10023.305588703268,3724.432123431677,3732.2846322266505,10156.648150753615,10049.768985840534,9970.172865304723,10464.781933373306,10412.636921650796
10411.215582929766,10061.212837961959,3732.4162760477334,3729.10019283238,10146.69243870963,10053.03950695871,9970.685308013499,10453.241804192534,10400.62466171305
10408.835211852205,10068.214798769259,3720.3328394671107,3727.5599190475796,10145.576294939583,10047.382988223613,9971.431332896036,10461.6706432511,10409.41583856084
10409.669056179175,10022.128151431893,3723.777151629933,3730.4897539789663,10153.539382675666,10028.729235744193,9974.548638293443,10457.312551628474,10404.933483832701
10400.873539497894,10045.808868750833,3720.312364948307,3729.562753031036,10136.19178565327,10043.823303103682,9971.003578192529,10439.249246848873,10387.055726486013
10399.842046071057,10056.994659940267,3730.565496350224,3726.592753612961,10142.6466484459,10042.514686911167,9963.373705826461,10449.408388328953,10397.2685230664
10397.018358810757,10056.746820019114,3719.083765078886,3734.0166824402586,10145.165336546821,10062.358726380067,9961.160131344028,10450.81844781393,10398.580385544756
10398.261646847302,10077.665490675881,3731.016766738555,3729.3246138573286,10145.13434387073,10035.893771343483,9961.198604394758,10472.172496328327,10421.768426296778
10402.333721306582,10091.603975465703,3731.5227380433676,3731.1471281656122,10160.750400695253,10042.304945362634,9965.316143124053,10485.661788481835,10433.217911320171
10401.518628162092,9996.86555391093,3730.1694865978457,3733.728509201787,10176.165039966225,10051.267886557689,9972.890580476858,10514.398802184995,10461.841792942465
10398.32707166685,10000.957660457818,3721.4671227962344,3740.0137000136833,10181.779676296768,10082.313787791845,9980.361291870553,10521.186032842836,10468.855641194636
10409.017085065983,10127.62965215964,3737.869253158207,3746.068399753395,10182.790472264162,10069.43691688529,9997.156692694076,10527.911147888597,10475.659262629371
10414.828865455695,10013.69108500068,3745.3483787457258,3749.133027570941,10189.409389787768,10088.620168328991,9984.183420474206,10529.781993139004,10477.42691625163
10420.457064607124,10028.796696947564,3734.373891212953,3749.5141819742375,10202.41795001134,10087.799174945836,9991.939515287035,10539.680655627468,10484.591709462893
10407.550479886893,10023.85056548843,3728.375628452506,3747.318111993853,10189.243964249044,10101.960493233315,9976.857071427257,10554.924517244974,10502.481471331153
10405.259881130527,10162.92191752585,3734.7882669503483,3744.036503650167,10186.762467738467,10086.026101745938,9978.847890118894,10562.59321433314,10509.074785229028
10413.55739155617,10028.294512864704,3742.295517660135,3747.5813854217463,10190.307763917224,10081.134843905798,9978.358651554448,10569.502112879281,10517.06425982761
10415.158914403744,10164.0193615075,3745.184001556061,3743.7127490559837,10164.913877639232,10069.432804351622,9972.334632389033,10560.828817967267,10508.560868312541
10413.80420690446,10155.757595573536,3740.5431660546546,3739.124579868716,10146.48302056921,10043.41283076133,9958.276066048145,10555.890758715816,10503.681563790195
10412.22034838529,10207.020652755533,3731.6154571802604,3739.97447753962,10163.242874098061,10051.453067895112,9974.920105421212,10604.243526761096,10551.786153503926
10379.060300605584,10054.945763388301,3735.487423524983,3734.1877792124683,10149.48677445747,10053.363188674412,9960.229048601617,10607.2704143522,10554.797621806641
10396.569525468545,10211.438891490245,3733.528220620599,3735.850572986867,10154.55732174352,10072.388811574185,9959.080341440247,10607.2704143522,10554.797621806641
10392.832661980641,10062.531971413038,3741.1796800413817,3745.0946637905545,10164.673814107431,10026.88274513153,9969.048105991995,10607.2704143522,10554.797621806641
10405.70521552965,10214.277381616563,3745.0949604973503,3749.079721320431,10163.52473068979,10042.683740224807,9967.033501590056,10607.2704143522,10554.797621806641
10410.037872227265,10212.232113807451,3743.633571572887,3743.1277658629865,10161.423105739814,10066.045396373138,9974.283860896458,10607.2704143522,10554.797621806641
10413.585528729222,10080.595890482875,3731.9128171892144,3745.3085291546695,10211.559723098831,10059.530380558024,9983.306700276313,10607.2704143522,10554.797621806641
10403.15561465673,10079.859592881185,3743.651235493285,3747.9666964799703,10214.621972388177,10071.740164148561,9981.079285687003,10607.2704143522,10554.797621806641
10401.438664912346,10214.564259229766,3743.874695359859,3743.9895997932613,10215.369994098408,10092.693331354778,9985.477628775767,10607.2704143522,10554.797621806641
10399.073132907863,10212.263054195766,3742.313606630292,3749.0569345461786,10222.649057946388,10091.949404725787,9991.913152185589,10607.2704143522,10554.797621806641
10397.548735549739,10079.551648943698,3731.6377001071933,3746.7839214225633,10227.27874475339,10093.156808057654,9988.737894601567,10607.2704143522,10554.797621806641
10399.737285299634,10209.976641999796,3729.3296819005045,3745.3373141350576,10221.632310871684,10080.777793287914,9981.402970030806,10595.913143937849,10543.492824184836
10395.56097668416,10084.012186201577,3742.745116692211,3746.091251447995,10222.971156552852,10088.805040384217,9979.13148875865,10574.347343886955,10522.06173398165
10399.809045425529,10081.615492662908,3729.2639975858356,3742.040151438289,10217.78801881404,10086.179127203084,9986.641593828192,10590.714409317843,10538.21877531263
10406.407101114102,10079.8439047275,3732.0002928194344,3746.2074030151543,10220.747916370425,10094.517445576945,9988.445667258604,10591.125074827656,10539.047051116668
10399.72890745712,10207.576112809504,3731.1672256808242,3744.906736660996,10221.204738196104,10092.65980483726,9983.185337511366,10587.082167851031,10534.65957686931
10397.289490982139,10079.331556191306,3730.429317592854,3741.8447433687666,10221.80742763583,10075.763918829472,9972.780947074385,10606.871574762195,10554.28978342067
10402.773037668827,10211.819729611749,3730.6813465040887,3742.7108912651565,10213.625034344173,10101.06222038944,9982.014652295997,10603.163747371691,10550.530008015372
10397.04296495001,10212.226295830922,3743.514524692509,3741.9833112447677,10219.513749850721,10084.677505858284,9970.903346963089,10604.284266360915,10553.626428491181
10403.201065642479,10088.606591128633,3743.2166961397547,3743.457080643288,10222.775638359666,10091.125170519095,9979.8095258068,10639.294278669073,10586.468358987908
10396.981709319261,10082.940972604036,3740.1016515292954,3743.1394705531143,10222.372921741255,10091.899307564576,9980.40089964791,10633.521982716182,10580.738361104566
10406.88575328884,10215.547252174609,3732.407614545676,3743.0272241779176,10220.377491233297,10092.925628337383,9985.262246290893,10629.357714031781,10576.454929923213
10403.899896692074,10083.246473650146,3744.4051533682873,3743.687721890359,10220.030168990177,10092.165334905303,9983.013093143461,10630.268075000375,10576.85307188779
10400.530436662062,10077.798235359724,3731.5437563145924,3742.4434672180473,10208.982685449535,10096.204045226936,9978.426900136941,10630.804035349149,10577.754384307193
10401.078897579842,10213.345545978806,3729.724323791271,3739.898431539064,10212.79207699174,10059.207810839906,9972.340931674313,10622.055683962735,10569.019026442276
10405.747869666036,10084.614148703742,3732.166972541343,3741.8856884191405,10217.908356634913,10080.089601536754,9981.508337553118,10627.636897007327,10574.5111786405
10405.97302130428,10215.810445278807,3734.0600646482417,3747.1819975234785,10223.533713250825,10070.609390302776,9989.53272337269,10634.822589653793,10581.724351969715
10398.041381704275,10216.751008167399,3730.0003323907213,3740.459540711697,10219.17184598468,10074.890030998746,9979.84380853799,10643.848980041428,10590.753026844624
10407.058049741483,10216.838860606771,3743.0632896785414,3744.59294870173,10220.840238226649,10086.130930167734,9986.693783986399,10641.539114498994,10588.46335843064
10411.895153783638,10085.621952252002,3732.6719819206546,3745.210153245995,10224.070154800089,10061.670822126816,9995.784047791833,10631.835524439175,10578.709159914659
10412.830471398098,10090.30503027805,3728.9169284083046,3743.6176995768237,10215.658844187707,10066.383953516071,9992.404770271265,10621.521642311045,10568.253362435731
10405.702563227316,10082.367199699429,3744.2686570941605,3745.260601076228,10217.52786348356,10084.13474786079,9989.86299454984,10623.649893176944,10570.372626107446
10408.097657707667,10084.451119593758,3741.246983281643,3744.4077345833057,10217.871418805951,10100.077096222256,9986.446016312571,10612.942765990045,10559.667011052243
10405.461663721313,10210.133148410703,3730.759892153102,3745.344606429737,10219.773138039393,10075.63125387251,9991.625237846874,10616.406701090475,10563.250836716445
10401.804596100563,10211.902901110829,3729.9963963548453,3744.417049275348,10222.894182917713,10077.554630745155,9990.432684828585,10622.595047328366,10569.403704906914
10405.672678916031,10087.721039106875,3741.3293537990176,3744.1811735890233,10225.242831223582,10095.664428029695,9993.307015465058,10613.018421167711,10559.811347025008
10397.791390562736,10085.888741002027,3740.8218531454045,3742.130092650774,10223.18006760312,10094.480897276859,9987.26420588131,10595.44246557431,10542.225569649687
10394.029660564203,10079.984258495444,3742.834952846336,3744.3757831332705,10214.578051665963,10079.696354039099,9986.594828617051,10477.20031188961,10425.290802914174
10391.504870994913,10172.657323433874,3727.5127570493983,3739.0414909375786,10197.136241636887,10094.780749159547,9977.025720151001,10522.076552556795,10468.331769894012
10391.40886761655,10162.696551011331,3726.7488927038557,3739.564055079221,10189.79310924698,10079.054667783748,9983.634207117102,10501.288654024092,10449.406342474562
10392.224598142153,10162.845051059247,3739.7952820228174,3740.6071003000297,10191.098318739183,10080.563497316803,9976.178523030414,10497.689518224857,10445.826816669887
10390.12694122886,10158.409181635288,3728.383153130874,3743.563268237247,10196.552487134617,10077.575087654508,9980.933964447226,10491.730871714653,10440.031282693288
10385.738509503346,10160.055514887054,3726.363674376649,3742.1651388906103,10193.911437551435,10053.160992373974,9973.022474402187,10492.246895632281,10440.698860912551
10383.744078971356,10156.421155275882,3737.539330095477,3740.5299592535234,10191.57491499798,10076.16948988793,9974.108970551164,10484.863482185165,10433.467399667754
10386.916567186578,10164.265557792656,3738.179924663687,3740.223367675713,10190.729088599835,10055.366258166312,9971.631434314882,10500.945995361095,10449.497523462896
10384.567448265729,10056.768913773478,3728.9605097455997,3741.415736805959,10192.29726852207,10068.731767227846,9986.616306978538,10478.021657152969,10427.24959106898
10386.78483138394,10163.72241771719,3738.5925045128824,3743.8948981635017,10185.593008033338,10057.785113531232,9977.712634156116,10498.233751611337,10447.197817281613
10384.048629919836,10164.666512520598,3725.0473479014845,3740.6193126727326,10186.009402266189,10051.393247211683,9982.026114706492,10501.044932308674,10450.056937443132
10382.309138728695,10166.697597699984,3738.0379596523176,3740.4094007907124,10188.20950733709,10053.998995431139,9977.931999074197,10505.02023588922,10451.291667521438
10385.205486044899,10177.265994970136,3737.8457586621616,3744.342149579251,10200.488224266512,10071.616371416452,9973.556590841356,10529.068873840892,10477.946134110402
10381.74538090658,10047.360557020005,3735.4528450182333,3740.6810237294235,10199.266284496727,10064.685445694213,9965.967374725824,10585.781126239295,10534.545209156651
10386.022443907177,10215.8444137941,3736.2489675421007,3742.662738588257,10201.267391233556,10090.608993909107,9978.459107135479,10639.167512256681,10587.582121617144
10391.571899989083,10057.298073069544,3734.6910801688114,3740.7992791877923,10203.579308064885,10088.025821789803,9979.204164378385,10620.02054565753,10568.658962959247
10387.640830788423,10211.100144241975,3728.468026560602,3740.501565199953,10207.19805675718,10086.547486213167,9978.131938011358,10622.099817838067,10570.705140214204
10397.919331405137,10064.385416472009,3738.8341470477662,3742.1674153295144,10210.79692917845,10075.044774951442,9975.90251717982,10636.354952752466,10584.755121505512
10384.524830758824,10066.042785877857,3737.080786536626,3740.7193682233496,10199.850173011508,10065.40947638958,9974.88746254671,10632.574479239505,10581.04641938745
10385.324649037126,10055.985190336945,3737.6342953090166,3741.9400152935928,10201.562235424602,10077.665454685604,9986.626035893298,10625.913837515793,10574.506743820843
10403.166937987991,10082.748372272697,3740.431435423449,3745.809531158746,10223.724069989776,10094.201789214321,9997.026640152728,10644.788745145303,10599.192212684047
10406.441008385791,10218.363152986532,3729.219254248378,3741.239582465651,10226.201214074694,10113.500941909557,9985.414826033433,10655.725574964948,10607.428336014122
10400.38446819387,10223.155407872562,3738.697480615576,3743.48240969147,10250.989228853932,10112.785270965993,9995.19612932207,10724.514413978079,10673.16036431807
10401.77886559603,10102.851554097477,3727.751742632258,3743.4836493508765,10250.922939362252,10094.308077924998,9991.552850843294,10672.594148120214,10621.476268125858
10401.917642988843,10103.084915938149,3728.5756860302604,3739.2636887305375,10248.955192110765,10092.5366783877,10002.395928416592,10690.568820383518,10639.250514482928
10397.007750447045,10219.137573825483,3741.8555068307264,3736.938306466402,10246.39621355227,10109.56760100744,10007.318083984292,10694.906184596193,10643.69652352672
10398.34152431268,10218.801111968796,3726.766583763421,3735.1386340439335,10243.701821608327,10105.506790500913,10002.586224841396,10690.816630896754,10639.504298193207
10404.494978887,10106.079349000609,3738.613169351128,3733.105084384808,10247.358752653618,10110.137006234645,9997.796397941904,10697.045245886471,10645.781214244715
10398.059690418017,10218.360498843402,3736.640558072225,3732.1395147885987,10248.680041682408,10110.258114192986,10003.568470478232,10692.73948718671,10641.820655801077
10405.589753841326,10212.518502223349,3720.9294565656623,3729.307983388981,10251.688253821121,10116.931692598908,10004.545729514914,10687.248854365807,10635.972649860805
10410.93062969343,10126.920479337894,3735.0062906445355,3735.7533608803396,10260.25441062915,10132.085732706213,10014.128960667935,10736.344493139397,10685.05634671869
10403.445652842116,10224.36055728629,3734.8908562502793,3728.57395332423,10264.39542825141,10129.172175673,10013.719934092656,10750.717751636726,10699.7768118103
10409.378776809961,10222.941665835759,3731.6278383594117,3729.4981609361726,10263.455546250467,10135.61906164191,10012.391786293847,10749.223643839156,10698.418269167096
10420.040359990106,10224.470251504472,3736.4328602927426,3737.3187366247207,10269.068339285073,10132.112438602786,10012.729392004256,10755.39987233252,10704.606229565461
10415.416712214004,10112.324884270818,3720.950361431242,3733.4466452955025,10254.282384579834,10118.792245357507,10007.874554076907,10760.44358696496,10709.75096522445
10399.97880521937,10225.30400712771,3728.304780790585,3740.396087231923,10262.138398090186,10167.584197495613,10015.336198389847,10760.19662507062,10709.7175752375
10435.923165241711,10093.055938407397,3712.8605650613213,3713.786006592984,10250.875854773016,10174.697146309993,10001.53682029303,10764.08975412664,10713.4387059991
10439.559808554908,10095.93012314988,3707.715225381363,3721.4972223160935,10279.189727842278,10165.688535064757,10041.748135303706,10767.756970313472,10716.77039993704
10455.33312286279,10227.028215349896,3735.2584754266627,3733.352757366387,10307.438068440682,10194.500678204025,10060.214489131904,10767.784223225965,10716.797516669081
10445.378989745588,10226.776271166038,3713.6548170364877,3726.4724541515957,10317.688138012021,10169.206908513497,10039.752360162765,10767.150095139987,10715.999387296966
10453.151268381558,10227.465372907853,3713.181097400098,3729.7380314909124,10318.232805531145,10207.281033841036,10059.614722722301,10769.325375722541,10717.957240483807
10455.94420118599,10227.465372907853,3728.4518234409443,3728.791455608653,10321.12925292207,10185.107820613068,10060.02763005286,10769.332591820681,10717.964420523727
10456.61002731915,10167.8201313819,3714.4080418762987,3730.9767239320136,10316.373507937189,10191.929216083174,10061.012074273165,10769.332591820681,10717.964420523727
10457.860861522717,10228.032004320477,3718.630127184553,3730.1005925965687,10317.257049969521,10197.070856839284,10068.3731740032,10769.332591820681,10717.964420523727
10458.087398100028,10228.032004320477,3719.301495677202,3735.3565884395084,10313.520363525173,10198.322650658387,10061.155538847168,10769.332591820681,10717.964420523727
10450.288756854578,10228.032004320477,3732.9682505932656,3737.145738013829,10323.128648887106,10211.811461439,10066.3540489463,10769.332591820681,10717.964420523727
10455.33343244498,10173.766858163948,3732.5539425533066,3738.209306174092,10325.8010625306,10212.410359608775,10059.497586630101,10757.81325922886,10706.496456103203
10461.700808513837,10169.23983109801,3726.118144626001,3731.287924565783,10319.540203658364,10208.456449405183,10064.920640406306,10742.11444740027,10690.92305043024
10454.96940136621,10175.954705298338,3737.16626978278,3734.513091064203,10323.794535536372,10211.651108727658,10071.17734973899,10724.598813829913,10673.682636198477
10454.052677522417,10167.097320562463,3738.049736325856,3730.6429875261338,10317.294664683079,10198.436234295597,10061.906724342165,10721.328356001914,10670.590957802704
10462.66517090546,10175.806110957503,3735.6863426694886,3730.1801947035638,10309.630506383584,10208.858694469327,10063.089083021123,10696.784294416464,10646.231060124175
10456.53912639365,10170.83504587655,3725.7192865716656,3725.18194829146,10306.93684315,10194.315809510217,10062.336707650824,10708.179265794426,10657.72661559704
10465.131315888153,10171.067383039861,3711.999611892353,3721.0809128896085,10300.74380436365,10190.04011858922,10068.307270746045,10705.57576412848,10655.1837439633
10463.64912203313,10177.266720133179,3705.8820503364004,3713.972344468631,10296.482070687352,10203.774832000752,10062.4357709033,10693.26574380275,10642.95939313828
10468.810279675567,10227.72141425064,3719.9051524403417,3726.095748712226,10308.890333214902,10201.166755076434,10068.186242369075,10751.732248083385,10701.409087714022
10456.43980174196,10227.308841691796,3712.759006860037,3718.8584739815856,10313.852550246775,10218.906207530421,10052.708861170227,10750.855075016534,10700.824448042795
10464.563736159163,10225.759531449483,3706.112446053293,3718.505896319167,10318.529226396991,10200.775480149423,10065.788808184043,10734.81385211165,10684.898694954325
10467.979689914455,10225.617384726558,3719.9840475353376,3717.5778424642012,10309.548444229862,10189.048234344235,10062.178918329251,10733.486960244089,10685.411965201281
10474.71843933435,10227.358820292267,3708.795100837406,3727.3453622784896,10303.314779009323,10191.46294075798,10070.201212959564,10761.129822466432,10711.186104708668
10477.750046721267,10157.065899315501,3707.198975086093,3723.6859329870813,10321.225397661368,10211.973197182731,10071.51084907952,10768.313417391591,10718.574258703287
10494.765517316611,10223.324217417869,3729.7165882233853,3723.530063142953,10334.730492387895,10215.19468973065,10069.499267410814,10720.351123353017,10691.61391917075
10493.58262266121,10126.93373242948,3713.5058017407578,3724.5059121042423,10339.750152965817,10213.637570744802,10065.297318259229,10746.803484749866,10697.492269198428
10493.126381263817,10230.692355278117,3723.365453694243,3730.8801511121164,10351.731428412539,10220.404290031152,10069.240256402003,10752.998664987132,10703.855704819849
10481.453826026886,10104.436130934664,3724.1370140161257,3728.4767778136516,10341.381863747423,10225.997421875169,10065.638714289365,10764.547194446504,10715.550886383768
10479.560422558085,10125.365545402132,3732.256520672833,3735.5301149968204,10347.574316779577,10217.974944993466,10068.956817865865,10760.174805011857,10711.210385920449
10478.207238074012,10232.40536532922,3726.4588284291704,3739.861948906887,10341.625633154326,10226.876273893326,10064.241984985285,10759.371748060265,10710.487070823665
10477.448526730153,10232.512413981787,3724.4528315041293,3733.5354357052147,10335.614142159273,10228.616462679714,10070.56479998516,10759.24733673398,10710.22638249392
10479.600923127253,10232.025243547016,3735.5582871923125,3735.4455991357313,10336.889553224568,10225.496480958891,10068.257179956057,10754.77755770879,10705.844670197257
10480.379672809348,10120.108877116105,3735.5542327678127,3736.1042011027107,10332.293310842064,10217.748154281535,10064.65412596311,10764.92320528709,10715.956306067485
10478.859811865788,10122.027382873914,3735.4236865821035,3735.9214901983646,10335.196376889076,10228.565508997599,10067.107522710103,10763.484941275516,10714.78650716866
10476.881197173305,10235.736942862193,3735.9671337954665,3738.6848304165364,10340.09034956605,10218.432966781864,10067.677574437781,10782.748502423181,10734.001565781156
10476.903569268434,10234.830347574683,3735.5858961424633,3731.8882169649614,10337.850654705237,10226.755059476403,10058.477400583251,10762.062092028245,10713.531061181495
10483.985831798853,10128.82467196202,3730.2306081434135,3726.559039110597,10335.84930930091,10223.09237353586,10067.53911735219,10783.420148754225,10734.629812689609
10483.875954606447,10235.770235364287,3733.712424408299,3728.1295598384877,10339.066031560005,10233.37390540266,10070.223171382984,10809.339431235014,10760.92863194589
10485.21874384486,10235.770235364287,3718.09309833371,3734.0274125918,10342.795525746673,10238.495708365388,10066.843235400705,10821.685539249205,10774.427884819908
10483.373719853025,10234.605262335543,3731.1685869177727,3724.9461203012424,10341.330518193354,10226.530970753092,10067.920042754564,10776.752767945705,10729.746354010224
10480.477331256412,10123.148368705408,3726.6274842857433,3727.8591589167113,10340.133867190276,10210.332244586363,10066.099056505858,10770.961696077644,10724.20067748702
10487.229909771282,10239.38503879787,3715.05482415304,3721.7706948449572,10340.775233055683,10234.666292362952,10074.947685805724,10749.328261096192,10702.578772868133
10478.362580689101,10140.081540678213,3710.130169158255,3719.2993849852196,10349.525477962457,10230.50655090324,10070.815676936425,10729.64934633726,10683.280909111198
10482.525163654002,10238.989769264439,3723.0787879106997,3717.6367479019414,10348.999959648423,10229.573794964264,10063.328780199214,10732.847464038494,10686.562973248549
10478.016688484087,10137.157823532736,3703.5048218268957,3713.6172314764394,10339.022741545275,10210.834226539613,10059.759534181905,10727.460658996808,10681.207421975336
10479.024295648152,10127.30821027566,3702.9733599659485,3709.693894741087,10326.620723696129,10213.234353954565,10071.506094404036,10709.763379888162,10660.903208217685
10499.624049483487,10237.170601590627,3703.573849598186,3713.5517540952933,10325.748442024838,10217.475670052645,10065.812741945614,10699.189263369612,10653.250855367884
10460.330688818123,10233.343837073073,3699.7443230178296,3705.157267519489,10329.67074356984,10204.524883123278,10049.075835509775,10686.952564770134,10641.356019830919
10464.062509910738,10048.005185608265,3718.2555120146058,3719.140719088563,10329.254986769218,10201.546395490095,10082.245212544078,10579.963579039157,10534.655772406926
10454.07258217364,9997.482476311865,3692.7130066338973,3701.2185861012404,10282.727851320293,10199.45643637336,10039.990917982806,10524.797746420967,10470.896675328595
10452.256633419614,10162.06889149975,3704.021487881924,3699.8808033640744,10283.525025796105,10190.893556699339,10031.05533122742,10526.321786817241,10481.170505504395
10462.63641205373,10171.858552637856,3705.1434415440126,3706.7736275034686,10293.611746893797,10200.490482881361,10033.18000972689,10548.489009867624,10503.290744277394
10459.624630353708,9997.3334929722,3692.5881607341503,3703.82713017195,10293.873787064309,10199.888359237291,10037.974782468524,10561.124486479213,10515.725559477367
10449.205730306812,9986.349391938462,3689.6142142306667,3702.163824655985,10294.429959584446,10195.148316704812,10026.040920854948,10582.303049699303,10536.748701152854
10453.582000248765,9989.271317066938,3691.119872682115,3706.068795067138,10294.199660601762,10211.99057956004,10030.399615056873,10570.618667091929,10525.054682177937
10452.910418700225,10187.099225683638,3703.1388593253596,3702.722811014493,10291.65238035163,10197.149760835495,10033.222533758386,10587.716846191748,10542.267098450491
10452.318303518738,10202.485301934234,3704.0878744228207,3702.232871063532,10295.107602156742,10191.246759202464,10017.664374536436,10623.72100109418,10577.885524676476
10451.461302513457,9979.844309934704,3704.200062351495,3703.6044725018073,10287.6493148971,10199.952265743323,10033.653573414997,10603.497462698426,10559.416182869489
10443.835560034007,10193.337075685558,3702.5322227189263,3708.9654199534475,10288.99140805174,10195.094254418289,10029.939055192837,10595.08465787714,10551.145085327407
10454.455947478631,9975.811539197053,3693.8886989794905,3700.0848788621797,10289.47969646361,10199.598350176824,10024.654350721996,10587.519907775571,10541.789787395986
10452.724851757594,10198.01745966263,3705.1465636332077,3703.001761826761,10296.9974713451,10193.775280038682,10020.999576617322,10611.50690170415,10565.690083510417
10446.221861183243,10186.105216139867,3691.7185773730616,3702.9373540586034,10291.28688479238,10193.81209205517,10025.958812825662,10582.962389700346,10537.274364169649
10445.917812645384,10186.342832775903,3690.624440258728,3702.4999405760122,10295.042174053026,10198.125098405804,10008.632350994763,10602.989295603144,10556.945456324984
10447.953315548786,9975.509642966912,3707.2404603969344,3698.9041408733838,10287.32931512656,10192.527211468818,10023.230946581883,10614.333636564113,10568.515602869653
10447.592822176872,10201.597831833418,3702.084874453593,3696.1762276661616,10275.552754463693,10194.467619560986,10014.78198498412,10619.216302313323,10573.291457716154
10441.84306780081,10210.11988044246,3692.334227032314,3700.5944477016583,10275.269595100908,10175.14289191112,10010.640546897781,10641.673372301297,10595.607891467796
10457.058733556934,10169.415939259567,3685.9689900146222,3692.917908583978,10243.290186957713,10157.981868810077,9965.074409755465,10554.110968970263,10506.038587743162
10443.715997940712,9947.33807279782,3685.208780146434,3687.043984433464,10256.925505794878,10160.338964865603,9997.328004655037,10472.239386256591,10428.741332598602
10450.228443144266,10121.472650958925,3675.4423681523194,3690.643370900956,10262.90859150826,10154.536367714512,9996.222502948065,10492.726916481653,10445.07835451567
10455.033630189393,10139.910376766818,3676.1720077489895,3693.751565094349,10259.861516170771,10159.251409589415,9991.778474433122,10486.310442222237,10443.033183200623
10449.945806068517,9917.455095514526,3699.4607460976067,3705.4812397557566,10252.712005305224,10169.443938278446,10000.522158569973,10490.834665288336,10447.860006714656
10457.707942125964,10176.29489634418,3685.105870913004,3696.7238301071097,10247.267372915343,10173.146573881888,10005.437117027159,10564.786705457509,10522.151244935358
10462.04926302273,10147.82220138201,3675.5460045319846,3698.6153633717495,10212.968007999481,10191.130454634349,10010.24763267969,10537.394916714118,10494.62070490214
10450.512901451333,9914.194112796706,3680.4369531572156,3692.382682278076,10252.866743469607,10176.980107833086,10005.680633510983,10610.579617479294,10567.465910937904
10468.427517719916,9982.799884957589,3695.6802968180477,3693.503116181641,10284.185636821116,10197.006735734847,10039.469172111383,10628.805576903544,10585.755803112894
10460.551209020474,9972.164020205852,3695.64653894114,3690.993035636171,10273.299395738655,10192.704871062251,10033.556469962894,10573.774347713661,10530.94937402875
10468.615999841002,10196.477292741347,3684.6916018022653,3693.6108344686804,10284.488792190783,10194.08114051247,10027.656546274664,10644.857267704732,10601.322789072445
10458.928235122268,10003.349492548501,3694.808367709184,3697.1789529960274,10288.182472502041,10206.34098985986,10034.94679199791,10657.396943754085,10614.109870278
10445.62365390017,10188.287488763195,3691.6150863687367,3696.3111890465593,10274.566159946837,10192.547394825457,10018.39406008373,10628.565601117714,10585.276687485446
10444.333966390353,10190.838376358257,3691.1554214818448,3691.329694680371,10279.692541174414,10207.482102331338,10019.671051336276,10629.823932658877,10586.443578265329
10451.38897382033,10003.772251496757,3678.3861151140272,3693.6138747423865,10276.191391554446,10185.239195821981,10024.28269135582,10619.319028006083,10575.890891510497
10445.89967727239,10196.025627136467,3693.8119170409545,3692.9852732057534,10282.938535951362,10190.69734696346,10027.716486639443,10640.277874368629,10596.759929974638
10451.601995166653,10002.747855129357,3696.2002882861216,3702.3113232834708,10279.579374344828,10197.070327449663,10022.773149132736,10644.623192938378,10601.011078147254
10450.881069268667,10006.733388059261,3688.5948458501935,3700.5700015691996,10287.181919382569,10186.14840654942,10030.55890642903,10633.322645325406,10589.789412288987
10447.156966187584,10177.090869410367,3690.7271038044896,3704.3550013583645,10291.37184564981,10207.03158365631,10029.730825877956,10601.55004186659,10557.945092836819
10445.814512708357,10180.94008749208,3690.847976108567,3696.481883135367,10291.455645257329,10212.263376208663,10028.383081222179,10612.008382318376,10568.710867908361
10436.070617916186,10000.140599514056,3692.2182308469733,3690.7153811723506,10286.772341957067,10212.079489736396,10024.374484900884,10609.016338862257,10565.750560207505
10446.496413579174,10011.515810808382,3693.8674296578024,3698.607110815764,10298.8209333266,10214.77516787629,10034.554878888286,10619.64719909371,10576.051833733854
10451.19124036111,10012.872491814758,3685.007238871822,3698.9265287057556,10301.14365311254,10220.395368935708,10038.090259368942,10600.574826120825,10556.484956407197
10446.886916078178,10010.710105385422,3686.3212254031196,3699.2476347365346,10297.17143311607,10216.958830046888,10028.79589613046,10586.393601801543,10541.322328295491
10457.061747132851,10197.241243422694,3701.5354452023557,3706.0620293505845,10317.889710790218,10219.563680067375,10040.417771392817,10650.214844126005,10606.448154126323
10456.836930810367,10032.19793134325,3693.565047573351,3709.017570528001,10321.68593289796,10224.512837876735,10044.830459247323,10689.650110525585,10645.72249729732
10454.303328847845,10224.073872870227,3710.498556661806,3717.3973242457323,10315.855366125783,10217.334625818283,10046.670174014696,10718.137182717963,10673.683373940194
10455.662247159316,10019.352062192402,3699.881994043496,3712.973549281866,10315.070176364521,10223.254500319756,10047.159399407697,10722.097188213367,10677.69191646389
10447.468470587499,10226.55566666316,3701.9623349954572,3713.2964789223392,10302.95021539464,10211.304274522272,10039.868070229768,10727.772832207918,10684.073190788993
10446.726988914546,10009.883824128912,3700.107279993506,3696.120103728724,10304.223218800227,10212.216293562615,10049.774518929074,10670.228156849515,10627.836535829714
10464.715985708668,10198.529986877302,3684.3041238225696,3694.669503171493,10284.328335847393,10203.946248701739,10029.23520332482,10660.449868351157,10617.029801641222
10488.046541105783,9979.335690076887,3699.4738569564643,3705.252982655591,10300.469513766859,10210.668035858404,10042.964100397328,10641.07608620741,10599.023778928182
10493.424770093212,10195.289684728634,3705.8587311028987,3708.6313512969873,10299.96383592222,10204.238063309605,10056.886478923248,10646.530321284716,10604.46586951223
10494.049367120773,10188.019118404853,3688.140932728178,3703.4268400300457,10292.718755109116,10206.025979601474,10049.720710909905,10639.29959073079,10597.233190999048
10496.54508802915,10198.886783503012,3691.3400925325573,3705.1327764131984,10288.382918406247,10230.880740421846,10051.438362334957,10666.433738736294,10624.088635257738
10500.230169289662,10008.91918894782,3690.4177363280246,3706.595392706377,10294.716313548182,10211.857757460775,10047.395306605456,10660.359996980795,10618.049080401704
10503.036630035938,9999.468236688734,3691.0461388141975,3705.593728015929,10296.558817317342,10213.051642197383,10054.016473605798,10638.341649334618,10595.92931826136
10503.719951818837,10015.578173676682,3700.8260144813667,3705.0602098277845,10301.889731555262,10216.024868430968,10054.019707991883,10632.810263444511,10585.218608042846
10509.71671263166,10216.213412405321,3704.813031283878,3706.057276646029,10300.550704041283,10222.949342977077,10059.034325296256,10666.413279185199,10623.800507094307
10509.798189576088,10014.767712619743,3703.9808724090676,3706.0849791308056,10304.271097689796,10234.634836120396,10057.40206372504,10662.693305004459,10620.017236317202
10504.319336452534,10206.090329281806,3693.519107401408,3702.961000718168,10295.03381916495,10211.358605994787,10050.640294354489,10655.434980218695,10612.767818499986
10506.846597203226,10214.984454709149,3688.715704107885,3701.0126587438635,10299.59084596262,10211.360271531812,10051.674785837338,10664.562959679746,10621.884666538579
10506.884988948206,10214.398837721412,3688.045750926173,3700.9257955175194,10293.02791244891,10228.764872897194,10056.052182096004,10662.24813490291,10619.444976009145
10506.770812032992,10210.926218427472,3703.345313329568,3704.51107009639,10298.072879139301,10218.818876502723,10057.320907663929,10654.398356924889,10611.610208363452
10505.885823038056,10003.69270845661,3700.508951835005,3702.4595817970953,10294.079533293114,10215.879805870041,10059.029445877191,10653.79643294262,10610.984866559314
10506.697902584834,10192.663868791373,3688.4554019549046,3703.4288582372064,10293.107319972276,10223.625762441645,10050.652087360231,10642.846492184884,10600.061134147156
10503.564425371676,10189.29447600665,3701.576846147415,3701.979590349388,10293.060087746293,10202.751545644876,10054.883918764104,10640.955023432114,10598.12299775084
10500.251259384117,9996.742569095772,3686.2230941446564,3699.591559028141,10290.404798321108,10228.216954997495,10048.76287850334,10653.508306520587,10617.539661561346
10502.32723558258,10199.981635018765,3700.904472498917,3703.6333290771345,10292.992765575917,10205.639936469957,10051.745153980522,10665.81570965566,10622.876410633975
10500.259206549086,10199.981635018765,3700.9684766565933,3702.663248686559,10289.3368967893,10215.689552744614,10051.619136132964,10631.302528851524,10588.475585388724
10499.119811725852,10193.395663355283,3697.91327880591,3700.0979413837495,10289.784936594757,10223.041795096027,10044.956797685902,10650.778824222924,10608.411441168668
10500.524928041956,10195.617099207357,3689.2047523235074,3700.634428567438,10296.928410007646,10214.63766040041,10046.660033089343,10658.971839822467,10615.577897653104
10504.736115962474,10007.898529166352,3689.5936846596373,3699.049465313152,10293.357167283406,10225.34967656517,10056.174989261965,10657.638400016795,10614.348411990302
10501.367020538142,10192.34283152462,3699.2474800819136,3702.5233837003175,10292.010718258733,10222.798750716403,10051.920801428061,10649.826690350314,10606.837265170823
10499.958664176784,10197.202135201558,3686.6427210342476,3701.575698263247,10296.577217590297,10214.442980613258,10049.502731338838,10656.431658761854,10613.373874761028
10499.70345424035,10007.753568768318,3701.070450282224,3699.1212079581946,10294.686654741115,10212.796297723473,10049.320008301778,10667.12285527775,10623.997933585872
10497.533686890154,9997.93731446939,3686.015646918196,3698.9330421518725,10296.627110132327,10214.786330819732,10048.088143770063,10658.517896958347,10614.89538759262
10501.57845512229,9999.122209344157,3699.5603437667046,3700.545335258684,10298.192434953902,10206.405180233052,10049.742374230886,10664.669425421105,10621.502478234333
10498.622893801168,9996.71182753466,3700.571667471575,3698.4600210794447,10290.997454394193,10219.124682675878,10042.94204489956,10644.951792375447,10601.811999433121
10495.53088202275,9999.50385689137,3684.0841298698197,3698.8604237118643,10290.00255967179,10215.386691548345,10051.397539245376,10638.038312795992,10594.82998210669
10495.338940710897,10178.991586197853,3683.8389419666664,3698.7163070378697,10291.35953970108,10212.726560729136,10054.952776831595,10618.528812153763,10575.549372748172
10501.019302648036,10197.589326005886,3688.022929031386,3700.68057123652,10291.350510355109,10221.082471334708,10050.724166867112,10650.034065334801,10608.3838671015
10499.223283417276,10004.51890110281,3699.4828562908897,3702.1227678725622,10293.07533059948,10206.280827510729,10047.454565918735,10654.947323037011,10613.079215429305
10497.543170399953,9992.802600289297,3683.9855650149543,3698.887300840111,10292.138042419285,10211.180810829486,10047.168036083816,10676.328806208308,10633.130271136159
10501.553041121859,9993.282238937565,3696.2429484231866,3700.4456305450717,10293.223423676118,10227.002837571588,10045.184697482398,10675.696745561896,10629.760943711146
10501.535456104482,9969.247309382612,3676.318154920794,3698.250636414346,10290.9388095813,10226.539927603497,10038.414103963458,10697.131168236747,10655.58251681344
10501.38440585167,10218.58255951938,3699.6042508368464,3700.26252034066,10296.841198040305,10213.953893053425,10042.268693636031,10686.320236590325,10642.700979419506
10498.01289309955,10002.778926914807,3697.0048072713225,3697.244568591442,10290.66689507173,10202.546630119934,10050.684216251362,10681.644587445602,10638.48960218212
10498.483586022952,10205.656666313453,3697.606725438123,3701.5913405787564,10293.299494995588,10218.927733722929,10051.03553652957,10673.45611514356,10631.001833744824
10501.641327993795,9998.674004265551,3698.3635666787,3702.2452194435523,10297.846345762422,10209.533649734001,10051.753257885,10706.965865267754,10663.850719386766
10502.779656338917,9996.623785468477,3699.7792398486326,3702.729913023094,10291.352914819028,10230.52277222769,10047.65998124016,10706.16992139013,10663.02118529612
10501.583448570109,9995.56833958869,3699.8565230394006,3698.1945105943164,10295.621176101402,10214.273706303444,10054.156201178832,10734.442304745655,10685.900537475223
10499.519390401263,9997.804121379062,3682.2696441608805,3703.0213676909825,10298.895380690512,10222.91562958982,10050.558463232444,10730.840106051874,10689.059140787269
10503.553800942893,10011.393071627808,3687.183061583969,3698.110109555751,10308.387854260185,10219.811172588083,10051.265683852454,10732.320057654737,10689.189498708916
10502.10507613837,10010.830800591992,3688.19197554114,3703.456384983249,10307.525243865888,10208.686536510546,10056.369282738502,10721.917525180776,10678.79545440879
10503.078303481392,10013.299707351638,3688.3535403408773,3701.850987764814,10299.09487038851,10221.764688211204,10048.355813009717,10718.386726368328,10675.244785201603
10502.993114031451,10013.299707351638,3699.9759666709247,3701.1918366815494,10305.197873611263,10224.736814574851,10046.213304103121,10713.29450971662,10670.251588225554
10500.036560173794,10219.86294570571,3685.907304097823,3699.1719102878487,10309.559274379604,10201.33931779706,10042.115955469208,10718.38981173186,10675.055196416668
10501.319726427979,10010.977757411025,3687.0105260257715,3701.1830207780677,10293.846211607264,10217.36749212354,10037.78641665002,10656.081882565044,10611.409802690787
10501.78427605848,10192.664736607148,3699.6379913896667,3702.841836008116,10304.585034749629,10212.396816349581,10048.979682426749,10666.686694964428,10624.003418523107
10500.890595327997,10013.60358101826,3697.4875239896855,3697.5800363804997,10300.334301596884,10198.743993773744,10045.762969827625,10654.882562424113,10612.225844922965
10500.026701859695,10006.68437390304,3684.8448145844686,3700.387841917593,10305.609622055263,10204.291307260799,10044.916673956175,10669.192491457618,10626.518739651305
10505.967436988865,10002.514244858934,3688.1958184404766,3700.535669642708,10310.509255205765,10231.607870799424,10056.341237742594,10688.926651379135,10645.391800015808
10499.403129445709,10004.924764385154,3685.0598711869775,3698.0915635327633,10305.611239866943,10206.939047877058,10045.856841465406,10675.423045674692,10632.713260407088
10498.452243466762,10195.784151027143,3699.0552086159773,3699.9362306498956,10308.967454476711,10220.118795657627,10054.892039365946,10654.0360699899,10614.261687883622
10498.161343180467,10015.418540550214,3698.6655379202803,3699.65047236374,10308.674900069887,10231.38789905733,10045.796682909922,10655.82299605709,10613.264218211034
10493.1688492835,10002.704488570496,3689.0329474738755,3691.8144990864926,10290.422572595484,10194.101988660477,10040.451609038088,10619.388760673415,10577.161817278313
10494.159022239957,10192.404590104949,3695.489550099441,3692.124710270881,10294.99016796626,10210.003177030589,10048.949920292713,10659.475292205501,10617.045332846312
10501.13542836817,9977.144563655416,3668.588886579503,3671.8824735140365,10297.587050662327,10187.800240870623,10037.337867651315,10613.034485249249,10571.092384370537
10502.470375543795,9984.948499220769,3673.0941968280663,3663.9749025244396,10285.887480636555,10213.439228297211,10028.390168357853,10572.66474146527,10531.607789605861
10498.149998136454,10128.502236533044,3652.749586740779,3660.708398765177,10290.100611171663,10205.559339594254,10038.674446810615,10547.007571426866,10507.300788706314
10498.94455298651,10135.681691104664,3662.8529665581377,3659.5413512798145,10287.629240729191,10207.074974978756,10037.863282608294,10549.644434805376,10510.155556183267
10502.98362043849,9995.57766407748,3662.5442692743263,3659.058818091309,10292.554402990494,10212.349186948508,10035.53161736518,10569.436805566107,10527.977975609241
10506.044004566538,9994.599486610237,3646.074179082642,3650.631654102547,10280.483621760195,10187.511631358842,10036.965653808233,10540.874562094883,10497.33665079363
10504.453346130027,10138.192781715143,3638.8641542842774,3642.557576493826,10273.448125952811,10189.011828759627,10031.869753166906,10535.064700513298,10494.103270452735
10504.290201991811,10131.637878888969,3639.468106354328,3639.107336351646,10275.16099106766,10184.306272406548,10033.251188530166,10527.252482834852,10486.138274243143
10501.587706852044,10141.89775635299,3637.203331502317,3633.7145428017448,10275.030771828517,10188.368354948456,10037.976680880573,10544.036119877535,10505.801785452004
10503.578557089839,10121.802660999558,3625.144498502265,3639.805212403468,10296.815113587332,10181.914552338338,10030.221710866084,10508.979804941373,10468.151392964299
10503.863040075616,9971.624031109124,3638.7173295606367,3639.707820871991,10294.404438991343,10179.547438539921,10023.511248293344,10559.165896725235,10518.15633302389
10491.364237058691,10166.80968002506,3630.4708230602128,3637.1430550899513,10348.999315592213,10190.464507720862,10033.54944188371,10604.926701446513,10563.708276996062
10504.849503171174,10190.236365613677,3623.3819014510173,3639.1075816649577,10370.34653094725,10200.959750361782,10033.460337496324,10669.894902211745,10628.65442016719
10513.536513267,10185.083707381193,3635.2895384471217,3637.2098166242745,10395.279503559383,10180.425195437509,10035.755366773425,10679.791507482567,10638.695529597051
10498.99997305206,9878.613374895405,3591.822312477446,3611.303728170221,10371.268101056467,10173.35801422674,9983.578939905447,10611.199398814932,10568.560690757038
10514.419364845891,10159.618539902098,3608.004965421354,3619.031791563766,10380.118602411547,10175.574794180158,10010.176810072164,10639.16091002718,10603.891726703587
10508.392021015346,10169.669836915624,3613.9743442550052,3625.582437286561,10386.857166386266,10182.843848890478,10025.862113659314,10669.75416751779,10629.622612896419
10507.502407802967,10000.737862171356,3620.30745186627,3620.7756955096957,10378.56170229263,10173.91780212792,10037.9909715362,10712.987778711427,10672.838295055039
