rank,pool,token,deployer,width,ranking_volume_weth,ranking_swaps,ranking_unique_senders,ranking_top_sender_share,ranking_minor_direction_share,entry_price,final_price,price_return_pct,inventory_return_pct,gross_fee_return_pct,execution_cost_pct,net_return_pct,in_range_swap_share,in_range_swaps,total_swaps
1,0xd64fbda67e1015df43fa5e49f02ca844729e5f94,0xe8ffd7e24187f72afb08d75b1bb13088a989a791,0x1eafc3e30f9f6ddfc53dc3eab028a31ba4b8b0f8,0.1,15607.630822213772,45560,148,0.20190956979806848,0.45190956979806846,199941.52286462553,317008.0525335752,58.550384128169284,-35.389344546969646,39.20206466116479,1.5000000000000002,2.3127201141951437,0.4560136618687485,9346,20495
1,0xd64fbda67e1015df43fa5e49f02ca844729e5f94,0xe8ffd7e24187f72afb08d75b1bb13088a989a791,0x1eafc3e30f9f6ddfc53dc3eab028a31ba4b8b0f8,0.25,15607.630822213772,45560,148,0.20190956979806848,0.45190956979806846,199941.52286462553,317008.0525335752,58.550384128169284,-33.206280123619436,30.18655261061567,1.5000000000000002,-4.5197275130037795,0.8474749939009515,17369,20495
1,0xd64fbda67e1015df43fa5e49f02ca844729e5f94,0xe8ffd7e24187f72afb08d75b1bb13088a989a791,0x1eafc3e30f9f6ddfc53dc3eab028a31ba4b8b0f8,0.5,15607.630822213772,45560,148,0.20190956979806848,0.45190956979806846,199941.52286462553,317008.0525335752,58.550384128169284,-29.84107595749673,21.24279509084492,1.5000000000000002,-10.098280866651832,0.9900951451573554,20292,20495
1,0xd64fbda67e1015df43fa5e49f02ca844729e5f94,0xe8ffd7e24187f72afb08d75b1bb13088a989a791,0x1eafc3e30f9f6ddfc53dc3eab028a31ba4b8b0f8,1.0,15607.630822213772,45560,148,0.20190956979806848,0.45190956979806846,199941.52286462553,317008.0525335752,58.550384128169284,-25.69624073723258,13.913678871534522,1.5000000000000002,-13.282561865698062,1.0,20495,20495
1,0xd64fbda67e1015df43fa5e49f02ca844729e5f94,0xe8ffd7e24187f72afb08d75b1bb13088a989a791,0x1eafc3e30f9f6ddfc53dc3eab028a31ba4b8b0f8,2.0,15607.630822213772,45560,148,0.20190956979806848,0.45190956979806846,199941.52286462553,317008.0525335752,58.550384128169284,-23.47597770051858,9.642217646232133,1.5000000000000002,-15.333760054286449,1.0,20495,20495
2,0x2b0d0183d017c58b924401ca8ac362f6e01f0e9e,0x7fe995a80075df3dc8ae11a9b82c7fe4202cd87f,0x934e92e1c82020fc4e1ee55712c6d9fb19c6782a,0.1,6338.270356700592,22423,116,0.2349819381884672,0.4834321901618873,157264.04546548406,308920.16237435944,96.43406823218248,-47.849961399045945,4.004376774967128,1.5000000000000002,-45.345584624078825,0.06379821958456973,817,12806
2,0x2b0d0183d017c58b924401ca8ac362f6e01f0e9e,0x7fe995a80075df3dc8ae11a9b82c7fe4202cd87f,0x934e92e1c82020fc4e1ee55712c6d9fb19c6782a,0.25,6338.270356700592,22423,116,0.2349819381884672,0.4834321901618873,157264.04546548406,308920.16237435944,96.43406823218248,-46.087916220153666,8.019736133159714,1.5000000000000002,-39.568180086993955,0.24558800562236452,3145,12806
2,0x2b0d0183d017c58b924401ca8ac362f6e01f0e9e,0x7fe995a80075df3dc8ae11a9b82c7fe4202cd87f,0x934e92e1c82020fc4e1ee55712c6d9fb19c6782a,0.5,6338.270356700592,22423,116,0.2349819381884672,0.4834321901618873,157264.04546548406,308920.16237435944,96.43406823218248,-43.37171521688463,12.1226210198631,1.5000000000000002,-32.749094197021535,0.6070591910042168,7774,12806
2,0x2b0d0183d017c58b924401ca8ac362f6e01f0e9e,0x7fe995a80075df3dc8ae11a9b82c7fe4202cd87f,0x934e92e1c82020fc4e1ee55712c6d9fb19c6782a,1.0,6338.270356700592,22423,116,0.2349819381884672,0.4834321901618873,157264.04546548406,308920.16237435944,96.43406823218248,-38.5588663602398,13.03337511776955,1.5000000000000002,-27.025491242470245,0.9976573481180696,12776,12806
2,0x2b0d0183d017c58b924401ca8ac362f6e01f0e9e,0x7fe995a80075df3dc8ae11a9b82c7fe4202cd87f,0x934e92e1c82020fc4e1ee55712c6d9fb19c6782a,2.0,6338.270356700592,22423,116,0.2349819381884672,0.4834321901618873,157264.04546548406,308920.16237435944,96.43406823218248,-34.25686666393186,9.113494812411224,1.5000000000000002,-26.643371851520637,1.0,12806,12806
3,0x52fcb1d83191e06ef2d2d9f460609ca22a923558,0x62c71cd34a52c30d894419cbcc55db2afa8032ea,0xe0b5ee397c1684565e581c1566370c39d6393e55,0.1,3364.710035946145,15424,126,0.20195798755186722,0.4823651452282158,314188.4153368019,455341.1905633957,44.92615524200077,-29.315421196780967,8.183440848835271,1.5000000000000002,-22.631980347945703,0.06632892391406324,707,10659
3,0x52fcb1d83191e06ef2d2d9f460609ca22a923558,0x62c71cd34a52c30d894419cbcc55db2afa8032ea,0xe0b5ee397c1684565e581c1566370c39d6393e55,0.25,3364.710035946145,15424,126,0.20195798755186722,0.4823651452282158,314188.4153368019,455341.1905633957,44.92615524200077,-26.92713108916894,15.221039078694753,1.5000000000000002,-13.206092010474201,0.34524814710573226,3680,10659
3,0x52fcb1d83191e06ef2d2d9f460609ca22a923558,0x62c71cd34a52c30d894419cbcc55db2afa8032ea,0xe0b5ee397c1684565e581c1566370c39d6393e55,0.5,3364.710035946145,15424,126,0.20195798755186722,0.4823651452282158,314188.4153368019,455341.1905633957,44.92615524200077,-23.31257392712949,22.10352894446266,1.5000000000000002,-2.7090449826668417,0.8361009475560559,8912,10659
3,0x52fcb1d83191e06ef2d2d9f460609ca22a923558,0x62c71cd34a52c30d894419cbcc55db2afa8032ea,0xe0b5ee397c1684565e581c1566370c39d6393e55,1.0,3364.710035946145,15424,126,0.20195798755186722,0.4823651452282158,314188.4153368019,455341.1905633957,44.92615524200077,-20.394609959007106,17.243653561163793,1.5000000000000002,-4.65095639784332,1.0,10659,10659
3,0x52fcb1d83191e06ef2d2d9f460609ca22a923558,0x62c71cd34a52c30d894419cbcc55db2afa8032ea,0xe0b5ee397c1684565e581c1566370c39d6393e55,2.0,3364.710035946145,15424,126,0.20195798755186722,0.4823651452282158,314188.4153368019,455341.1905633957,44.92615524200077,-18.891828514398433,11.950344991199325,1.5000000000000002,-8.441483523199123,1.0,10659,10659
4,0x307b1b97665c424af0ff9774e1f1217649ea2e12,0x5b3cbaf058bd0d2bb1680b4e51be1d621b2b8e34,0x28e453bf93da5178d45b5bfdd97fe9e40af2c4c0,0.1,3320.3714827283684,15276,86,0.23088504844200053,0.4806231997905211,133495886.06344622,300380407.60165,125.01098457737419,-54.47313712220945,5.72837221441381,1.5000000000000002,-50.244764907795634,0.4117647058823529,112,272
4,0x307b1b97665c424af0ff9774e1f1217649ea2e12,0x5b3cbaf058bd0d2bb1680b4e51be1d621b2b8e34,0x28e453bf93da5178d45b5bfdd97fe9e40af2c4c0,0.25,3320.3714827283684,15276,86,0.23088504844200053,0.4806231997905211,133495886.06344622,300380407.60165,125.01098457737419,-52.93487576333036,4.40261859496063,1.5000000000000002,-50.03225716836973,0.5882352941176471,160,272
4,0x307b1b97665c424af0ff9774e1f1217649ea2e12,0x5b3cbaf058bd0d2bb1680b4e51be1d621b2b8e34,0x28e453bf93da5178d45b5bfdd97fe9e40af2c4c0,0.5,3320.3714827283684,15276,86,0.23088504844200053,0.4806231997905211,133495886.06344622,300380407.60165,125.01098457737419,-50.563638580351856,3.8850293784666077,1.5000000000000002,-48.17860920188526,0.8125,221,272
4,0x307b1b97665c424af0ff9774e1f1217649ea2e12,0x5b3cbaf058bd0d2bb1680b4e51be1d621b2b8e34,0x28e453bf93da5178d45b5bfdd97fe9e40af2c4c0,1.0,3320.3714827283684,15276,86,0.23088504844200053,0.4806231997905211,133495886.06344622,300380407.60165,125.01098457737419,-46.353428769098095,2.6437976845328617,1.5000000000000002,-45.20963108456524,0.875,238,272
4,0x307b1b97665c424af0ff9774e1f1217649ea2e12,0x5b3cbaf058bd0d2bb1680b4e51be1d621b2b8e34,0x28e453bf93da5178d45b5bfdd97fe9e40af2c4c0,2.0,3320.3714827283684,15276,86,0.23088504844200053,0.4806231997905211,133495886.06344622,300380407.60165,125.01098457737419,-40.92473162863753,2.071206789026198,1.5000000000000002,-40.353524839611346,1.0,272,272
5,0xb09fa4f04032b9d9e690ac4a1d29523b5f9a72dc,0x2cc0fac44b8252f6b10208b091aff2c94b4da77d,0x7e97eadea120321c65cc09b6fdecc6eb15d55b2f,0.1,3136.1147724467673,17933,149,0.22913065298611499,0.449227680811911,802810.8741680963,1943344.0828022754,142.06748380383408,-57.68103968415561,19.939435363132166,1.5000000000000002,-39.24160432102345,0.13705780011598687,1418,10346
5,0xb09fa4f04032b9d9e690ac4a1d29523b5f9a72dc,0x2cc0fac44b8252f6b10208b091aff2c94b4da77d,0x7e97eadea120321c65cc09b6fdecc6eb15d55b2f,0.25,3136.1147724467673,17933,149,0.22913065298611499,0.449227680811911,802810.8741680963,1943344.0828022754,142.06748380383408,-56.2511669170259,17.185929372216375,1.5000000000000002,-40.56523754480952,0.29644306978542434,3067,10346
5,0xb09fa4f04032b9d9e690ac4a1d29523b5f9a72dc,0x2cc0fac44b8252f6b10208b091aff2c94b4da77d,0x7e97eadea120321c65cc09b6fdecc6eb15d55b2f,0.5,3136.1147724467673,17933,149,0.22913065298611499,0.449227680811911,802810.8741680963,1943344.0828022754,142.06748380383408,-54.04701126247773,17.108221144033255,1.5000000000000002,-38.438790118444466,0.430407887106128,4453,10346
5,0xb09fa4f04032b9d9e690ac4a1d29523b5f9a72dc,0x2cc0fac44b8252f6b10208b091aff2c94b4da77d,0x7e97eadea120321c65cc09b6fdecc6eb15d55b2f,1.0,3136.1147724467673,17933,149,0.22913065298611499,0.449227680811911,802810.8741680963,1943344.0828022754,142.06748380383408,-50.133460214559044,18.55151676799743,1.5000000000000002,-33.08194344656161,0.7280108254397835,7532,10346
5,0xb09fa4f04032b9d9e690ac4a1d29523b5f9a72dc,0x2cc0fac44b8252f6b10208b091aff2c94b4da77d,0x7e97eadea120321c65cc09b6fdecc6eb15d55b2f,2.0,3136.1147724467673,17933,149,0.22913065298611499,0.449227680811911,802810.8741680963,1943344.0828022754,142.06748380383408,-44.444395844730764,16.85113463009364,1.5000000000000002,-29.093261214637124,0.999516721438237,10341,10346
6,0x451e50d5cd63c4d22b38d31e542e23ed281b902c,0x4b1c1725fa83d1a3effe48c992c969788cfac32a,0x9adf17b7d91731ed74c2502695794ec95b8f2a26,0.1,2932.0166334434325,39928,116,0.3605239430975756,0.44079342817070727,11837855.610337382,58609242.19828866,395.10016110610655,-79.30914783391614,0.5725932510111733,1.5000000000000002,-80.23655458290496,0.017103153393907,32,1871
6,0x451e50d5cd63c4d22b38d31e542e23ed281b902c,0x4b1c1725fa83d1a3effe48c992c969788cfac32a,0x9adf17b7d91731ed74c2502695794ec95b8f2a26,0.25,2932.0166334434325,39928,116,0.3605239430975756,0.44079342817070727,11837855.610337382,58609242.19828866,395.10016110610655,-78.6100454500158,2.1264160983782676,1.5000000000000002,-77.98362935163753,0.09139497594869055,171,1871
6,0x451e50d5cd63c4d22b38d31e542e23ed281b902c,0x4b1c1725fa83d1a3effe48c992c969788cfac32a,0x9adf17b7d91731ed74c2502695794ec95b8f2a26,0.5,2932.0166334434325,39928,116,0.3605239430975756,0.44079342817070727,11837855.610337382,58609242.19828866,395.10016110610655,-77.53237580834885,3.4529565097254835,1.5000000000000002,-75.57941929862335,0.2324959914484233,435,1871
6,0x451e50d5cd63c4d22b38d31e542e23ed281b902c,0x4b1c1725fa83d1a3effe48c992c969788cfac32a,0x9adf17b7d91731ed74c2502695794ec95b8f2a26,1.0,2932.0166334434325,39928,116,0.3605239430975756,0.44079342817070727,11837855.610337382,58609242.19828866,395.10016110610655,-75.61893782280858,3.2361143925928766,1.5000000000000002,-73.88282343021571,0.39444147514698025,738,1871
6,0x451e50d5cd63c4d22b38d31e542e23ed281b902c,0x4b1c1725fa83d1a3effe48c992c969788cfac32a,0x9adf17b7d91731ed74c2502695794ec95b8f2a26,2.0,2932.0166334434325,39928,116,0.3605239430975756,0.44079342817070727,11837855.610337382,58609242.19828866,395.10016110610655,-72.40911009334773,3.464839055995427,1.5000000000000002,-70.44427103735231,0.6675574559059326,1249,1871
7,0xdec8f541ff159d2b4abd3c3b041cd739bd7c486f,0xedaee44320107caa714baaec486261a87f27022d,0xef8eabd46ffe0a78e7552a86dc33f152226f1e8d,0.1,2872.500340848765,20729,130,0.23030536928940132,0.49809445704086064,2215468.1305972324,3611475.945480991,63.01186623286843,-37.1576776734967,36.81161285671035,1.5000000000000002,-1.8460648167863636,0.4010655888296895,2183,5443
7,0xdec8f541ff159d2b4abd3c3b041cd739bd7c486f,0xedaee44320107caa714baaec486261a87f27022d,0xef8eabd46ffe0a78e7552a86dc33f152226f1e8d,0.25,2872.500340848765,20729,130,0.23030536928940132,0.49809445704086064,2215468.1305972324,3611475.945480991,63.01186623286843,-35.03436167879319,29.22232587350613,1.5000000000000002,-7.312035805287065,0.7170677934962337,3903,5443
7,0xdec8f541ff159d2b4abd3c3b041cd739bd7c486f,0xedaee44320107caa714baaec486261a87f27022d,0xef8eabd46ffe0a78e7552a86dc33f152226f1e8d,0.5,2872.500340848765,20729,130,0.23030536928940132,0.49809445704086064,2215468.1305972324,3611475.945480991,63.01186623286843,-31.761259998905235,20.48307462352081,1.5000000000000002,-12.778185375384421,0.8572478412640088,4666,5443
7,0xdec8f541ff159d2b4abd3c3b041cd739bd7c486f,0xedaee44320107caa714baaec486261a87f27022d,0xef8eabd46ffe0a78e7552a86dc33f152226f1e8d,1.0,2872.500340848765,20729,130,0.23030536928940132,0.49809445704086064,2215468.1305972324,3611475.945480991,63.01186623286843,-27.348806449444318,15.396554985153903,1.5000000000000002,-13.452251464290432,0.9884255006430277,5380,5443
7,0xdec8f541ff159d2b4abd3c3b041cd739bd7c486f,0xedaee44320107caa714baaec486261a87f27022d,0xef8eabd46ffe0a78e7552a86dc33f152226f1e8d,2.0,2872.500340848765,20729,130,0.23030536928940132,0.49809445704086064,2215468.1305972324,3611475.945480991,63.01186623286843,-24.886172682512754,10.923913593459442,1.5000000000000002,-15.462259089053331,1.0,5443,5443
8,0x52f32c64638804b9162fafe28f4f883a2812cfe9,0xfdae23ce76018da62507bb5ef20e6ef5450e8312,0x9dde735093d92eaad379be685e62c6d449628f64,0.1,1477.8675842995085,14397,126,0.17455025352503994,0.4538445509481142,4119737.96901274,18106724.621999454,339.51156015727315,-76.69220751057136,0.5248077591418527,1.5000000000000002,-77.66739975142951,0.02030008826125331,46,2266
8,0x52f32c64638804b9162fafe28f4f883a2812cfe9,0xfdae23ce76018da62507bb5ef20e6ef5450e8312,0x9dde735093d92eaad379be685e62c6d449628f64,0.25,1477.8675842995085,14397,126,0.17455025352503994,0.4538445509481142,4119737.96901274,18106724.621999454,339.51156015727315,-75.90468396335257,0.9432842792154685,1.5000000000000002,-76.46139968413709,0.0498676081200353,113,2266
8,0x52f32c64638804b9162fafe28f4f883a2812cfe9,0xfdae23ce76018da62507bb5ef20e6ef5450e8312,0x9dde735093d92eaad379be685e62c6d449628f64,0.5,1477.8675842995085,14397,126,0.17455025352503994,0.4538445509481142,4119737.96901274,18106724.621999454,339.51156015727315,-74.69071267891685,1.8388837779667044,1.5000000000000002,-74.35182890095014,0.12400706090026478,281,2266
8,0x52f32c64638804b9162fafe28f4f883a2812cfe9,0xfdae23ce76018da62507bb5ef20e6ef5450e8312,0x9dde735093d92eaad379be685e62c6d449628f64,1.0,1477.8675842995085,14397,126,0.17455025352503994,0.4538445509481142,4119737.96901274,18106724.621999454,339.51156015727315,-72.53526663201758,2.7573273241279437,1.5000000000000002,-71.27793930788964,0.3446601941747573,781,2266
8,0x52f32c64638804b9162fafe28f4f883a2812cfe9,0xfdae23ce76018da62507bb5ef20e6ef5450e8312,0x9dde735093d92eaad379be685e62c6d449628f64,2.0,1477.8675842995085,14397,126,0.17455025352503994,0.4538445509481142,4119737.96901274,18106724.621999454,339.51156015727315,-68.9194658885508,3.4978840134547355,1.5000000000000002,-66.92158187509607,0.6902030008826125,1564,2266
9,0x5313a71595178721e1d58fd4cb459e4981aae441,0xa934ba4f59070149d37a93f8a002af79bae35563,0x420944b441715e34dd672ae0eb4526a7ad7d1eef,0.1,1110.8220117883088,15368,92,0.24368818323789693,0.47748568453930246,3943560.0777727757,8557819.078573786,117.007447833964,-52.79404304736743,16.551243460802393,1.5000000000000002,-37.74279958656505,0.12464799170001482,841,6747
9,0x5313a71595178721e1d58fd4cb459e4981aae441,0xa934ba4f59070149d37a93f8a002af79bae35563,0x420944b441715e34dd672ae0eb4526a7ad7d1eef,0.25,1110.8220117883088,15368,92,0.24368818323789693,0.47748568453930246,3943560.0777727757,8557819.078573786,117.007447833964,-51.19904846836321,13.362094135011631,1.5000000000000002,-39.336954333351585,0.22380317178005038,1510,6747
9,0x5313a71595178721e1d58fd4cb459e4981aae441,0xa934ba4f59070149d37a93f8a002af79bae35563,0x420944b441715e34dd672ae0eb4526a7ad7d1eef,0.5,1110.8220117883088,15368,92,0.24368818323789693,0.47748568453930246,3943560.0777727757,8557819.078573786,117.007447833964,-48.74035675739161,11.78865787640306,1.5000000000000002,-38.45169888098855,0.3490440195642508,2355,6747
9,0x5313a71595178721e1d58fd4cb459e4981aae441,0xa934ba4f59070149d37a93f8a002af79bae35563,0x420944b441715e34dd672ae0eb4526a7ad7d1eef,1.0,1110.8220117883088,15368,92,0.24368818323789693,0.47748568453930246,3943560.0777727757,8557819.078573786,117.007447833964,-44.374868547824,13.11834798277007,1.5000000000000002,-32.756520565053926,0.6156810434267082,4154,6747
9,0x5313a71595178721e1d58fd4cb459e4981aae441,0xa934ba4f59070149d37a93f8a002af79bae35563,0x420944b441715e34dd672ae0eb4526a7ad7d1eef,2.0,1110.8220117883088,15368,92,0.24368818323789693,0.47748568453930246,3943560.0777727757,8557819.078573786,117.007447833964,-39.16191578696734,15.197133548588587,1.5000000000000002,-25.464782238378746,1.0,6747,6747
10,0x399eae9d063cff3f0b05aa94256348c475001022,0x3f9f0b6073ee8c495aed96869af31850fed40feb,0x4acd2c88a239a924e47fc4995114ca1bb0ca3cad,0.1,952.1945283097366,11525,103,0.18429501084598698,0.4632537960954447,10863471.542750584,10176724.57734409,-6.321616093934301,2.19054901723601,19.88572966494044,1.5000000000000002,20.57627868217642,0.14164810690423163,954,6735
10,0x399eae9d063cff3f0b05aa94256348c475001022,0x3f9f0b6073ee8c495aed96869af31850fed40feb,0x4acd2c88a239a924e47fc4995114ca1bb0ca3cad,0.25,952.1945283097366,11525,103,0.18429501084598698,0.4632537960954447,10863471.542750584,10176724.57734409,-6.321616093934301,2.852383851462603,25.608519015064562,1.5000000000000002,26.96090286652715,0.4173719376391982,2811,6735
10,0x399eae9d063cff3f0b05aa94256348c475001022,0x3f9f0b6073ee8c495aed96869af31850fed40feb,0x4acd2c88a239a924e47fc4995114ca1bb0ca3cad,0.5,952.1945283097366,11525,103,0.18429501084598698,0.4632537960954447,10863471.542750584,10176724.57734409,-6.321616093934301,3.0739499223253253,24.03988874327243,1.5000000000000002,25.613838665597765,0.6347438752783965,4275,6735
10,0x399eae9d063cff3f0b05aa94256348c475001022,0x3f9f0b6073ee8c495aed96869af31850fed40feb,0x4acd2c88a239a924e47fc4995114ca1bb0ca3cad,1.0,952.1945283097366,11525,103,0.18429501084598698,0.4632537960954447,10863471.542750584,10176724.57734409,-6.321616093934301,3.1860522854524564,21.924365865013673,1.5000000000000002,23.61041815046614,0.9884187082405346,6657,6735
10,0x399eae9d063cff3f0b05aa94256348c475001022,0x3f9f0b6073ee8c495aed96869af31850fed40feb,0x4acd2c88a239a924e47fc4995114ca1bb0ca3cad,2.0,952.1945283097366,11525,103,0.18429501084598698,0.4632537960954447,10863471.542750584,10176724.57734409,-6.321616093934301,3.243786155042616,15.81756142488969,1.5000000000000002,17.561347579932285,1.0,6735,6735
11,0x835e4b15d72029866108393f1bbcb34d7bc04399,0xe6864e4630d4d7a0cad2e61f6bc2c0dcad777712,0xf753ba7dcc8a6c2685e5b2c6bd6b89612c34acdd,0.1,887.2396422067092,8741,44,0.22045532547763413,0.4616176638828509,6874429.771949213,11911803.146096652,73.27696319921988,-40.880518381009566,11.688459770377488,1.5000000000000002,-30.692058610632078,0.1590443686006826,466,2930
11,0x835e4b15d72029866108393f1bbcb34d7bc04399,0xe6864e4630d4d7a0cad2e61f6bc2c0dcad777712,0xf753ba7dcc8a6c2685e5b2c6bd6b89612c34acdd,0.25,887.2396422067092,8741,44,0.22045532547763413,0.4616176638828509,6874429.771949213,11911803.146096652,73.27696319921988,-38.88298970490525,9.821970028106211,1.5000000000000002,-30.561019676799038,0.25119453924914675,736,2930
11,0x835e4b15d72029866108393f1bbcb34d7bc04399,0xe6864e4630d4d7a0cad2e61f6bc2c0dcad777712,0xf753ba7dcc8a6c2685e5b2c6bd6b89612c34acdd,0.5,887.2396422067092,8741,44,0.22045532547763413,0.4616176638828509,6874429.771949213,11911803.146096652,73.27696319921988,-35.80378977343466,10.701058101639884,1.5000000000000002,-26.602731671794764,0.5525597269624574,1619,2930
11,0x835e4b15d72029866108393f1bbcb34d7bc04399,0xe6864e4630d4d7a0cad2e61f6bc2c0dcad777712,0xf753ba7dcc8a6c2685e5b2c6bd6b89612c34acdd,1.0,887.2396422067092,8741,44,0.22045532547763413,0.4616176638828509,6874429.771949213,11911803.146096652,73.27696319921988,-31.003794553996645,10.86495325707681,1.5000000000000002,-21.638841296919843,0.8457337883959044,2478,2930
11,0x835e4b15d72029866108393f1bbcb34d7bc04399,0xe6864e4630d4d7a0cad2e61f6bc2c0dcad777712,0xf753ba7dcc8a6c2685e5b2c6bd6b89612c34acdd,2.0,887.2396422067092,8741,44,0.22045532547763413,0.4616176638828509,6874429.771949213,11911803.146096652,73.27696319921988,-27.976908429457726,9.118865527880935,1.5000000000000002,-20.358042901576802,0.9993174061433447,2928,2930
12,0x3f6e8bf03169bc63d2c05500c7ebe8d406ed3093,0xf05babb8172bea20e974b458c593399be11250dd,0xcd211569a108fdac74d729ba7358a743a3c2e08d,0.1,628.8465640843855,8780,67,0.16799544419134396,0.49134396355353077,21613119.118298095,38699975.19298968,79.05779809553499,-42.7891756192315,9.997933887429982,1.5000000000000002,-34.29124173180151,0.2528581035642233,376,1487
12,0x3f6e8bf03169bc63d2c05500c7ebe8d406ed3093,0xf05babb8172bea20e974b458c593399be11250dd,0xcd211569a108fdac74d729ba7358a743a3c2e08d,0.25,628.8465640843855,8780,67,0.16799544419134396,0.49134396355353077,21613119.118298095,38699975.19298968,79.05779809553499,-40.856136641984364,8.911883103865799,1.5000000000000002,-33.44425353811857,0.44115669132481505,656,1487
12,0x3f6e8bf03169bc63d2c05500c7ebe8d406ed3093,0xf05babb8172bea20e974b458c593399be11250dd,0xcd211569a108fdac74d729ba7358a743a3c2e08d,0.5,628.8465640843855,8780,67,0.16799544419134396,0.49134396355353077,21613119.118298095,38699975.19298968,79.05779809553499,-37.87634788727291,8.66638865649054,1.5000000000000002,-30.709959230782356,0.7982515131136516,1187,1487
12,0x3f6e8bf03169bc63d2c05500c7ebe8d406ed3093,0xf05babb8172bea20e974b458c593399be11250dd,0xcd211569a108fdac74d729ba7358a743a3c2e08d,1.0,628.8465640843855,8780,67,0.16799544419134396,0.49134396355353077,21613119.118298095,38699975.19298968,79.05779809553499,-32.9759301425827,6.910998987556025,1.5000000000000002,-27.564931155026674,0.9979825151311366,1484,1487
12,0x3f6e8bf03169bc63d2c05500c7ebe8d406ed3093,0xf05babb8172bea20e974b458c593399be11250dd,0xcd211569a108fdac74d729ba7358a743a3c2e08d,2.0,628.8465640843855,8780,67,0.16799544419134396,0.49134396355353077,21613119.118298095,38699975.19298968,79.05779809553499,-29.62959013594696,4.843988064921613,1.5000000000000002,-26.285602071025338,1.0,1487,1487
13,0x413e39d292f8b2616dbf1ff7ea4e16bbc33f3389,0xd2a577e92438fd0c1f2485f4fb91b9f866eb1e6c,0xb17c8d33bc4f94f9575321009862d6db429c71d2,0.1,581.1565310626419,7526,70,0.22256178580919478,0.3882540526175923,4288071.450717346,4641534.649856564,8.24294098644478,-5.427564725657319,68.49519571748442,1.5000000000000002,61.56763099182707,0.48903145695364236,2363,4832
13,0x413e39d292f8b2616dbf1ff7ea4e16bbc33f3389,0xd2a577e92438fd0c1f2485f4fb91b9f866eb1e6c,0xb17c8d33bc4f94f9575321009862d6db429c71d2,0.25,581.1565310626419,7526,70,0.22256178580919478,0.3882540526175923,4288071.450717346,4641534.649856564,8.24294098644478,-4.521700854975852,52.40153809388738,1.5000000000000002,46.37983723891153,0.8125,3926,4832
13,0x413e39d292f8b2616dbf1ff7ea4e16bbc33f3389,0xd2a577e92438fd0c1f2485f4fb91b9f866eb1e6c,0xb17c8d33bc4f94f9575321009862d6db429c71d2,0.5,581.1565310626419,7526,70,0.22256178580919478,0.3882540526175923,4288071.450717346,4641534.649856564,8.24294098644478,-4.218439847570643,38.75818560440937,1.5000000000000002,33.03974575683873,0.996067880794702,4813,4832
13,0x413e39d292f8b2616dbf1ff7ea4e16bbc33f3389,0xd2a577e92438fd0c1f2485f4fb91b9f866eb1e6c,0xb17c8d33bc4f94f9575321009862d6db429c71d2,1.0,581.1565310626419,7526,70,0.22256178580919478,0.3882540526175923,4288071.450717346,4641534.649856564,8.24294098644478,-4.06500355905377,24.705156397924593,1.5000000000000002,19.140152838870826,1.0,4832,4832
13,0x413e39d292f8b2616dbf1ff7ea4e16bbc33f3389,0xd2a577e92438fd0c1f2485f4fb91b9f866eb1e6c,0xb17c8d33bc4f94f9575321009862d6db429c71d2,2.0,581.1565310626419,7526,70,0.22256178580919478,0.3882540526175923,4288071.450717346,4641534.649856564,8.24294098644478,-3.9859822929134925,17.125370446306963,1.5000000000000002,11.63938815339347,1.0,4832,4832
14,0xb2ba374659e7df6e2a6165b4b6cdf5737e76a002,0x1abf16f660ccbaa22ce8646deb1b63635d582228,0xdd19646c1e76e99dc65b5b290a078961b59c874e,0.1,509.2262801059261,8290,68,0.25307599517490953,0.42750301568154403,14407747.416357553,35288847.184698306,144.92966294393673,-58.17556714967769,8.97546629839832,1.5000000000000002,-50.70010085127936,0.11217948717948718,525,4680
14,0xb2ba374659e7df6e2a6165b4b6cdf5737e76a002,0x1abf16f660ccbaa22ce8646deb1b63635d582228,0xdd19646c1e76e99dc65b5b290a078961b59c874e,0.25,509.2262801059261,8290,68,0.25307599517490953,0.42750301568154403,14407747.416357553,35288847.184698306,144.92966294393673,-56.76240347346775,6.923139151089429,1.5000000000000002,-51.33926432237832,0.21132478632478632,989,4680
14,0xb2ba374659e7df6e2a6165b4b6cdf5737e76a002,0x1abf16f660ccbaa22ce8646deb1b63635d582228,0xdd19646c1e76e99dc65b5b290a078961b59c874e,0.5,509.2262801059261,8290,68,0.25307599517490953,0.42750301568154403,14407747.416357553,35288847.184698306,144.92966294393673,-54.58400496184852,7.414264628168271,1.5000000000000002,-48.669740333680245,0.5264957264957265,2464,4680
14,0xb2ba374659e7df6e2a6165b4b6cdf5737e76a002,0x1abf16f660ccbaa22ce8646deb1b63635d582228,0xdd19646c1e76e99dc65b5b290a078961b59c874e,1.0,509.2262801059261,8290,68,0.25307599517490953,0.42750301568154403,14407747.416357553,35288847.184698306,144.92966294393673,-50.716186570556445,6.3464082676424765,1.5000000000000002,-45.869778302913964,0.8873931623931623,4153,4680
14,0xb2ba374659e7df6e2a6165b4b6cdf5737e76a002,0x1abf16f660ccbaa22ce8646deb1b63635d582228,0xdd19646c1e76e99dc65b5b290a078961b59c874e,2.0,509.2262801059261,8290,68,0.25307599517490953,0.42750301568154403,14407747.416357553,35288847.184698306,144.92966294393673,-45.005824289900254,4.822772481267732,1.5000000000000002,-41.68305180863252,1.0,4680,4680
15,0x94fc447f9e93b05af8ad8fbcac3549508cda0346,0x69984ad3322300039f2855f81c44dbc532efe744,0x0095eec7043ffd8b0429b8ee726b93a93372c115,0.1,503.0031661968913,9380,87,0.27547974413646054,0.45010660980810235,5978692.741938311,13577825.125573909,127.10357784956075,-54.89263384640872,1.002262112933311,1.5000000000000002,-55.390371733475405,0.019453532584667078,220,11309
15,0x94fc447f9e93b05af8ad8fbcac3549508cda0346,0x69984ad3322300039f2855f81c44dbc532efe744,0x0095eec7043ffd8b0429b8ee726b93a93372c115,0.25,503.0031661968913,9380,87,0.27547974413646054,0.45010660980810235,5978692.741938311,13577825.125573909,127.10357784956075,-53.36854644022968,1.5054152380172792,1.5000000000000002,-53.36313120221241,0.028826598284552127,326,11309
15,0x94fc447f9e93b05af8ad8fbcac3549508cda0346,0x69984ad3322300039f2855f81c44dbc532efe744,0x0095eec7043ffd8b0429b8ee726b93a93372c115,0.5,503.0031661968913,9380,87,0.27547974413646054,0.45010660980810235,5978692.741938311,13577825.125573909,127.10357784956075,-51.01915847258653,3.895936603463409,1.5000000000000002,-48.62322186912312,0.1922362719957556,2174,11309
15,0x94fc447f9e93b05af8ad8fbcac3549508cda0346,0x69984ad3322300039f2855f81c44dbc532efe744,0x0095eec7043ffd8b0429b8ee726b93a93372c115,1.0,503.0031661968913,9380,87,0.27547974413646054,0.45010660980810235,5978692.741938311,13577825.125573909,127.10357784956075,-46.84774266365075,5.228804626432694,1.5000000000000002,-43.11893803721806,0.7199575559289062,8142,11309
15,0x94fc447f9e93b05af8ad8fbcac3549508cda0346,0x69984ad3322300039f2855f81c44dbc532efe744,0x0095eec7043ffd8b0429b8ee726b93a93372c115,2.0,503.0031661968913,9380,87,0.27547974413646054,0.45010660980810235,5978692.741938311,13577825.125573909,127.10357784956075,-41.37340626674937,4.681284334337151,1.5000000000000002,-38.19212193241223,1.0,11309,11309
16,0x078649f7f58e2477386691a894ae52252a7aa49a,0xa737df5de18e3aa6b0bf8c2e9846ed699f6f2aeb,0xc962a101b2abd00e1a2bc68f951ca57ffc46afdc,0.1,472.79026811321586,7121,50,0.22131723072602164,0.4597668866732201,20132189.147976127,28268009.06805888,40.4119982197795,-27.042956650924545,16.685363399090217,1.5000000000000002,-11.857593251834341,0.2039972432804962,888,4353
16,0x078649f7f58e2477386691a894ae52252a7aa49a,0xa737df5de18e3aa6b0bf8c2e9846ed699f6f2aeb,0xc962a101b2abd00e1a2bc68f951ca57ffc46afdc,0.25,472.79026811321586,7121,50,0.22131723072602164,0.4597668866732201,20132189.147976127,28268009.06805888,40.4119982197795,-24.577884525414696,13.297982233927394,1.5000000000000002,-12.77990229148731,0.3765219388927177,1639,4353
16,0x078649f7f58e2477386691a894ae52252a7aa49a,0xa737df5de18e3aa6b0bf8c2e9846ed699f6f2aeb,0xc962a101b2abd00e1a2bc68f951ca57ffc46afdc,0.5,472.79026811321586,7121,50,0.22131723072602164,0.4597668866732201,20132189.147976127,28268009.06805888,40.4119982197795,-21.028809495374347,11.453531908523724,1.5000000000000002,-11.075277586850628,0.8033540087296117,3497,4353
16,0x078649f7f58e2477386691a894ae52252a7aa49a,0xa737df5de18e3aa6b0bf8c2e9846ed699f6f2aeb,0xc962a101b2abd00e1a2bc68f951ca57ffc46afdc,1.0,472.79026811321586,7121,50,0.22131723072602164,0.4597668866732201,20132189.147976127,28268009.06805888,40.4119982197795,-18.54953554437112,7.613498568327882,1.5000000000000002,-12.43603697604324,1.0,4353,4353
16,0x078649f7f58e2477386691a894ae52252a7aa49a,0xa737df5de18e3aa6b0bf8c2e9846ed699f6f2aeb,0xc962a101b2abd00e1a2bc68f951ca57ffc46afdc,2.0,472.79026811321586,7121,50,0.22131723072602164,0.4597668866732201,20132189.147976127,28268009.06805888,40.4119982197795,-17.272683968967083,5.279462202686388,1.5000000000000002,-13.493221766280715,1.0,4353,4353
17,0xcedafa8d846fd7f8a1a264a07ab9a6461f13ae47,0x33747dc366636acef03ca0c809a22a966e91bd1f,0xb9e72875ef803bf4ae73c3a28ce225a2930a8f78,0.1,458.9564763869085,7919,71,0.29056699078166437,0.4903396893547165,118233921.10622637,101934495.42014162,-13.785744001030508,2.440442408507537,5.7652430147875595,1.5000000000000002,6.705685423295082,0.14285714285714285,54,378
17,0xcedafa8d846fd7f8a1a264a07ab9a6461f13ae47,0x33747dc366636acef03ca0c809a22a966e91bd1f,0xb9e72875ef803bf4ae73c3a28ce225a2930a8f78,0.25,458.9564763869085,7919,71,0.29056699078166437,0.4903396893547165,118233921.10622637,101934495.42014162,-13.785744001030508,5.187982987684325,5.693231356121693,1.5000000000000002,9.381214343806011,0.30687830687830686,116,378
17,0xcedafa8d846fd7f8a1a264a07ab9a6461f13ae47,0x33747dc366636acef03ca0c809a22a966e91bd1f,0xb9e72875ef803bf4ae73c3a28ce225a2930a8f78,0.5,458.9564763869085,7919,71,0.29056699078166437,0.4903396893547165,118233921.10622637,101934495.42014162,-13.785744001030508,6.380093559308397,5.1842779597703785,1.5000000000000002,10.064371519078774,0.5317460317460317,201,378
17,0xcedafa8d846fd7f8a1a264a07ab9a6461f13ae47,0x33747dc366636acef03ca0c809a22a966e91bd1f,0xb9e72875ef803bf4ae73c3a28ce225a2930a8f78,1.0,458.9564763869085,7919,71,0.29056699078166437,0.4903396893547165,118233921.10622637,101934495.42014162,-13.785744001030508,6.983247334918441,4.729363450231505,1.5000000000000002,10.212610785149945,0.791005291005291,299,378
17,0xcedafa8d846fd7f8a1a264a07ab9a6461f13ae47,0x33747dc366636acef03ca0c809a22a966e91bd1f,0xb9e72875ef803bf4ae73c3a28ce225a2930a8f78,2.0,458.9564763869085,7919,71,0.29056699078166437,0.4903396893547165,118233921.10622637,101934495.42014162,-13.785744001030508,7.293877730678799,3.9504774443324577,1.5000000000000002,9.744355175011243,1.0,378,378
18,0x0dc07cf3d354756314157642a95dab61cc766916,0xb13896e409e35c14c29628f0b61804c00c18705e,0x6c04158a2ab43301196b641d952b6f51be38f9cf,0.1,425.8066302924144,6031,39,0.38484496766705356,0.4292820427789753,41698385.368910715,115431191.67433785,176.824127968275,-62.99439533672167,2.2432807289887204,1.5000000000000002,-62.25111460773294,0.12280701754385964,42,342
18,0x0dc07cf3d354756314157642a95dab61cc766916,0xb13896e409e35c14c29628f0b61804c00c18705e,0x6c04158a2ab43301196b641d952b6f51be38f9cf,0.25,425.8066302924144,6031,39,0.38484496766705356,0.4292820427789753,41698385.368910715,115431191.67433785,176.824127968275,-61.74405019723156,1.7801106208272768,1.5000000000000002,-61.46393957640428,0.24269005847953215,83,342
18,0x0dc07cf3d354756314157642a95dab61cc766916,0xb13896e409e35c14c29628f0b61804c00c18705e,0x6c04158a2ab43301196b641d952b6f51be38f9cf,0.5,425.8066302924144,6031,39,0.38484496766705356,0.4292820427789753,41698385.368910715,115431191.67433785,176.824127968275,-59.81663723245698,1.4322889866875612,1.5000000000000002,-59.88434824576942,0.32456140350877194,111,342
18,0x0dc07cf3d354756314157642a95dab61cc766916,0xb13896e409e35c14c29628f0b61804c00c18705e,0x6c04158a2ab43301196b641d952b6f51be38f9cf,1.0,425.8066302924144,6031,39,0.38484496766705356,0.4292820427789753,41698385.368910715,115431191.67433785,176.824127968275,-56.39445195597668,1.3237968624447225,1.5000000000000002,-56.57065509353196,0.43567251461988304,149,342
18,0x0dc07cf3d354756314157642a95dab61cc766916,0xb13896e409e35c14c29628f0b61804c00c18705e,0x6c04158a2ab43301196b641d952b6f51be38f9cf,2.0,425.8066302924144,6031,39,0.38484496766705356,0.4292820427789753,41698385.368910715,115431191.67433785,176.824127968275,-50.76859353483294,2.273485550588029,1.5000000000000002,-49.99510798424491,0.9064327485380117,310,342
19,0x673ce1740a96e478be1d3c46ebbf088d128e74f2,0xfa9cee6881e6be5f3bd9a3520fa3bb5fe49d763d,0x3bd648b7b51daf370ba23952d036dc4b368967ed,0.1,381.4172100440127,8209,37,0.4940918504080887,0.4731392374223413,103096796.20169942,291466003.43377656,182.71101932551818,-63.76496301668527,1.4583421995109984,1.5000000000000002,-63.80662081717428,0.06074766355140187,26,428
19,0x673ce1740a96e478be1d3c46ebbf088d128e74f2,0xfa9cee6881e6be5f3bd9a3520fa3bb5fe49d763d,0x3bd648b7b51daf370ba23952d036dc4b368967ed,0.25,381.4172100440127,8209,37,0.4940918504080887,0.4731392374223413,103096796.20169942,291466003.43377656,182.71101932551818,-62.54065381315833,2.1094742242806186,1.5000000000000002,-61.931179588877704,0.22429906542056074,96,428
19,0x673ce1740a96e478be1d3c46ebbf088d128e74f2,0xfa9cee6881e6be5f3bd9a3520fa3bb5fe49d763d,0x3bd648b7b51daf370ba23952d036dc4b368967ed,0.5,381.4172100440127,8209,37,0.4940918504080887,0.4731392374223413,103096796.20169942,291466003.43377656,182.71101932551818,-60.65337536719817,2.3261523465229383,1.5000000000000002,-59.82722302067525,0.4182242990654206,179,428
19,0x673ce1740a96e478be1d3c46ebbf088d128e74f2,0xfa9cee6881e6be5f3bd9a3520fa3bb5fe49d763d,0x3bd648b7b51daf370ba23952d036dc4b368967ed,1.0,381.4172100440127,8209,37,0.4940918504080887,0.4731392374223413,103096796.20169942,291466003.43377656,182.71101932551818,-57.302450252331184,2.5296050790378617,1.5000000000000002,-56.27284517329333,0.7172897196261683,307,428
19,0x673ce1740a96e478be1d3c46ebbf088d128e74f2,0xfa9cee6881e6be5f3bd9a3520fa3bb5fe49d763d,0x3bd648b7b51daf370ba23952d036dc4b368967ed,2.0,381.4172100440127,8209,37,0.4940918504080887,0.4731392374223413,103096796.20169942,291466003.43377656,182.71101932551818,-51.74318913675386,2.4041712204130317,1.5000000000000002,-50.83901791634082,1.0,428,428
20,0x8637fa9e87b4fe9d2cd7dc9abafdaf7fc6099e0c,0x5b72912cefcc3ad38de2eda55aefae9c66fc045a,0x9dc86e37dba30331148df1a0236a0010e8d25f8a,0.1,361.08401693815205,6731,31,0.363690387758134,0.49026890506611204,251512303.04269224,196631650.65131882,-21.820265540671336,2.4404424085075593,3.1159701091496412,1.5000000000000002,4.056412517657204,0.3125,50,160
20,0x8637fa9e87b4fe9d2cd7dc9abafdaf7fc6099e0c,0x5b72912cefcc3ad38de2eda55aefae9c66fc045a,0x9dc86e37dba30331148df1a0236a0010e8d25f8a,0.25,361.08401693815205,6731,31,0.363690387758134,0.49026890506611204,251512303.04269224,196631650.65131882,-21.820265540671336,5.901699437494745,3.754550196271942,1.5000000000000002,8.156249633766667,0.6375,102,160
20,0x8637fa9e87b4fe9d2cd7dc9abafdaf7fc6099e0c,0x5b72912cefcc3ad38de2eda55aefae9c66fc045a,0x9dc86e37dba30331148df1a0236a0010e8d25f8a,0.5,361.08401693815205,6731,31,0.363690387758134,0.49026890506611204,251512303.04269224,196631650.65131882,-21.820265540671336,9.281061472178553,3.841993010006442,1.5000000000000002,11.62305448218499,0.84375,135,160
20,0x8637fa9e87b4fe9d2cd7dc9abafdaf7fc6099e0c,0x5b72912cefcc3ad38de2eda55aefae9c66fc045a,0x9dc86e37dba30331148df1a0236a0010e8d25f8a,1.0,361.08401693815205,6731,31,0.363690387758134,0.49026890506611204,251512303.04269224,196631650.65131882,-21.820265540671336,11.02675673074165,3.3113914355808975,1.5000000000000002,12.838148166322538,1.0,160,160
20,0x8637fa9e87b4fe9d2cd7dc9abafdaf7fc6099e0c,0x5b72912cefcc3ad38de2eda55aefae9c66fc045a,0x9dc86e37dba30331148df1a0236a0010e8d25f8a,2.0,361.08401693815205,6731,31,0.363690387758134,0.49026890506611204,251512303.04269224,196631650.65131882,-21.820265540671336,11.925807737254935,2.299924225663658,1.5000000000000002,12.725731962918596,1.0,160,160
21,0x126a74b6b0d08ed06dcc13051e3e7ee106b59535,0x6f81f30c1a89fa0602a2c468ed39e8e601abc4ca,0xe32a5b18ab69f270120605e1cd1e515d51cf2683,0.1,280.01259682461426,5785,30,0.26534140017286084,0.4221261884183232,217361249.13790917,450887445.6254756,107.43690396230706,-50.61609556845206,2.84260647415516,1.5000000000000002,-49.2734890942969,0.1277533039647577,29,227
21,0x126a74b6b0d08ed06dcc13051e3e7ee106b59535,0x6f81f30c1a89fa0602a2c468ed39e8e601abc4ca,0xe32a5b18ab69f270120605e1cd1e515d51cf2683,0.25,280.01259682461426,5785,30,0.26534140017286084,0.4221261884183232,217361249.13790917,450887445.6254756,107.43690396230706,-48.94751251361814,2.925504501631619,1.5000000000000002,-47.52200801198653,0.29955947136563876,68,227
21,0x126a74b6b0d08ed06dcc13051e3e7ee106b59535,0x6f81f30c1a89fa0602a2c468ed39e8e601abc4ca,0xe32a5b18ab69f270120605e1cd1e515d51cf2683,0.5,280.01259682461426,5785,30,0.26534140017286084,0.4221261884183232,217361249.13790917,450887445.6254756,107.43690396230706,-46.37538381801525,2.8939213896544085,1.5000000000000002,-44.98146242836083,0.5814977973568282,132,227
21,0x126a74b6b0d08ed06dcc13051e3e7ee106b59535,0x6f81f30c1a89fa0602a2c468ed39e8e601abc4ca,0xe32a5b18ab69f270120605e1cd1e515d51cf2683,1.0,280.01259682461426,5785,30,0.26534140017286084,0.4221261884183232,217361249.13790917,450887445.6254756,107.43690396230706,-41.808484501586626,2.7110578814724238,1.5000000000000002,-40.597426620114206,0.8678414096916299,197,227
21,0x126a74b6b0d08ed06dcc13051e3e7ee106b59535,0x6f81f30c1a89fa0602a2c468ed39e8e601abc4ca,0xe32a5b18ab69f270120605e1cd1e515d51cf2683,2.0,280.01259682461426,5785,30,0.26534140017286084,0.4221261884183232,217361249.13790917,450887445.6254756,107.43690396230706,-36.950697405858534,2.087814386813893,1.5000000000000002,-36.36288301904463,1.0,227,227
22,0xc246b088646869d57bbe483968b05d6dcdb8eb59,0xd3ca926df830941d22c6d8aa83f7bd0a7031480d,0xb6e60e418e198aad0360be847863e0477420239a,0.1,276.07799729530456,4192,36,0.2655057251908397,0.4279580152671756,18257781.042736385,54516833.59386283,198.59506730995457,-65.69252019753897,1.7932782699065695,1.5000000000000002,-65.3992419276324,0.03986332574031891,35,878
22,0xc246b088646869d57bbe483968b05d6dcdb8eb59,0xd3ca926df830941d22c6d8aa83f7bd0a7031480d,0xb6e60e418e198aad0360be847863e0477420239a,0.25,276.07799729530456,4192,36,0.2655057251908397,0.4279580152671756,18257781.042736385,54516833.59386283,198.59506730995457,-64.53333928401295,2.675710887023409,1.5000000000000002,-63.357628396989554,0.1366742596810934,120,878
22,0xc246b088646869d57bbe483968b05d6dcdb8eb59,0xd3ca926df830941d22c6d8aa83f7bd0a7031480d,0xb6e60e418e198aad0360be847863e0477420239a,0.5,276.07799729530456,4192,36,0.2655057251908397,0.4279580152671756,18257781.042736385,54516833.59386283,198.59506730995457,-62.74645640608979,3.775016061581635,1.5000000000000002,-60.47144034450815,0.41002277904328016,360,878
22,0xc246b088646869d57bbe483968b05d6dcdb8eb59,0xd3ca926df830941d22c6d8aa83f7bd0a7031480d,0xb6e60e418e198aad0360be847863e0477420239a,1.0,276.07799729530456,4192,36,0.2655057251908397,0.4279580152671756,18257781.042736385,54516833.59386283,198.59506730995457,-59.573786932872586,4.0328327678907705,1.5000000000000002,-57.04095416498182,0.642369020501139,564,878
22,0xc246b088646869d57bbe483968b05d6dcdb8eb59,0xd3ca926df830941d22c6d8aa83f7bd0a7031480d,0xb6e60e418e198aad0360be847863e0477420239a,2.0,276.07799729530456,4192,36,0.2655057251908397,0.4279580152671756,18257781.042736385,54516833.59386283,198.59506730995457,-54.25195214768899,3.9262409542331733,1.5000000000000002,-51.82571119345582,0.8883826879271071,780,878
23,0xa078e12992cba477ef86187c9715acd1c978b532,0x23acfab04106a21af0ae1643b74cfec3c9aac181,0xd016e4c082a3fb781a8c4be5111a91196a7b6987,0.1,265.2690993265532,3838,35,0.2503908285565399,0.431735278791037,20107056.337022666,63122210.88603491,213.93064120385154,-67.36844736924306,3.7318335835903866,1.5000000000000002,-65.13661378565267,0.13095238095238096,77,588
23,0xa078e12992cba477ef86187c9715acd1c978b532,0x23acfab04106a21af0ae1643b74cfec3c9aac181,0xd016e4c082a3fb781a8c4be5111a91196a7b6987,0.25,265.2690993265532,3838,35,0.2503908285565399,0.431735278791037,20107056.337022666,63122210.88603491,213.93064120385154,-66.26589267253868,2.837424781243998,1.5000000000000002,-64.9284678912947,0.20238095238095238,119,588
23,0xa078e12992cba477ef86187c9715acd1c978b532,0x23acfab04106a21af0ae1643b74cfec3c9aac181,0xd016e4c082a3fb781a8c4be5111a91196a7b6987,0.5,265.2690993265532,3838,35,0.2503908285565399,0.431735278791037,20107056.337022666,63122210.88603491,213.93064120385154,-64.56629937650867,3.648915153187074,1.5000000000000002,-62.41738422332159,0.4846938775510204,285,588
23,0xa078e12992cba477ef86187c9715acd1c978b532,0x23acfab04106a21af0ae1643b74cfec3c9aac181,0xd016e4c082a3fb781a8c4be5111a91196a7b6987,1.0,265.2690993265532,3838,35,0.2503908285565399,0.431735278791037,20107056.337022666,63122210.88603491,213.93064120385154,-61.54861543436563,4.099975955536385,1.5000000000000002,-58.94863947882924,0.9064625850340136,533,588
23,0xa078e12992cba477ef86187c9715acd1c978b532,0x23acfab04106a21af0ae1643b74cfec3c9aac181,0xd016e4c082a3fb781a8c4be5111a91196a7b6987,2.0,265.2690993265532,3838,35,0.2503908285565399,0.431735278791037,20107056.337022666,63122210.88603491,213.93064120385154,-56.48639462060642,3.2828248787561742,1.5000000000000002,-54.703569741850245,0.9982993197278912,587,588
24,0x129fc4b7d992213e7dee627f1e11009c339f2d47,0x013baba98a29e2d7d478144fad4c0b4cbeec4d4c,0xef5d474228d33b3b1ff44d4460af03aa669b3c2f,0.1,261.7087200277508,10697,42,0.4026362531550902,0.31793960923623443,8.508605703731966e-09,4.76861341247046e-09,-43.95540728395846,-42.58767127564084,0.7816949603335366,1.5000000000000002,-43.30597631530729,0.2,30,150
24,0x129fc4b7d992213e7dee627f1e11009c339f2d47,0x013baba98a29e2d7d478144fad4c0b4cbeec4d4c,0xef5d474228d33b3b1ff44d4460af03aa669b3c2f,0.25,261.7087200277508,10697,42,0.4026362531550902,0.31793960923623443,8.508605703731966e-09,4.76861341247046e-09,-43.95540728395846,-40.64782387088961,0.4992303590382186,1.5000000000000002,-41.648593511851395,0.21333333333333335,32,150
24,0x129fc4b7d992213e7dee627f1e11009c339f2d47,0x013baba98a29e2d7d478144fad4c0b4cbeec4d4c,0xef5d474228d33b3b1ff44d4460af03aa669b3c2f,0.5,261.7087200277508,10697,42,0.4026362531550902,0.31793960923623443,8.508605703731966e-09,4.76861341247046e-09,-43.95540728395846,-37.65753989287809,0.46808518726054366,1.5000000000000002,-38.68945470561754,0.3466666666666667,52,150
24,0x129fc4b7d992213e7dee627f1e11009c339f2d47,0x013baba98a29e2d7d478144fad4c0b4cbeec4d4c,0xef5d474228d33b3b1ff44d4460af03aa669b3c2f,1.0,261.7087200277508,10697,42,0.4026362531550902,0.31793960923623443,8.508605703731966e-09,4.76861341247046e-09,-43.95540728395846,-32.764432685033704,0.899665088264098,1.5000000000000002,-33.36476759676961,0.98,147,150
24,0x129fc4b7d992213e7dee627f1e11009c339f2d47,0x013baba98a29e2d7d478144fad4c0b4cbeec4d4c,0xef5d474228d33b3b1ff44d4460af03aa669b3c2f,2.0,261.7087200277508,10697,42,0.4026362531550902,0.31793960923623443,8.508605703731966e-09,4.76861341247046e-09,-43.95540728395846,-29.452829164551154,0.6323915869257323,1.5000000000000002,-30.320437577625412,1.0,150,150
25,0x1e1779d5cf272a54ce27df5c9eb718ed5649d125,0xc4cb8a0167c77e36194f6affb6b71d931fab62c0,0x698d3e165c1ea84aa23ea02ca8a91f574e4c70eb,0.1,260.08314784746113,4180,34,0.23827751196172248,0.42105263157894735,67666295.69851208,79173857.93041348,17.006342837464427,-12.448812667524034,26.88991936268516,1.5000000000000002,12.941106695161132,0.48924122310305773,432,883
25,0x1e1779d5cf272a54ce27df5c9eb718ed5649d125,0xc4cb8a0167c77e36194f6affb6b71d931fab62c0,0x698d3e165c1ea84aa23ea02ca8a91f574e4c70eb,0.25,260.08314784746113,4180,34,0.23827751196172248,0.42105263157894735,67666295.69851208,79173857.93041348,17.006342837464427,-9.968720011786292,19.54970653290113,1.5000000000000002,8.08098652111482,0.7078142695356738,625,883
25,0x1e1779d5cf272a54ce27df5c9eb718ed5649d125,0xc4cb8a0167c77e36194f6affb6b71d931fab62c0,0x698d3e165c1ea84aa23ea02ca8a91f574e4c70eb,0.5,260.08314784746113,4180,34,0.23827751196172248,0.42105263157894735,67666295.69851208,79173857.93041348,17.006342837464427,-8.821464312995763,13.29345880828938,1.5000000000000002,2.9719944952936173,0.8335220838052095,736,883
25,0x1e1779d5cf272a54ce27df5c9eb718ed5649d125,0xc4cb8a0167c77e36194f6affb6b71d931fab62c0,0x698d3e165c1ea84aa23ea02ca8a91f574e4c70eb,1.0,260.08314784746113,4180,34,0.23827751196172248,0.42105263157894735,67666295.69851208,79173857.93041348,17.006342837464427,-8.241005064678797,9.859777933390813,1.5000000000000002,0.11877286871200265,1.0,883,883
25,0x1e1779d5cf272a54ce27df5c9eb718ed5649d125,0xc4cb8a0167c77e36194f6affb6b71d931fab62c0,0x698d3e165c1ea84aa23ea02ca8a91f574e4c70eb,2.0,260.08314784746113,4180,34,0.23827751196172248,0.42105263157894735,67666295.69851208,79173857.93041348,17.006342837464427,-7.942062583807985,6.840733402342393,1.5000000000000002,-2.601329181465606,1.0,883,883
26,0x3d596000ee1fa72c40a85b85978235e20b20bc1b,0x31c0445253c74236fe34ec73d78b122deaeb9a7b,0x1afc570345825100bc0aa487ed59767d2b7367db,0.1,233.91693117321287,3601,40,0.26242710358233823,0.43626770341571786,178876060.90773445,196586862.8904103,9.901158317552184,-6.788776007792041,2.638800599599267,1.5000000000000002,-5.649975408192775,0.4338235294117647,59,136
26,0x3d596000ee1fa72c40a85b85978235e20b20bc1b,0x31c0445253c74236fe34ec73d78b122deaeb9a7b,0x1afc570345825100bc0aa487ed59767d2b7367db,0.25,233.91693117321287,3601,40,0.26242710358233823,0.43626770341571786,178876060.90773445,196586862.8904103,9.901158317552184,-5.511470154821452,2.8572146403503615,1.5000000000000002,-4.154255514471094,0.9705882352941176,132,136
26,0x3d596000ee1fa72c40a85b85978235e20b20bc1b,0x31c0445253c74236fe34ec73d78b122deaeb9a7b,0x1afc570345825100bc0aa487ed59767d2b7367db,0.5,233.91693117321287,3601,40,0.26242710358233823,0.43626770341571786,178876060.90773445,196586862.8904103,9.901158317552184,-5.083859481437369,1.6920525439536882,1.5000000000000002,-4.8918069374837,1.0,136,136
26,0x3d596000ee1fa72c40a85b85978235e20b20bc1b,0x31c0445253c74236fe34ec73d78b122deaeb9a7b,0x1afc570345825100bc0aa487ed59767d2b7367db,1.0,233.91693117321287,3601,40,0.26242710358233823,0.43626770341571786,178876060.90773445,196586862.8904103,9.901158317552184,-4.867507912814528,1.0639950947619958,1.5000000000000002,-5.303512818052547,1.0,136,136
26,0x3d596000ee1fa72c40a85b85978235e20b20bc1b,0x31c0445253c74236fe34ec73d78b122deaeb9a7b,0x1afc570345825100bc0aa487ed59767d2b7367db,2.0,233.91693117321287,3601,40,0.26242710358233823,0.43626770341571786,178876060.90773445,196586862.8904103,9.901158317552184,-4.756084630556678,0.7387372086123134,1.5000000000000002,-5.517347421944363,1.0,136,136
27,0x164bda2b9ca5af92a6bb43af7df3216e28b14f4b,0x6ee8cc773c3acf93ab46ab14ec87805adc5820df,0x67862d84ba70e8cc913aeb2ed12019d93c9381f3,0.1,229.96666969783712,5342,43,0.40939722950205915,0.4809060277049794,163631339.36945173,327510489.2458582,100.15144440417689,-48.8185345284624,0.8968589870154942,1.5000000000000002,-49.421675541446895,0.15,9,60
27,0x164bda2b9ca5af92a6bb43af7df3216e28b14f4b,0x6ee8cc773c3acf93ab46ab14ec87805adc5820df,0x67862d84ba70e8cc913aeb2ed12019d93c9381f3,0.25,229.96666969783712,5342,43,0.40939722950205915,0.4809060277049794,163631339.36945173,327510489.2458582,100.15144440417689,-47.08921549242403,0.9229180370418311,1.5000000000000002,-47.66629745538219,0.3333333333333333,20,60
27,0x164bda2b9ca5af92a6bb43af7df3216e28b14f4b,0x6ee8cc773c3acf93ab46ab14ec87805adc5820df,0x67862d84ba70e8cc913aeb2ed12019d93c9381f3,0.5,229.96666969783712,5342,43,0.40939722950205915,0.4809060277049794,163631339.36945173,327510489.2458582,100.15144440417689,-44.42346199363322,0.7559368433095176,1.5000000000000002,-45.1675251503237,0.5,30,60
27,0x164bda2b9ca5af92a6bb43af7df3216e28b14f4b,0x6ee8cc773c3acf93ab46ab14ec87805adc5820df,0x67862d84ba70e8cc913aeb2ed12019d93c9381f3,1.0,229.96666969783712,5342,43,0.40939722950205915,0.4809060277049794,163631339.36945173,327510489.2458582,100.15144440417689,-39.69032875181405,0.7320210675634237,1.5000000000000002,-40.45830768425064,0.9666666666666667,58,60
27,0x164bda2b9ca5af92a6bb43af7df3216e28b14f4b,0x6ee8cc773c3acf93ab46ab14ec87805adc5820df,0x67862d84ba70e8cc913aeb2ed12019d93c9381f3,2.0,229.96666969783712,5342,43,0.40939722950205915,0.4809060277049794,163631339.36945173,327510489.2458582,100.15144440417689,-35.18611139583492,0.5190710212770481,1.5000000000000002,-36.16704037455787,1.0,60,60
28,0x5b9abf169d6fbb3a6dbc85e1987628f2a54ae1fe,0x401bbf3bb089d5b21d5ba27277e7a21fd7531ed4,0x7eaf232fff53499fd3ead3c93924671b149e4837,0.1,226.9232869785705,4002,49,0.3183408295852074,0.4572713643178411,24828799.99943573,39239493.394323096,58.040233097108484,-35.1807825127905,19.708038337659104,1.5000000000000002,-16.972744175131393,0.2242603550295858,379,1690
28,0x5b9abf169d6fbb3a6dbc85e1987628f2a54ae1fe,0x401bbf3bb089d5b21d5ba27277e7a21fd7531ed4,0x7eaf232fff53499fd3ead3c93924671b149e4837,0.25,226.9232869785705,4002,49,0.3183408295852074,0.4572713643178411,24828799.99943573,39239493.394323096,58.040233097108484,-32.99067119673064,20.593558675450694,1.5000000000000002,-13.897112521279952,0.6041420118343195,1021,1690
28,0x5b9abf169d6fbb3a6dbc85e1987628f2a54ae1fe,0x401bbf3bb089d5b21d5ba27277e7a21fd7531ed4,0x7eaf232fff53499fd3ead3c93924671b149e4837,0.5,226.9232869785705,4002,49,0.3183408295852074,0.4572713643178411,24828799.99943573,39239493.394323096,58.040233097108484,-29.61460421206208,17.22915927373289,1.5000000000000002,-13.885444938329194,0.9384615384615385,1586,1690
28,0x5b9abf169d6fbb3a6dbc85e1987628f2a54ae1fe,0x401bbf3bb089d5b21d5ba27277e7a21fd7531ed4,0x7eaf232fff53499fd3ead3c93924671b149e4837,1.0,226.9232869785705,4002,49,0.3183408295852074,0.4572713643178411,24828799.99943573,39239493.394323096,58.040233097108484,-25.50472130479361,11.60384999646104,1.5000000000000002,-15.400871308332587,0.98698224852071,1668,1690
28,0x5b9abf169d6fbb3a6dbc85e1987628f2a54ae1fe,0x401bbf3bb089d5b21d5ba27277e7a21fd7531ed4,0x7eaf232fff53499fd3ead3c93924671b149e4837,2.0,226.9232869785705,4002,49,0.3183408295852074,0.4572713643178411,24828799.99943573,39239493.394323096,58.040233097108484,-23.312003785105894,8.320025538398902,1.5000000000000002,-16.491978246706996,1.0,1690,1690
29,0x4562ca679dccc38f2dd59d28b2ebfec99f507af2,0xd5bf43f29bf7aa5bb42ae9e217b84b86eb7a4b94,0x79c1230cab12d53d040f5fe1f5279e1a481ccea2,0.1,226.13121186872712,6862,57,0.35179248032643545,0.4070241911979015,26614874.24740521,3997249.2184959683,-84.98114557544574,2.4404424085075593,31.199979913629655,1.5000000000000002,32.140422322137205,0.027155465037338764,480,17676
29,0x4562ca679dccc38f2dd59d28b2ebfec99f507af2,0xd5bf43f29bf7aa5bb42ae9e217b84b86eb7a4b94,0x79c1230cab12d53d040f5fe1f5279e1a481ccea2,0.25,226.13121186872712,6862,57,0.35179248032643545,0.4070241911979015,26614874.24740521,3997249.2184959683,-84.98114557544574,5.901699437494767,31.46446936907024,1.5000000000000002,35.86616880656499,0.04418420457116995,781,17676
29,0x4562ca679dccc38f2dd59d28b2ebfec99f507af2,0xd5bf43f29bf7aa5bb42ae9e217b84b86eb7a4b94,0x79c1230cab12d53d040f5fe1f5279e1a481ccea2,0.5,226.13121186872712,6862,57,0.35179248032643545,0.4070241911979015,26614874.24740521,3997249.2184959683,-84.98114557544574,11.237243569579448,31.520227042467457,1.5000000000000002,41.25747061204692,0.07513011993663725,1328,17676
29,0x4562ca679dccc38f2dd59d28b2ebfec99f507af2,0xd5bf43f29bf7aa5bb42ae9e217b84b86eb7a4b94,0x79c1230cab12d53d040f5fe1f5279e1a481ccea2,1.0,226.13121186872712,6862,57,0.35179248032643545,0.4070241911979015,26614874.24740521,3997249.2184959683,-84.98114557544574,20.71067811865477,25.970711617174253,1.5000000000000002,45.181389735829015,0.08418194161575017,1488,17676
29,0x4562ca679dccc38f2dd59d28b2ebfec99f507af2,0xd5bf43f29bf7aa5bb42ae9e217b84b86eb7a4b94,0x79c1230cab12d53d040f5fe1f5279e1a481ccea2,2.0,226.13121186872712,6862,57,0.35179248032643545,0.4070241911979015,26614874.24740521,3997249.2184959683,-84.98114557544574,36.60254037844386,21.678172272344256,1.5000000000000002,56.780712650788104,0.09362978049332428,1655,17676
30,0xc54abd6d98eac675b9715c740a50a1be6457297b,0x2142d4816e259fd7c119f61c772e39ae0cdaafde,0x5c3e75cb50c77d584aabf3c4f8db602440c63474,0.1,213.5903385668117,3163,38,0.28422383812835916,0.3850774581093898,9995733.097294038,7855893.527718563,-21.407530080557624,2.4404424085075815,12.745131069767526,1.5000000000000002,13.685573478275103,0.26919900908340216,326,1211
30,0xc54abd6d98eac675b9715c740a50a1be6457297b,0x2142d4816e259fd7c119f61c772e39ae0cdaafde,0x5c3e75cb50c77d584aabf3c4f8db602440c63474,0.25,213.5903385668117,3163,38,0.28422383812835916,0.3850774581093898,9995733.097294038,7855893.527718563,-21.407530080557624,5.901699437494723,11.922488679328834,1.5000000000000002,16.324188116823546,0.6168455821635013,747,1211
30,0xc54abd6d98eac675b9715c740a50a1be6457297b,0x2142d4816e259fd7c119f61c772e39ae0cdaafde,0x5c3e75cb50c77d584aabf3c4f8db602440c63474,0.5,213.5903385668117,3163,38,0.28422383812835916,0.3850774581093898,9995733.097294038,7855893.527718563,-21.407530080557624,9.155026256489695,10.889865811603581,1.5000000000000002,18.544892068093265,0.9273327828241124,1123,1211
30,0xc54abd6d98eac675b9715c740a50a1be6457297b,0x2142d4816e259fd7c119f61c772e39ae0cdaafde,0x5c3e75cb50c77d584aabf3c4f8db602440c63474,1.0,213.5903385668117,3163,38,0.28422383812835916,0.3850774581093898,9995733.097294038,7855893.527718563,-21.407530080557624,10.822353706712029,7.433992668594977,1.5000000000000002,16.756346375306986,1.0,1211,1211
30,0xc54abd6d98eac675b9715c740a50a1be6457297b,0x2142d4816e259fd7c119f61c772e39ae0cdaafde,0x5c3e75cb50c77d584aabf3c4f8db602440c63474,2.0,213.5903385668117,3163,38,0.28422383812835916,0.3850774581093898,9995733.097294038,7855893.527718563,-21.407530080557624,11.681044486191738,5.154016672608739,1.5000000000000002,15.335061158800478,1.0,1211,1211
31,0x005995bcbd2dd881d19e0a6373b9d3be8feace75,0x40df1828c5aec639f9c0a0181622d2b650843e35,0x84c2cbe5147653a9f999ca2513cabea6bfd4403a,0.1,192.18646186519908,4452,51,0.21765498652291104,0.4225067385444744,215089550.10513586,263548190.12877953,22.529518519127055,-16.395295071271764,7.0120229377010315,1.5000000000000002,-10.883272133570731,0.4320388349514563,89,206
31,0x005995bcbd2dd881d19e0a6373b9d3be8feace75,0x40df1828c5aec639f9c0a0181622d2b650843e35,0x84c2cbe5147653a9f999ca2513cabea6bfd4403a,0.25,192.18646186519908,4452,51,0.21765498652291104,0.4225067385444744,215089550.10513586,263548190.12877953,22.529518519127055,-13.613082352435645,7.3068986808805265,1.5000000000000002,-7.806183671555134,0.7524271844660194,155,206
31,0x005995bcbd2dd881d19e0a6373b9d3be8feace75,0x40df1828c5aec639f9c0a0181622d2b650843e35,0x84c2cbe5147653a9f999ca2513cabea6bfd4403a,0.5,192.18646186519908,4452,51,0.21765498652291104,0.4225067385444744,215089550.10513586,263548190.12877953,22.529518519127055,-11.736167777545282,5.352787320526833,1.5000000000000002,-7.883380457018463,1.0,206,206
31,0x005995bcbd2dd881d19e0a6373b9d3be8feace75,0x40df1828c5aec639f9c0a0181622d2b650843e35,0x84c2cbe5147653a9f999ca2513cabea6bfd4403a,1.0,192.18646186519908,4452,51,0.21765498652291104,0.4225067385444744,215089550.10513586,263548190.12877953,22.529518519127055,-10.786534296147487,3.367129623566277,1.5000000000000002,-8.919404672581221,1.0,206,206
31,0x005995bcbd2dd881d19e0a6373b9d3be8feace75,0x40df1828c5aec639f9c0a0181622d2b650843e35,0x84c2cbe5147653a9f999ca2513cabea6bfd4403a,2.0,192.18646186519908,4452,51,0.21765498652291104,0.4225067385444744,215089550.10513586,263548190.12877953,22.529518519127055,-10.29746328957778,2.3382448875497226,1.5000000000000002,-9.459218402028057,1.0,206,206
32,0xac870e97fc1fe981f4d887e5f453203745a15ef4,0x92d176ccbeeffecd8089e841d09ea17b6c22d969,0xd70627fd9ee5b70906620a6f2001ba74457b438d,0.1,191.3936709665324,3367,40,0.4267894267894268,0.3287793287793288,16624083.360016976,29468869.239632424,77.26613011643568,-42.21093316516783,4.694775893942373,1.5000000000000002,-39.01615727122545,0.20126353790613719,223,1108
32,0xac870e97fc1fe981f4d887e5f453203745a15ef4,0x92d176ccbeeffecd8089e841d09ea17b6c22d969,0xd70627fd9ee5b70906620a6f2001ba74457b438d,0.25,191.3936709665324,3367,40,0.4267894267894268,0.3287793287793288,16624083.360016976,29468869.239632424,77.26613011643568,-40.25835653549037,4.563255207778181,1.5000000000000002,-37.19510132771219,0.29693140794223827,329,1108
32,0xac870e97fc1fe981f4d887e5f453203745a15ef4,0x92d176ccbeeffecd8089e841d09ea17b6c22d969,0xd70627fd9ee5b70906620a6f2001ba74457b438d,0.5,191.3936709665324,3367,40,0.4267894267894268,0.3287793287793288,16624083.360016976,29468869.239632424,77.26613011643568,-37.24845039686133,4.490729390145212,1.5000000000000002,-34.257721006716125,0.5776173285198556,640,1108
32,0xac870e97fc1fe981f4d887e5f453203745a15ef4,0x92d176ccbeeffecd8089e841d09ea17b6c22d969,0xd70627fd9ee5b70906620a6f2001ba74457b438d,1.0,191.3936709665324,3367,40,0.4267894267894268,0.3287793287793288,16624083.360016976,29468869.239632424,77.26613011643568,-32.3711195464912,5.666802322395619,1.5000000000000002,-28.204317224095586,0.953971119133574,1057,1108
32,0xac870e97fc1fe981f4d887e5f453203745a15ef4,0x92d176ccbeeffecd8089e841d09ea17b6c22d969,0xd70627fd9ee5b70906620a6f2001ba74457b438d,2.0,191.3936709665324,3367,40,0.4267894267894268,0.3287793287793288,16624083.360016976,29468869.239632424,77.26613011643568,-29.123813037793454,4.138249514380971,1.5000000000000002,-26.48556352341249,1.0,1108,1108
33,0x28f26fb95ef30218e0090d0776a5cdf65ba44e73,0xdab0e8ce3b999d16898709a6dfc44c953bfc43b1,0x0d459f23f801c1833b393877d3835f4992d310ac,0.1,186.43017324107018,2566,47,0.2657833203429462,0.39477786438035856,5266217.317748248,6590528.169556913,25.14728830778521,-18.144097412189055,20.659012789944864,1.5000000000000002,1.0149153777558206,0.3065795613625758,657,2143
33,0x28f26fb95ef30218e0090d0776a5cdf65ba44e73,0xdab0e8ce3b999d16898709a6dfc44c953bfc43b1,0x0d459f23f801c1833b393877d3835f4992d310ac,0.25,186.43017324107018,2566,47,0.2657833203429462,0.39477786438035856,5266217.317748248,6590528.169556913,25.14728830778521,-15.37835068623955,19.05116928798439,1.5000000000000002,2.1728186017448303,0.6971535230984601,1494,2143
33,0x28f26fb95ef30218e0090d0776a5cdf65ba44e73,0xdab0e8ce3b999d16898709a6dfc44c953bfc43b1,0x0d459f23f801c1833b393877d3835f4992d310ac,0.5,186.43017324107018,2566,47,0.2657833203429462,0.39477786438035856,5266217.317748248,6590528.169556913,25.14728830778521,-13.11433874560456,16.42738163262831,1.5000000000000002,1.8130428870237525,0.9402706486234251,2015,2143
33,0x28f26fb95ef30218e0090d0776a5cdf65ba44e73,0xdab0e8ce3b999d16898709a6dfc44c953bfc43b1,0x0d459f23f801c1833b393877d3835f4992d310ac,1.0,186.43017324107018,2566,47,0.2657833203429462,0.39477786438035856,5266217.317748248,6590528.169556913,25.14728830778521,-11.968777326674418,11.114205893421264,1.5000000000000002,-2.354571433253161,1.0,2143,2143
33,0x28f26fb95ef30218e0090d0776a5cdf65ba44e73,0xdab0e8ce3b999d16898709a6dfc44c953bfc43b1,0x0d459f23f801c1833b393877d3835f4992d310ac,2.0,186.43017324107018,2566,47,0.2657833203429462,0.39477786438035856,5266217.317748248,6590528.169556913,25.14728830778521,-11.378801417843887,7.704564742943027,1.5000000000000002,-5.174236674900867,1.0,2143,2143
34,0x3cf349c287aebe860769e2934edd31723b428e79,0x9e94c8b5a0caeda5d0471c3a9f5ed4f3519d88c7,0xa6610db5061d97fbaf8221ef8dbb4a07e7be7a6c,0.1,180.51812056178883,3338,35,0.2618334331935291,0.41192330736968247,10495714.77420907,21058009.82343186,100.63435674888316,-48.941724603666216,1.59387631999085,1.5000000000000002,-48.847848283675354,0.08079552517091361,130,1609
34,0x3cf349c287aebe860769e2934edd31723b428e79,0x9e94c8b5a0caeda5d0471c3a9f5ed4f3519d88c7,0xa6610db5061d97fbaf8221ef8dbb4a07e7be7a6c,0.25,180.51812056178883,3338,35,0.2618334331935291,0.41192330736968247,10495714.77420907,21058009.82343186,100.63435674888316,-47.216567913120265,2.3207237050373037,1.5000000000000002,-46.39584420808296,0.21193287756370416,341,1609
34,0x3cf349c287aebe860769e2934edd31723b428e79,0x9e94c8b5a0caeda5d0471c3a9f5ed4f3519d88c7,0xa6610db5061d97fbaf8221ef8dbb4a07e7be7a6c,0.5,180.51812056178883,3338,35,0.2618334331935291,0.41192330736968247,10495714.77420907,21058009.82343186,100.63435674888316,-44.55723068965421,3.1559824304047974,1.5000000000000002,-42.90124825924943,0.5612181479179614,903,1609
34,0x3cf349c287aebe860769e2934edd31723b428e79,0x9e94c8b5a0caeda5d0471c3a9f5ed4f3519d88c7,0xa6610db5061d97fbaf8221ef8dbb4a07e7be7a6c,1.0,180.51812056178883,3338,35,0.2618334331935291,0.41192330736968247,10495714.77420907,21058009.82343186,100.63435674888316,-39.835489756254475,3.2120428499960036,1.5000000000000002,-38.12344690625847,0.9509011808576756,1530,1609
34,0x3cf349c287aebe860769e2934edd31723b428e79,0x9e94c8b5a0caeda5d0471c3a9f5ed4f3519d88c7,0xa6610db5061d97fbaf8221ef8dbb4a07e7be7a6c,2.0,180.51812056178883,3338,35,0.2618334331935291,0.41192330736968247,10495714.77420907,21058009.82343186,100.63435674888316,-35.30536396359153,2.291855571912827,1.5000000000000002,-34.513508391678705,1.0,1609,1609
35,0x03cc14c8bc55a487da89847a432e4220f46dfc63,0x14623dd0784cb5c484f8935c7c218d110332b538,0x53531b0f6a7c888cd45a20e6dbf2ecbb6952c549,0.1,175.78966798797248,6078,33,0.4615004935834156,0.2945047713063508,28006053.25745845,57768132.42964243,106.27016559092586,-50.33676241300593,10.343109048437201,1.5000000000000002,-41.493653364568736,0.17852834740651388,444,2487
35,0x03cc14c8bc55a487da89847a432e4220f46dfc63,0x14623dd0784cb5c484f8935c7c218d110332b538,0x53531b0f6a7c888cd45a20e6dbf2ecbb6952c549,0.25,175.78966798797248,6078,33,0.4615004935834156,0.2945047713063508,28006053.25745845,57768132.42964243,106.27016559092586,-48.65874125125852,10.950512993634048,1.5000000000000002,-39.20822825762448,0.38761560112585447,964,2487
35,0x03cc14c8bc55a487da89847a432e4220f46dfc63,0x14623dd0784cb5c484f8935c7c218d110332b538,0x53531b0f6a7c888cd45a20e6dbf2ecbb6952c549,0.5,175.78966798797248,6078,33,0.4615004935834156,0.2945047713063508,28006053.25745845,57768132.42964243,106.27016559092586,-46.07206366906947,10.469861875827343,1.5000000000000002,-37.10220179324213,0.6413349416968235,1595,2487
35,0x03cc14c8bc55a487da89847a432e4220f46dfc63,0x14623dd0784cb5c484f8935c7c218d110332b538,0x53531b0f6a7c888cd45a20e6dbf2ecbb6952c549,1.0,175.78966798797248,6078,33,0.4615004935834156,0.2945047713063508,28006053.25745845,57768132.42964243,106.27016559092586,-41.47933232474944,9.219774254478423,1.5000000000000002,-33.75955807027103,0.914756735022115,2275,2487
35,0x03cc14c8bc55a487da89847a432e4220f46dfc63,0x14623dd0784cb5c484f8935c7c218d110332b538,0x53531b0f6a7c888cd45a20e6dbf2ecbb6952c549,2.0,175.78966798797248,6078,33,0.4615004935834156,0.2945047713063508,28006053.25745845,57768132.42964243,106.27016559092586,-36.6729909364875,6.933301862401099,1.5000000000000002,-31.239689074086396,1.0,2487,2487
36,0x77587b9a8773137c4cc0f27f5b2858fa07c1068f,0x06c60f07e985799eb7ad014472f502dac80692b5,0x8b9605595f463afed891ec5cb791ba57bfc55444,0.1,171.59544703876944,2538,61,0.18518518518518517,0.44680851063829785,1.5153799651835862e-08,1.02366612029141e-08,-32.44822131673133,-30.79965906204365,2.5239472315138882,1.5000000000000002,-29.77571183052976,0.23529411764705882,56,238
36,0x77587b9a8773137c4cc0f27f5b2858fa07c1068f,0x06c60f07e985799eb7ad014472f502dac80692b5,0x8b9605595f463afed891ec5cb791ba57bfc55444,0.25,171.59544703876944,2538,61,0.18518518518518517,0.44680851063829785,1.5153799651835862e-08,1.02366612029141e-08,-32.44822131673133,-28.461518374163177,2.0362079780139912,1.5000000000000002,-27.925310396149182,0.42016806722689076,100,238
36,0x77587b9a8773137c4cc0f27f5b2858fa07c1068f,0x06c60f07e985799eb7ad014472f502dac80692b5,0x8b9605595f463afed891ec5cb791ba57bfc55444,0.5,171.59544703876944,2538,61,0.18518518518518517,0.44680851063829785,1.5153799651835862e-08,1.02366612029141e-08,-32.44822131673133,-24.86700277163194,1.8870452279793528,1.5000000000000002,-24.479957543652585,0.5630252100840336,134,238
36,0x77587b9a8773137c4cc0f27f5b2858fa07c1068f,0x06c60f07e985799eb7ad014472f502dac80692b5,0x8b9605595f463afed891ec5cb791ba57bfc55444,1.0,171.59544703876944,2538,61,0.18518518518518517,0.44680851063829785,1.5153799651835862e-08,1.02366612029141e-08,-32.44822131673133,-21.639054233646238,2.2586365596288993,1.5000000000000002,-20.880417674017348,1.0,238,238
36,0x77587b9a8773137c4cc0f27f5b2858fa07c1068f,0x06c60f07e985799eb7ad014472f502dac80692b5,0x8b9605595f463afed891ec5cb791ba57bfc55444,2.0,171.59544703876944,2538,61,0.18518518518518517,0.44680851063829785,1.5153799651835862e-08,1.02366612029141e-08,-32.44822131673133,-19.97662754845383,1.5670240284480041,1.5000000000000002,-19.909603520005838,1.0,238,238
37,0x9741849c512804e2d69367bb18e55b13d20df4e2,0xca70d457418b90493e5735de6ec4410c3945498e,0x82ace7f0c25def7717f5126fdd5cc68c1b650f59,0.1,163.11058247988427,4068,43,0.34365781710914456,0.47369714847590955,73335782.84146437,45978729.90677514,-37.30382614695623,2.4404424085075593,4.954772570591353,1.5000000000000002,5.895214979098906,0.024196855775803144,177,7315
37,0x9741849c512804e2d69367bb18e55b13d20df4e2,0xca70d457418b90493e5735de6ec4410c3945498e,0x82ace7f0c25def7717f5126fdd5cc68c1b650f59,0.25,163.11058247988427,4068,43,0.34365781710914456,0.47369714847590955,73335782.84146437,45978729.90677514,-37.30382614695623,5.901699437494745,6.167405004894922,1.5000000000000002,10.569104442389655,0.10362269309637731,758,7315
37,0x9741849c512804e2d69367bb18e55b13d20df4e2,0xca70d457418b90493e5735de6ec4410c3945498e,0x82ace7f0c25def7717f5126fdd5cc68c1b650f59,0.5,163.11058247988427,4068,43,0.34365781710914456,0.47369714847590955,73335782.84146437,45978729.90677514,-37.30382614695623,11.237243569579448,6.560983865071844,1.5000000000000002,16.298227434651302,0.26165413533834586,1914,7315
37,0x9741849c512804e2d69367bb18e55b13d20df4e2,0xca70d457418b90493e5735de6ec4410c3945498e,0x82ace7f0c25def7717f5126fdd5cc68c1b650f59,1.0,163.11058247988427,4068,43,0.34365781710914456,0.47369714847590955,73335782.84146437,45978729.90677514,-37.30382614695623,17.948028455995036,8.69889786131288,1.5000000000000002,25.146926317307905,0.5272727272727272,3857,7315
37,0x9741849c512804e2d69367bb18e55b13d20df4e2,0xca70d457418b90493e5735de6ec4410c3945498e,0x82ace7f0c25def7717f5126fdd5cc68c1b650f59,2.0,163.11058247988427,4068,43,0.34365781710914456,0.47369714847590955,73335782.84146437,45978729.90677514,-37.30382614695623,21.571221464990685,13.065320249449503,1.5000000000000002,33.136541714440185,0.7186602870813397,5257,7315
38,0x987ba10c8b7771d9b7019bd49fd30838a51137df,0x8620aadd8b94d15aafd57de4c619686fef9e6575,0xad79df9e6073ff460cef818f64d8cec9c9639699,0.1,153.86107636366262,2863,34,0.45686342996856444,0.48340901152637095,221577118.3739879,292866632.95616794,32.173680705538544,-22.49558167580412,6.82445680257679,1.5000000000000002,-17.17112487322734,0.5469613259668509,99,181
38,0x987ba10c8b7771d9b7019bd49fd30838a51137df,0x8620aadd8b94d15aafd57de4c619686fef9e6575,0xad79df9e6073ff460cef818f64d8cec9c9639699,0.25,153.86107636366262,2863,34,0.45686342996856444,0.48340901152637095,221577118.3739879,292866632.95616794,32.173680705538544,-19.87686287300533,4.839828914032288,1.5000000000000002,-16.53703395897306,0.7458563535911602,135,181
38,0x987ba10c8b7771d9b7019bd49fd30838a51137df,0x8620aadd8b94d15aafd57de4c619686fef9e6575,0xad79df9e6073ff460cef818f64d8cec9c9639699,0.5,153.86107636366262,2863,34,0.45686342996856444,0.48340901152637095,221577118.3739879,292866632.95616794,32.173680705538544,-16.788832919219487,3.4585152093139047,1.5000000000000002,-14.830317709905582,0.9668508287292817,175,181
38,0x987ba10c8b7771d9b7019bd49fd30838a51137df,0x8620aadd8b94d15aafd57de4c619686fef9e6575,0xad79df9e6073ff460cef818f64d8cec9c9639699,1.0,153.86107636366262,2863,34,0.45686342996856444,0.48340901152637095,221577118.3739879,292866632.95616794,32.173680705538544,-15.064158865619481,2.200537944897814,1.5000000000000002,-14.363620920721676,1.0,181,181
38,0x987ba10c8b7771d9b7019bd49fd30838a51137df,0x8620aadd8b94d15aafd57de4c619686fef9e6575,0xad79df9e6073ff460cef818f64d8cec9c9639699,2.0,153.86107636366262,2863,34,0.45686342996856444,0.48340901152637095,221577118.3739879,292866632.95616794,32.173680705538544,-14.175933995791546,1.5281721126166916,1.5000000000000002,-14.147761883174859,1.0,181,181
39,0xdbfa07aa4f4cd4abc5fa2dfe4351708b056fc48f,0xffdcb5d76ce69eeac13e459f0994523bea86fb3b,0xb6831ad732e80c95cb19d62f46e3b64aefcdfec4,0.1,152.01179433143832,4287,25,0.3806857942617215,0.4742243993468626,475149730.7195673,487767103.3960739,2.6554519261536402,-1.4754737555659259,0.12999595296967878,1.5000000000000002,-2.8454778025962524,1.0,11,11
39,0xdbfa07aa4f4cd4abc5fa2dfe4351708b056fc48f,0xffdcb5d76ce69eeac13e459f0994523bea86fb3b,0xb6831ad732e80c95cb19d62f46e3b64aefcdfec4,0.25,152.01179433143832,4287,25,0.3806857942617215,0.4742243993468626,475149730.7195673,487767103.3960739,2.6554519261536402,-1.373648987119025,0.05928596207980823,1.5000000000000002,-2.8143630250392238,1.0,11,11
39,0xdbfa07aa4f4cd4abc5fa2dfe4351708b056fc48f,0xffdcb5d76ce69eeac13e459f0994523bea86fb3b,0xb6831ad732e80c95cb19d62f46e3b64aefcdfec4,0.5,152.01179433143832,4287,25,0.3806857942617215,0.4742243993468626,475149730.7195673,487767103.3960739,2.6554519261536402,-1.33956055191653,0.03450797564429784,1.5000000000000002,-2.805052576272238,1.0,11,11
39,0xdbfa07aa4f4cd4abc5fa2dfe4351708b056fc48f,0xffdcb5d76ce69eeac13e459f0994523bea86fb3b,0xb6831ad732e80c95cb19d62f46e3b64aefcdfec4,1.0,152.01179433143832,4287,25,0.3806857942617215,0.4742243993468626,475149730.7195673,487767103.3960739,2.6554519261536402,-1.322313352800586,0.021748881958883144,1.5000000000000002,-2.8005644708417043,1.0,11,11
39,0xdbfa07aa4f4cd4abc5fa2dfe4351708b056fc48f,0xffdcb5d76ce69eeac13e459f0994523bea86fb3b,0xb6831ad732e80c95cb19d62f46e3b64aefcdfec4,2.0,152.01179433143832,4287,25,0.3806857942617215,0.4742243993468626,475149730.7195673,487767103.3960739,2.6554519261536402,-1.313430867928933,0.01511825765158223,1.5000000000000002,-2.7983126102773537,1.0,11,11
40,0x350ec97e26f050e70566791260b4799b931ae824,0xff1450b11baaef153c022048a0fbcad3f6ab2884,0x3cb374bfc414ffa8a257fca88b1aa6430cb6c098,0.1,148.32570920853922,3138,31,0.24410452517527087,0.4598470363288719,95414886.1579092,186406728.26972526,95.3644088211004,-47.56442945433598,1.3498019288168426,1.5000000000000002,-47.71462752551913,0.0915032679738562,28,306
40,0x350ec97e26f050e70566791260b4799b931ae824,0xff1450b11baaef153c022048a0fbcad3f6ab2884,0x3cb374bfc414ffa8a257fca88b1aa6430cb6c098,0.25,148.32570920853922,3138,31,0.24410452517527087,0.4598470363288719,95414886.1579092,186406728.26972526,95.3644088211004,-45.79273672387721,0.9644935221861717,1.5000000000000002,-46.32824320169103,0.13071895424836602,40,306
40,0x350ec97e26f050e70566791260b4799b931ae824,0xff1450b11baaef153c022048a0fbcad3f6ab2884,0x3cb374bfc414ffa8a257fca88b1aa6430cb6c098,0.5,148.32570920853922,3138,31,0.24410452517527087,0.4598470363288719,95414886.1579092,186406728.26972526,95.3644088211004,-43.06166397409575,2.1786204212541493,1.5000000000000002,-42.383043552841606,0.42810457516339867,131,306
40,0x350ec97e26f050e70566791260b4799b931ae824,0xff1450b11baaef153c022048a0fbcad3f6ab2884,0x3cb374bfc414ffa8a257fca88b1aa6430cb6c098,1.0,148.32570920853922,3138,31,0.24410452517527087,0.4598470363288719,95414886.1579092,186406728.26972526,95.3644088211004,-38.229346071585915,2.578759038364511,1.5000000000000002,-37.150587033221406,0.7875816993464052,241,306
40,0x350ec97e26f050e70566791260b4799b931ae824,0xff1450b11baaef153c022048a0fbcad3f6ab2884,0x3cb374bfc414ffa8a257fca88b1aa6430cb6c098,2.0,148.32570920853922,3138,31,0.24410452517527087,0.4598470363288719,95414886.1579092,186406728.26972526,95.3644088211004,-33.9857254637309,2.296610854115822,1.5000000000000002,-33.189114609615075,1.0,306,306
41,0x1706909109ab2c8564af814d7f1b1ba03df63758,0x4a76d884bb9cbbf2138fbe47e99584eb5168dde2,0x99882bdb84e97b92e90153b14478aa9256775462,0.1,141.14155689724615,2810,27,0.35871886120996443,0.3725978647686833,17911917.818505447,30424457.11380734,69.85594408196054,-39.6898101139887,2.8596114696817634,1.5000000000000002,-38.330198644306925,0.1411764705882353,108,765
41,0x1706909109ab2c8564af814d7f1b1ba03df63758,0x4a76d884bb9cbbf2138fbe47e99584eb5168dde2,0x99882bdb84e97b92e90153b14478aa9256775462,0.25,141.14155689724615,2810,27,0.35871886120996443,0.3725978647686833,17911917.818505447,30424457.11380734,69.85594408196054,-37.65204979438693,2.5669417262410748,1.5000000000000002,-36.58510806814586,0.2601307189542484,199,765
41,0x1706909109ab2c8564af814d7f1b1ba03df63758,0x4a76d884bb9cbbf2138fbe47e99584eb5168dde2,0x99882bdb84e97b92e90153b14478aa9256775462,0.5,141.14155689724615,2810,27,0.35871886120996443,0.3725978647686833,17911917.818505447,30424457.11380734,69.85594408196054,-34.51083259358637,3.241992990023676,1.5000000000000002,-32.7688396035627,0.6588235294117647,504,765
41,0x1706909109ab2c8564af814d7f1b1ba03df63758,0x4a76d884bb9cbbf2138fbe47e99584eb5168dde2,0x99882bdb84e97b92e90153b14478aa9256775462,1.0,141.14155689724615,2810,27,0.35871886120996443,0.3725978647686833,17911917.818505447,30424457.11380734,69.85594408196054,-29.807935280869856,3.415110513946501,1.5000000000000002,-27.89282476692336,0.9607843137254902,735,765
41,0x1706909109ab2c8564af814d7f1b1ba03df63758,0x4a76d884bb9cbbf2138fbe47e99584eb5168dde2,0x99882bdb84e97b92e90153b14478aa9256775462,2.0,141.14155689724615,2810,27,0.35871886120996443,0.3725978647686833,17911917.818505447,30424457.11380734,69.85594408196054,-26.96976288721411,2.462076991482277,1.5000000000000002,-26.007685895731836,1.0,765,765
42,0x44df6d0b164159acf7a3a55620e2423f1000348f,0x1c5eb4f52d1c68e0a7b680e29fc625447d76aa04,0x400bbdaa30d4ae46dcf9bf123e8256fdb4dc36ba,0.1,130.35413234281805,2221,29,0.25619090499774877,0.4570013507429086,195463642.55356714,277178372.5827751,41.80559052398398,-27.759940895150002,0.4916658185717745,1.5000000000000002,-28.76827507657822,0.34782608695652173,8,23
42,0x44df6d0b164159acf7a3a55620e2423f1000348f,0x1c5eb4f52d1c68e0a7b680e29fc625447d76aa04,0x400bbdaa30d4ae46dcf9bf123e8256fdb4dc36ba,0.25,130.35413234281805,2221,29,0.25619090499774877,0.4570013507429086,195463642.55356714,277178372.5827751,41.80559052398398,-25.31909422881089,0.40265667066409105,1.5000000000000002,-26.4164375581468,0.4782608695652174,11,23
42,0x44df6d0b164159acf7a3a55620e2423f1000348f,0x1c5eb4f52d1c68e0a7b680e29fc625447d76aa04,0x400bbdaa30d4ae46dcf9bf123e8256fdb4dc36ba,0.5,130.35413234281805,2221,29,0.25619090499774877,0.4570013507429086,195463642.55356714,277178372.5827751,41.80559052398398,-21.73706199694696,0.5516819799907712,1.5000000000000002,-22.68538001695619,1.0,23,23
42,0x44df6d0b164159acf7a3a55620e2423f1000348f,0x1c5eb4f52d1c68e0a7b680e29fc625447d76aa04,0x400bbdaa30d4ae46dcf9bf123e8256fdb4dc36ba,1.0,130.35413234281805,2221,29,0.25619090499774877,0.4570013507429086,195463642.55356714,277178372.5827751,41.80559052398398,-19.123969832286658,0.3469667118173648,1.5000000000000002,-20.277003120469306,1.0,23,23
42,0x44df6d0b164159acf7a3a55620e2423f1000348f,0x1c5eb4f52d1c68e0a7b680e29fc625447d76aa04,0x400bbdaa30d4ae46dcf9bf123e8256fdb4dc36ba,2.0,130.35413234281805,2221,29,0.25619090499774877,0.4570013507429086,195463642.55356714,277178372.5827751,41.80559052398398,-17.77820050099823,0.2409217939791233,1.5000000000000002,-19.037278707019112,1.0,23,23
43,0xe87bc675ad3d597c82858301cfcdae1dc613c75a,0xc9e7c34fa156a235e8b8601171a543bc9c84a1b9,0x8f119ad8916acef965d6c41fa2414a5db36535a4,0.1,129.2474516336276,3520,35,0.253125,0.4630681818181818,73083476.83320424,135542169.45054385,85.46212539927023,-44.764764132854765,3.529372776778489,1.5000000000000002,-42.73539135607627,0.1276595744680851,378,2961
43,0xe87bc675ad3d597c82858301cfcdae1dc613c75a,0xc9e7c34fa156a235e8b8601171a543bc9c84a1b9,0x8f119ad8916acef965d6c41fa2414a5db36535a4,0.25,129.2474516336276,3520,35,0.253125,0.4630681818181818,73083476.83320424,135542169.45054385,85.46212539927023,-42.89847632798052,2.605481794900069,1.5000000000000002,-41.79299453308045,0.22897669706180346,678,2961
43,0xe87bc675ad3d597c82858301cfcdae1dc613c75a,0xc9e7c34fa156a235e8b8601171a543bc9c84a1b9,0x8f119ad8916acef965d6c41fa2414a5db36535a4,0.5,129.2474516336276,3520,35,0.253125,0.4630681818181818,73083476.83320424,135542169.45054385,85.46212539927023,-40.02158482218216,2.6147320016234996,1.5000000000000002,-38.906852820558655,0.5538669368456602,1640,2961
43,0xe87bc675ad3d597c82858301cfcdae1dc613c75a,0xc9e7c34fa156a235e8b8601171a543bc9c84a1b9,0x8f119ad8916acef965d6c41fa2414a5db36535a4,1.0,129.2474516336276,3520,35,0.253125,0.4630681818181818,73083476.83320424,135542169.45054385,85.46212539927023,-35.09206780816988,2.203099536085476,1.5000000000000002,-34.388968272084405,1.0,2961,2961
43,0xe87bc675ad3d597c82858301cfcdae1dc613c75a,0xc9e7c34fa156a235e8b8601171a543bc9c84a1b9,0x8f119ad8916acef965d6c41fa2414a5db36535a4,2.0,129.2474516336276,3520,35,0.253125,0.4630681818181818,73083476.83320424,135542169.45054385,85.46212539927023,-31.39209367385326,1.528584851924252,1.5000000000000002,-31.36350882192902,1.0,2961,2961
44,0xde815caaefb2e6b18ae247c1edb07f0137df48bb,0xab26d5b48bd07f1248a66fd817036f785078b51d,0xb2b0f3391d0548c9c15ae79ce508eb1252439636,0.1,125.7022304341568,2196,40,0.3820582877959927,0.40846994535519127,143241404.46449634,234294719.52426404,63.56633781982784,-37.37070611598082,0.9090139165069733,1.5000000000000002,-37.96169219947385,0.2621359223300971,27,103
44,0xde815caaefb2e6b18ae247c1edb07f0137df48bb,0xab26d5b48bd07f1248a66fd817036f785078b51d,0xb2b0f3391d0548c9c15ae79ce508eb1252439636,0.25,125.7022304341568,2196,40,0.3820582877959927,0.40846994535519127,143241404.46449634,234294719.52426404,63.56633781982784,-35.25458792496292,0.46104456975126484,1.5000000000000002,-36.29354335521165,0.3106796116504854,32,103
44,0xde815caaefb2e6b18ae247c1edb07f0137df48bb,0xab26d5b48bd07f1248a66fd817036f785078b51d,0xb2b0f3391d0548c9c15ae79ce508eb1252439636,0.5,125.7022304341568,2196,40,0.3820582877959927,0.40846994535519127,143241404.46449634,234294719.52426404,63.56633781982784,-31.992581693606247,1.1877536238436122,1.5000000000000002,-32.304828069762635,0.7669902912621359,79,103
44,0xde815caaefb2e6b18ae247c1edb07f0137df48bb,0xab26d5b48bd07f1248a66fd817036f785078b51d,0xb2b0f3391d0548c9c15ae79ce508eb1252439636,1.0,125.7022304341568,2196,40,0.3820582877959927,0.40846994535519127,143241404.46449634,234294719.52426404,63.56633781982784,-27.551417759379436,0.906410160589733,1.5000000000000002,-28.145007598789697,1.0,103,103
44,0xde815caaefb2e6b18ae247c1edb07f0137df48bb,0xab26d5b48bd07f1248a66fd817036f785078b51d,0xb2b0f3391d0548c9c15ae79ce508eb1252439636,2.0,125.7022304341568,2196,40,0.3820582877959927,0.40846994535519127,143241404.46449634,234294719.52426404,63.56633781982784,-25.05850246558351,0.6292006254295496,1.5000000000000002,-25.92930184015395,1.0,103,103
45,0x2c2d3fa6ea3c4788099cca64d43b94f562e21609,0x22ed8967244eb61d98b092be74db537b6a9350e6,0x3a8e5ba5aa9c2464c75621c2bffb9cf912db995d,0.1,124.46350771599978,2720,29,0.39448529411764705,0.4647058823529412,376014817.92961985,443579323.6204718,17.968575297875166,-13.162940088204378,1.0355130039185743,1.5000000000000002,-13.627427084285815,0.4666666666666667,14,30
45,0x2c2d3fa6ea3c4788099cca64d43b94f562e21609,0x22ed8967244eb61d98b092be74db537b6a9350e6,0x3a8e5ba5aa9c2464c75621c2bffb9cf912db995d,0.25,124.46350771599978,2720,29,0.39448529411764705,0.4647058823529412,376014817.92961985,443579323.6204718,17.968575297875166,-10.594311556021175,0.7861039521452364,1.5000000000000002,-11.308207603875942,1.0,30,30
45,0x2c2d3fa6ea3c4788099cca64d43b94f562e21609,0x22ed8967244eb61d98b092be74db537b6a9350e6,0x3a8e5ba5aa9c2464c75621c2bffb9cf912db995d,0.5,124.46350771599978,2720,29,0.39448529411764705,0.4647058823529412,376014817.92961985,443579323.6204718,17.968575297875166,-9.329404412723951,0.45698261253096567,1.5000000000000002,-10.37242180019301,1.0,30,30
45,0x2c2d3fa6ea3c4788099cca64d43b94f562e21609,0x22ed8967244eb61d98b092be74db537b6a9350e6,0x3a8e5ba5aa9c2464c75621c2bffb9cf912db995d,1.0,124.46350771599978,2720,29,0.39448529411764705,0.4647058823529412,376014817.92961985,443579323.6204718,17.968575297875166,-8.68941887997564,0.2878294697541868,1.5000000000000002,-9.901589410221467,1.0,30,30
45,0x2c2d3fa6ea3c4788099cca64d43b94f562e21609,0x22ed8967244eb61d98b092be74db537b6a9350e6,0x3a8e5ba5aa9c2464c75621c2bffb9cf912db995d,2.0,124.46350771599978,2720,29,0.39448529411764705,0.4647058823529412,376014817.92961985,443579323.6204718,17.968575297875166,-8.359819750603581,0.20001089511832035,1.5000000000000002,-9.659808855485263,1.0,30,30
46,0x959242fe99428d2b5db1a28412e323b373299df9,0x6560a864e6ac8e5f325c7cd5fb57640cdb2719bf,0xcc9f449645f4e928f6082edff45552e75d2b4d42,0.1,123.40842431250645,2827,33,0.26353024407499115,0.4648036788114609,444738753.9676364,451550884.4939723,1.531715072177331,-0.8159000925791471,1.6918382781096797,1.5000000000000002,-0.6240618144694898,1.0,24,24
46,0x959242fe99428d2b5db1a28412e323b373299df9,0x6560a864e6ac8e5f325c7cd5fb57640cdb2719bf,0xcc9f449645f4e928f6082edff45552e75d2b4d42,0.25,123.40842431250645,2827,33,0.26353024407499115,0.4648036788114609,444738753.9676364,451550884.4939723,1.531715072177331,-0.7814559535917143,0.770762652120271,1.5000000000000002,-1.5106933014714552,1.0,24,24
46,0x959242fe99428d2b5db1a28412e323b373299df9,0x6560a864e6ac8e5f325c7cd5fb57640cdb2719bf,0xcc9f449645f4e928f6082edff45552e75d2b4d42,0.5,123.40842431250645,2827,33,0.26353024407499115,0.4648036788114609,444738753.9676364,451550884.4939723,1.531715072177331,-0.7699249006083542,0.4484635168333098,1.5000000000000002,-1.821461383775047,1.0,24,24
46,0x959242fe99428d2b5db1a28412e323b373299df9,0x6560a864e6ac8e5f325c7cd5fb57640cdb2719bf,0xcc9f449645f4e928f6082edff45552e75d2b4d42,1.0,123.40842431250645,2827,33,0.26353024407499115,0.4648036788114609,444738753.9676364,451550884.4939723,1.531715072177331,-0.7640907118097506,0.2825931369115921,1.5000000000000002,-1.9814975748981722,1.0,24,24
46,0x959242fe99428d2b5db1a28412e323b373299df9,0x6560a864e6ac8e5f325c7cd5fb57640cdb2719bf,0xcc9f449645f4e928f6082edff45552e75d2b4d42,2.0,123.40842431250645,2827,33,0.26353024407499115,0.4648036788114609,444738753.9676364,451550884.4939723,1.531715072177331,-0.7610860445943057,0.19641891590188287,1.5000000000000002,-2.0646671286924323,1.0,24,24
47,0x315f42c5db3985b50fe3a7ab03c72afa59e7083e,0x4f2ced81f60e5269d965c0adc664cdc88170f09e,0xf2b6ec02180656f5bc41dcbaf67fa08caea7bb17,0.1,111.34375724063256,2088,28,0.2289272030651341,0.4746168582375479,30394891.130878303,214643628.40316668,606.1832446740013,-85.49378745798512,0.05060175974478569,1.5000000000000002,-86.94318569824033,0.013123359580052493,5,381
47,0x315f42c5db3985b50fe3a7ab03c72afa59e7083e,0x4f2ced81f60e5269d965c0adc664cdc88170f09e,0xf2b6ec02180656f5bc41dcbaf67fa08caea7bb17,0.25,111.34375724063256,2088,28,0.2289272030651341,0.4746168582375479,30394891.130878303,214643628.40316668,606.1832446740013,-85.00365163911773,0.19742188506737188,1.5000000000000002,-86.30622975405036,0.023622047244094488,9,381
47,0x315f42c5db3985b50fe3a7ab03c72afa59e7083e,0x4f2ced81f60e5269d965c0adc664cdc88170f09e,0xf2b6ec02180656f5bc41dcbaf67fa08caea7bb17,0.5,111.34375724063256,2088,28,0.2289272030651341,0.4746168582375479,30394891.130878303,214643628.40316668,606.1832446740013,-84.24810494888895,0.23572412971614357,1.5000000000000002,-85.5123808191728,0.10236220472440945,39,381
47,0x315f42c5db3985b50fe3a7ab03c72afa59e7083e,0x4f2ced81f60e5269d965c0adc664cdc88170f09e,0xf2b6ec02180656f5bc41dcbaf67fa08caea7bb17,1.0,111.34375724063256,2088,28,0.2289272030651341,0.4746168582375479,30394891.130878303,214643628.40316668,606.1832446740013,-82.90660688581207,0.24383902961817877,1.5000000000000002,-84.16276785619388,0.14698162729658792,56,381
47,0x315f42c5db3985b50fe3a7ab03c72afa59e7083e,0x4f2ced81f60e5269d965c0adc664cdc88170f09e,0xf2b6ec02180656f5bc41dcbaf67fa08caea7bb17,2.0,111.34375724063256,2088,28,0.2289272030651341,0.4746168582375479,30394891.130878303,214643628.40316668,606.1832446740013,-80.65621899008602,0.5275339950736792,1.5000000000000002,-81.62868499501235,0.3543307086614173,135,381
48,0x36efbc5900a6267ac194c1e37f9014ad2afd7377,0xd8e41a04461d3eca45c35733eb595f1a8349744b,0xd2f8a89c3e51e985929c681b9931d846f420d50c,0.1,106.86153435773439,2560,35,0.28359375,0.465234375,223631899.08007842,261607452.57228303,16.98127755853214,-12.430053298699006,0.7987151369178429,1.5000000000000002,-13.13133816178117,0.6666666666666666,12,18
48,0x36efbc5900a6267ac194c1e37f9014ad2afd7377,0xd8e41a04461d3eca45c35733eb595f1a8349744b,0xd2f8a89c3e51e985929c681b9931d846f420d50c,0.25,106.86153435773439,2560,35,0.28359375,0.465234375,223631899.08007842,261607452.57228303,16.98127755853214,-9.952483498975727,0.6949414977009527,1.5000000000000002,-10.757542001274789,0.8888888888888888,16,18
48,0x36efbc5900a6267ac194c1e37f9014ad2afd7377,0xd8e41a04461d3eca45c35733eb595f1a8349744b,0xd2f8a89c3e51e985929c681b9931d846f420d50c,0.5,106.86153435773439,2560,35,0.28359375,0.465234375,223631899.08007842,261607452.57228303,16.98127755853214,-8.808234668491666,0.5736198152113956,1.5000000000000002,-9.734614853280277,1.0,18,18
48,0x36efbc5900a6267ac194c1e37f9014ad2afd7377,0xd8e41a04461d3eca45c35733eb595f1a8349744b,0xd2f8a89c3e51e985929c681b9931d846f420d50c,1.0,106.86153435773439,2560,35,0.28359375,0.465234375,223631899.08007842,261607452.57228303,16.98127755853214,-8.229296758895288,0.36085938204752566,1.5000000000000002,-9.36843737684776,1.0,18,18
48,0x36efbc5900a6267ac194c1e37f9014ad2afd7377,0xd8e41a04461d3eca45c35733eb595f1a8349744b,0xd2f8a89c3e51e985929c681b9931d846f420d50c,2.0,106.86153435773439,2560,35,0.28359375,0.465234375,223631899.08007842,261607452.57228303,16.98127755853214,-7.931137783107156,0.2506027206872494,1.5000000000000002,-9.180535062419914,1.0,18,18
49,0x4fd285b734a454c82386296022fc7ca41b263ee7,0x6f9b7975430055973734c27d2ddfba2a2a7b13ef,0x39649bf273d8d36539ab125f9f2cede3cd55a4a3,0.1,100.51157480259916,3025,32,0.21223140495867768,0.42446280991735535,38462581.29562035,260883677.7311281,578.2791714523704,-84.89700897210861,1.1974863498251043,1.5000000000000002,-85.1995226222835,0.08379373848987108,91,1086
49,0x4fd285b734a454c82386296022fc7ca41b263ee7,0x6f9b7975430055973734c27d2ddfba2a2a7b13ef,0x39649bf273d8d36539ab125f9f2cede3cd55a4a3,0.25,100.51157480259916,3025,32,0.21223140495867768,0.42446280991735535,38462581.29562035,260883677.7311281,578.2791714523704,-84.38670920548364,2.039716475857399,1.5000000000000002,-83.84699272962625,0.1685082872928177,183,1086
49,0x4fd285b734a454c82386296022fc7ca41b263ee7,0x6f9b7975430055973734c27d2ddfba2a2a7b13ef,0x39649bf273d8d36539ab125f9f2cede3cd55a4a3,0.5,100.51157480259916,3025,32,0.21223140495867768,0.42446280991735535,38462581.29562035,260883677.7311281,578.2791714523704,-83.60007969411889,2.05657607649006,1.5000000000000002,-83.04350361762883,0.27348066298342544,297,1086
49,0x4fd285b734a454c82386296022fc7ca41b263ee7,0x6f9b7975430055973734c27d2ddfba2a2a7b13ef,0x39649bf273d8d36539ab125f9f2cede3cd55a4a3,1.0,100.51157480259916,3025,32,0.21223140495867768,0.42446280991735535,38462581.29562035,260883677.7311281,578.2791714523704,-82.20339305714164,2.466651290673315,1.5000000000000002,-81.23674176646833,0.4990791896869245,542,1086
49,0x4fd285b734a454c82386296022fc7ca41b263ee7,0x6f9b7975430055973734c27d2ddfba2a2a7b13ef,0x39649bf273d8d36539ab125f9f2cede3cd55a4a3,2.0,100.51157480259916,3025,32,0.21223140495867768,0.42446280991735535,38462581.29562035,260883677.7311281,578.2791714523704,-79.86042530453315,2.643110518837394,1.5000000000000002,-78.71731478569575,0.7955801104972375,864,1086
50,0xdb3f3294e59cab63653f971ddc31d23c2ced2ab6,0x4f0ee38e4632901b81c240e9b362701f682ba55e,0x19281ae1714e7b660421400ce9ce45f38ac95be0,0.1,97.72967587904537,1591,30,0.2595851665619108,0.4864864864864865,101899361.86897436,152047642.5771686,49.213537541752814,-31.346415280957483,0.9381773750032076,1.5000000000000002,-31.908237905954273,0.056,7,125
50,0xdb3f3294e59cab63653f971ddc31d23c2ced2ab6,0x4f0ee38e4632901b81c240e9b362701f682ba55e,0x19281ae1714e7b660421400ce9ce45f38ac95be0,0.25,97.72967587904537,1591,30,0.2595851665619108,0.4864864864864865,101899361.86897436,152047642.5771686,49.213537541752814,-29.026748388790537,1.778180591461134,1.5000000000000002,-28.748567797329404,0.4,50,125
50,0xdb3f3294e59cab63653f971ddc31d23c2ced2ab6,0x4f0ee38e4632901b81c240e9b362701f682ba55e,0x19281ae1714e7b660421400ce9ce45f38ac95be0,0.5,97.72967587904537,1591,30,0.2595851665619108,0.4864864864864865,101899361.86897436,152047642.5771686,49.213537541752814,-25.45251192159681,1.9715879354613286,1.5000000000000002,-24.980923986135483,0.912,114,125
50,0xdb3f3294e59cab63653f971ddc31d23c2ced2ab6,0x4f0ee38e4632901b81c240e9b362701f682ba55e,0x19281ae1714e7b660421400ce9ce45f38ac95be0,1.0,97.72967587904537,1591,30,0.2595851665619108,0.4864864864864865,101899361.86897436,152047642.5771686,49.213537541752814,-22.10555627670757,1.4334627043139083,1.5000000000000002,-22.17209357239365,1.0,125,125
50,0xdb3f3294e59cab63653f971ddc31d23c2ced2ab6,0x4f0ee38e4632901b81c240e9b362701f682ba55e,0x19281ae1714e7b660421400ce9ce45f38ac95be0,2.0,97.72967587904537,1591,30,0.2595851665619108,0.4864864864864865,101899361.86897436,152047642.5771686,49.213537541752814,-20.381839707889114,0.9948020784144499,1.5000000000000002,-20.88703762947468,1.0,125,125
51,0xfad2403a6d394803bdd4c008c3cecc9be7d40989,0x8f100e99ddf699320724e37cb866770381d47382,0xa82f20b2aab9fcca0132af89015955fdd1a76f11,0.1,97.01410107512004,2979,51,0.3816717019133938,0.49983215844243034,40857049.921144076,70419557.42043476,72.35595217067224,-40.56460417040435,0.9085979872206792,1.5000000000000002,-41.15600618318367,0.056320400500625784,180,3196
51,0xfad2403a6d394803bdd4c008c3cecc9be7d40989,0x8f100e99ddf699320724e37cb866770381d47382,0xa82f20b2aab9fcca0132af89015955fdd1a76f11,0.25,97.01410107512004,2979,51,0.3816717019133938,0.49983215844243034,40857049.921144076,70419557.42043476,72.35595217067224,-38.556401386923035,1.129267417177385,1.5000000000000002,-38.927133969745654,0.16176470588235295,517,3196
51,0xfad2403a6d394803bdd4c008c3cecc9be7d40989,0x8f100e99ddf699320724e37cb866770381d47382,0xa82f20b2aab9fcca0132af89015955fdd1a76f11,0.5,97.01410107512004,2979,51,0.3816717019133938,0.49983215844243034,40857049.921144076,70419557.42043476,72.35595217067224,-35.460747268287626,1.5681435560909003,1.5000000000000002,-35.392603712196724,0.41082603254067585,1313,3196
51,0xfad2403a6d394803bdd4c008c3cecc9be7d40989,0x8f100e99ddf699320724e37cb866770381d47382,0xa82f20b2aab9fcca0132af89015955fdd1a76f11,1.0,97.01410107512004,2979,51,0.3816717019133938,0.49983215844243034,40857049.921144076,70419557.42043476,72.35595217067224,-30.683982372159658,1.8607427120557383,1.5000000000000002,-30.32323966010392,1.0,3196,3196
51,0xfad2403a6d394803bdd4c008c3cecc9be7d40989,0x8f100e99ddf699320724e37cb866770381d47382,0xa82f20b2aab9fcca0132af89015955fdd1a76f11,2.0,97.01410107512004,2979,51,0.3816717019133938,0.49983215844243034,40857049.921144076,70419557.42043476,72.35595217067224,-27.70794219567382,1.2906483068747792,1.5000000000000002,-27.917293888799033,1.0,3196,3196
52,0xd24ce69798d867f94293c7b9ee85271a61834986,0x9516922a56171ab9834b88864d1010a6d8633296,0x2b8c3ab5dc4866387dbe02cc7ddd5a1350648597,0.1,96.64082567858696,3388,28,0.48258559622195984,0.4524793388429752,29622273.172415946,50102113.74386643,69.13662720024189,-39.4333184336071,4.72469710129473,1.5000000000000002,-36.208621332312376,0.07809499423889386,610,7811
52,0xd24ce69798d867f94293c7b9ee85271a61834986,0x9516922a56171ab9834b88864d1010a6d8633296,0x2b8c3ab5dc4866387dbe02cc7ddd5a1350648597,0.25,96.64082567858696,3388,28,0.48258559622195984,0.4524793388429752,29622273.172415946,50102113.74386643,69.13662720024189,-37.38689177470882,5.385679728365962,1.5000000000000002,-33.50121204634286,0.13621815388554603,1064,7811
52,0xd24ce69798d867f94293c7b9ee85271a61834986,0x9516922a56171ab9834b88864d1010a6d8633296,0x2b8c3ab5dc4866387dbe02cc7ddd5a1350648597,0.5,96.64082567858696,3388,28,0.48258559622195984,0.4524793388429752,29622273.172415946,50102113.74386643,69.13662720024189,-34.23231537076532,6.002053347603465,1.5000000000000002,-29.730262023161856,0.38432979131993344,3002,7811
52,0xd24ce69798d867f94293c7b9ee85271a61834986,0x9516922a56171ab9834b88864d1010a6d8633296,0x2b8c3ab5dc4866387dbe02cc7ddd5a1350648597,1.0,96.64082567858696,3388,28,0.48258559622195984,0.4524793388429752,29622273.172415946,50102113.74386643,69.13662720024189,-29.55370204483112,7.168332755998972,1.5000000000000002,-23.88536928883215,0.963512994494943,7526,7811
52,0xd24ce69798d867f94293c7b9ee85271a61834986,0x9516922a56171ab9834b88864d1010a6d8633296,0x2b8c3ab5dc4866387dbe02cc7ddd5a1350648597,2.0,96.64082567858696,3388,28,0.48258559622195984,0.4524793388429752,29622273.172415946,50102113.74386643,69.13662720024189,-26.75514665932446,5.199486771627677,1.5000000000000002,-23.055659887696788,1.0,7811,7811
53,0xa4949c35e78a3be5b36cc9e2620b24800e6f8824,0xa65e9819de4885c3aaa1de3237078bf1aca5ec40,0xe966a2db8b3ba078179a54504299c561695a77a3,0.1,96.43586206351011,1632,28,0.21507352941176472,0.4564950980392157,52441015.79615535,83030338.43021582,58.33091172940836,-35.29978366853533,8.576074820838798,1.5000000000000002,-28.22370884769654,0.3316708229426434,133,401
53,0xa4949c35e78a3be5b36cc9e2620b24800e6f8824,0xa65e9819de4885c3aaa1de3237078bf1aca5ec40,0xe966a2db8b3ba078179a54504299c561695a77a3,0.25,96.43586206351011,1632,28,0.21507352941176472,0.4564950980392157,52441015.79615535,83030338.43021582,58.33091172940836,-33.11369316278334,6.19261917698649,1.5000000000000002,-28.421073985796852,0.5660847880299252,227,401
53,0xa4949c35e78a3be5b36cc9e2620b24800e6f8824,0xa65e9819de4885c3aaa1de3237078bf1aca5ec40,0xe966a2db8b3ba078179a54504299c561695a77a3,0.5,96.43586206351011,1632,28,0.21507352941176472,0.4564950980392157,52441015.79615535,83030338.43021582,58.33091172940836,-29.74382427628107,5.344949805109085,1.5000000000000002,-25.898874471171986,0.8154613466334164,327,401
53,0xa4949c35e78a3be5b36cc9e2620b24800e6f8824,0xa65e9819de4885c3aaa1de3237078bf1aca5ec40,0xe966a2db8b3ba078179a54504299c561695a77a3,1.0,96.43586206351011,1632,28,0.21507352941176472,0.4564950980392157,52441015.79615535,83030338.43021582,58.33091172940836,-25.613911973582614,4.176936491739071,1.5000000000000002,-22.936975481843536,1.0,401,401
53,0xa4949c35e78a3be5b36cc9e2620b24800e6f8824,0xa65e9819de4885c3aaa1de3237078bf1aca5ec40,0xe966a2db8b3ba078179a54504299c561695a77a3,2.0,96.43586206351011,1632,28,0.21507352941176472,0.4564950980392157,52441015.79615535,83030338.43021582,58.33091172940836,-23.40550406009595,2.8975636814750034,1.5000000000000002,-22.00794037862095,1.0,401,401
54,0x796636a2ee1690f0e53ed6df8d046f649f7a8732,0xa5f2f4b48fd1d1d13d239c26aed1891eaa8ca092,0x5a0cd63e59eaeb2e40420d9712c85604b763b9bd,0.1,94.41707449067358,1669,26,0.36668663870581186,0.4517675254643499,63007299.52249717,121279581.74634922,92.48497025816118,-46.780030528558015,0.16841419276993827,1.5000000000000002,-48.11161633578808,0.017391304347826087,2,115
54,0x796636a2ee1690f0e53ed6df8d046f649f7a8732,0xa5f2f4b48fd1d1d13d239c26aed1891eaa8ca092,0x5a0cd63e59eaeb2e40420d9712c85604b763b9bd,0.25,94.41707449067358,1669,26,0.36668663870581186,0.4517675254643499,63007299.52249717,121279581.74634922,92.48497025816118,-44.981834532088826,0.26393189220416563,1.5000000000000002,-46.21790263988467,0.06086956521739131,7,115
54,0x796636a2ee1690f0e53ed6df8d046f649f7a8732,0xa5f2f4b48fd1d1d13d239c26aed1891eaa8ca092,0x5a0cd63e59eaeb2e40420d9712c85604b763b9bd,0.5,94.41707449067358,1669,26,0.36668663870581186,0.4517675254643499,63007299.52249717,121279581.74634922,92.48497025816118,-42.2099068720078,0.4932443972903518,1.5000000000000002,-43.21666247471745,0.34782608695652173,40,115
54,0x796636a2ee1690f0e53ed6df8d046f649f7a8732,0xa5f2f4b48fd1d1d13d239c26aed1891eaa8ca092,0x5a0cd63e59eaeb2e40420d9712c85604b763b9bd,1.0,94.41707449067358,1669,26,0.36668663870581186,0.4517675254643499,63007299.52249717,121279581.74634922,92.48497025816118,-37.333380811242456,1.2987286849318094,1.5000000000000002,-37.53465212631064,0.9391304347826087,108,115
54,0x796636a2ee1690f0e53ed6df8d046f649f7a8732,0xa5f2f4b48fd1d1d13d239c26aed1891eaa8ca092,0x5a0cd63e59eaeb2e40420d9712c85604b763b9bd,2.0,94.41707449067358,1669,26,0.36668663870581186,0.4517675254643499,63007299.52249717,121279581.74634922,92.48497025816118,-33.24728841780845,0.9571603645343939,1.5000000000000002,-33.79012805327406,1.0,115,115
55,0xb1cb4d2d2fac08813d9fbbda008d16f131d24b48,0x1da047c340b8e7acbb18133d016e7bc2b3d177c9,0xa8ab2d79b9ea4941919db79d60d3e546f94c7981,0.1,93.38470394637079,1732,33,0.2361431870669746,0.4815242494226328,123209389.92448218,163258644.63253763,32.50503450475857,-22.689396073604517,1.684917567363075,1.5000000000000002,-22.504478506241444,0.12781954887218044,17,133
55,0xb1cb4d2d2fac08813d9fbbda008d16f131d24b48,0x1da047c340b8e7acbb18133d016e7bc2b3d177c9,0xa8ab2d79b9ea4941919db79d60d3e546f94c7981,0.25,93.38470394637079,1732,33,0.2361431870669746,0.4815242494226328,123209389.92448218,163258644.63253763,32.50503450475857,-20.077225870469416,1.9846010130434082,1.5000000000000002,-19.59262485742602,0.3383458646616541,45,133
55,0xb1cb4d2d2fac08813d9fbbda008d16f131d24b48,0x1da047c340b8e7acbb18133d016e7bc2b3d177c9,0xa8ab2d79b9ea4941919db79d60d3e546f94c7981,0.5,93.38470394637079,1732,33,0.2361431870669746,0.4815242494226328,123209389.92448218,163258644.63253763,32.50503450475857,-16.960958489768274,2.453486503640683,1.5000000000000002,-16.00747198612761,0.7669172932330827,102,133
55,0xb1cb4d2d2fac08813d9fbbda008d16f131d24b48,0x1da047c340b8e7acbb18133d016e7bc2b3d177c9,0xa8ab2d79b9ea4941919db79d60d3e546f94c7981,1.0,93.38470394637079,1732,33,0.2361431870669746,0.4815242494226328,123209389.92448218,163258644.63253763,32.50503450475857,-15.20732964324032,1.940412960415364,1.5000000000000002,-14.76691668282497,1.0,133,133
55,0xb1cb4d2d2fac08813d9fbbda008d16f131d24b48,0x1da047c340b8e7acbb18133d016e7bc2b3d177c9,0xa8ab2d79b9ea4941919db79d60d3e546f94c7981,2.0,93.38470394637079,1732,33,0.2361431870669746,0.4815242494226328,123209389.92448218,163258644.63253763,32.50503450475857,-14.304192757356017,1.3468092620203242,1.5000000000000002,-14.457383495335707,1.0,133,133
56,0x1793421c2b2ef723294876c5107c217fcaeff078,0x884383d7d7818712c6f63b08ecb599cdaeacbd2b,0x62e9646144ca2e2f812a30847c237d84dfd2ded3,0.1,82.89604226843616,2146,38,0.2814538676607642,0.47110904007455734,192369134.1202642,352209721.91103286,83.09055843170789,-44.04930364188196,1.5349823485336311,1.5000000000000002,-44.014321293348324,0.225,27,120
56,0x1793421c2b2ef723294876c5107c217fcaeff078,0x884383d7d7818712c6f63b08ecb599cdaeacbd2b,0x62e9646144ca2e2f812a30847c237d84dfd2ded3,0.25,82.89604226843616,2146,38,0.2814538676607642,0.47110904007455734,192369134.1202642,352209721.91103286,83.09055843170789,-42.15884186240238,1.2587762658069264,1.5000000000000002,-42.40006559659545,0.39166666666666666,47,120
56,0x1793421c2b2ef723294876c5107c217fcaeff078,0x884383d7d7818712c6f63b08ecb599cdaeacbd2b,0x62e9646144ca2e2f812a30847c237d84dfd2ded3,0.5,82.89604226843616,2146,38,0.2814538676607642,0.47110904007455734,192369134.1202642,352209721.91103286,83.09055843170789,-39.24468606005671,1.41803068062216,1.5000000000000002,-39.32665537943455,0.65,78,120
56,0x1793421c2b2ef723294876c5107c217fcaeff078,0x884383d7d7818712c6f63b08ecb599cdaeacbd2b,0x62e9646144ca2e2f812a30847c237d84dfd2ded3,1.0,82.89604226843616,2146,38,0.2814538676607642,0.47110904007455734,192369134.1202642,352209721.91103286,83.09055843170789,-34.31666692210018,1.370033728989923,1.5000000000000002,-34.446633193110266,1.0,120,120
56,0x1793421c2b2ef723294876c5107c217fcaeff078,0x884383d7d7818712c6f63b08ecb599cdaeacbd2b,0x62e9646144ca2e2f812a30847c237d84dfd2ded3,2.0,82.89604226843616,2146,38,0.2814538676607642,0.47110904007455734,192369134.1202642,352209721.91103286,83.09055843170789,-30.747537066368512,0.951289587280699,1.5000000000000002,-31.296247479087814,1.0,120,120
57,0xc11e65e275b28a232f65cc3beb3b0c1549cddbdf,0x14b60e45391fd45fea4325815d5fe7e331ddb290,0x11a179ec31b8abdd6ff48f1077633700b5e3435b,0.1,80.88476561699571,2000,34,0.3,0.46,336829229.7607585,435790414.6066288,29.380224785170796,-20.822179294706988,0.5897868861516565,1.5000000000000002,-21.732392408555334,0.35294117647058826,6,17
57,0xc11e65e275b28a232f65cc3beb3b0c1549cddbdf,0x14b60e45391fd45fea4325815d5fe7e331ddb290,0x11a179ec31b8abdd6ff48f1077633700b5e3435b,0.25,80.88476561699571,2000,34,0.3,0.46,336829229.7607585,435790414.6066288,29.380224785170796,-18.14691958269584,0.4222964680012365,1.5000000000000002,-19.224623114694605,0.6470588235294118,11,17
57,0xc11e65e275b28a232f65cc3beb3b0c1549cddbdf,0x14b60e45391fd45fea4325815d5fe7e331ddb290,0x11a179ec31b8abdd6ff48f1077633700b5e3435b,0.5,80.88476561699571,2000,34,0.3,0.46,336829229.7607585,435790414.6066288,29.380224785170796,-15.333222858684103,0.3168022712243167,1.5000000000000002,-16.516420587459802,1.0,17,17
57,0xc11e65e275b28a232f65cc3beb3b0c1549cddbdf,0x14b60e45391fd45fea4325815d5fe7e331ddb290,0x11a179ec31b8abdd6ff48f1077633700b5e3435b,1.0,80.88476561699571,2000,34,0.3,0.46,336829229.7607585,435790414.6066288,29.380224785170796,-13.847143466274826,0.19948122767663828,1.5000000000000002,-15.14766223859818,1.0,17,17
57,0xc11e65e275b28a232f65cc3beb3b0c1549cddbdf,0x14b60e45391fd45fea4325815d5fe7e331ddb290,0x11a179ec31b8abdd6ff48f1077633700b5e3435b,2.0,80.88476561699571,2000,34,0.3,0.46,336829229.7607585,435790414.6066288,29.380224785170796,-13.08179730006942,0.13859807193842602,1.5000000000000002,-14.443199228130998,1.0,17,17
58,0x592bb125c5777be51ad2031a66511b6f8b4d9a66,0xff636a2f30a8ba4fa7b6b2add5313486a8d463b3,0xb9c9c377f8e4f34d4765f842c85fbe29024c0058,0.1,77.66018877698842,1404,25,0.18874643874643873,0.46296296296296297,192485648.1473549,203256605.06215444,5.59571948270865,-3.4245387413812445,4.174744418965357,1.5000000000000002,-0.7497943224158865,0.22983870967741934,57,248
58,0x592bb125c5777be51ad2031a66511b6f8b4d9a66,0xff636a2f30a8ba4fa7b6b2add5313486a8d463b3,0xb9c9c377f8e4f34d4765f842c85fbe29024c0058,0.25,77.66018877698842,1404,25,0.18874643874643873,0.46296296296296297,192485648.1473549,203256605.06215444,5.59571948270865,-2.9911973726237995,3.345673996778321,1.5000000000000002,-1.145523375845492,0.3911290322580645,97,248
58,0x592bb125c5777be51ad2031a66511b6f8b4d9a66,0xff636a2f30a8ba4fa7b6b2add5313486a8d463b3,0xb9c9c377f8e4f34d4765f842c85fbe29024c0058,0.5,77.66018877698842,1404,25,0.18874643874643873,0.46296296296296297,192485648.1473549,203256605.06215444,5.59571948270865,-2.8461253101506045,3.3457910266321997,1.5000000000000002,-1.0003342835184115,0.625,155,248
58,0x592bb125c5777be51ad2031a66511b6f8b4d9a66,0xff636a2f30a8ba4fa7b6b2add5313486a8d463b3,0xb9c9c377f8e4f34d4765f842c85fbe29024c0058,1.0,77.66018877698842,1404,25,0.18874643874643873,0.46296296296296297,192485648.1473549,203256605.06215444,5.59571948270865,-2.772725439115953,2.9449106146625814,1.5000000000000002,-1.3278148244533772,1.0,248,248
58,0x592bb125c5777be51ad2031a66511b6f8b4d9a66,0xff636a2f30a8ba4fa7b6b2add5313486a8d463b3,0xb9c9c377f8e4f34d4765f842c85fbe29024c0058,2.0,77.66018877698842,1404,25,0.18874643874643873,0.46296296296296297,192485648.1473549,203256605.06215444,5.59571948270865,-2.734923750872864,2.0448043253108903,1.5000000000000002,-2.190119425561976,1.0,248,248
59,0xcb52b28107ddec3a7da593e58d80124771f091cc,0x15166fdad4304adcef3b0f271b49811384d7bb30,0xc694bc91de4b6397abfbabc9d1293c4ffc2f2863,0.1,77.06418031105554,1677,37,0.29457364341085274,0.4561717352415027,132961856.26682594,170766794.1632841,28.432919754513453,-20.238173667380522,14.65288965307852,1.5000000000000002,-7.085284014302018,0.2704626334519573,152,562
59,0xcb52b28107ddec3a7da593e58d80124771f091cc,0x15166fdad4304adcef3b0f271b49811384d7bb30,0xc694bc91de4b6397abfbabc9d1293c4ffc2f2863,0.25,77.06418031105554,1677,37,0.29457364341085274,0.4561717352415027,132961856.26682594,170766794.1632841,28.432919754513453,-17.543181576876766,12.798701831728017,1.5000000000000002,-6.244479745148757,0.5124555160142349,288,562
59,0xcb52b28107ddec3a7da593e58d80124771f091cc,0x15166fdad4304adcef3b0f271b49811384d7bb30,0xc694bc91de4b6397abfbabc9d1293c4ffc2f2863,0.5,77.06418031105554,1677,37,0.29457364341085274,0.4561717352415027,132961856.26682594,170766794.1632841,28.432919754513453,-14.83790688836325,12.172641435471249,1.5000000000000002,-4.165265452892008,0.9039145907473309,508,562
59,0xcb52b28107ddec3a7da593e58d80124771f091cc,0x15166fdad4304adcef3b0f271b49811384d7bb30,0xc694bc91de4b6397abfbabc9d1293c4ffc2f2863,1.0,77.06418031105554,1677,37,0.29457364341085274,0.4561717352415027,132961856.26682594,170766794.1632841,28.432919754513453,-13.430358996615722,9.190886067930515,1.5000000000000002,-5.739472928685208,1.0,562,562
59,0xcb52b28107ddec3a7da593e58d80124771f091cc,0x15166fdad4304adcef3b0f271b49811384d7bb30,0xc694bc91de4b6397abfbabc9d1293c4ffc2f2863,2.0,77.06418031105554,1677,37,0.29457364341085274,0.4561717352415027,132961856.26682594,170766794.1632841,28.432919754513453,-12.705457360672156,6.379633281270766,1.5000000000000002,-7.8258240794014,1.0,562,562
60,0x81e576e94824d22bca143e29e3a6ce7013244344,0x55ac214fa0e7389eb38bb88675b80f64483a2f69,0xbc2cb30f6eccdd37a26e19c7633654511dbe6273,0.1,71.82048239395998,1917,34,0.37245696400625977,0.45174752217005737,116947890.67878608,270936506.5395579,131.672845886313,-55.78228341064304,0.48740140620548006,1.5000000000000002,-56.79488200443756,0.5,19,38
60,0x81e576e94824d22bca143e29e3a6ce7013244344,0x55ac214fa0e7389eb38bb88675b80f64483a2f69,0xbc2cb30f6eccdd37a26e19c7633654511dbe6273,0.25,71.82048239395998,1917,34,0.37245696400625977,0.45174752217005737,116947890.67878608,270936506.5395579,131.672845886313,-54.28825547838997,0.388812773389556,1.5000000000000002,-55.39944270500041,0.7631578947368421,29,38
60,0x81e576e94824d22bca143e29e3a6ce7013244344,0x55ac214fa0e7389eb38bb88675b80f64483a2f69,0xbc2cb30f6eccdd37a26e19c7633654511dbe6273,0.5,71.82048239395998,1917,34,0.37245696400625977,0.45174752217005737,116947890.67878608,270936506.5395579,131.672845886313,-51.98520433242053,0.2567465405295454,1.5000000000000002,-53.22845779189098,0.8157894736842105,31,38
60,0x81e576e94824d22bca143e29e3a6ce7013244344,0x55ac214fa0e7389eb38bb88675b80f64483a2f69,0xbc2cb30f6eccdd37a26e19c7633654511dbe6273,1.0,71.82048239395998,1917,34,0.37245696400625977,0.45174752217005737,116947890.67878608,270936506.5395579,131.672845886313,-47.896061078349184,0.31392437980136995,1.5000000000000002,-49.08213669854781,0.9210526315789473,35,38
60,0x81e576e94824d22bca143e29e3a6ce7013244344,0x55ac214fa0e7389eb38bb88675b80f64483a2f69,0xbc2cb30f6eccdd37a26e19c7633654511dbe6273,2.0,71.82048239395998,1917,34,0.37245696400625977,0.45174752217005737,116947890.67878608,270936506.5395579,131.672845886313,-42.33622848233743,0.27164374123425306,1.5000000000000002,-43.564584741103175,1.0,38,38
61,0x5204eec42321b146a2dd2d1aa3f590bd9fb92adb,0xdc1df4a7ecdca0cb40d123660b69e00ac446947d,0x792dd4c93cfa919e141e6a0be37360373633cdad,0.1,69.81068111631163,1633,32,0.49540722596448256,0.47274954072259645,286183802.2763523,366246719.9027839,27.976047906834054,-19.95342559485528,3.013247387461985,1.5000000000000002,-18.44017820739331,0.4166666666666667,45,108
61,0x5204eec42321b146a2dd2d1aa3f590bd9fb92adb,0xdc1df4a7ecdca0cb40d123660b69e00ac446947d,0x792dd4c93cfa919e141e6a0be37360373633cdad,0.25,69.81068111631163,1633,32,0.49540722596448256,0.47274954072259645,286183802.2763523,366246719.9027839,27.976047906834054,-17.248812438253548,3.2151056394347655,1.5000000000000002,-15.533706798818802,0.8148148148148148,88,108
61,0x5204eec42321b146a2dd2d1aa3f590bd9fb92adb,0xdc1df4a7ecdca0cb40d123660b69e00ac446947d,0x792dd4c93cfa919e141e6a0be37360373633cdad,0.5,69.81068111631163,1633,32,0.49540722596448256,0.47274954072259645,286183802.2763523,366246719.9027839,27.976047906834054,-14.598743516506907,2.049471029142558,1.5000000000000002,-14.049272487364362,0.8981481481481481,97,108
61,0x5204eec42321b146a2dd2d1aa3f590bd9fb92adb,0xdc1df4a7ecdca0cb40d123660b69e00ac446947d,0x792dd4c93cfa919e141e6a0be37360373633cdad,1.0,69.81068111631163,1633,32,0.49540722596448256,0.47274954072259645,286183802.2763523,366246719.9027839,27.976047906834054,-13.228611282323243,1.8410710589799217,1.5000000000000002,-12.887540223343319,0.9444444444444444,102,108
61,0x5204eec42321b146a2dd2d1aa3f590bd9fb92adb,0xdc1df4a7ecdca0cb40d123660b69e00ac446947d,0x792dd4c93cfa919e141e6a0be37360373633cdad,2.0,69.81068111631163,1633,32,0.49540722596448256,0.47274954072259645,286183802.2763523,366246719.9027839,27.976047906834054,-12.522979094713882,1.634493091903898,1.5000000000000002,-12.388486002809994,1.0,108,108
62,0x224bbe6b7a89e365db7f9d991e16f91440b433ce,0x2c1f6272b41a5a23930bb3df21dac0c76c2db6f8,0xbceee14c42812f2b9d95fd3d42bc9bbfa5837427,0.1,64.06810973286417,1435,25,0.3024390243902439,0.40069686411149824,18495414.510319695,23313671.451774456,26.051089251156647,-18.731013736505588,7.276091166577279,1.5000000000000002,-12.954922569928318,0.3782467532467532,233,616
62,0x224bbe6b7a89e365db7f9d991e16f91440b433ce,0x2c1f6272b41a5a23930bb3df21dac0c76c2db6f8,0xbceee14c42812f2b9d95fd3d42bc9bbfa5837427,0.25,64.06810973286417,1435,25,0.3024390243902439,0.40069686411149824,18495414.510319695,23313671.451774456,26.051089251156647,-15.98509773566037,6.380673749979851,1.5000000000000002,-11.104423985680533,0.7142857142857143,440,616
62,0x224bbe6b7a89e365db7f9d991e16f91440b433ce,0x2c1f6272b41a5a23930bb3df21dac0c76c2db6f8,0xbceee14c42812f2b9d95fd3d42bc9bbfa5837427,0.5,64.06810973286417,1435,25,0.3024390243902439,0.40069686411149824,18495414.510319695,23313671.451774456,26.051089251156647,-13.589238357058097,4.691770358933262,1.5000000000000002,-10.397467998124842,1.0,616,616
62,0x224bbe6b7a89e365db7f9d991e16f91440b433ce,0x2c1f6272b41a5a23930bb3df21dac0c76c2db6f8,0xbceee14c42812f2b9d95fd3d42bc9bbfa5837427,1.0,64.06810973286417,1435,25,0.3024390243902439,0.40069686411149824,18495414.510319695,23313671.451774456,26.051089251156647,-12.37330113688435,2.9429189210848956,1.5000000000000002,-10.930382215799462,1.0,616,616
62,0x224bbe6b7a89e365db7f9d991e16f91440b433ce,0x2c1f6272b41a5a23930bb3df21dac0c76c2db6f8,0xbceee14c42812f2b9d95fd3d42bc9bbfa5837427,2.0,64.06810973286417,1435,25,0.3024390243902439,0.40069686411149824,18495414.510319695,23313671.451774456,26.051089251156647,-11.74708096684508,2.04064851367986,1.5000000000000002,-11.206432453165238,1.0,616,616
63,0x922a352f41a4e4f5998f0e237e78dae1fd1e7a19,0x10b6902534cfa786f1a222052baefb4c5b11f1ad,0x0959d2bd44963b2b3150871982c17ab3320309fe,0.1,63.47855624121735,1741,59,0.25445146467547386,0.462952326249282,56193178.76315322,47184572.58244761,-16.031494175966955,2.4404424085076037,1.3939128024199097,1.5000000000000002,2.3343552109274857,0.30851063829787234,58,188
63,0x922a352f41a4e4f5998f0e237e78dae1fd1e7a19,0x10b6902534cfa786f1a222052baefb4c5b11f1ad,0x0959d2bd44963b2b3150871982c17ab3320309fe,0.25,63.47855624121735,1741,59,0.25445146467547386,0.462952326249282,56193178.76315322,47184572.58244761,-16.031494175966955,5.598810276815036,1.5808501066813991,1.5000000000000002,5.679660383496432,0.6861702127659575,129,188
63,0x922a352f41a4e4f5998f0e237e78dae1fd1e7a19,0x10b6902534cfa786f1a222052baefb4c5b11f1ad,0x0959d2bd44963b2b3150871982c17ab3320309fe,0.5,63.47855624121735,1741,59,0.25445146467547386,0.462952326249282,56193178.76315322,47184572.58244761,-16.031494175966955,7.275168355900141,1.5225268857323586,1.5000000000000002,7.297695241632485,1.0,188,188
63,0x922a352f41a4e4f5998f0e237e78dae1fd1e7a19,0x10b6902534cfa786f1a222052baefb4c5b11f1ad,0x0959d2bd44963b2b3150871982c17ab3320309fe,1.0,63.47855624121735,1741,59,0.25445146467547386,0.462952326249282,56193178.76315322,47184572.58244761,-16.031494175966955,8.123329364402032,0.9558583181901894,1.5000000000000002,7.5791876825922255,1.0,188,188
63,0x922a352f41a4e4f5998f0e237e78dae1fd1e7a19,0x10b6902534cfa786f1a222052baefb4c5b11f1ad,0x0959d2bd44963b2b3150871982c17ab3320309fe,2.0,63.47855624121735,1741,59,0.25445146467547386,0.462952326249282,56193178.76315322,47184572.58244761,-16.031494175966955,8.56014100414184,0.6631064193917842,1.5000000000000002,7.72324742353363,1.0,188,188
64,0x4b175669b6a8a5edd7a53261bfcd8ea41f9ed7a0,0xdbcec8db3e21c1612a22b39d195d7d654cad00af,0xdf2237114d595e0bf4d35cbcdebcdf43c55c4669,0.1,60.62045440062202,1843,36,0.36353771025501896,0.34563212154096584,69526361.32270901,103301220.36308181,48.57849367897398,-31.05298090459482,5.572863282509441,1.5000000000000002,-26.980117622085377,0.46905537459283386,144,307
64,0x4b175669b6a8a5edd7a53261bfcd8ea41f9ed7a0,0xdbcec8db3e21c1612a22b39d195d7d654cad00af,0xdf2237114d595e0bf4d35cbcdebcdf43c55c4669,0.25,60.62045440062202,1843,36,0.36353771025501896,0.34563212154096584,69526361.32270901,103301220.36308181,48.57849367897398,-28.72339945354999,4.862792670255145,1.5000000000000002,-25.36060678329485,0.7850162866449512,241,307
64,0x4b175669b6a8a5edd7a53261bfcd8ea41f9ed7a0,0xdbcec8db3e21c1612a22b39d195d7d654cad00af,0xdf2237114d595e0bf4d35cbcdebcdf43c55c4669,0.5,60.62045440062202,1843,36,0.36353771025501896,0.34563212154096584,69526361.32270901,103301220.36308181,48.57849367897398,-25.137405417822112,3.4425797802412172,1.5000000000000002,-23.194825637580895,1.0,307,307
64,0x4b175669b6a8a5edd7a53261bfcd8ea41f9ed7a0,0xdbcec8db3e21c1612a22b39d195d7d654cad00af,0xdf2237114d595e0bf4d35cbcdebcdf43c55c4669,1.0,60.62045440062202,1843,36,0.36353771025501896,0.34563212154096584,69526361.32270901,103301220.36308181,48.57849367897398,-21.854645243792348,2.1617961025520613,1.5000000000000002,-21.192849141240288,1.0,307,307
64,0x4b175669b6a8a5edd7a53261bfcd8ea41f9ed7a0,0xdbcec8db3e21c1612a22b39d195d7d654cad00af,0xdf2237114d595e0bf4d35cbcdebcdf43c55c4669,2.0,60.62045440062202,1843,36,0.36353771025501896,0.34563212154096584,69526361.32270901,103301220.36308181,48.57849367897398,-20.163990002491794,1.4998824598199987,1.5000000000000002,-20.164107542671793,1.0,307,307
65,0x8774f26ccbd835c57d7b4b52f2c3818314ed211b,0x83d149b3eba5a5c8723f3efa8fe6ad59796c997b,0x26108a6b678f854498abc4079fbbc4135b4f4076,0.1,60.04555983926751,1275,25,0.2611764705882353,0.4768627450980392,363864234.43525034,519932819.73533344,42.89198292388243,-28.30917430610721,0.2863739121003447,1.5000000000000002,-29.522800394006865,0.4090909090909091,9,22
65,0x8774f26ccbd835c57d7b4b52f2c3818314ed211b,0x83d149b3eba5a5c8723f3efa8fe6ad59796c997b,0x26108a6b678f854498abc4079fbbc4135b4f4076,0.25,60.04555983926751,1275,25,0.2611764705882353,0.4768627450980392,363864234.43525034,519932819.73533344,42.89198292388243,-25.886885134830962,0.2579399243799244,1.5000000000000002,-27.12894521045103,0.5909090909090909,13,22
65,0x8774f26ccbd835c57d7b4b52f2c3818314ed211b,0x83d149b3eba5a5c8723f3efa8fe6ad59796c997b,0x26108a6b678f854498abc4079fbbc4135b4f4076,0.5,60.04555983926751,1275,25,0.2611764705882353,0.4768627450980392,363864234.43525034,519932819.73533344,42.89198292388243,-22.287220990090585,0.31378074670063455,1.5000000000000002,-23.47344024338994,1.0,22,22
65,0x8774f26ccbd835c57d7b4b52f2c3818314ed211b,0x83d149b3eba5a5c8723f3efa8fe6ad59796c997b,0x26108a6b678f854498abc4079fbbc4135b4f4076,1.0,60.04555983926751,1275,25,0.2611764705882353,0.4768627450980392,363864234.43525034,519932819.73533344,42.89198292388243,-19.568775870660048,0.19761723588105892,1.5000000000000002,-20.871158634778986,1.0,22,22
65,0x8774f26ccbd835c57d7b4b52f2c3818314ed211b,0x83d149b3eba5a5c8723f3efa8fe6ad59796c997b,0x26108a6b678f854498abc4079fbbc4135b4f4076,2.0,60.04555983926751,1275,25,0.2611764705882353,0.4768627450980392,363864234.43525034,519932819.73533344,42.89198292388243,-18.16874868447933,0.1373168969367457,1.5000000000000002,-19.531431787542587,1.0,22,22
66,0xf40c75ebd5886c46ec8c6d025c3e7f47a7abdc5b,0x3f03c102cef6f3f126bc869f03674f75ce7a6bb0,0x8256e2ae53dd726d1f9771d6ab062239f3996541,0.1,59.49781941915784,1427,30,0.18640504555010512,0.4625087596355992,203442278.40084466,372079189.7828007,82.89177289377814,-43.988490686235494,0.2546647203880361,1.5000000000000002,-45.23382596584745,0.13253012048192772,11,83
66,0xf40c75ebd5886c46ec8c6d025c3e7f47a7abdc5b,0x3f03c102cef6f3f126bc869f03674f75ce7a6bb0,0x8256e2ae53dd726d1f9771d6ab062239f3996541,0.25,59.49781941915784,1427,30,0.18640504555010512,0.4625087596355992,203442278.40084466,372079189.7828007,82.89177289377814,-42.095974158989925,0.33157365770366515,1.5000000000000002,-43.26440050128626,0.1566265060240964,13,83
66,0xf40c75ebd5886c46ec8c6d025c3e7f47a7abdc5b,0x3f03c102cef6f3f126bc869f03674f75ce7a6bb0,0x8256e2ae53dd726d1f9771d6ab062239f3996541,0.5,59.49781941915784,1427,30,0.18640504555010512,0.4625087596355992,203442278.40084466,372079189.7828007,82.89177289377814,-39.17865095321428,0.7057702226853059,1.5000000000000002,-39.97288073052897,0.40963855421686746,34,83
66,0xf40c75ebd5886c46ec8c6d025c3e7f47a7abdc5b,0x3f03c102cef6f3f126bc869f03674f75ce7a6bb0,0x8256e2ae53dd726d1f9771d6ab062239f3996541,1.0,59.49781941915784,1427,30,0.18640504555010512,0.4625087596355992,203442278.40084466,372079189.7828007,82.89177289377814,-34.25123756555747,0.7935676035617907,1.5000000000000002,-34.957669961995684,1.0,83,83
66,0xf40c75ebd5886c46ec8c6d025c3e7f47a7abdc5b,0x3f03c102cef6f3f126bc869f03674f75ce7a6bb0,0x8256e2ae53dd726d1f9771d6ab062239f3996541,2.0,59.49781941915784,1427,30,0.18640504555010512,0.4625087596355992,203442278.40084466,372079189.7828007,82.89177289377814,-30.69308237411751,0.5510480616411285,1.5000000000000002,-31.642034312476376,1.0,83,83
67,0x5aac69abe4d5d840690620eaad154a03c837f5ca,0x743acf789e0f5419f550323a2349732a61c15439,0xd82ac7542f6fa558ba29f92590dc9ce9175d5f10,0.1,58.98105606702951,2324,29,0.5877796901893287,0.4776247848537005,15298564.547196425,19274861.50557189,25.991307525019725,-18.69245234385343,5.766859764315062,1.5000000000000002,-14.425592579538382,0.33752122241086585,994,2945
67,0x5aac69abe4d5d840690620eaad154a03c837f5ca,0x743acf789e0f5419f550323a2349732a61c15439,0xd82ac7542f6fa558ba29f92590dc9ce9175d5f10,0.25,58.98105606702951,2324,29,0.5877796901893287,0.4776247848537005,15298564.547196425,19274861.50557189,25.991307525019725,-15.945233430913886,5.6076304295601975,1.5000000000000002,-11.837603001353703,0.9599320882852292,2827,2945
67,0x5aac69abe4d5d840690620eaad154a03c837f5ca,0x743acf789e0f5419f550323a2349732a61c15439,0xd82ac7542f6fa558ba29f92590dc9ce9175d5f10,0.5,58.98105606702951,2324,29,0.5877796901893287,0.4776247848537005,15298564.547196425,19274861.50557189,25.991307525019725,-13.557843147205018,3.7667322988235585,1.5000000000000002,-11.29111084838147,1.0,2945,2945
67,0x5aac69abe4d5d840690620eaad154a03c837f5ca,0x743acf789e0f5419f550323a2349732a61c15439,0xd82ac7542f6fa558ba29f92590dc9ce9175d5f10,1.0,58.98105606702951,2324,29,0.5877796901893287,0.4776247848537005,15298564.547196425,19274861.50557189,25.991307525019725,-12.346602005878527,2.362479175126446,1.5000000000000002,-11.484122830752085,1.0,2945,2945
67,0x5aac69abe4d5d840690620eaad154a03c837f5ca,0x743acf789e0f5419f550323a2349732a61c15439,0xd82ac7542f6fa558ba29f92590dc9ce9175d5f10,2.0,58.98105606702951,2324,29,0.5877796901893287,0.4776247848537005,15298564.547196425,19274861.50557189,25.991307525019725,-11.722800364728247,1.6380914048857547,1.5000000000000002,-11.584708959842505,1.0,2945,2945
68,0x9870c395bfa68c9f23d7c232fa5a37bf063aae35,0x45f82ac5d507e988f7406935da8eefe495a360e0,0xebc1188f54b8591eb3322b273391a2f4a714dbd4,0.1,55.062058656552935,2025,44,0.2054320987654321,0.4666666666666667,32389189.97106773,77322699.3609861,138.72995721738053,-57.08940612123165,7.255091645671458,1.5000000000000002,-51.334314475560184,0.11193476649369903,151,1349
68,0x9870c395bfa68c9f23d7c232fa5a37bf063aae35,0x45f82ac5d507e988f7406935da8eefe495a360e0,0xebc1188f54b8591eb3322b273391a2f4a714dbd4,0.25,55.062058656552935,2025,44,0.2054320987654321,0.4666666666666667,32389189.97106773,77322699.3609861,138.72995721738053,-55.63954324296898,5.48389772535434,1.5000000000000002,-51.65564551761464,0.2750185322461082,371,1349
68,0x9870c395bfa68c9f23d7c232fa5a37bf063aae35,0x45f82ac5d507e988f7406935da8eefe495a360e0,0xebc1188f54b8591eb3322b273391a2f4a714dbd4,0.5,55.062058656552935,2025,44,0.2054320987654321,0.4666666666666667,32389189.97106773,77322699.3609861,138.72995721738053,-53.404572737266456,4.24275830016224,1.5000000000000002,-50.661814437104205,0.4351371386212009,587,1349
68,0x9870c395bfa68c9f23d7c232fa5a37bf063aae35,0x45f82ac5d507e988f7406935da8eefe495a360e0,0xebc1188f54b8591eb3322b273391a2f4a714dbd4,1.0,55.062058656552935,2025,44,0.2054320987654321,0.4666666666666667,32389189.97106773,77322699.3609861,138.72995721738053,-49.43630890498626,3.3264787239668068,1.5000000000000002,-47.60983018101946,0.6723498888065234,907,1349
68,0x9870c395bfa68c9f23d7c232fa5a37bf063aae35,0x45f82ac5d507e988f7406935da8eefe495a360e0,0xebc1188f54b8591eb3322b273391a2f4a714dbd4,2.0,55.062058656552935,2025,44,0.2054320987654321,0.4666666666666667,32389189.97106773,77322699.3609861,138.72995721738053,-43.77953791169116,2.8480623991768836,1.5000000000000002,-42.43147551251427,1.0,1349,1349
69,0x8ec038a1868ee77c5a079f56495541b3b0ba0548,0x0c5b5ef209dd8c9c84b6ef2e19c46a48fca0e33e,0xf89f3d7ae8ece9fcac0f3efd3ea328f0b788892a,0.1,53.97279497948026,1032,26,0.20251937984496124,0.45251937984496127,147937766.5868423,234404912.37434068,58.44832444238675,-35.347727551542604,0.5077186806597916,1.5000000000000002,-36.34000887088281,0.125,12,96
69,0x8ec038a1868ee77c5a079f56495541b3b0ba0548,0x0c5b5ef209dd8c9c84b6ef2e19c46a48fca0e33e,0xf89f3d7ae8ece9fcac0f3efd3ea328f0b788892a,0.25,53.97279497948026,1032,26,0.20251937984496124,0.45251937984496127,147937766.5868423,234404912.37434068,58.44832444238675,-33.16325697341054,0.5827463777581551,1.5000000000000002,-34.08051059565238,0.21875,21,96
69,0x8ec038a1868ee77c5a079f56495541b3b0ba0548,0x0c5b5ef209dd8c9c84b6ef2e19c46a48fca0e33e,0xf89f3d7ae8ece9fcac0f3efd3ea328f0b788892a,0.5,53.97279497948026,1032,26,0.20251937984496124,0.45251937984496127,147937766.5868423,234404912.37434068,58.44832444238675,-29.795885213020135,1.126745743906712,1.5000000000000002,-30.169139469113425,0.8125,78,96
69,0x8ec038a1868ee77c5a079f56495541b3b0ba0548,0x0c5b5ef209dd8c9c84b6ef2e19c46a48fca0e33e,0xf89f3d7ae8ece9fcac0f3efd3ea328f0b788892a,1.0,53.97279497948026,1032,26,0.20251937984496124,0.45251937984496127,147937766.5868423,234404912.37434068,58.44832444238675,-25.657968165019053,1.0191241643372366,1.5000000000000002,-26.138844000681814,1.0,96,96
69,0x8ec038a1868ee77c5a079f56495541b3b0ba0548,0x0c5b5ef209dd8c9c84b6ef2e19c46a48fca0e33e,0xf89f3d7ae8ece9fcac0f3efd3ea328f0b788892a,2.0,53.97279497948026,1032,26,0.20251937984496124,0.45251937984496127,147937766.5868423,234404912.37434068,58.44832444238675,-23.44321891508536,0.7074636718096077,1.5000000000000002,-24.235755243275747,1.0,96,96
70,0xd2e5312565d0868b3d35d92c727f5fbd09686f15,0x8bef3368af47c29746d13a6f1f3844dd685b90d2,0x49e5f940555cb761af51d1fc2489115d96707a55,0.1,48.66735163744391,936,28,0.26816239316239315,0.4732905982905983,40505675.39962149,45657942.711666785,12.719865207070335,-9.119442060793004,16.479506576363306,1.5000000000000002,5.860064515570307,0.3720588235294118,253,680
70,0xd2e5312565d0868b3d35d92c727f5fbd09686f15,0x8bef3368af47c29746d13a6f1f3844dd685b90d2,0x49e5f940555cb761af51d1fc2489115d96707a55,0.25,48.66735163744391,936,28,0.26816239316239315,0.4732905982905983,40505675.39962149,45657942.711666785,12.719865207070335,-7.2415583909182235,16.422417449556836,1.5000000000000002,7.6808590586386005,0.8117647058823529,552,680
70,0xd2e5312565d0868b3d35d92c727f5fbd09686f15,0x8bef3368af47c29746d13a6f1f3844dd685b90d2,0x49e5f940555cb761af51d1fc2489115d96707a55,0.5,48.66735163744391,936,28,0.26816239316239315,0.4732905982905983,40505675.39962149,45657942.711666785,12.719865207070335,-6.562359304822085,12.190093082464095,1.5000000000000002,4.127733777641995,0.9941176470588236,676,680
70,0xd2e5312565d0868b3d35d92c727f5fbd09686f15,0x8bef3368af47c29746d13a6f1f3844dd685b90d2,0x49e5f940555cb761af51d1fc2489115d96707a55,1.0,48.66735163744391,936,28,0.26816239316239315,0.4732905982905983,40505675.39962149,45657942.711666785,12.719865207070335,-6.2187154324155,7.821878193694393,1.5000000000000002,0.10316276127888546,1.0,680,680
70,0xd2e5312565d0868b3d35d92c727f5fbd09686f15,0x8bef3368af47c29746d13a6f1f3844dd685b90d2,0x49e5f940555cb761af51d1fc2489115d96707a55,2.0,48.66735163744391,936,28,0.26816239316239315,0.4732905982905983,40505675.39962149,45657942.711666785,12.719865207070335,-6.041735304954132,5.425405790953235,1.5000000000000002,-2.116329514000903,1.0,680,680
71,0x7f4cb79ee261ac8d6f6d85778b8d2723f381d6ad,0xcc9c1ec224c3824ae5ea699ec72ef5fad4165e49,0xd5cba364c84f6bdcdcd9f8d735a3a9a048016c68,0.1,46.76863292745675,1798,29,0.39655172413793105,0.44771968854282534,43864300.030307665,55099978.866570026,25.614631553448163,-18.448638393752816,10.406258585202204,1.5000000000000002,-9.542379808550628,0.12927377090092337,518,4007
71,0x7f4cb79ee261ac8d6f6d85778b8d2723f381d6ad,0xcc9c1ec224c3824ae5ea699ec72ef5fad4165e49,0xd5cba364c84f6bdcdcd9f8d735a3a9a048016c68,0.25,46.76863292745675,1798,29,0.39655172413793105,0.44771968854282534,43864300.030307665,55099978.866570026,25.614631553448163,-15.693181496588405,14.328292945045687,1.5000000000000002,-2.8648885515427325,0.4312453206887946,1728,4007
71,0x7f4cb79ee261ac8d6f6d85778b8d2723f381d6ad,0xcc9c1ec224c3824ae5ea699ec72ef5fad4165e49,0xd5cba364c84f6bdcdcd9f8d735a3a9a048016c68,0.5,46.76863292745675,1798,29,0.39655172413793105,0.44771968854282534,43864300.030307665,55099978.866570026,25.614631553448163,-13.359970368537944,14.838761174589083,1.5000000000000002,-0.021209193948856786,0.9388570002495633,3762,4007
71,0x7f4cb79ee261ac8d6f6d85778b8d2723f381d6ad,0xcc9c1ec224c3824ae5ea699ec72ef5fad4165e49,0xd5cba364c84f6bdcdcd9f8d735a3a9a048016c68,1.0,46.76863292745675,1798,29,0.39655172413793105,0.44771968854282534,43864300.030307665,55099978.866570026,25.614631553448163,-12.178185604917003,10.725008527713406,1.5000000000000002,-2.953177077203617,0.9940104816571,3983,4007
71,0x7f4cb79ee261ac8d6f6d85778b8d2723f381d6ad,0xcc9c1ec224c3824ae5ea699ec72ef5fad4165e49,0xd5cba364c84f6bdcdcd9f8d735a3a9a048016c68,2.0,46.76863292745675,1798,29,0.39655172413793105,0.44771968854282534,43864300.030307665,55099978.866570026,25.614631553448163,-11.569554301140638,7.687447421393796,1.5000000000000002,-5.382106879746851,1.0,4007,4007
72,0x098be2de83c6a483deaf457868c88f684e4351e1,0x6e4db65db8758d943f61d2f9abcb26449b93082d,0xbd3b35b31154c6e91d946d98d79dd9f19b05ff7c,0.1,46.682243303527265,1183,25,0.2975486052409129,0.40321217244294166,204936538.08171728,270271632.06999016,31.880646857721807,-22.323369767040578,3.8027744683520686,1.5000000000000002,-20.020595298688526,0.20430107526881722,38,186
72,0x098be2de83c6a483deaf457868c88f684e4351e1,0x6e4db65db8758d943f61d2f9abcb26449b93082d,0xbd3b35b31154c6e91d946d98d79dd9f19b05ff7c,0.25,46.682243303527265,1183,25,0.2975486052409129,0.40321217244294166,204936538.08171728,270271632.06999016,31.880646857721807,-19.698832269342915,3.7433457540674486,1.5000000000000002,-17.455486515275464,0.41397849462365593,77,186
72,0x098be2de83c6a483deaf457868c88f684e4351e1,0x6e4db65db8758d943f61d2f9abcb26449b93082d,0xbd3b35b31154c6e91d946d98d79dd9f19b05ff7c,0.5,46.682243303527265,1183,25,0.2975486052409129,0.40321217244294166,204936538.08171728,270271632.06999016,31.880646857721807,-16.63651424607676,3.5877427953871894,1.5000000000000002,-14.548771450689568,0.7473118279569892,139,186
72,0x098be2de83c6a483deaf457868c88f684e4351e1,0x6e4db65db8758d943f61d2f9abcb26449b93082d,0xbd3b35b31154c6e91d946d98d79dd9f19b05ff7c,1.0,46.682243303527265,1183,25,0.2975486052409129,0.40321217244294166,204936538.08171728,270271632.06999016,31.880646857721807,-14.937335449594947,3.0032704077474803,1.5000000000000002,-13.434065041847475,1.0,186,186
72,0x098be2de83c6a483deaf457868c88f684e4351e1,0x6e4db65db8758d943f61d2f9abcb26449b93082d,0xbd3b35b31154c6e91d946d98d79dd9f19b05ff7c,2.0,46.682243303527265,1183,25,0.2975486052409129,0.40321217244294166,204936538.08171728,270271632.06999016,31.880646857721807,-14.062240899312183,2.08546632853679,1.5000000000000002,-13.476774570775396,1.0,186,186
73,0xb192bb510840368094d23a025d0b20e4f88e7558,0x7453223543bbcb27cc024ad4728068a7ce7852f7,0x6cc9b3f8e3424d0b8c80a0070108c45418539a8c,0.1,44.68818549611747,595,31,0.1949579831932773,0.4773109243697479,62253648.112262264,113697186.86747427,82.63538011851716,-43.90985889917325,1.6734792465120465,1.5000000000000002,-43.736379652661206,0.2781065088757396,47,169
73,0xb192bb510840368094d23a025d0b20e4f88e7558,0x7453223543bbcb27cc024ad4728068a7ce7852f7,0x6cc9b3f8e3424d0b8c80a0070108c45418539a8c,0.25,44.68818549611747,595,31,0.1949579831932773,0.4773109243697479,62253648.112262264,113697186.86747427,82.63538011851716,-42.014685561597,0.9558573401315624,1.5000000000000002,-42.55882822146544,0.2958579881656805,50,169
73,0xb192bb510840368094d23a025d0b20e4f88e7558,0x7453223543bbcb27cc024ad4728068a7ce7852f7,0x6cc9b3f8e3424d0b8c80a0070108c45418539a8c,0.5,44.68818549611747,595,31,0.1949579831932773,0.4773109243697479,62253648.112262264,113697186.86747427,82.63538011851716,-39.093266870091384,1.0221108079576677,1.5000000000000002,-39.57115606213372,0.5680473372781065,96,169
73,0xb192bb510840368094d23a025d0b20e4f88e7558,0x7453223543bbcb27cc024ad4728068a7ce7852f7,0x6cc9b3f8e3424d0b8c80a0070108c45418539a8c,1.0,44.68818549611747,595,31,0.1949579831932773,0.4773109243697479,62253648.112262264,113697186.86747427,82.63538011851716,-34.16674699976966,1.658396747313734,1.5000000000000002,-34.00835025245592,0.9940828402366864,168,169
73,0xb192bb510840368094d23a025d0b20e4f88e7558,0x7453223543bbcb27cc024ad4728068a7ce7852f7,0x6cc9b3f8e3424d0b8c80a0070108c45418539a8c,2.0,44.68818549611747,595,31,0.1949579831932773,0.4773109243697479,62253648.112262264,113697186.86747427,82.63538011851716,-30.622748308442947,1.1546754481591603,1.5000000000000002,-30.96807286028379,1.0,169,169
74,0x621bd80612cce26d3a5963a4fd0cd07acae45d6f,0xacb168d5517f58808ca8f1974724d69220e38826,0xa3cee33cce8ac75ee965e988f01da9b688888888,0.1,43.61806064959909,1130,25,0.252212389380531,0.49557522123893805,252701323.53161868,326562400.96953684,29.228607276635987,-20.729283888964112,1.442265879843772,1.5000000000000002,-20.787018009120352,0.6111111111111112,33,54
74,0x621bd80612cce26d3a5963a4fd0cd07acae45d6f,0xacb168d5517f58808ca8f1974724d69220e38826,0xa3cee33cce8ac75ee965e988f01da9b688888888,0.25,43.61806064959909,1130,25,0.252212389380531,0.49557522123893805,252701323.53161868,326562400.96953684,29.228607276635987,-18.05088542756326,0.8223952532855544,1.5000000000000002,-18.728490174277702,0.6851851851851852,37,54
74,0x621bd80612cce26d3a5963a4fd0cd07acae45d6f,0xacb168d5517f58808ca8f1974724d69220e38826,0xa3cee33cce8ac75ee965e988f01da9b688888888,0.5,43.61806064959909,1130,25,0.252212389380531,0.49557522123893805,252701323.53161868,326562400.96953684,29.228607276635987,-15.254001000190032,0.6996121011179712,1.5000000000000002,-16.05438889907208,1.0,54,54
74,0x621bd80612cce26d3a5963a4fd0cd07acae45d6f,0xacb168d5517f58808ca8f1974724d69220e38826,0xa3cee33cce8ac75ee965e988f01da9b688888888,1.0,43.61806064959909,1130,25,0.252212389380531,0.49557522123893805,252701323.53161868,326562400.96953684,29.228607276635987,-13.780575369172022,0.4402326005738022,1.5000000000000002,-14.840342768598214,1.0,54,54
74,0x621bd80612cce26d3a5963a4fd0cd07acae45d6f,0xacb168d5517f58808ca8f1974724d69220e38826,0xa3cee33cce8ac75ee965e988f01da9b688888888,2.0,43.61806064959909,1130,25,0.252212389380531,0.49557522123893805,252701323.53161868,326562400.96953684,29.228607276635987,-13.0217460201827,0.30576483046571307,1.5000000000000002,-14.215981189716997,1.0,54,54
75,0x9525237c0705275149a59ba7b0deaa33e6b71dc4,0x915900f29ff3fc3824bc58af79a2aacb8257c9e8,0x15c61566531bb0df98531029292a5a54d82c3b37,0.1,41.27763727840724,888,25,0.32882882882882886,0.46846846846846846,177660424.44616407,241743914.6566596,36.070774011864735,-24.715323218801366,4.743347556257887,1.5000000000000002,-21.471975662543485,0.42857142857142855,27,63
75,0x9525237c0705275149a59ba7b0deaa33e6b71dc4,0x915900f29ff3fc3824bc58af79a2aacb8257c9e8,0x15c61566531bb0df98531029292a5a54d82c3b37,0.25,41.27763727840724,888,25,0.32882882882882886,0.46846846846846846,177660424.44616407,241743914.6566596,36.070774011864735,-22.17160502940875,3.084539383389148,1.5000000000000002,-20.58706564601961,0.6825396825396826,43,63
75,0x9525237c0705275149a59ba7b0deaa33e6b71dc4,0x915900f29ff3fc3824bc58af79a2aacb8257c9e8,0x15c61566531bb0df98531029292a5a54d82c3b37,0.5,41.27763727840724,888,25,0.32882882882882886,0.46846846846846846,177660424.44616407,241743914.6566596,36.070774011864735,-18.80523480519154,2.100770388768913,1.5000000000000002,-18.20446441642264,1.0,63,63
75,0x9525237c0705275149a59ba7b0deaa33e6b71dc4,0x915900f29ff3fc3824bc58af79a2aacb8257c9e8,0x15c61566531bb0df98531029292a5a54d82c3b37,1.0,41.27763727840724,888,25,0.32882882882882886,0.46846846846846846,177660424.44616407,241743914.6566596,36.070774011864735,-16.732114387382136,1.3209933137666747,1.5000000000000002,-16.911121073615465,1.0,63,63
75,0x9525237c0705275149a59ba7b0deaa33e6b71dc4,0x915900f29ff3fc3824bc58af79a2aacb8257c9e8,0x15c61566531bb0df98531029292a5a54d82c3b37,2.0,41.27763727840724,888,25,0.32882882882882886,0.46846846846846846,177660424.44616407,241743914.6566596,36.070774011864735,-15.66443605743758,0.9171682803025515,1.5000000000000002,-16.247267777135033,1.0,63,63
76,0x2f762a58e27bac9c79f01de74bb130c92bce9943,0xb93bbe0af35b5fe541c048e6adfd70f3bd7906b8,0xa44db311bf4401469d27f251b35928ddda047bf3,0.1,40.23286477694018,869,27,0.4476409666283084,0.47871116225546606,213690040.99662405,312418653.81452906,46.2017847708049,-29.932153311876696,0.28210747318794155,1.5000000000000002,-31.150045838688754,0.2222222222222222,6,27
76,0x2f762a58e27bac9c79f01de74bb130c92bce9943,0xb93bbe0af35b5fe541c048e6adfd70f3bd7906b8,0xa44db311bf4401469d27f251b35928ddda047bf3,0.25,40.23286477694018,869,27,0.4476409666283084,0.47871116225546606,213690040.99662405,312418653.81452906,46.2017847708049,-27.56470134512181,0.36893178864042975,1.5000000000000002,-28.695769556481387,0.37037037037037035,10,27
76,0x2f762a58e27bac9c79f01de74bb130c92bce9943,0xb93bbe0af35b5fe541c048e6adfd70f3bd7906b8,0xa44db311bf4401469d27f251b35928ddda047bf3,0.5,40.23286477694018,869,27,0.4476409666283084,0.47871116225546606,213690040.99662405,312418653.81452906,46.2017847708049,-23.952321323429835,0.4714762408627973,1.5000000000000002,-24.980845082567036,0.7777777777777778,21,27
76,0x2f762a58e27bac9c79f01de74bb130c92bce9943,0xb93bbe0af35b5fe541c048e6adfd70f3bd7906b8,0xa44db311bf4401469d27f251b35928ddda047bf3,1.0,40.23286477694018,869,27,0.4476409666283084,0.47871116225546606,213690040.99662405,312418653.81452906,46.2017847708049,-20.907849341507934,0.37897584101938114,1.5000000000000002,-22.028873500488544,1.0,27,27
76,0x2f762a58e27bac9c79f01de74bb130c92bce9943,0xb93bbe0af35b5fe541c048e6adfd70f3bd7906b8,0xa44db311bf4401469d27f251b35928ddda047bf3,2.0,40.23286477694018,869,27,0.4476409666283084,0.47871116225546606,213690040.99662405,312418653.81452906,46.2017847708049,-19.33991496910129,0.2631714434680456,1.5000000000000002,-20.576743525633244,1.0,27,27
77,0x6f0461f3534edcc7eafc8b2dd4ab03ea02789d14,0x1c46b64197d85efa1642fbd778b13af04d544d41,0xaf504749bcdcdcf5adeb6bdb734a9366a8f6d561,0.1,39.714532609788016,1410,28,0.28368794326241137,0.4546099290780142,288993469.739478,433331135.1383796,49.94495741686453,-31.681302143618506,0.3348830781282893,1.5000000000000002,-32.84641906549021,0.11428571428571428,4,35
77,0x6f0461f3534edcc7eafc8b2dd4ab03ea02789d14,0x1c46b64197d85efa1642fbd778b13af04d544d41,0xaf504749bcdcdcf5adeb6bdb734a9366a8f6d561,0.25,39.714532609788016,1410,28,0.28368794326241137,0.4546099290780142,288993469.739478,433331135.1383796,49.94495741686453,-29.372950406677823,0.3730718486880094,1.5000000000000002,-30.499878557989813,0.37142857142857144,13,35
77,0x6f0461f3534edcc7eafc8b2dd4ab03ea02789d14,0x1c46b64197d85efa1642fbd778b13af04d544d41,0xaf504749bcdcdcf5adeb6bdb734a9366a8f6d561,0.5,39.714532609788016,1410,28,0.28368794326241137,0.4546099290780142,288993469.739478,433331135.1383796,49.94495741686453,-25.814622745553116,0.38851960478758774,1.5000000000000002,-26.926103140765523,1.0,35,35
77,0x6f0461f3534edcc7eafc8b2dd4ab03ea02789d14,0x1c46b64197d85efa1642fbd778b13af04d544d41,0xaf504749bcdcdcf5adeb6bdb734a9366a8f6d561,1.0,39.714532609788016,1410,28,0.28368794326241137,0.4546099290780142,288993469.739478,433331135.1383796,49.94495741686453,-22.39347287965342,0.24454999998971363,1.5000000000000002,-23.648922879663704,1.0,35,35
77,0x6f0461f3534edcc7eafc8b2dd4ab03ea02789d14,0x1c46b64197d85efa1642fbd778b13af04d544d41,0xaf504749bcdcdcf5adeb6bdb734a9366a8f6d561,2.0,39.714532609788016,1410,28,0.28368794326241137,0.4546099290780142,288993469.739478,433331135.1383796,49.94495741686453,-20.631545524187235,0.16987924627361067,1.5000000000000002,-21.96166627791363,1.0,35,35
78,0x5b2afe7c1cb341b14c8b67827bd9afa8fc3e3ca5,0x494a98bdf4453676dfd19a69ccb4bed6fa437d91,0xe0e08cc2fd32c04e4dca3ade6a6490a104dcbe35,0.1,36.45276365570549,926,26,0.3898488120950324,0.45788336933045354,609294134.2548072,686901109.0274903,12.737193813231062,-9.133411127637125,0.4232413821311358,1.5000000000000002,-10.210169745505993,0.6666666666666666,4,6
78,0x5b2afe7c1cb341b14c8b67827bd9afa8fc3e3ca5,0x494a98bdf4453676dfd19a69ccb4bed6fa437d91,0xe0e08cc2fd32c04e4dca3ade6a6490a104dcbe35,0.25,36.45276365570549,926,26,0.3898488120950324,0.45788336933045354,609294134.2548072,686901109.0274903,12.737193813231062,-7.252363647313209,0.26711859686621375,1.5000000000000002,-8.485245050446999,1.0,6,6
78,0x5b2afe7c1cb341b14c8b67827bd9afa8fc3e3ca5,0x494a98bdf4453676dfd19a69ccb4bed6fa437d91,0xe0e08cc2fd32c04e4dca3ade6a6490a104dcbe35,0.5,36.45276365570549,926,26,0.3898488120950324,0.45788336933045354,609294134.2548072,686901109.0274903,12.737193813231062,-6.571471304678211,0.15571315043471604,1.5000000000000002,-7.915758154243502,1.0,6,6
78,0x5b2afe7c1cb341b14c8b67827bd9afa8fc3e3ca5,0x494a98bdf4453676dfd19a69ccb4bed6fa437d91,0xe0e08cc2fd32c04e4dca3ade6a6490a104dcbe35,1.0,36.45276365570549,926,26,0.3898488120950324,0.45788336933045354,609294134.2548072,686901109.0274903,12.737193813231062,-6.226970721410419,0.09821541787455558,1.5000000000000002,-7.628755303535872,1.0,6,6
78,0x5b2afe7c1cb341b14c8b67827bd9afa8fc3e3ca5,0x494a98bdf4453676dfd19a69ccb4bed6fa437d91,0xe0e08cc2fd32c04e4dca3ade6a6490a104dcbe35,2.0,36.45276365570549,926,26,0.3898488120950324,0.45788336933045354,609294134.2548072,686901109.0274903,12.737193813231062,-6.049549379047193,0.06829983749996014,1.5000000000000002,-7.48124954154723,1.0,6,6
79,0xa7809300f124c0098707d60ef71f4c22454b5a6a,0xbfb390acd4a4bf14f9649065f7b641632e63b3c6,0xc52aa10c5f327ac908f672fd645ced7df675c241,0.1,35.49149599459299,946,29,0.26955602536997886,0.46617336152219874,351278054.48342824,387201929.8483715,10.226621021848658,-7.063791433648081,0.778577175281375,1.5000000000000002,-7.785214258366702,0.9166666666666666,11,12
79,0xa7809300f124c0098707d60ef71f4c22454b5a6a,0xbfb390acd4a4bf14f9649065f7b641632e63b3c6,0xc52aa10c5f327ac908f672fd645ced7df675c241,0.25,35.49149599459299,946,29,0.26955602536997886,0.46617336152219874,351278054.48342824,387201929.8483715,10.226621021848658,-5.708294825737282,0.36041641028427224,1.5000000000000002,-6.847878415453012,1.0,12,12
79,0xa7809300f124c0098707d60ef71f4c22454b5a6a,0xbfb390acd4a4bf14f9649065f7b641632e63b3c6,0xc52aa10c5f327ac908f672fd645ced7df675c241,0.5,35.49149599459299,946,29,0.26955602536997886,0.46617336152219874,351278054.48342824,387201929.8483715,10.226621021848658,-5.254145028635049,0.20944795837357283,1.5000000000000002,-6.544697070261474,1.0,12,12
79,0xa7809300f124c0098707d60ef71f4c22454b5a6a,0xbfb390acd4a4bf14f9649065f7b641632e63b3c6,0xc52aa10c5f327ac908f672fd645ced7df675c241,1.0,35.49149599459299,946,29,0.26955602536997886,0.46617336152219874,351278054.48342824,387201929.8483715,10.226621021848658,-5.024365869440528,0.1318972086571023,1.5000000000000002,-6.392468660783434,1.0,12,12
79,0xa7809300f124c0098707d60ef71f4c22454b5a6a,0xbfb390acd4a4bf14f9649065f7b641632e63b3c6,0xc52aa10c5f327ac908f672fd645ced7df675c241,2.0,35.49149599459299,946,29,0.26955602536997886,0.46617336152219874,351278054.48342824,387201929.8483715,10.226621021848658,-4.906027239982547,0.0916462065039835,1.5000000000000002,-6.314381033478577,1.0,12,12
80,0x3e6c078520fd55f4f7490a7fa3fc62a351c14973,0x5809e72cea544f7656c5a5fcc875a3bca29f0f5b,0x023c69b732b615dde81a5d873dfa86606f3af89d,0.1,35.28717953438446,1067,26,0.2155576382380506,0.46485473289597,401792552.3279208,413316185.89461416,2.868055542574721,-1.60580405017976,0.12988265279447922,1.5000000000000002,-2.975921397385295,1.0,9,9
80,0x3e6c078520fd55f4f7490a7fa3fc62a351c14973,0x5809e72cea544f7656c5a5fcc875a3bca29f0f5b,0x023c69b732b615dde81a5d873dfa86606f3af89d,0.25,35.28717953438446,1067,26,0.2155576382380506,0.46485473289597,401792552.3279208,413316185.89461416,2.868055542574721,-1.4873906552260507,0.05907897581605094,1.5000000000000002,-2.9283116794100006,1.0,9,9
80,0x3e6c078520fd55f4f7490a7fa3fc62a351c14973,0x5809e72cea544f7656c5a5fcc875a3bca29f0f5b,0x023c69b732b615dde81a5d873dfa86606f3af89d,0.5,35.28717953438446,1067,26,0.2155576382380506,0.46485473289597,401792552.3279208,413316185.89461416,2.868055542574721,-1.4477487547085888,0.03435593079217513,1.5000000000000002,-2.9133928239164275,1.0,9,9
80,0x3e6c078520fd55f4f7490a7fa3fc62a351c14973,0x5809e72cea544f7656c5a5fcc875a3bca29f0f5b,0x023c69b732b615dde81a5d873dfa86606f3af89d,1.0,35.28717953438446,1067,26,0.2155576382380506,0.46485473289597,401792552.3279208,413316185.89461416,2.868055542574721,-1.4276917545119394,0.02164282426316865,1.5000000000000002,-2.9060489302487835,1.0,9,9
80,0x3e6c078520fd55f4f7490a7fa3fc62a351c14973,0x5809e72cea544f7656c5a5fcc875a3bca29f0f5b,0x023c69b732b615dde81a5d873dfa86606f3af89d,2.0,35.28717953438446,1067,26,0.2155576382380506,0.46485473289597,401792552.3279208,413316185.89461416,2.868055542574721,-1.417362193194771,0.015040840961737611,1.5000000000000002,-2.9023213522330393,1.0,9,9
81,0xbfac28d6b6a258f442639cf20864f655116d57a6,0x12f8cca1875b6cdfaf00f7efde52a40c275ab8d8,0x1cc115c0f8138281afcb786609f70e3f260beffa,0.1,32.958437594736964,375,25,0.22133333333333333,0.44533333333333336,88894600.06507514,178575772.47636044,100.88483703805893,-49.00538840116659,0.22382335176478899,1.5000000000000002,-50.2815650494018,0.14,14,100
81,0xbfac28d6b6a258f442639cf20864f655116d57a6,0x12f8cca1875b6cdfaf00f7efde52a40c275ab8d8,0x1cc115c0f8138281afcb786609f70e3f260beffa,0.25,32.958437594736964,375,25,0.22133333333333333,0.44533333333333336,88894600.06507514,178575772.47636044,100.88483703805893,-47.28238278261342,0.25583133275396436,1.5000000000000002,-48.52655144985945,0.17,17,100
81,0xbfac28d6b6a258f442639cf20864f655116d57a6,0x12f8cca1875b6cdfaf00f7efde52a40c275ab8d8,0x1cc115c0f8138281afcb786609f70e3f260beffa,0.5,32.958437594736964,375,25,0.22133333333333333,0.44533333333333336,88894600.06507514,178575772.47636044,100.88483703805893,-44.62636144682993,0.4698393918229407,1.5000000000000002,-45.656522055006995,0.24,24,100
81,0xbfac28d6b6a258f442639cf20864f655116d57a6,0x12f8cca1875b6cdfaf00f7efde52a40c275ab8d8,0x1cc115c0f8138281afcb786609f70e3f260beffa,1.0,32.958437594736964,375,25,0.22133333333333333,0.44533333333333336,88894600.06507514,178575772.47636044,100.88483703805893,-39.910507981353845,1.1005901336268407,1.5000000000000002,-40.30991784772701,0.97,97,100
81,0xbfac28d6b6a258f442639cf20864f655116d57a6,0x12f8cca1875b6cdfaf00f7efde52a40c275ab8d8,0x1cc115c0f8138281afcb786609f70e3f260beffa,2.0,32.958437594736964,375,25,0.22133333333333333,0.44533333333333336,88894600.06507514,178575772.47636044,100.88483703805893,-35.36708810570095,0.7873314992566852,1.5000000000000002,-36.07975660644427,1.0,100,100
82,0xb2f39b36d00b5dc60e226d23854a84df7c677d54,0xa951cede6761b80426d661b8934ff7d109ae3bed,0x901e551bf2067b7dc2d8d4b3a556a9b6b366c903,0.1,32.77015301324599,1096,26,0.2417883211678832,0.4835766423357664,439050503.25401676,552084096.3008665,25.74500933471271,-18.533194318807645,6.743844163591533,1.5000000000000002,-13.289350155216118,0.1461038961038961,45,308
82,0xb2f39b36d00b5dc60e226d23854a84df7c677d54,0xa951cede6761b80426d661b8934ff7d109ae3bed,0x901e551bf2067b7dc2d8d4b3a556a9b6b366c903,0.25,32.77015301324599,1096,26,0.2417883211678832,0.4835766423357664,439050503.25401676,552084096.3008665,25.74500933471271,-15.780594396711434,6.576790855516011,1.5000000000000002,-10.703803541195423,0.3181818181818182,98,308
82,0xb2f39b36d00b5dc60e226d23854a84df7c677d54,0xa951cede6761b80426d661b8934ff7d109ae3bed,0x901e551bf2067b7dc2d8d4b3a556a9b6b366c903,0.5,32.77015301324599,1096,26,0.2417883211678832,0.4835766423357664,439050503.25401676,552084096.3008665,25.74500933471271,-13.428470348741916,5.362845534371508,1.5000000000000002,-9.565624814370421,0.4512987012987013,139,308
82,0xb2f39b36d00b5dc60e226d23854a84df7c677d54,0xa951cede6761b80426d661b8934ff7d109ae3bed,0x901e551bf2067b7dc2d8d4b3a556a9b6b366c903,1.0,32.77015301324599,1096,26,0.2417883211678832,0.4835766423357664,439050503.25401676,552084096.3008665,25.74500933471271,-12.236516017090027,5.0652475896738585,1.5000000000000002,-8.671268427416168,0.7694805194805194,237,308
82,0xb2f39b36d00b5dc60e226d23854a84df7c677d54,0xa951cede6761b80426d661b8934ff7d109ae3bed,0x901e551bf2067b7dc2d8d4b3a556a9b6b366c903,2.0,32.77015301324599,1096,26,0.2417883211678832,0.4835766423357664,439050503.25401676,552084096.3008665,25.74500933471271,-11.622647281219411,4.4859455178599825,1.5000000000000002,-8.636701763359422,1.0,308,308
83,0x8e8c9984add1c4035c9e5c162bc0daa24a765754,0x9b04885b34c473249b3992a580bee945dc3e14d4,0xdf651625a9c9fd3c5d8145737e1039d2a262c23e,0.1,30.11060873117688,878,28,0.224373576309795,0.49430523917995445,119700291.81332736,182562214.23030734,52.516097884717915,-32.833029542927946,0.6650492530671864,1.5000000000000002,-33.667980289860765,0.07692307692307693,12,156
83,0x8e8c9984add1c4035c9e5c162bc0daa24a765754,0x9b04885b34c473249b3992a580bee945dc3e14d4,0xdf651625a9c9fd3c5d8145737e1039d2a262c23e,0.25,30.11060873117688,878,28,0.224373576309795,0.49430523917995445,119700291.81332736,182562214.23030734,52.516097884717915,-30.56359236416968,0.8110298995504868,1.5000000000000002,-31.25256246461918,0.19230769230769232,30,156
83,0x8e8c9984add1c4035c9e5c162bc0daa24a765754,0x9b04885b34c473249b3992a580bee945dc3e14d4,0xdf651625a9c9fd3c5d8145737e1039d2a262c23e,0.5,30.11060873117688,878,28,0.224373576309795,0.49430523917995445,119700291.81332736,182562214.23030734,52.516097884717915,-27.065244185790693,1.492851286527953,1.5000000000000002,-27.072392899262752,0.5705128205128205,89,156
83,0x8e8c9984add1c4035c9e5c162bc0daa24a765754,0x9b04885b34c473249b3992a580bee945dc3e14d4,0xdf651625a9c9fd3c5d8145737e1039d2a262c23e,1.0,30.11060873117688,878,28,0.224373576309795,0.49430523917995445,119700291.81332736,182562214.23030734,52.516097884717915,-23.396524762944715,1.6863477451462692,1.5000000000000002,-23.21017701779845,1.0,156,156
83,0x8e8c9984add1c4035c9e5c162bc0daa24a765754,0x9b04885b34c473249b3992a580bee945dc3e14d4,0xdf651625a9c9fd3c5d8145737e1039d2a262c23e,2.0,30.11060873117688,878,28,0.224373576309795,0.49430523917995445,119700291.81332736,182562214.23030734,52.516097884717915,-21.49923578059272,1.1704404067945489,1.5000000000000002,-21.828795373798183,1.0,156,156
84,0x492c5ecf01c9b5ed9f7ab28a39df82eb01b7da39,0x3b8a7aba0a2094683937559cc85a8788a5ebd55a,0xa30484b3ff50989415d6d5d2d4edfcf4d09c5fe9,0.1,29.092989929371416,929,27,0.2465016146393972,0.47255113024757806,181822371.5051508,353723032.777963,94.54318511511795,-47.343083568879564,0.3729266151452255,1.5000000000000002,-48.47015695373433,0.11363636363636363,5,44
84,0x492c5ecf01c9b5ed9f7ab28a39df82eb01b7da39,0x3b8a7aba0a2094683937559cc85a8788a5ebd55a,0xa30484b3ff50989415d6d5d2d4edfcf4d09c5fe9,0.25,29.092989929371416,929,27,0.2465016146393972,0.47255113024757806,181822371.5051508,353723032.777963,94.54318511511795,-45.56391200502395,0.29676633383420276,1.5000000000000002,-46.767145671189745,0.2727272727272727,12,44
84,0x492c5ecf01c9b5ed9f7ab28a39df82eb01b7da39,0x3b8a7aba0a2094683937559cc85a8788a5ebd55a,0xa30484b3ff50989415d6d5d2d4edfcf4d09c5fe9,0.5,29.092989929371416,929,27,0.2465016146393972,0.47255113024757806,181822371.5051508,353723032.777963,94.54318511511795,-42.821310598077986,0.3636442242487189,1.5000000000000002,-43.95766637382928,0.38636363636363635,17,44
84,0x492c5ecf01c9b5ed9f7ab28a39df82eb01b7da39,0x3b8a7aba0a2094683937559cc85a8788a5ebd55a,0xa30484b3ff50989415d6d5d2d4edfcf4d09c5fe9,1.0,29.092989929371416,929,27,0.2465016146393972,0.47255113024757806,181822371.5051508,353723032.777963,94.54318511511795,-37.975146909892466,0.49754273884193395,1.5000000000000002,-38.97760417105054,0.9318181818181818,41,44
84,0x492c5ecf01c9b5ed9f7ab28a39df82eb01b7da39,0x3b8a7aba0a2094683937559cc85a8788a5ebd55a,0xa30484b3ff50989415d6d5d2d4edfcf4d09c5fe9,2.0,29.092989929371416,929,27,0.2465016146393972,0.47255113024757806,181822371.5051508,353723032.777963,94.54318511511795,-33.7763993297998,0.39126029785704947,1.5000000000000002,-34.88513903194275,1.0,44,44
85,0xff6aa24815d1274a9be0cfd17c7c7489cd40a697,0x2286397228be256529be1ae9ed8d7d16549e9c6a,0x9cd7c9196a4c1836a3df089cb210272e07e6a5e5,0.1,25.295929799741682,798,37,0.23809523809523808,0.46867167919799496,219596981.29614756,236278774.6052607,7.596549465594049,-4.9184536745731755,3.1684217766489553,1.5000000000000002,-3.2500318979242215,0.43333333333333335,26,60
85,0xff6aa24815d1274a9be0cfd17c7c7489cd40a697,0x2286397228be256529be1ae9ed8d7d16549e9c6a,0x9cd7c9196a4c1836a3df089cb210272e07e6a5e5,0.25,25.295929799741682,798,37,0.23809523809523808,0.46867167919799496,219596981.29614756,236278774.6052607,7.596549465594049,-4.1421029992419705,2.3094470983595325,1.5000000000000002,-3.332655900882453,0.9833333333333333,59,60
85,0xff6aa24815d1274a9be0cfd17c7c7489cd40a697,0x2286397228be256529be1ae9ed8d7d16549e9c6a,0x9cd7c9196a4c1836a3df089cb210272e07e6a5e5,0.5,25.295929799741682,798,37,0.23809523809523808,0.46867167919799496,219596981.29614756,236278774.6052607,7.596549465594049,-3.8821998333021246,1.4287966908714804,1.5000000000000002,-3.953403142430645,1.0,60,60
85,0xff6aa24815d1274a9be0cfd17c7c7489cd40a697,0x2286397228be256529be1ae9ed8d7d16549e9c6a,0x9cd7c9196a4c1836a3df089cb210272e07e6a5e5,1.0,25.295929799741682,798,37,0.23809523809523808,0.46867167919799496,219596981.29614756,236278774.6052607,7.596549465594049,-3.750700642236293,0.8988108614170314,1.5000000000000002,-4.351889780819274,1.0,60,60
85,0xff6aa24815d1274a9be0cfd17c7c7489cd40a697,0x2286397228be256529be1ae9ed8d7d16549e9c6a,0x9cd7c9196a4c1836a3df089cb210272e07e6a5e5,2.0,25.295929799741682,798,37,0.23809523809523808,0.46867167919799496,219596981.29614756,236278774.6052607,7.596549465594049,-3.6829772068293853,0.6241770721244942,1.5000000000000002,-4.55880013470491,1.0,60,60
86,0xbc81c195651cb3db6904da57d940d9fcaef7b535,0x2c64fd9a6eee6bc1577b31a2b70ffc06c2972032,0x536733b3cc32778b3a842e688fd8743280f74362,0.1,22.84281599277643,556,26,0.2158273381294964,0.47302158273381295,155655452.0346123,306409260.8903656,96.85096595410674,-47.96040653801504,0.655968192615179,1.5000000000000002,-48.80443834539986,0.14893617021276595,14,94
86,0xbc81c195651cb3db6904da57d940d9fcaef7b535,0x2c64fd9a6eee6bc1577b31a2b70ffc06c2972032,0x536733b3cc32778b3a842e688fd8743280f74362,0.25,22.84281599277643,556,26,0.2158273381294964,0.47302158273381295,155655452.0346123,306409260.8903656,96.85096595410674,-46.20209307878918,0.8682438330388377,1.5000000000000002,-46.83384924575035,0.3404255319148936,32,94
86,0xbc81c195651cb3db6904da57d940d9fcaef7b535,0x2c64fd9a6eee6bc1577b31a2b70ffc06c2972032,0x536733b3cc32778b3a842e688fd8743280f74362,0.5,22.84281599277643,556,26,0.2158273381294964,0.47302158273381295,155655452.0346123,306409260.8903656,96.85096595410674,-43.49164453909108,0.861997890739379,1.5000000000000002,-44.12964664835171,0.6276595744680851,59,94
86,0xbc81c195651cb3db6904da57d940d9fcaef7b535,0x2c64fd9a6eee6bc1577b31a2b70ffc06c2972032,0x536733b3cc32778b3a842e688fd8743280f74362,1.0,22.84281599277643,556,26,0.2158273381294964,0.47302158273381295,155655452.0346123,306409260.8903656,96.85096595410674,-38.6868152508603,0.934272058493271,1.5000000000000002,-39.25254319236703,0.9574468085106383,90,94
86,0xbc81c195651cb3db6904da57d940d9fcaef7b535,0x2c64fd9a6eee6bc1577b31a2b70ffc06c2972032,0x536733b3cc32778b3a842e688fd8743280f74362,2.0,22.84281599277643,556,26,0.2158273381294964,0.47302158273381295,155655452.0346123,306409260.8903656,96.85096595410674,-34.36208416081548,0.6760504333269081,1.5000000000000002,-35.18603372748858,1.0,94,94
87,0x016b2c7c41e8f729c9284e3741997037722e8b0f,0xe3ce2d8d2ea0c487beef8feb8095e9018efc0fe7,0x0c81944aed5b884f06f43696eaec471f0c5670d4,0.1,22.33075722138887,688,30,0.3241279069767442,0.4680232558139535,114272988.74492851,249126818.3367009,118.01024115399908,-53.01117880230901,1.890798790896844,1.5000000000000002,-52.62038001141216,0.20134228187919462,30,149
87,0x016b2c7c41e8f729c9284e3741997037722e8b0f,0xe3ce2d8d2ea0c487beef8feb8095e9018efc0fe7,0x0c81944aed5b884f06f43696eaec471f0c5670d4,0.25,22.33075722138887,688,30,0.3241279069767442,0.4680232558139535,114272988.74492851,249126818.3367009,118.01024115399908,-51.42352080483806,2.611809145760464,1.5000000000000002,-50.311711659077595,0.4697986577181208,70,149
87,0x016b2c7c41e8f729c9284e3741997037722e8b0f,0xe3ce2d8d2ea0c487beef8feb8095e9018efc0fe7,0x0c81944aed5b884f06f43696eaec471f0c5670d4,0.5,22.33075722138887,688,30,0.3241279069767442,0.4680232558139535,114272988.74492851,249126818.3367009,118.01024115399908,-48.97613846910834,1.8708773775273075,1.5000000000000002,-48.60526109158103,0.610738255033557,91,149
87,0x016b2c7c41e8f729c9284e3741997037722e8b0f,0xe3ce2d8d2ea0c487beef8feb8095e9018efc0fe7,0x0c81944aed5b884f06f43696eaec471f0c5670d4,1.0,22.33075722138887,688,30,0.3241279069767442,0.4680232558139535,114272988.74492851,249126818.3367009,118.01024115399908,-44.63073042821573,1.723835282765236,1.5000000000000002,-44.406895145450484,0.8926174496644296,133,149
87,0x016b2c7c41e8f729c9284e3741997037722e8b0f,0xe3ce2d8d2ea0c487beef8feb8095e9018efc0fe7,0x0c81944aed5b884f06f43696eaec471f0c5670d4,2.0,22.33075722138887,688,30,0.3241279069767442,0.4680232558139535,114272988.74492851,249126818.3367009,118.01024115399908,-39.38695944386297,1.306388448431253,1.5000000000000002,-39.58057099543172,1.0,149,149
88,0xad7f1cf0de40124afe1310f5f6aa893e559f1c69,0x6b1e894735b7146f233895e7cc143163ab31b96c,0xb6f24e4ecc523643195862d02dc7a1a4ca377745,0.1,21.933399945311,437,27,0.4302059496567506,0.4988558352402746,114058893.25543222,184886712.8097012,62.09758619667802,-36.80322772714614,0.2386849268950303,1.5000000000000002,-38.06454280025111,0.10294117647058823,7,68
88,0xad7f1cf0de40124afe1310f5f6aa893e559f1c69,0x6b1e894735b7146f233895e7cc143163ab31b96c,0xb6f24e4ecc523643195862d02dc7a1a4ca377745,0.25,21.933399945311,437,27,0.4302059496567506,0.4988558352402746,114058893.25543222,184886712.8097012,62.09758619667802,-34.66793557986673,0.3970119672575622,1.5000000000000002,-35.77092361260916,0.20588235294117646,14,68
88,0xad7f1cf0de40124afe1310f5f6aa893e559f1c69,0x6b1e894735b7146f233895e7cc143163ab31b96c,0xb6f24e4ecc523643195862d02dc7a1a4ca377745,0.5,21.933399945311,437,27,0.4302059496567506,0.4988558352402746,114058893.25543222,184886712.8097012,62.09758619667802,-31.376372603962245,0.7073175121535308,1.5000000000000002,-32.169055091808715,0.4852941176470588,33,68
88,0xad7f1cf0de40124afe1310f5f6aa893e559f1c69,0x6b1e894735b7146f233895e7cc143163ab31b96c,0xb6f24e4ecc523643195862d02dc7a1a4ca377745,1.0,21.933399945311,437,27,0.4302059496567506,0.4988558352402746,114058893.25543222,184886712.8097012,62.09758619667802,-27.01338978674247,0.9833419546006903,1.5000000000000002,-27.53004783214177,1.0,68,68
88,0xad7f1cf0de40124afe1310f5f6aa893e559f1c69,0x6b1e894735b7146f233895e7cc143163ab31b96c,0xb6f24e4ecc523643195862d02dc7a1a4ca377745,2.0,21.933399945311,437,27,0.4302059496567506,0.4988558352402746,114058893.25543222,184886712.8097012,62.09758619667802,-24.60061820383962,0.6824812822358206,1.5000000000000002,-25.418136921603796,1.0,68,68
89,0x79bfaa0f2960256089259dadb3791bc43eaf76a4,0x20aa6e63076ee856f46bb31f7d30e60b335b11e9,0xf566deac6539ac465069d73e0f657f10def4975b,0.1,21.387696451349875,664,25,0.17018072289156627,0.46536144578313254,91679811.84000087,127417001.44164872,38.98043515186986,-26.291465200431606,0.2913665375079335,1.5000000000000002,-27.500098662923676,0.11875,19,160
89,0x79bfaa0f2960256089259dadb3791bc43eaf76a4,0x20aa6e63076ee856f46bb31f7d30e60b335b11e9,0xf566deac6539ac465069d73e0f657f10def4975b,0.25,21.387696451349875,664,25,0.17018072289156627,0.46536144578313254,91679811.84000087,127417001.44164872,38.98043515186986,-23.80100168648096,0.6604622547736991,1.5000000000000002,-24.640539431707264,0.29375,47,160
89,0x79bfaa0f2960256089259dadb3791bc43eaf76a4,0x20aa6e63076ee856f46bb31f7d30e60b335b11e9,0xf566deac6539ac465069d73e0f657f10def4975b,0.5,21.387696451349875,664,25,0.17018072289156627,0.46536144578313254,91679811.84000087,127417001.44164872,38.98043515186986,-20.29838604894264,1.929107768960833,1.5000000000000002,-19.869278279981817,0.85,136,160
89,0x79bfaa0f2960256089259dadb3791bc43eaf76a4,0x20aa6e63076ee856f46bb31f7d30e60b335b11e9,0xf566deac6539ac465069d73e0f657f10def4975b,1.0,21.387696451349875,664,25,0.17018072289156627,0.46536144578313254,91679811.84000087,127417001.44164872,38.98043515186986,-17.954920353805225,1.318989320990691,1.5000000000000002,-18.135931032814533,1.0,160,160
89,0x79bfaa0f2960256089259dadb3791bc43eaf76a4,0x20aa6e63076ee856f46bb31f7d30e60b335b11e9,0xf566deac6539ac465069d73e0f657f10def4975b,2.0,21.387696451349875,664,25,0.17018072289156627,0.46536144578313254,91679811.84000087,127417001.44164872,38.98043515186986,-16.74801142648371,0.9152920562252245,1.5000000000000002,-17.332719370258488,1.0,160,160
90,0xa57e95a6843325f7ea81f1efd10601f3b969858b,0x47c54fb66467944f9fbe9c6e57ec0b8bbf29869a,0x7f07ec42efdfb07c26643addf5b24117c080ea6d,0.1,20.668896249284785,585,26,0.39145299145299145,0.48547008547008547,461845210.7278318,202091688.66994378,-56.242549673414786,2.4404424085075593,15.784099622549668,1.5000000000000002,16.724542031057222,0.20192307692307693,84,416
90,0xa57e95a6843325f7ea81f1efd10601f3b969858b,0x47c54fb66467944f9fbe9c6e57ec0b8bbf29869a,0x7f07ec42efdfb07c26643addf5b24117c080ea6d,0.25,20.668896249284785,585,26,0.39145299145299145,0.48547008547008547,461845210.7278318,202091688.66994378,-56.242549673414786,5.901699437494767,13.465993597204967,1.5000000000000002,17.867693034699727,0.3389423076923077,141,416
90,0xa57e95a6843325f7ea81f1efd10601f3b969858b,0x47c54fb66467944f9fbe9c6e57ec0b8bbf29869a,0x7f07ec42efdfb07c26643addf5b24117c080ea6d,0.5,20.668896249284785,585,26,0.39145299145299145,0.48547008547008547,461845210.7278318,202091688.66994378,-56.242549673414786,11.237243569579448,11.6755240802809,1.5000000000000002,21.41276764986033,0.5024038461538461,209,416
90,0xa57e95a6843325f7ea81f1efd10601f3b969858b,0x47c54fb66467944f9fbe9c6e57ec0b8bbf29869a,0x7f07ec42efdfb07c26643addf5b24117c080ea6d,1.0,20.668896249284785,585,26,0.39145299145299145,0.48547008547008547,461845210.7278318,202091688.66994378,-56.242549673414786,20.71067811865477,10.244967898848751,1.5000000000000002,29.4556460175035,0.6778846153846154,282,416
90,0xa57e95a6843325f7ea81f1efd10601f3b969858b,0x47c54fb66467944f9fbe9c6e57ec0b8bbf29869a,0x7f07ec42efdfb07c26643addf5b24117c080ea6d,2.0,20.668896249284785,585,26,0.39145299145299145,0.48547008547008547,461845210.7278318,202091688.66994378,-56.242549673414786,33.28708607232915,9.366223898009192,1.5000000000000002,41.15330997033835,0.9254807692307693,385,416
91,0xf950b81fa6f7eaf5f83393b150e475872571fbf6,0x2a3d3c0c9a1bb558e77411b37c1100dff2ec5640,0xbc65cf756b0819be5a6f5834961015d8b2669c66,0.1,12.292361490568444,464,26,0.23922413793103448,0.3857758620689655,298925931.47942376,450275478.6330931,50.63112002515826,-31.992510982194055,0.36302252116891204,1.5000000000000002,-33.12948846102515,0.14285714285714285,4,28
91,0xf950b81fa6f7eaf5f83393b150e475872571fbf6,0x2a3d3c0c9a1bb558e77411b37c1100dff2ec5640,0xbc65cf756b0819be5a6f5834961015d8b2669c66,0.25,12.292361490568444,464,26,0.23922413793103448,0.3857758620689655,298925931.47942376,450275478.6330931,50.63112002515826,-29.694674367549588,0.43216535070431217,1.5000000000000002,-30.762509016845275,0.5357142857142857,15,28
91,0xf950b81fa6f7eaf5f83393b150e475872571fbf6,0x2a3d3c0c9a1bb558e77411b37c1100dff2ec5640,0xbc65cf756b0819be5a6f5834961015d8b2669c66,0.5,12.292361490568444,464,26,0.23922413793103448,0.3857758620689655,298925931.47942376,450275478.6330931,50.63112002515826,-26.152548324011182,0.4619479423102066,1.5000000000000002,-27.190600381700982,0.9642857142857143,27,28
91,0xf950b81fa6f7eaf5f83393b150e475872571fbf6,0x2a3d3c0c9a1bb558e77411b37c1100dff2ec5640,0xbc65cf756b0819be5a6f5834961015d8b2669c66,1.0,12.292361490568444,464,26,0.23922413793103448,0.3857758620689655,298925931.47942376,450275478.6330931,50.63112002515826,-22.662533647356298,0.299119142767735,1.5000000000000002,-23.863414504588565,1.0,28,28
91,0xf950b81fa6f7eaf5f83393b150e475872571fbf6,0x2a3d3c0c9a1bb558e77411b37c1100dff2ec5640,0xbc65cf756b0819be5a6f5834961015d8b2669c66,2.0,12.292361490568444,464,26,0.23922413793103448,0.3857758620689655,298925931.47942376,450275478.6330931,50.63112002515826,-20.86463630919728,0.2077947324189463,1.5000000000000002,-22.15684157677834,1.0,28,28
92,0x4e5bdc7ecf67f62254867e9018d5c95e8dccb5e0,0xba996feddd47a80375db84a6bd947f8fa1a64e10,0x5ffa822ae9e83777be4468bfed1d2fad5d305df5,0.1,11.723425383212424,294,32,0.22448979591836735,0.4965986394557823,156551996.4876938,262155037.5779273,67.45556968897215,-38.82529998925808,0.27413916789976667,1.5000000000000002,-40.0511608213583,0.11904761904761904,5,42
92,0x4e5bdc7ecf67f62254867e9018d5c95e8dccb5e0,0xba996feddd47a80375db84a6bd947f8fa1a64e10,0x5ffa822ae9e83777be4468bfed1d2fad5d305df5,0.25,11.723425383212424,294,32,0.22448979591836735,0.4965986394557823,156551996.4876938,262155037.5779273,67.45556968897215,-36.75832960695546,0.4424440106210908,1.5000000000000002,-37.815885596334375,0.2619047619047619,11,42
92,0x4e5bdc7ecf67f62254867e9018d5c95e8dccb5e0,0xba996feddd47a80375db84a6bd947f8fa1a64e10,0x5ffa822ae9e83777be4468bfed1d2fad5d305df5,0.5,11.723425383212424,294,32,0.22448979591836735,0.4965986394557823,156551996.4876938,262155037.5779273,67.45556968897215,-33.57208495591472,0.5814779786466521,1.5000000000000002,-34.490606977268065,0.5952380952380952,25,42
92,0x4e5bdc7ecf67f62254867e9018d5c95e8dccb5e0,0xba996feddd47a80375db84a6bd947f8fa1a64e10,0x5ffa822ae9e83777be4468bfed1d2fad5d305df5,1.0,11.723425383212424,294,32,0.22448979591836735,0.4965986394557823,156551996.4876938,262155037.5779273,67.45556968897215,-28.95572595213801,0.5246912931524441,1.5000000000000002,-29.931034658985567,1.0,42,42
92,0x4e5bdc7ecf67f62254867e9018d5c95e8dccb5e0,0xba996feddd47a80375db84a6bd947f8fa1a64e10,0x5ffa822ae9e83777be4468bfed1d2fad5d305df5,2.0,11.723425383212424,294,32,0.22448979591836735,0.4965986394557823,156551996.4876938,262155037.5779273,67.45556968897215,-26.249643989506755,0.3642522774625257,1.5000000000000002,-27.38539171204423,1.0,42,42
