target_pct,stop_pct,hold_hours,friction_pct,delay_minutes,train_trades,train_wins,train_stops,train_ambiguous_bars,train_median_trade_pct,train_portfolio_total_pct,train_portfolio_worst_day_pct,holdout_trades,holdout_wins,holdout_stops,holdout_ambiguous_bars,holdout_median_trade_pct,holdout_portfolio_total_pct,holdout_portfolio_worst_day_pct
20.0,15.0,2,5.0,0,4,3,1,0,13.99999999999999,2.274999999999997,-0.5250000000000011,4,3,1,0,13.99999999999999,2.2094820976259424,-0.5905179023740559
20.0,15.0,2,5.0,15,4,3,1,0,9.765508650463072,1.4281017300926135,-0.5250000000000011,4,3,1,0,7.271378103545844,0.9292756207091678,-1.8707243792908301
20.0,15.0,2,5.0,30,4,3,1,0,9.607782703651235,1.396556540730246,-0.5250000000000011,4,2,1,0,6.724509047384169,0.8199018094768328,-1.9800981905231652
20.0,15.0,2,8.0,0,4,3,1,0,10.40000000000001,0.940000000000003,-1.1399999999999988,4,3,1,0,10.40000000000001,0.8765510840167089,-1.203448915983293
20.0,15.0,2,8.0,15,4,3,1,0,6.299229429922148,0.11984588598443083,-1.1399999999999988,4,2,1,0,3.8838609002759874,-0.36322781994480136,-2.4432278199448034
20.0,15.0,2,8.0,30,4,3,1,0,6.146484302483324,0.08929686049666596,-1.1399999999999988,4,2,1,0,3.354261393256258,-0.46914772134874705,-2.5491477213487492
20.0,15.0,2,10.0,0,4,3,1,0,8.000000000000007,0.05000000000000213,-1.5499999999999994,4,3,1,0,8.000000000000007,-0.012069591722785234,-1.6120695917227867
20.0,15.0,2,10.0,15,4,2,1,0,3.988376616228184,-0.7523246767543625,-1.5499999999999994,4,2,1,0,1.6255160980960746,-1.2248967803807844,-2.824896780380786
20.0,15.0,2,10.0,30,4,2,1,0,3.8389520350380293,-0.7822095929923935,-1.5499999999999994,4,2,1,0,1.107429623837647,-1.32851407523247,-2.9285140752324716
20.0,15.0,2,12.0,0,4,3,1,0,5.600000000000005,-0.8399999999999985,-1.9599999999999995,4,3,1,0,5.600000000000005,-0.9006902674622798,-2.020690267462281
20.0,15.0,2,12.0,15,4,2,1,0,1.6775238025342198,-1.6244952394931556,-1.9599999999999995,4,2,1,0,-0.6328287040838374,-2.0865657408167673,-3.2065657408167683
20.0,15.0,2,12.0,30,4,2,1,0,1.53141976759274,-1.6537160464814518,-1.9599999999999995,4,2,1,0,-1.13940214558097,-2.1878804291161935,-3.3078804291161945
20.0,15.0,3,5.0,0,4,3,1,0,13.99999999999999,2.274999999999997,-0.5250000000000011,4,3,1,0,13.99999999999999,2.2094820976259424,-0.5905179023740559
20.0,15.0,3,5.0,15,4,3,1,0,9.765508650463072,1.4281017300926135,-0.5250000000000011,4,3,1,0,7.271378103545844,0.9292756207091678,-1.8707243792908301
20.0,15.0,3,5.0,30,4,3,1,0,9.607782703651235,1.396556540730246,-0.5250000000000011,4,2,1,0,6.724509047384169,0.8199018094768328,-1.9800981905231652
20.0,15.0,3,8.0,0,4,3,1,0,10.40000000000001,0.940000000000003,-1.1399999999999988,4,3,1,0,10.40000000000001,0.8765510840167089,-1.203448915983293
20.0,15.0,3,8.0,15,4,3,1,0,6.299229429922148,0.11984588598443083,-1.1399999999999988,4,2,1,0,3.8838609002759874,-0.36322781994480136,-2.4432278199448034
20.0,15.0,3,8.0,30,4,3,1,0,6.146484302483324,0.08929686049666596,-1.1399999999999988,4,2,1,0,3.354261393256258,-0.46914772134874705,-2.5491477213487492
20.0,15.0,3,10.0,0,4,3,1,0,8.000000000000007,0.05000000000000213,-1.5499999999999994,4,3,1,0,8.000000000000007,-0.012069591722785234,-1.6120695917227867
20.0,15.0,3,10.0,15,4,2,1,0,3.988376616228184,-0.7523246767543625,-1.5499999999999994,4,2,1,0,1.6255160980960746,-1.2248967803807844,-2.824896780380786
20.0,15.0,3,10.0,30,4,2,1,0,3.8389520350380293,-0.7822095929923935,-1.5499999999999994,4,2,1,0,1.107429623837647,-1.32851407523247,-2.9285140752324716
20.0,15.0,3,12.0,0,4,3,1,0,5.600000000000005,-0.8399999999999985,-1.9599999999999995,4,3,1,0,5.600000000000005,-0.9006902674622798,-2.020690267462281
20.0,15.0,3,12.0,15,4,2,1,0,1.6775238025342198,-1.6244952394931556,-1.9599999999999995,4,2,1,0,-0.6328287040838374,-2.0865657408167673,-3.2065657408167683
20.0,15.0,3,12.0,30,4,2,1,0,1.53141976759274,-1.6537160464814518,-1.9599999999999995,4,2,1,0,-1.13940214558097,-2.1878804291161935,-3.3078804291161945
20.0,15.0,4,5.0,0,4,3,1,0,13.99999999999999,2.274999999999997,-0.5250000000000011,4,3,1,0,13.99999999999999,2.2094820976259424,-0.5905179023740559
20.0,15.0,4,5.0,15,4,3,1,0,9.765508650463072,1.4281017300926135,-0.5250000000000011,4,3,1,0,7.271378103545844,0.9292756207091678,-1.8707243792908301
20.0,15.0,4,5.0,30,4,3,1,0,9.607782703651235,1.396556540730246,-0.5250000000000011,4,2,1,0,6.724509047384169,0.8199018094768328,-1.9800981905231652
20.0,15.0,4,8.0,0,4,3,1,0,10.40000000000001,0.940000000000003,-1.1399999999999988,4,3,1,0,10.40000000000001,0.8765510840167089,-1.203448915983293
20.0,15.0,4,8.0,15,4,3,1,0,6.299229429922148,0.11984588598443083,-1.1399999999999988,4,2,1,0,3.8838609002759874,-0.36322781994480136,-2.4432278199448034
20.0,15.0,4,8.0,30,4,3,1,0,6.146484302483324,0.08929686049666596,-1.1399999999999988,4,2,1,0,3.354261393256258,-0.46914772134874705,-2.5491477213487492
20.0,15.0,4,10.0,0,4,3,1,0,8.000000000000007,0.05000000000000213,-1.5499999999999994,4,3,1,0,8.000000000000007,-0.012069591722785234,-1.6120695917227867
20.0,15.0,4,10.0,15,4,2,1,0,3.988376616228184,-0.7523246767543625,-1.5499999999999994,4,2,1,0,1.6255160980960746,-1.2248967803807844,-2.824896780380786
20.0,15.0,4,10.0,30,4,2,1,0,3.8389520350380293,-0.7822095929923935,-1.5499999999999994,4,2,1,0,1.107429623837647,-1.32851407523247,-2.9285140752324716
20.0,15.0,4,12.0,0,4,3,1,0,5.600000000000005,-0.8399999999999985,-1.9599999999999995,4,3,1,0,5.600000000000005,-0.9006902674622798,-2.020690267462281
20.0,15.0,4,12.0,15,4,2,1,0,1.6775238025342198,-1.6244952394931556,-1.9599999999999995,4,2,1,0,-0.6328287040838374,-2.0865657408167673,-3.2065657408167683
20.0,15.0,4,12.0,30,4,2,1,0,1.53141976759274,-1.6537160464814518,-1.9599999999999995,4,2,1,0,-1.13940214558097,-2.1878804291161935,-3.3078804291161945
20.0,15.0,6,5.0,0,4,3,1,0,13.99999999999999,2.274999999999997,-0.5250000000000011,4,3,1,0,13.99999999999999,2.2094820976259424,-0.5905179023740559
20.0,15.0,6,5.0,15,4,3,1,0,9.765508650463072,1.4281017300926135,-0.5250000000000011,4,3,1,0,7.271378103545844,0.9292756207091678,-1.8707243792908301
20.0,15.0,6,5.0,30,4,3,1,0,9.607782703651235,1.396556540730246,-0.5250000000000011,4,2,1,0,6.724509047384169,0.8199018094768328,-1.9800981905231652
20.0,15.0,6,8.0,0,4,3,1,0,10.40000000000001,0.940000000000003,-1.1399999999999988,4,3,1,0,10.40000000000001,0.8765510840167089,-1.203448915983293
20.0,15.0,6,8.0,15,4,3,1,0,6.299229429922148,0.11984588598443083,-1.1399999999999988,4,2,1,0,3.8838609002759874,-0.36322781994480136,-2.4432278199448034
20.0,15.0,6,8.0,30,4,3,1,0,6.146484302483324,0.08929686049666596,-1.1399999999999988,4,2,1,0,3.354261393256258,-0.46914772134874705,-2.5491477213487492
20.0,15.0,6,10.0,0,4,3,1,0,8.000000000000007,0.05000000000000213,-1.5499999999999994,4,3,1,0,8.000000000000007,-0.012069591722785234,-1.6120695917227867
20.0,15.0,6,10.0,15,4,2,1,0,3.988376616228184,-0.7523246767543625,-1.5499999999999994,4,2,1,0,1.6255160980960746,-1.2248967803807844,-2.824896780380786
20.0,15.0,6,10.0,30,4,2,1,0,3.8389520350380293,-0.7822095929923935,-1.5499999999999994,4,2,1,0,1.107429623837647,-1.32851407523247,-2.9285140752324716
20.0,15.0,6,12.0,0,4,3,1,0,5.600000000000005,-0.8399999999999985,-1.9599999999999995,4,3,1,0,5.600000000000005,-0.9006902674622798,-2.020690267462281
20.0,15.0,6,12.0,15,4,2,1,0,1.6775238025342198,-1.6244952394931556,-1.9599999999999995,4,2,1,0,-0.6328287040838374,-2.0865657408167673,-3.2065657408167683
20.0,15.0,6,12.0,30,4,2,1,0,1.53141976759274,-1.6537160464814518,-1.9599999999999995,4,2,1,0,-1.13940214558097,-2.1878804291161935,-3.3078804291161945
20.0,15.0,8,5.0,0,4,3,1,0,13.99999999999999,2.274999999999997,-0.5250000000000011,4,3,1,0,13.99999999999999,2.2094820976259424,-0.5905179023740559
20.0,15.0,8,5.0,15,4,3,1,0,9.765508650463072,1.4281017300926135,-0.5250000000000011,4,3,1,0,7.271378103545844,0.9292756207091678,-1.8707243792908301
20.0,15.0,8,5.0,30,4,3,1,0,9.607782703651235,1.396556540730246,-0.5250000000000011,4,2,1,0,6.724509047384169,0.8199018094768328,-1.9800981905231652
20.0,15.0,8,8.0,0,4,3,1,0,10.40000000000001,0.940000000000003,-1.1399999999999988,4,3,1,0,10.40000000000001,0.8765510840167089,-1.203448915983293
20.0,15.0,8,8.0,15,4,3,1,0,6.299229429922148,0.11984588598443083,-1.1399999999999988,4,2,1,0,3.8838609002759874,-0.36322781994480136,-2.4432278199448034
20.0,15.0,8,8.0,30,4,3,1,0,6.146484302483324,0.08929686049666596,-1.1399999999999988,4,2,1,0,3.354261393256258,-0.46914772134874705,-2.5491477213487492
20.0,15.0,8,10.0,0,4,3,1,0,8.000000000000007,0.05000000000000213,-1.5499999999999994,4,3,1,0,8.000000000000007,-0.012069591722785234,-1.6120695917227867
20.0,15.0,8,10.0,15,4,2,1,0,3.988376616228184,-0.7523246767543625,-1.5499999999999994,4,2,1,0,1.6255160980960746,-1.2248967803807844,-2.824896780380786
20.0,15.0,8,10.0,30,4,2,1,0,3.8389520350380293,-0.7822095929923935,-1.5499999999999994,4,2,1,0,1.107429623837647,-1.32851407523247,-2.9285140752324716
20.0,15.0,8,12.0,0,4,3,1,0,5.600000000000005,-0.8399999999999985,-1.9599999999999995,4,3,1,0,5.600000000000005,-0.9006902674622798,-2.020690267462281
20.0,15.0,8,12.0,15,4,2,1,0,1.6775238025342198,-1.6244952394931556,-1.9599999999999995,4,2,1,0,-0.6328287040838374,-2.0865657408167673,-3.2065657408167683
20.0,15.0,8,12.0,30,4,2,1,0,1.53141976759274,-1.6537160464814518,-1.9599999999999995,4,2,1,0,-1.13940214558097,-2.1878804291161935,-3.3078804291161945
20.0,18.0,2,5.0,0,4,4,0,0,13.99999999999999,4.211163243039726,1.411163243039728,4,3,1,0,13.99999999999999,1.9899999999999975,-0.8100000000000009
20.0,18.0,2,5.0,15,4,4,0,0,9.765508650463072,3.3642649731323426,1.411163243039728,4,3,1,0,7.271378103545844,0.644275620709168,-2.15572437929083
20.0,18.0,2,5.0,30,4,4,0,0,9.607782703651235,3.332719783769975,1.411163243039728,4,2,1,0,6.724509047384169,0.534901809476833,-2.265098190523165
20.0,18.0,2,8.0,0,4,3,0,0,10.40000000000001,2.81502124589111,0.7350212458911076,4,3,1,0,10.40000000000001,0.6640000000000037,-1.4159999999999984
20.0,18.0,2,8.0,15,4,3,0,0,6.299229429922148,1.9948671318755373,0.7350212458911076,4,2,1,0,3.8838609002759874,-0.6392278199448008,-2.719227819944803
20.0,18.0,2,8.0,30,4,3,0,0,6.146484302483324,1.9643181063877724,0.7350212458911076,4,2,1,0,3.354261393256258,-0.7451477213487465,-2.8251477213487486
20.0,18.0,2,10.0,0,4,3,0,0,8.000000000000007,1.8842599144586936,0.2842599144586922,4,3,1,0,8.000000000000007,-0.21999999999999675,-1.8199999999999983
20.0,18.0,2,10.0,15,4,2,0,0,3.988376616228184,1.0819352377043292,0.2842599144586922,4,2,1,0,1.6255160980960746,-1.4948967803807833,-3.0948967803807848
20.0,18.0,2,10.0,30,4,2,0,0,3.8389520350380293,1.0520503214662982,0.2842599144586922,4,2,1,0,1.107429623837647,-1.598514075232469,-3.1985140752324703
20.0,18.0,2,12.0,0,4,3,0,0,5.600000000000005,0.9534985830262777,-0.16650141697372334,4,3,1,0,5.600000000000005,-1.103999999999998,-2.2239999999999993
20.0,18.0,2,12.0,15,4,2,0,0,1.6775238025342198,0.16900334353312063,-0.16650141697372334,4,2,1,0,-0.6328287040838374,-2.3505657408167666,-3.4705657408167676
20.0,18.0,2,12.0,30,4,2,0,0,1.53141976759274,0.1397825365448247,-0.16650141697372334,4,2,1,0,-1.13940214558097,-2.4518804291161933,-3.5718804291161947
20.0,18.0,3,5.0,0,4,4,0,0,13.99999999999999,5.599999999999996,2.799999999999998,4,3,1,0,13.99999999999999,1.9899999999999975,-0.8100000000000009
20.0,18.0,3,5.0,15,4,4,0,0,12.65302828998247,4.483707388089108,1.9531017300926146,4,3,1,0,7.271378103545844,0.644275620709168,-2.15572437929083
20.0,18.0,3,5.0,30,4,4,0,0,12.65302828998247,4.452162198726741,1.921556540730247,4,2,1,0,6.724509047384169,0.534901809476833,-2.265098190523165
20.0,18.0,3,8.0,0,4,4,0,0,10.40000000000001,4.160000000000004,2.080000000000002,4,3,1,0,10.40000000000001,0.6640000000000037,-1.4159999999999984
20.0,18.0,3,8.0,15,4,4,0,0,9.095564238719877,3.0789587337284052,1.2598458859844297,4,2,1,0,3.8838609002759874,-0.6392278199448008,-2.719227819944803
20.0,18.0,3,8.0,30,4,4,0,0,9.095564238719877,3.0484097082406407,1.2292968604966648,4,2,1,0,3.354261393256258,-0.7451477213487465,-2.8251477213487486
20.0,18.0,3,10.0,0,4,4,0,0,8.000000000000007,3.200000000000003,1.6000000000000014,4,3,1,0,8.000000000000007,-0.21999999999999675,-1.8199999999999983
20.0,18.0,3,10.0,15,4,3,0,0,6.723921537878141,2.142459630821265,0.7976753232456368,4,2,1,0,1.6255160980960746,-1.4948967803807833,-3.0948967803807848
20.0,18.0,3,10.0,30,4,3,0,0,6.723921537878141,2.1125747145832343,0.7677904070076059,4,2,1,0,1.107429623837647,-1.598514075232469,-3.1985140752324703
20.0,18.0,3,12.0,0,4,4,0,0,5.600000000000005,2.240000000000002,1.120000000000001,4,3,1,0,5.600000000000005,-1.103999999999998,-2.2239999999999993
20.0,18.0,3,12.0,15,4,3,0,0,4.352278837036394,1.2059605279141228,0.33550476050684397,4,2,1,0,-0.6328287040838374,-2.3505657408167666,-3.4705657408167676
20.0,18.0,3,12.0,30,4,3,0,0,4.352278837036394,1.1767397209258268,0.306283953518548,4,2,1,0,-1.13940214558097,-2.4518804291161933,-3.5718804291161947
20.0,18.0,4,5.0,0,4,4,0,0,13.99999999999999,5.599999999999996,2.799999999999998,4,3,1,0,13.99999999999999,1.9899999999999975,-0.8100000000000009
20.0,18.0,4,5.0,15,4,4,0,0,12.65302828998247,4.483707388089108,1.9531017300926146,4,3,1,0,7.271378103545844,0.644275620709168,-2.15572437929083
20.0,18.0,4,5.0,30,4,4,0,0,13.99999999999999,4.721556540730245,1.921556540730247,4,2,1,0,6.724509047384169,0.534901809476833,-2.265098190523165
20.0,18.0,4,8.0,0,4,4,0,0,10.40000000000001,4.160000000000004,2.080000000000002,4,3,1,0,10.40000000000001,0.6640000000000037,-1.4159999999999984
20.0,18.0,4,8.0,15,4,4,0,0,9.095564238719877,3.0789587337284052,1.2598458859844297,4,2,1,0,3.8838609002759874,-0.6392278199448008,-2.719227819944803
20.0,18.0,4,8.0,30,4,4,0,0,10.40000000000001,3.3092968604966675,1.2292968604966648,4,2,1,0,3.354261393256258,-0.7451477213487465,-2.8251477213487486
20.0,18.0,4,10.0,0,4,4,0,0,8.000000000000007,3.200000000000003,1.6000000000000014,4,3,1,0,8.000000000000007,-0.21999999999999675,-1.8199999999999983
20.0,18.0,4,10.0,15,4,3,0,0,6.723921537878141,2.142459630821265,0.7976753232456368,4,2,1,0,1.6255160980960746,-1.4948967803807833,-3.0948967803807848
20.0,18.0,4,10.0,30,4,3,0,0,8.000000000000007,2.3677904070076075,0.7677904070076059,4,2,1,0,1.107429623837647,-1.598514075232469,-3.1985140752324703
20.0,18.0,4,12.0,0,4,4,0,0,5.600000000000005,2.240000000000002,1.120000000000001,4,3,1,0,5.600000000000005,-1.103999999999998,-2.2239999999999993
20.0,18.0,4,12.0,15,4,3,0,0,4.352278837036394,1.2059605279141228,0.33550476050684397,4,2,1,0,-0.6328287040838374,-2.3505657408167666,-3.4705657408167676
20.0,18.0,4,12.0,30,4,3,0,0,5.600000000000005,1.4262839535185492,0.306283953518548,4,2,1,0,-1.13940214558097,-2.4518804291161933,-3.5718804291161947
20.0,18.0,6,5.0,0,4,4,0,0,13.99999999999999,5.599999999999996,2.799999999999998,4,3,1,0,13.99999999999999,1.9899999999999975,-0.8100000000000009
20.0,18.0,6,5.0,15,4,4,0,0,12.65302828998247,4.483707388089108,1.9531017300926146,4,3,1,0,7.271378103545844,0.644275620709168,-2.15572437929083
20.0,18.0,6,5.0,30,4,4,0,0,13.99999999999999,4.721556540730245,1.921556540730247,4,2,1,0,6.724509047384169,0.534901809476833,-2.265098190523165
20.0,18.0,6,8.0,0,4,4,0,0,10.40000000000001,4.160000000000004,2.080000000000002,4,3,1,0,10.40000000000001,0.6640000000000037,-1.4159999999999984
20.0,18.0,6,8.0,15,4,4,0,0,9.095564238719877,3.0789587337284052,1.2598458859844297,4,2,1,0,3.8838609002759874,-0.6392278199448008,-2.719227819944803
20.0,18.0,6,8.0,30,4,4,0,0,10.40000000000001,3.3092968604966675,1.2292968604966648,4,2,1,0,3.354261393256258,-0.7451477213487465,-2.8251477213487486
20.0,18.0,6,10.0,0,4,4,0,0,8.000000000000007,3.200000000000003,1.6000000000000014,4,3,1,0,8.000000000000007,-0.21999999999999675,-1.8199999999999983
20.0,18.0,6,10.0,15,4,3,0,0,6.723921537878141,2.142459630821265,0.7976753232456368,4,2,1,0,1.6255160980960746,-1.4948967803807833,-3.0948967803807848
20.0,18.0,6,10.0,30,4,3,0,0,8.000000000000007,2.3677904070076075,0.7677904070076059,4,2,1,0,1.107429623837647,-1.598514075232469,-3.1985140752324703
20.0,18.0,6,12.0,0,4,4,0,0,5.600000000000005,2.240000000000002,1.120000000000001,4,3,1,0,5.600000000000005,-1.103999999999998,-2.2239999999999993
20.0,18.0,6,12.0,15,4,3,0,0,4.352278837036394,1.2059605279141228,0.33550476050684397,4,2,1,0,-0.6328287040838374,-2.3505657408167666,-3.4705657408167676
20.0,18.0,6,12.0,30,4,3,0,0,5.600000000000005,1.4262839535185492,0.306283953518548,4,2,1,0,-1.13940214558097,-2.4518804291161933,-3.5718804291161947
20.0,18.0,8,5.0,0,4,4,0,0,13.99999999999999,5.599999999999996,2.799999999999998,4,3,1,0,13.99999999999999,1.9899999999999975,-0.8100000000000009
20.0,18.0,8,5.0,15,4,4,0,0,12.65302828998247,4.483707388089108,1.9531017300926146,4,3,1,0,7.271378103545844,0.644275620709168,-2.15572437929083
20.0,18.0,8,5.0,30,4,4,0,0,13.99999999999999,4.721556540730245,1.921556540730247,4,2,1,0,6.724509047384169,0.534901809476833,-2.265098190523165
20.0,18.0,8,8.0,0,4,4,0,0,10.40000000000001,4.160000000000004,2.080000000000002,4,3,1,0,10.40000000000001,0.6640000000000037,-1.4159999999999984
20.0,18.0,8,8.0,15,4,4,0,0,9.095564238719877,3.0789587337284052,1.2598458859844297,4,2,1,0,3.8838609002759874,-0.6392278199448008,-2.719227819944803
20.0,18.0,8,8.0,30,4,4,0,0,10.40000000000001,3.3092968604966675,1.2292968604966648,4,2,1,0,3.354261393256258,-0.7451477213487465,-2.8251477213487486
20.0,18.0,8,10.0,0,4,4,0,0,8.000000000000007,3.200000000000003,1.6000000000000014,4,3,1,0,8.000000000000007,-0.21999999999999675,-1.8199999999999983
20.0,18.0,8,10.0,15,4,3,0,0,6.723921537878141,2.142459630821265,0.7976753232456368,4,2,1,0,1.6255160980960746,-1.4948967803807833,-3.0948967803807848
20.0,18.0,8,10.0,30,4,3,0,0,8.000000000000007,2.3677904070076075,0.7677904070076059,4,2,1,0,1.107429623837647,-1.598514075232469,-3.1985140752324703
20.0,18.0,8,12.0,0,4,4,0,0,5.600000000000005,2.240000000000002,1.120000000000001,4,3,1,0,5.600000000000005,-1.103999999999998,-2.2239999999999993
20.0,18.0,8,12.0,15,4,3,0,0,4.352278837036394,1.2059605279141228,0.33550476050684397,4,2,1,0,-0.6328287040838374,-2.3505657408167666,-3.4705657408167676
20.0,18.0,8,12.0,30,4,3,0,0,5.600000000000005,1.4262839535185492,0.306283953518548,4,2,1,0,-1.13940214558097,-2.4518804291161933,-3.5718804291161947
20.0,20.0,2,5.0,0,4,4,0,0,13.99999999999999,4.211163243039726,1.411163243039728,4,4,0,0,13.99999999999999,5.599999999999996,2.799999999999998
20.0,20.0,2,5.0,15,4,4,0,0,9.765508650463072,3.3642649731323426,1.411163243039728,4,4,0,0,13.99999999999999,4.254275620709167,1.454275620709169
20.0,20.0,2,5.0,30,4,4,0,0,9.607782703651235,3.332719783769975,1.411163243039728,4,3,0,0,13.99999999999999,4.144901809476832,1.344901809476834
20.0,20.0,2,8.0,0,4,3,0,0,10.40000000000001,2.81502124589111,0.7350212458911076,4,4,0,0,10.40000000000001,4.160000000000004,2.080000000000002
20.0,20.0,2,8.0,15,4,3,0,0,6.299229429922148,1.9948671318755373,0.7350212458911076,4,3,0,0,10.40000000000001,2.8567721800551995,0.7767721800551975
20.0,20.0,2,8.0,30,4,3,0,0,6.146484302483324,1.9643181063877724,0.7350212458911076,4,3,0,0,10.40000000000001,2.7508522786512537,0.6708522786512516
20.0,20.0,2,10.0,0,4,3,0,0,8.000000000000007,1.8842599144586936,0.2842599144586922,4,4,0,0,8.000000000000007,3.200000000000003,1.6000000000000014
20.0,20.0,2,10.0,15,4,2,0,0,3.988376616228184,1.0819352377043292,0.2842599144586922,4,3,0,0,8.000000000000007,1.9251032196192164,0.32510321961921496
20.0,20.0,2,10.0,30,4,2,0,0,3.8389520350380293,1.0520503214662982,0.2842599144586922,4,3,0,0,8.000000000000007,1.8214859247675308,0.22148592476752943
20.0,20.0,2,12.0,0,4,3,0,0,5.600000000000005,0.9534985830262777,-0.16650141697372334,4,4,0,0,5.600000000000005,2.240000000000002,1.120000000000001
20.0,20.0,2,12.0,15,4,2,0,0,1.6775238025342198,0.16900334353312063,-0.16650141697372334,4,3,0,0,5.600000000000005,0.9934342591832336,-0.1265657408167675
20.0,20.0,2,12.0,30,4,2,0,0,1.53141976759274,0.1397825365448247,-0.16650141697372334,4,3,0,0,5.600000000000005,0.892119570883807,-0.227880429116194
20.0,20.0,3,5.0,0,4,4,0,0,13.99999999999999,5.599999999999996,2.799999999999998,4,4,0,0,13.99999999999999,5.599999999999996,2.799999999999998
20.0,20.0,3,5.0,15,4,4,0,0,12.65302828998247,4.483707388089108,1.9531017300926146,4,4,0,0,13.99999999999999,4.254275620709167,1.454275620709169
20.0,20.0,3,5.0,30,4,4,0,0,12.65302828998247,4.452162198726741,1.921556540730247,4,3,0,0,13.99999999999999,4.144901809476832,1.344901809476834
20.0,20.0,3,8.0,0,4,4,0,0,10.40000000000001,4.160000000000004,2.080000000000002,4,4,0,0,10.40000000000001,4.160000000000004,2.080000000000002
20.0,20.0,3,8.0,15,4,4,0,0,9.095564238719877,3.0789587337284052,1.2598458859844297,4,3,0,0,10.40000000000001,2.8567721800551995,0.7767721800551975
20.0,20.0,3,8.0,30,4,4,0,0,9.095564238719877,3.0484097082406407,1.2292968604966648,4,3,0,0,10.40000000000001,2.7508522786512537,0.6708522786512516
20.0,20.0,3,10.0,0,4,4,0,0,8.000000000000007,3.200000000000003,1.6000000000000014,4,4,0,0,8.000000000000007,3.200000000000003,1.6000000000000014
20.0,20.0,3,10.0,15,4,3,0,0,6.723921537878141,2.142459630821265,0.7976753232456368,4,3,0,0,8.000000000000007,1.9251032196192164,0.32510321961921496
20.0,20.0,3,10.0,30,4,3,0,0,6.723921537878141,2.1125747145832343,0.7677904070076059,4,3,0,0,8.000000000000007,1.8214859247675308,0.22148592476752943
20.0,20.0,3,12.0,0,4,4,0,0,5.600000000000005,2.240000000000002,1.120000000000001,4,4,0,0,5.600000000000005,2.240000000000002,1.120000000000001
20.0,20.0,3,12.0,15,4,3,0,0,4.352278837036394,1.2059605279141228,0.33550476050684397,4,3,0,0,5.600000000000005,0.9934342591832336,-0.1265657408167675
20.0,20.0,3,12.0,30,4,3,0,0,4.352278837036394,1.1767397209258268,0.306283953518548,4,3,0,0,5.600000000000005,0.892119570883807,-0.227880429116194
20.0,20.0,4,5.0,0,4,4,0,0,13.99999999999999,5.599999999999996,2.799999999999998,4,4,0,0,13.99999999999999,5.599999999999996,2.799999999999998
20.0,20.0,4,5.0,15,4,4,0,0,12.65302828998247,4.483707388089108,1.9531017300926146,4,4,0,0,13.99999999999999,4.254275620709167,1.454275620709169
20.0,20.0,4,5.0,30,4,4,0,0,13.99999999999999,4.721556540730245,1.921556540730247,4,3,0,0,13.99999999999999,4.144901809476832,1.344901809476834
20.0,20.0,4,8.0,0,4,4,0,0,10.40000000000001,4.160000000000004,2.080000000000002,4,4,0,0,10.40000000000001,4.160000000000004,2.080000000000002
20.0,20.0,4,8.0,15,4,4,0,0,9.095564238719877,3.0789587337284052,1.2598458859844297,4,3,0,0,10.40000000000001,2.8567721800551995,0.7767721800551975
20.0,20.0,4,8.0,30,4,4,0,0,10.40000000000001,3.3092968604966675,1.2292968604966648,4,3,0,0,10.40000000000001,2.7508522786512537,0.6708522786512516
20.0,20.0,4,10.0,0,4,4,0,0,8.000000000000007,3.200000000000003,1.6000000000000014,4,4,0,0,8.000000000000007,3.200000000000003,1.6000000000000014
20.0,20.0,4,10.0,15,4,3,0,0,6.723921537878141,2.142459630821265,0.7976753232456368,4,3,0,0,8.000000000000007,1.9251032196192164,0.32510321961921496
20.0,20.0,4,10.0,30,4,3,0,0,8.000000000000007,2.3677904070076075,0.7677904070076059,4,3,0,0,8.000000000000007,1.8214859247675308,0.22148592476752943
20.0,20.0,4,12.0,0,4,4,0,0,5.600000000000005,2.240000000000002,1.120000000000001,4,4,0,0,5.600000000000005,2.240000000000002,1.120000000000001
20.0,20.0,4,12.0,15,4,3,0,0,4.352278837036394,1.2059605279141228,0.33550476050684397,4,3,0,0,5.600000000000005,0.9934342591832336,-0.1265657408167675
20.0,20.0,4,12.0,30,4,3,0,0,5.600000000000005,1.4262839535185492,0.306283953518548,4,3,0,0,5.600000000000005,0.892119570883807,-0.227880429116194
20.0,20.0,6,5.0,0,4,4,0,0,13.99999999999999,5.599999999999996,2.799999999999998,4,4,0,0,13.99999999999999,5.599999999999996,2.799999999999998
20.0,20.0,6,5.0,15,4,4,0,0,12.65302828998247,4.483707388089108,1.9531017300926146,4,4,0,0,13.99999999999999,4.254275620709167,1.454275620709169
20.0,20.0,6,5.0,30,4,4,0,0,13.99999999999999,4.721556540730245,1.921556540730247,4,3,0,0,13.99999999999999,4.144901809476832,1.344901809476834
20.0,20.0,6,8.0,0,4,4,0,0,10.40000000000001,4.160000000000004,2.080000000000002,4,4,0,0,10.40000000000001,4.160000000000004,2.080000000000002
20.0,20.0,6,8.0,15,4,4,0,0,9.095564238719877,3.0789587337284052,1.2598458859844297,4,3,0,0,10.40000000000001,2.8567721800551995,0.7767721800551975
20.0,20.0,6,8.0,30,4,4,0,0,10.40000000000001,3.3092968604966675,1.2292968604966648,4,3,0,0,10.40000000000001,2.7508522786512537,0.6708522786512516
20.0,20.0,6,10.0,0,4,4,0,0,8.000000000000007,3.200000000000003,1.6000000000000014,4,4,0,0,8.000000000000007,3.200000000000003,1.6000000000000014
20.0,20.0,6,10.0,15,4,3,0,0,6.723921537878141,2.142459630821265,0.7976753232456368,4,3,0,0,8.000000000000007,1.9251032196192164,0.32510321961921496
20.0,20.0,6,10.0,30,4,3,0,0,8.000000000000007,2.3677904070076075,0.7677904070076059,4,3,0,0,8.000000000000007,1.8214859247675308,0.22148592476752943
20.0,20.0,6,12.0,0,4,4,0,0,5.600000000000005,2.240000000000002,1.120000000000001,4,4,0,0,5.600000000000005,2.240000000000002,1.120000000000001
20.0,20.0,6,12.0,15,4,3,0,0,4.352278837036394,1.2059605279141228,0.33550476050684397,4,3,0,0,5.600000000000005,0.9934342591832336,-0.1265657408167675
20.0,20.0,6,12.0,30,4,3,0,0,5.600000000000005,1.4262839535185492,0.306283953518548,4,3,0,0,5.600000000000005,0.892119570883807,-0.227880429116194
20.0,20.0,8,5.0,0,4,4,0,0,13.99999999999999,5.599999999999996,2.799999999999998,4,4,0,0,13.99999999999999,5.599999999999996,2.799999999999998
20.0,20.0,8,5.0,15,4,4,0,0,12.65302828998247,4.483707388089108,1.9531017300926146,4,4,0,0,13.99999999999999,4.254275620709167,1.454275620709169
20.0,20.0,8,5.0,30,4,4,0,0,13.99999999999999,4.721556540730245,1.921556540730247,4,3,0,0,13.99999999999999,4.144901809476832,1.344901809476834
20.0,20.0,8,8.0,0,4,4,0,0,10.40000000000001,4.160000000000004,2.080000000000002,4,4,0,0,10.40000000000001,4.160000000000004,2.080000000000002
20.0,20.0,8,8.0,15,4,4,0,0,9.095564238719877,3.0789587337284052,1.2598458859844297,4,3,0,0,10.40000000000001,2.8567721800551995,0.7767721800551975
20.0,20.0,8,8.0,30,4,4,0,0,10.40000000000001,3.3092968604966675,1.2292968604966648,4,3,0,0,10.40000000000001,2.7508522786512537,0.6708522786512516
20.0,20.0,8,10.0,0,4,4,0,0,8.000000000000007,3.200000000000003,1.6000000000000014,4,4,0,0,8.000000000000007,3.200000000000003,1.6000000000000014
20.0,20.0,8,10.0,15,4,3,0,0,6.723921537878141,2.142459630821265,0.7976753232456368,4,3,0,0,8.000000000000007,1.9251032196192164,0.32510321961921496
20.0,20.0,8,10.0,30,4,3,0,0,8.000000000000007,2.3677904070076075,0.7677904070076059,4,3,0,0,8.000000000000007,1.8214859247675308,0.22148592476752943
20.0,20.0,8,12.0,0,4,4,0,0,5.600000000000005,2.240000000000002,1.120000000000001,4,4,0,0,5.600000000000005,2.240000000000002,1.120000000000001
20.0,20.0,8,12.0,15,4,3,0,0,4.352278837036394,1.2059605279141228,0.33550476050684397,4,3,0,0,5.600000000000005,0.9934342591832336,-0.1265657408167675
20.0,20.0,8,12.0,30,4,3,0,0,5.600000000000005,1.4262839535185492,0.306283953518548,4,3,0,0,5.600000000000005,0.892119570883807,-0.227880429116194
20.0,22.0,2,5.0,0,4,4,0,0,13.99999999999999,4.211163243039726,1.411163243039728,4,4,0,0,13.99999999999999,5.599999999999996,2.799999999999998
20.0,22.0,2,5.0,15,4,4,0,0,9.765508650463072,3.3642649731323426,1.411163243039728,4,4,0,0,13.99999999999999,4.254275620709167,1.454275620709169
20.0,22.0,2,5.0,30,4,4,0,0,9.607782703651235,3.332719783769975,1.411163243039728,4,3,0,0,13.99999999999999,4.144901809476832,1.344901809476834
20.0,22.0,2,8.0,0,4,3,0,0,10.40000000000001,2.81502124589111,0.7350212458911076,4,4,0,0,10.40000000000001,4.160000000000004,2.080000000000002
20.0,22.0,2,8.0,15,4,3,0,0,6.299229429922148,1.9948671318755373,0.7350212458911076,4,3,0,0,10.40000000000001,2.8567721800551995,0.7767721800551975
20.0,22.0,2,8.0,30,4,3,0,0,6.146484302483324,1.9643181063877724,0.7350212458911076,4,3,0,0,10.40000000000001,2.7508522786512537,0.6708522786512516
20.0,22.0,2,10.0,0,4,3,0,0,8.000000000000007,1.8842599144586936,0.2842599144586922,4,4,0,0,8.000000000000007,3.200000000000003,1.6000000000000014
20.0,22.0,2,10.0,15,4,2,0,0,3.988376616228184,1.0819352377043292,0.2842599144586922,4,3,0,0,8.000000000000007,1.9251032196192164,0.32510321961921496
20.0,22.0,2,10.0,30,4,2,0,0,3.8389520350380293,1.0520503214662982,0.2842599144586922,4,3,0,0,8.000000000000007,1.8214859247675308,0.22148592476752943
20.0,22.0,2,12.0,0,4,3,0,0,5.600000000000005,0.9534985830262777,-0.16650141697372334,4,4,0,0,5.600000000000005,2.240000000000002,1.120000000000001
20.0,22.0,2,12.0,15,4,2,0,0,1.6775238025342198,0.16900334353312063,-0.16650141697372334,4,3,0,0,5.600000000000005,0.9934342591832336,-0.1265657408167675
20.0,22.0,2,12.0,30,4,2,0,0,1.53141976759274,0.1397825365448247,-0.16650141697372334,4,3,0,0,5.600000000000005,0.892119570883807,-0.227880429116194
20.0,22.0,3,5.0,0,4,4,0,0,13.99999999999999,5.599999999999996,2.799999999999998,4,4,0,0,13.99999999999999,5.599999999999996,2.799999999999998
20.0,22.0,3,5.0,15,4,4,0,0,12.65302828998247,4.483707388089108,1.9531017300926146,4,4,0,0,13.99999999999999,4.254275620709167,1.454275620709169
20.0,22.0,3,5.0,30,4,4,0,0,12.65302828998247,4.452162198726741,1.921556540730247,4,3,0,0,13.99999999999999,4.144901809476832,1.344901809476834
20.0,22.0,3,8.0,0,4,4,0,0,10.40000000000001,4.160000000000004,2.080000000000002,4,4,0,0,10.40000000000001,4.160000000000004,2.080000000000002
20.0,22.0,3,8.0,15,4,4,0,0,9.095564238719877,3.0789587337284052,1.2598458859844297,4,3,0,0,10.40000000000001,2.8567721800551995,0.7767721800551975
20.0,22.0,3,8.0,30,4,4,0,0,9.095564238719877,3.0484097082406407,1.2292968604966648,4,3,0,0,10.40000000000001,2.7508522786512537,0.6708522786512516
20.0,22.0,3,10.0,0,4,4,0,0,8.000000000000007,3.200000000000003,1.6000000000000014,4,4,0,0,8.000000000000007,3.200000000000003,1.6000000000000014
20.0,22.0,3,10.0,15,4,3,0,0,6.723921537878141,2.142459630821265,0.7976753232456368,4,3,0,0,8.000000000000007,1.9251032196192164,0.32510321961921496
20.0,22.0,3,10.0,30,4,3,0,0,6.723921537878141,2.1125747145832343,0.7677904070076059,4,3,0,0,8.000000000000007,1.8214859247675308,0.22148592476752943
20.0,22.0,3,12.0,0,4,4,0,0,5.600000000000005,2.240000000000002,1.120000000000001,4,4,0,0,5.600000000000005,2.240000000000002,1.120000000000001
20.0,22.0,3,12.0,15,4,3,0,0,4.352278837036394,1.2059605279141228,0.33550476050684397,4,3,0,0,5.600000000000005,0.9934342591832336,-0.1265657408167675
20.0,22.0,3,12.0,30,4,3,0,0,4.352278837036394,1.1767397209258268,0.306283953518548,4,3,0,0,5.600000000000005,0.892119570883807,-0.227880429116194
20.0,22.0,4,5.0,0,4,4,0,0,13.99999999999999,5.599999999999996,2.799999999999998,4,4,0,0,13.99999999999999,5.599999999999996,2.799999999999998
20.0,22.0,4,5.0,15,4,4,0,0,12.65302828998247,4.483707388089108,1.9531017300926146,4,4,0,0,13.99999999999999,4.254275620709167,1.454275620709169
20.0,22.0,4,5.0,30,4,4,0,0,13.99999999999999,4.721556540730245,1.921556540730247,4,3,0,0,13.99999999999999,4.144901809476832,1.344901809476834
20.0,22.0,4,8.0,0,4,4,0,0,10.40000000000001,4.160000000000004,2.080000000000002,4,4,0,0,10.40000000000001,4.160000000000004,2.080000000000002
20.0,22.0,4,8.0,15,4,4,0,0,9.095564238719877,3.0789587337284052,1.2598458859844297,4,3,0,0,10.40000000000001,2.8567721800551995,0.7767721800551975
20.0,22.0,4,8.0,30,4,4,0,0,10.40000000000001,3.3092968604966675,1.2292968604966648,4,3,0,0,10.40000000000001,2.7508522786512537,0.6708522786512516
20.0,22.0,4,10.0,0,4,4,0,0,8.000000000000007,3.200000000000003,1.6000000000000014,4,4,0,0,8.000000000000007,3.200000000000003,1.6000000000000014
20.0,22.0,4,10.0,15,4,3,0,0,6.723921537878141,2.142459630821265,0.7976753232456368,4,3,0,0,8.000000000000007,1.9251032196192164,0.32510321961921496
20.0,22.0,4,10.0,30,4,3,0,0,8.000000000000007,2.3677904070076075,0.7677904070076059,4,3,0,0,8.000000000000007,1.8214859247675308,0.22148592476752943
20.0,22.0,4,12.0,0,4,4,0,0,5.600000000000005,2.240000000000002,1.120000000000001,4,4,0,0,5.600000000000005,2.240000000000002,1.120000000000001
20.0,22.0,4,12.0,15,4,3,0,0,4.352278837036394,1.2059605279141228,0.33550476050684397,4,3,0,0,5.600000000000005,0.9934342591832336,-0.1265657408167675
20.0,22.0,4,12.0,30,4,3,0,0,5.600000000000005,1.4262839535185492,0.306283953518548,4,3,0,0,5.600000000000005,0.892119570883807,-0.227880429116194
20.0,22.0,6,5.0,0,4,4,0,0,13.99999999999999,5.599999999999996,2.799999999999998,4,4,0,0,13.99999999999999,5.599999999999996,2.799999999999998
20.0,22.0,6,5.0,15,4,4,0,0,12.65302828998247,4.483707388089108,1.9531017300926146,4,4,0,0,13.99999999999999,4.254275620709167,1.454275620709169
20.0,22.0,6,5.0,30,4,4,0,0,13.99999999999999,4.721556540730245,1.921556540730247,4,3,0,0,13.99999999999999,4.144901809476832,1.344901809476834
20.0,22.0,6,8.0,0,4,4,0,0,10.40000000000001,4.160000000000004,2.080000000000002,4,4,0,0,10.40000000000001,4.160000000000004,2.080000000000002
20.0,22.0,6,8.0,15,4,4,0,0,9.095564238719877,3.0789587337284052,1.2598458859844297,4,3,0,0,10.40000000000001,2.8567721800551995,0.7767721800551975
20.0,22.0,6,8.0,30,4,4,0,0,10.40000000000001,3.3092968604966675,1.2292968604966648,4,3,0,0,10.40000000000001,2.7508522786512537,0.6708522786512516
20.0,22.0,6,10.0,0,4,4,0,0,8.000000000000007,3.200000000000003,1.6000000000000014,4,4,0,0,8.000000000000007,3.200000000000003,1.6000000000000014
20.0,22.0,6,10.0,15,4,3,0,0,6.723921537878141,2.142459630821265,0.7976753232456368,4,3,0,0,8.000000000000007,1.9251032196192164,0.32510321961921496
20.0,22.0,6,10.0,30,4,3,0,0,8.000000000000007,2.3677904070076075,0.7677904070076059,4,3,0,0,8.000000000000007,1.8214859247675308,0.22148592476752943
20.0,22.0,6,12.0,0,4,4,0,0,5.600000000000005,2.240000000000002,1.120000000000001,4,4,0,0,5.600000000000005,2.240000000000002,1.120000000000001
20.0,22.0,6,12.0,15,4,3,0,0,4.352278837036394,1.2059605279141228,0.33550476050684397,4,3,0,0,5.600000000000005,0.9934342591832336,-0.1265657408167675
20.0,22.0,6,12.0,30,4,3,0,0,5.600000000000005,1.4262839535185492,0.306283953518548,4,3,0,0,5.600000000000005,0.892119570883807,-0.227880429116194
20.0,22.0,8,5.0,0,4,4,0,0,13.99999999999999,5.599999999999996,2.799999999999998,4,4,0,0,13.99999999999999,5.599999999999996,2.799999999999998
20.0,22.0,8,5.0,15,4,4,0,0,12.65302828998247,4.483707388089108,1.9531017300926146,4,4,0,0,13.99999999999999,4.254275620709167,1.454275620709169
20.0,22.0,8,5.0,30,4,4,0,0,13.99999999999999,4.721556540730245,1.921556540730247,4,3,0,0,13.99999999999999,4.144901809476832,1.344901809476834
20.0,22.0,8,8.0,0,4,4,0,0,10.40000000000001,4.160000000000004,2.080000000000002,4,4,0,0,10.40000000000001,4.160000000000004,2.080000000000002
20.0,22.0,8,8.0,15,4,4,0,0,9.095564238719877,3.0789587337284052,1.2598458859844297,4,3,0,0,10.40000000000001,2.8567721800551995,0.7767721800551975
20.0,22.0,8,8.0,30,4,4,0,0,10.40000000000001,3.3092968604966675,1.2292968604966648,4,3,0,0,10.40000000000001,2.7508522786512537,0.6708522786512516
20.0,22.0,8,10.0,0,4,4,0,0,8.000000000000007,3.200000000000003,1.6000000000000014,4,4,0,0,8.000000000000007,3.200000000000003,1.6000000000000014
20.0,22.0,8,10.0,15,4,3,0,0,6.723921537878141,2.142459630821265,0.7976753232456368,4,3,0,0,8.000000000000007,1.9251032196192164,0.32510321961921496
20.0,22.0,8,10.0,30,4,3,0,0,8.000000000000007,2.3677904070076075,0.7677904070076059,4,3,0,0,8.000000000000007,1.8214859247675308,0.22148592476752943
20.0,22.0,8,12.0,0,4,4,0,0,5.600000000000005,2.240000000000002,1.120000000000001,4,4,0,0,5.600000000000005,2.240000000000002,1.120000000000001
20.0,22.0,8,12.0,15,4,3,0,0,4.352278837036394,1.2059605279141228,0.33550476050684397,4,3,0,0,5.600000000000005,0.9934342591832336,-0.1265657408167675
20.0,22.0,8,12.0,30,4,3,0,0,5.600000000000005,1.4262839535185492,0.306283953518548,4,3,0,0,5.600000000000005,0.892119570883807,-0.227880429116194
20.0,25.0,2,5.0,0,4,4,0,0,13.99999999999999,4.211163243039726,1.411163243039728,4,4,0,0,13.99999999999999,5.599999999999996,2.799999999999998
20.0,25.0,2,5.0,15,4,4,0,0,9.765508650463072,3.3642649731323426,1.411163243039728,4,4,0,0,13.99999999999999,4.254275620709167,1.454275620709169
20.0,25.0,2,5.0,30,4,4,0,0,9.607782703651235,3.332719783769975,1.411163243039728,4,3,0,0,13.99999999999999,4.144901809476832,1.344901809476834
20.0,25.0,2,8.0,0,4,3,0,0,10.40000000000001,2.81502124589111,0.7350212458911076,4,4,0,0,10.40000000000001,4.160000000000004,2.080000000000002
20.0,25.0,2,8.0,15,4,3,0,0,6.299229429922148,1.9948671318755373,0.7350212458911076,4,3,0,0,10.40000000000001,2.8567721800551995,0.7767721800551975
20.0,25.0,2,8.0,30,4,3,0,0,6.146484302483324,1.9643181063877724,0.7350212458911076,4,3,0,0,10.40000000000001,2.7508522786512537,0.6708522786512516
20.0,25.0,2,10.0,0,4,3,0,0,8.000000000000007,1.8842599144586936,0.2842599144586922,4,4,0,0,8.000000000000007,3.200000000000003,1.6000000000000014
20.0,25.0,2,10.0,15,4,2,0,0,3.988376616228184,1.0819352377043292,0.2842599144586922,4,3,0,0,8.000000000000007,1.9251032196192164,0.32510321961921496
20.0,25.0,2,10.0,30,4,2,0,0,3.8389520350380293,1.0520503214662982,0.2842599144586922,4,3,0,0,8.000000000000007,1.8214859247675308,0.22148592476752943
20.0,25.0,2,12.0,0,4,3,0,0,5.600000000000005,0.9534985830262777,-0.16650141697372334,4,4,0,0,5.600000000000005,2.240000000000002,1.120000000000001
20.0,25.0,2,12.0,15,4,2,0,0,1.6775238025342198,0.16900334353312063,-0.16650141697372334,4,3,0,0,5.600000000000005,0.9934342591832336,-0.1265657408167675
20.0,25.0,2,12.0,30,4,2,0,0,1.53141976759274,0.1397825365448247,-0.16650141697372334,4,3,0,0,5.600000000000005,0.892119570883807,-0.227880429116194
20.0,25.0,3,5.0,0,4,4,0,0,13.99999999999999,5.599999999999996,2.799999999999998,4,4,0,0,13.99999999999999,5.599999999999996,2.799999999999998
20.0,25.0,3,5.0,15,4,4,0,0,12.65302828998247,4.483707388089108,1.9531017300926146,4,4,0,0,13.99999999999999,4.254275620709167,1.454275620709169
20.0,25.0,3,5.0,30,4,4,0,0,12.65302828998247,4.452162198726741,1.921556540730247,4,3,0,0,13.99999999999999,4.144901809476832,1.344901809476834
20.0,25.0,3,8.0,0,4,4,0,0,10.40000000000001,4.160000000000004,2.080000000000002,4,4,0,0,10.40000000000001,4.160000000000004,2.080000000000002
20.0,25.0,3,8.0,15,4,4,0,0,9.095564238719877,3.0789587337284052,1.2598458859844297,4,3,0,0,10.40000000000001,2.8567721800551995,0.7767721800551975
20.0,25.0,3,8.0,30,4,4,0,0,9.095564238719877,3.0484097082406407,1.2292968604966648,4,3,0,0,10.40000000000001,2.7508522786512537,0.6708522786512516
20.0,25.0,3,10.0,0,4,4,0,0,8.000000000000007,3.200000000000003,1.6000000000000014,4,4,0,0,8.000000000000007,3.200000000000003,1.6000000000000014
20.0,25.0,3,10.0,15,4,3,0,0,6.723921537878141,2.142459630821265,0.7976753232456368,4,3,0,0,8.000000000000007,1.9251032196192164,0.32510321961921496
20.0,25.0,3,10.0,30,4,3,0,0,6.723921537878141,2.1125747145832343,0.7677904070076059,4,3,0,0,8.000000000000007,1.8214859247675308,0.22148592476752943
20.0,25.0,3,12.0,0,4,4,0,0,5.600000000000005,2.240000000000002,1.120000000000001,4,4,0,0,5.600000000000005,2.240000000000002,1.120000000000001
20.0,25.0,3,12.0,15,4,3,0,0,4.352278837036394,1.2059605279141228,0.33550476050684397,4,3,0,0,5.600000000000005,0.9934342591832336,-0.1265657408167675
20.0,25.0,3,12.0,30,4,3,0,0,4.352278837036394,1.1767397209258268,0.306283953518548,4,3,0,0,5.600000000000005,0.892119570883807,-0.227880429116194
20.0,25.0,4,5.0,0,4,4,0,0,13.99999999999999,5.599999999999996,2.799999999999998,4,4,0,0,13.99999999999999,5.599999999999996,2.799999999999998
20.0,25.0,4,5.0,15,4,4,0,0,12.65302828998247,4.483707388089108,1.9531017300926146,4,4,0,0,13.99999999999999,4.254275620709167,1.454275620709169
20.0,25.0,4,5.0,30,4,4,0,0,13.99999999999999,4.721556540730245,1.921556540730247,4,3,0,0,13.99999999999999,4.144901809476832,1.344901809476834
20.0,25.0,4,8.0,0,4,4,0,0,10.40000000000001,4.160000000000004,2.080000000000002,4,4,0,0,10.40000000000001,4.160000000000004,2.080000000000002
20.0,25.0,4,8.0,15,4,4,0,0,9.095564238719877,3.0789587337284052,1.2598458859844297,4,3,0,0,10.40000000000001,2.8567721800551995,0.7767721800551975
20.0,25.0,4,8.0,30,4,4,0,0,10.40000000000001,3.3092968604966675,1.2292968604966648,4,3,0,0,10.40000000000001,2.7508522786512537,0.6708522786512516
20.0,25.0,4,10.0,0,4,4,0,0,8.000000000000007,3.200000000000003,1.6000000000000014,4,4,0,0,8.000000000000007,3.200000000000003,1.6000000000000014
20.0,25.0,4,10.0,15,4,3,0,0,6.723921537878141,2.142459630821265,0.7976753232456368,4,3,0,0,8.000000000000007,1.9251032196192164,0.32510321961921496
20.0,25.0,4,10.0,30,4,3,0,0,8.000000000000007,2.3677904070076075,0.7677904070076059,4,3,0,0,8.000000000000007,1.8214859247675308,0.22148592476752943
20.0,25.0,4,12.0,0,4,4,0,0,5.600000000000005,2.240000000000002,1.120000000000001,4,4,0,0,5.600000000000005,2.240000000000002,1.120000000000001
20.0,25.0,4,12.0,15,4,3,0,0,4.352278837036394,1.2059605279141228,0.33550476050684397,4,3,0,0,5.600000000000005,0.9934342591832336,-0.1265657408167675
20.0,25.0,4,12.0,30,4,3,0,0,5.600000000000005,1.4262839535185492,0.306283953518548,4,3,0,0,5.600000000000005,0.892119570883807,-0.227880429116194
20.0,25.0,6,5.0,0,4,4,0,0,13.99999999999999,5.599999999999996,2.799999999999998,4,4,0,0,13.99999999999999,5.599999999999996,2.799999999999998
20.0,25.0,6,5.0,15,4,4,0,0,12.65302828998247,4.483707388089108,1.9531017300926146,4,4,0,0,13.99999999999999,4.254275620709167,1.454275620709169
20.0,25.0,6,5.0,30,4,4,0,0,13.99999999999999,4.721556540730245,1.921556540730247,4,3,0,0,13.99999999999999,4.144901809476832,1.344901809476834
20.0,25.0,6,8.0,0,4,4,0,0,10.40000000000001,4.160000000000004,2.080000000000002,4,4,0,0,10.40000000000001,4.160000000000004,2.080000000000002
20.0,25.0,6,8.0,15,4,4,0,0,9.095564238719877,3.0789587337284052,1.2598458859844297,4,3,0,0,10.40000000000001,2.8567721800551995,0.7767721800551975
20.0,25.0,6,8.0,30,4,4,0,0,10.40000000000001,3.3092968604966675,1.2292968604966648,4,3,0,0,10.40000000000001,2.7508522786512537,0.6708522786512516
20.0,25.0,6,10.0,0,4,4,0,0,8.000000000000007,3.200000000000003,1.6000000000000014,4,4,0,0,8.000000000000007,3.200000000000003,1.6000000000000014
20.0,25.0,6,10.0,15,4,3,0,0,6.723921537878141,2.142459630821265,0.7976753232456368,4,3,0,0,8.000000000000007,1.9251032196192164,0.32510321961921496
20.0,25.0,6,10.0,30,4,3,0,0,8.000000000000007,2.3677904070076075,0.7677904070076059,4,3,0,0,8.000000000000007,1.8214859247675308,0.22148592476752943
20.0,25.0,6,12.0,0,4,4,0,0,5.600000000000005,2.240000000000002,1.120000000000001,4,4,0,0,5.600000000000005,2.240000000000002,1.120000000000001
20.0,25.0,6,12.0,15,4,3,0,0,4.352278837036394,1.2059605279141228,0.33550476050684397,4,3,0,0,5.600000000000005,0.9934342591832336,-0.1265657408167675
20.0,25.0,6,12.0,30,4,3,0,0,5.600000000000005,1.4262839535185492,0.306283953518548,4,3,0,0,5.600000000000005,0.892119570883807,-0.227880429116194
20.0,25.0,8,5.0,0,4,4,0,0,13.99999999999999,5.599999999999996,2.799999999999998,4,4,0,0,13.99999999999999,5.599999999999996,2.799999999999998
20.0,25.0,8,5.0,15,4,4,0,0,12.65302828998247,4.483707388089108,1.9531017300926146,4,4,0,0,13.99999999999999,4.254275620709167,1.454275620709169
20.0,25.0,8,5.0,30,4,4,0,0,13.99999999999999,4.721556540730245,1.921556540730247,4,3,0,0,13.99999999999999,4.144901809476832,1.344901809476834
20.0,25.0,8,8.0,0,4,4,0,0,10.40000000000001,4.160000000000004,2.080000000000002,4,4,0,0,10.40000000000001,4.160000000000004,2.080000000000002
20.0,25.0,8,8.0,15,4,4,0,0,9.095564238719877,3.0789587337284052,1.2598458859844297,4,3,0,0,10.40000000000001,2.8567721800551995,0.7767721800551975
20.0,25.0,8,8.0,30,4,4,0,0,10.40000000000001,3.3092968604966675,1.2292968604966648,4,3,0,0,10.40000000000001,2.7508522786512537,0.6708522786512516
20.0,25.0,8,10.0,0,4,4,0,0,8.000000000000007,3.200000000000003,1.6000000000000014,4,4,0,0,8.000000000000007,3.200000000000003,1.6000000000000014
20.0,25.0,8,10.0,15,4,3,0,0,6.723921537878141,2.142459630821265,0.7976753232456368,4,3,0,0,8.000000000000007,1.9251032196192164,0.32510321961921496
20.0,25.0,8,10.0,30,4,3,0,0,8.000000000000007,2.3677904070076075,0.7677904070076059,4,3,0,0,8.000000000000007,1.8214859247675308,0.22148592476752943
20.0,25.0,8,12.0,0,4,4,0,0,5.600000000000005,2.240000000000002,1.120000000000001,4,4,0,0,5.600000000000005,2.240000000000002,1.120000000000001
20.0,25.0,8,12.0,15,4,3,0,0,4.352278837036394,1.2059605279141228,0.33550476050684397,4,3,0,0,5.600000000000005,0.9934342591832336,-0.1265657408167675
20.0,25.0,8,12.0,30,4,3,0,0,5.600000000000005,1.4262839535185492,0.306283953518548,4,3,0,0,5.600000000000005,0.892119570883807,-0.227880429116194
20.0,30.0,2,5.0,0,4,4,0,0,13.99999999999999,4.211163243039726,1.411163243039728,4,4,0,0,13.99999999999999,5.599999999999996,2.799999999999998
20.0,30.0,2,5.0,15,4,4,0,0,9.765508650463072,3.3642649731323426,1.411163243039728,4,4,0,0,13.99999999999999,4.254275620709167,1.454275620709169
20.0,30.0,2,5.0,30,4,4,0,0,9.607782703651235,3.332719783769975,1.411163243039728,4,3,0,0,13.99999999999999,4.144901809476832,1.344901809476834
20.0,30.0,2,8.0,0,4,3,0,0,10.40000000000001,2.81502124589111,0.7350212458911076,4,4,0,0,10.40000000000001,4.160000000000004,2.080000000000002
20.0,30.0,2,8.0,15,4,3,0,0,6.299229429922148,1.9948671318755373,0.7350212458911076,4,3,0,0,10.40000000000001,2.8567721800551995,0.7767721800551975
20.0,30.0,2,8.0,30,4,3,0,0,6.146484302483324,1.9643181063877724,0.7350212458911076,4,3,0,0,10.40000000000001,2.7508522786512537,0.6708522786512516
20.0,30.0,2,10.0,0,4,3,0,0,8.000000000000007,1.8842599144586936,0.2842599144586922,4,4,0,0,8.000000000000007,3.200000000000003,1.6000000000000014
20.0,30.0,2,10.0,15,4,2,0,0,3.988376616228184,1.0819352377043292,0.2842599144586922,4,3,0,0,8.000000000000007,1.9251032196192164,0.32510321961921496
20.0,30.0,2,10.0,30,4,2,0,0,3.8389520350380293,1.0520503214662982,0.2842599144586922,4,3,0,0,8.000000000000007,1.8214859247675308,0.22148592476752943
20.0,30.0,2,12.0,0,4,3,0,0,5.600000000000005,0.9534985830262777,-0.16650141697372334,4,4,0,0,5.600000000000005,2.240000000000002,1.120000000000001
20.0,30.0,2,12.0,15,4,2,0,0,1.6775238025342198,0.16900334353312063,-0.16650141697372334,4,3,0,0,5.600000000000005,0.9934342591832336,-0.1265657408167675
20.0,30.0,2,12.0,30,4,2,0,0,1.53141976759274,0.1397825365448247,-0.16650141697372334,4,3,0,0,5.600000000000005,0.892119570883807,-0.227880429116194
20.0,30.0,3,5.0,0,4,4,0,0,13.99999999999999,5.599999999999996,2.799999999999998,4,4,0,0,13.99999999999999,5.599999999999996,2.799999999999998
20.0,30.0,3,5.0,15,4,4,0,0,12.65302828998247,4.483707388089108,1.9531017300926146,4,4,0,0,13.99999999999999,4.254275620709167,1.454275620709169
20.0,30.0,3,5.0,30,4,4,0,0,12.65302828998247,4.452162198726741,1.921556540730247,4,3,0,0,13.99999999999999,4.144901809476832,1.344901809476834
20.0,30.0,3,8.0,0,4,4,0,0,10.40000000000001,4.160000000000004,2.080000000000002,4,4,0,0,10.40000000000001,4.160000000000004,2.080000000000002
20.0,30.0,3,8.0,15,4,4,0,0,9.095564238719877,3.0789587337284052,1.2598458859844297,4,3,0,0,10.40000000000001,2.8567721800551995,0.7767721800551975
20.0,30.0,3,8.0,30,4,4,0,0,9.095564238719877,3.0484097082406407,1.2292968604966648,4,3,0,0,10.40000000000001,2.7508522786512537,0.6708522786512516
20.0,30.0,3,10.0,0,4,4,0,0,8.000000000000007,3.200000000000003,1.6000000000000014,4,4,0,0,8.000000000000007,3.200000000000003,1.6000000000000014
20.0,30.0,3,10.0,15,4,3,0,0,6.723921537878141,2.142459630821265,0.7976753232456368,4,3,0,0,8.000000000000007,1.9251032196192164,0.32510321961921496
20.0,30.0,3,10.0,30,4,3,0,0,6.723921537878141,2.1125747145832343,0.7677904070076059,4,3,0,0,8.000000000000007,1.8214859247675308,0.22148592476752943
20.0,30.0,3,12.0,0,4,4,0,0,5.600000000000005,2.240000000000002,1.120000000000001,4,4,0,0,5.600000000000005,2.240000000000002,1.120000000000001
20.0,30.0,3,12.0,15,4,3,0,0,4.352278837036394,1.2059605279141228,0.33550476050684397,4,3,0,0,5.600000000000005,0.9934342591832336,-0.1265657408167675
20.0,30.0,3,12.0,30,4,3,0,0,4.352278837036394,1.1767397209258268,0.306283953518548,4,3,0,0,5.600000000000005,0.892119570883807,-0.227880429116194
20.0,30.0,4,5.0,0,4,4,0,0,13.99999999999999,5.599999999999996,2.799999999999998,4,4,0,0,13.99999999999999,5.599999999999996,2.799999999999998
20.0,30.0,4,5.0,15,4,4,0,0,12.65302828998247,4.483707388089108,1.9531017300926146,4,4,0,0,13.99999999999999,4.254275620709167,1.454275620709169
20.0,30.0,4,5.0,30,4,4,0,0,13.99999999999999,4.721556540730245,1.921556540730247,4,3,0,0,13.99999999999999,4.144901809476832,1.344901809476834
20.0,30.0,4,8.0,0,4,4,0,0,10.40000000000001,4.160000000000004,2.080000000000002,4,4,0,0,10.40000000000001,4.160000000000004,2.080000000000002
20.0,30.0,4,8.0,15,4,4,0,0,9.095564238719877,3.0789587337284052,1.2598458859844297,4,3,0,0,10.40000000000001,2.8567721800551995,0.7767721800551975
20.0,30.0,4,8.0,30,4,4,0,0,10.40000000000001,3.3092968604966675,1.2292968604966648,4,3,0,0,10.40000000000001,2.7508522786512537,0.6708522786512516
20.0,30.0,4,10.0,0,4,4,0,0,8.000000000000007,3.200000000000003,1.6000000000000014,4,4,0,0,8.000000000000007,3.200000000000003,1.6000000000000014
20.0,30.0,4,10.0,15,4,3,0,0,6.723921537878141,2.142459630821265,0.7976753232456368,4,3,0,0,8.000000000000007,1.9251032196192164,0.32510321961921496
20.0,30.0,4,10.0,30,4,3,0,0,8.000000000000007,2.3677904070076075,0.7677904070076059,4,3,0,0,8.000000000000007,1.8214859247675308,0.22148592476752943
20.0,30.0,4,12.0,0,4,4,0,0,5.600000000000005,2.240000000000002,1.120000000000001,4,4,0,0,5.600000000000005,2.240000000000002,1.120000000000001
20.0,30.0,4,12.0,15,4,3,0,0,4.352278837036394,1.2059605279141228,0.33550476050684397,4,3,0,0,5.600000000000005,0.9934342591832336,-0.1265657408167675
20.0,30.0,4,12.0,30,4,3,0,0,5.600000000000005,1.4262839535185492,0.306283953518548,4,3,0,0,5.600000000000005,0.892119570883807,-0.227880429116194
20.0,30.0,6,5.0,0,4,4,0,0,13.99999999999999,5.599999999999996,2.799999999999998,4,4,0,0,13.99999999999999,5.599999999999996,2.799999999999998
20.0,30.0,6,5.0,15,4,4,0,0,12.65302828998247,4.483707388089108,1.9531017300926146,4,4,0,0,13.99999999999999,4.254275620709167,1.454275620709169
20.0,30.0,6,5.0,30,4,4,0,0,13.99999999999999,4.721556540730245,1.921556540730247,4,3,0,0,13.99999999999999,4.144901809476832,1.344901809476834
20.0,30.0,6,8.0,0,4,4,0,0,10.40000000000001,4.160000000000004,2.080000000000002,4,4,0,0,10.40000000000001,4.160000000000004,2.080000000000002
20.0,30.0,6,8.0,15,4,4,0,0,9.095564238719877,3.0789587337284052,1.2598458859844297,4,3,0,0,10.40000000000001,2.8567721800551995,0.7767721800551975
20.0,30.0,6,8.0,30,4,4,0,0,10.40000000000001,3.3092968604966675,1.2292968604966648,4,3,0,0,10.40000000000001,2.7508522786512537,0.6708522786512516
20.0,30.0,6,10.0,0,4,4,0,0,8.000000000000007,3.200000000000003,1.6000000000000014,4,4,0,0,8.000000000000007,3.200000000000003,1.6000000000000014
20.0,30.0,6,10.0,15,4,3,0,0,6.723921537878141,2.142459630821265,0.7976753232456368,4,3,0,0,8.000000000000007,1.9251032196192164,0.32510321961921496
20.0,30.0,6,10.0,30,4,3,0,0,8.000000000000007,2.3677904070076075,0.7677904070076059,4,3,0,0,8.000000000000007,1.8214859247675308,0.22148592476752943
20.0,30.0,6,12.0,0,4,4,0,0,5.600000000000005,2.240000000000002,1.120000000000001,4,4,0,0,5.600000000000005,2.240000000000002,1.120000000000001
20.0,30.0,6,12.0,15,4,3,0,0,4.352278837036394,1.2059605279141228,0.33550476050684397,4,3,0,0,5.600000000000005,0.9934342591832336,-0.1265657408167675
20.0,30.0,6,12.0,30,4,3,0,0,5.600000000000005,1.4262839535185492,0.306283953518548,4,3,0,0,5.600000000000005,0.892119570883807,-0.227880429116194
20.0,30.0,8,5.0,0,4,4,0,0,13.99999999999999,5.599999999999996,2.799999999999998,4,4,0,0,13.99999999999999,5.599999999999996,2.799999999999998
20.0,30.0,8,5.0,15,4,4,0,0,12.65302828998247,4.483707388089108,1.9531017300926146,4,4,0,0,13.99999999999999,4.254275620709167,1.454275620709169
20.0,30.0,8,5.0,30,4,4,0,0,13.99999999999999,4.721556540730245,1.921556540730247,4,3,0,0,13.99999999999999,4.144901809476832,1.344901809476834
20.0,30.0,8,8.0,0,4,4,0,0,10.40000000000001,4.160000000000004,2.080000000000002,4,4,0,0,10.40000000000001,4.160000000000004,2.080000000000002
20.0,30.0,8,8.0,15,4,4,0,0,9.095564238719877,3.0789587337284052,1.2598458859844297,4,3,0,0,10.40000000000001,2.8567721800551995,0.7767721800551975
20.0,30.0,8,8.0,30,4,4,0,0,10.40000000000001,3.3092968604966675,1.2292968604966648,4,3,0,0,10.40000000000001,2.7508522786512537,0.6708522786512516
20.0,30.0,8,10.0,0,4,4,0,0,8.000000000000007,3.200000000000003,1.6000000000000014,4,4,0,0,8.000000000000007,3.200000000000003,1.6000000000000014
20.0,30.0,8,10.0,15,4,3,0,0,6.723921537878141,2.142459630821265,0.7976753232456368,4,3,0,0,8.000000000000007,1.9251032196192164,0.32510321961921496
20.0,30.0,8,10.0,30,4,3,0,0,8.000000000000007,2.3677904070076075,0.7677904070076059,4,3,0,0,8.000000000000007,1.8214859247675308,0.22148592476752943
20.0,30.0,8,12.0,0,4,4,0,0,5.600000000000005,2.240000000000002,1.120000000000001,4,4,0,0,5.600000000000005,2.240000000000002,1.120000000000001
20.0,30.0,8,12.0,15,4,3,0,0,4.352278837036394,1.2059605279141228,0.33550476050684397,4,3,0,0,5.600000000000005,0.9934342591832336,-0.1265657408167675
20.0,30.0,8,12.0,30,4,3,0,0,5.600000000000005,1.4262839535185492,0.306283953518548,4,3,0,0,5.600000000000005,0.892119570883807,-0.227880429116194
30.0,15.0,2,5.0,0,4,3,1,0,23.499999999999986,5.1249999999999964,0.4249999999999986,4,3,1,0,23.499999999999986,5.059482097625942,0.35948209762594385
30.0,15.0,2,5.0,15,4,3,1,0,14.51550865046307,3.3281017300926123,0.4249999999999986,4,3,1,0,23.499999999999986,5.1249999999999964,0.4249999999999986
30.0,15.0,2,5.0,30,4,3,1,0,14.357782703651234,3.2965565407302453,0.4249999999999986,4,3,1,0,23.499999999999986,5.1249999999999964,0.4249999999999986
30.0,15.0,2,8.0,0,4,3,1,0,19.600000000000016,3.700000000000005,-0.21999999999999817,4,3,1,0,19.600000000000016,3.636551084016711,-0.28344891598329236
30.0,15.0,2,8.0,15,4,3,1,0,10.899229429922151,1.959845885984432,-0.21999999999999817,4,3,1,0,19.600000000000016,3.700000000000005,-0.21999999999999817
30.0,15.0,2,8.0,30,4,3,1,0,10.746484302483328,1.9292968604966676,-0.21999999999999817,4,3,1,0,19.600000000000016,3.700000000000005,-0.21999999999999817
30.0,15.0,2,10.0,0,4,3,1,0,17.000000000000014,2.7500000000000044,-0.6499999999999986,4,3,1,0,17.000000000000014,2.687930408277217,-0.7120695917227859
30.0,15.0,2,10.0,15,4,2,1,0,8.488376616228187,1.0476753232456388,-0.6499999999999986,4,3,1,0,17.000000000000014,2.7500000000000044,-0.6499999999999986
30.0,15.0,2,10.0,30,4,2,1,0,8.338952035038032,1.0177904070076078,-0.6499999999999986,4,3,1,0,17.000000000000014,2.7500000000000044,-0.6499999999999986
30.0,15.0,2,12.0,0,4,3,1,0,14.400000000000013,1.800000000000004,-1.0799999999999987,4,3,1,0,14.400000000000013,1.7393097325377227,-1.1406902674622799
30.0,15.0,2,12.0,15,4,2,1,0,6.077523802534223,0.135504760506846,-1.0799999999999987,4,3,1,0,14.400000000000013,1.800000000000004,-1.0799999999999987
30.0,15.0,2,12.0,30,4,2,1,0,5.931419767592744,0.10628395351855016,-1.0799999999999987,4,3,1,0,14.400000000000013,1.800000000000004,-1.0799999999999987
30.0,15.0,3,5.0,0,4,3,1,0,23.499999999999986,5.1249999999999964,0.4249999999999986,4,3,1,0,23.499999999999986,5.059482097625942,0.35948209762594385
30.0,15.0,3,5.0,15,4,3,1,0,14.51550865046307,3.3281017300926123,0.4249999999999986,4,3,1,0,22.834437466379917,4.991887493275982,0.29188749327598523
30.0,15.0,3,5.0,30,4,3,1,0,11.538104133367144,2.7326208266734273,0.4249999999999986,4,3,1,0,21.13591622087807,4.652183244175612,-0.047816755824384674
30.0,15.0,3,8.0,0,4,3,1,0,19.600000000000016,3.700000000000005,-0.21999999999999817,4,3,1,0,19.600000000000016,3.636551084016711,-0.28344891598329236
30.0,15.0,3,8.0,15,4,3,1,0,10.899229429922151,1.959845885984432,-0.21999999999999817,4,3,1,0,18.955455230599515,3.5710910461199052,-0.34890895388009824
30.0,15.0,3,8.0,30,4,3,1,0,8.015848213366095,1.383169642673221,-0.21999999999999817,4,3,1,0,17.310571498113525,3.242114299622707,-0.6778857003772965
30.0,15.0,3,10.0,0,4,3,1,0,17.000000000000014,2.7500000000000044,-0.6499999999999986,4,3,1,0,17.000000000000014,2.687930408277217,-0.7120695917227859
30.0,15.0,3,10.0,15,4,2,1,0,8.488376616228187,1.0476753232456388,-0.6499999999999986,4,3,1,0,16.36946707341257,2.6238934146825152,-0.7761065853174878
30.0,15.0,3,10.0,30,4,2,1,0,5.667677600032046,0.4835355200064106,-0.6499999999999986,4,3,1,0,14.760341682937138,2.3020683365874293,-1.0979316634125738
30.0,15.0,3,12.0,0,4,3,1,0,14.400000000000013,1.800000000000004,-1.0799999999999987,4,3,1,0,14.400000000000013,1.7393097325377227,-1.1406902674622799
30.0,15.0,3,12.0,15,4,2,1,0,6.077523802534223,0.135504760506846,-1.0799999999999987,4,3,1,0,13.783478916225622,1.676695783245126,-1.2033042167548769
30.0,15.0,3,12.0,30,4,2,1,0,3.319506986698001,-0.4160986026603986,-1.0799999999999987,4,3,1,0,12.210111867760753,1.3620223735521524,-1.5179776264478506
30.0,15.0,4,5.0,0,4,3,1,0,23.499999999999986,5.1249999999999964,0.4249999999999986,4,3,1,0,23.499999999999986,5.059482097625942,0.35948209762594385
30.0,15.0,4,5.0,15,4,3,1,0,14.51550865046307,3.3281017300926123,0.4249999999999986,4,3,1,0,22.834437466379917,4.991887493275982,0.29188749327598523
30.0,15.0,4,5.0,30,4,3,1,0,11.538104133367144,2.7326208266734273,0.4249999999999986,4,3,1,0,21.13591622087807,4.652183244175612,-0.047816755824384674
30.0,15.0,4,8.0,0,4,3,1,0,19.600000000000016,3.700000000000005,-0.21999999999999817,4,3,1,0,19.600000000000016,3.636551084016711,-0.28344891598329236
30.0,15.0,4,8.0,15,4,3,1,0,10.899229429922151,1.959845885984432,-0.21999999999999817,4,3,1,0,18.955455230599515,3.5710910461199052,-0.34890895388009824
30.0,15.0,4,8.0,30,4,3,1,0,8.015848213366095,1.383169642673221,-0.21999999999999817,4,3,1,0,17.310571498113525,3.242114299622707,-0.6778857003772965
30.0,15.0,4,10.0,0,4,3,1,0,17.000000000000014,2.7500000000000044,-0.6499999999999986,4,3,1,0,17.000000000000014,2.687930408277217,-0.7120695917227859
30.0,15.0,4,10.0,15,4,2,1,0,8.488376616228187,1.0476753232456388,-0.6499999999999986,4,3,1,0,16.36946707341257,2.6238934146825152,-0.7761065853174878
30.0,15.0,4,10.0,30,4,2,1,0,5.667677600032046,0.4835355200064106,-0.6499999999999986,4,3,1,0,14.760341682937138,2.3020683365874293,-1.0979316634125738
30.0,15.0,4,12.0,0,4,3,1,0,14.400000000000013,1.800000000000004,-1.0799999999999987,4,3,1,0,14.400000000000013,1.7393097325377227,-1.1406902674622799
30.0,15.0,4,12.0,15,4,2,1,0,6.077523802534223,0.135504760506846,-1.0799999999999987,4,3,1,0,13.783478916225622,1.676695783245126,-1.2033042167548769
30.0,15.0,4,12.0,30,4,2,1,0,3.319506986698001,-0.4160986026603986,-1.0799999999999987,4,3,1,0,12.210111867760753,1.3620223735521524,-1.5179776264478506
30.0,15.0,6,5.0,0,4,3,1,0,23.499999999999986,5.1249999999999964,0.4249999999999986,4,3,1,0,23.499999999999986,5.059482097625942,0.35948209762594385
30.0,15.0,6,5.0,15,4,3,1,0,14.51550865046307,3.3281017300926123,0.4249999999999986,4,3,1,0,22.834437466379917,4.991887493275982,0.29188749327598523
30.0,15.0,6,5.0,30,4,3,1,0,11.538104133367144,2.7326208266734273,0.4249999999999986,4,3,1,0,21.13591622087807,4.652183244175612,-0.047816755824384674
30.0,15.0,6,8.0,0,4,3,1,0,19.600000000000016,3.700000000000005,-0.21999999999999817,4,3,1,0,19.600000000000016,3.636551084016711,-0.28344891598329236
30.0,15.0,6,8.0,15,4,3,1,0,10.899229429922151,1.959845885984432,-0.21999999999999817,4,3,1,0,18.955455230599515,3.5710910461199052,-0.34890895388009824
30.0,15.0,6,8.0,30,4,3,1,0,8.015848213366095,1.383169642673221,-0.21999999999999817,4,3,1,0,17.310571498113525,3.242114299622707,-0.6778857003772965
30.0,15.0,6,10.0,0,4,3,1,0,17.000000000000014,2.7500000000000044,-0.6499999999999986,4,3,1,0,17.000000000000014,2.687930408277217,-0.7120695917227859
30.0,15.0,6,10.0,15,4,2,1,0,8.488376616228187,1.0476753232456388,-0.6499999999999986,4,3,1,0,16.36946707341257,2.6238934146825152,-0.7761065853174878
30.0,15.0,6,10.0,30,4,2,1,0,5.667677600032046,0.4835355200064106,-0.6499999999999986,4,3,1,0,14.760341682937138,2.3020683365874293,-1.0979316634125738
30.0,15.0,6,12.0,0,4,3,1,0,14.400000000000013,1.800000000000004,-1.0799999999999987,4,3,1,0,14.400000000000013,1.7393097325377227,-1.1406902674622799
30.0,15.0,6,12.0,15,4,2,1,0,6.077523802534223,0.135504760506846,-1.0799999999999987,4,3,1,0,13.783478916225622,1.676695783245126,-1.2033042167548769
30.0,15.0,6,12.0,30,4,2,1,0,3.319506986698001,-0.4160986026603986,-1.0799999999999987,4,3,1,0,12.210111867760753,1.3620223735521524,-1.5179776264478506
30.0,15.0,8,5.0,0,4,3,1,0,23.499999999999986,5.1249999999999964,0.4249999999999986,4,3,1,0,23.499999999999986,5.059482097625942,0.35948209762594385
30.0,15.0,8,5.0,15,4,3,1,0,14.51550865046307,3.3281017300926123,0.4249999999999986,4,3,1,0,22.834437466379917,4.991887493275982,0.29188749327598523
30.0,15.0,8,5.0,30,4,3,1,0,11.538104133367144,2.7326208266734273,0.4249999999999986,4,3,1,0,21.13591622087807,4.652183244175612,-0.047816755824384674
30.0,15.0,8,8.0,0,4,3,1,0,19.600000000000016,3.700000000000005,-0.21999999999999817,4,3,1,0,19.600000000000016,3.636551084016711,-0.28344891598329236
30.0,15.0,8,8.0,15,4,3,1,0,10.899229429922151,1.959845885984432,-0.21999999999999817,4,3,1,0,18.955455230599515,3.5710910461199052,-0.34890895388009824
30.0,15.0,8,8.0,30,4,3,1,0,8.015848213366095,1.383169642673221,-0.21999999999999817,4,3,1,0,17.310571498113525,3.242114299622707,-0.6778857003772965
30.0,15.0,8,10.0,0,4,3,1,0,17.000000000000014,2.7500000000000044,-0.6499999999999986,4,3,1,0,17.000000000000014,2.687930408277217,-0.7120695917227859
30.0,15.0,8,10.0,15,4,2,1,0,8.488376616228187,1.0476753232456388,-0.6499999999999986,4,3,1,0,16.36946707341257,2.6238934146825152,-0.7761065853174878
30.0,15.0,8,10.0,30,4,2,1,0,5.667677600032046,0.4835355200064106,-0.6499999999999986,4,3,1,0,14.760341682937138,2.3020683365874293,-1.0979316634125738
30.0,15.0,8,12.0,0,4,3,1,0,14.400000000000013,1.800000000000004,-1.0799999999999987,4,3,1,0,14.400000000000013,1.7393097325377227,-1.1406902674622799
30.0,15.0,8,12.0,15,4,2,1,0,6.077523802534223,0.135504760506846,-1.0799999999999987,4,3,1,0,13.783478916225622,1.676695783245126,-1.2033042167548769
30.0,15.0,8,12.0,30,4,2,1,0,3.319506986698001,-0.4160986026603986,-1.0799999999999987,4,3,1,0,12.210111867760753,1.3620223735521524,-1.5179776264478506
30.0,18.0,2,5.0,0,4,4,0,0,23.499999999999986,7.061163243039726,2.361163243039728,4,3,1,0,23.499999999999986,4.839999999999996,0.1399999999999988
30.0,18.0,2,5.0,15,4,4,0,0,14.51550865046307,5.264264973132342,2.361163243039728,4,3,1,0,23.499999999999986,4.839999999999996,0.1399999999999988
30.0,18.0,2,5.0,30,4,4,0,0,14.357782703651234,5.232719783769975,2.361163243039728,4,3,1,0,23.499999999999986,4.839999999999996,0.1399999999999988
30.0,18.0,2,8.0,0,4,3,0,0,19.600000000000016,5.5750212458911115,1.6550212458911084,4,3,1,0,19.600000000000016,3.4240000000000053,-0.4959999999999976
30.0,18.0,2,8.0,15,4,3,0,0,10.899229429922151,3.834867131875539,1.6550212458911084,4,3,1,0,19.600000000000016,3.4240000000000053,-0.4959999999999976
30.0,18.0,2,8.0,30,4,3,0,0,10.746484302483328,3.804318106387774,1.6550212458911084,4,3,1,0,19.600000000000016,3.4240000000000053,-0.4959999999999976
30.0,18.0,2,10.0,0,4,3,0,0,17.000000000000014,4.584259914458696,1.184259914458693,4,3,1,0,17.000000000000014,2.4800000000000058,-0.9199999999999975
30.0,18.0,2,10.0,15,4,2,0,0,8.488376616228187,2.8819352377043304,1.184259914458693,4,3,1,0,17.000000000000014,2.4800000000000058,-0.9199999999999975
30.0,18.0,2,10.0,30,4,2,0,0,8.338952035038032,2.8520503214662996,1.184259914458693,4,3,1,0,17.000000000000014,2.4800000000000058,-0.9199999999999975
30.0,18.0,2,12.0,0,4,3,0,0,14.400000000000013,3.5934985830262804,0.7134985830262774,4,3,1,0,14.400000000000013,1.5360000000000043,-1.3439999999999985
30.0,18.0,2,12.0,15,4,2,0,0,6.077523802534223,1.9290033435331222,0.7134985830262774,4,3,1,0,14.400000000000013,1.5360000000000043,-1.3439999999999985
30.0,18.0,2,12.0,30,4,2,0,0,5.931419767592744,1.8997825365448264,0.7134985830262774,4,3,1,0,14.400000000000013,1.5360000000000043,-1.3439999999999985
30.0,18.0,3,5.0,0,4,4,0,0,23.499999999999986,9.399999999999995,4.6999999999999975,4,3,1,0,23.499999999999986,4.839999999999996,0.1399999999999988
30.0,18.0,3,5.0,15,4,4,0,0,17.40302828998247,6.383707388089109,2.9031017300926143,4,3,1,0,22.834437466379917,4.706887493275983,0.006887493275985435
30.0,18.0,3,5.0,30,4,4,0,0,14.58334971969838,5.788226484669924,2.307620826673429,4,3,1,0,21.13591622087807,4.367183244175613,-0.33281675582438447
30.0,18.0,3,8.0,0,4,4,0,0,19.600000000000016,7.840000000000007,3.9200000000000035,4,3,1,0,19.600000000000016,3.4240000000000053,-0.4959999999999976
30.0,18.0,3,8.0,15,4,4,0,0,13.69556423871988,4.918958733728407,2.1798458859844305,4,3,1,0,18.955455230599515,3.295091046119906,-0.6249089538800977
30.0,18.0,3,8.0,30,4,4,0,0,10.964928149602649,4.342282490417195,1.603169642673219,4,3,1,0,17.310571498113525,2.9661142996227077,-0.9538857003772959
30.0,18.0,3,10.0,0,4,4,0,0,17.000000000000014,6.800000000000006,3.400000000000003,4,3,1,0,17.000000000000014,2.4800000000000058,-0.9199999999999975
30.0,18.0,3,10.0,15,4,3,0,0,11.223921537878145,3.9424596308212667,1.6976753232456376,4,3,1,0,16.36946707341257,2.3538934146825166,-1.0461065853174867
30.0,18.0,3,10.0,30,4,3,0,0,8.552647102872157,3.3783198275820383,1.1335355200064092,4,3,1,0,14.760341682937138,2.03206833658743,-1.3679316634125727
30.0,18.0,3,12.0,0,4,4,0,0,14.400000000000013,5.760000000000005,2.8800000000000026,4,3,1,0,14.400000000000013,1.5360000000000043,-1.3439999999999985
30.0,18.0,3,12.0,15,4,3,0,0,8.752278837036398,2.9659605279141243,1.2155047605068448,4,3,1,0,13.783478916225622,1.4126957832451261,-1.4673042167548767
30.0,18.0,3,12.0,30,4,3,0,0,6.140366056141655,2.41435716474688,0.6639013973396003,4,3,1,0,12.210111867760753,1.0980223735521528,-1.7819776264478504
30.0,18.0,4,5.0,0,4,4,0,0,23.499999999999986,9.399999999999995,4.6999999999999975,4,3,1,0,23.499999999999986,4.839999999999996,0.1399999999999988
30.0,18.0,4,5.0,15,4,4,0,0,17.40302828998247,6.383707388089109,2.9031017300926143,4,3,1,0,22.834437466379917,4.706887493275983,0.006887493275985435
30.0,18.0,4,5.0,30,4,4,0,0,20.680321429715896,7.007620826673426,2.307620826673429,4,3,1,0,21.13591622087807,4.367183244175613,-0.33281675582438447
30.0,18.0,4,8.0,0,4,4,0,0,19.600000000000016,7.840000000000007,3.9200000000000035,4,3,1,0,19.600000000000016,3.4240000000000053,-0.4959999999999976
30.0,18.0,4,8.0,15,4,4,0,0,13.69556423871988,4.918958733728407,2.1798458859844305,4,3,1,0,18.955455230599515,3.295091046119906,-0.6249089538800977
30.0,18.0,4,8.0,30,4,4,0,0,16.869363910882782,5.523169642673222,1.603169642673219,4,3,1,0,17.310571498113525,2.9661142996227077,-0.9538857003772959
30.0,18.0,4,10.0,0,4,4,0,0,17.000000000000014,6.800000000000006,3.400000000000003,4,3,1,0,17.000000000000014,2.4800000000000058,-0.9199999999999975
30.0,18.0,4,10.0,15,4,3,0,0,11.223921537878145,3.9424596308212667,1.6976753232456376,4,3,1,0,16.36946707341257,2.3538934146825166,-1.0461065853174867
30.0,18.0,4,10.0,30,4,3,0,0,14.328725564994027,4.533535520006413,1.1335355200064092,4,3,1,0,14.760341682937138,2.03206833658743,-1.3679316634125727
30.0,18.0,4,12.0,0,4,4,0,0,14.400000000000013,5.760000000000005,2.8800000000000026,4,3,1,0,14.400000000000013,1.5360000000000043,-1.3439999999999985
30.0,18.0,4,12.0,15,4,3,0,0,8.752278837036398,2.9659605279141243,1.2155047605068448,4,3,1,0,13.783478916225622,1.4126957832451261,-1.4673042167548767
30.0,18.0,4,12.0,30,4,3,0,0,11.78808721910527,3.543901397339603,0.6639013973396003,4,3,1,0,12.210111867760753,1.0980223735521528,-1.7819776264478504
30.0,18.0,6,5.0,0,4,4,0,0,23.499999999999986,9.399999999999995,4.6999999999999975,4,3,1,0,23.499999999999986,4.839999999999996,0.1399999999999988
30.0,18.0,6,5.0,15,4,4,0,0,17.40302828998247,6.383707388089109,2.9031017300926143,4,3,1,0,22.834437466379917,4.706887493275983,0.006887493275985435
30.0,18.0,6,5.0,30,4,4,0,0,20.680321429715896,7.007620826673426,2.307620826673429,4,3,1,0,21.13591622087807,4.367183244175613,-0.33281675582438447
30.0,18.0,6,8.0,0,4,4,0,0,19.600000000000016,7.840000000000007,3.9200000000000035,4,3,1,0,19.600000000000016,3.4240000000000053,-0.4959999999999976
30.0,18.0,6,8.0,15,4,4,0,0,13.69556423871988,4.918958733728407,2.1798458859844305,4,3,1,0,18.955455230599515,3.295091046119906,-0.6249089538800977
30.0,18.0,6,8.0,30,4,4,0,0,16.869363910882782,5.523169642673222,1.603169642673219,4,3,1,0,17.310571498113525,2.9661142996227077,-0.9538857003772959
30.0,18.0,6,10.0,0,4,4,0,0,17.000000000000014,6.800000000000006,3.400000000000003,4,3,1,0,17.000000000000014,2.4800000000000058,-0.9199999999999975
30.0,18.0,6,10.0,15,4,3,0,0,11.223921537878145,3.9424596308212667,1.6976753232456376,4,3,1,0,16.36946707341257,2.3538934146825166,-1.0461065853174867
30.0,18.0,6,10.0,30,4,3,0,0,14.328725564994027,4.533535520006413,1.1335355200064092,4,3,1,0,14.760341682937138,2.03206833658743,-1.3679316634125727
30.0,18.0,6,12.0,0,4,4,0,0,14.400000000000013,5.760000000000005,2.8800000000000026,4,3,1,0,14.400000000000013,1.5360000000000043,-1.3439999999999985
30.0,18.0,6,12.0,15,4,3,0,0,8.752278837036398,2.9659605279141243,1.2155047605068448,4,3,1,0,13.783478916225622,1.4126957832451261,-1.4673042167548767
30.0,18.0,6,12.0,30,4,3,0,0,11.78808721910527,3.543901397339603,0.6639013973396003,4,3,1,0,12.210111867760753,1.0980223735521528,-1.7819776264478504
30.0,18.0,8,5.0,0,4,4,0,0,23.499999999999986,9.399999999999995,4.6999999999999975,4,3,1,0,23.499999999999986,4.839999999999996,0.1399999999999988
30.0,18.0,8,5.0,15,4,4,0,0,17.40302828998247,6.383707388089109,2.9031017300926143,4,3,1,0,22.834437466379917,4.706887493275983,0.006887493275985435
30.0,18.0,8,5.0,30,4,4,0,0,20.680321429715896,7.007620826673426,2.307620826673429,4,3,1,0,21.13591622087807,4.367183244175613,-0.33281675582438447
30.0,18.0,8,8.0,0,4,4,0,0,19.600000000000016,7.840000000000007,3.9200000000000035,4,3,1,0,19.600000000000016,3.4240000000000053,-0.4959999999999976
30.0,18.0,8,8.0,15,4,4,0,0,13.69556423871988,4.918958733728407,2.1798458859844305,4,3,1,0,18.955455230599515,3.295091046119906,-0.6249089538800977
30.0,18.0,8,8.0,30,4,4,0,0,16.869363910882782,5.523169642673222,1.603169642673219,4,3,1,0,17.310571498113525,2.9661142996227077,-0.9538857003772959
30.0,18.0,8,10.0,0,4,4,0,0,17.000000000000014,6.800000000000006,3.400000000000003,4,3,1,0,17.000000000000014,2.4800000000000058,-0.9199999999999975
30.0,18.0,8,10.0,15,4,3,0,0,11.223921537878145,3.9424596308212667,1.6976753232456376,4,3,1,0,16.36946707341257,2.3538934146825166,-1.0461065853174867
30.0,18.0,8,10.0,30,4,3,0,0,14.328725564994027,4.533535520006413,1.1335355200064092,4,3,1,0,14.760341682937138,2.03206833658743,-1.3679316634125727
30.0,18.0,8,12.0,0,4,4,0,0,14.400000000000013,5.760000000000005,2.8800000000000026,4,3,1,0,14.400000000000013,1.5360000000000043,-1.3439999999999985
30.0,18.0,8,12.0,15,4,3,0,0,8.752278837036398,2.9659605279141243,1.2155047605068448,4,3,1,0,13.783478916225622,1.4126957832451261,-1.4673042167548767
30.0,18.0,8,12.0,30,4,3,0,0,11.78808721910527,3.543901397339603,0.6639013973396003,4,3,1,0,12.210111867760753,1.0980223735521528,-1.7819776264478504
30.0,20.0,2,5.0,0,4,4,0,0,23.499999999999986,7.061163243039726,2.361163243039728,4,4,0,0,23.499999999999986,9.399999999999995,4.6999999999999975
30.0,20.0,2,5.0,15,4,4,0,0,14.51550865046307,5.264264973132342,2.361163243039728,4,4,0,0,23.499999999999986,9.399999999999995,4.6999999999999975
30.0,20.0,2,5.0,30,4,4,0,0,14.357782703651234,5.232719783769975,2.361163243039728,4,4,0,0,23.499999999999986,9.399999999999995,4.6999999999999975
30.0,20.0,2,8.0,0,4,3,0,0,19.600000000000016,5.5750212458911115,1.6550212458911084,4,4,0,0,19.600000000000016,7.840000000000007,3.9200000000000035
30.0,20.0,2,8.0,15,4,3,0,0,10.899229429922151,3.834867131875539,1.6550212458911084,4,4,0,0,19.600000000000016,7.840000000000007,3.9200000000000035
30.0,20.0,2,8.0,30,4,3,0,0,10.746484302483328,3.804318106387774,1.6550212458911084,4,4,0,0,19.600000000000016,7.840000000000007,3.9200000000000035
30.0,20.0,2,10.0,0,4,3,0,0,17.000000000000014,4.584259914458696,1.184259914458693,4,4,0,0,17.000000000000014,6.800000000000006,3.400000000000003
30.0,20.0,2,10.0,15,4,2,0,0,8.488376616228187,2.8819352377043304,1.184259914458693,4,4,0,0,17.000000000000014,6.800000000000006,3.400000000000003
30.0,20.0,2,10.0,30,4,2,0,0,8.338952035038032,2.8520503214662996,1.184259914458693,4,4,0,0,17.000000000000014,6.800000000000006,3.400000000000003
30.0,20.0,2,12.0,0,4,3,0,0,14.400000000000013,3.5934985830262804,0.7134985830262774,4,4,0,0,14.400000000000013,5.760000000000005,2.8800000000000026
30.0,20.0,2,12.0,15,4,2,0,0,6.077523802534223,1.9290033435331222,0.7134985830262774,4,4,0,0,14.400000000000013,5.760000000000005,2.8800000000000026
30.0,20.0,2,12.0,30,4,2,0,0,5.931419767592744,1.8997825365448264,0.7134985830262774,4,4,0,0,14.400000000000013,5.760000000000005,2.8800000000000026
30.0,20.0,3,5.0,0,4,4,0,0,23.499999999999986,9.399999999999995,4.6999999999999975,4,4,0,0,23.499999999999986,9.399999999999995,4.6999999999999975
30.0,20.0,3,5.0,15,4,4,0,0,17.40302828998247,6.383707388089109,2.9031017300926143,4,4,0,0,23.499999999999986,9.26688749327598,4.566887493275984
30.0,20.0,3,5.0,30,4,4,0,0,14.58334971969838,5.788226484669924,2.307620826673429,4,4,0,0,23.499999999999986,8.92718324417561,4.227183244175614
30.0,20.0,3,8.0,0,4,4,0,0,19.600000000000016,7.840000000000007,3.9200000000000035,4,4,0,0,19.600000000000016,7.840000000000007,3.9200000000000035
30.0,20.0,3,8.0,15,4,4,0,0,13.69556423871988,4.918958733728407,2.1798458859844305,4,4,0,0,19.600000000000016,7.711091046119908,3.791091046119903
30.0,20.0,3,8.0,30,4,4,0,0,10.964928149602649,4.342282490417195,1.603169642673219,4,4,0,0,19.600000000000016,7.3821142996227085,3.462114299622705
30.0,20.0,3,10.0,0,4,4,0,0,17.000000000000014,6.800000000000006,3.400000000000003,4,4,0,0,17.000000000000014,6.800000000000006,3.400000000000003
30.0,20.0,3,10.0,15,4,3,0,0,11.223921537878145,3.9424596308212667,1.6976753232456376,4,4,0,0,17.000000000000014,6.673893414682516,3.273893414682514
30.0,20.0,3,10.0,30,4,3,0,0,8.552647102872157,3.3783198275820383,1.1335355200064092,4,4,0,0,17.000000000000014,6.352068336587431,2.952068336587428
30.0,20.0,3,12.0,0,4,4,0,0,14.400000000000013,5.760000000000005,2.8800000000000026,4,4,0,0,14.400000000000013,5.760000000000005,2.8800000000000026
30.0,20.0,3,12.0,15,4,3,0,0,8.752278837036398,2.9659605279141243,1.2155047605068448,4,4,0,0,14.400000000000013,5.636695783245127,2.7566957832451244
30.0,20.0,3,12.0,30,4,3,0,0,6.140366056141655,2.41435716474688,0.6639013973396003,4,4,0,0,14.400000000000013,5.322022373552154,2.4420223735521507
30.0,20.0,4,5.0,0,4,4,0,0,23.499999999999986,9.399999999999995,4.6999999999999975,4,4,0,0,23.499999999999986,9.399999999999995,4.6999999999999975
30.0,20.0,4,5.0,15,4,4,0,0,17.40302828998247,6.383707388089109,2.9031017300926143,4,4,0,0,23.499999999999986,9.26688749327598,4.566887493275984
30.0,20.0,4,5.0,30,4,4,0,0,20.680321429715896,7.007620826673426,2.307620826673429,4,4,0,0,23.499999999999986,8.92718324417561,4.227183244175614
30.0,20.0,4,8.0,0,4,4,0,0,19.600000000000016,7.840000000000007,3.9200000000000035,4,4,0,0,19.600000000000016,7.840000000000007,3.9200000000000035
30.0,20.0,4,8.0,15,4,4,0,0,13.69556423871988,4.918958733728407,2.1798458859844305,4,4,0,0,19.600000000000016,7.711091046119908,3.791091046119903
30.0,20.0,4,8.0,30,4,4,0,0,16.869363910882782,5.523169642673222,1.603169642673219,4,4,0,0,19.600000000000016,7.3821142996227085,3.462114299622705
30.0,20.0,4,10.0,0,4,4,0,0,17.000000000000014,6.800000000000006,3.400000000000003,4,4,0,0,17.000000000000014,6.800000000000006,3.400000000000003
30.0,20.0,4,10.0,15,4,3,0,0,11.223921537878145,3.9424596308212667,1.6976753232456376,4,4,0,0,17.000000000000014,6.673893414682516,3.273893414682514
30.0,20.0,4,10.0,30,4,3,0,0,14.328725564994027,4.533535520006413,1.1335355200064092,4,4,0,0,17.000000000000014,6.352068336587431,2.952068336587428
30.0,20.0,4,12.0,0,4,4,0,0,14.400000000000013,5.760000000000005,2.8800000000000026,4,4,0,0,14.400000000000013,5.760000000000005,2.8800000000000026
30.0,20.0,4,12.0,15,4,3,0,0,8.752278837036398,2.9659605279141243,1.2155047605068448,4,4,0,0,14.400000000000013,5.636695783245127,2.7566957832451244
30.0,20.0,4,12.0,30,4,3,0,0,11.78808721910527,3.543901397339603,0.6639013973396003,4,4,0,0,14.400000000000013,5.322022373552154,2.4420223735521507
30.0,20.0,6,5.0,0,4,4,0,0,23.499999999999986,9.399999999999995,4.6999999999999975,4,4,0,0,23.499999999999986,9.399999999999995,4.6999999999999975
30.0,20.0,6,5.0,15,4,4,0,0,17.40302828998247,6.383707388089109,2.9031017300926143,4,4,0,0,23.499999999999986,9.26688749327598,4.566887493275984
30.0,20.0,6,5.0,30,4,4,0,0,20.680321429715896,7.007620826673426,2.307620826673429,4,4,0,0,23.499999999999986,8.92718324417561,4.227183244175614
30.0,20.0,6,8.0,0,4,4,0,0,19.600000000000016,7.840000000000007,3.9200000000000035,4,4,0,0,19.600000000000016,7.840000000000007,3.9200000000000035
30.0,20.0,6,8.0,15,4,4,0,0,13.69556423871988,4.918958733728407,2.1798458859844305,4,4,0,0,19.600000000000016,7.711091046119908,3.791091046119903
30.0,20.0,6,8.0,30,4,4,0,0,16.869363910882782,5.523169642673222,1.603169642673219,4,4,0,0,19.600000000000016,7.3821142996227085,3.462114299622705
30.0,20.0,6,10.0,0,4,4,0,0,17.000000000000014,6.800000000000006,3.400000000000003,4,4,0,0,17.000000000000014,6.800000000000006,3.400000000000003
30.0,20.0,6,10.0,15,4,3,0,0,11.223921537878145,3.9424596308212667,1.6976753232456376,4,4,0,0,17.000000000000014,6.673893414682516,3.273893414682514
30.0,20.0,6,10.0,30,4,3,0,0,14.328725564994027,4.533535520006413,1.1335355200064092,4,4,0,0,17.000000000000014,6.352068336587431,2.952068336587428
30.0,20.0,6,12.0,0,4,4,0,0,14.400000000000013,5.760000000000005,2.8800000000000026,4,4,0,0,14.400000000000013,5.760000000000005,2.8800000000000026
30.0,20.0,6,12.0,15,4,3,0,0,8.752278837036398,2.9659605279141243,1.2155047605068448,4,4,0,0,14.400000000000013,5.636695783245127,2.7566957832451244
30.0,20.0,6,12.0,30,4,3,0,0,11.78808721910527,3.543901397339603,0.6639013973396003,4,4,0,0,14.400000000000013,5.322022373552154,2.4420223735521507
30.0,20.0,8,5.0,0,4,4,0,0,23.499999999999986,9.399999999999995,4.6999999999999975,4,4,0,0,23.499999999999986,9.399999999999995,4.6999999999999975
30.0,20.0,8,5.0,15,4,4,0,0,17.40302828998247,6.383707388089109,2.9031017300926143,4,4,0,0,23.499999999999986,9.26688749327598,4.566887493275984
30.0,20.0,8,5.0,30,4,4,0,0,20.680321429715896,7.007620826673426,2.307620826673429,4,4,0,0,23.499999999999986,8.92718324417561,4.227183244175614
30.0,20.0,8,8.0,0,4,4,0,0,19.600000000000016,7.840000000000007,3.9200000000000035,4,4,0,0,19.600000000000016,7.840000000000007,3.9200000000000035
30.0,20.0,8,8.0,15,4,4,0,0,13.69556423871988,4.918958733728407,2.1798458859844305,4,4,0,0,19.600000000000016,7.711091046119908,3.791091046119903
30.0,20.0,8,8.0,30,4,4,0,0,16.869363910882782,5.523169642673222,1.603169642673219,4,4,0,0,19.600000000000016,7.3821142996227085,3.462114299622705
30.0,20.0,8,10.0,0,4,4,0,0,17.000000000000014,6.800000000000006,3.400000000000003,4,4,0,0,17.000000000000014,6.800000000000006,3.400000000000003
30.0,20.0,8,10.0,15,4,3,0,0,11.223921537878145,3.9424596308212667,1.6976753232456376,4,4,0,0,17.000000000000014,6.673893414682516,3.273893414682514
30.0,20.0,8,10.0,30,4,3,0,0,14.328725564994027,4.533535520006413,1.1335355200064092,4,4,0,0,17.000000000000014,6.352068336587431,2.952068336587428
30.0,20.0,8,12.0,0,4,4,0,0,14.400000000000013,5.760000000000005,2.8800000000000026,4,4,0,0,14.400000000000013,5.760000000000005,2.8800000000000026
30.0,20.0,8,12.0,15,4,3,0,0,8.752278837036398,2.9659605279141243,1.2155047605068448,4,4,0,0,14.400000000000013,5.636695783245127,2.7566957832451244
30.0,20.0,8,12.0,30,4,3,0,0,11.78808721910527,3.543901397339603,0.6639013973396003,4,4,0,0,14.400000000000013,5.322022373552154,2.4420223735521507
30.0,22.0,2,5.0,0,4,4,0,0,23.499999999999986,7.061163243039726,2.361163243039728,4,4,0,0,23.499999999999986,9.399999999999995,4.6999999999999975
30.0,22.0,2,5.0,15,4,4,0,0,14.51550865046307,5.264264973132342,2.361163243039728,4,4,0,0,23.499999999999986,9.399999999999995,4.6999999999999975
30.0,22.0,2,5.0,30,4,4,0,0,14.357782703651234,5.232719783769975,2.361163243039728,4,4,0,0,23.499999999999986,9.399999999999995,4.6999999999999975
30.0,22.0,2,8.0,0,4,3,0,0,19.600000000000016,5.5750212458911115,1.6550212458911084,4,4,0,0,19.600000000000016,7.840000000000007,3.9200000000000035
30.0,22.0,2,8.0,15,4,3,0,0,10.899229429922151,3.834867131875539,1.6550212458911084,4,4,0,0,19.600000000000016,7.840000000000007,3.9200000000000035
30.0,22.0,2,8.0,30,4,3,0,0,10.746484302483328,3.804318106387774,1.6550212458911084,4,4,0,0,19.600000000000016,7.840000000000007,3.9200000000000035
30.0,22.0,2,10.0,0,4,3,0,0,17.000000000000014,4.584259914458696,1.184259914458693,4,4,0,0,17.000000000000014,6.800000000000006,3.400000000000003
30.0,22.0,2,10.0,15,4,2,0,0,8.488376616228187,2.8819352377043304,1.184259914458693,4,4,0,0,17.000000000000014,6.800000000000006,3.400000000000003
30.0,22.0,2,10.0,30,4,2,0,0,8.338952035038032,2.8520503214662996,1.184259914458693,4,4,0,0,17.000000000000014,6.800000000000006,3.400000000000003
30.0,22.0,2,12.0,0,4,3,0,0,14.400000000000013,3.5934985830262804,0.7134985830262774,4,4,0,0,14.400000000000013,5.760000000000005,2.8800000000000026
30.0,22.0,2,12.0,15,4,2,0,0,6.077523802534223,1.9290033435331222,0.7134985830262774,4,4,0,0,14.400000000000013,5.760000000000005,2.8800000000000026
30.0,22.0,2,12.0,30,4,2,0,0,5.931419767592744,1.8997825365448264,0.7134985830262774,4,4,0,0,14.400000000000013,5.760000000000005,2.8800000000000026
30.0,22.0,3,5.0,0,4,4,0,0,23.499999999999986,9.399999999999995,4.6999999999999975,4,4,0,0,23.499999999999986,9.399999999999995,4.6999999999999975
30.0,22.0,3,5.0,15,4,4,0,0,17.40302828998247,6.383707388089109,2.9031017300926143,4,4,0,0,23.499999999999986,9.26688749327598,4.566887493275984
30.0,22.0,3,5.0,30,4,4,0,0,14.58334971969838,5.788226484669924,2.307620826673429,4,4,0,0,23.499999999999986,8.92718324417561,4.227183244175614
30.0,22.0,3,8.0,0,4,4,0,0,19.600000000000016,7.840000000000007,3.9200000000000035,4,4,0,0,19.600000000000016,7.840000000000007,3.9200000000000035
30.0,22.0,3,8.0,15,4,4,0,0,13.69556423871988,4.918958733728407,2.1798458859844305,4,4,0,0,19.600000000000016,7.711091046119908,3.791091046119903
30.0,22.0,3,8.0,30,4,4,0,0,10.964928149602649,4.342282490417195,1.603169642673219,4,4,0,0,19.600000000000016,7.3821142996227085,3.462114299622705
30.0,22.0,3,10.0,0,4,4,0,0,17.000000000000014,6.800000000000006,3.400000000000003,4,4,0,0,17.000000000000014,6.800000000000006,3.400000000000003
30.0,22.0,3,10.0,15,4,3,0,0,11.223921537878145,3.9424596308212667,1.6976753232456376,4,4,0,0,17.000000000000014,6.673893414682516,3.273893414682514
30.0,22.0,3,10.0,30,4,3,0,0,8.552647102872157,3.3783198275820383,1.1335355200064092,4,4,0,0,17.000000000000014,6.352068336587431,2.952068336587428
30.0,22.0,3,12.0,0,4,4,0,0,14.400000000000013,5.760000000000005,2.8800000000000026,4,4,0,0,14.400000000000013,5.760000000000005,2.8800000000000026
30.0,22.0,3,12.0,15,4,3,0,0,8.752278837036398,2.9659605279141243,1.2155047605068448,4,4,0,0,14.400000000000013,5.636695783245127,2.7566957832451244
30.0,22.0,3,12.0,30,4,3,0,0,6.140366056141655,2.41435716474688,0.6639013973396003,4,4,0,0,14.400000000000013,5.322022373552154,2.4420223735521507
30.0,22.0,4,5.0,0,4,4,0,0,23.499999999999986,9.399999999999995,4.6999999999999975,4,4,0,0,23.499999999999986,9.399999999999995,4.6999999999999975
30.0,22.0,4,5.0,15,4,4,0,0,17.40302828998247,6.383707388089109,2.9031017300926143,4,4,0,0,23.499999999999986,9.26688749327598,4.566887493275984
30.0,22.0,4,5.0,30,4,4,0,0,20.680321429715896,7.007620826673426,2.307620826673429,4,4,0,0,23.499999999999986,8.92718324417561,4.227183244175614
30.0,22.0,4,8.0,0,4,4,0,0,19.600000000000016,7.840000000000007,3.9200000000000035,4,4,0,0,19.600000000000016,7.840000000000007,3.9200000000000035
30.0,22.0,4,8.0,15,4,4,0,0,13.69556423871988,4.918958733728407,2.1798458859844305,4,4,0,0,19.600000000000016,7.711091046119908,3.791091046119903
30.0,22.0,4,8.0,30,4,4,0,0,16.869363910882782,5.523169642673222,1.603169642673219,4,4,0,0,19.600000000000016,7.3821142996227085,3.462114299622705
30.0,22.0,4,10.0,0,4,4,0,0,17.000000000000014,6.800000000000006,3.400000000000003,4,4,0,0,17.000000000000014,6.800000000000006,3.400000000000003
30.0,22.0,4,10.0,15,4,3,0,0,11.223921537878145,3.9424596308212667,1.6976753232456376,4,4,0,0,17.000000000000014,6.673893414682516,3.273893414682514
30.0,22.0,4,10.0,30,4,3,0,0,14.328725564994027,4.533535520006413,1.1335355200064092,4,4,0,0,17.000000000000014,6.352068336587431,2.952068336587428
30.0,22.0,4,12.0,0,4,4,0,0,14.400000000000013,5.760000000000005,2.8800000000000026,4,4,0,0,14.400000000000013,5.760000000000005,2.8800000000000026
30.0,22.0,4,12.0,15,4,3,0,0,8.752278837036398,2.9659605279141243,1.2155047605068448,4,4,0,0,14.400000000000013,5.636695783245127,2.7566957832451244
30.0,22.0,4,12.0,30,4,3,0,0,11.78808721910527,3.543901397339603,0.6639013973396003,4,4,0,0,14.400000000000013,5.322022373552154,2.4420223735521507
30.0,22.0,6,5.0,0,4,4,0,0,23.499999999999986,9.399999999999995,4.6999999999999975,4,4,0,0,23.499999999999986,9.399999999999995,4.6999999999999975
30.0,22.0,6,5.0,15,4,4,0,0,17.40302828998247,6.383707388089109,2.9031017300926143,4,4,0,0,23.499999999999986,9.26688749327598,4.566887493275984
30.0,22.0,6,5.0,30,4,4,0,0,20.680321429715896,7.007620826673426,2.307620826673429,4,4,0,0,23.499999999999986,8.92718324417561,4.227183244175614
30.0,22.0,6,8.0,0,4,4,0,0,19.600000000000016,7.840000000000007,3.9200000000000035,4,4,0,0,19.600000000000016,7.840000000000007,3.9200000000000035
30.0,22.0,6,8.0,15,4,4,0,0,13.69556423871988,4.918958733728407,2.1798458859844305,4,4,0,0,19.600000000000016,7.711091046119908,3.791091046119903
30.0,22.0,6,8.0,30,4,4,0,0,16.869363910882782,5.523169642673222,1.603169642673219,4,4,0,0,19.600000000000016,7.3821142996227085,3.462114299622705
30.0,22.0,6,10.0,0,4,4,0,0,17.000000000000014,6.800000000000006,3.400000000000003,4,4,0,0,17.000000000000014,6.800000000000006,3.400000000000003
30.0,22.0,6,10.0,15,4,3,0,0,11.223921537878145,3.9424596308212667,1.6976753232456376,4,4,0,0,17.000000000000014,6.673893414682516,3.273893414682514
30.0,22.0,6,10.0,30,4,3,0,0,14.328725564994027,4.533535520006413,1.1335355200064092,4,4,0,0,17.000000000000014,6.352068336587431,2.952068336587428
30.0,22.0,6,12.0,0,4,4,0,0,14.400000000000013,5.760000000000005,2.8800000000000026,4,4,0,0,14.400000000000013,5.760000000000005,2.8800000000000026
30.0,22.0,6,12.0,15,4,3,0,0,8.752278837036398,2.9659605279141243,1.2155047605068448,4,4,0,0,14.400000000000013,5.636695783245127,2.7566957832451244
30.0,22.0,6,12.0,30,4,3,0,0,11.78808721910527,3.543901397339603,0.6639013973396003,4,4,0,0,14.400000000000013,5.322022373552154,2.4420223735521507
30.0,22.0,8,5.0,0,4,4,0,0,23.499999999999986,9.399999999999995,4.6999999999999975,4,4,0,0,23.499999999999986,9.399999999999995,4.6999999999999975
30.0,22.0,8,5.0,15,4,4,0,0,17.40302828998247,6.383707388089109,2.9031017300926143,4,4,0,0,23.499999999999986,9.26688749327598,4.566887493275984
30.0,22.0,8,5.0,30,4,4,0,0,20.680321429715896,7.007620826673426,2.307620826673429,4,4,0,0,23.499999999999986,8.92718324417561,4.227183244175614
30.0,22.0,8,8.0,0,4,4,0,0,19.600000000000016,7.840000000000007,3.9200000000000035,4,4,0,0,19.600000000000016,7.840000000000007,3.9200000000000035
30.0,22.0,8,8.0,15,4,4,0,0,13.69556423871988,4.918958733728407,2.1798458859844305,4,4,0,0,19.600000000000016,7.711091046119908,3.791091046119903
30.0,22.0,8,8.0,30,4,4,0,0,16.869363910882782,5.523169642673222,1.603169642673219,4,4,0,0,19.600000000000016,7.3821142996227085,3.462114299622705
30.0,22.0,8,10.0,0,4,4,0,0,17.000000000000014,6.800000000000006,3.400000000000003,4,4,0,0,17.000000000000014,6.800000000000006,3.400000000000003
30.0,22.0,8,10.0,15,4,3,0,0,11.223921537878145,3.9424596308212667,1.6976753232456376,4,4,0,0,17.000000000000014,6.673893414682516,3.273893414682514
30.0,22.0,8,10.0,30,4,3,0,0,14.328725564994027,4.533535520006413,1.1335355200064092,4,4,0,0,17.000000000000014,6.352068336587431,2.952068336587428
30.0,22.0,8,12.0,0,4,4,0,0,14.400000000000013,5.760000000000005,2.8800000000000026,4,4,0,0,14.400000000000013,5.760000000000005,2.8800000000000026
30.0,22.0,8,12.0,15,4,3,0,0,8.752278837036398,2.9659605279141243,1.2155047605068448,4,4,0,0,14.400000000000013,5.636695783245127,2.7566957832451244
30.0,22.0,8,12.0,30,4,3,0,0,11.78808721910527,3.543901397339603,0.6639013973396003,4,4,0,0,14.400000000000013,5.322022373552154,2.4420223735521507
30.0,25.0,2,5.0,0,4,4,0,0,23.499999999999986,7.061163243039726,2.361163243039728,4,4,0,0,23.499999999999986,9.399999999999995,4.6999999999999975
30.0,25.0,2,5.0,15,4,4,0,0,14.51550865046307,5.264264973132342,2.361163243039728,4,4,0,0,23.499999999999986,9.399999999999995,4.6999999999999975
30.0,25.0,2,5.0,30,4,4,0,0,14.357782703651234,5.232719783769975,2.361163243039728,4,4,0,0,23.499999999999986,9.399999999999995,4.6999999999999975
30.0,25.0,2,8.0,0,4,3,0,0,19.600000000000016,5.5750212458911115,1.6550212458911084,4,4,0,0,19.600000000000016,7.840000000000007,3.9200000000000035
30.0,25.0,2,8.0,15,4,3,0,0,10.899229429922151,3.834867131875539,1.6550212458911084,4,4,0,0,19.600000000000016,7.840000000000007,3.9200000000000035
30.0,25.0,2,8.0,30,4,3,0,0,10.746484302483328,3.804318106387774,1.6550212458911084,4,4,0,0,19.600000000000016,7.840000000000007,3.9200000000000035
30.0,25.0,2,10.0,0,4,3,0,0,17.000000000000014,4.584259914458696,1.184259914458693,4,4,0,0,17.000000000000014,6.800000000000006,3.400000000000003
30.0,25.0,2,10.0,15,4,2,0,0,8.488376616228187,2.8819352377043304,1.184259914458693,4,4,0,0,17.000000000000014,6.800000000000006,3.400000000000003
30.0,25.0,2,10.0,30,4,2,0,0,8.338952035038032,2.8520503214662996,1.184259914458693,4,4,0,0,17.000000000000014,6.800000000000006,3.400000000000003
30.0,25.0,2,12.0,0,4,3,0,0,14.400000000000013,3.5934985830262804,0.7134985830262774,4,4,0,0,14.400000000000013,5.760000000000005,2.8800000000000026
30.0,25.0,2,12.0,15,4,2,0,0,6.077523802534223,1.9290033435331222,0.7134985830262774,4,4,0,0,14.400000000000013,5.760000000000005,2.8800000000000026
30.0,25.0,2,12.0,30,4,2,0,0,5.931419767592744,1.8997825365448264,0.7134985830262774,4,4,0,0,14.400000000000013,5.760000000000005,2.8800000000000026
30.0,25.0,3,5.0,0,4,4,0,0,23.499999999999986,9.399999999999995,4.6999999999999975,4,4,0,0,23.499999999999986,9.399999999999995,4.6999999999999975
30.0,25.0,3,5.0,15,4,4,0,0,17.40302828998247,6.383707388089109,2.9031017300926143,4,4,0,0,23.499999999999986,9.26688749327598,4.566887493275984
30.0,25.0,3,5.0,30,4,4,0,0,14.58334971969838,5.788226484669924,2.307620826673429,4,4,0,0,23.499999999999986,8.92718324417561,4.227183244175614
30.0,25.0,3,8.0,0,4,4,0,0,19.600000000000016,7.840000000000007,3.9200000000000035,4,4,0,0,19.600000000000016,7.840000000000007,3.9200000000000035
30.0,25.0,3,8.0,15,4,4,0,0,13.69556423871988,4.918958733728407,2.1798458859844305,4,4,0,0,19.600000000000016,7.711091046119908,3.791091046119903
30.0,25.0,3,8.0,30,4,4,0,0,10.964928149602649,4.342282490417195,1.603169642673219,4,4,0,0,19.600000000000016,7.3821142996227085,3.462114299622705
30.0,25.0,3,10.0,0,4,4,0,0,17.000000000000014,6.800000000000006,3.400000000000003,4,4,0,0,17.000000000000014,6.800000000000006,3.400000000000003
30.0,25.0,3,10.0,15,4,3,0,0,11.223921537878145,3.9424596308212667,1.6976753232456376,4,4,0,0,17.000000000000014,6.673893414682516,3.273893414682514
30.0,25.0,3,10.0,30,4,3,0,0,8.552647102872157,3.3783198275820383,1.1335355200064092,4,4,0,0,17.000000000000014,6.352068336587431,2.952068336587428
30.0,25.0,3,12.0,0,4,4,0,0,14.400000000000013,5.760000000000005,2.8800000000000026,4,4,0,0,14.400000000000013,5.760000000000005,2.8800000000000026
30.0,25.0,3,12.0,15,4,3,0,0,8.752278837036398,2.9659605279141243,1.2155047605068448,4,4,0,0,14.400000000000013,5.636695783245127,2.7566957832451244
30.0,25.0,3,12.0,30,4,3,0,0,6.140366056141655,2.41435716474688,0.6639013973396003,4,4,0,0,14.400000000000013,5.322022373552154,2.4420223735521507
30.0,25.0,4,5.0,0,4,4,0,0,23.499999999999986,9.399999999999995,4.6999999999999975,4,4,0,0,23.499999999999986,9.399999999999995,4.6999999999999975
30.0,25.0,4,5.0,15,4,4,0,0,17.40302828998247,6.383707388089109,2.9031017300926143,4,4,0,0,23.499999999999986,9.26688749327598,4.566887493275984
30.0,25.0,4,5.0,30,4,4,0,0,20.680321429715896,7.007620826673426,2.307620826673429,4,4,0,0,23.499999999999986,8.92718324417561,4.227183244175614
30.0,25.0,4,8.0,0,4,4,0,0,19.600000000000016,7.840000000000007,3.9200000000000035,4,4,0,0,19.600000000000016,7.840000000000007,3.9200000000000035
30.0,25.0,4,8.0,15,4,4,0,0,13.69556423871988,4.918958733728407,2.1798458859844305,4,4,0,0,19.600000000000016,7.711091046119908,3.791091046119903
30.0,25.0,4,8.0,30,4,4,0,0,16.869363910882782,5.523169642673222,1.603169642673219,4,4,0,0,19.600000000000016,7.3821142996227085,3.462114299622705
30.0,25.0,4,10.0,0,4,4,0,0,17.000000000000014,6.800000000000006,3.400000000000003,4,4,0,0,17.000000000000014,6.800000000000006,3.400000000000003
30.0,25.0,4,10.0,15,4,3,0,0,11.223921537878145,3.9424596308212667,1.6976753232456376,4,4,0,0,17.000000000000014,6.673893414682516,3.273893414682514
30.0,25.0,4,10.0,30,4,3,0,0,14.328725564994027,4.533535520006413,1.1335355200064092,4,4,0,0,17.000000000000014,6.352068336587431,2.952068336587428
30.0,25.0,4,12.0,0,4,4,0,0,14.400000000000013,5.760000000000005,2.8800000000000026,4,4,0,0,14.400000000000013,5.760000000000005,2.8800000000000026
30.0,25.0,4,12.0,15,4,3,0,0,8.752278837036398,2.9659605279141243,1.2155047605068448,4,4,0,0,14.400000000000013,5.636695783245127,2.7566957832451244
30.0,25.0,4,12.0,30,4,3,0,0,11.78808721910527,3.543901397339603,0.6639013973396003,4,4,0,0,14.400000000000013,5.322022373552154,2.4420223735521507
30.0,25.0,6,5.0,0,4,4,0,0,23.499999999999986,9.399999999999995,4.6999999999999975,4,4,0,0,23.499999999999986,9.399999999999995,4.6999999999999975
30.0,25.0,6,5.0,15,4,4,0,0,17.40302828998247,6.383707388089109,2.9031017300926143,4,4,0,0,23.499999999999986,9.26688749327598,4.566887493275984
30.0,25.0,6,5.0,30,4,4,0,0,20.680321429715896,7.007620826673426,2.307620826673429,4,4,0,0,23.499999999999986,8.92718324417561,4.227183244175614
30.0,25.0,6,8.0,0,4,4,0,0,19.600000000000016,7.840000000000007,3.9200000000000035,4,4,0,0,19.600000000000016,7.840000000000007,3.9200000000000035
30.0,25.0,6,8.0,15,4,4,0,0,13.69556423871988,4.918958733728407,2.1798458859844305,4,4,0,0,19.600000000000016,7.711091046119908,3.791091046119903
30.0,25.0,6,8.0,30,4,4,0,0,16.869363910882782,5.523169642673222,1.603169642673219,4,4,0,0,19.600000000000016,7.3821142996227085,3.462114299622705
30.0,25.0,6,10.0,0,4,4,0,0,17.000000000000014,6.800000000000006,3.400000000000003,4,4,0,0,17.000000000000014,6.800000000000006,3.400000000000003
30.0,25.0,6,10.0,15,4,3,0,0,11.223921537878145,3.9424596308212667,1.6976753232456376,4,4,0,0,17.000000000000014,6.673893414682516,3.273893414682514
30.0,25.0,6,10.0,30,4,3,0,0,14.328725564994027,4.533535520006413,1.1335355200064092,4,4,0,0,17.000000000000014,6.352068336587431,2.952068336587428
30.0,25.0,6,12.0,0,4,4,0,0,14.400000000000013,5.760000000000005,2.8800000000000026,4,4,0,0,14.400000000000013,5.760000000000005,2.8800000000000026
30.0,25.0,6,12.0,15,4,3,0,0,8.752278837036398,2.9659605279141243,1.2155047605068448,4,4,0,0,14.400000000000013,5.636695783245127,2.7566957832451244
30.0,25.0,6,12.0,30,4,3,0,0,11.78808721910527,3.543901397339603,0.6639013973396003,4,4,0,0,14.400000000000013,5.322022373552154,2.4420223735521507
30.0,25.0,8,5.0,0,4,4,0,0,23.499999999999986,9.399999999999995,4.6999999999999975,4,4,0,0,23.499999999999986,9.399999999999995,4.6999999999999975
30.0,25.0,8,5.0,15,4,4,0,0,17.40302828998247,6.383707388089109,2.9031017300926143,4,4,0,0,23.499999999999986,9.26688749327598,4.566887493275984
30.0,25.0,8,5.0,30,4,4,0,0,20.680321429715896,7.007620826673426,2.307620826673429,4,4,0,0,23.499999999999986,8.92718324417561,4.227183244175614
30.0,25.0,8,8.0,0,4,4,0,0,19.600000000000016,7.840000000000007,3.9200000000000035,4,4,0,0,19.600000000000016,7.840000000000007,3.9200000000000035
30.0,25.0,8,8.0,15,4,4,0,0,13.69556423871988,4.918958733728407,2.1798458859844305,4,4,0,0,19.600000000000016,7.711091046119908,3.791091046119903
30.0,25.0,8,8.0,30,4,4,0,0,16.869363910882782,5.523169642673222,1.603169642673219,4,4,0,0,19.600000000000016,7.3821142996227085,3.462114299622705
30.0,25.0,8,10.0,0,4,4,0,0,17.000000000000014,6.800000000000006,3.400000000000003,4,4,0,0,17.000000000000014,6.800000000000006,3.400000000000003
30.0,25.0,8,10.0,15,4,3,0,0,11.223921537878145,3.9424596308212667,1.6976753232456376,4,4,0,0,17.000000000000014,6.673893414682516,3.273893414682514
30.0,25.0,8,10.0,30,4,3,0,0,14.328725564994027,4.533535520006413,1.1335355200064092,4,4,0,0,17.000000000000014,6.352068336587431,2.952068336587428
30.0,25.0,8,12.0,0,4,4,0,0,14.400000000000013,5.760000000000005,2.8800000000000026,4,4,0,0,14.400000000000013,5.760000000000005,2.8800000000000026
30.0,25.0,8,12.0,15,4,3,0,0,8.752278837036398,2.9659605279141243,1.2155047605068448,4,4,0,0,14.400000000000013,5.636695783245127,2.7566957832451244
30.0,25.0,8,12.0,30,4,3,0,0,11.78808721910527,3.543901397339603,0.6639013973396003,4,4,0,0,14.400000000000013,5.322022373552154,2.4420223735521507
30.0,30.0,2,5.0,0,4,4,0,0,23.499999999999986,7.061163243039726,2.361163243039728,4,4,0,0,23.499999999999986,9.399999999999995,4.6999999999999975
30.0,30.0,2,5.0,15,4,4,0,0,14.51550865046307,5.264264973132342,2.361163243039728,4,4,0,0,23.499999999999986,9.399999999999995,4.6999999999999975
30.0,30.0,2,5.0,30,4,4,0,0,14.357782703651234,5.232719783769975,2.361163243039728,4,4,0,0,23.499999999999986,9.399999999999995,4.6999999999999975
30.0,30.0,2,8.0,0,4,3,0,0,19.600000000000016,5.5750212458911115,1.6550212458911084,4,4,0,0,19.600000000000016,7.840000000000007,3.9200000000000035
30.0,30.0,2,8.0,15,4,3,0,0,10.899229429922151,3.834867131875539,1.6550212458911084,4,4,0,0,19.600000000000016,7.840000000000007,3.9200000000000035
30.0,30.0,2,8.0,30,4,3,0,0,10.746484302483328,3.804318106387774,1.6550212458911084,4,4,0,0,19.600000000000016,7.840000000000007,3.9200000000000035
30.0,30.0,2,10.0,0,4,3,0,0,17.000000000000014,4.584259914458696,1.184259914458693,4,4,0,0,17.000000000000014,6.800000000000006,3.400000000000003
30.0,30.0,2,10.0,15,4,2,0,0,8.488376616228187,2.8819352377043304,1.184259914458693,4,4,0,0,17.000000000000014,6.800000000000006,3.400000000000003
30.0,30.0,2,10.0,30,4,2,0,0,8.338952035038032,2.8520503214662996,1.184259914458693,4,4,0,0,17.000000000000014,6.800000000000006,3.400000000000003
30.0,30.0,2,12.0,0,4,3,0,0,14.400000000000013,3.5934985830262804,0.7134985830262774,4,4,0,0,14.400000000000013,5.760000000000005,2.8800000000000026
30.0,30.0,2,12.0,15,4,2,0,0,6.077523802534223,1.9290033435331222,0.7134985830262774,4,4,0,0,14.400000000000013,5.760000000000005,2.8800000000000026
30.0,30.0,2,12.0,30,4,2,0,0,5.931419767592744,1.8997825365448264,0.7134985830262774,4,4,0,0,14.400000000000013,5.760000000000005,2.8800000000000026
30.0,30.0,3,5.0,0,4,4,0,0,23.499999999999986,9.399999999999995,4.6999999999999975,4,4,0,0,23.499999999999986,9.399999999999995,4.6999999999999975
30.0,30.0,3,5.0,15,4,4,0,0,17.40302828998247,6.383707388089109,2.9031017300926143,4,4,0,0,23.499999999999986,9.26688749327598,4.566887493275984
30.0,30.0,3,5.0,30,4,4,0,0,14.58334971969838,5.788226484669924,2.307620826673429,4,4,0,0,23.499999999999986,8.92718324417561,4.227183244175614
30.0,30.0,3,8.0,0,4,4,0,0,19.600000000000016,7.840000000000007,3.9200000000000035,4,4,0,0,19.600000000000016,7.840000000000007,3.9200000000000035
30.0,30.0,3,8.0,15,4,4,0,0,13.69556423871988,4.918958733728407,2.1798458859844305,4,4,0,0,19.600000000000016,7.711091046119908,3.791091046119903
30.0,30.0,3,8.0,30,4,4,0,0,10.964928149602649,4.342282490417195,1.603169642673219,4,4,0,0,19.600000000000016,7.3821142996227085,3.462114299622705
30.0,30.0,3,10.0,0,4,4,0,0,17.000000000000014,6.800000000000006,3.400000000000003,4,4,0,0,17.000000000000014,6.800000000000006,3.400000000000003
30.0,30.0,3,10.0,15,4,3,0,0,11.223921537878145,3.9424596308212667,1.6976753232456376,4,4,0,0,17.000000000000014,6.673893414682516,3.273893414682514
30.0,30.0,3,10.0,30,4,3,0,0,8.552647102872157,3.3783198275820383,1.1335355200064092,4,4,0,0,17.000000000000014,6.352068336587431,2.952068336587428
30.0,30.0,3,12.0,0,4,4,0,0,14.400000000000013,5.760000000000005,2.8800000000000026,4,4,0,0,14.400000000000013,5.760000000000005,2.8800000000000026
30.0,30.0,3,12.0,15,4,3,0,0,8.752278837036398,2.9659605279141243,1.2155047605068448,4,4,0,0,14.400000000000013,5.636695783245127,2.7566957832451244
30.0,30.0,3,12.0,30,4,3,0,0,6.140366056141655,2.41435716474688,0.6639013973396003,4,4,0,0,14.400000000000013,5.322022373552154,2.4420223735521507
30.0,30.0,4,5.0,0,4,4,0,0,23.499999999999986,9.399999999999995,4.6999999999999975,4,4,0,0,23.499999999999986,9.399999999999995,4.6999999999999975
30.0,30.0,4,5.0,15,4,4,0,0,17.40302828998247,6.383707388089109,2.9031017300926143,4,4,0,0,23.499999999999986,9.26688749327598,4.566887493275984
30.0,30.0,4,5.0,30,4,4,0,0,20.680321429715896,7.007620826673426,2.307620826673429,4,4,0,0,23.499999999999986,8.92718324417561,4.227183244175614
30.0,30.0,4,8.0,0,4,4,0,0,19.600000000000016,7.840000000000007,3.9200000000000035,4,4,0,0,19.600000000000016,7.840000000000007,3.9200000000000035
30.0,30.0,4,8.0,15,4,4,0,0,13.69556423871988,4.918958733728407,2.1798458859844305,4,4,0,0,19.600000000000016,7.711091046119908,3.791091046119903
30.0,30.0,4,8.0,30,4,4,0,0,16.869363910882782,5.523169642673222,1.603169642673219,4,4,0,0,19.600000000000016,7.3821142996227085,3.462114299622705
30.0,30.0,4,10.0,0,4,4,0,0,17.000000000000014,6.800000000000006,3.400000000000003,4,4,0,0,17.000000000000014,6.800000000000006,3.400000000000003
30.0,30.0,4,10.0,15,4,3,0,0,11.223921537878145,3.9424596308212667,1.6976753232456376,4,4,0,0,17.000000000000014,6.673893414682516,3.273893414682514
30.0,30.0,4,10.0,30,4,3,0,0,14.328725564994027,4.533535520006413,1.1335355200064092,4,4,0,0,17.000000000000014,6.352068336587431,2.952068336587428
30.0,30.0,4,12.0,0,4,4,0,0,14.400000000000013,5.760000000000005,2.8800000000000026,4,4,0,0,14.400000000000013,5.760000000000005,2.8800000000000026
30.0,30.0,4,12.0,15,4,3,0,0,8.752278837036398,2.9659605279141243,1.2155047605068448,4,4,0,0,14.400000000000013,5.636695783245127,2.7566957832451244
30.0,30.0,4,12.0,30,4,3,0,0,11.78808721910527,3.543901397339603,0.6639013973396003,4,4,0,0,14.400000000000013,5.322022373552154,2.4420223735521507
30.0,30.0,6,5.0,0,4,4,0,0,23.499999999999986,9.399999999999995,4.6999999999999975,4,4,0,0,23.499999999999986,9.399999999999995,4.6999999999999975
30.0,30.0,6,5.0,15,4,4,0,0,17.40302828998247,6.383707388089109,2.9031017300926143,4,4,0,0,23.499999999999986,9.26688749327598,4.566887493275984
30.0,30.0,6,5.0,30,4,4,0,0,20.680321429715896,7.007620826673426,2.307620826673429,4,4,0,0,23.499999999999986,8.92718324417561,4.227183244175614
30.0,30.0,6,8.0,0,4,4,0,0,19.600000000000016,7.840000000000007,3.9200000000000035,4,4,0,0,19.600000000000016,7.840000000000007,3.9200000000000035
30.0,30.0,6,8.0,15,4,4,0,0,13.69556423871988,4.918958733728407,2.1798458859844305,4,4,0,0,19.600000000000016,7.711091046119908,3.791091046119903
30.0,30.0,6,8.0,30,4,4,0,0,16.869363910882782,5.523169642673222,1.603169642673219,4,4,0,0,19.600000000000016,7.3821142996227085,3.462114299622705
30.0,30.0,6,10.0,0,4,4,0,0,17.000000000000014,6.800000000000006,3.400000000000003,4,4,0,0,17.000000000000014,6.800000000000006,3.400000000000003
30.0,30.0,6,10.0,15,4,3,0,0,11.223921537878145,3.9424596308212667,1.6976753232456376,4,4,0,0,17.000000000000014,6.673893414682516,3.273893414682514
30.0,30.0,6,10.0,30,4,3,0,0,14.328725564994027,4.533535520006413,1.1335355200064092,4,4,0,0,17.000000000000014,6.352068336587431,2.952068336587428
30.0,30.0,6,12.0,0,4,4,0,0,14.400000000000013,5.760000000000005,2.8800000000000026,4,4,0,0,14.400000000000013,5.760000000000005,2.8800000000000026
30.0,30.0,6,12.0,15,4,3,0,0,8.752278837036398,2.9659605279141243,1.2155047605068448,4,4,0,0,14.400000000000013,5.636695783245127,2.7566957832451244
30.0,30.0,6,12.0,30,4,3,0,0,11.78808721910527,3.543901397339603,0.6639013973396003,4,4,0,0,14.400000000000013,5.322022373552154,2.4420223735521507
30.0,30.0,8,5.0,0,4,4,0,0,23.499999999999986,9.399999999999995,4.6999999999999975,4,4,0,0,23.499999999999986,9.399999999999995,4.6999999999999975
30.0,30.0,8,5.0,15,4,4,0,0,17.40302828998247,6.383707388089109,2.9031017300926143,4,4,0,0,23.499999999999986,9.26688749327598,4.566887493275984
30.0,30.0,8,5.0,30,4,4,0,0,20.680321429715896,7.007620826673426,2.307620826673429,4,4,0,0,23.499999999999986,8.92718324417561,4.227183244175614
30.0,30.0,8,8.0,0,4,4,0,0,19.600000000000016,7.840000000000007,3.9200000000000035,4,4,0,0,19.600000000000016,7.840000000000007,3.9200000000000035
30.0,30.0,8,8.0,15,4,4,0,0,13.69556423871988,4.918958733728407,2.1798458859844305,4,4,0,0,19.600000000000016,7.711091046119908,3.791091046119903
30.0,30.0,8,8.0,30,4,4,0,0,16.869363910882782,5.523169642673222,1.603169642673219,4,4,0,0,19.600000000000016,7.3821142996227085,3.462114299622705
30.0,30.0,8,10.0,0,4,4,0,0,17.000000000000014,6.800000000000006,3.400000000000003,4,4,0,0,17.000000000000014,6.800000000000006,3.400000000000003
30.0,30.0,8,10.0,15,4,3,0,0,11.223921537878145,3.9424596308212667,1.6976753232456376,4,4,0,0,17.000000000000014,6.673893414682516,3.273893414682514
30.0,30.0,8,10.0,30,4,3,0,0,14.328725564994027,4.533535520006413,1.1335355200064092,4,4,0,0,17.000000000000014,6.352068336587431,2.952068336587428
30.0,30.0,8,12.0,0,4,4,0,0,14.400000000000013,5.760000000000005,2.8800000000000026,4,4,0,0,14.400000000000013,5.760000000000005,2.8800000000000026
30.0,30.0,8,12.0,15,4,3,0,0,8.752278837036398,2.9659605279141243,1.2155047605068448,4,4,0,0,14.400000000000013,5.636695783245127,2.7566957832451244
30.0,30.0,8,12.0,30,4,3,0,0,11.78808721910527,3.543901397339603,0.6639013973396003,4,4,0,0,14.400000000000013,5.322022373552154,2.4420223735521507
40.0,15.0,2,5.0,0,4,3,1,0,32.999999999999986,7.974999999999996,1.3749999999999987,4,3,1,0,28.62941881813461,7.035365861252867,0.435365861252869
40.0,15.0,2,5.0,15,4,3,1,0,31.685951638896015,7.712190327779202,1.3749999999999987,4,3,1,0,28.62941881813461,7.100883763626921,0.5008837636269238
40.0,15.0,2,5.0,30,4,2,1,0,12.334168992748307,3.84183379854966,1.3749999999999987,4,3,1,0,28.62941881813461,7.100883763626921,0.5008837636269238
40.0,15.0,2,8.0,0,4,3,1,0,28.800000000000004,6.460000000000003,0.7000000000000007,4,3,1,0,24.567437171246166,5.55003851826594,-0.2099614817340612
40.0,15.0,2,8.0,15,4,3,1,0,27.52744790293089,6.205489580586179,0.7000000000000007,4,3,1,0,24.567437171246166,5.613487434249234,-0.14651256575076702
40.0,15.0,2,8.0,30,4,2,1,0,8.786774182451001,2.457354836490201,0.7000000000000007,4,3,1,0,24.567437171246166,5.613487434249234,-0.14651256575076702
40.0,15.0,2,10.0,0,4,3,1,0,26.0,5.45,0.25,4,3,1,0,21.859449406653862,4.559820289607986,-0.6401797103920149
40.0,15.0,2,10.0,15,4,3,1,0,24.755112078954134,5.201022415790828,0.25,4,3,1,0,21.859449406653862,4.621889881330773,-0.5781101186692276
40.0,15.0,2,10.0,30,4,2,1,0,6.421844308919461,1.5343688617838922,0.25,4,3,1,0,21.859449406653862,4.621889881330773,-0.5781101186692276
40.0,15.0,2,12.0,0,4,3,1,0,23.2,4.44,-0.2,4,3,1,0,19.15146164206155,3.5696020609500287,-1.0703979390499707
40.0,15.0,2,12.0,15,4,3,1,0,21.982776254977377,4.196555250995476,-0.2,4,3,1,0,19.15146164206155,3.6302923284123096,-1.0097076715876896
40.0,15.0,2,12.0,30,4,2,1,0,4.056914435387921,0.6113828870775845,-0.2,4,3,1,0,19.15146164206155,3.6302923284123096,-1.0097076715876896
40.0,15.0,3,5.0,0,4,3,1,0,32.999999999999986,7.974999999999996,1.3749999999999987,4,3,1,0,25.857073573325074,6.480896812290959,-0.1191031877090385
40.0,15.0,3,5.0,15,4,3,1,0,32.999999999999986,7.974999999999996,1.3749999999999987,4,3,1,0,25.857073573325074,6.546414714665014,-0.053585285334983725
40.0,15.0,3,5.0,30,4,2,1,0,6.078538783568187,2.5907077567136363,1.2157077567136376,4,3,1,0,25.857073573325074,6.546414714665014,-0.053585285334983725
40.0,15.0,3,8.0,0,4,3,1,0,28.800000000000004,6.460000000000003,0.7000000000000007,4,3,1,0,21.882639671009564,5.013079018218619,-0.7469209817813817
40.0,15.0,3,8.0,15,4,3,1,0,28.800000000000004,6.460000000000003,0.7000000000000007,4,3,1,0,21.882639671009564,5.076527934201913,-0.6834720657980875
40.0,15.0,3,8.0,30,4,2,1,0,2.7286901904028884,1.2457380380805785,0.5457380380805777,4,3,1,0,21.882639671009564,5.076527934201913,-0.6834720657980875
40.0,15.0,3,10.0,0,4,3,1,0,26.0,5.45,0.25,4,3,1,0,19.233017069465873,4.0345338221703875,-1.1654661778296127
40.0,15.0,3,10.0,15,4,3,1,0,26.0,5.45,0.25,4,3,1,0,19.233017069465873,4.096603413893175,-1.1033965861068253
40.0,15.0,3,10.0,30,4,2,1,0,0.49545779495934816,0.34909155899186967,0.09909155899186964,4,3,1,0,19.233017069465873,4.096603413893175,-1.1033965861068253
40.0,15.0,3,12.0,0,4,3,1,0,23.2,4.44,-0.2,4,3,1,0,16.583394467922187,3.055988626122156,-1.5840113738778439
40.0,15.0,3,12.0,15,4,3,1,0,23.2,4.44,-0.2,4,3,1,0,16.583394467922187,3.116678893584437,-1.5233211064155627
40.0,15.0,3,12.0,30,4,2,1,0,-1.737774600484193,-0.5475549200968385,-0.34755492009683864,4,3,1,0,16.583394467922187,3.116678893584437,-1.5233211064155627
40.0,15.0,4,5.0,0,4,3,1,0,32.999999999999986,7.974999999999996,1.3749999999999987,4,3,1,0,26.743385914591634,6.658159280544272,0.05815928054427353
40.0,15.0,4,5.0,15,4,3,1,0,32.999999999999986,7.974999999999996,1.3749999999999987,4,3,1,0,26.743385914591634,6.723677182918326,0.1236771829183283
40.0,15.0,4,5.0,30,4,2,1,0,6.078538783568187,2.5907077567136363,1.2157077567136376,4,3,1,0,26.743385914591634,6.723677182918326,0.1236771829183283
40.0,15.0,4,8.0,0,4,3,1,0,28.800000000000004,6.460000000000003,0.7000000000000007,4,3,1,0,22.740963201499277,5.1847437243165615,-0.5752562756834391
40.0,15.0,4,8.0,15,4,3,1,0,28.800000000000004,6.460000000000003,0.7000000000000007,4,3,1,0,22.740963201499277,5.248192640299855,-0.5118073597001448
40.0,15.0,4,8.0,30,4,2,1,0,2.7286901904028884,1.2457380380805785,0.5457380380805777,4,3,1,0,22.740963201499277,5.248192640299855,-0.5118073597001448
40.0,15.0,4,10.0,0,4,3,1,0,26.0,5.45,0.25,4,3,1,0,20.07268139277103,4.202466686831419,-0.9975333131685815
40.0,15.0,4,10.0,15,4,3,1,0,26.0,5.45,0.25,4,3,1,0,20.07268139277103,4.264536278554206,-0.9354637214457941
40.0,15.0,4,10.0,30,4,2,1,0,0.49545779495934816,0.34909155899186967,0.09909155899186964,4,3,1,0,20.07268139277103,4.264536278554206,-0.9354637214457941
40.0,15.0,4,12.0,0,4,3,1,0,23.2,4.44,-0.2,4,3,1,0,17.404399584042785,3.2201896493462763,-1.419810350653724
40.0,15.0,4,12.0,15,4,3,1,0,23.2,4.44,-0.2,4,3,1,0,17.404399584042785,3.280879916808557,-1.359120083191443
40.0,15.0,4,12.0,30,4,2,1,0,-1.737774600484193,-0.5475549200968385,-0.34755492009683864,4,3,1,0,17.404399584042785,3.280879916808557,-1.359120083191443
40.0,15.0,6,5.0,0,4,3,1,0,32.999999999999986,7.974999999999996,1.3749999999999987,4,2,2,0,6.547410488129719,2.5700979303555482,-4.029902069644449
40.0,15.0,6,5.0,15,4,3,1,0,32.999999999999986,7.974999999999996,1.3749999999999987,4,2,2,0,6.874999999999993,2.4787602516710154,-4.121239748328982
40.0,15.0,6,5.0,30,4,2,1,0,6.078538783568187,2.5907077567136363,1.2157077567136376,4,2,2,0,6.874999999999993,2.1827464653387607,-4.417253534661237
40.0,15.0,6,8.0,0,4,3,1,0,28.800000000000004,6.460000000000003,0.7000000000000007,4,2,2,0,3.1827554200835326,1.2257790483443256,-4.5342209516556755
40.0,15.0,6,8.0,15,4,3,1,0,28.800000000000004,6.460000000000003,0.7000000000000007,4,2,2,0,3.5000000000000036,1.1373257174077247,-4.622674282592277
40.0,15.0,6,8.0,30,4,2,1,0,2.7286901904028884,1.2457380380805785,0.5457380380805777,4,2,2,0,3.5000000000000036,0.8506597348543835,-4.909340265145618
40.0,15.0,6,10.0,0,4,3,1,0,26.0,5.45,0.25,4,2,2,0,0.9396520413860632,0.3295664603368398,-4.870433539663161
40.0,15.0,6,10.0,15,4,3,1,0,26.0,5.45,0.25,4,2,2,0,1.25,0.2430360278988605,-4.95696397210114
40.0,15.0,6,10.0,30,4,2,1,0,0.49545779495934816,0.34909155899186967,0.09909155899186964,4,2,2,0,1.25,-0.037398085468538865,-5.237398085468539
40.0,15.0,6,12.0,0,4,3,1,0,23.2,4.44,-0.2,4,2,2,0,-1.3034513373114063,-0.5666461276706468,-5.206646127670647
40.0,15.0,6,12.0,15,4,3,1,0,23.2,4.44,-0.2,4,2,2,0,-1.0,-0.6512536616100036,-5.291253661610003
40.0,15.0,6,12.0,30,4,2,1,0,-1.737774600484193,-0.5475549200968385,-0.34755492009683864,4,2,2,0,-1.0,-0.9254559057914609,-5.565455905791461
40.0,15.0,8,5.0,0,4,3,1,0,32.999999999999986,7.974999999999996,1.3749999999999987,4,2,2,0,6.547410488129719,2.5700979303555482,-4.029902069644449
40.0,15.0,8,5.0,15,4,3,1,0,32.999999999999986,7.974999999999996,1.3749999999999987,4,2,2,0,6.874999999999993,2.4787602516710154,-4.121239748328982
40.0,15.0,8,5.0,30,4,2,1,0,6.078538783568187,2.5907077567136363,1.2157077567136376,4,2,2,0,6.874999999999993,2.1827464653387607,-4.417253534661237
40.0,15.0,8,8.0,0,4,3,1,0,28.800000000000004,6.460000000000003,0.7000000000000007,4,2,2,0,3.1827554200835326,1.2257790483443256,-4.5342209516556755
40.0,15.0,8,8.0,15,4,3,1,0,28.800000000000004,6.460000000000003,0.7000000000000007,4,2,2,0,3.5000000000000036,1.1373257174077247,-4.622674282592277
40.0,15.0,8,8.0,30,4,2,1,0,2.7286901904028884,1.2457380380805785,0.5457380380805777,4,2,2,0,3.5000000000000036,0.8506597348543835,-4.909340265145618
40.0,15.0,8,10.0,0,4,3,1,0,26.0,5.45,0.25,4,2,2,0,0.9396520413860632,0.3295664603368398,-4.870433539663161
40.0,15.0,8,10.0,15,4,3,1,0,26.0,5.45,0.25,4,2,2,0,1.25,0.2430360278988605,-4.95696397210114
40.0,15.0,8,10.0,30,4,2,1,0,0.49545779495934816,0.34909155899186967,0.09909155899186964,4,2,2,0,1.25,-0.037398085468538865,-5.237398085468539
40.0,15.0,8,12.0,0,4,3,1,0,23.2,4.44,-0.2,4,2,2,0,-1.3034513373114063,-0.5666461276706468,-5.206646127670647
40.0,15.0,8,12.0,15,4,3,1,0,23.2,4.44,-0.2,4,2,2,0,-1.0,-0.6512536616100036,-5.291253661610003
40.0,15.0,8,12.0,30,4,2,1,0,-1.737774600484193,-0.5475549200968385,-0.34755492009683864,4,2,2,0,-1.0,-0.9254559057914609,-5.565455905791461
40.0,18.0,2,5.0,0,4,4,0,0,32.999999999999986,9.911163243039725,3.311163243039728,4,3,1,0,28.62941881813461,6.815883763626921,0.21588376362692402
40.0,18.0,2,5.0,15,4,4,0,0,31.685951638896015,9.648353570818932,3.311163243039728,4,3,1,0,28.62941881813461,6.815883763626921,0.21588376362692402
40.0,18.0,2,5.0,30,4,3,0,0,15.241767854094666,5.777997041589389,2.4668337985496613,4,3,1,0,28.62941881813461,6.815883763626921,0.21588376362692402
40.0,18.0,2,8.0,0,4,3,0,0,28.800000000000004,8.335021245891108,2.5750212458911075,4,3,1,0,24.567437171246166,5.337487434249235,-0.42251256575076646
40.0,18.0,2,8.0,15,4,3,0,0,27.52744790293089,8.080510826477285,2.5750212458911075,4,3,1,0,24.567437171246166,5.337487434249235,-0.42251256575076646
40.0,18.0,2,8.0,30,4,2,0,0,11.602554132386423,4.332376082381308,1.7573548364902003,4,3,1,0,24.567437171246166,5.337487434249235,-0.42251256575076646
40.0,18.0,2,10.0,0,4,3,0,0,26.0,7.2842599144586915,2.0842599144586913,4,3,1,0,21.859449406653862,4.3518898813307745,-0.8481101186692265
40.0,18.0,2,10.0,15,4,3,0,0,24.755112078954134,7.035282330249519,2.0842599144586913,4,3,1,0,21.859449406653862,4.3518898813307745,-0.8481101186692265
40.0,18.0,2,10.0,30,4,2,0,0,9.17641165124759,3.3686287762425837,1.2843688617838922,4,3,1,0,21.859449406653862,4.3518898813307745,-0.8481101186692265
40.0,18.0,2,12.0,0,4,3,0,0,23.2,6.233498583026277,1.5934985830262762,4,3,1,0,19.15146164206155,3.3662923284123103,-1.2737076715876894
40.0,18.0,2,12.0,15,4,3,0,0,21.982776254977377,5.990053834021753,1.5934985830262762,4,3,1,0,19.15146164206155,3.3662923284123103,-1.2737076715876894
40.0,18.0,2,12.0,30,4,2,0,0,6.7502691701087585,2.4048814701038603,0.8113828870775843,4,3,1,0,19.15146164206155,3.3662923284123103,-1.2737076715876894
40.0,18.0,3,5.0,0,4,4,0,0,32.999999999999986,11.03060565799649,4.430605657996494,4,3,1,0,25.857073573325074,6.2614147146650145,-0.33858528533498355
40.0,18.0,3,5.0,15,4,4,0,0,32.999999999999986,11.03060565799649,4.430605657996494,4,3,1,0,25.857073573325074,6.2614147146650145,-0.33858528533498355
40.0,18.0,3,5.0,30,4,3,0,0,14.58334971969838,5.646313414710132,1.2157077567136376,4,3,1,0,25.857073573325074,6.2614147146650145,-0.33858528533498355
40.0,18.0,3,8.0,0,4,4,0,0,28.800000000000004,9.419112847743975,3.6591128477439754,4,3,1,0,21.882639671009564,4.800527934201914,-0.9594720657980869
40.0,18.0,3,8.0,15,4,4,0,0,28.800000000000004,9.419112847743975,3.6591128477439754,4,3,1,0,21.882639671009564,4.800527934201914,-0.9594720657980869
40.0,18.0,3,8.0,30,4,3,0,0,10.964928149602649,4.204850885824553,0.5457380380805777,4,3,1,0,21.882639671009564,4.800527934201914,-0.9594720657980869
40.0,18.0,3,10.0,0,4,4,0,0,26.0,8.344784307575628,3.1447843075756277,4,3,1,0,19.233017069465873,3.826603413893176,-1.3733965861068242
40.0,18.0,3,10.0,15,4,4,0,0,26.0,8.344784307575628,3.1447843075756277,4,3,1,0,19.233017069465873,3.826603413893176,-1.3733965861068242
40.0,18.0,3,10.0,30,4,3,0,0,8.552647102872157,3.243875866567498,0.09909155899186964,4,3,1,0,19.233017069465873,3.826603413893176,-1.3733965861068242
40.0,18.0,3,12.0,0,4,4,0,0,23.2,7.270455767407279,2.6304557674072786,4,3,1,0,16.583394467922187,2.8526788935844376,-1.7873211064155623
40.0,18.0,3,12.0,15,4,4,0,0,23.2,7.270455767407279,2.6304557674072786,4,3,1,0,16.583394467922187,2.8526788935844376,-1.7873211064155623
40.0,18.0,3,12.0,30,4,3,0,0,6.140366056141655,2.2829008473104397,-0.34755492009683864,4,3,1,0,16.583394467922187,2.8526788935844376,-1.7873211064155623
40.0,18.0,4,5.0,0,4,4,0,0,32.999999999999986,13.199999999999996,6.599999999999998,4,3,1,0,26.743385914591634,6.438677182918326,-0.1613228170816715
40.0,18.0,4,5.0,15,4,4,0,0,32.999999999999986,13.199999999999996,6.599999999999998,4,3,1,0,26.743385914591634,6.438677182918326,-0.1613228170816715
40.0,18.0,4,5.0,30,4,3,0,0,25.430321429715896,7.8157077567136355,1.2157077567136376,4,3,1,0,26.743385914591634,6.438677182918326,-0.1613228170816715
40.0,18.0,4,8.0,0,4,4,0,0,28.800000000000004,11.520000000000003,5.760000000000002,4,3,1,0,22.740963201499277,4.972192640299856,-0.7878073597001443
40.0,18.0,4,8.0,15,4,4,0,0,28.800000000000004,11.520000000000003,5.760000000000002,4,3,1,0,22.740963201499277,4.972192640299856,-0.7878073597001443
40.0,18.0,4,8.0,30,4,3,0,0,21.469363910882777,6.305738038080579,0.5457380380805777,4,3,1,0,22.740963201499277,4.972192640299856,-0.7878073597001443
40.0,18.0,4,10.0,0,4,4,0,0,26.0,10.4,5.2,4,3,1,0,20.07268139277103,3.9945362785542073,-1.205463721445793
40.0,18.0,4,10.0,15,4,4,0,0,26.0,10.4,5.2,4,3,1,0,20.07268139277103,3.9945362785542073,-1.205463721445793
40.0,18.0,4,10.0,30,4,3,0,0,18.82872556499402,5.29909155899187,0.09909155899186964,4,3,1,0,20.07268139277103,3.9945362785542073,-1.205463721445793
40.0,18.0,4,12.0,0,4,4,0,0,23.2,9.28,4.64,4,3,1,0,17.404399584042785,3.016879916808558,-1.6231200831914425
40.0,18.0,4,12.0,15,4,4,0,0,23.2,9.28,4.64,4,3,1,0,17.404399584042785,3.016879916808558,-1.6231200831914425
40.0,18.0,4,12.0,30,4,3,0,0,16.188087219105263,4.292445079903162,-0.34755492009683864,4,3,1,0,17.404399584042785,3.016879916808558,-1.6231200831914425
40.0,18.0,6,5.0,0,4,4,0,0,32.999999999999986,13.199999999999996,6.599999999999998,4,2,2,0,5.449999999999994,2.179999999999998,-4.42
40.0,18.0,6,5.0,15,4,4,0,0,32.999999999999986,13.199999999999996,6.599999999999998,4,2,2,0,5.449999999999994,2.179999999999998,-4.42
40.0,18.0,6,5.0,30,4,3,0,0,25.430321429715896,7.8157077567136355,1.2157077567136376,4,2,2,0,5.449999999999994,1.897746465338761,-4.702253534661236
40.0,18.0,6,8.0,0,4,4,0,0,28.800000000000004,11.520000000000003,5.760000000000002,4,2,2,0,2.1200000000000063,0.848000000000003,-4.911999999999999
40.0,18.0,6,8.0,15,4,4,0,0,28.800000000000004,11.520000000000003,5.760000000000002,4,2,2,0,2.1200000000000063,0.848000000000003,-4.911999999999999
40.0,18.0,6,8.0,30,4,3,0,0,21.469363910882777,6.305738038080579,0.5457380380805777,4,2,2,0,2.1200000000000063,0.574659734854384,-5.185340265145617
40.0,18.0,6,10.0,0,4,4,0,0,26.0,10.4,5.2,4,2,2,0,-0.09999999999999432,-0.03999999999999773,-5.239999999999998
40.0,18.0,6,10.0,15,4,4,0,0,26.0,10.4,5.2,4,2,2,0,-0.09999999999999432,-0.03999999999999773,-5.239999999999998
40.0,18.0,6,10.0,30,4,3,0,0,18.82872556499402,5.29909155899187,0.09909155899186964,4,2,2,0,-0.09999999999999432,-0.30739808546853775,-5.507398085468537
40.0,18.0,6,12.0,0,4,4,0,0,23.2,9.28,4.64,4,2,2,0,-2.3199999999999985,-0.9279999999999995,-5.568
40.0,18.0,6,12.0,15,4,4,0,0,23.2,9.28,4.64,4,2,2,0,-2.3199999999999985,-0.9279999999999995,-5.568
40.0,18.0,6,12.0,30,4,3,0,0,16.188087219105263,4.292445079903162,-0.34755492009683864,4,2,2,0,-2.3199999999999985,-1.1894559057914607,-5.829455905791461
40.0,18.0,8,5.0,0,4,4,0,0,32.999999999999986,13.199999999999996,6.599999999999998,4,2,2,0,5.449999999999994,2.179999999999998,-4.42
40.0,18.0,8,5.0,15,4,4,0,0,32.999999999999986,13.199999999999996,6.599999999999998,4,2,2,0,5.449999999999994,2.179999999999998,-4.42
40.0,18.0,8,5.0,30,4,3,0,0,25.430321429715896,7.8157077567136355,1.2157077567136376,4,2,2,0,5.449999999999994,1.897746465338761,-4.702253534661236
40.0,18.0,8,8.0,0,4,4,0,0,28.800000000000004,11.520000000000003,5.760000000000002,4,2,2,0,2.1200000000000063,0.848000000000003,-4.911999999999999
40.0,18.0,8,8.0,15,4,4,0,0,28.800000000000004,11.520000000000003,5.760000000000002,4,2,2,0,2.1200000000000063,0.848000000000003,-4.911999999999999
40.0,18.0,8,8.0,30,4,3,0,0,21.469363910882777,6.305738038080579,0.5457380380805777,4,2,2,0,2.1200000000000063,0.574659734854384,-5.185340265145617
40.0,18.0,8,10.0,0,4,4,0,0,26.0,10.4,5.2,4,2,2,0,-0.09999999999999432,-0.03999999999999773,-5.239999999999998
40.0,18.0,8,10.0,15,4,4,0,0,26.0,10.4,5.2,4,2,2,0,-0.09999999999999432,-0.03999999999999773,-5.239999999999998
40.0,18.0,8,10.0,30,4,3,0,0,18.82872556499402,5.29909155899187,0.09909155899186964,4,2,2,0,-0.09999999999999432,-0.30739808546853775,-5.507398085468537
40.0,18.0,8,12.0,0,4,4,0,0,23.2,9.28,4.64,4,2,2,0,-2.3199999999999985,-0.9279999999999995,-5.568
40.0,18.0,8,12.0,15,4,4,0,0,23.2,9.28,4.64,4,2,2,0,-2.3199999999999985,-0.9279999999999995,-5.568
40.0,18.0,8,12.0,30,4,3,0,0,16.188087219105263,4.292445079903162,-0.34755492009683864,4,2,2,0,-2.3199999999999985,-1.1894559057914607,-5.829455905791461
40.0,20.0,2,5.0,0,4,4,0,0,32.999999999999986,9.911163243039725,3.311163243039728,4,4,0,0,32.999999999999986,12.32588376362692,5.725883763626922
40.0,20.0,2,5.0,15,4,4,0,0,31.685951638896015,9.648353570818932,3.311163243039728,4,4,0,0,32.999999999999986,12.32588376362692,5.725883763626922
40.0,20.0,2,5.0,30,4,3,0,0,15.241767854094666,5.777997041589389,2.4668337985496613,4,4,0,0,32.55553459092134,12.236990681811191,5.636990681811195
40.0,20.0,2,8.0,0,4,3,0,0,28.800000000000004,8.335021245891108,2.5750212458911075,4,4,0,0,28.800000000000004,10.673487434249234,4.913487434249234
40.0,20.0,2,8.0,15,4,3,0,0,27.52744790293089,8.080510826477285,2.5750212458911075,4,4,0,0,28.800000000000004,10.673487434249234,4.913487434249234
40.0,20.0,2,8.0,30,4,2,0,0,11.602554132386423,4.332376082381308,1.7573548364902003,4,4,0,0,28.36957034068174,10.587401502385582,4.82740150238558
40.0,20.0,2,10.0,0,4,3,0,0,26.0,7.2842599144586915,2.0842599144586913,4,4,0,0,26.0,9.571889881330774,4.371889881330772
40.0,20.0,2,10.0,15,4,3,0,0,24.755112078954134,7.035282330249519,2.0842599144586913,4,4,0,0,26.0,9.571889881330774,4.371889881330772
40.0,20.0,2,10.0,30,4,2,0,0,9.17641165124759,3.3686287762425837,1.2843688617838922,4,4,0,0,25.578927507188652,9.487675382768504,4.287675382768503
40.0,20.0,2,12.0,0,4,3,0,0,23.2,6.233498583026277,1.5934985830262762,4,4,0,0,23.2,8.470292328412311,3.8302923284123107
40.0,20.0,2,12.0,15,4,3,0,0,21.982776254977377,5.990053834021753,1.5934985830262762,4,4,0,0,23.2,8.470292328412311,3.8302923284123107
40.0,20.0,2,12.0,30,4,2,0,0,6.7502691701087585,2.4048814701038603,0.8113828870775843,4,4,0,0,22.78828467369557,8.387949263151425,3.747949263151425
40.0,20.0,3,5.0,0,4,4,0,0,32.999999999999986,11.03060565799649,4.430605657996494,4,4,0,0,32.999999999999986,11.771414714665013,5.171414714665016
40.0,20.0,3,5.0,15,4,4,0,0,32.999999999999986,11.03060565799649,4.430605657996494,4,4,0,0,32.999999999999986,11.771414714665013,5.171414714665016
40.0,20.0,3,5.0,30,4,3,0,0,14.58334971969838,5.646313414710132,1.2157077567136376,4,4,0,0,32.55553459092134,11.682521632849285,5.082521632849287
40.0,20.0,3,8.0,0,4,4,0,0,28.800000000000004,9.419112847743975,3.6591128477439754,4,4,0,0,28.800000000000004,10.136527934201915,4.3765279342019126
40.0,20.0,3,8.0,15,4,4,0,0,28.800000000000004,9.419112847743975,3.6591128477439754,4,4,0,0,28.800000000000004,10.136527934201915,4.3765279342019126
40.0,20.0,3,8.0,30,4,3,0,0,10.964928149602649,4.204850885824553,0.5457380380805777,4,4,0,0,28.36957034068174,10.05044200233826,4.29044200233826
40.0,20.0,3,10.0,0,4,4,0,0,26.0,8.344784307575628,3.1447843075756277,4,4,0,0,26.0,9.046603413893175,3.846603413893175
40.0,20.0,3,10.0,15,4,4,0,0,26.0,8.344784307575628,3.1447843075756277,4,4,0,0,26.0,9.046603413893175,3.846603413893175
40.0,20.0,3,10.0,30,4,3,0,0,8.552647102872157,3.243875866567498,0.09909155899186964,4,4,0,0,25.578927507188652,8.962388915330905,3.7623889153309054
40.0,20.0,3,12.0,0,4,4,0,0,23.2,7.270455767407279,2.6304557674072786,4,4,0,0,23.2,7.956678893584438,3.3166788935844376
40.0,20.0,3,12.0,15,4,4,0,0,23.2,7.270455767407279,2.6304557674072786,4,4,0,0,23.2,7.956678893584438,3.3166788935844376
40.0,20.0,3,12.0,30,4,3,0,0,6.140366056141655,2.2829008473104397,-0.34755492009683864,4,4,0,0,22.78828467369557,7.874335828323551,3.2343358283235517
40.0,20.0,4,5.0,0,4,4,0,0,32.999999999999986,13.199999999999996,6.599999999999998,4,4,0,0,32.999999999999986,11.948677182918324,5.348677182918327
40.0,20.0,4,5.0,15,4,4,0,0,32.999999999999986,13.199999999999996,6.599999999999998,4,4,0,0,32.999999999999986,11.948677182918324,5.348677182918327
40.0,20.0,4,5.0,30,4,3,0,0,25.430321429715896,7.8157077567136355,1.2157077567136376,4,4,0,0,32.55553459092134,11.859784101102598,5.259784101102599
40.0,20.0,4,8.0,0,4,4,0,0,28.800000000000004,11.520000000000003,5.760000000000002,4,4,0,0,28.800000000000004,10.308192640299858,4.548192640299855
40.0,20.0,4,8.0,15,4,4,0,0,28.800000000000004,11.520000000000003,5.760000000000002,4,4,0,0,28.800000000000004,10.308192640299858,4.548192640299855
40.0,20.0,4,8.0,30,4,3,0,0,21.469363910882777,6.305738038080579,0.5457380380805777,4,4,0,0,28.36957034068174,10.222106708436202,4.4621067084362025
40.0,20.0,4,10.0,0,4,4,0,0,26.0,10.4,5.2,4,4,0,0,26.0,9.214536278554206,4.014536278554206
40.0,20.0,4,10.0,15,4,4,0,0,26.0,10.4,5.2,4,4,0,0,26.0,9.214536278554206,4.014536278554206
40.0,20.0,4,10.0,30,4,3,0,0,18.82872556499402,5.29909155899187,0.09909155899186964,4,4,0,0,25.578927507188652,9.130321779991936,3.930321779991937
40.0,20.0,4,12.0,0,4,4,0,0,23.2,9.28,4.64,4,4,0,0,23.2,8.120879916808558,3.4808799168085574
40.0,20.0,4,12.0,15,4,4,0,0,23.2,9.28,4.64,4,4,0,0,23.2,8.120879916808558,3.4808799168085574
40.0,20.0,4,12.0,30,4,3,0,0,16.188087219105263,4.292445079903162,-0.34755492009683864,4,4,0,0,22.78828467369557,8.038536851547672,3.398536851547671
40.0,20.0,6,5.0,0,4,4,0,0,32.999999999999986,13.199999999999996,6.599999999999998,4,3,1,0,32.999999999999986,7.4999999999999964,0.8999999999999986
40.0,20.0,6,5.0,15,4,4,0,0,32.999999999999986,13.199999999999996,6.599999999999998,4,3,1,0,32.999999999999986,7.4999999999999964,0.8999999999999986
40.0,20.0,6,5.0,30,4,3,0,0,25.430321429715896,7.8157077567136355,1.2157077567136376,4,3,1,0,32.55553459092134,7.318853383523032,0.7188533835230339
40.0,20.0,6,8.0,0,4,4,0,0,28.800000000000004,11.520000000000003,5.760000000000002,4,3,1,0,28.800000000000004,6.000000000000003,0.2400000000000013
40.0,20.0,6,8.0,15,4,4,0,0,28.800000000000004,11.520000000000003,5.760000000000002,4,3,1,0,28.800000000000004,6.000000000000003,0.2400000000000013
40.0,20.0,6,8.0,30,4,3,0,0,21.469363910882777,6.305738038080579,0.5457380380805777,4,3,1,0,28.36957034068174,5.824573802990731,0.0645738029907296
40.0,20.0,6,10.0,0,4,4,0,0,26.0,10.4,5.2,4,3,1,0,26.0,5.000000000000001,-0.1999999999999993
40.0,20.0,6,10.0,15,4,4,0,0,26.0,10.4,5.2,4,3,1,0,26.0,5.000000000000001,-0.1999999999999993
40.0,20.0,6,10.0,30,4,3,0,0,18.82872556499402,5.29909155899187,0.09909155899186964,4,3,1,0,25.578927507188652,4.828387415969193,-0.37161258403080843
40.0,20.0,6,12.0,0,4,4,0,0,23.2,9.28,4.64,4,3,1,0,23.2,4.0,-0.6399999999999996
40.0,20.0,6,12.0,15,4,4,0,0,23.2,9.28,4.64,4,3,1,0,23.2,4.0,-0.6399999999999996
40.0,20.0,6,12.0,30,4,3,0,0,16.188087219105263,4.292445079903162,-0.34755492009683864,4,3,1,0,22.78828467369557,3.832201028947653,-0.8077989710523469
40.0,20.0,8,5.0,0,4,4,0,0,32.999999999999986,13.199999999999996,6.599999999999998,4,3,1,0,32.999999999999986,7.4999999999999964,0.8999999999999986
40.0,20.0,8,5.0,15,4,4,0,0,32.999999999999986,13.199999999999996,6.599999999999998,4,3,1,0,32.999999999999986,7.4999999999999964,0.8999999999999986
40.0,20.0,8,5.0,30,4,3,0,0,25.430321429715896,7.8157077567136355,1.2157077567136376,4,3,1,0,32.55553459092134,7.318853383523032,0.7188533835230339
40.0,20.0,8,8.0,0,4,4,0,0,28.800000000000004,11.520000000000003,5.760000000000002,4,3,1,0,28.800000000000004,6.000000000000003,0.2400000000000013
40.0,20.0,8,8.0,15,4,4,0,0,28.800000000000004,11.520000000000003,5.760000000000002,4,3,1,0,28.800000000000004,6.000000000000003,0.2400000000000013
40.0,20.0,8,8.0,30,4,3,0,0,21.469363910882777,6.305738038080579,0.5457380380805777,4,3,1,0,28.36957034068174,5.824573802990731,0.0645738029907296
40.0,20.0,8,10.0,0,4,4,0,0,26.0,10.4,5.2,4,3,1,0,26.0,5.000000000000001,-0.1999999999999993
40.0,20.0,8,10.0,15,4,4,0,0,26.0,10.4,5.2,4,3,1,0,26.0,5.000000000000001,-0.1999999999999993
40.0,20.0,8,10.0,30,4,3,0,0,18.82872556499402,5.29909155899187,0.09909155899186964,4,3,1,0,25.578927507188652,4.828387415969193,-0.37161258403080843
40.0,20.0,8,12.0,0,4,4,0,0,23.2,9.28,4.64,4,3,1,0,23.2,4.0,-0.6399999999999996
40.0,20.0,8,12.0,15,4,4,0,0,23.2,9.28,4.64,4,3,1,0,23.2,4.0,-0.6399999999999996
40.0,20.0,8,12.0,30,4,3,0,0,16.188087219105263,4.292445079903162,-0.34755492009683864,4,3,1,0,22.78828467369557,3.832201028947653,-0.8077989710523469
40.0,22.0,2,5.0,0,4,4,0,0,32.999999999999986,9.911163243039725,3.311163243039728,4,4,0,0,32.999999999999986,12.32588376362692,5.725883763626922
40.0,22.0,2,5.0,15,4,4,0,0,31.685951638896015,9.648353570818932,3.311163243039728,4,4,0,0,32.999999999999986,12.32588376362692,5.725883763626922
40.0,22.0,2,5.0,30,4,3,0,0,15.241767854094666,5.777997041589389,2.4668337985496613,4,4,0,0,32.55553459092134,12.236990681811191,5.636990681811195
40.0,22.0,2,8.0,0,4,3,0,0,28.800000000000004,8.335021245891108,2.5750212458911075,4,4,0,0,28.800000000000004,10.673487434249234,4.913487434249234
40.0,22.0,2,8.0,15,4,3,0,0,27.52744790293089,8.080510826477285,2.5750212458911075,4,4,0,0,28.800000000000004,10.673487434249234,4.913487434249234
40.0,22.0,2,8.0,30,4,2,0,0,11.602554132386423,4.332376082381308,1.7573548364902003,4,4,0,0,28.36957034068174,10.587401502385582,4.82740150238558
40.0,22.0,2,10.0,0,4,3,0,0,26.0,7.2842599144586915,2.0842599144586913,4,4,0,0,26.0,9.571889881330774,4.371889881330772
40.0,22.0,2,10.0,15,4,3,0,0,24.755112078954134,7.035282330249519,2.0842599144586913,4,4,0,0,26.0,9.571889881330774,4.371889881330772
40.0,22.0,2,10.0,30,4,2,0,0,9.17641165124759,3.3686287762425837,1.2843688617838922,4,4,0,0,25.578927507188652,9.487675382768504,4.287675382768503
40.0,22.0,2,12.0,0,4,3,0,0,23.2,6.233498583026277,1.5934985830262762,4,4,0,0,23.2,8.470292328412311,3.8302923284123107
40.0,22.0,2,12.0,15,4,3,0,0,21.982776254977377,5.990053834021753,1.5934985830262762,4,4,0,0,23.2,8.470292328412311,3.8302923284123107
40.0,22.0,2,12.0,30,4,2,0,0,6.7502691701087585,2.4048814701038603,0.8113828870775843,4,4,0,0,22.78828467369557,8.387949263151425,3.747949263151425
40.0,22.0,3,5.0,0,4,4,0,0,32.999999999999986,11.03060565799649,4.430605657996494,4,4,0,0,32.999999999999986,11.771414714665013,5.171414714665016
40.0,22.0,3,5.0,15,4,4,0,0,32.999999999999986,11.03060565799649,4.430605657996494,4,4,0,0,32.999999999999986,11.771414714665013,5.171414714665016
40.0,22.0,3,5.0,30,4,3,0,0,14.58334971969838,5.646313414710132,1.2157077567136376,4,4,0,0,32.55553459092134,11.682521632849285,5.082521632849287
40.0,22.0,3,8.0,0,4,4,0,0,28.800000000000004,9.419112847743975,3.6591128477439754,4,4,0,0,28.800000000000004,10.136527934201915,4.3765279342019126
40.0,22.0,3,8.0,15,4,4,0,0,28.800000000000004,9.419112847743975,3.6591128477439754,4,4,0,0,28.800000000000004,10.136527934201915,4.3765279342019126
40.0,22.0,3,8.0,30,4,3,0,0,10.964928149602649,4.204850885824553,0.5457380380805777,4,4,0,0,28.36957034068174,10.05044200233826,4.29044200233826
40.0,22.0,3,10.0,0,4,4,0,0,26.0,8.344784307575628,3.1447843075756277,4,4,0,0,26.0,9.046603413893175,3.846603413893175
40.0,22.0,3,10.0,15,4,4,0,0,26.0,8.344784307575628,3.1447843075756277,4,4,0,0,26.0,9.046603413893175,3.846603413893175
40.0,22.0,3,10.0,30,4,3,0,0,8.552647102872157,3.243875866567498,0.09909155899186964,4,4,0,0,25.578927507188652,8.962388915330905,3.7623889153309054
40.0,22.0,3,12.0,0,4,4,0,0,23.2,7.270455767407279,2.6304557674072786,4,4,0,0,23.2,7.956678893584438,3.3166788935844376
40.0,22.0,3,12.0,15,4,4,0,0,23.2,7.270455767407279,2.6304557674072786,4,4,0,0,23.2,7.956678893584438,3.3166788935844376
40.0,22.0,3,12.0,30,4,3,0,0,6.140366056141655,2.2829008473104397,-0.34755492009683864,4,4,0,0,22.78828467369557,7.874335828323551,3.2343358283235517
40.0,22.0,4,5.0,0,4,4,0,0,32.999999999999986,13.199999999999996,6.599999999999998,4,4,0,0,32.999999999999986,11.948677182918324,5.348677182918327
40.0,22.0,4,5.0,15,4,4,0,0,32.999999999999986,13.199999999999996,6.599999999999998,4,4,0,0,32.999999999999986,11.948677182918324,5.348677182918327
40.0,22.0,4,5.0,30,4,3,0,0,25.430321429715896,7.8157077567136355,1.2157077567136376,4,4,0,0,32.55553459092134,11.859784101102598,5.259784101102599
40.0,22.0,4,8.0,0,4,4,0,0,28.800000000000004,11.520000000000003,5.760000000000002,4,4,0,0,28.800000000000004,10.308192640299858,4.548192640299855
40.0,22.0,4,8.0,15,4,4,0,0,28.800000000000004,11.520000000000003,5.760000000000002,4,4,0,0,28.800000000000004,10.308192640299858,4.548192640299855
40.0,22.0,4,8.0,30,4,3,0,0,21.469363910882777,6.305738038080579,0.5457380380805777,4,4,0,0,28.36957034068174,10.222106708436202,4.4621067084362025
40.0,22.0,4,10.0,0,4,4,0,0,26.0,10.4,5.2,4,4,0,0,26.0,9.214536278554206,4.014536278554206
40.0,22.0,4,10.0,15,4,4,0,0,26.0,10.4,5.2,4,4,0,0,26.0,9.214536278554206,4.014536278554206
40.0,22.0,4,10.0,30,4,3,0,0,18.82872556499402,5.29909155899187,0.09909155899186964,4,4,0,0,25.578927507188652,9.130321779991936,3.930321779991937
40.0,22.0,4,12.0,0,4,4,0,0,23.2,9.28,4.64,4,4,0,0,23.2,8.120879916808558,3.4808799168085574
40.0,22.0,4,12.0,15,4,4,0,0,23.2,9.28,4.64,4,4,0,0,23.2,8.120879916808558,3.4808799168085574
40.0,22.0,4,12.0,30,4,3,0,0,16.188087219105263,4.292445079903162,-0.34755492009683864,4,4,0,0,22.78828467369557,8.038536851547672,3.398536851547671
40.0,22.0,6,5.0,0,4,4,0,0,32.999999999999986,13.199999999999996,6.599999999999998,4,3,1,0,32.999999999999986,6.355754860756843,-0.24424513924315436
40.0,22.0,6,5.0,15,4,4,0,0,32.999999999999986,13.199999999999996,6.599999999999998,4,3,1,0,32.999999999999986,6.355754860756843,-0.24424513924315436
40.0,22.0,6,5.0,30,4,3,0,0,25.430321429715896,7.8157077567136355,1.2157077567136376,4,3,1,0,32.55553459092134,6.266861778941115,-0.3331382210588828
40.0,22.0,6,8.0,0,4,4,0,0,28.800000000000004,11.520000000000003,5.760000000000002,4,3,1,0,28.800000000000004,4.89188891778558,-0.8681110822144213
40.0,22.0,6,8.0,15,4,4,0,0,28.800000000000004,11.520000000000003,5.760000000000002,4,3,1,0,28.800000000000004,4.89188891778558,-0.8681110822144213
40.0,22.0,6,8.0,30,4,3,0,0,21.469363910882777,6.305738038080579,0.5457380380805777,4,3,1,0,28.36957034068174,4.805802985921926,-0.9541970140780744
40.0,22.0,6,10.0,0,4,4,0,0,26.0,10.4,5.2,4,3,1,0,26.0,3.915978289138067,-1.2840217108619336
40.0,22.0,6,10.0,15,4,4,0,0,26.0,10.4,5.2,4,3,1,0,26.0,3.915978289138067,-1.2840217108619336
40.0,22.0,6,10.0,30,4,3,0,0,18.82872556499402,5.29909155899187,0.09909155899186964,4,3,1,0,25.578927507188652,3.8317637905757973,-1.368236209424203
40.0,22.0,6,12.0,0,4,4,0,0,23.2,9.28,4.64,4,3,1,0,23.2,2.9400676604905533,-1.6999323395094468
40.0,22.0,6,12.0,15,4,4,0,0,23.2,9.28,4.64,4,3,1,0,23.2,2.9400676604905533,-1.6999323395094468
40.0,22.0,6,12.0,30,4,3,0,0,16.188087219105263,4.292445079903162,-0.34755492009683864,4,3,1,0,22.78828467369557,2.8577245952296675,-1.7822754047703329
40.0,22.0,8,5.0,0,4,4,0,0,32.999999999999986,13.199999999999996,6.599999999999998,4,3,1,0,32.999999999999986,6.355754860756843,-0.24424513924315436
40.0,22.0,8,5.0,15,4,4,0,0,32.999999999999986,13.199999999999996,6.599999999999998,4,3,1,0,32.999999999999986,6.520247477666699,-0.07975252233329827
40.0,22.0,8,5.0,30,4,3,0,0,25.430321429715896,7.8157077567136355,1.2157077567136376,4,3,1,0,32.55553459092134,5.766513860037867,-0.8334861399621304
40.0,22.0,8,8.0,0,4,4,0,0,28.800000000000004,11.520000000000003,5.760000000000002,4,3,1,0,28.800000000000004,4.89188891778558,-0.8681110822144213
40.0,22.0,8,8.0,15,4,4,0,0,28.800000000000004,11.520000000000003,5.760000000000002,4,3,1,0,28.800000000000004,5.051187031003546,-0.7088129689964554
40.0,22.0,8,8.0,30,4,3,0,0,21.469363910882777,6.305738038080579,0.5457380380805777,4,3,1,0,28.36957034068174,4.321255527615622,-1.4387444723843783
40.0,22.0,8,10.0,0,4,4,0,0,26.0,10.4,5.2,4,3,1,0,26.0,3.915978289138067,-1.2840217108619336
40.0,22.0,8,10.0,15,4,4,0,0,26.0,10.4,5.2,4,3,1,0,26.0,4.071813399894771,-1.1281866001052288
40.0,22.0,8,10.0,30,4,3,0,0,18.82872556499402,5.29909155899187,0.09909155899186964,4,3,1,0,25.578927507188652,3.357749972667456,-1.8422500273325442
40.0,22.0,8,12.0,0,4,4,0,0,23.2,9.28,4.64,4,3,1,0,23.2,2.9400676604905533,-1.6999323395094468
40.0,22.0,8,12.0,15,4,4,0,0,23.2,9.28,4.64,4,3,1,0,23.2,3.0924397687859986,-1.5475602312140015
40.0,22.0,8,12.0,30,4,3,0,0,16.188087219105263,4.292445079903162,-0.34755492009683864,4,3,1,0,22.78828467369557,2.3942444177192903,-2.2457555822807094
40.0,25.0,2,5.0,0,4,4,0,0,32.999999999999986,9.911163243039725,3.311163243039728,4,4,0,0,32.999999999999986,12.32588376362692,5.725883763626922
40.0,25.0,2,5.0,15,4,4,0,0,31.685951638896015,9.648353570818932,3.311163243039728,4,4,0,0,32.999999999999986,12.32588376362692,5.725883763626922
40.0,25.0,2,5.0,30,4,3,0,0,15.241767854094666,5.777997041589389,2.4668337985496613,4,4,0,0,32.55553459092134,12.236990681811191,5.636990681811195
40.0,25.0,2,8.0,0,4,3,0,0,28.800000000000004,8.335021245891108,2.5750212458911075,4,4,0,0,28.800000000000004,10.673487434249234,4.913487434249234
40.0,25.0,2,8.0,15,4,3,0,0,27.52744790293089,8.080510826477285,2.5750212458911075,4,4,0,0,28.800000000000004,10.673487434249234,4.913487434249234
40.0,25.0,2,8.0,30,4,2,0,0,11.602554132386423,4.332376082381308,1.7573548364902003,4,4,0,0,28.36957034068174,10.587401502385582,4.82740150238558
40.0,25.0,2,10.0,0,4,3,0,0,26.0,7.2842599144586915,2.0842599144586913,4,4,0,0,26.0,9.571889881330774,4.371889881330772
40.0,25.0,2,10.0,15,4,3,0,0,24.755112078954134,7.035282330249519,2.0842599144586913,4,4,0,0,26.0,9.571889881330774,4.371889881330772
40.0,25.0,2,10.0,30,4,2,0,0,9.17641165124759,3.3686287762425837,1.2843688617838922,4,4,0,0,25.578927507188652,9.487675382768504,4.287675382768503
40.0,25.0,2,12.0,0,4,3,0,0,23.2,6.233498583026277,1.5934985830262762,4,4,0,0,23.2,8.470292328412311,3.8302923284123107
40.0,25.0,2,12.0,15,4,3,0,0,21.982776254977377,5.990053834021753,1.5934985830262762,4,4,0,0,23.2,8.470292328412311,3.8302923284123107
40.0,25.0,2,12.0,30,4,2,0,0,6.7502691701087585,2.4048814701038603,0.8113828870775843,4,4,0,0,22.78828467369557,8.387949263151425,3.747949263151425
40.0,25.0,3,5.0,0,4,4,0,0,32.999999999999986,11.03060565799649,4.430605657996494,4,4,0,0,32.999999999999986,11.771414714665013,5.171414714665016
40.0,25.0,3,5.0,15,4,4,0,0,32.999999999999986,11.03060565799649,4.430605657996494,4,4,0,0,32.999999999999986,11.771414714665013,5.171414714665016
40.0,25.0,3,5.0,30,4,3,0,0,14.58334971969838,5.646313414710132,1.2157077567136376,4,4,0,0,32.55553459092134,11.682521632849285,5.082521632849287
40.0,25.0,3,8.0,0,4,4,0,0,28.800000000000004,9.419112847743975,3.6591128477439754,4,4,0,0,28.800000000000004,10.136527934201915,4.3765279342019126
40.0,25.0,3,8.0,15,4,4,0,0,28.800000000000004,9.419112847743975,3.6591128477439754,4,4,0,0,28.800000000000004,10.136527934201915,4.3765279342019126
40.0,25.0,3,8.0,30,4,3,0,0,10.964928149602649,4.204850885824553,0.5457380380805777,4,4,0,0,28.36957034068174,10.05044200233826,4.29044200233826
40.0,25.0,3,10.0,0,4,4,0,0,26.0,8.344784307575628,3.1447843075756277,4,4,0,0,26.0,9.046603413893175,3.846603413893175
40.0,25.0,3,10.0,15,4,4,0,0,26.0,8.344784307575628,3.1447843075756277,4,4,0,0,26.0,9.046603413893175,3.846603413893175
40.0,25.0,3,10.0,30,4,3,0,0,8.552647102872157,3.243875866567498,0.09909155899186964,4,4,0,0,25.578927507188652,8.962388915330905,3.7623889153309054
40.0,25.0,3,12.0,0,4,4,0,0,23.2,7.270455767407279,2.6304557674072786,4,4,0,0,23.2,7.956678893584438,3.3166788935844376
40.0,25.0,3,12.0,15,4,4,0,0,23.2,7.270455767407279,2.6304557674072786,4,4,0,0,23.2,7.956678893584438,3.3166788935844376
40.0,25.0,3,12.0,30,4,3,0,0,6.140366056141655,2.2829008473104397,-0.34755492009683864,4,4,0,0,22.78828467369557,7.874335828323551,3.2343358283235517
40.0,25.0,4,5.0,0,4,4,0,0,32.999999999999986,13.199999999999996,6.599999999999998,4,4,0,0,32.999999999999986,11.948677182918324,5.348677182918327
40.0,25.0,4,5.0,15,4,4,0,0,32.999999999999986,13.199999999999996,6.599999999999998,4,4,0,0,32.999999999999986,11.948677182918324,5.348677182918327
40.0,25.0,4,5.0,30,4,3,0,0,25.430321429715896,7.8157077567136355,1.2157077567136376,4,4,0,0,32.55553459092134,11.859784101102598,5.259784101102599
40.0,25.0,4,8.0,0,4,4,0,0,28.800000000000004,11.520000000000003,5.760000000000002,4,4,0,0,28.800000000000004,10.308192640299858,4.548192640299855
40.0,25.0,4,8.0,15,4,4,0,0,28.800000000000004,11.520000000000003,5.760000000000002,4,4,0,0,28.800000000000004,10.308192640299858,4.548192640299855
40.0,25.0,4,8.0,30,4,3,0,0,21.469363910882777,6.305738038080579,0.5457380380805777,4,4,0,0,28.36957034068174,10.222106708436202,4.4621067084362025
40.0,25.0,4,10.0,0,4,4,0,0,26.0,10.4,5.2,4,4,0,0,26.0,9.214536278554206,4.014536278554206
40.0,25.0,4,10.0,15,4,4,0,0,26.0,10.4,5.2,4,4,0,0,26.0,9.214536278554206,4.014536278554206
40.0,25.0,4,10.0,30,4,3,0,0,18.82872556499402,5.29909155899187,0.09909155899186964,4,4,0,0,25.578927507188652,9.130321779991936,3.930321779991937
40.0,25.0,4,12.0,0,4,4,0,0,23.2,9.28,4.64,4,4,0,0,23.2,8.120879916808558,3.4808799168085574
40.0,25.0,4,12.0,15,4,4,0,0,23.2,9.28,4.64,4,4,0,0,23.2,8.120879916808558,3.4808799168085574
40.0,25.0,4,12.0,30,4,3,0,0,16.188087219105263,4.292445079903162,-0.34755492009683864,4,4,0,0,22.78828467369557,8.038536851547672,3.398536851547671
40.0,25.0,6,5.0,0,4,4,0,0,32.999999999999986,13.199999999999996,6.599999999999998,4,3,1,0,32.999999999999986,6.355754860756843,-0.24424513924315436
40.0,25.0,6,5.0,15,4,4,0,0,32.999999999999986,13.199999999999996,6.599999999999998,4,3,1,0,32.999999999999986,6.355754860756843,-0.24424513924315436
40.0,25.0,6,5.0,30,4,3,0,0,25.430321429715896,7.8157077567136355,1.2157077567136376,4,3,1,0,32.55553459092134,6.266861778941115,-0.3331382210588828
40.0,25.0,6,8.0,0,4,4,0,0,28.800000000000004,11.520000000000003,5.760000000000002,4,3,1,0,28.800000000000004,4.89188891778558,-0.8681110822144213
40.0,25.0,6,8.0,15,4,4,0,0,28.800000000000004,11.520000000000003,5.760000000000002,4,3,1,0,28.800000000000004,4.89188891778558,-0.8681110822144213
40.0,25.0,6,8.0,30,4,3,0,0,21.469363910882777,6.305738038080579,0.5457380380805777,4,3,1,0,28.36957034068174,4.805802985921926,-0.9541970140780744
40.0,25.0,6,10.0,0,4,4,0,0,26.0,10.4,5.2,4,3,1,0,26.0,3.915978289138067,-1.2840217108619336
40.0,25.0,6,10.0,15,4,4,0,0,26.0,10.4,5.2,4,3,1,0,26.0,3.915978289138067,-1.2840217108619336
40.0,25.0,6,10.0,30,4,3,0,0,18.82872556499402,5.29909155899187,0.09909155899186964,4,3,1,0,25.578927507188652,3.8317637905757973,-1.368236209424203
40.0,25.0,6,12.0,0,4,4,0,0,23.2,9.28,4.64,4,3,1,0,23.2,2.9400676604905533,-1.6999323395094468
40.0,25.0,6,12.0,15,4,4,0,0,23.2,9.28,4.64,4,3,1,0,23.2,2.9400676604905533,-1.6999323395094468
40.0,25.0,6,12.0,30,4,3,0,0,16.188087219105263,4.292445079903162,-0.34755492009683864,4,3,1,0,22.78828467369557,2.8577245952296675,-1.7822754047703329
40.0,25.0,8,5.0,0,4,4,0,0,32.999999999999986,13.199999999999996,6.599999999999998,4,3,1,0,32.999999999999986,6.355754860756843,-0.24424513924315436
40.0,25.0,8,5.0,15,4,4,0,0,32.999999999999986,13.199999999999996,6.599999999999998,4,3,1,0,32.999999999999986,6.520247477666699,-0.07975252233329827
40.0,25.0,8,5.0,30,4,3,0,0,25.430321429715896,7.8157077567136355,1.2157077567136376,4,3,1,0,32.55553459092134,5.766513860037867,-0.8334861399621304
40.0,25.0,8,8.0,0,4,4,0,0,28.800000000000004,11.520000000000003,5.760000000000002,4,3,1,0,28.800000000000004,4.89188891778558,-0.8681110822144213
40.0,25.0,8,8.0,15,4,4,0,0,28.800000000000004,11.520000000000003,5.760000000000002,4,3,1,0,28.800000000000004,5.051187031003546,-0.7088129689964554
40.0,25.0,8,8.0,30,4,3,0,0,21.469363910882777,6.305738038080579,0.5457380380805777,4,3,1,0,28.36957034068174,4.321255527615622,-1.4387444723843783
40.0,25.0,8,10.0,0,4,4,0,0,26.0,10.4,5.2,4,3,1,0,26.0,3.915978289138067,-1.2840217108619336
40.0,25.0,8,10.0,15,4,4,0,0,26.0,10.4,5.2,4,3,1,0,26.0,4.071813399894771,-1.1281866001052288
40.0,25.0,8,10.0,30,4,3,0,0,18.82872556499402,5.29909155899187,0.09909155899186964,4,3,1,0,25.578927507188652,3.357749972667456,-1.8422500273325442
40.0,25.0,8,12.0,0,4,4,0,0,23.2,9.28,4.64,4,3,1,0,23.2,2.9400676604905533,-1.6999323395094468
40.0,25.0,8,12.0,15,4,4,0,0,23.2,9.28,4.64,4,3,1,0,23.2,3.0924397687859986,-1.5475602312140015
40.0,25.0,8,12.0,30,4,3,0,0,16.188087219105263,4.292445079903162,-0.34755492009683864,4,3,1,0,22.78828467369557,2.3942444177192903,-2.2457555822807094
40.0,30.0,2,5.0,0,4,4,0,0,32.999999999999986,9.911163243039725,3.311163243039728,4,4,0,0,32.999999999999986,12.32588376362692,5.725883763626922
40.0,30.0,2,5.0,15,4,4,0,0,31.685951638896015,9.648353570818932,3.311163243039728,4,4,0,0,32.999999999999986,12.32588376362692,5.725883763626922
40.0,30.0,2,5.0,30,4,3,0,0,15.241767854094666,5.777997041589389,2.4668337985496613,4,4,0,0,32.55553459092134,12.236990681811191,5.636990681811195
40.0,30.0,2,8.0,0,4,3,0,0,28.800000000000004,8.335021245891108,2.5750212458911075,4,4,0,0,28.800000000000004,10.673487434249234,4.913487434249234
40.0,30.0,2,8.0,15,4,3,0,0,27.52744790293089,8.080510826477285,2.5750212458911075,4,4,0,0,28.800000000000004,10.673487434249234,4.913487434249234
40.0,30.0,2,8.0,30,4,2,0,0,11.602554132386423,4.332376082381308,1.7573548364902003,4,4,0,0,28.36957034068174,10.587401502385582,4.82740150238558
40.0,30.0,2,10.0,0,4,3,0,0,26.0,7.2842599144586915,2.0842599144586913,4,4,0,0,26.0,9.571889881330774,4.371889881330772
40.0,30.0,2,10.0,15,4,3,0,0,24.755112078954134,7.035282330249519,2.0842599144586913,4,4,0,0,26.0,9.571889881330774,4.371889881330772
40.0,30.0,2,10.0,30,4,2,0,0,9.17641165124759,3.3686287762425837,1.2843688617838922,4,4,0,0,25.578927507188652,9.487675382768504,4.287675382768503
40.0,30.0,2,12.0,0,4,3,0,0,23.2,6.233498583026277,1.5934985830262762,4,4,0,0,23.2,8.470292328412311,3.8302923284123107
40.0,30.0,2,12.0,15,4,3,0,0,21.982776254977377,5.990053834021753,1.5934985830262762,4,4,0,0,23.2,8.470292328412311,3.8302923284123107
40.0,30.0,2,12.0,30,4,2,0,0,6.7502691701087585,2.4048814701038603,0.8113828870775843,4,4,0,0,22.78828467369557,8.387949263151425,3.747949263151425
40.0,30.0,3,5.0,0,4,4,0,0,32.999999999999986,11.03060565799649,4.430605657996494,4,4,0,0,32.999999999999986,11.771414714665013,5.171414714665016
40.0,30.0,3,5.0,15,4,4,0,0,32.999999999999986,11.03060565799649,4.430605657996494,4,4,0,0,32.999999999999986,11.771414714665013,5.171414714665016
40.0,30.0,3,5.0,30,4,3,0,0,14.58334971969838,5.646313414710132,1.2157077567136376,4,4,0,0,32.55553459092134,11.682521632849285,5.082521632849287
40.0,30.0,3,8.0,0,4,4,0,0,28.800000000000004,9.419112847743975,3.6591128477439754,4,4,0,0,28.800000000000004,10.136527934201915,4.3765279342019126
40.0,30.0,3,8.0,15,4,4,0,0,28.800000000000004,9.419112847743975,3.6591128477439754,4,4,0,0,28.800000000000004,10.136527934201915,4.3765279342019126
40.0,30.0,3,8.0,30,4,3,0,0,10.964928149602649,4.204850885824553,0.5457380380805777,4,4,0,0,28.36957034068174,10.05044200233826,4.29044200233826
40.0,30.0,3,10.0,0,4,4,0,0,26.0,8.344784307575628,3.1447843075756277,4,4,0,0,26.0,9.046603413893175,3.846603413893175
40.0,30.0,3,10.0,15,4,4,0,0,26.0,8.344784307575628,3.1447843075756277,4,4,0,0,26.0,9.046603413893175,3.846603413893175
40.0,30.0,3,10.0,30,4,3,0,0,8.552647102872157,3.243875866567498,0.09909155899186964,4,4,0,0,25.578927507188652,8.962388915330905,3.7623889153309054
40.0,30.0,3,12.0,0,4,4,0,0,23.2,7.270455767407279,2.6304557674072786,4,4,0,0,23.2,7.956678893584438,3.3166788935844376
40.0,30.0,3,12.0,15,4,4,0,0,23.2,7.270455767407279,2.6304557674072786,4,4,0,0,23.2,7.956678893584438,3.3166788935844376
40.0,30.0,3,12.0,30,4,3,0,0,6.140366056141655,2.2829008473104397,-0.34755492009683864,4,4,0,0,22.78828467369557,7.874335828323551,3.2343358283235517
40.0,30.0,4,5.0,0,4,4,0,0,32.999999999999986,13.199999999999996,6.599999999999998,4,4,0,0,32.999999999999986,11.948677182918324,5.348677182918327
40.0,30.0,4,5.0,15,4,4,0,0,32.999999999999986,13.199999999999996,6.599999999999998,4,4,0,0,32.999999999999986,11.948677182918324,5.348677182918327
40.0,30.0,4,5.0,30,4,3,0,0,25.430321429715896,7.8157077567136355,1.2157077567136376,4,4,0,0,32.55553459092134,11.859784101102598,5.259784101102599
40.0,30.0,4,8.0,0,4,4,0,0,28.800000000000004,11.520000000000003,5.760000000000002,4,4,0,0,28.800000000000004,10.308192640299858,4.548192640299855
40.0,30.0,4,8.0,15,4,4,0,0,28.800000000000004,11.520000000000003,5.760000000000002,4,4,0,0,28.800000000000004,10.308192640299858,4.548192640299855
40.0,30.0,4,8.0,30,4,3,0,0,21.469363910882777,6.305738038080579,0.5457380380805777,4,4,0,0,28.36957034068174,10.222106708436202,4.4621067084362025
40.0,30.0,4,10.0,0,4,4,0,0,26.0,10.4,5.2,4,4,0,0,26.0,9.214536278554206,4.014536278554206
40.0,30.0,4,10.0,15,4,4,0,0,26.0,10.4,5.2,4,4,0,0,26.0,9.214536278554206,4.014536278554206
40.0,30.0,4,10.0,30,4,3,0,0,18.82872556499402,5.29909155899187,0.09909155899186964,4,4,0,0,25.578927507188652,9.130321779991936,3.930321779991937
40.0,30.0,4,12.0,0,4,4,0,0,23.2,9.28,4.64,4,4,0,0,23.2,8.120879916808558,3.4808799168085574
40.0,30.0,4,12.0,15,4,4,0,0,23.2,9.28,4.64,4,4,0,0,23.2,8.120879916808558,3.4808799168085574
40.0,30.0,4,12.0,30,4,3,0,0,16.188087219105263,4.292445079903162,-0.34755492009683864,4,4,0,0,22.78828467369557,8.038536851547672,3.398536851547671
40.0,30.0,6,5.0,0,4,4,0,0,32.999999999999986,13.199999999999996,6.599999999999998,4,3,1,0,32.999999999999986,6.355754860756843,-0.24424513924315436
40.0,30.0,6,5.0,15,4,4,0,0,32.999999999999986,13.199999999999996,6.599999999999998,4,3,1,0,32.999999999999986,6.355754860756843,-0.24424513924315436
40.0,30.0,6,5.0,30,4,3,0,0,25.430321429715896,7.8157077567136355,1.2157077567136376,4,3,1,0,32.55553459092134,6.266861778941115,-0.3331382210588828
40.0,30.0,6,8.0,0,4,4,0,0,28.800000000000004,11.520000000000003,5.760000000000002,4,3,1,0,28.800000000000004,4.89188891778558,-0.8681110822144213
40.0,30.0,6,8.0,15,4,4,0,0,28.800000000000004,11.520000000000003,5.760000000000002,4,3,1,0,28.800000000000004,4.89188891778558,-0.8681110822144213
40.0,30.0,6,8.0,30,4,3,0,0,21.469363910882777,6.305738038080579,0.5457380380805777,4,3,1,0,28.36957034068174,4.805802985921926,-0.9541970140780744
40.0,30.0,6,10.0,0,4,4,0,0,26.0,10.4,5.2,4,3,1,0,26.0,3.915978289138067,-1.2840217108619336
40.0,30.0,6,10.0,15,4,4,0,0,26.0,10.4,5.2,4,3,1,0,26.0,3.915978289138067,-1.2840217108619336
40.0,30.0,6,10.0,30,4,3,0,0,18.82872556499402,5.29909155899187,0.09909155899186964,4,3,1,0,25.578927507188652,3.8317637905757973,-1.368236209424203
40.0,30.0,6,12.0,0,4,4,0,0,23.2,9.28,4.64,4,3,1,0,23.2,2.9400676604905533,-1.6999323395094468
40.0,30.0,6,12.0,15,4,4,0,0,23.2,9.28,4.64,4,3,1,0,23.2,2.9400676604905533,-1.6999323395094468
40.0,30.0,6,12.0,30,4,3,0,0,16.188087219105263,4.292445079903162,-0.34755492009683864,4,3,1,0,22.78828467369557,2.8577245952296675,-1.7822754047703329
40.0,30.0,8,5.0,0,4,4,0,0,32.999999999999986,13.199999999999996,6.599999999999998,4,3,1,0,32.999999999999986,6.355754860756843,-0.24424513924315436
40.0,30.0,8,5.0,15,4,4,0,0,32.999999999999986,13.199999999999996,6.599999999999998,4,3,1,0,32.999999999999986,6.520247477666699,-0.07975252233329827
40.0,30.0,8,5.0,30,4,3,0,0,25.430321429715896,7.8157077567136355,1.2157077567136376,4,3,1,0,32.55553459092134,5.766513860037867,-0.8334861399621304
40.0,30.0,8,8.0,0,4,4,0,0,28.800000000000004,11.520000000000003,5.760000000000002,4,3,1,0,28.800000000000004,4.89188891778558,-0.8681110822144213
40.0,30.0,8,8.0,15,4,4,0,0,28.800000000000004,11.520000000000003,5.760000000000002,4,3,1,0,28.800000000000004,5.051187031003546,-0.7088129689964554
40.0,30.0,8,8.0,30,4,3,0,0,21.469363910882777,6.305738038080579,0.5457380380805777,4,3,1,0,28.36957034068174,4.321255527615622,-1.4387444723843783
40.0,30.0,8,10.0,0,4,4,0,0,26.0,10.4,5.2,4,3,1,0,26.0,3.915978289138067,-1.2840217108619336
40.0,30.0,8,10.0,15,4,4,0,0,26.0,10.4,5.2,4,3,1,0,26.0,4.071813399894771,-1.1281866001052288
40.0,30.0,8,10.0,30,4,3,0,0,18.82872556499402,5.29909155899187,0.09909155899186964,4,3,1,0,25.578927507188652,3.357749972667456,-1.8422500273325442
40.0,30.0,8,12.0,0,4,4,0,0,23.2,9.28,4.64,4,3,1,0,23.2,2.9400676604905533,-1.6999323395094468
40.0,30.0,8,12.0,15,4,4,0,0,23.2,9.28,4.64,4,3,1,0,23.2,3.0924397687859986,-1.5475602312140015
40.0,30.0,8,12.0,30,4,3,0,0,16.188087219105263,4.292445079903162,-0.34755492009683864,4,3,1,0,22.78828467369557,2.3942444177192903,-2.2457555822807094
45.0,15.0,2,5.0,0,4,3,1,0,34.060951638896015,8.662190327779204,1.8499999999999994,4,3,1,0,28.721237005590538,7.5287294987440525,0.435365861252869
45.0,15.0,2,5.0,15,4,3,1,0,33.01606326950524,8.453212653901048,1.8499999999999994,4,3,1,0,28.721237005590538,7.594247401118107,0.5008837636269238
45.0,15.0,2,5.0,30,4,2,1,0,12.334168992748307,4.316833798549661,1.8499999999999994,4,3,1,0,28.721237005590538,7.594247401118107,0.5008837636269238
45.0,15.0,2,8.0,0,4,3,1,0,29.827447902930892,7.12548958058618,1.1600000000000008,4,3,1,0,24.65635583699295,6.027822251415298,-0.2099614817340612
45.0,15.0,2,8.0,15,4,3,1,0,28.815556008362975,6.923111201672596,1.1600000000000008,4,3,1,0,24.65635583699295,6.091271167398592,-0.14651256575076702
45.0,15.0,2,8.0,30,4,2,1,0,8.786774182451001,2.917354836490201,1.1600000000000008,4,3,1,0,24.65635583699295,6.091271167398592,-0.14651256575076702
45.0,15.0,2,10.0,0,4,3,1,0,27.005112078954127,6.101022415790825,0.6999999999999993,4,3,1,0,21.946435057927893,5.02721741986279,-0.6401797103920149
45.0,15.0,2,10.0,15,4,3,1,0,26.01521783426812,5.903043566853624,0.6999999999999993,4,3,1,0,21.946435057927893,5.0892870115855775,-0.5781101186692276
45.0,15.0,2,10.0,30,4,2,1,0,6.421844308919461,1.9843688617838915,0.6999999999999993,4,3,1,0,21.946435057927893,5.0892870115855775,-0.5781101186692276
45.0,15.0,2,12.0,0,4,3,1,0,24.182776254977377,5.076555250995476,0.2400000000000002,4,3,1,0,19.236514278862828,4.026612588310284,-1.0703979390499707
45.0,15.0,2,12.0,15,4,3,1,0,23.21487966017328,4.8829759320346575,0.2400000000000002,4,3,1,0,19.236514278862828,4.087302855772565,-1.0097076715876896
45.0,15.0,2,12.0,30,4,2,1,0,4.056914435387921,1.0513828870775848,0.2400000000000002,4,3,1,0,19.236514278862828,4.087302855772565,-1.0097076715876896
45.0,15.0,3,5.0,0,4,3,1,0,35.498643826416064,8.949728765283211,1.8499999999999994,4,3,1,0,28.232073573325078,7.43089681229096,-0.1191031877090385
45.0,15.0,3,5.0,15,4,3,1,0,34.45375545702528,8.740751091405057,1.8499999999999994,4,3,1,0,28.232073573325078,7.496414714665015,-0.053585285334983725
45.0,15.0,3,5.0,30,4,2,1,0,13.771861180268353,4.60437223605367,1.8499999999999994,4,3,1,0,28.232073573325078,7.496414714665015,-0.053585285334983725
45.0,15.0,3,8.0,0,4,3,1,0,31.219739284529258,7.403947856905853,1.1600000000000008,4,3,1,0,24.182639671009564,5.933079018218621,-0.7469209817813817
45.0,15.0,3,8.0,15,4,3,1,0,30.20784738996134,7.201569477992269,1.1600000000000008,4,3,1,0,24.182639671009564,5.996527934201914,-0.6834720657980875
45.0,15.0,3,8.0,30,4,2,1,0,10.179065564049367,3.1958131128098746,1.1600000000000008,4,3,1,0,24.182639671009564,5.996527934201914,-0.6834720657980875
45.0,15.0,3,10.0,0,4,3,1,0,28.367136256604695,6.373427251320939,0.6999999999999993,4,3,1,0,21.48301706946587,4.934533822170386,-1.1654661778296127
45.0,15.0,3,10.0,15,4,3,1,0,27.37724201191869,6.175448402383737,0.6999999999999993,4,3,1,0,21.48301706946587,4.996603413893173,-1.1033965861068253
45.0,15.0,3,10.0,30,4,2,1,0,7.783868486570029,2.256773697314005,0.6999999999999993,4,3,1,0,21.48301706946587,4.996603413893173,-1.1033965861068253
45.0,15.0,3,12.0,0,4,3,1,0,25.514533228680158,5.342906645736033,0.2400000000000002,4,3,1,0,18.783394467922186,3.935988626122157,-1.5840113738778439
45.0,15.0,3,12.0,15,4,3,1,0,24.546636633876062,5.1493273267752135,0.2400000000000002,4,3,1,0,18.783394467922186,3.9966788935844377,-1.5233211064155627
45.0,15.0,3,12.0,30,4,2,1,0,5.3886714090907,1.3177342818181403,0.2400000000000002,4,3,1,0,18.783394467922186,3.9966788935844377,-1.5233211064155627
45.0,15.0,4,5.0,0,4,3,1,0,37.74999999999999,9.399999999999997,1.8499999999999994,4,3,1,0,29.118385914591638,7.608159280544273,0.05815928054427353
45.0,15.0,4,5.0,15,4,3,1,0,36.70511163060921,9.191022326121843,1.8499999999999994,4,3,1,0,29.118385914591638,7.673677182918327,0.1236771829183283
45.0,15.0,4,5.0,30,4,2,1,0,16.02321735385228,5.054643470770456,1.8499999999999994,4,3,1,0,29.118385914591638,7.673677182918327,0.1236771829183283
45.0,15.0,4,8.0,0,4,3,1,0,33.400000000000006,7.8400000000000025,1.1600000000000008,4,3,1,0,25.040963201499277,6.104743724316563,-0.5752562756834391
45.0,15.0,4,8.0,15,4,3,1,0,32.38810810543209,7.637621621086419,1.1600000000000008,4,3,1,0,25.040963201499277,6.168192640299857,-0.5118073597001448
45.0,15.0,4,8.0,30,4,2,1,0,12.359326279520115,3.631865255904024,1.1600000000000008,4,3,1,0,25.040963201499277,6.168192640299857,-0.5118073597001448
45.0,15.0,4,10.0,0,4,3,1,0,30.499999999999993,6.799999999999997,0.6999999999999993,4,3,1,0,22.322681392771024,5.102466686831417,-0.9975333131685815
45.0,15.0,4,10.0,15,4,3,1,0,29.510105755313987,6.6020211510627975,0.6999999999999993,4,3,1,0,22.322681392771024,5.1645362785542055,-0.9354637214457941
45.0,15.0,4,10.0,30,4,2,1,0,9.916732229965325,2.6833464459930645,0.6999999999999993,4,3,1,0,22.322681392771024,5.1645362785542055,-0.9354637214457941
45.0,15.0,4,12.0,0,4,3,1,0,27.6,5.760000000000002,0.2400000000000002,4,3,1,0,19.60439958404279,4.100189649346276,-1.419810350653724
45.0,15.0,4,12.0,15,4,3,1,0,26.632103405195906,5.566420681039182,0.2400000000000002,4,3,1,0,19.60439958404279,4.160879916808557,-1.359120083191443
45.0,15.0,4,12.0,30,4,2,1,0,7.474138180410544,1.7348276360821089,0.2400000000000002,4,3,1,0,19.60439958404279,4.160879916808557,-1.359120083191443
45.0,15.0,6,5.0,0,4,3,1,0,37.74999999999999,9.399999999999997,1.8499999999999994,4,2,2,0,8.922410488129723,3.52009793035555,-4.029902069644449
45.0,15.0,6,5.0,15,4,3,1,0,36.70511163060921,9.191022326121843,1.8499999999999994,4,2,2,0,9.249999999999996,3.428760251671017,-4.121239748328982
45.0,15.0,6,5.0,30,4,2,1,0,16.02321735385228,5.054643470770456,1.8499999999999994,4,2,2,0,9.249999999999996,3.132746465338762,-4.417253534661237
45.0,15.0,6,8.0,0,4,3,1,0,33.400000000000006,7.8400000000000025,1.1600000000000008,4,2,2,0,5.482755420083533,2.145779048344326,-4.5342209516556755
45.0,15.0,6,8.0,15,4,3,1,0,32.38810810543209,7.637621621086419,1.1600000000000008,4,2,2,0,5.800000000000004,2.057325717407725,-4.622674282592277
45.0,15.0,6,8.0,30,4,2,1,0,12.359326279520115,3.631865255904024,1.1600000000000008,4,2,2,0,5.800000000000004,1.7706597348543838,-4.909340265145618
45.0,15.0,6,10.0,0,4,3,1,0,30.499999999999993,6.799999999999997,0.6999999999999993,4,2,2,0,3.1896520413860596,1.2295664603368384,-4.870433539663161
45.0,15.0,6,10.0,15,4,3,1,0,29.510105755313987,6.6020211510627975,0.6999999999999993,4,2,2,0,3.4999999999999964,1.1430360278988587,-4.95696397210114
45.0,15.0,6,10.0,30,4,2,1,0,9.916732229965325,2.6833464459930645,0.6999999999999993,4,2,2,0,3.4999999999999964,0.8626019145314601,-5.237398085468539
45.0,15.0,6,12.0,0,4,3,1,0,27.6,5.760000000000002,0.2400000000000002,4,2,2,0,0.8965486626885948,0.3133538723293537,-5.206646127670647
45.0,15.0,6,12.0,15,4,3,1,0,26.632103405195906,5.566420681039182,0.2400000000000002,4,2,2,0,1.200000000000001,0.22874633838999686,-5.291253661610003
45.0,15.0,6,12.0,30,4,2,1,0,7.474138180410544,1.7348276360821089,0.2400000000000002,4,2,2,0,1.200000000000001,-0.045455905791460444,-5.565455905791461
45.0,15.0,8,5.0,0,4,3,1,0,37.74999999999999,9.399999999999997,1.8499999999999994,4,2,2,0,8.922410488129723,3.52009793035555,-4.029902069644449
45.0,15.0,8,5.0,15,4,3,1,0,36.70511163060921,9.191022326121843,1.8499999999999994,4,2,2,0,9.249999999999996,3.428760251671017,-4.121239748328982
45.0,15.0,8,5.0,30,4,2,1,0,16.02321735385228,5.054643470770456,1.8499999999999994,4,2,2,0,9.249999999999996,3.132746465338762,-4.417253534661237
45.0,15.0,8,8.0,0,4,3,1,0,33.400000000000006,7.8400000000000025,1.1600000000000008,4,2,2,0,5.482755420083533,2.145779048344326,-4.5342209516556755
45.0,15.0,8,8.0,15,4,3,1,0,32.38810810543209,7.637621621086419,1.1600000000000008,4,2,2,0,5.800000000000004,2.057325717407725,-4.622674282592277
45.0,15.0,8,8.0,30,4,2,1,0,12.359326279520115,3.631865255904024,1.1600000000000008,4,2,2,0,5.800000000000004,1.7706597348543838,-4.909340265145618
45.0,15.0,8,10.0,0,4,3,1,0,30.499999999999993,6.799999999999997,0.6999999999999993,4,2,2,0,3.1896520413860596,1.2295664603368384,-4.870433539663161
45.0,15.0,8,10.0,15,4,3,1,0,29.510105755313987,6.6020211510627975,0.6999999999999993,4,2,2,0,3.4999999999999964,1.1430360278988587,-4.95696397210114
45.0,15.0,8,10.0,30,4,2,1,0,9.916732229965325,2.6833464459930645,0.6999999999999993,4,2,2,0,3.4999999999999964,0.8626019145314601,-5.237398085468539
45.0,15.0,8,12.0,0,4,3,1,0,27.6,5.760000000000002,0.2400000000000002,4,2,2,0,0.8965486626885948,0.3133538723293537,-5.206646127670647
45.0,15.0,8,12.0,15,4,3,1,0,26.632103405195906,5.566420681039182,0.2400000000000002,4,2,2,0,1.200000000000001,0.22874633838999686,-5.291253661610003
45.0,15.0,8,12.0,30,4,2,1,0,7.474138180410544,1.7348276360821089,0.2400000000000002,4,2,2,0,1.200000000000001,-0.045455905791460444,-5.565455905791461
45.0,18.0,2,5.0,0,4,4,0,0,34.060951638896015,10.598353570818933,3.786163243039729,4,3,1,0,28.721237005590538,7.309247401118107,0.21588376362692402
45.0,18.0,2,5.0,15,4,4,0,0,33.01606326950524,10.389375896940777,3.786163243039729,4,3,1,0,28.721237005590538,7.309247401118107,0.21588376362692402
45.0,18.0,2,5.0,30,4,3,0,0,15.241767854094666,6.25299704158939,2.4668337985496613,4,3,1,0,28.721237005590538,7.309247401118107,0.21588376362692402
45.0,18.0,2,8.0,0,4,3,0,0,29.827447902930892,9.000510826477287,3.0350212458911074,4,3,1,0,24.65635583699295,5.815271167398592,-0.42251256575076646
45.0,18.0,2,8.0,15,4,3,0,0,28.815556008362975,8.798132447563702,3.0350212458911074,4,3,1,0,24.65635583699295,5.815271167398592,-0.42251256575076646
45.0,18.0,2,8.0,30,4,2,0,0,11.602554132386423,4.792376082381308,1.7573548364902003,4,3,1,0,24.65635583699295,5.815271167398592,-0.42251256575076646
45.0,18.0,2,10.0,0,4,3,0,0,27.005112078954127,7.935282330249516,2.5342599144586906,4,3,1,0,21.946435057927893,4.819287011585579,-0.8481101186692265
45.0,18.0,2,10.0,15,4,3,0,0,26.01521783426812,7.737303481312316,2.5342599144586906,4,3,1,0,21.946435057927893,4.819287011585579,-0.8481101186692265
45.0,18.0,2,10.0,30,4,2,0,0,9.17641165124759,3.818628776242583,1.2843688617838922,4,3,1,0,21.946435057927893,4.819287011585579,-0.8481101186692265
45.0,18.0,2,12.0,0,4,3,0,0,24.182776254977377,6.8700538340217525,2.0334985830262764,4,3,1,0,19.236514278862828,3.8233028557725657,-1.2737076715876894
45.0,18.0,2,12.0,15,4,3,0,0,23.21487966017328,6.6764745150609315,2.0334985830262764,4,3,1,0,19.236514278862828,3.8233028557725657,-1.2737076715876894
45.0,18.0,2,12.0,30,4,2,0,0,6.7502691701087585,2.8448814701038607,0.8113828870775843,4,3,1,0,19.236514278862828,3.8233028557725657,-1.2737076715876894
45.0,18.0,3,5.0,0,4,4,0,0,35.498643826416064,12.00533442327971,4.905605657996495,4,3,1,0,28.232073573325078,7.211414714665016,-0.33858528533498355
45.0,18.0,3,5.0,15,4,4,0,0,34.45375545702528,11.796356749401552,4.905605657996495,4,3,1,0,28.232073573325078,7.211414714665016,-0.33858528533498355
45.0,18.0,3,5.0,30,4,3,0,0,22.276672116398544,7.659977894050165,2.754372236053671,4,3,1,0,28.232073573325078,7.211414714665016,-0.33858528533498355
45.0,18.0,3,8.0,0,4,4,0,0,31.219739284529258,10.363060704649827,4.119112847743976,4,3,1,0,24.182639671009564,5.7205279342019155,-0.9594720657980869
45.0,18.0,3,8.0,15,4,4,0,0,30.20784738996134,10.160682325736245,4.119112847743976,4,3,1,0,24.182639671009564,5.7205279342019155,-0.9594720657980869
45.0,18.0,3,8.0,30,4,3,0,0,18.41530352324913,6.154925960553848,2.0358131128098735,4,3,1,0,24.182639671009564,5.7205279342019155,-0.9594720657980869
45.0,18.0,3,10.0,0,4,4,0,0,28.367136256604695,9.268211558896565,3.594784307575627,4,3,1,0,21.48301706946587,4.726603413893175,-1.3733965861068242
45.0,18.0,3,10.0,15,4,4,0,0,27.37724201191869,9.070232709959365,3.594784307575627,4,3,1,0,21.48301706946587,4.726603413893175,-1.3733965861068242
45.0,18.0,3,10.0,30,4,3,0,0,15.841057794482838,5.151558004889633,1.5567736973140058,4,3,1,0,21.48301706946587,4.726603413893175,-1.3733965861068242
45.0,18.0,3,12.0,0,4,4,0,0,25.514533228680158,8.173362413143309,3.0704557674072785,4,3,1,0,18.783394467922186,3.7326788935844384,-1.7873211064155623
45.0,18.0,3,12.0,15,4,4,0,0,24.546636633876062,7.979783094182491,3.0704557674072785,4,3,1,0,18.783394467922186,3.7326788935844384,-1.7873211064155623
45.0,18.0,3,12.0,30,4,3,0,0,13.266812065716548,4.148190049225419,1.0777342818181401,4,3,1,0,18.783394467922186,3.7326788935844384,-1.7873211064155623
45.0,18.0,4,5.0,0,4,4,0,0,37.74999999999999,15.099999999999998,7.549999999999999,4,3,1,0,29.118385914591638,7.388677182918328,-0.1613228170816715
45.0,18.0,4,5.0,15,4,4,0,0,37.74999999999999,14.891022326121842,7.341022326121842,4,3,1,0,29.118385914591638,7.388677182918328,-0.1613228170816715
45.0,18.0,4,5.0,30,4,3,0,0,37.74999999999999,10.754643470770455,3.2046434707704563,4,3,1,0,29.118385914591638,7.388677182918328,-0.1613228170816715
45.0,18.0,4,8.0,0,4,4,0,0,33.400000000000006,13.360000000000003,6.6800000000000015,4,3,1,0,25.040963201499277,5.892192640299858,-0.7878073597001443
45.0,18.0,4,8.0,15,4,4,0,0,33.400000000000006,13.157621621086419,6.477621621086418,4,3,1,0,25.040963201499277,5.892192640299858,-0.7878073597001443
45.0,18.0,4,8.0,30,4,3,0,0,33.400000000000006,9.151865255904026,2.471865255904023,4,3,1,0,25.040963201499277,5.892192640299858,-0.7878073597001443
45.0,18.0,4,10.0,0,4,4,0,0,30.499999999999993,12.199999999999998,6.099999999999999,4,3,1,0,22.322681392771024,4.894536278554206,-1.205463721445793
45.0,18.0,4,10.0,15,4,4,0,0,30.499999999999993,12.002021151062799,5.902021151062797,4,3,1,0,22.322681392771024,4.894536278554206,-1.205463721445793
45.0,18.0,4,10.0,30,4,3,0,0,30.499999999999993,8.083346445993064,1.983346445993065,4,3,1,0,22.322681392771024,4.894536278554206,-1.205463721445793
45.0,18.0,4,12.0,0,4,4,0,0,27.6,11.040000000000001,5.5200000000000005,4,3,1,0,19.60439958404279,3.8968799168085577,-1.6231200831914425
45.0,18.0,4,12.0,15,4,4,0,0,27.6,10.84642068103918,5.326420681039181,4,3,1,0,19.60439958404279,3.8968799168085577,-1.6231200831914425
45.0,18.0,4,12.0,30,4,3,0,0,27.6,7.014827636082109,1.494827636082109,4,3,1,0,19.60439958404279,3.8968799168085577,-1.6231200831914425
45.0,18.0,6,5.0,0,4,4,0,0,37.74999999999999,15.099999999999998,7.549999999999999,4,2,2,0,7.8249999999999975,3.1299999999999994,-4.42
45.0,18.0,6,5.0,15,4,4,0,0,37.74999999999999,14.891022326121842,7.341022326121842,4,2,2,0,7.8249999999999975,3.1299999999999994,-4.42
45.0,18.0,6,5.0,30,4,3,0,0,37.74999999999999,10.754643470770455,3.2046434707704563,4,2,2,0,7.8249999999999975,2.8477464653387625,-4.702253534661236
45.0,18.0,6,8.0,0,4,4,0,0,33.400000000000006,13.360000000000003,6.6800000000000015,4,2,2,0,4.420000000000007,1.7680000000000033,-4.911999999999999
45.0,18.0,6,8.0,15,4,4,0,0,33.400000000000006,13.157621621086419,6.477621621086418,4,2,2,0,4.420000000000007,1.7680000000000033,-4.911999999999999
45.0,18.0,6,8.0,30,4,3,0,0,33.400000000000006,9.151865255904026,2.471865255904023,4,2,2,0,4.420000000000007,1.4946597348543844,-5.185340265145617
45.0,18.0,6,10.0,0,4,4,0,0,30.499999999999993,12.199999999999998,6.099999999999999,4,2,2,0,2.150000000000002,0.8600000000000009,-5.239999999999998
45.0,18.0,6,10.0,15,4,4,0,0,30.499999999999993,12.002021151062799,5.902021151062797,4,2,2,0,2.150000000000002,0.8600000000000009,-5.239999999999998
45.0,18.0,6,10.0,30,4,3,0,0,30.499999999999993,8.083346445993064,1.983346445993065,4,2,2,0,2.150000000000002,0.5926019145314613,-5.507398085468537
45.0,18.0,6,12.0,0,4,4,0,0,27.6,11.040000000000001,5.5200000000000005,4,2,2,0,-0.11999999999999744,-0.04799999999999898,-5.568
45.0,18.0,6,12.0,15,4,4,0,0,27.6,10.84642068103918,5.326420681039181,4,2,2,0,-0.11999999999999744,-0.04799999999999898,-5.568
45.0,18.0,6,12.0,30,4,3,0,0,27.6,7.014827636082109,1.494827636082109,4,2,2,0,-0.11999999999999744,-0.30945590579146015,-5.829455905791461
45.0,18.0,8,5.0,0,4,4,0,0,37.74999999999999,15.099999999999998,7.549999999999999,4,2,2,0,7.8249999999999975,3.1299999999999994,-4.42
45.0,18.0,8,5.0,15,4,4,0,0,37.74999999999999,14.891022326121842,7.341022326121842,4,2,2,0,7.8249999999999975,3.1299999999999994,-4.42
45.0,18.0,8,5.0,30,4,3,0,0,37.74999999999999,10.754643470770455,3.2046434707704563,4,2,2,0,7.8249999999999975,2.8477464653387625,-4.702253534661236
45.0,18.0,8,8.0,0,4,4,0,0,33.400000000000006,13.360000000000003,6.6800000000000015,4,2,2,0,4.420000000000007,1.7680000000000033,-4.911999999999999
45.0,18.0,8,8.0,15,4,4,0,0,33.400000000000006,13.157621621086419,6.477621621086418,4,2,2,0,4.420000000000007,1.7680000000000033,-4.911999999999999
45.0,18.0,8,8.0,30,4,3,0,0,33.400000000000006,9.151865255904026,2.471865255904023,4,2,2,0,4.420000000000007,1.4946597348543844,-5.185340265145617
45.0,18.0,8,10.0,0,4,4,0,0,30.499999999999993,12.199999999999998,6.099999999999999,4,2,2,0,2.150000000000002,0.8600000000000009,-5.239999999999998
45.0,18.0,8,10.0,15,4,4,0,0,30.499999999999993,12.002021151062799,5.902021151062797,4,2,2,0,2.150000000000002,0.8600000000000009,-5.239999999999998
45.0,18.0,8,10.0,30,4,3,0,0,30.499999999999993,8.083346445993064,1.983346445993065,4,2,2,0,2.150000000000002,0.5926019145314613,-5.507398085468537
45.0,18.0,8,12.0,0,4,4,0,0,27.6,11.040000000000001,5.5200000000000005,4,2,2,0,-0.11999999999999744,-0.04799999999999898,-5.568
45.0,18.0,8,12.0,15,4,4,0,0,27.6,10.84642068103918,5.326420681039181,4,2,2,0,-0.11999999999999744,-0.04799999999999898,-5.568
45.0,18.0,8,12.0,30,4,3,0,0,27.6,7.014827636082109,1.494827636082109,4,2,2,0,-0.11999999999999744,-0.30945590579146015,-5.829455905791461
45.0,20.0,2,5.0,0,4,4,0,0,34.060951638896015,10.598353570818933,3.786163243039729,4,4,0,0,35.466818187455914,13.294247401118106,6.200883763626924
45.0,20.0,2,5.0,15,4,4,0,0,33.01606326950524,10.389375896940777,3.786163243039729,4,4,0,0,35.466818187455914,13.294247401118106,6.200883763626924
45.0,20.0,2,5.0,30,4,3,0,0,15.241767854094666,6.25299704158939,2.4668337985496613,4,4,0,0,32.64735277837727,12.730354319302377,5.636990681811195
45.0,20.0,2,8.0,0,4,3,0,0,29.827447902930892,9.000510826477287,3.0350212458911074,4,4,0,0,31.18891866574679,11.611271167398591,5.373487434249234
45.0,20.0,2,8.0,15,4,3,0,0,28.815556008362975,8.798132447563702,3.0350212458911074,4,4,0,0,31.18891866574679,11.611271167398591,5.373487434249234
45.0,20.0,2,8.0,30,4,2,0,0,11.602554132386423,4.792376082381308,1.7573548364902003,4,4,0,0,28.458489006428522,11.065185235534939,4.82740150238558
45.0,20.0,2,10.0,0,4,3,0,0,27.005112078954127,7.935282330249516,2.5342599144586906,4,4,0,0,28.336985651274027,10.489287011585578,4.8218898813307725
45.0,20.0,2,10.0,15,4,3,0,0,26.01521783426812,7.737303481312316,2.5342599144586906,4,4,0,0,28.336985651274027,10.489287011585578,4.8218898813307725
45.0,20.0,2,10.0,30,4,2,0,0,9.17641165124759,3.818628776242583,1.2843688617838922,4,4,0,0,25.665913158462683,9.955072513023309,4.287675382768503
45.0,20.0,2,12.0,0,4,3,0,0,24.182776254977377,6.8700538340217525,2.0334985830262764,4,4,0,0,25.485052636801274,9.367302855772564,4.27029232841231
45.0,20.0,2,12.0,15,4,3,0,0,23.21487966017328,6.6764745150609315,2.0334985830262764,4,4,0,0,25.485052636801274,9.367302855772564,4.27029232841231
45.0,20.0,2,12.0,30,4,2,0,0,6.7502691701087585,2.8448814701038607,0.8113828870775843,4,4,0,0,22.873337310496844,8.844959790511679,3.747949263151425
45.0,20.0,3,5.0,0,4,4,0,0,35.498643826416064,12.00533442327971,4.905605657996495,4,4,0,0,37.74999999999999,13.196414714665014,5.646414714665016
45.0,20.0,3,5.0,15,4,4,0,0,34.45375545702528,11.796356749401552,4.905605657996495,4,4,0,0,37.74999999999999,13.196414714665014,5.646414714665016
45.0,20.0,3,5.0,30,4,3,0,0,22.276672116398544,7.659977894050165,2.754372236053671,4,4,0,0,34.93053459092135,12.632521632849285,5.082521632849287
45.0,20.0,3,8.0,0,4,4,0,0,31.219739284529258,10.363060704649827,4.119112847743976,4,4,0,0,33.400000000000006,11.516527934201916,4.836527934201913
45.0,20.0,3,8.0,15,4,4,0,0,30.20784738996134,10.160682325736245,4.119112847743976,4,4,0,0,33.400000000000006,11.516527934201916,4.836527934201913
45.0,20.0,3,8.0,30,4,3,0,0,18.41530352324913,6.154925960553848,2.0358131128098735,4,4,0,0,30.669570340681737,10.970442002338261,4.29044200233826
45.0,20.0,3,10.0,0,4,4,0,0,28.367136256604695,9.268211558896565,3.594784307575627,4,4,0,0,30.499999999999993,10.396603413893173,4.296603413893174
45.0,20.0,3,10.0,15,4,4,0,0,27.37724201191869,9.070232709959365,3.594784307575627,4,4,0,0,30.499999999999993,10.396603413893173,4.296603413893174
45.0,20.0,3,10.0,30,4,3,0,0,15.841057794482838,5.151558004889633,1.5567736973140058,4,4,0,0,27.82892750718865,9.862388915330904,3.7623889153309054
45.0,20.0,3,12.0,0,4,4,0,0,25.514533228680158,8.173362413143309,3.0704557674072785,4,4,0,0,27.6,9.276678893584437,3.7566788935844375
45.0,20.0,3,12.0,15,4,4,0,0,24.546636633876062,7.979783094182491,3.0704557674072785,4,4,0,0,27.6,9.276678893584437,3.7566788935844375
45.0,20.0,3,12.0,30,4,3,0,0,13.266812065716548,4.148190049225419,1.0777342818181401,4,4,0,0,24.98828467369557,8.754335828323553,3.2343358283235517
45.0,20.0,4,5.0,0,4,4,0,0,37.74999999999999,15.099999999999998,7.549999999999999,4,4,0,0,37.74999999999999,13.373677182918327,5.823677182918328
45.0,20.0,4,5.0,15,4,4,0,0,37.74999999999999,14.891022326121842,7.341022326121842,4,4,0,0,37.74999999999999,13.373677182918327,5.823677182918328
45.0,20.0,4,5.0,30,4,3,0,0,37.74999999999999,10.754643470770455,3.2046434707704563,4,4,0,0,34.93053459092135,12.809784101102597,5.259784101102599
45.0,20.0,4,8.0,0,4,4,0,0,33.400000000000006,13.360000000000003,6.6800000000000015,4,4,0,0,33.400000000000006,11.688192640299858,5.008192640299856
45.0,20.0,4,8.0,15,4,4,0,0,33.400000000000006,13.157621621086419,6.477621621086418,4,4,0,0,33.400000000000006,11.688192640299858,5.008192640299856
45.0,20.0,4,8.0,30,4,3,0,0,33.400000000000006,9.151865255904026,2.471865255904023,4,4,0,0,30.669570340681737,11.142106708436204,4.4621067084362025
45.0,20.0,4,10.0,0,4,4,0,0,30.499999999999993,12.199999999999998,6.099999999999999,4,4,0,0,30.499999999999993,10.564536278554204,4.464536278554205
45.0,20.0,4,10.0,15,4,4,0,0,30.499999999999993,12.002021151062799,5.902021151062797,4,4,0,0,30.499999999999993,10.564536278554204,4.464536278554205
45.0,20.0,4,10.0,30,4,3,0,0,30.499999999999993,8.083346445993064,1.983346445993065,4,4,0,0,27.82892750718865,10.030321779991937,3.930321779991937
45.0,20.0,4,12.0,0,4,4,0,0,27.6,11.040000000000001,5.5200000000000005,4,4,0,0,27.6,9.440879916808559,3.9208799168085577
45.0,20.0,4,12.0,15,4,4,0,0,27.6,10.84642068103918,5.326420681039181,4,4,0,0,27.6,9.440879916808559,3.9208799168085577
45.0,20.0,4,12.0,30,4,3,0,0,27.6,7.014827636082109,1.494827636082109,4,4,0,0,24.98828467369557,8.918536851547671,3.398536851547671
45.0,20.0,6,5.0,0,4,4,0,0,37.74999999999999,15.099999999999998,7.549999999999999,4,3,1,0,37.74999999999999,8.924999999999997,1.3749999999999993
45.0,20.0,6,5.0,15,4,4,0,0,37.74999999999999,14.891022326121842,7.341022326121842,4,3,1,0,37.74999999999999,8.924999999999997,1.3749999999999993
45.0,20.0,6,5.0,30,4,3,0,0,37.74999999999999,10.754643470770455,3.2046434707704563,4,3,1,0,34.93053459092135,8.268853383523032,0.7188533835230339
45.0,20.0,6,8.0,0,4,4,0,0,33.400000000000006,13.360000000000003,6.6800000000000015,4,3,1,0,33.400000000000006,7.380000000000003,0.7000000000000015
45.0,20.0,6,8.0,15,4,4,0,0,33.400000000000006,13.157621621086419,6.477621621086418,4,3,1,0,33.400000000000006,7.380000000000003,0.7000000000000015
45.0,20.0,6,8.0,30,4,3,0,0,33.400000000000006,9.151865255904026,2.471865255904023,4,3,1,0,30.669570340681737,6.744573802990731,0.0645738029907296
45.0,20.0,6,10.0,0,4,4,0,0,30.499999999999993,12.199999999999998,6.099999999999999,4,3,1,0,30.499999999999993,6.349999999999999,0.25
45.0,20.0,6,10.0,15,4,4,0,0,30.499999999999993,12.002021151062799,5.902021151062797,4,3,1,0,30.499999999999993,6.349999999999999,0.25
45.0,20.0,6,10.0,30,4,3,0,0,30.499999999999993,8.083346445993064,1.983346445993065,4,3,1,0,27.82892750718865,5.728387415969191,-0.37161258403080843
45.0,20.0,6,12.0,0,4,4,0,0,27.6,11.040000000000001,5.5200000000000005,4,3,1,0,27.6,5.320000000000001,-0.1999999999999993
45.0,20.0,6,12.0,15,4,4,0,0,27.6,10.84642068103918,5.326420681039181,4,3,1,0,27.6,5.320000000000001,-0.1999999999999993
45.0,20.0,6,12.0,30,4,3,0,0,27.6,7.014827636082109,1.494827636082109,4,3,1,0,24.98828467369557,4.7122010289476535,-0.8077989710523469
45.0,20.0,8,5.0,0,4,4,0,0,37.74999999999999,15.099999999999998,7.549999999999999,4,3,1,0,37.74999999999999,8.924999999999997,1.3749999999999993
45.0,20.0,8,5.0,15,4,4,0,0,37.74999999999999,14.891022326121842,7.341022326121842,4,3,1,0,37.74999999999999,8.924999999999997,1.3749999999999993
45.0,20.0,8,5.0,30,4,3,0,0,37.74999999999999,10.754643470770455,3.2046434707704563,4,3,1,0,34.93053459092135,8.268853383523032,0.7188533835230339
45.0,20.0,8,8.0,0,4,4,0,0,33.400000000000006,13.360000000000003,6.6800000000000015,4,3,1,0,33.400000000000006,7.380000000000003,0.7000000000000015
45.0,20.0,8,8.0,15,4,4,0,0,33.400000000000006,13.157621621086419,6.477621621086418,4,3,1,0,33.400000000000006,7.380000000000003,0.7000000000000015
45.0,20.0,8,8.0,30,4,3,0,0,33.400000000000006,9.151865255904026,2.471865255904023,4,3,1,0,30.669570340681737,6.744573802990731,0.0645738029907296
45.0,20.0,8,10.0,0,4,4,0,0,30.499999999999993,12.199999999999998,6.099999999999999,4,3,1,0,30.499999999999993,6.349999999999999,0.25
45.0,20.0,8,10.0,15,4,4,0,0,30.499999999999993,12.002021151062799,5.902021151062797,4,3,1,0,30.499999999999993,6.349999999999999,0.25
45.0,20.0,8,10.0,30,4,3,0,0,30.499999999999993,8.083346445993064,1.983346445993065,4,3,1,0,27.82892750718865,5.728387415969191,-0.37161258403080843
45.0,20.0,8,12.0,0,4,4,0,0,27.6,11.040000000000001,5.5200000000000005,4,3,1,0,27.6,5.320000000000001,-0.1999999999999993
45.0,20.0,8,12.0,15,4,4,0,0,27.6,10.84642068103918,5.326420681039181,4,3,1,0,27.6,5.320000000000001,-0.1999999999999993
45.0,20.0,8,12.0,30,4,3,0,0,27.6,7.014827636082109,1.494827636082109,4,3,1,0,24.98828467369557,4.7122010289476535,-0.8077989710523469
45.0,22.0,2,5.0,0,4,4,0,0,34.060951638896015,10.598353570818933,3.786163243039729,4,4,0,0,35.466818187455914,13.294247401118106,6.200883763626924
45.0,22.0,2,5.0,15,4,4,0,0,33.01606326950524,10.389375896940777,3.786163243039729,4,4,0,0,35.466818187455914,13.294247401118106,6.200883763626924
45.0,22.0,2,5.0,30,4,3,0,0,15.241767854094666,6.25299704158939,2.4668337985496613,4,4,0,0,32.64735277837727,12.730354319302377,5.636990681811195
45.0,22.0,2,8.0,0,4,3,0,0,29.827447902930892,9.000510826477287,3.0350212458911074,4,4,0,0,31.18891866574679,11.611271167398591,5.373487434249234
45.0,22.0,2,8.0,15,4,3,0,0,28.815556008362975,8.798132447563702,3.0350212458911074,4,4,0,0,31.18891866574679,11.611271167398591,5.373487434249234
45.0,22.0,2,8.0,30,4,2,0,0,11.602554132386423,4.792376082381308,1.7573548364902003,4,4,0,0,28.458489006428522,11.065185235534939,4.82740150238558
45.0,22.0,2,10.0,0,4,3,0,0,27.005112078954127,7.935282330249516,2.5342599144586906,4,4,0,0,28.336985651274027,10.489287011585578,4.8218898813307725
45.0,22.0,2,10.0,15,4,3,0,0,26.01521783426812,7.737303481312316,2.5342599144586906,4,4,0,0,28.336985651274027,10.489287011585578,4.8218898813307725
45.0,22.0,2,10.0,30,4,2,0,0,9.17641165124759,3.818628776242583,1.2843688617838922,4,4,0,0,25.665913158462683,9.955072513023309,4.287675382768503
45.0,22.0,2,12.0,0,4,3,0,0,24.182776254977377,6.8700538340217525,2.0334985830262764,4,4,0,0,25.485052636801274,9.367302855772564,4.27029232841231
45.0,22.0,2,12.0,15,4,3,0,0,23.21487966017328,6.6764745150609315,2.0334985830262764,4,4,0,0,25.485052636801274,9.367302855772564,4.27029232841231
45.0,22.0,2,12.0,30,4,2,0,0,6.7502691701087585,2.8448814701038607,0.8113828870775843,4,4,0,0,22.873337310496844,8.844959790511679,3.747949263151425
45.0,22.0,3,5.0,0,4,4,0,0,35.498643826416064,12.00533442327971,4.905605657996495,4,4,0,0,37.74999999999999,13.196414714665014,5.646414714665016
45.0,22.0,3,5.0,15,4,4,0,0,34.45375545702528,11.796356749401552,4.905605657996495,4,4,0,0,37.74999999999999,13.196414714665014,5.646414714665016
45.0,22.0,3,5.0,30,4,3,0,0,22.276672116398544,7.659977894050165,2.754372236053671,4,4,0,0,34.93053459092135,12.632521632849285,5.082521632849287
45.0,22.0,3,8.0,0,4,4,0,0,31.219739284529258,10.363060704649827,4.119112847743976,4,4,0,0,33.400000000000006,11.516527934201916,4.836527934201913
45.0,22.0,3,8.0,15,4,4,0,0,30.20784738996134,10.160682325736245,4.119112847743976,4,4,0,0,33.400000000000006,11.516527934201916,4.836527934201913
45.0,22.0,3,8.0,30,4,3,0,0,18.41530352324913,6.154925960553848,2.0358131128098735,4,4,0,0,30.669570340681737,10.970442002338261,4.29044200233826
45.0,22.0,3,10.0,0,4,4,0,0,28.367136256604695,9.268211558896565,3.594784307575627,4,4,0,0,30.499999999999993,10.396603413893173,4.296603413893174
45.0,22.0,3,10.0,15,4,4,0,0,27.37724201191869,9.070232709959365,3.594784307575627,4,4,0,0,30.499999999999993,10.396603413893173,4.296603413893174
45.0,22.0,3,10.0,30,4,3,0,0,15.841057794482838,5.151558004889633,1.5567736973140058,4,4,0,0,27.82892750718865,9.862388915330904,3.7623889153309054
45.0,22.0,3,12.0,0,4,4,0,0,25.514533228680158,8.173362413143309,3.0704557674072785,4,4,0,0,27.6,9.276678893584437,3.7566788935844375
45.0,22.0,3,12.0,15,4,4,0,0,24.546636633876062,7.979783094182491,3.0704557674072785,4,4,0,0,27.6,9.276678893584437,3.7566788935844375
45.0,22.0,3,12.0,30,4,3,0,0,13.266812065716548,4.148190049225419,1.0777342818181401,4,4,0,0,24.98828467369557,8.754335828323553,3.2343358283235517
45.0,22.0,4,5.0,0,4,4,0,0,37.74999999999999,15.099999999999998,7.549999999999999,4,4,0,0,37.74999999999999,13.373677182918327,5.823677182918328
45.0,22.0,4,5.0,15,4,4,0,0,37.74999999999999,14.891022326121842,7.341022326121842,4,4,0,0,37.74999999999999,13.373677182918327,5.823677182918328
45.0,22.0,4,5.0,30,4,3,0,0,37.74999999999999,10.754643470770455,3.2046434707704563,4,4,0,0,34.93053459092135,12.809784101102597,5.259784101102599
45.0,22.0,4,8.0,0,4,4,0,0,33.400000000000006,13.360000000000003,6.6800000000000015,4,4,0,0,33.400000000000006,11.688192640299858,5.008192640299856
45.0,22.0,4,8.0,15,4,4,0,0,33.400000000000006,13.157621621086419,6.477621621086418,4,4,0,0,33.400000000000006,11.688192640299858,5.008192640299856
45.0,22.0,4,8.0,30,4,3,0,0,33.400000000000006,9.151865255904026,2.471865255904023,4,4,0,0,30.669570340681737,11.142106708436204,4.4621067084362025
45.0,22.0,4,10.0,0,4,4,0,0,30.499999999999993,12.199999999999998,6.099999999999999,4,4,0,0,30.499999999999993,10.564536278554204,4.464536278554205
45.0,22.0,4,10.0,15,4,4,0,0,30.499999999999993,12.002021151062799,5.902021151062797,4,4,0,0,30.499999999999993,10.564536278554204,4.464536278554205
45.0,22.0,4,10.0,30,4,3,0,0,30.499999999999993,8.083346445993064,1.983346445993065,4,4,0,0,27.82892750718865,10.030321779991937,3.930321779991937
45.0,22.0,4,12.0,0,4,4,0,0,27.6,11.040000000000001,5.5200000000000005,4,4,0,0,27.6,9.440879916808559,3.9208799168085577
45.0,22.0,4,12.0,15,4,4,0,0,27.6,10.84642068103918,5.326420681039181,4,4,0,0,27.6,9.440879916808559,3.9208799168085577
45.0,22.0,4,12.0,30,4,3,0,0,27.6,7.014827636082109,1.494827636082109,4,4,0,0,24.98828467369557,8.918536851547671,3.398536851547671
45.0,22.0,6,5.0,0,4,4,0,0,37.74999999999999,15.099999999999998,7.549999999999999,4,3,1,0,37.74999999999999,7.780754860756845,0.23075486075684637
45.0,22.0,6,5.0,15,4,4,0,0,37.74999999999999,14.891022326121842,7.341022326121842,4,3,1,0,37.74999999999999,7.780754860756845,0.23075486075684637
45.0,22.0,6,5.0,30,4,3,0,0,37.74999999999999,10.754643470770455,3.2046434707704563,4,3,1,0,34.93053459092135,7.216861778941116,-0.3331382210588828
45.0,22.0,6,8.0,0,4,4,0,0,33.400000000000006,13.360000000000003,6.6800000000000015,4,3,1,0,33.400000000000006,6.2718889177855806,-0.40811108221442116
45.0,22.0,6,8.0,15,4,4,0,0,33.400000000000006,13.157621621086419,6.477621621086418,4,3,1,0,33.400000000000006,6.2718889177855806,-0.40811108221442116
45.0,22.0,6,8.0,30,4,3,0,0,33.400000000000006,9.151865255904026,2.471865255904023,4,3,1,0,30.669570340681737,5.725802985921927,-0.9541970140780744
45.0,22.0,6,10.0,0,4,4,0,0,30.499999999999993,12.199999999999998,6.099999999999999,4,3,1,0,30.499999999999993,5.265978289138065,-0.8340217108619342
45.0,22.0,6,10.0,15,4,4,0,0,30.499999999999993,12.002021151062799,5.902021151062797,4,3,1,0,30.499999999999993,5.265978289138065,-0.8340217108619342
45.0,22.0,6,10.0,30,4,3,0,0,30.499999999999993,8.083346445993064,1.983346445993065,4,3,1,0,27.82892750718865,4.731763790575796,-1.368236209424203
45.0,22.0,6,12.0,0,4,4,0,0,27.6,11.040000000000001,5.5200000000000005,4,3,1,0,27.6,4.260067660490554,-1.2599323395094466
45.0,22.0,6,12.0,15,4,4,0,0,27.6,10.84642068103918,5.326420681039181,4,3,1,0,27.6,4.260067660490554,-1.2599323395094466
45.0,22.0,6,12.0,30,4,3,0,0,27.6,7.014827636082109,1.494827636082109,4,3,1,0,24.98828467369557,3.737724595229668,-1.7822754047703329
45.0,22.0,8,5.0,0,4,4,0,0,37.74999999999999,15.099999999999998,7.549999999999999,4,3,1,0,37.74999999999999,7.780754860756845,0.23075486075684637
45.0,22.0,8,5.0,15,4,4,0,0,37.74999999999999,14.891022326121842,7.341022326121842,4,3,1,0,37.74999999999999,7.945247477666701,0.3952474776667025
45.0,22.0,8,5.0,30,4,3,0,0,37.74999999999999,10.754643470770455,3.2046434707704563,4,3,1,0,34.93053459092135,6.716513860037868,-0.8334861399621304
45.0,22.0,8,8.0,0,4,4,0,0,33.400000000000006,13.360000000000003,6.6800000000000015,4,3,1,0,33.400000000000006,6.2718889177855806,-0.40811108221442116
45.0,22.0,8,8.0,15,4,4,0,0,33.400000000000006,13.157621621086419,6.477621621086418,4,3,1,0,33.400000000000006,6.431187031003546,-0.24881296899645522
45.0,22.0,8,8.0,30,4,3,0,0,33.400000000000006,9.151865255904026,2.471865255904023,4,3,1,0,30.669570340681737,5.241255527615623,-1.4387444723843783
45.0,22.0,8,10.0,0,4,4,0,0,30.499999999999993,12.199999999999998,6.099999999999999,4,3,1,0,30.499999999999993,5.265978289138065,-0.8340217108619342
45.0,22.0,8,10.0,15,4,4,0,0,30.499999999999993,12.002021151062799,5.902021151062797,4,3,1,0,30.499999999999993,5.42181339989477,-0.6781866001052294
45.0,22.0,8,10.0,30,4,3,0,0,30.499999999999993,8.083346445993064,1.983346445993065,4,3,1,0,27.82892750718865,4.257749972667455,-1.8422500273325442
45.0,22.0,8,12.0,0,4,4,0,0,27.6,11.040000000000001,5.5200000000000005,4,3,1,0,27.6,4.260067660490554,-1.2599323395094466
45.0,22.0,8,12.0,15,4,4,0,0,27.6,10.84642068103918,5.326420681039181,4,3,1,0,27.6,4.412439768785999,-1.1075602312140014
45.0,22.0,8,12.0,30,4,3,0,0,27.6,7.014827636082109,1.494827636082109,4,3,1,0,24.98828467369557,3.274244417719291,-2.2457555822807094
45.0,25.0,2,5.0,0,4,4,0,0,34.060951638896015,10.598353570818933,3.786163243039729,4,4,0,0,35.466818187455914,13.294247401118106,6.200883763626924
45.0,25.0,2,5.0,15,4,4,0,0,33.01606326950524,10.389375896940777,3.786163243039729,4,4,0,0,35.466818187455914,13.294247401118106,6.200883763626924
45.0,25.0,2,5.0,30,4,3,0,0,15.241767854094666,6.25299704158939,2.4668337985496613,4,4,0,0,32.64735277837727,12.730354319302377,5.636990681811195
45.0,25.0,2,8.0,0,4,3,0,0,29.827447902930892,9.000510826477287,3.0350212458911074,4,4,0,0,31.18891866574679,11.611271167398591,5.373487434249234
45.0,25.0,2,8.0,15,4,3,0,0,28.815556008362975,8.798132447563702,3.0350212458911074,4,4,0,0,31.18891866574679,11.611271167398591,5.373487434249234
45.0,25.0,2,8.0,30,4,2,0,0,11.602554132386423,4.792376082381308,1.7573548364902003,4,4,0,0,28.458489006428522,11.065185235534939,4.82740150238558
45.0,25.0,2,10.0,0,4,3,0,0,27.005112078954127,7.935282330249516,2.5342599144586906,4,4,0,0,28.336985651274027,10.489287011585578,4.8218898813307725
45.0,25.0,2,10.0,15,4,3,0,0,26.01521783426812,7.737303481312316,2.5342599144586906,4,4,0,0,28.336985651274027,10.489287011585578,4.8218898813307725
45.0,25.0,2,10.0,30,4,2,0,0,9.17641165124759,3.818628776242583,1.2843688617838922,4,4,0,0,25.665913158462683,9.955072513023309,4.287675382768503
45.0,25.0,2,12.0,0,4,3,0,0,24.182776254977377,6.8700538340217525,2.0334985830262764,4,4,0,0,25.485052636801274,9.367302855772564,4.27029232841231
45.0,25.0,2,12.0,15,4,3,0,0,23.21487966017328,6.6764745150609315,2.0334985830262764,4,4,0,0,25.485052636801274,9.367302855772564,4.27029232841231
45.0,25.0,2,12.0,30,4,2,0,0,6.7502691701087585,2.8448814701038607,0.8113828870775843,4,4,0,0,22.873337310496844,8.844959790511679,3.747949263151425
45.0,25.0,3,5.0,0,4,4,0,0,35.498643826416064,12.00533442327971,4.905605657996495,4,4,0,0,37.74999999999999,13.196414714665014,5.646414714665016
45.0,25.0,3,5.0,15,4,4,0,0,34.45375545702528,11.796356749401552,4.905605657996495,4,4,0,0,37.74999999999999,13.196414714665014,5.646414714665016
45.0,25.0,3,5.0,30,4,3,0,0,22.276672116398544,7.659977894050165,2.754372236053671,4,4,0,0,34.93053459092135,12.632521632849285,5.082521632849287
45.0,25.0,3,8.0,0,4,4,0,0,31.219739284529258,10.363060704649827,4.119112847743976,4,4,0,0,33.400000000000006,11.516527934201916,4.836527934201913
45.0,25.0,3,8.0,15,4,4,0,0,30.20784738996134,10.160682325736245,4.119112847743976,4,4,0,0,33.400000000000006,11.516527934201916,4.836527934201913
45.0,25.0,3,8.0,30,4,3,0,0,18.41530352324913,6.154925960553848,2.0358131128098735,4,4,0,0,30.669570340681737,10.970442002338261,4.29044200233826
45.0,25.0,3,10.0,0,4,4,0,0,28.367136256604695,9.268211558896565,3.594784307575627,4,4,0,0,30.499999999999993,10.396603413893173,4.296603413893174
45.0,25.0,3,10.0,15,4,4,0,0,27.37724201191869,9.070232709959365,3.594784307575627,4,4,0,0,30.499999999999993,10.396603413893173,4.296603413893174
45.0,25.0,3,10.0,30,4,3,0,0,15.841057794482838,5.151558004889633,1.5567736973140058,4,4,0,0,27.82892750718865,9.862388915330904,3.7623889153309054
45.0,25.0,3,12.0,0,4,4,0,0,25.514533228680158,8.173362413143309,3.0704557674072785,4,4,0,0,27.6,9.276678893584437,3.7566788935844375
45.0,25.0,3,12.0,15,4,4,0,0,24.546636633876062,7.979783094182491,3.0704557674072785,4,4,0,0,27.6,9.276678893584437,3.7566788935844375
45.0,25.0,3,12.0,30,4,3,0,0,13.266812065716548,4.148190049225419,1.0777342818181401,4,4,0,0,24.98828467369557,8.754335828323553,3.2343358283235517
45.0,25.0,4,5.0,0,4,4,0,0,37.74999999999999,15.099999999999998,7.549999999999999,4,4,0,0,37.74999999999999,13.373677182918327,5.823677182918328
45.0,25.0,4,5.0,15,4,4,0,0,37.74999999999999,14.891022326121842,7.341022326121842,4,4,0,0,37.74999999999999,13.373677182918327,5.823677182918328
45.0,25.0,4,5.0,30,4,3,0,0,37.74999999999999,10.754643470770455,3.2046434707704563,4,4,0,0,34.93053459092135,12.809784101102597,5.259784101102599
45.0,25.0,4,8.0,0,4,4,0,0,33.400000000000006,13.360000000000003,6.6800000000000015,4,4,0,0,33.400000000000006,11.688192640299858,5.008192640299856
45.0,25.0,4,8.0,15,4,4,0,0,33.400000000000006,13.157621621086419,6.477621621086418,4,4,0,0,33.400000000000006,11.688192640299858,5.008192640299856
45.0,25.0,4,8.0,30,4,3,0,0,33.400000000000006,9.151865255904026,2.471865255904023,4,4,0,0,30.669570340681737,11.142106708436204,4.4621067084362025
45.0,25.0,4,10.0,0,4,4,0,0,30.499999999999993,12.199999999999998,6.099999999999999,4,4,0,0,30.499999999999993,10.564536278554204,4.464536278554205
45.0,25.0,4,10.0,15,4,4,0,0,30.499999999999993,12.002021151062799,5.902021151062797,4,4,0,0,30.499999999999993,10.564536278554204,4.464536278554205
45.0,25.0,4,10.0,30,4,3,0,0,30.499999999999993,8.083346445993064,1.983346445993065,4,4,0,0,27.82892750718865,10.030321779991937,3.930321779991937
45.0,25.0,4,12.0,0,4,4,0,0,27.6,11.040000000000001,5.5200000000000005,4,4,0,0,27.6,9.440879916808559,3.9208799168085577
45.0,25.0,4,12.0,15,4,4,0,0,27.6,10.84642068103918,5.326420681039181,4,4,0,0,27.6,9.440879916808559,3.9208799168085577
45.0,25.0,4,12.0,30,4,3,0,0,27.6,7.014827636082109,1.494827636082109,4,4,0,0,24.98828467369557,8.918536851547671,3.398536851547671
45.0,25.0,6,5.0,0,4,4,0,0,37.74999999999999,15.099999999999998,7.549999999999999,4,3,1,0,37.74999999999999,7.780754860756845,0.23075486075684637
45.0,25.0,6,5.0,15,4,4,0,0,37.74999999999999,14.891022326121842,7.341022326121842,4,3,1,0,37.74999999999999,7.780754860756845,0.23075486075684637
45.0,25.0,6,5.0,30,4,3,0,0,37.74999999999999,10.754643470770455,3.2046434707704563,4,3,1,0,34.93053459092135,7.216861778941116,-0.3331382210588828
45.0,25.0,6,8.0,0,4,4,0,0,33.400000000000006,13.360000000000003,6.6800000000000015,4,3,1,0,33.400000000000006,6.2718889177855806,-0.40811108221442116
45.0,25.0,6,8.0,15,4,4,0,0,33.400000000000006,13.157621621086419,6.477621621086418,4,3,1,0,33.400000000000006,6.2718889177855806,-0.40811108221442116
45.0,25.0,6,8.0,30,4,3,0,0,33.400000000000006,9.151865255904026,2.471865255904023,4,3,1,0,30.669570340681737,5.725802985921927,-0.9541970140780744
45.0,25.0,6,10.0,0,4,4,0,0,30.499999999999993,12.199999999999998,6.099999999999999,4,3,1,0,30.499999999999993,5.265978289138065,-0.8340217108619342
45.0,25.0,6,10.0,15,4,4,0,0,30.499999999999993,12.002021151062799,5.902021151062797,4,3,1,0,30.499999999999993,5.265978289138065,-0.8340217108619342
45.0,25.0,6,10.0,30,4,3,0,0,30.499999999999993,8.083346445993064,1.983346445993065,4,3,1,0,27.82892750718865,4.731763790575796,-1.368236209424203
45.0,25.0,6,12.0,0,4,4,0,0,27.6,11.040000000000001,5.5200000000000005,4,3,1,0,27.6,4.260067660490554,-1.2599323395094466
45.0,25.0,6,12.0,15,4,4,0,0,27.6,10.84642068103918,5.326420681039181,4,3,1,0,27.6,4.260067660490554,-1.2599323395094466
45.0,25.0,6,12.0,30,4,3,0,0,27.6,7.014827636082109,1.494827636082109,4,3,1,0,24.98828467369557,3.737724595229668,-1.7822754047703329
45.0,25.0,8,5.0,0,4,4,0,0,37.74999999999999,15.099999999999998,7.549999999999999,4,3,1,0,37.74999999999999,7.780754860756845,0.23075486075684637
45.0,25.0,8,5.0,15,4,4,0,0,37.74999999999999,14.891022326121842,7.341022326121842,4,3,1,0,37.74999999999999,7.945247477666701,0.3952474776667025
45.0,25.0,8,5.0,30,4,3,0,0,37.74999999999999,10.754643470770455,3.2046434707704563,4,3,1,0,34.93053459092135,6.716513860037868,-0.8334861399621304
45.0,25.0,8,8.0,0,4,4,0,0,33.400000000000006,13.360000000000003,6.6800000000000015,4,3,1,0,33.400000000000006,6.2718889177855806,-0.40811108221442116
45.0,25.0,8,8.0,15,4,4,0,0,33.400000000000006,13.157621621086419,6.477621621086418,4,3,1,0,33.400000000000006,6.431187031003546,-0.24881296899645522
45.0,25.0,8,8.0,30,4,3,0,0,33.400000000000006,9.151865255904026,2.471865255904023,4,3,1,0,30.669570340681737,5.241255527615623,-1.4387444723843783
45.0,25.0,8,10.0,0,4,4,0,0,30.499999999999993,12.199999999999998,6.099999999999999,4,3,1,0,30.499999999999993,5.265978289138065,-0.8340217108619342
45.0,25.0,8,10.0,15,4,4,0,0,30.499999999999993,12.002021151062799,5.902021151062797,4,3,1,0,30.499999999999993,5.42181339989477,-0.6781866001052294
45.0,25.0,8,10.0,30,4,3,0,0,30.499999999999993,8.083346445993064,1.983346445993065,4,3,1,0,27.82892750718865,4.257749972667455,-1.8422500273325442
45.0,25.0,8,12.0,0,4,4,0,0,27.6,11.040000000000001,5.5200000000000005,4,3,1,0,27.6,4.260067660490554,-1.2599323395094466
45.0,25.0,8,12.0,15,4,4,0,0,27.6,10.84642068103918,5.326420681039181,4,3,1,0,27.6,4.412439768785999,-1.1075602312140014
45.0,25.0,8,12.0,30,4,3,0,0,27.6,7.014827636082109,1.494827636082109,4,3,1,0,24.98828467369557,3.274244417719291,-2.2457555822807094
45.0,30.0,2,5.0,0,4,4,0,0,34.060951638896015,10.598353570818933,3.786163243039729,4,4,0,0,35.466818187455914,13.294247401118106,6.200883763626924
45.0,30.0,2,5.0,15,4,4,0,0,33.01606326950524,10.389375896940777,3.786163243039729,4,4,0,0,35.466818187455914,13.294247401118106,6.200883763626924
45.0,30.0,2,5.0,30,4,3,0,0,15.241767854094666,6.25299704158939,2.4668337985496613,4,4,0,0,32.64735277837727,12.730354319302377,5.636990681811195
45.0,30.0,2,8.0,0,4,3,0,0,29.827447902930892,9.000510826477287,3.0350212458911074,4,4,0,0,31.18891866574679,11.611271167398591,5.373487434249234
45.0,30.0,2,8.0,15,4,3,0,0,28.815556008362975,8.798132447563702,3.0350212458911074,4,4,0,0,31.18891866574679,11.611271167398591,5.373487434249234
45.0,30.0,2,8.0,30,4,2,0,0,11.602554132386423,4.792376082381308,1.7573548364902003,4,4,0,0,28.458489006428522,11.065185235534939,4.82740150238558
45.0,30.0,2,10.0,0,4,3,0,0,27.005112078954127,7.935282330249516,2.5342599144586906,4,4,0,0,28.336985651274027,10.489287011585578,4.8218898813307725
45.0,30.0,2,10.0,15,4,3,0,0,26.01521783426812,7.737303481312316,2.5342599144586906,4,4,0,0,28.336985651274027,10.489287011585578,4.8218898813307725
45.0,30.0,2,10.0,30,4,2,0,0,9.17641165124759,3.818628776242583,1.2843688617838922,4,4,0,0,25.665913158462683,9.955072513023309,4.287675382768503
45.0,30.0,2,12.0,0,4,3,0,0,24.182776254977377,6.8700538340217525,2.0334985830262764,4,4,0,0,25.485052636801274,9.367302855772564,4.27029232841231
45.0,30.0,2,12.0,15,4,3,0,0,23.21487966017328,6.6764745150609315,2.0334985830262764,4,4,0,0,25.485052636801274,9.367302855772564,4.27029232841231
45.0,30.0,2,12.0,30,4,2,0,0,6.7502691701087585,2.8448814701038607,0.8113828870775843,4,4,0,0,22.873337310496844,8.844959790511679,3.747949263151425
45.0,30.0,3,5.0,0,4,4,0,0,35.498643826416064,12.00533442327971,4.905605657996495,4,4,0,0,37.74999999999999,13.196414714665014,5.646414714665016
45.0,30.0,3,5.0,15,4,4,0,0,34.45375545702528,11.796356749401552,4.905605657996495,4,4,0,0,37.74999999999999,13.196414714665014,5.646414714665016
45.0,30.0,3,5.0,30,4,3,0,0,22.276672116398544,7.659977894050165,2.754372236053671,4,4,0,0,34.93053459092135,12.632521632849285,5.082521632849287
45.0,30.0,3,8.0,0,4,4,0,0,31.219739284529258,10.363060704649827,4.119112847743976,4,4,0,0,33.400000000000006,11.516527934201916,4.836527934201913
45.0,30.0,3,8.0,15,4,4,0,0,30.20784738996134,10.160682325736245,4.119112847743976,4,4,0,0,33.400000000000006,11.516527934201916,4.836527934201913
45.0,30.0,3,8.0,30,4,3,0,0,18.41530352324913,6.154925960553848,2.0358131128098735,4,4,0,0,30.669570340681737,10.970442002338261,4.29044200233826
45.0,30.0,3,10.0,0,4,4,0,0,28.367136256604695,9.268211558896565,3.594784307575627,4,4,0,0,30.499999999999993,10.396603413893173,4.296603413893174
45.0,30.0,3,10.0,15,4,4,0,0,27.37724201191869,9.070232709959365,3.594784307575627,4,4,0,0,30.499999999999993,10.396603413893173,4.296603413893174
45.0,30.0,3,10.0,30,4,3,0,0,15.841057794482838,5.151558004889633,1.5567736973140058,4,4,0,0,27.82892750718865,9.862388915330904,3.7623889153309054
45.0,30.0,3,12.0,0,4,4,0,0,25.514533228680158,8.173362413143309,3.0704557674072785,4,4,0,0,27.6,9.276678893584437,3.7566788935844375
45.0,30.0,3,12.0,15,4,4,0,0,24.546636633876062,7.979783094182491,3.0704557674072785,4,4,0,0,27.6,9.276678893584437,3.7566788935844375
45.0,30.0,3,12.0,30,4,3,0,0,13.266812065716548,4.148190049225419,1.0777342818181401,4,4,0,0,24.98828467369557,8.754335828323553,3.2343358283235517
45.0,30.0,4,5.0,0,4,4,0,0,37.74999999999999,15.099999999999998,7.549999999999999,4,4,0,0,37.74999999999999,13.373677182918327,5.823677182918328
45.0,30.0,4,5.0,15,4,4,0,0,37.74999999999999,14.891022326121842,7.341022326121842,4,4,0,0,37.74999999999999,13.373677182918327,5.823677182918328
45.0,30.0,4,5.0,30,4,3,0,0,37.74999999999999,10.754643470770455,3.2046434707704563,4,4,0,0,34.93053459092135,12.809784101102597,5.259784101102599
45.0,30.0,4,8.0,0,4,4,0,0,33.400000000000006,13.360000000000003,6.6800000000000015,4,4,0,0,33.400000000000006,11.688192640299858,5.008192640299856
45.0,30.0,4,8.0,15,4,4,0,0,33.400000000000006,13.157621621086419,6.477621621086418,4,4,0,0,33.400000000000006,11.688192640299858,5.008192640299856
45.0,30.0,4,8.0,30,4,3,0,0,33.400000000000006,9.151865255904026,2.471865255904023,4,4,0,0,30.669570340681737,11.142106708436204,4.4621067084362025
45.0,30.0,4,10.0,0,4,4,0,0,30.499999999999993,12.199999999999998,6.099999999999999,4,4,0,0,30.499999999999993,10.564536278554204,4.464536278554205
45.0,30.0,4,10.0,15,4,4,0,0,30.499999999999993,12.002021151062799,5.902021151062797,4,4,0,0,30.499999999999993,10.564536278554204,4.464536278554205
45.0,30.0,4,10.0,30,4,3,0,0,30.499999999999993,8.083346445993064,1.983346445993065,4,4,0,0,27.82892750718865,10.030321779991937,3.930321779991937
45.0,30.0,4,12.0,0,4,4,0,0,27.6,11.040000000000001,5.5200000000000005,4,4,0,0,27.6,9.440879916808559,3.9208799168085577
45.0,30.0,4,12.0,15,4,4,0,0,27.6,10.84642068103918,5.326420681039181,4,4,0,0,27.6,9.440879916808559,3.9208799168085577
45.0,30.0,4,12.0,30,4,3,0,0,27.6,7.014827636082109,1.494827636082109,4,4,0,0,24.98828467369557,8.918536851547671,3.398536851547671
45.0,30.0,6,5.0,0,4,4,0,0,37.74999999999999,15.099999999999998,7.549999999999999,4,3,1,0,37.74999999999999,7.780754860756845,0.23075486075684637
45.0,30.0,6,5.0,15,4,4,0,0,37.74999999999999,14.891022326121842,7.341022326121842,4,3,1,0,37.74999999999999,7.780754860756845,0.23075486075684637
45.0,30.0,6,5.0,30,4,3,0,0,37.74999999999999,10.754643470770455,3.2046434707704563,4,3,1,0,34.93053459092135,7.216861778941116,-0.3331382210588828
45.0,30.0,6,8.0,0,4,4,0,0,33.400000000000006,13.360000000000003,6.6800000000000015,4,3,1,0,33.400000000000006,6.2718889177855806,-0.40811108221442116
45.0,30.0,6,8.0,15,4,4,0,0,33.400000000000006,13.157621621086419,6.477621621086418,4,3,1,0,33.400000000000006,6.2718889177855806,-0.40811108221442116
45.0,30.0,6,8.0,30,4,3,0,0,33.400000000000006,9.151865255904026,2.471865255904023,4,3,1,0,30.669570340681737,5.725802985921927,-0.9541970140780744
45.0,30.0,6,10.0,0,4,4,0,0,30.499999999999993,12.199999999999998,6.099999999999999,4,3,1,0,30.499999999999993,5.265978289138065,-0.8340217108619342
45.0,30.0,6,10.0,15,4,4,0,0,30.499999999999993,12.002021151062799,5.902021151062797,4,3,1,0,30.499999999999993,5.265978289138065,-0.8340217108619342
45.0,30.0,6,10.0,30,4,3,0,0,30.499999999999993,8.083346445993064,1.983346445993065,4,3,1,0,27.82892750718865,4.731763790575796,-1.368236209424203
45.0,30.0,6,12.0,0,4,4,0,0,27.6,11.040000000000001,5.5200000000000005,4,3,1,0,27.6,4.260067660490554,-1.2599323395094466
45.0,30.0,6,12.0,15,4,4,0,0,27.6,10.84642068103918,5.326420681039181,4,3,1,0,27.6,4.260067660490554,-1.2599323395094466
45.0,30.0,6,12.0,30,4,3,0,0,27.6,7.014827636082109,1.494827636082109,4,3,1,0,24.98828467369557,3.737724595229668,-1.7822754047703329
45.0,30.0,8,5.0,0,4,4,0,0,37.74999999999999,15.099999999999998,7.549999999999999,4,3,1,0,37.74999999999999,7.780754860756845,0.23075486075684637
45.0,30.0,8,5.0,15,4,4,0,0,37.74999999999999,14.891022326121842,7.341022326121842,4,3,1,0,37.74999999999999,7.945247477666701,0.3952474776667025
45.0,30.0,8,5.0,30,4,3,0,0,37.74999999999999,10.754643470770455,3.2046434707704563,4,3,1,0,34.93053459092135,6.716513860037868,-0.8334861399621304
45.0,30.0,8,8.0,0,4,4,0,0,33.400000000000006,13.360000000000003,6.6800000000000015,4,3,1,0,33.400000000000006,6.2718889177855806,-0.40811108221442116
45.0,30.0,8,8.0,15,4,4,0,0,33.400000000000006,13.157621621086419,6.477621621086418,4,3,1,0,33.400000000000006,6.431187031003546,-0.24881296899645522
45.0,30.0,8,8.0,30,4,3,0,0,33.400000000000006,9.151865255904026,2.471865255904023,4,3,1,0,30.669570340681737,5.241255527615623,-1.4387444723843783
45.0,30.0,8,10.0,0,4,4,0,0,30.499999999999993,12.199999999999998,6.099999999999999,4,3,1,0,30.499999999999993,5.265978289138065,-0.8340217108619342
45.0,30.0,8,10.0,15,4,4,0,0,30.499999999999993,12.002021151062799,5.902021151062797,4,3,1,0,30.499999999999993,5.42181339989477,-0.6781866001052294
45.0,30.0,8,10.0,30,4,3,0,0,30.499999999999993,8.083346445993064,1.983346445993065,4,3,1,0,27.82892750718865,4.257749972667455,-1.8422500273325442
45.0,30.0,8,12.0,0,4,4,0,0,27.6,11.040000000000001,5.5200000000000005,4,3,1,0,27.6,4.260067660490554,-1.2599323395094466
45.0,30.0,8,12.0,15,4,4,0,0,27.6,10.84642068103918,5.326420681039181,4,3,1,0,27.6,4.412439768785999,-1.1075602312140014
45.0,30.0,8,12.0,30,4,3,0,0,27.6,7.014827636082109,1.494827636082109,4,3,1,0,24.98828467369557,3.274244417719291,-2.2457555822807094
50.0,15.0,2,5.0,0,4,3,1,0,36.435951638896015,9.612190327779203,2.324999999999999,4,3,1,0,28.721237005590538,8.003729498744052,0.435365861252869
50.0,15.0,2,5.0,15,4,3,1,0,33.01606326950524,8.928212653901047,2.324999999999999,4,3,1,0,28.721237005590538,8.069247401118107,0.5008837636269238
50.0,15.0,2,5.0,30,4,2,1,0,12.334168992748307,4.79183379854966,2.324999999999999,4,3,1,0,28.721237005590538,7.972895303183687,0.5008837636269238
50.0,15.0,2,8.0,0,4,3,1,0,32.127447902930896,8.045489580586182,1.6200000000000019,4,3,1,0,24.65635583699295,6.487822251415299,-0.2099614817340612
50.0,15.0,2,8.0,15,4,3,1,0,28.815556008362975,7.383111201672597,1.6200000000000019,4,3,1,0,24.65635583699295,6.551271167398593,-0.14651256575076702
50.0,15.0,2,8.0,30,4,2,1,0,8.786774182451001,3.377354836490202,1.6200000000000019,4,3,1,0,24.65635583699295,6.457961767293677,-0.14651256575076702
50.0,15.0,2,10.0,0,4,3,1,0,29.255112078954134,7.001022415790828,1.1500000000000008,4,3,1,0,21.946435057927893,5.477217419862793,-0.6401797103920149
50.0,15.0,2,10.0,15,4,3,1,0,26.01521783426812,6.353043566853625,1.1500000000000008,4,3,1,0,21.946435057927893,5.53928701158558,-0.5781101186692276
50.0,15.0,2,10.0,30,4,2,1,0,6.421844308919461,2.4343688617838932,1.1500000000000008,4,3,1,0,21.946435057927893,5.448006076700337,-0.5781101186692276
50.0,15.0,2,12.0,0,4,3,1,0,26.38277625497738,5.956555250995478,0.6800000000000008,4,3,1,0,19.236514278862828,4.4666125883102845,-1.0703979390499707
50.0,15.0,2,12.0,15,4,3,1,0,23.21487966017328,5.322975932034658,0.6800000000000008,4,3,1,0,19.236514278862828,4.527302855772565,-1.0097076715876896
50.0,15.0,2,12.0,30,4,2,1,0,4.056914435387921,1.4913828870775854,0.6800000000000008,4,3,1,0,19.236514278862828,4.438050386106996,-1.0097076715876896
50.0,15.0,3,5.0,0,4,3,1,0,37.87364382641606,9.89972876528321,2.324999999999999,4,3,1,0,30.607073573325074,8.38089681229096,-0.1191031877090385
50.0,15.0,3,5.0,15,4,3,1,0,34.45375545702528,9.215751091405055,2.324999999999999,4,3,1,0,30.607073573325074,8.446414714665014,-0.053585285334983725
50.0,15.0,3,5.0,30,4,2,1,0,13.771861180268353,5.079372236053669,2.324999999999999,4,3,1,0,30.125313083652973,8.350062616730595,-0.053585285334983725
50.0,15.0,3,8.0,0,4,3,1,0,33.519739284529265,8.323947856905855,1.6200000000000019,4,3,1,0,26.48263967100957,6.853079018218622,-0.7469209817813817
50.0,15.0,3,8.0,15,4,3,1,0,30.20784738996134,7.661569477992271,1.6200000000000019,4,3,1,0,26.48263967100957,6.916527934201916,-0.6834720657980875
50.0,15.0,3,8.0,30,4,2,1,0,10.179065564049367,3.6558131128098754,1.6200000000000019,4,3,1,0,26.01609267048499,6.823218534096999,-0.6834720657980875
50.0,15.0,3,10.0,0,4,3,1,0,30.617136256604702,7.273427251320943,1.1500000000000008,4,3,1,0,23.733017069465877,5.834533822170389,-1.1654661778296127
50.0,15.0,3,10.0,15,4,3,1,0,27.37724201191869,6.625448402383739,1.1500000000000008,4,3,1,0,23.733017069465877,5.896603413893176,-1.1033965861068253
50.0,15.0,3,10.0,30,4,2,1,0,7.783868486570029,2.7067736973140066,1.1500000000000008,4,3,1,0,23.276612395039663,5.805322479007933,-1.1033965861068253
50.0,15.0,3,12.0,0,4,3,1,0,27.71453322868016,6.222906645736034,0.6800000000000008,4,3,1,0,20.98339446792219,4.8159886261221585,-1.5840113738778439
50.0,15.0,3,12.0,15,4,3,1,0,24.546636633876062,5.589327326775214,0.6800000000000008,4,3,1,0,20.98339446792219,4.876678893584439,-1.5233211064155627
50.0,15.0,3,12.0,30,4,2,1,0,5.3886714090907,1.7577342818181407,0.6800000000000008,4,3,1,0,20.53713211959434,4.787426423918868,-1.5233211064155627
50.0,15.0,4,5.0,0,4,3,1,0,42.499999999999986,10.824999999999996,2.324999999999999,4,3,1,0,31.493385914591634,8.558159280544272,0.05815928054427353
50.0,15.0,4,5.0,15,4,3,1,0,39.08011163060921,10.141022326121842,2.324999999999999,4,3,1,0,31.493385914591634,8.623677182918327,0.1236771829183283
50.0,15.0,4,5.0,30,4,2,1,0,18.398217353852278,6.004643470770454,2.324999999999999,4,3,1,0,31.011625424919533,8.527325084983906,0.1236771829183283
50.0,15.0,4,8.0,0,4,3,1,0,38.000000000000014,9.220000000000004,1.6200000000000019,4,3,1,0,27.34096320149928,7.024743724316565,-0.5752562756834391
50.0,15.0,4,8.0,15,4,3,1,0,34.68810810543209,8.55762162108642,1.6200000000000019,4,3,1,0,27.34096320149928,7.088192640299859,-0.5118073597001448
50.0,15.0,4,8.0,30,4,2,1,0,14.65932627952012,4.551865255904025,1.6200000000000019,4,3,1,0,26.874416200974704,6.994883240194942,-0.5118073597001448
50.0,15.0,4,10.0,0,4,3,1,0,35.00000000000001,8.150000000000004,1.1500000000000008,4,3,1,0,24.57268139277103,6.00246668683142,-0.9975333131685815
50.0,15.0,4,10.0,15,4,3,1,0,31.760105755313994,7.5020211510628005,1.1500000000000008,4,3,1,0,24.57268139277103,6.064536278554208,-0.9354637214457941
50.0,15.0,4,10.0,30,4,2,1,0,12.166732229965332,3.583346445993067,1.1500000000000008,4,3,1,0,24.11627671834482,5.973255343668964,-0.9354637214457941
50.0,15.0,4,12.0,0,4,3,1,0,32.00000000000001,7.080000000000002,0.6800000000000008,4,3,1,0,21.80439958404279,4.980189649346277,-1.419810350653724
50.0,15.0,4,12.0,15,4,3,1,0,28.83210340519591,6.446420681039183,0.6800000000000008,4,3,1,0,21.80439958404279,5.040879916808558,-1.359120083191443
50.0,15.0,4,12.0,30,4,2,1,0,9.674138180410548,2.6148276360821106,0.6800000000000008,4,3,1,0,21.358137235714935,4.951627447142989,-1.359120083191443
50.0,15.0,6,5.0,0,4,3,1,0,42.499999999999986,10.824999999999996,2.324999999999999,4,2,2,0,11.297410488129719,4.470097930355549,-4.029902069644449
50.0,15.0,6,5.0,15,4,3,1,0,39.08011163060921,10.141022326121842,2.324999999999999,4,2,2,0,11.624999999999993,4.378760251671015,-4.121239748328982
50.0,15.0,6,5.0,30,4,2,1,0,18.398217353852278,6.004643470770454,2.324999999999999,4,2,2,0,11.143239510327891,3.9863943674043414,-4.417253534661237
50.0,15.0,6,8.0,0,4,3,1,0,38.000000000000014,9.220000000000004,1.6200000000000019,4,2,2,0,7.782755420083538,3.0657790483443277,-4.5342209516556755
50.0,15.0,6,8.0,15,4,3,1,0,34.68810810543209,8.55762162108642,1.6200000000000019,4,2,2,0,8.100000000000009,2.9773257174077266,-4.622674282592277
50.0,15.0,6,8.0,30,4,2,1,0,14.65932627952012,4.551865255904025,1.6200000000000019,4,2,2,0,7.6334529994754305,2.59735033474947,-4.909340265145618
50.0,15.0,6,10.0,0,4,3,1,0,35.00000000000001,8.150000000000004,1.1500000000000008,4,2,2,0,5.439652041386067,2.129566460336841,-4.870433539663161
50.0,15.0,6,10.0,15,4,3,1,0,31.760105755313994,7.5020211510628005,1.1500000000000008,4,2,2,0,5.7500000000000036,2.0430360278988617,-4.95696397210114
50.0,15.0,6,10.0,30,4,2,1,0,12.166732229965332,3.583346445993067,1.1500000000000008,4,2,2,0,5.29359532557379,1.6713209796462196,-5.237398085468539
50.0,15.0,6,12.0,0,4,3,1,0,32.00000000000001,7.080000000000002,0.6800000000000008,4,2,2,0,3.0965486626885976,1.1933538723293544,-5.206646127670647
50.0,15.0,6,12.0,15,4,3,1,0,28.83210340519591,6.446420681039183,0.6800000000000008,4,2,2,0,3.400000000000004,1.1087463383899976,-5.291253661610003
50.0,15.0,6,12.0,30,4,2,1,0,9.674138180410548,2.6148276360821106,0.6800000000000008,4,2,2,0,2.953737651672151,0.7452916245429702,-5.565455905791461
50.0,15.0,8,5.0,0,4,3,1,0,42.499999999999986,10.824999999999996,2.324999999999999,4,2,2,0,11.297410488129719,4.470097930355549,-4.029902069644449
50.0,15.0,8,5.0,15,4,3,1,0,39.08011163060921,10.141022326121842,2.324999999999999,4,2,2,0,11.624999999999993,4.378760251671015,-4.121239748328982
50.0,15.0,8,5.0,30,4,2,1,0,18.398217353852278,6.004643470770454,2.324999999999999,4,2,2,0,11.143239510327891,3.9863943674043414,-4.417253534661237
50.0,15.0,8,8.0,0,4,3,1,0,38.000000000000014,9.220000000000004,1.6200000000000019,4,2,2,0,7.782755420083538,3.0657790483443277,-4.5342209516556755
50.0,15.0,8,8.0,15,4,3,1,0,34.68810810543209,8.55762162108642,1.6200000000000019,4,2,2,0,8.100000000000009,2.9773257174077266,-4.622674282592277
50.0,15.0,8,8.0,30,4,2,1,0,14.65932627952012,4.551865255904025,1.6200000000000019,4,2,2,0,7.6334529994754305,2.59735033474947,-4.909340265145618
50.0,15.0,8,10.0,0,4,3,1,0,35.00000000000001,8.150000000000004,1.1500000000000008,4,2,2,0,5.439652041386067,2.129566460336841,-4.870433539663161
50.0,15.0,8,10.0,15,4,3,1,0,31.760105755313994,7.5020211510628005,1.1500000000000008,4,2,2,0,5.7500000000000036,2.0430360278988617,-4.95696397210114
50.0,15.0,8,10.0,30,4,2,1,0,12.166732229965332,3.583346445993067,1.1500000000000008,4,2,2,0,5.29359532557379,1.6713209796462196,-5.237398085468539
50.0,15.0,8,12.0,0,4,3,1,0,32.00000000000001,7.080000000000002,0.6800000000000008,4,2,2,0,3.0965486626885976,1.1933538723293544,-5.206646127670647
50.0,15.0,8,12.0,15,4,3,1,0,28.83210340519591,6.446420681039183,0.6800000000000008,4,2,2,0,3.400000000000004,1.1087463383899976,-5.291253661610003
50.0,15.0,8,12.0,30,4,2,1,0,9.674138180410548,2.6148276360821106,0.6800000000000008,4,2,2,0,2.953737651672151,0.7452916245429702,-5.565455905791461
50.0,18.0,2,5.0,0,4,4,0,0,36.435951638896015,11.548353570818932,4.261163243039728,4,3,1,0,28.721237005590538,7.784247401118107,0.21588376362692402
50.0,18.0,2,5.0,15,4,4,0,0,33.01606326950524,10.864375896940777,4.261163243039728,4,3,1,0,28.721237005590538,7.784247401118107,0.21588376362692402
50.0,18.0,2,5.0,30,4,3,0,0,15.241767854094666,6.727997041589389,2.4668337985496613,4,3,1,0,28.721237005590538,7.687895303183687,0.21588376362692402
50.0,18.0,2,8.0,0,4,3,0,0,32.127447902930896,9.920510826477289,3.4950212458911083,4,3,1,0,24.65635583699295,6.275271167398593,-0.42251256575076646
50.0,18.0,2,8.0,15,4,3,0,0,28.815556008362975,9.258132447563703,3.4950212458911083,4,3,1,0,24.65635583699295,6.275271167398593,-0.42251256575076646
50.0,18.0,2,8.0,30,4,2,0,0,11.602554132386423,5.252376082381309,1.7573548364902003,4,3,1,0,24.65635583699295,6.181961767293678,-0.42251256575076646
50.0,18.0,2,10.0,0,4,3,0,0,29.255112078954134,8.835282330249518,2.984259914458692,4,3,1,0,21.946435057927893,5.269287011585582,-0.8481101186692265
50.0,18.0,2,10.0,15,4,3,0,0,26.01521783426812,8.187303481312316,2.984259914458692,4,3,1,0,21.946435057927893,5.269287011585582,-0.8481101186692265
50.0,18.0,2,10.0,30,4,2,0,0,9.17641165124759,4.2686287762425845,1.2843688617838922,4,3,1,0,21.946435057927893,5.178006076700338,-0.8481101186692265
50.0,18.0,2,12.0,0,4,3,0,0,26.38277625497738,7.750053834021753,2.4734985830262772,4,3,1,0,19.236514278862828,4.263302855772566,-1.2737076715876894
50.0,18.0,2,12.0,15,4,3,0,0,23.21487966017328,7.116474515060933,2.4734985830262772,4,3,1,0,19.236514278862828,4.263302855772566,-1.2737076715876894
50.0,18.0,2,12.0,30,4,2,0,0,6.7502691701087585,3.2848814701038616,0.8113828870775843,4,3,1,0,19.236514278862828,4.174050386106996,-1.2737076715876894
50.0,18.0,3,5.0,0,4,4,0,0,37.87364382641606,12.955334423279703,5.380605657996494,4,3,1,0,30.607073573325074,8.161414714665014,-0.33858528533498355
50.0,18.0,3,5.0,15,4,4,0,0,34.45375545702528,12.27135674940155,5.380605657996494,4,3,1,0,30.607073573325074,8.161414714665014,-0.33858528533498355
50.0,18.0,3,5.0,30,4,3,0,0,22.276672116398544,8.134977894050165,2.754372236053671,4,3,1,0,30.125313083652973,8.065062616730595,-0.33858528533498355
50.0,18.0,3,8.0,0,4,4,0,0,33.519739284529265,11.283060704649829,4.579112847743977,4,3,1,0,26.48263967100957,6.640527934201917,-0.9594720657980869
50.0,18.0,3,8.0,15,4,4,0,0,30.20784738996134,10.620682325736245,4.579112847743977,4,3,1,0,26.48263967100957,6.640527934201917,-0.9594720657980869
50.0,18.0,3,8.0,30,4,3,0,0,18.41530352324913,6.614925960553849,2.0358131128098735,4,3,1,0,26.01609267048499,6.547218534097,-0.9594720657980869
50.0,18.0,3,10.0,0,4,4,0,0,30.617136256604702,10.168211558896571,4.044784307575628,4,3,1,0,23.733017069465877,5.626603413893178,-1.3733965861068242
50.0,18.0,3,10.0,15,4,4,0,0,27.37724201191869,9.520232709959366,4.044784307575628,4,3,1,0,23.733017069465877,5.626603413893178,-1.3733965861068242
50.0,18.0,3,10.0,30,4,3,0,0,15.841057794482838,5.601558004889634,1.5567736973140058,4,3,1,0,23.276612395039663,5.5353224790079345,-1.3733965861068242
50.0,18.0,3,12.0,0,4,4,0,0,27.71453322868016,9.05336241314331,3.5104557674072794,4,3,1,0,20.98339446792219,4.61267889358444,-1.7873211064155623
50.0,18.0,3,12.0,15,4,4,0,0,24.546636633876062,8.419783094182492,3.5104557674072794,4,3,1,0,20.98339446792219,4.61267889358444,-1.7873211064155623
50.0,18.0,3,12.0,30,4,3,0,0,13.266812065716548,4.588190049225419,1.0777342818181401,4,3,1,0,20.53713211959434,4.523426423918869,-1.7873211064155623
50.0,18.0,4,5.0,0,4,4,0,0,42.499999999999986,16.999999999999996,8.499999999999998,4,3,1,0,31.493385914591634,8.338677182918326,-0.1613228170816715
50.0,18.0,4,5.0,15,4,4,0,0,42.499999999999986,16.31602232612184,7.816022326121843,4,3,1,0,31.493385914591634,8.338677182918326,-0.1613228170816715
50.0,18.0,4,5.0,30,4,3,0,0,42.499999999999986,12.179643470770454,3.679643470770456,4,3,1,0,31.011625424919533,8.242325084983907,-0.1613228170816715
50.0,18.0,4,8.0,0,4,4,0,0,38.000000000000014,15.200000000000006,7.600000000000003,4,3,1,0,27.34096320149928,6.81219264029986,-0.7878073597001443
50.0,18.0,4,8.0,15,4,4,0,0,38.000000000000014,14.537621621086423,6.937621621086419,4,3,1,0,27.34096320149928,6.81219264029986,-0.7878073597001443
50.0,18.0,4,8.0,30,4,3,0,0,38.000000000000014,10.531865255904028,2.931865255904024,4,3,1,0,26.874416200974704,6.718883240194943,-0.7878073597001443
50.0,18.0,4,10.0,0,4,4,0,0,35.00000000000001,14.000000000000004,7.000000000000002,4,3,1,0,24.57268139277103,5.794536278554209,-1.205463721445793
50.0,18.0,4,10.0,15,4,4,0,0,35.00000000000001,13.3520211510628,6.352021151062799,4,3,1,0,24.57268139277103,5.794536278554209,-1.205463721445793
50.0,18.0,4,10.0,30,4,3,0,0,35.00000000000001,9.433346445993067,2.4333464459930667,4,3,1,0,24.11627671834482,5.703255343668966,-1.205463721445793
50.0,18.0,4,12.0,0,4,4,0,0,32.00000000000001,12.800000000000004,6.400000000000002,4,3,1,0,21.80439958404279,4.776879916808559,-1.6231200831914425
50.0,18.0,4,12.0,15,4,4,0,0,32.00000000000001,12.166420681039183,5.7664206810391825,4,3,1,0,21.80439958404279,4.776879916808559,-1.6231200831914425
50.0,18.0,4,12.0,30,4,3,0,0,32.00000000000001,8.33482763608211,1.9348276360821097,4,3,1,0,21.358137235714935,4.687627447142989,-1.6231200831914425
50.0,18.0,6,5.0,0,4,4,0,0,42.499999999999986,16.999999999999996,8.499999999999998,4,2,2,0,10.199999999999994,4.079999999999998,-4.42
50.0,18.0,6,5.0,15,4,4,0,0,42.499999999999986,16.31602232612184,7.816022326121843,4,2,2,0,10.199999999999994,4.079999999999998,-4.42
50.0,18.0,6,5.0,30,4,3,0,0,42.499999999999986,12.179643470770454,3.679643470770456,4,2,2,0,9.718239510327892,3.701394367404342,-4.702253534661236
50.0,18.0,6,8.0,0,4,4,0,0,38.000000000000014,15.200000000000006,7.600000000000003,4,2,2,0,6.720000000000011,2.688000000000005,-4.911999999999999
50.0,18.0,6,8.0,15,4,4,0,0,38.000000000000014,14.537621621086423,6.937621621086419,4,2,2,0,6.720000000000011,2.688000000000005,-4.911999999999999
50.0,18.0,6,8.0,30,4,3,0,0,38.000000000000014,10.531865255904028,2.931865255904024,4,2,2,0,6.253452999475433,2.3213503347494706,-5.185340265145617
50.0,18.0,6,10.0,0,4,4,0,0,35.00000000000001,14.000000000000004,7.000000000000002,4,2,2,0,4.400000000000009,1.7600000000000038,-5.239999999999998
50.0,18.0,6,10.0,15,4,4,0,0,35.00000000000001,13.3520211510628,6.352021151062799,4,2,2,0,4.400000000000009,1.7600000000000038,-5.239999999999998
50.0,18.0,6,10.0,30,4,3,0,0,35.00000000000001,9.433346445993067,2.4333464459930667,4,2,2,0,3.9435953255737957,1.4013209796462207,-5.507398085468537
50.0,18.0,6,12.0,0,4,4,0,0,32.00000000000001,12.800000000000004,6.400000000000002,4,2,2,0,2.0800000000000054,0.8320000000000022,-5.568
50.0,18.0,6,12.0,15,4,4,0,0,32.00000000000001,12.166420681039183,5.7664206810391825,4,2,2,0,2.0800000000000054,0.8320000000000022,-5.568
50.0,18.0,6,12.0,30,4,3,0,0,32.00000000000001,8.33482763608211,1.9348276360821097,4,2,2,0,1.6337376516721527,0.4812916245429705,-5.829455905791461
50.0,18.0,8,5.0,0,4,4,0,0,42.499999999999986,16.999999999999996,8.499999999999998,4,2,2,0,10.199999999999994,4.079999999999998,-4.42
50.0,18.0,8,5.0,15,4,4,0,0,42.499999999999986,16.31602232612184,7.816022326121843,4,2,2,0,10.199999999999994,4.079999999999998,-4.42
50.0,18.0,8,5.0,30,4,3,0,0,42.499999999999986,12.179643470770454,3.679643470770456,4,2,2,0,9.718239510327892,3.701394367404342,-4.702253534661236
50.0,18.0,8,8.0,0,4,4,0,0,38.000000000000014,15.200000000000006,7.600000000000003,4,2,2,0,6.720000000000011,2.688000000000005,-4.911999999999999
50.0,18.0,8,8.0,15,4,4,0,0,38.000000000000014,14.537621621086423,6.937621621086419,4,2,2,0,6.720000000000011,2.688000000000005,-4.911999999999999
50.0,18.0,8,8.0,30,4,3,0,0,38.000000000000014,10.531865255904028,2.931865255904024,4,2,2,0,6.253452999475433,2.3213503347494706,-5.185340265145617
50.0,18.0,8,10.0,0,4,4,0,0,35.00000000000001,14.000000000000004,7.000000000000002,4,2,2,0,4.400000000000009,1.7600000000000038,-5.239999999999998
50.0,18.0,8,10.0,15,4,4,0,0,35.00000000000001,13.3520211510628,6.352021151062799,4,2,2,0,4.400000000000009,1.7600000000000038,-5.239999999999998
50.0,18.0,8,10.0,30,4,3,0,0,35.00000000000001,9.433346445993067,2.4333464459930667,4,2,2,0,3.9435953255737957,1.4013209796462207,-5.507398085468537
50.0,18.0,8,12.0,0,4,4,0,0,32.00000000000001,12.800000000000004,6.400000000000002,4,2,2,0,2.0800000000000054,0.8320000000000022,-5.568
50.0,18.0,8,12.0,15,4,4,0,0,32.00000000000001,12.166420681039183,5.7664206810391825,4,2,2,0,2.0800000000000054,0.8320000000000022,-5.568
50.0,18.0,8,12.0,30,4,3,0,0,32.00000000000001,8.33482763608211,1.9348276360821097,4,2,2,0,1.6337376516721527,0.4812916245429705,-5.829455905791461
50.0,20.0,2,5.0,0,4,4,0,0,36.435951638896015,11.548353570818932,4.261163243039728,4,4,0,0,37.841818187455914,14.244247401118106,6.675883763626922
50.0,20.0,2,5.0,15,4,4,0,0,33.01606326950524,10.864375896940777,4.261163243039728,4,4,0,0,32.64735277837727,13.205354319302376,5.636990681811195
50.0,20.0,2,5.0,30,4,3,0,0,15.241767854094666,6.727997041589389,2.4668337985496613,4,4,0,0,32.15462587843594,13.01045684137969,5.538445301822929
50.0,20.0,2,8.0,0,4,3,0,0,32.127447902930896,9.920510826477289,3.4950212458911083,4,4,0,0,33.488918665746795,12.531271167398593,5.833487434249235
50.0,20.0,2,8.0,15,4,3,0,0,28.815556008362975,9.258132447563703,3.4950212458911083,4,4,0,0,28.458489006428522,11.52518523553494,4.82740150238558
50.0,20.0,2,8.0,30,4,2,0,0,11.602554132386423,5.252376082381309,1.7573548364902003,4,4,0,0,27.98132190332744,11.336442414809808,4.7319680817653635
50.0,20.0,2,10.0,0,4,3,0,0,29.255112078954134,8.835282330249518,2.984259914458692,4,4,0,0,30.586985651274034,11.38928701158558,5.2718898813307735
50.0,20.0,2,10.0,15,4,3,0,0,26.01521783426812,8.187303481312316,2.984259914458692,4,4,0,0,25.665913158462683,10.405072513023311,4.287675382768503
50.0,20.0,2,10.0,30,4,2,0,0,9.17641165124759,4.2686287762425845,1.2843688617838922,4,4,0,0,25.19911925325511,10.220432797096553,4.194316601726988
50.0,20.0,2,12.0,0,4,3,0,0,26.38277625497738,7.750053834021753,2.4734985830262772,4,4,0,0,27.685052636801277,10.247302855772567,4.710292328412311
50.0,20.0,2,12.0,15,4,3,0,0,23.21487966017328,7.116474515060933,2.4734985830262772,4,4,0,0,22.873337310496844,9.28495979051168,3.747949263151425
50.0,20.0,2,12.0,30,4,2,0,0,6.7502691701087585,3.2848814701038616,0.8113828870775843,4,4,0,0,22.41691660318277,9.104423179383295,3.6566651216886097
50.0,20.0,3,5.0,0,4,4,0,0,37.87364382641606,12.955334423279703,5.380605657996494,4,4,0,0,42.499999999999986,14.621414714665015,6.121414714665015
50.0,20.0,3,5.0,15,4,4,0,0,34.45375545702528,12.27135674940155,5.380605657996494,4,4,0,0,37.30553459092134,13.582521632849286,5.082521632849287
50.0,20.0,3,5.0,30,4,3,0,0,22.276672116398544,8.134977894050165,2.754372236053671,4,4,0,0,36.33104720130791,13.387624154926598,4.98397625286102
50.0,20.0,3,8.0,0,4,4,0,0,33.519739284529265,11.283060704649829,4.579112847743977,4,4,0,0,38.000000000000014,12.89652793420192,5.296527934201914
50.0,20.0,3,8.0,15,4,4,0,0,30.20784738996134,10.620682325736245,4.579112847743977,4,4,0,0,32.96957034068174,11.890442002338263,4.29044200233826
50.0,20.0,3,8.0,30,4,3,0,0,18.41530352324913,6.614925960553849,2.0358131128098735,4,4,0,0,32.02585623705608,11.70169918161313,4.195008581718043
50.0,20.0,3,10.0,0,4,4,0,0,30.617136256604702,10.168211558896571,4.044784307575628,4,4,0,0,35.00000000000001,11.746603413893178,4.746603413893175
50.0,20.0,3,10.0,15,4,4,0,0,27.37724201191869,9.520232709959366,4.044784307575628,4,4,0,0,30.078927507188656,10.762388915330908,3.7623889153309054
50.0,20.0,3,10.0,30,4,3,0,0,15.841057794482838,5.601558004889634,1.5567736973140058,4,4,0,0,29.15572892755487,10.577749199404149,3.6690301342893905
50.0,20.0,3,12.0,0,4,4,0,0,27.71453322868016,9.05336241314331,3.5104557674072794,4,4,0,0,32.00000000000001,10.59667889358444,4.196678893584438
50.0,20.0,3,12.0,15,4,4,0,0,24.546636633876062,8.419783094182492,3.5104557674072794,4,4,0,0,27.188284673695573,9.634335828323554,3.2343358283235517
50.0,20.0,3,12.0,30,4,3,0,0,13.266812065716548,4.588190049225419,1.0777342818181401,4,4,0,0,26.285601618053647,9.453799217195167,3.1430516868607365
50.0,20.0,4,5.0,0,4,4,0,0,42.499999999999986,16.999999999999996,8.499999999999998,4,4,0,0,42.499999999999986,14.798677182918324,6.298677182918327
50.0,20.0,4,5.0,15,4,4,0,0,42.499999999999986,16.31602232612184,7.816022326121843,4,4,0,0,37.30553459092134,13.759784101102596,5.259784101102599
50.0,20.0,4,5.0,30,4,3,0,0,42.499999999999986,12.179643470770454,3.679643470770456,4,4,0,0,36.33104720130791,13.56488662317991,5.161238721114333
50.0,20.0,4,8.0,0,4,4,0,0,38.000000000000014,15.200000000000006,7.600000000000003,4,4,0,0,38.000000000000014,13.068192640299863,5.468192640299857
50.0,20.0,4,8.0,15,4,4,0,0,38.000000000000014,14.537621621086423,6.937621621086419,4,4,0,0,32.96957034068174,12.062106708436206,4.4621067084362025
50.0,20.0,4,8.0,30,4,3,0,0,38.000000000000014,10.531865255904028,2.931865255904024,4,4,0,0,32.02585623705608,11.873363887711072,4.366673287815986
50.0,20.0,4,10.0,0,4,4,0,0,35.00000000000001,14.000000000000004,7.000000000000002,4,4,0,0,35.00000000000001,11.914536278554209,4.914536278554206
50.0,20.0,4,10.0,15,4,4,0,0,35.00000000000001,13.3520211510628,6.352021151062799,4,4,0,0,30.078927507188656,10.930321779991939,3.930321779991937
50.0,20.0,4,10.0,30,4,3,0,0,35.00000000000001,9.433346445993067,2.4333464459930667,4,4,0,0,29.15572892755487,10.74568206406518,3.836962998950422
50.0,20.0,4,12.0,0,4,4,0,0,32.00000000000001,12.800000000000004,6.400000000000002,4,4,0,0,32.00000000000001,10.76087991680856,4.360879916808559
50.0,20.0,4,12.0,15,4,4,0,0,32.00000000000001,12.166420681039183,5.7664206810391825,4,4,0,0,27.188284673695573,9.798536851547674,3.398536851547671
50.0,20.0,4,12.0,30,4,3,0,0,32.00000000000001,8.33482763608211,1.9348276360821097,4,4,0,0,26.285601618053647,9.618000240419288,3.3072527100848563
50.0,20.0,6,5.0,0,4,4,0,0,42.499999999999986,16.999999999999996,8.499999999999998,4,3,1,0,42.499999999999986,10.349999999999996,1.8499999999999988
50.0,20.0,6,5.0,15,4,4,0,0,42.499999999999986,16.31602232612184,7.816022326121843,4,3,1,0,37.30553459092134,9.311106918184269,0.8111069181842702
50.0,20.0,6,5.0,30,4,3,0,0,42.499999999999986,12.179643470770454,3.679643470770456,4,3,1,0,36.33104720130791,9.023955905600346,0.6203080035347676
50.0,20.0,6,8.0,0,4,4,0,0,38.000000000000014,15.200000000000006,7.600000000000003,4,3,1,0,38.000000000000014,8.760000000000005,1.1600000000000024
50.0,20.0,6,8.0,15,4,4,0,0,38.000000000000014,14.537621621086423,6.937621621086419,4,3,1,0,32.96957034068174,7.753914068136351,0.15391406813634811
50.0,20.0,6,8.0,30,4,3,0,0,38.000000000000014,10.531865255904028,2.931865255904024,4,3,1,0,32.02585623705608,7.475830982265601,-0.030859617629486993
50.0,20.0,6,10.0,0,4,4,0,0,35.00000000000001,14.000000000000004,7.000000000000002,4,3,1,0,35.00000000000001,7.700000000000003,0.7000000000000015
50.0,20.0,6,10.0,15,4,4,0,0,35.00000000000001,13.3520211510628,6.352021151062799,4,3,1,0,30.078927507188656,6.7157855014377335,-0.2842144985622689
50.0,20.0,6,10.0,30,4,3,0,0,35.00000000000001,9.433346445993067,2.4333464459930667,4,3,1,0,29.15572892755487,6.443747700042436,-0.46497136507232323
50.0,20.0,6,12.0,0,4,4,0,0,32.00000000000001,12.800000000000004,6.400000000000002,4,3,1,0,32.00000000000001,6.640000000000004,0.2400000000000013
50.0,20.0,6,12.0,15,4,4,0,0,32.00000000000001,12.166420681039183,5.7664206810391825,4,3,1,0,27.188284673695573,5.677656934739116,-0.7223430652608855
50.0,20.0,6,12.0,30,4,3,0,0,32.00000000000001,8.33482763608211,1.9348276360821097,4,3,1,0,26.285601618053647,5.411664417819269,-0.8990831125151619
50.0,20.0,8,5.0,0,4,4,0,0,42.499999999999986,16.999999999999996,8.499999999999998,4,3,1,0,42.499999999999986,10.349999999999996,1.8499999999999988
50.0,20.0,8,5.0,15,4,4,0,0,42.499999999999986,16.31602232612184,7.816022326121843,4,3,1,0,37.30553459092134,9.311106918184269,0.8111069181842702
50.0,20.0,8,5.0,30,4,3,0,0,42.499999999999986,12.179643470770454,3.679643470770456,4,3,1,0,36.33104720130791,9.023955905600346,0.6203080035347676
50.0,20.0,8,8.0,0,4,4,0,0,38.000000000000014,15.200000000000006,7.600000000000003,4,3,1,0,38.000000000000014,8.760000000000005,1.1600000000000024
50.0,20.0,8,8.0,15,4,4,0,0,38.000000000000014,14.537621621086423,6.937621621086419,4,3,1,0,32.96957034068174,7.753914068136351,0.15391406813634811
50.0,20.0,8,8.0,30,4,3,0,0,38.000000000000014,10.531865255904028,2.931865255904024,4,3,1,0,32.02585623705608,7.475830982265601,-0.030859617629486993
50.0,20.0,8,10.0,0,4,4,0,0,35.00000000000001,14.000000000000004,7.000000000000002,4,3,1,0,35.00000000000001,7.700000000000003,0.7000000000000015
50.0,20.0,8,10.0,15,4,4,0,0,35.00000000000001,13.3520211510628,6.352021151062799,4,3,1,0,30.078927507188656,6.7157855014377335,-0.2842144985622689
50.0,20.0,8,10.0,30,4,3,0,0,35.00000000000001,9.433346445993067,2.4333464459930667,4,3,1,0,29.15572892755487,6.443747700042436,-0.46497136507232323
50.0,20.0,8,12.0,0,4,4,0,0,32.00000000000001,12.800000000000004,6.400000000000002,4,3,1,0,32.00000000000001,6.640000000000004,0.2400000000000013
50.0,20.0,8,12.0,15,4,4,0,0,32.00000000000001,12.166420681039183,5.7664206810391825,4,3,1,0,27.188284673695573,5.677656934739116,-0.7223430652608855
50.0,20.0,8,12.0,30,4,3,0,0,32.00000000000001,8.33482763608211,1.9348276360821097,4,3,1,0,26.285601618053647,5.411664417819269,-0.8990831125151619
50.0,22.0,2,5.0,0,4,4,0,0,36.435951638896015,11.548353570818932,4.261163243039728,4,4,0,0,37.841818187455914,14.244247401118106,6.675883763626922
50.0,22.0,2,5.0,15,4,4,0,0,33.01606326950524,10.864375896940777,4.261163243039728,4,4,0,0,32.64735277837727,13.205354319302376,5.636990681811195
50.0,22.0,2,5.0,30,4,3,0,0,15.241767854094666,6.727997041589389,2.4668337985496613,4,4,0,0,32.15462587843594,13.01045684137969,5.538445301822929
50.0,22.0,2,8.0,0,4,3,0,0,32.127447902930896,9.920510826477289,3.4950212458911083,4,4,0,0,33.488918665746795,12.531271167398593,5.833487434249235
50.0,22.0,2,8.0,15,4,3,0,0,28.815556008362975,9.258132447563703,3.4950212458911083,4,4,0,0,28.458489006428522,11.52518523553494,4.82740150238558
50.0,22.0,2,8.0,30,4,2,0,0,11.602554132386423,5.252376082381309,1.7573548364902003,4,4,0,0,27.98132190332744,11.336442414809808,4.7319680817653635
50.0,22.0,2,10.0,0,4,3,0,0,29.255112078954134,8.835282330249518,2.984259914458692,4,4,0,0,30.586985651274034,11.38928701158558,5.2718898813307735
50.0,22.0,2,10.0,15,4,3,0,0,26.01521783426812,8.187303481312316,2.984259914458692,4,4,0,0,25.665913158462683,10.405072513023311,4.287675382768503
50.0,22.0,2,10.0,30,4,2,0,0,9.17641165124759,4.2686287762425845,1.2843688617838922,4,4,0,0,25.19911925325511,10.220432797096553,4.194316601726988
50.0,22.0,2,12.0,0,4,3,0,0,26.38277625497738,7.750053834021753,2.4734985830262772,4,4,0,0,27.685052636801277,10.247302855772567,4.710292328412311
50.0,22.0,2,12.0,15,4,3,0,0,23.21487966017328,7.116474515060933,2.4734985830262772,4,4,0,0,22.873337310496844,9.28495979051168,3.747949263151425
50.0,22.0,2,12.0,30,4,2,0,0,6.7502691701087585,3.2848814701038616,0.8113828870775843,4,4,0,0,22.41691660318277,9.104423179383295,3.6566651216886097
50.0,22.0,3,5.0,0,4,4,0,0,37.87364382641606,12.955334423279703,5.380605657996494,4,4,0,0,42.499999999999986,14.621414714665015,6.121414714665015
50.0,22.0,3,5.0,15,4,4,0,0,34.45375545702528,12.27135674940155,5.380605657996494,4,4,0,0,37.30553459092134,13.582521632849286,5.082521632849287
50.0,22.0,3,5.0,30,4,3,0,0,22.276672116398544,8.134977894050165,2.754372236053671,4,4,0,0,36.33104720130791,13.387624154926598,4.98397625286102
50.0,22.0,3,8.0,0,4,4,0,0,33.519739284529265,11.283060704649829,4.579112847743977,4,4,0,0,38.000000000000014,12.89652793420192,5.296527934201914
50.0,22.0,3,8.0,15,4,4,0,0,30.20784738996134,10.620682325736245,4.579112847743977,4,4,0,0,32.96957034068174,11.890442002338263,4.29044200233826
50.0,22.0,3,8.0,30,4,3,0,0,18.41530352324913,6.614925960553849,2.0358131128098735,4,4,0,0,32.02585623705608,11.70169918161313,4.195008581718043
50.0,22.0,3,10.0,0,4,4,0,0,30.617136256604702,10.168211558896571,4.044784307575628,4,4,0,0,35.00000000000001,11.746603413893178,4.746603413893175
50.0,22.0,3,10.0,15,4,4,0,0,27.37724201191869,9.520232709959366,4.044784307575628,4,4,0,0,30.078927507188656,10.762388915330908,3.7623889153309054
50.0,22.0,3,10.0,30,4,3,0,0,15.841057794482838,5.601558004889634,1.5567736973140058,4,4,0,0,29.15572892755487,10.577749199404149,3.6690301342893905
50.0,22.0,3,12.0,0,4,4,0,0,27.71453322868016,9.05336241314331,3.5104557674072794,4,4,0,0,32.00000000000001,10.59667889358444,4.196678893584438
50.0,22.0,3,12.0,15,4,4,0,0,24.546636633876062,8.419783094182492,3.5104557674072794,4,4,0,0,27.188284673695573,9.634335828323554,3.2343358283235517
50.0,22.0,3,12.0,30,4,3,0,0,13.266812065716548,4.588190049225419,1.0777342818181401,4,4,0,0,26.285601618053647,9.453799217195167,3.1430516868607365
50.0,22.0,4,5.0,0,4,4,0,0,42.499999999999986,16.999999999999996,8.499999999999998,4,4,0,0,42.499999999999986,14.798677182918324,6.298677182918327
50.0,22.0,4,5.0,15,4,4,0,0,42.499999999999986,16.31602232612184,7.816022326121843,4,4,0,0,37.30553459092134,13.759784101102596,5.259784101102599
50.0,22.0,4,5.0,30,4,3,0,0,42.499999999999986,12.179643470770454,3.679643470770456,4,4,0,0,36.33104720130791,13.56488662317991,5.161238721114333
50.0,22.0,4,8.0,0,4,4,0,0,38.000000000000014,15.200000000000006,7.600000000000003,4,4,0,0,38.000000000000014,13.068192640299863,5.468192640299857
50.0,22.0,4,8.0,15,4,4,0,0,38.000000000000014,14.537621621086423,6.937621621086419,4,4,0,0,32.96957034068174,12.062106708436206,4.4621067084362025
50.0,22.0,4,8.0,30,4,3,0,0,38.000000000000014,10.531865255904028,2.931865255904024,4,4,0,0,32.02585623705608,11.873363887711072,4.366673287815986
50.0,22.0,4,10.0,0,4,4,0,0,35.00000000000001,14.000000000000004,7.000000000000002,4,4,0,0,35.00000000000001,11.914536278554209,4.914536278554206
50.0,22.0,4,10.0,15,4,4,0,0,35.00000000000001,13.3520211510628,6.352021151062799,4,4,0,0,30.078927507188656,10.930321779991939,3.930321779991937
50.0,22.0,4,10.0,30,4,3,0,0,35.00000000000001,9.433346445993067,2.4333464459930667,4,4,0,0,29.15572892755487,10.74568206406518,3.836962998950422
50.0,22.0,4,12.0,0,4,4,0,0,32.00000000000001,12.800000000000004,6.400000000000002,4,4,0,0,32.00000000000001,10.76087991680856,4.360879916808559
50.0,22.0,4,12.0,15,4,4,0,0,32.00000000000001,12.166420681039183,5.7664206810391825,4,4,0,0,27.188284673695573,9.798536851547674,3.398536851547671
50.0,22.0,4,12.0,30,4,3,0,0,32.00000000000001,8.33482763608211,1.9348276360821097,4,4,0,0,26.285601618053647,9.618000240419288,3.3072527100848563
50.0,22.0,6,5.0,0,4,4,0,0,42.499999999999986,16.999999999999996,8.499999999999998,4,3,1,0,42.499999999999986,9.205754860756844,0.7057548607568457
50.0,22.0,6,5.0,15,4,4,0,0,42.499999999999986,16.31602232612184,7.816022326121843,4,3,1,0,37.30553459092134,8.166861778941115,-0.3331382210588828
50.0,22.0,6,5.0,30,4,3,0,0,42.499999999999986,12.179643470770454,3.679643470770456,4,3,1,0,36.33104720130791,7.971964301018429,-0.4316836010471491
50.0,22.0,6,8.0,0,4,4,0,0,38.000000000000014,15.200000000000006,7.600000000000003,4,3,1,0,38.000000000000014,7.651888917785583,0.05188891778557974
50.0,22.0,6,8.0,15,4,4,0,0,38.000000000000014,14.537621621086423,6.937621621086419,4,3,1,0,32.96957034068174,6.645802985921929,-0.9541970140780744
50.0,22.0,6,8.0,30,4,3,0,0,38.000000000000014,10.531865255904028,2.931865255904024,4,3,1,0,32.02585623705608,6.457060165196797,-1.049630434698291
50.0,22.0,6,10.0,0,4,4,0,0,35.00000000000001,14.000000000000004,7.000000000000002,4,3,1,0,35.00000000000001,6.615978289138069,-0.3840217108619328
50.0,22.0,6,10.0,15,4,4,0,0,35.00000000000001,13.3520211510628,6.352021151062799,4,3,1,0,30.078927507188656,5.631763790575799,-1.368236209424203
50.0,22.0,6,10.0,30,4,3,0,0,35.00000000000001,9.433346445993067,2.4333464459930667,4,3,1,0,29.15572892755487,5.44712407464904,-1.461594990465718
50.0,22.0,6,12.0,0,4,4,0,0,32.00000000000001,12.800000000000004,6.400000000000002,4,3,1,0,32.00000000000001,5.580067660490556,-0.819932339509446
50.0,22.0,6,12.0,15,4,4,0,0,32.00000000000001,12.166420681039183,5.7664206810391825,4,3,1,0,27.188284673695573,4.617724595229669,-1.7822754047703329
50.0,22.0,6,12.0,30,4,3,0,0,32.00000000000001,8.33482763608211,1.9348276360821097,4,3,1,0,26.285601618053647,4.437187984101283,-1.8735595462331478
50.0,22.0,8,5.0,0,4,4,0,0,42.499999999999986,16.999999999999996,8.499999999999998,4,3,1,0,42.499999999999986,9.205754860756844,0.7057548607568457
50.0,22.0,8,5.0,15,4,4,0,0,42.499999999999986,16.31602232612184,7.816022326121843,4,3,1,0,37.30553459092134,8.33135439585097,-0.1686456041490267
50.0,22.0,8,5.0,30,4,3,0,0,42.499999999999986,12.179643470770454,3.679643470770456,4,3,1,0,36.33104720130791,7.471616382115181,-0.9320315199503967
50.0,22.0,8,8.0,0,4,4,0,0,38.000000000000014,15.200000000000006,7.600000000000003,4,3,1,0,38.000000000000014,7.651888917785583,0.05188891778557974
50.0,22.0,8,8.0,15,4,4,0,0,38.000000000000014,14.537621621086423,6.937621621086419,4,3,1,0,32.96957034068174,6.805101099139894,-0.7948989008601086
50.0,22.0,8,8.0,30,4,3,0,0,38.000000000000014,10.531865255904028,2.931865255904024,4,3,1,0,32.02585623705608,5.972512706890493,-1.5341778930045948
50.0,22.0,8,10.0,0,4,4,0,0,35.00000000000001,14.000000000000004,7.000000000000002,4,3,1,0,35.00000000000001,6.615978289138069,-0.3840217108619328
50.0,22.0,8,10.0,15,4,4,0,0,35.00000000000001,13.3520211510628,6.352021151062799,4,3,1,0,30.078927507188656,5.787598901332504,-1.2124010986674982
50.0,22.0,8,10.0,30,4,3,0,0,35.00000000000001,9.433346445993067,2.4333464459930667,4,3,1,0,29.15572892755487,4.9731102567407,-1.9356088083740588
50.0,22.0,8,12.0,0,4,4,0,0,32.00000000000001,12.800000000000004,6.400000000000002,4,3,1,0,32.00000000000001,5.580067660490556,-0.819932339509446
50.0,22.0,8,12.0,15,4,4,0,0,32.00000000000001,12.166420681039183,5.7664206810391825,4,3,1,0,27.188284673695573,4.770096703525114,-1.6299032964748876
50.0,22.0,8,12.0,30,4,3,0,0,32.00000000000001,8.33482763608211,1.9348276360821097,4,3,1,0,26.285601618053647,3.973707806590906,-2.3370397237435245
50.0,25.0,2,5.0,0,4,4,0,0,36.435951638896015,11.548353570818932,4.261163243039728,4,4,0,0,37.841818187455914,14.244247401118106,6.675883763626922
50.0,25.0,2,5.0,15,4,4,0,0,33.01606326950524,10.864375896940777,4.261163243039728,4,4,0,0,32.64735277837727,13.205354319302376,5.636990681811195
50.0,25.0,2,5.0,30,4,3,0,0,15.241767854094666,6.727997041589389,2.4668337985496613,4,4,0,0,32.15462587843594,13.01045684137969,5.538445301822929
50.0,25.0,2,8.0,0,4,3,0,0,32.127447902930896,9.920510826477289,3.4950212458911083,4,4,0,0,33.488918665746795,12.531271167398593,5.833487434249235
50.0,25.0,2,8.0,15,4,3,0,0,28.815556008362975,9.258132447563703,3.4950212458911083,4,4,0,0,28.458489006428522,11.52518523553494,4.82740150238558
50.0,25.0,2,8.0,30,4,2,0,0,11.602554132386423,5.252376082381309,1.7573548364902003,4,4,0,0,27.98132190332744,11.336442414809808,4.7319680817653635
50.0,25.0,2,10.0,0,4,3,0,0,29.255112078954134,8.835282330249518,2.984259914458692,4,4,0,0,30.586985651274034,11.38928701158558,5.2718898813307735
50.0,25.0,2,10.0,15,4,3,0,0,26.01521783426812,8.187303481312316,2.984259914458692,4,4,0,0,25.665913158462683,10.405072513023311,4.287675382768503
50.0,25.0,2,10.0,30,4,2,0,0,9.17641165124759,4.2686287762425845,1.2843688617838922,4,4,0,0,25.19911925325511,10.220432797096553,4.194316601726988
50.0,25.0,2,12.0,0,4,3,0,0,26.38277625497738,7.750053834021753,2.4734985830262772,4,4,0,0,27.685052636801277,10.247302855772567,4.710292328412311
50.0,25.0,2,12.0,15,4,3,0,0,23.21487966017328,7.116474515060933,2.4734985830262772,4,4,0,0,22.873337310496844,9.28495979051168,3.747949263151425
50.0,25.0,2,12.0,30,4,2,0,0,6.7502691701087585,3.2848814701038616,0.8113828870775843,4,4,0,0,22.41691660318277,9.104423179383295,3.6566651216886097
50.0,25.0,3,5.0,0,4,4,0,0,37.87364382641606,12.955334423279703,5.380605657996494,4,4,0,0,42.499999999999986,14.621414714665015,6.121414714665015
50.0,25.0,3,5.0,15,4,4,0,0,34.45375545702528,12.27135674940155,5.380605657996494,4,4,0,0,37.30553459092134,13.582521632849286,5.082521632849287
50.0,25.0,3,5.0,30,4,3,0,0,22.276672116398544,8.134977894050165,2.754372236053671,4,4,0,0,36.33104720130791,13.387624154926598,4.98397625286102
50.0,25.0,3,8.0,0,4,4,0,0,33.519739284529265,11.283060704649829,4.579112847743977,4,4,0,0,38.000000000000014,12.89652793420192,5.296527934201914
50.0,25.0,3,8.0,15,4,4,0,0,30.20784738996134,10.620682325736245,4.579112847743977,4,4,0,0,32.96957034068174,11.890442002338263,4.29044200233826
50.0,25.0,3,8.0,30,4,3,0,0,18.41530352324913,6.614925960553849,2.0358131128098735,4,4,0,0,32.02585623705608,11.70169918161313,4.195008581718043
50.0,25.0,3,10.0,0,4,4,0,0,30.617136256604702,10.168211558896571,4.044784307575628,4,4,0,0,35.00000000000001,11.746603413893178,4.746603413893175
50.0,25.0,3,10.0,15,4,4,0,0,27.37724201191869,9.520232709959366,4.044784307575628,4,4,0,0,30.078927507188656,10.762388915330908,3.7623889153309054
50.0,25.0,3,10.0,30,4,3,0,0,15.841057794482838,5.601558004889634,1.5567736973140058,4,4,0,0,29.15572892755487,10.577749199404149,3.6690301342893905
50.0,25.0,3,12.0,0,4,4,0,0,27.71453322868016,9.05336241314331,3.5104557674072794,4,4,0,0,32.00000000000001,10.59667889358444,4.196678893584438
50.0,25.0,3,12.0,15,4,4,0,0,24.546636633876062,8.419783094182492,3.5104557674072794,4,4,0,0,27.188284673695573,9.634335828323554,3.2343358283235517
50.0,25.0,3,12.0,30,4,3,0,0,13.266812065716548,4.588190049225419,1.0777342818181401,4,4,0,0,26.285601618053647,9.453799217195167,3.1430516868607365
50.0,25.0,4,5.0,0,4,4,0,0,42.499999999999986,16.999999999999996,8.499999999999998,4,4,0,0,42.499999999999986,14.798677182918324,6.298677182918327
50.0,25.0,4,5.0,15,4,4,0,0,42.499999999999986,16.31602232612184,7.816022326121843,4,4,0,0,37.30553459092134,13.759784101102596,5.259784101102599
50.0,25.0,4,5.0,30,4,3,0,0,42.499999999999986,12.179643470770454,3.679643470770456,4,4,0,0,36.33104720130791,13.56488662317991,5.161238721114333
50.0,25.0,4,8.0,0,4,4,0,0,38.000000000000014,15.200000000000006,7.600000000000003,4,4,0,0,38.000000000000014,13.068192640299863,5.468192640299857
50.0,25.0,4,8.0,15,4,4,0,0,38.000000000000014,14.537621621086423,6.937621621086419,4,4,0,0,32.96957034068174,12.062106708436206,4.4621067084362025
50.0,25.0,4,8.0,30,4,3,0,0,38.000000000000014,10.531865255904028,2.931865255904024,4,4,0,0,32.02585623705608,11.873363887711072,4.366673287815986
50.0,25.0,4,10.0,0,4,4,0,0,35.00000000000001,14.000000000000004,7.000000000000002,4,4,0,0,35.00000000000001,11.914536278554209,4.914536278554206
50.0,25.0,4,10.0,15,4,4,0,0,35.00000000000001,13.3520211510628,6.352021151062799,4,4,0,0,30.078927507188656,10.930321779991939,3.930321779991937
50.0,25.0,4,10.0,30,4,3,0,0,35.00000000000001,9.433346445993067,2.4333464459930667,4,4,0,0,29.15572892755487,10.74568206406518,3.836962998950422
50.0,25.0,4,12.0,0,4,4,0,0,32.00000000000001,12.800000000000004,6.400000000000002,4,4,0,0,32.00000000000001,10.76087991680856,4.360879916808559
50.0,25.0,4,12.0,15,4,4,0,0,32.00000000000001,12.166420681039183,5.7664206810391825,4,4,0,0,27.188284673695573,9.798536851547674,3.398536851547671
50.0,25.0,4,12.0,30,4,3,0,0,32.00000000000001,8.33482763608211,1.9348276360821097,4,4,0,0,26.285601618053647,9.618000240419288,3.3072527100848563
50.0,25.0,6,5.0,0,4,4,0,0,42.499999999999986,16.999999999999996,8.499999999999998,4,3,1,0,42.499999999999986,9.205754860756844,0.7057548607568457
50.0,25.0,6,5.0,15,4,4,0,0,42.499999999999986,16.31602232612184,7.816022326121843,4,3,1,0,37.30553459092134,8.166861778941115,-0.3331382210588828
50.0,25.0,6,5.0,30,4,3,0,0,42.499999999999986,12.179643470770454,3.679643470770456,4,3,1,0,36.33104720130791,7.971964301018429,-0.4316836010471491
50.0,25.0,6,8.0,0,4,4,0,0,38.000000000000014,15.200000000000006,7.600000000000003,4,3,1,0,38.000000000000014,7.651888917785583,0.05188891778557974
50.0,25.0,6,8.0,15,4,4,0,0,38.000000000000014,14.537621621086423,6.937621621086419,4,3,1,0,32.96957034068174,6.645802985921929,-0.9541970140780744
50.0,25.0,6,8.0,30,4,3,0,0,38.000000000000014,10.531865255904028,2.931865255904024,4,3,1,0,32.02585623705608,6.457060165196797,-1.049630434698291
50.0,25.0,6,10.0,0,4,4,0,0,35.00000000000001,14.000000000000004,7.000000000000002,4,3,1,0,35.00000000000001,6.615978289138069,-0.3840217108619328
50.0,25.0,6,10.0,15,4,4,0,0,35.00000000000001,13.3520211510628,6.352021151062799,4,3,1,0,30.078927507188656,5.631763790575799,-1.368236209424203
50.0,25.0,6,10.0,30,4,3,0,0,35.00000000000001,9.433346445993067,2.4333464459930667,4,3,1,0,29.15572892755487,5.44712407464904,-1.461594990465718
50.0,25.0,6,12.0,0,4,4,0,0,32.00000000000001,12.800000000000004,6.400000000000002,4,3,1,0,32.00000000000001,5.580067660490556,-0.819932339509446
50.0,25.0,6,12.0,15,4,4,0,0,32.00000000000001,12.166420681039183,5.7664206810391825,4,3,1,0,27.188284673695573,4.617724595229669,-1.7822754047703329
50.0,25.0,6,12.0,30,4,3,0,0,32.00000000000001,8.33482763608211,1.9348276360821097,4,3,1,0,26.285601618053647,4.437187984101283,-1.8735595462331478
50.0,25.0,8,5.0,0,4,4,0,0,42.499999999999986,16.999999999999996,8.499999999999998,4,3,1,0,42.499999999999986,9.205754860756844,0.7057548607568457
50.0,25.0,8,5.0,15,4,4,0,0,42.499999999999986,16.31602232612184,7.816022326121843,4,3,1,0,37.30553459092134,8.33135439585097,-0.1686456041490267
50.0,25.0,8,5.0,30,4,3,0,0,42.499999999999986,12.179643470770454,3.679643470770456,4,3,1,0,36.33104720130791,7.471616382115181,-0.9320315199503967
50.0,25.0,8,8.0,0,4,4,0,0,38.000000000000014,15.200000000000006,7.600000000000003,4,3,1,0,38.000000000000014,7.651888917785583,0.05188891778557974
50.0,25.0,8,8.0,15,4,4,0,0,38.000000000000014,14.537621621086423,6.937621621086419,4,3,1,0,32.96957034068174,6.805101099139894,-0.7948989008601086
50.0,25.0,8,8.0,30,4,3,0,0,38.000000000000014,10.531865255904028,2.931865255904024,4,3,1,0,32.02585623705608,5.972512706890493,-1.5341778930045948
50.0,25.0,8,10.0,0,4,4,0,0,35.00000000000001,14.000000000000004,7.000000000000002,4,3,1,0,35.00000000000001,6.615978289138069,-0.3840217108619328
50.0,25.0,8,10.0,15,4,4,0,0,35.00000000000001,13.3520211510628,6.352021151062799,4,3,1,0,30.078927507188656,5.787598901332504,-1.2124010986674982
50.0,25.0,8,10.0,30,4,3,0,0,35.00000000000001,9.433346445993067,2.4333464459930667,4,3,1,0,29.15572892755487,4.9731102567407,-1.9356088083740588
50.0,25.0,8,12.0,0,4,4,0,0,32.00000000000001,12.800000000000004,6.400000000000002,4,3,1,0,32.00000000000001,5.580067660490556,-0.819932339509446
50.0,25.0,8,12.0,15,4,4,0,0,32.00000000000001,12.166420681039183,5.7664206810391825,4,3,1,0,27.188284673695573,4.770096703525114,-1.6299032964748876
50.0,25.0,8,12.0,30,4,3,0,0,32.00000000000001,8.33482763608211,1.9348276360821097,4,3,1,0,26.285601618053647,3.973707806590906,-2.3370397237435245
50.0,30.0,2,5.0,0,4,4,0,0,36.435951638896015,11.548353570818932,4.261163243039728,4,4,0,0,37.841818187455914,14.244247401118106,6.675883763626922
50.0,30.0,2,5.0,15,4,4,0,0,33.01606326950524,10.864375896940777,4.261163243039728,4,4,0,0,32.64735277837727,13.205354319302376,5.636990681811195
50.0,30.0,2,5.0,30,4,3,0,0,15.241767854094666,6.727997041589389,2.4668337985496613,4,4,0,0,32.15462587843594,13.01045684137969,5.538445301822929
50.0,30.0,2,8.0,0,4,3,0,0,32.127447902930896,9.920510826477289,3.4950212458911083,4,4,0,0,33.488918665746795,12.531271167398593,5.833487434249235
50.0,30.0,2,8.0,15,4,3,0,0,28.815556008362975,9.258132447563703,3.4950212458911083,4,4,0,0,28.458489006428522,11.52518523553494,4.82740150238558
50.0,30.0,2,8.0,30,4,2,0,0,11.602554132386423,5.252376082381309,1.7573548364902003,4,4,0,0,27.98132190332744,11.336442414809808,4.7319680817653635
50.0,30.0,2,10.0,0,4,3,0,0,29.255112078954134,8.835282330249518,2.984259914458692,4,4,0,0,30.586985651274034,11.38928701158558,5.2718898813307735
50.0,30.0,2,10.0,15,4,3,0,0,26.01521783426812,8.187303481312316,2.984259914458692,4,4,0,0,25.665913158462683,10.405072513023311,4.287675382768503
50.0,30.0,2,10.0,30,4,2,0,0,9.17641165124759,4.2686287762425845,1.2843688617838922,4,4,0,0,25.19911925325511,10.220432797096553,4.194316601726988
50.0,30.0,2,12.0,0,4,3,0,0,26.38277625497738,7.750053834021753,2.4734985830262772,4,4,0,0,27.685052636801277,10.247302855772567,4.710292328412311
50.0,30.0,2,12.0,15,4,3,0,0,23.21487966017328,7.116474515060933,2.4734985830262772,4,4,0,0,22.873337310496844,9.28495979051168,3.747949263151425
50.0,30.0,2,12.0,30,4,2,0,0,6.7502691701087585,3.2848814701038616,0.8113828870775843,4,4,0,0,22.41691660318277,9.104423179383295,3.6566651216886097
50.0,30.0,3,5.0,0,4,4,0,0,37.87364382641606,12.955334423279703,5.380605657996494,4,4,0,0,42.499999999999986,14.621414714665015,6.121414714665015
50.0,30.0,3,5.0,15,4,4,0,0,34.45375545702528,12.27135674940155,5.380605657996494,4,4,0,0,37.30553459092134,13.582521632849286,5.082521632849287
50.0,30.0,3,5.0,30,4,3,0,0,22.276672116398544,8.134977894050165,2.754372236053671,4,4,0,0,36.33104720130791,13.387624154926598,4.98397625286102
50.0,30.0,3,8.0,0,4,4,0,0,33.519739284529265,11.283060704649829,4.579112847743977,4,4,0,0,38.000000000000014,12.89652793420192,5.296527934201914
50.0,30.0,3,8.0,15,4,4,0,0,30.20784738996134,10.620682325736245,4.579112847743977,4,4,0,0,32.96957034068174,11.890442002338263,4.29044200233826
50.0,30.0,3,8.0,30,4,3,0,0,18.41530352324913,6.614925960553849,2.0358131128098735,4,4,0,0,32.02585623705608,11.70169918161313,4.195008581718043
50.0,30.0,3,10.0,0,4,4,0,0,30.617136256604702,10.168211558896571,4.044784307575628,4,4,0,0,35.00000000000001,11.746603413893178,4.746603413893175
50.0,30.0,3,10.0,15,4,4,0,0,27.37724201191869,9.520232709959366,4.044784307575628,4,4,0,0,30.078927507188656,10.762388915330908,3.7623889153309054
50.0,30.0,3,10.0,30,4,3,0,0,15.841057794482838,5.601558004889634,1.5567736973140058,4,4,0,0,29.15572892755487,10.577749199404149,3.6690301342893905
50.0,30.0,3,12.0,0,4,4,0,0,27.71453322868016,9.05336241314331,3.5104557674072794,4,4,0,0,32.00000000000001,10.59667889358444,4.196678893584438
50.0,30.0,3,12.0,15,4,4,0,0,24.546636633876062,8.419783094182492,3.5104557674072794,4,4,0,0,27.188284673695573,9.634335828323554,3.2343358283235517
50.0,30.0,3,12.0,30,4,3,0,0,13.266812065716548,4.588190049225419,1.0777342818181401,4,4,0,0,26.285601618053647,9.453799217195167,3.1430516868607365
50.0,30.0,4,5.0,0,4,4,0,0,42.499999999999986,16.999999999999996,8.499999999999998,4,4,0,0,42.499999999999986,14.798677182918324,6.298677182918327
50.0,30.0,4,5.0,15,4,4,0,0,42.499999999999986,16.31602232612184,7.816022326121843,4,4,0,0,37.30553459092134,13.759784101102596,5.259784101102599
50.0,30.0,4,5.0,30,4,3,0,0,42.499999999999986,12.179643470770454,3.679643470770456,4,4,0,0,36.33104720130791,13.56488662317991,5.161238721114333
50.0,30.0,4,8.0,0,4,4,0,0,38.000000000000014,15.200000000000006,7.600000000000003,4,4,0,0,38.000000000000014,13.068192640299863,5.468192640299857
50.0,30.0,4,8.0,15,4,4,0,0,38.000000000000014,14.537621621086423,6.937621621086419,4,4,0,0,32.96957034068174,12.062106708436206,4.4621067084362025
50.0,30.0,4,8.0,30,4,3,0,0,38.000000000000014,10.531865255904028,2.931865255904024,4,4,0,0,32.02585623705608,11.873363887711072,4.366673287815986
50.0,30.0,4,10.0,0,4,4,0,0,35.00000000000001,14.000000000000004,7.000000000000002,4,4,0,0,35.00000000000001,11.914536278554209,4.914536278554206
50.0,30.0,4,10.0,15,4,4,0,0,35.00000000000001,13.3520211510628,6.352021151062799,4,4,0,0,30.078927507188656,10.930321779991939,3.930321779991937
50.0,30.0,4,10.0,30,4,3,0,0,35.00000000000001,9.433346445993067,2.4333464459930667,4,4,0,0,29.15572892755487,10.74568206406518,3.836962998950422
50.0,30.0,4,12.0,0,4,4,0,0,32.00000000000001,12.800000000000004,6.400000000000002,4,4,0,0,32.00000000000001,10.76087991680856,4.360879916808559
50.0,30.0,4,12.0,15,4,4,0,0,32.00000000000001,12.166420681039183,5.7664206810391825,4,4,0,0,27.188284673695573,9.798536851547674,3.398536851547671
50.0,30.0,4,12.0,30,4,3,0,0,32.00000000000001,8.33482763608211,1.9348276360821097,4,4,0,0,26.285601618053647,9.618000240419288,3.3072527100848563
50.0,30.0,6,5.0,0,4,4,0,0,42.499999999999986,16.999999999999996,8.499999999999998,4,3,1,0,42.499999999999986,9.205754860756844,0.7057548607568457
50.0,30.0,6,5.0,15,4,4,0,0,42.499999999999986,16.31602232612184,7.816022326121843,4,3,1,0,37.30553459092134,8.166861778941115,-0.3331382210588828
50.0,30.0,6,5.0,30,4,3,0,0,42.499999999999986,12.179643470770454,3.679643470770456,4,3,1,0,36.33104720130791,7.971964301018429,-0.4316836010471491
50.0,30.0,6,8.0,0,4,4,0,0,38.000000000000014,15.200000000000006,7.600000000000003,4,3,1,0,38.000000000000014,7.651888917785583,0.05188891778557974
50.0,30.0,6,8.0,15,4,4,0,0,38.000000000000014,14.537621621086423,6.937621621086419,4,3,1,0,32.96957034068174,6.645802985921929,-0.9541970140780744
50.0,30.0,6,8.0,30,4,3,0,0,38.000000000000014,10.531865255904028,2.931865255904024,4,3,1,0,32.02585623705608,6.457060165196797,-1.049630434698291
50.0,30.0,6,10.0,0,4,4,0,0,35.00000000000001,14.000000000000004,7.000000000000002,4,3,1,0,35.00000000000001,6.615978289138069,-0.3840217108619328
50.0,30.0,6,10.0,15,4,4,0,0,35.00000000000001,13.3520211510628,6.352021151062799,4,3,1,0,30.078927507188656,5.631763790575799,-1.368236209424203
50.0,30.0,6,10.0,30,4,3,0,0,35.00000000000001,9.433346445993067,2.4333464459930667,4,3,1,0,29.15572892755487,5.44712407464904,-1.461594990465718
50.0,30.0,6,12.0,0,4,4,0,0,32.00000000000001,12.800000000000004,6.400000000000002,4,3,1,0,32.00000000000001,5.580067660490556,-0.819932339509446
50.0,30.0,6,12.0,15,4,4,0,0,32.00000000000001,12.166420681039183,5.7664206810391825,4,3,1,0,27.188284673695573,4.617724595229669,-1.7822754047703329
50.0,30.0,6,12.0,30,4,3,0,0,32.00000000000001,8.33482763608211,1.9348276360821097,4,3,1,0,26.285601618053647,4.437187984101283,-1.8735595462331478
50.0,30.0,8,5.0,0,4,4,0,0,42.499999999999986,16.999999999999996,8.499999999999998,4,3,1,0,42.499999999999986,9.205754860756844,0.7057548607568457
50.0,30.0,8,5.0,15,4,4,0,0,42.499999999999986,16.31602232612184,7.816022326121843,4,3,1,0,37.30553459092134,8.33135439585097,-0.1686456041490267
50.0,30.0,8,5.0,30,4,3,0,0,42.499999999999986,12.179643470770454,3.679643470770456,4,3,1,0,36.33104720130791,7.471616382115181,-0.9320315199503967
50.0,30.0,8,8.0,0,4,4,0,0,38.000000000000014,15.200000000000006,7.600000000000003,4,3,1,0,38.000000000000014,7.651888917785583,0.05188891778557974
50.0,30.0,8,8.0,15,4,4,0,0,38.000000000000014,14.537621621086423,6.937621621086419,4,3,1,0,32.96957034068174,6.805101099139894,-0.7948989008601086
50.0,30.0,8,8.0,30,4,3,0,0,38.000000000000014,10.531865255904028,2.931865255904024,4,3,1,0,32.02585623705608,5.972512706890493,-1.5341778930045948
50.0,30.0,8,10.0,0,4,4,0,0,35.00000000000001,14.000000000000004,7.000000000000002,4,3,1,0,35.00000000000001,6.615978289138069,-0.3840217108619328
50.0,30.0,8,10.0,15,4,4,0,0,35.00000000000001,13.3520211510628,6.352021151062799,4,3,1,0,30.078927507188656,5.787598901332504,-1.2124010986674982
50.0,30.0,8,10.0,30,4,3,0,0,35.00000000000001,9.433346445993067,2.4333464459930667,4,3,1,0,29.15572892755487,4.9731102567407,-1.9356088083740588
50.0,30.0,8,12.0,0,4,4,0,0,32.00000000000001,12.800000000000004,6.400000000000002,4,3,1,0,32.00000000000001,5.580067660490556,-0.819932339509446
50.0,30.0,8,12.0,15,4,4,0,0,32.00000000000001,12.166420681039183,5.7664206810391825,4,3,1,0,27.188284673695573,4.770096703525114,-1.6299032964748876
50.0,30.0,8,12.0,30,4,3,0,0,32.00000000000001,8.33482763608211,1.9348276360821097,4,3,1,0,26.285601618053647,3.973707806590906,-2.3370397237435245
55.00000000000001,15.0,2,5.0,0,4,3,1,0,38.810951638896015,10.562190327779204,2.7999999999999994,4,3,1,0,28.721237005590538,8.478729498744052,0.435365861252869
55.00000000000001,15.0,2,5.0,15,4,3,1,0,33.01606326950524,9.403212653901049,2.7999999999999994,4,3,1,0,28.721237005590538,8.544247401118106,0.5008837636269238
55.00000000000001,15.0,2,5.0,30,4,2,1,0,12.334168992748307,5.266833798549661,2.4668337985496613,4,3,1,0,28.721237005590538,7.972895303183687,0.5008837636269238
55.00000000000001,15.0,2,8.0,0,4,3,1,0,34.42744790293089,8.96548958058618,2.080000000000002,4,3,1,0,24.65635583699295,6.947822251415298,-0.2099614817340612
55.00000000000001,15.0,2,8.0,15,4,3,1,0,28.815556008362975,7.843111201672596,2.080000000000002,4,3,1,0,24.65635583699295,7.011271167398592,-0.14651256575076702
55.00000000000001,15.0,2,8.0,30,4,2,1,0,8.786774182451001,3.8373548364902024,1.7573548364902003,4,3,1,0,24.65635583699295,6.457961767293677,-0.14651256575076702
55.00000000000001,15.0,2,10.0,0,4,3,1,0,31.505112078954134,7.901022415790827,1.6,4,3,1,0,21.946435057927893,5.927217419862792,-0.6401797103920149
55.00000000000001,15.0,2,10.0,15,4,3,1,0,26.01521783426812,6.803043566853624,1.6,4,3,1,0,21.946435057927893,5.9892870115855805,-0.5781101186692276
55.00000000000001,15.0,2,10.0,30,4,2,1,0,6.421844308919461,2.8843688617838925,1.2843688617838922,4,3,1,0,21.946435057927893,5.448006076700337,-0.5781101186692276
55.00000000000001,15.0,2,12.0,0,4,3,1,0,28.582776254977382,6.836555250995478,1.1200000000000014,4,3,1,0,19.236514278862828,4.906612588310285,-1.0703979390499707
55.00000000000001,15.0,2,12.0,15,4,3,1,0,23.21487966017328,5.762975932034658,1.1200000000000014,4,3,1,0,19.236514278862828,4.967302855772566,-1.0097076715876896
55.00000000000001,15.0,2,12.0,30,4,2,1,0,4.056914435387921,1.9313828870775858,0.8113828870775843,4,3,1,0,19.236514278862828,4.438050386106996,-1.0097076715876896
55.00000000000001,15.0,3,5.0,0,4,3,1,0,40.248643826416064,10.849728765283212,2.7999999999999994,4,3,1,0,32.98207357332508,9.33089681229096,-0.1191031877090385
55.00000000000001,15.0,3,5.0,15,4,3,1,0,34.45375545702528,9.690751091405057,2.7999999999999994,4,3,1,0,32.98207357332508,9.396414714665015,-0.053585285334983725
55.00000000000001,15.0,3,5.0,30,4,2,1,0,13.771861180268353,5.55437223605367,2.754372236053671,4,3,1,0,30.125313083652973,8.825062616730595,-0.053585285334983725
55.00000000000001,15.0,3,8.0,0,4,3,1,0,35.81973928452926,9.243947856905853,2.080000000000002,4,3,1,0,28.78263967100957,7.773079018218621,-0.7469209817813817
55.00000000000001,15.0,3,8.0,15,4,3,1,0,30.20784738996134,8.12156947799227,2.080000000000002,4,3,1,0,28.78263967100957,7.836527934201915,-0.6834720657980875
55.00000000000001,15.0,3,8.0,30,4,2,1,0,10.179065564049367,4.115813112809875,2.0358131128098735,4,3,1,0,26.01609267048499,7.283218534097002,-0.6834720657980875
55.00000000000001,15.0,3,10.0,0,4,3,1,0,32.8671362566047,8.173427251320941,1.6,4,3,1,0,25.983017069465873,6.734533822170388,-1.1654661778296127
55.00000000000001,15.0,3,10.0,15,4,3,1,0,27.37724201191869,7.0754484023837385,1.6,4,3,1,0,25.983017069465873,6.796603413893175,-1.1033965861068253
55.00000000000001,15.0,3,10.0,30,4,2,1,0,7.783868486570029,3.156773697314006,1.5567736973140058,4,3,1,0,23.276612395039663,6.255322479007933,-1.1033965861068253
55.00000000000001,15.0,3,12.0,0,4,3,1,0,29.914533228680163,7.1029066457360335,1.1200000000000014,4,3,1,0,23.18339446792219,5.695988626122159,-1.5840113738778439
55.00000000000001,15.0,3,12.0,15,4,3,1,0,24.546636633876062,6.029327326775214,1.1200000000000014,4,3,1,0,23.18339446792219,5.75667889358444,-1.5233211064155627
55.00000000000001,15.0,3,12.0,30,4,2,1,0,5.3886714090907,2.1977342818181413,1.0777342818181401,4,3,1,0,20.53713211959434,5.227426423918868,-1.5233211064155627
55.00000000000001,15.0,4,5.0,0,4,3,1,0,47.24999999999999,12.249999999999998,2.7999999999999994,4,3,1,0,33.86838591459164,9.508159280544273,0.05815928054427353
55.00000000000001,15.0,4,5.0,15,4,3,1,0,41.45511163060921,11.091022326121843,2.7999999999999994,4,3,1,0,33.86838591459164,9.573677182918328,0.1236771829183283
55.00000000000001,15.0,4,5.0,30,4,2,1,0,20.77321735385228,6.954643470770455,2.7999999999999994,4,3,1,0,31.011625424919533,9.002325084983907,0.1236771829183283
55.00000000000001,15.0,4,8.0,0,4,3,1,0,42.600000000000016,10.600000000000007,2.080000000000002,4,3,1,0,29.640963201499282,7.944743724316564,-0.5752562756834391
55.00000000000001,15.0,4,8.0,15,4,3,1,0,36.98810810543209,9.477621621086419,2.080000000000002,4,3,1,0,29.640963201499282,8.008192640299859,-0.5118073597001448
55.00000000000001,15.0,4,8.0,30,4,2,1,0,16.95932627952012,5.471865255904026,2.080000000000002,4,3,1,0,26.874416200974704,7.4548832401949445,-0.5118073597001448
55.00000000000001,15.0,4,10.0,0,4,3,1,0,39.5,9.5,1.6,4,3,1,0,26.82268139277103,6.902466686831419,-0.9975333131685815
55.00000000000001,15.0,4,10.0,15,4,3,1,0,34.01010575531399,8.402021151062797,1.6,4,3,1,0,26.82268139277103,6.964536278554206,-0.9354637214457941
55.00000000000001,15.0,4,10.0,30,4,2,1,0,14.416732229965328,4.483346445993066,1.6,4,3,1,0,24.11627671834482,6.423255343668965,-0.9354637214457941
55.00000000000001,15.0,4,12.0,0,4,3,1,0,36.40000000000001,8.400000000000004,1.1200000000000014,4,3,1,0,24.004399584042794,5.860189649346278,-1.419810350653724
55.00000000000001,15.0,4,12.0,15,4,3,1,0,31.03210340519591,7.326420681039185,1.1200000000000014,4,3,1,0,24.004399584042794,5.920879916808559,-1.359120083191443
55.00000000000001,15.0,4,12.0,30,4,2,1,0,11.87413818041055,3.4948276360821113,1.1200000000000014,4,3,1,0,21.358137235714935,5.391627447142987,-1.359120083191443
55.00000000000001,15.0,6,5.0,0,4,3,1,0,47.24999999999999,12.249999999999998,2.7999999999999994,4,2,2,0,13.672410488129723,5.42009793035555,-4.029902069644449
55.00000000000001,15.0,6,5.0,15,4,3,1,0,41.45511163060921,11.091022326121843,2.7999999999999994,4,2,2,0,13.999999999999996,5.328760251671017,-4.121239748328982
55.00000000000001,15.0,6,5.0,30,4,2,1,0,20.77321735385228,6.954643470770455,2.7999999999999994,4,2,2,0,11.143239510327891,4.461394367404341,-4.417253534661237
55.00000000000001,15.0,6,8.0,0,4,3,1,0,42.600000000000016,10.600000000000007,2.080000000000002,4,2,2,0,10.082755420083538,3.9857790483443285,-4.5342209516556755
55.00000000000001,15.0,6,8.0,15,4,3,1,0,36.98810810543209,9.477621621086419,2.080000000000002,4,2,2,0,10.40000000000001,3.897325717407727,-4.622674282592277
55.00000000000001,15.0,6,8.0,30,4,2,1,0,16.95932627952012,5.471865255904026,2.080000000000002,4,2,2,0,7.6334529994754305,3.057350334749471,-4.909340265145618
55.00000000000001,15.0,6,10.0,0,4,3,1,0,39.5,9.5,1.6,4,2,2,0,7.689652041386063,3.0295664603368397,-4.870433539663161
55.00000000000001,15.0,6,10.0,15,4,3,1,0,34.01010575531399,8.402021151062797,1.6,4,2,2,0,8.0,2.9430360278988603,-4.95696397210114
55.00000000000001,15.0,6,10.0,30,4,2,1,0,14.416732229965328,4.483346445993066,1.6,4,2,2,0,5.29359532557379,2.1213209796462196,-5.237398085468539
55.00000000000001,15.0,6,12.0,0,4,3,1,0,36.40000000000001,8.400000000000004,1.1200000000000014,4,2,2,0,5.2965486626886005,2.073353872329356,-5.206646127670647
55.00000000000001,15.0,6,12.0,15,4,3,1,0,31.03210340519591,7.326420681039185,1.1200000000000014,4,2,2,0,5.600000000000007,1.9887463383899988,-5.291253661610003
55.00000000000001,15.0,6,12.0,30,4,2,1,0,11.87413818041055,3.4948276360821113,1.1200000000000014,4,2,2,0,2.953737651672151,1.18529162454297,-5.565455905791461
55.00000000000001,15.0,8,5.0,0,4,3,1,0,47.24999999999999,12.249999999999998,2.7999999999999994,4,2,2,0,13.672410488129723,5.42009793035555,-4.029902069644449
55.00000000000001,15.0,8,5.0,15,4,3,1,0,41.45511163060921,11.091022326121843,2.7999999999999994,4,2,2,0,13.999999999999996,5.328760251671017,-4.121239748328982
55.00000000000001,15.0,8,5.0,30,4,2,1,0,20.77321735385228,6.954643470770455,2.7999999999999994,4,2,2,0,11.143239510327891,4.461394367404341,-4.417253534661237
55.00000000000001,15.0,8,8.0,0,4,3,1,0,42.600000000000016,10.600000000000007,2.080000000000002,4,2,2,0,10.082755420083538,3.9857790483443285,-4.5342209516556755
55.00000000000001,15.0,8,8.0,15,4,3,1,0,36.98810810543209,9.477621621086419,2.080000000000002,4,2,2,0,10.40000000000001,3.897325717407727,-4.622674282592277
55.00000000000001,15.0,8,8.0,30,4,2,1,0,16.95932627952012,5.471865255904026,2.080000000000002,4,2,2,0,7.6334529994754305,3.057350334749471,-4.909340265145618
55.00000000000001,15.0,8,10.0,0,4,3,1,0,39.5,9.5,1.6,4,2,2,0,7.689652041386063,3.0295664603368397,-4.870433539663161
55.00000000000001,15.0,8,10.0,15,4,3,1,0,34.01010575531399,8.402021151062797,1.6,4,2,2,0,8.0,2.9430360278988603,-4.95696397210114
55.00000000000001,15.0,8,10.0,30,4,2,1,0,14.416732229965328,4.483346445993066,1.6,4,2,2,0,5.29359532557379,2.1213209796462196,-5.237398085468539
55.00000000000001,15.0,8,12.0,0,4,3,1,0,36.40000000000001,8.400000000000004,1.1200000000000014,4,2,2,0,5.2965486626886005,2.073353872329356,-5.206646127670647
55.00000000000001,15.0,8,12.0,15,4,3,1,0,31.03210340519591,7.326420681039185,1.1200000000000014,4,2,2,0,5.600000000000007,1.9887463383899988,-5.291253661610003
55.00000000000001,15.0,8,12.0,30,4,2,1,0,11.87413818041055,3.4948276360821113,1.1200000000000014,4,2,2,0,2.953737651672151,1.18529162454297,-5.565455905791461
55.00000000000001,18.0,2,5.0,0,4,4,0,0,38.810951638896015,12.498353570818933,4.736163243039729,4,3,1,0,28.721237005590538,8.259247401118108,0.21588376362692402
55.00000000000001,18.0,2,5.0,15,4,4,0,0,33.01606326950524,11.339375896940778,4.736163243039729,4,3,1,0,28.721237005590538,8.259247401118108,0.21588376362692402
55.00000000000001,18.0,2,5.0,30,4,3,0,0,15.241767854094666,7.2029970415893905,2.4668337985496613,4,3,1,0,28.721237005590538,7.687895303183687,0.21588376362692402
55.00000000000001,18.0,2,8.0,0,4,3,0,0,34.42744790293089,10.840510826477288,3.9550212458911087,4,3,1,0,24.65635583699295,6.735271167398593,-0.42251256575076646
55.00000000000001,18.0,2,8.0,15,4,3,0,0,28.815556008362975,9.718132447563704,3.9550212458911087,4,3,1,0,24.65635583699295,6.735271167398593,-0.42251256575076646
55.00000000000001,18.0,2,8.0,30,4,2,0,0,11.602554132386423,5.712376082381309,1.7573548364902003,4,3,1,0,24.65635583699295,6.181961767293678,-0.42251256575076646
55.00000000000001,18.0,2,10.0,0,4,3,0,0,31.505112078954134,9.735282330249518,3.4342599144586914,4,3,1,0,21.946435057927893,5.719287011585582,-0.8481101186692265
55.00000000000001,18.0,2,10.0,15,4,3,0,0,26.01521783426812,8.637303481312316,3.4342599144586914,4,3,1,0,21.946435057927893,5.719287011585582,-0.8481101186692265
55.00000000000001,18.0,2,10.0,30,4,2,0,0,9.17641165124759,4.718628776242584,1.2843688617838922,4,3,1,0,21.946435057927893,5.178006076700338,-0.8481101186692265
55.00000000000001,18.0,2,12.0,0,4,3,0,0,28.582776254977382,8.630053834021755,2.9134985830262776,4,3,1,0,19.236514278862828,4.7033028557725665,-1.2737076715876894
55.00000000000001,18.0,2,12.0,15,4,3,0,0,23.21487966017328,7.556474515060933,2.9134985830262776,4,3,1,0,19.236514278862828,4.7033028557725665,-1.2737076715876894
55.00000000000001,18.0,2,12.0,30,4,2,0,0,6.7502691701087585,3.724881470103862,0.8113828870775843,4,3,1,0,19.236514278862828,4.174050386106996,-1.2737076715876894
55.00000000000001,18.0,3,5.0,0,4,4,0,0,40.248643826416064,13.90533442327971,5.855605657996495,4,3,1,0,32.98207357332508,9.111414714665015,-0.33858528533498355
55.00000000000001,18.0,3,5.0,15,4,4,0,0,34.45375545702528,12.746356749401551,5.855605657996495,4,3,1,0,32.98207357332508,9.111414714665015,-0.33858528533498355
55.00000000000001,18.0,3,5.0,30,4,3,0,0,22.276672116398544,8.609977894050166,2.754372236053671,4,3,1,0,30.125313083652973,8.540062616730594,-0.33858528533498355
55.00000000000001,18.0,3,8.0,0,4,4,0,0,35.81973928452926,12.203060704649829,5.039112847743977,4,3,1,0,28.78263967100957,7.560527934201916,-0.9594720657980869
55.00000000000001,18.0,3,8.0,15,4,4,0,0,30.20784738996134,11.080682325736246,5.039112847743977,4,3,1,0,28.78263967100957,7.560527934201916,-0.9594720657980869
55.00000000000001,18.0,3,8.0,30,4,3,0,0,18.41530352324913,7.07492596055385,2.0358131128098735,4,3,1,0,26.01609267048499,7.007218534097003,-0.9594720657980869
55.00000000000001,18.0,3,10.0,0,4,4,0,0,32.8671362566047,11.06821155889657,4.494784307575627,4,3,1,0,25.983017069465873,6.526603413893176,-1.3733965861068242
55.00000000000001,18.0,3,10.0,15,4,4,0,0,27.37724201191869,9.970232709959365,4.494784307575627,4,3,1,0,25.983017069465873,6.526603413893176,-1.3733965861068242
55.00000000000001,18.0,3,10.0,30,4,3,0,0,15.841057794482838,6.051558004889634,1.5567736973140058,4,3,1,0,23.276612395039663,5.985322479007934,-1.3733965861068242
55.00000000000001,18.0,3,12.0,0,4,4,0,0,29.914533228680163,9.933362413143312,3.95045576740728,4,3,1,0,23.18339446792219,5.492678893584441,-1.7873211064155623
55.00000000000001,18.0,3,12.0,15,4,4,0,0,24.546636633876062,8.859783094182493,3.95045576740728,4,3,1,0,23.18339446792219,5.492678893584441,-1.7873211064155623
55.00000000000001,18.0,3,12.0,30,4,3,0,0,13.266812065716548,5.02819004922542,1.0777342818181401,4,3,1,0,20.53713211959434,4.963426423918869,-1.7873211064155623
55.00000000000001,18.0,4,5.0,0,4,4,0,0,47.24999999999999,18.9,9.45,4,3,1,0,33.86838591459164,9.288677182918327,-0.1613228170816715
55.00000000000001,18.0,4,5.0,15,4,4,0,0,47.24999999999999,17.741022326121843,8.291022326121842,4,3,1,0,33.86838591459164,9.288677182918327,-0.1613228170816715
55.00000000000001,18.0,4,5.0,30,4,3,0,0,47.24999999999999,13.604643470770455,4.1546434707704565,4,3,1,0,31.011625424919533,8.717325084983907,-0.1613228170816715
55.00000000000001,18.0,4,8.0,0,4,4,0,0,42.600000000000016,17.040000000000006,8.520000000000003,4,3,1,0,29.640963201499282,7.732192640299859,-0.7878073597001443
55.00000000000001,18.0,4,8.0,15,4,4,0,0,42.600000000000016,15.917621621086424,7.397621621086419,4,3,1,0,29.640963201499282,7.732192640299859,-0.7878073597001443
55.00000000000001,18.0,4,8.0,30,4,3,0,0,42.600000000000016,11.911865255904027,3.3918652559040243,4,3,1,0,26.874416200974704,7.178883240194946,-0.7878073597001443
55.00000000000001,18.0,4,10.0,0,4,4,0,0,39.5,15.8,7.9,4,3,1,0,26.82268139277103,6.6945362785542075,-1.205463721445793
55.00000000000001,18.0,4,10.0,15,4,4,0,0,39.5,14.702021151062798,6.802021151062798,4,3,1,0,26.82268139277103,6.6945362785542075,-1.205463721445793
55.00000000000001,18.0,4,10.0,30,4,3,0,0,39.5,10.783346445993066,2.883346445993066,4,3,1,0,24.11627671834482,6.153255343668966,-1.205463721445793
55.00000000000001,18.0,4,12.0,0,4,4,0,0,36.40000000000001,14.560000000000006,7.280000000000003,4,3,1,0,24.004399584042794,5.65687991680856,-1.6231200831914425
55.00000000000001,18.0,4,12.0,15,4,4,0,0,36.40000000000001,13.486420681039185,6.206420681039183,4,3,1,0,24.004399584042794,5.65687991680856,-1.6231200831914425
55.00000000000001,18.0,4,12.0,30,4,3,0,0,36.40000000000001,9.654827636082112,2.3748276360821103,4,3,1,0,21.358137235714935,5.127627447142988,-1.6231200831914425
55.00000000000001,18.0,6,5.0,0,4,4,0,0,47.24999999999999,18.9,9.45,4,2,2,0,12.574999999999998,5.03,-4.42
55.00000000000001,18.0,6,5.0,15,4,4,0,0,47.24999999999999,17.741022326121843,8.291022326121842,4,2,2,0,12.574999999999998,5.03,-4.42
55.00000000000001,18.0,6,5.0,30,4,3,0,0,47.24999999999999,13.604643470770455,4.1546434707704565,4,2,2,0,9.718239510327892,4.176394367404342,-4.702253534661236
55.00000000000001,18.0,6,8.0,0,4,4,0,0,42.600000000000016,17.040000000000006,8.520000000000003,4,2,2,0,9.020000000000012,3.608000000000006,-4.911999999999999
55.00000000000001,18.0,6,8.0,15,4,4,0,0,42.600000000000016,15.917621621086424,7.397621621086419,4,2,2,0,9.020000000000012,3.608000000000006,-4.911999999999999
55.00000000000001,18.0,6,8.0,30,4,3,0,0,42.600000000000016,11.911865255904027,3.3918652559040243,4,2,2,0,6.253452999475433,2.7813503347494715,-5.185340265145617
55.00000000000001,18.0,6,10.0,0,4,4,0,0,39.5,15.8,7.9,4,2,2,0,6.650000000000006,2.6600000000000024,-5.239999999999998
55.00000000000001,18.0,6,10.0,15,4,4,0,0,39.5,14.702021151062798,6.802021151062798,4,2,2,0,6.650000000000006,2.6600000000000024,-5.239999999999998
55.00000000000001,18.0,6,10.0,30,4,3,0,0,39.5,10.783346445993066,2.883346445993066,4,2,2,0,3.9435953255737957,1.8513209796462207,-5.507398085468537
55.00000000000001,18.0,6,12.0,0,4,4,0,0,36.40000000000001,14.560000000000006,7.280000000000003,4,2,2,0,4.280000000000008,1.7120000000000033,-5.568
55.00000000000001,18.0,6,12.0,15,4,4,0,0,36.40000000000001,13.486420681039185,6.206420681039183,4,2,2,0,4.280000000000008,1.7120000000000033,-5.568
55.00000000000001,18.0,6,12.0,30,4,3,0,0,36.40000000000001,9.654827636082112,2.3748276360821103,4,2,2,0,1.6337376516721527,0.9212916245429703,-5.829455905791461
55.00000000000001,18.0,8,5.0,0,4,4,0,0,47.24999999999999,18.9,9.45,4,2,2,0,12.574999999999998,5.03,-4.42
55.00000000000001,18.0,8,5.0,15,4,4,0,0,47.24999999999999,17.741022326121843,8.291022326121842,4,2,2,0,12.574999999999998,5.03,-4.42
55.00000000000001,18.0,8,5.0,30,4,3,0,0,47.24999999999999,13.604643470770455,4.1546434707704565,4,2,2,0,9.718239510327892,4.176394367404342,-4.702253534661236
55.00000000000001,18.0,8,8.0,0,4,4,0,0,42.600000000000016,17.040000000000006,8.520000000000003,4,2,2,0,9.020000000000012,3.608000000000006,-4.911999999999999
55.00000000000001,18.0,8,8.0,15,4,4,0,0,42.600000000000016,15.917621621086424,7.397621621086419,4,2,2,0,9.020000000000012,3.608000000000006,-4.911999999999999
55.00000000000001,18.0,8,8.0,30,4,3,0,0,42.600000000000016,11.911865255904027,3.3918652559040243,4,2,2,0,6.253452999475433,2.7813503347494715,-5.185340265145617
55.00000000000001,18.0,8,10.0,0,4,4,0,0,39.5,15.8,7.9,4,2,2,0,6.650000000000006,2.6600000000000024,-5.239999999999998
55.00000000000001,18.0,8,10.0,15,4,4,0,0,39.5,14.702021151062798,6.802021151062798,4,2,2,0,6.650000000000006,2.6600000000000024,-5.239999999999998
55.00000000000001,18.0,8,10.0,30,4,3,0,0,39.5,10.783346445993066,2.883346445993066,4,2,2,0,3.9435953255737957,1.8513209796462207,-5.507398085468537
55.00000000000001,18.0,8,12.0,0,4,4,0,0,36.40000000000001,14.560000000000006,7.280000000000003,4,2,2,0,4.280000000000008,1.7120000000000033,-5.568
55.00000000000001,18.0,8,12.0,15,4,4,0,0,36.40000000000001,13.486420681039185,6.206420681039183,4,2,2,0,4.280000000000008,1.7120000000000033,-5.568
55.00000000000001,18.0,8,12.0,30,4,3,0,0,36.40000000000001,9.654827636082112,2.3748276360821103,4,2,2,0,1.6337376516721527,0.9212916245429703,-5.829455905791461
55.00000000000001,20.0,2,5.0,0,4,4,0,0,38.810951638896015,12.498353570818933,4.736163243039729,4,4,0,0,40.216818187455914,15.194247401118105,7.150883763626924
55.00000000000001,20.0,2,5.0,15,4,4,0,0,33.01606326950524,11.339375896940778,4.736163243039729,4,4,0,0,32.64735277837727,13.680354319302376,5.636990681811195
55.00000000000001,20.0,2,5.0,30,4,3,0,0,15.241767854094666,7.2029970415893905,2.4668337985496613,4,4,0,0,32.15462587843594,13.01045684137969,5.538445301822929
55.00000000000001,20.0,2,8.0,0,4,3,0,0,34.42744790293089,10.840510826477288,3.9550212458911087,4,4,0,0,35.78891866574679,13.451271167398595,6.293487434249235
55.00000000000001,20.0,2,8.0,15,4,3,0,0,28.815556008362975,9.718132447563704,3.9550212458911087,4,4,0,0,28.458489006428522,11.985185235534939,4.82740150238558
55.00000000000001,20.0,2,8.0,30,4,2,0,0,11.602554132386423,5.712376082381309,1.7573548364902003,4,4,0,0,27.98132190332744,11.336442414809808,4.7319680817653635
55.00000000000001,20.0,2,10.0,0,4,3,0,0,31.505112078954134,9.735282330249518,3.4342599144586914,4,4,0,0,32.836985651274034,12.28928701158558,5.721889881330773
55.00000000000001,20.0,2,10.0,15,4,3,0,0,26.01521783426812,8.637303481312316,3.4342599144586914,4,4,0,0,25.665913158462683,10.85507251302331,4.287675382768503
55.00000000000001,20.0,2,10.0,30,4,2,0,0,9.17641165124759,4.718628776242584,1.2843688617838922,4,4,0,0,25.19911925325511,10.220432797096553,4.194316601726988
55.00000000000001,20.0,2,12.0,0,4,3,0,0,28.582776254977382,8.630053834021755,2.9134985830262776,4,4,0,0,29.88505263680128,11.127302855772568,5.150292328412312
55.00000000000001,20.0,2,12.0,15,4,3,0,0,23.21487966017328,7.556474515060933,2.9134985830262776,4,4,0,0,22.873337310496844,9.724959790511681,3.747949263151425
55.00000000000001,20.0,2,12.0,30,4,2,0,0,6.7502691701087585,3.724881470103862,0.8113828870775843,4,4,0,0,22.41691660318277,9.104423179383295,3.6566651216886097
55.00000000000001,20.0,3,5.0,0,4,4,0,0,40.248643826416064,13.90533442327971,5.855605657996495,4,4,0,0,47.24999999999999,16.046414714665016,6.596414714665016
55.00000000000001,20.0,3,5.0,15,4,4,0,0,34.45375545702528,12.746356749401551,5.855605657996495,4,4,0,0,39.68053459092135,14.532521632849285,5.082521632849287
55.00000000000001,20.0,3,5.0,30,4,3,0,0,22.276672116398544,8.609977894050166,2.754372236053671,4,4,0,0,36.33104720130791,13.8626241549266,4.98397625286102
55.00000000000001,20.0,3,8.0,0,4,4,0,0,35.81973928452926,12.203060704649829,5.039112847743977,4,4,0,0,42.600000000000016,14.276527934201917,5.756527934201914
55.00000000000001,20.0,3,8.0,15,4,4,0,0,30.20784738996134,11.080682325736246,5.039112847743977,4,4,0,0,35.269570340681746,12.810442002338263,4.29044200233826
55.00000000000001,20.0,3,8.0,30,4,3,0,0,18.41530352324913,7.07492596055385,2.0358131128098735,4,4,0,0,32.02585623705608,12.161699181613132,4.195008581718043
55.00000000000001,20.0,3,10.0,0,4,4,0,0,32.8671362566047,11.06821155889657,4.494784307575627,4,4,0,0,39.5,13.096603413893176,5.196603413893175
55.00000000000001,20.0,3,10.0,15,4,4,0,0,27.37724201191869,9.970232709959365,4.494784307575627,4,4,0,0,32.32892750718865,11.662388915330906,3.7623889153309054
55.00000000000001,20.0,3,10.0,30,4,3,0,0,15.841057794482838,6.051558004889634,1.5567736973140058,4,4,0,0,29.15572892755487,11.027749199404148,3.6690301342893905
55.00000000000001,20.0,3,12.0,0,4,4,0,0,29.914533228680163,9.933362413143312,3.95045576740728,4,4,0,0,36.40000000000001,11.916678893584441,4.636678893584438
55.00000000000001,20.0,3,12.0,15,4,4,0,0,24.546636633876062,8.859783094182493,3.95045576740728,4,4,0,0,29.388284673695576,10.514335828323555,3.2343358283235517
55.00000000000001,20.0,3,12.0,30,4,3,0,0,13.266812065716548,5.02819004922542,1.0777342818181401,4,4,0,0,26.285601618053647,9.893799217195168,3.1430516868607365
55.00000000000001,20.0,4,5.0,0,4,4,0,0,47.24999999999999,18.9,9.45,4,4,0,0,47.24999999999999,16.223677182918326,6.773677182918329
55.00000000000001,20.0,4,5.0,15,4,4,0,0,47.24999999999999,17.741022326121843,8.291022326121842,4,4,0,0,39.68053459092135,14.709784101102597,5.259784101102599
55.00000000000001,20.0,4,5.0,30,4,3,0,0,47.24999999999999,13.604643470770455,4.1546434707704565,4,4,0,0,36.33104720130791,14.03988662317991,5.161238721114333
55.00000000000001,20.0,4,8.0,0,4,4,0,0,42.600000000000016,17.040000000000006,8.520000000000003,4,4,0,0,42.600000000000016,14.44819264029986,5.928192640299857
55.00000000000001,20.0,4,8.0,15,4,4,0,0,42.600000000000016,15.917621621086424,7.397621621086419,4,4,0,0,35.269570340681746,12.982106708436206,4.4621067084362025
55.00000000000001,20.0,4,8.0,30,4,3,0,0,42.600000000000016,11.911865255904027,3.3918652559040243,4,4,0,0,32.02585623705608,12.333363887711075,4.366673287815986
55.00000000000001,20.0,4,10.0,0,4,4,0,0,39.5,15.8,7.9,4,4,0,0,39.5,13.264536278554207,5.364536278554207
55.00000000000001,20.0,4,10.0,15,4,4,0,0,39.5,14.702021151062798,6.802021151062798,4,4,0,0,32.32892750718865,11.830321779991937,3.930321779991937
55.00000000000001,20.0,4,10.0,30,4,3,0,0,39.5,10.783346445993066,2.883346445993066,4,4,0,0,29.15572892755487,11.195682064065181,3.836962998950422
55.00000000000001,20.0,4,12.0,0,4,4,0,0,36.40000000000001,14.560000000000006,7.280000000000003,4,4,0,0,36.40000000000001,12.080879916808563,4.800879916808559
55.00000000000001,20.0,4,12.0,15,4,4,0,0,36.40000000000001,13.486420681039185,6.206420681039183,4,4,0,0,29.388284673695576,10.678536851547674,3.398536851547671
55.00000000000001,20.0,4,12.0,30,4,3,0,0,36.40000000000001,9.654827636082112,2.3748276360821103,4,4,0,0,26.285601618053647,10.058000240419288,3.3072527100848563
55.00000000000001,20.0,6,5.0,0,4,4,0,0,47.24999999999999,18.9,9.45,4,3,1,0,47.24999999999999,11.774999999999999,2.3249999999999993
55.00000000000001,20.0,6,5.0,15,4,4,0,0,47.24999999999999,17.741022326121843,8.291022326121842,4,3,1,0,39.68053459092135,10.261106918184268,0.8111069181842702
55.00000000000001,20.0,6,5.0,30,4,3,0,0,47.24999999999999,13.604643470770455,4.1546434707704565,4,3,1,0,36.33104720130791,9.498955905600345,0.6203080035347676
55.00000000000001,20.0,6,8.0,0,4,4,0,0,42.600000000000016,17.040000000000006,8.520000000000003,4,3,1,0,42.600000000000016,10.140000000000008,1.6200000000000025
55.00000000000001,20.0,6,8.0,15,4,4,0,0,42.600000000000016,15.917621621086424,7.397621621086419,4,3,1,0,35.269570340681746,8.673914068136352,0.15391406813634811
55.00000000000001,20.0,6,8.0,30,4,3,0,0,42.600000000000016,11.911865255904027,3.3918652559040243,4,3,1,0,32.02585623705608,7.9358309822656015,-0.030859617629486993
55.00000000000001,20.0,6,10.0,0,4,4,0,0,39.5,15.8,7.9,4,3,1,0,39.5,9.05,1.1500000000000008
55.00000000000001,20.0,6,10.0,15,4,4,0,0,39.5,14.702021151062798,6.802021151062798,4,3,1,0,32.32892750718865,7.615785501437731,-0.2842144985622689
55.00000000000001,20.0,6,10.0,30,4,3,0,0,39.5,10.783346445993066,2.883346445993066,4,3,1,0,29.15572892755487,6.893747700042436,-0.46497136507232323
55.00000000000001,20.0,6,12.0,0,4,4,0,0,36.40000000000001,14.560000000000006,7.280000000000003,4,3,1,0,36.40000000000001,7.960000000000005,0.6800000000000019
55.00000000000001,20.0,6,12.0,15,4,4,0,0,36.40000000000001,13.486420681039185,6.206420681039183,4,3,1,0,29.388284673695576,6.557656934739118,-0.7223430652608855
55.00000000000001,20.0,6,12.0,30,4,3,0,0,36.40000000000001,9.654827636082112,2.3748276360821103,4,3,1,0,26.285601618053647,5.851664417819269,-0.8990831125151619
55.00000000000001,20.0,8,5.0,0,4,4,0,0,47.24999999999999,18.9,9.45,4,3,1,0,47.24999999999999,11.774999999999999,2.3249999999999993
55.00000000000001,20.0,8,5.0,15,4,4,0,0,47.24999999999999,17.741022326121843,8.291022326121842,4,3,1,0,39.68053459092135,10.261106918184268,0.8111069181842702
55.00000000000001,20.0,8,5.0,30,4,3,0,0,47.24999999999999,13.604643470770455,4.1546434707704565,4,3,1,0,36.33104720130791,9.498955905600345,0.6203080035347676
55.00000000000001,20.0,8,8.0,0,4,4,0,0,42.600000000000016,17.040000000000006,8.520000000000003,4,3,1,0,42.600000000000016,10.140000000000008,1.6200000000000025
55.00000000000001,20.0,8,8.0,15,4,4,0,0,42.600000000000016,15.917621621086424,7.397621621086419,4,3,1,0,35.269570340681746,8.673914068136352,0.15391406813634811
55.00000000000001,20.0,8,8.0,30,4,3,0,0,42.600000000000016,11.911865255904027,3.3918652559040243,4,3,1,0,32.02585623705608,7.9358309822656015,-0.030859617629486993
55.00000000000001,20.0,8,10.0,0,4,4,0,0,39.5,15.8,7.9,4,3,1,0,39.5,9.05,1.1500000000000008
55.00000000000001,20.0,8,10.0,15,4,4,0,0,39.5,14.702021151062798,6.802021151062798,4,3,1,0,32.32892750718865,7.615785501437731,-0.2842144985622689
55.00000000000001,20.0,8,10.0,30,4,3,0,0,39.5,10.783346445993066,2.883346445993066,4,3,1,0,29.15572892755487,6.893747700042436,-0.46497136507232323
55.00000000000001,20.0,8,12.0,0,4,4,0,0,36.40000000000001,14.560000000000006,7.280000000000003,4,3,1,0,36.40000000000001,7.960000000000005,0.6800000000000019
55.00000000000001,20.0,8,12.0,15,4,4,0,0,36.40000000000001,13.486420681039185,6.206420681039183,4,3,1,0,29.388284673695576,6.557656934739118,-0.7223430652608855
55.00000000000001,20.0,8,12.0,30,4,3,0,0,36.40000000000001,9.654827636082112,2.3748276360821103,4,3,1,0,26.285601618053647,5.851664417819269,-0.8990831125151619
55.00000000000001,22.0,2,5.0,0,4,4,0,0,38.810951638896015,12.498353570818933,4.736163243039729,4,4,0,0,40.216818187455914,15.194247401118105,7.150883763626924
55.00000000000001,22.0,2,5.0,15,4,4,0,0,33.01606326950524,11.339375896940778,4.736163243039729,4,4,0,0,32.64735277837727,13.680354319302376,5.636990681811195
55.00000000000001,22.0,2,5.0,30,4,3,0,0,15.241767854094666,7.2029970415893905,2.4668337985496613,4,4,0,0,32.15462587843594,13.01045684137969,5.538445301822929
55.00000000000001,22.0,2,8.0,0,4,3,0,0,34.42744790293089,10.840510826477288,3.9550212458911087,4,4,0,0,35.78891866574679,13.451271167398595,6.293487434249235
55.00000000000001,22.0,2,8.0,15,4,3,0,0,28.815556008362975,9.718132447563704,3.9550212458911087,4,4,0,0,28.458489006428522,11.985185235534939,4.82740150238558
55.00000000000001,22.0,2,8.0,30,4,2,0,0,11.602554132386423,5.712376082381309,1.7573548364902003,4,4,0,0,27.98132190332744,11.336442414809808,4.7319680817653635
55.00000000000001,22.0,2,10.0,0,4,3,0,0,31.505112078954134,9.735282330249518,3.4342599144586914,4,4,0,0,32.836985651274034,12.28928701158558,5.721889881330773
55.00000000000001,22.0,2,10.0,15,4,3,0,0,26.01521783426812,8.637303481312316,3.4342599144586914,4,4,0,0,25.665913158462683,10.85507251302331,4.287675382768503
55.00000000000001,22.0,2,10.0,30,4,2,0,0,9.17641165124759,4.718628776242584,1.2843688617838922,4,4,0,0,25.19911925325511,10.220432797096553,4.194316601726988
55.00000000000001,22.0,2,12.0,0,4,3,0,0,28.582776254977382,8.630053834021755,2.9134985830262776,4,4,0,0,29.88505263680128,11.127302855772568,5.150292328412312
55.00000000000001,22.0,2,12.0,15,4,3,0,0,23.21487966017328,7.556474515060933,2.9134985830262776,4,4,0,0,22.873337310496844,9.724959790511681,3.747949263151425
55.00000000000001,22.0,2,12.0,30,4,2,0,0,6.7502691701087585,3.724881470103862,0.8113828870775843,4,4,0,0,22.41691660318277,9.104423179383295,3.6566651216886097
55.00000000000001,22.0,3,5.0,0,4,4,0,0,40.248643826416064,13.90533442327971,5.855605657996495,4,4,0,0,47.24999999999999,16.046414714665016,6.596414714665016
55.00000000000001,22.0,3,5.0,15,4,4,0,0,34.45375545702528,12.746356749401551,5.855605657996495,4,4,0,0,39.68053459092135,14.532521632849285,5.082521632849287
55.00000000000001,22.0,3,5.0,30,4,3,0,0,22.276672116398544,8.609977894050166,2.754372236053671,4,4,0,0,36.33104720130791,13.8626241549266,4.98397625286102
55.00000000000001,22.0,3,8.0,0,4,4,0,0,35.81973928452926,12.203060704649829,5.039112847743977,4,4,0,0,42.600000000000016,14.276527934201917,5.756527934201914
55.00000000000001,22.0,3,8.0,15,4,4,0,0,30.20784738996134,11.080682325736246,5.039112847743977,4,4,0,0,35.269570340681746,12.810442002338263,4.29044200233826
55.00000000000001,22.0,3,8.0,30,4,3,0,0,18.41530352324913,7.07492596055385,2.0358131128098735,4,4,0,0,32.02585623705608,12.161699181613132,4.195008581718043
55.00000000000001,22.0,3,10.0,0,4,4,0,0,32.8671362566047,11.06821155889657,4.494784307575627,4,4,0,0,39.5,13.096603413893176,5.196603413893175
55.00000000000001,22.0,3,10.0,15,4,4,0,0,27.37724201191869,9.970232709959365,4.494784307575627,4,4,0,0,32.32892750718865,11.662388915330906,3.7623889153309054
55.00000000000001,22.0,3,10.0,30,4,3,0,0,15.841057794482838,6.051558004889634,1.5567736973140058,4,4,0,0,29.15572892755487,11.027749199404148,3.6690301342893905
55.00000000000001,22.0,3,12.0,0,4,4,0,0,29.914533228680163,9.933362413143312,3.95045576740728,4,4,0,0,36.40000000000001,11.916678893584441,4.636678893584438
55.00000000000001,22.0,3,12.0,15,4,4,0,0,24.546636633876062,8.859783094182493,3.95045576740728,4,4,0,0,29.388284673695576,10.514335828323555,3.2343358283235517
55.00000000000001,22.0,3,12.0,30,4,3,0,0,13.266812065716548,5.02819004922542,1.0777342818181401,4,4,0,0,26.285601618053647,9.893799217195168,3.1430516868607365
55.00000000000001,22.0,4,5.0,0,4,4,0,0,47.24999999999999,18.9,9.45,4,4,0,0,47.24999999999999,16.223677182918326,6.773677182918329
55.00000000000001,22.0,4,5.0,15,4,4,0,0,47.24999999999999,17.741022326121843,8.291022326121842,4,4,0,0,39.68053459092135,14.709784101102597,5.259784101102599
55.00000000000001,22.0,4,5.0,30,4,3,0,0,47.24999999999999,13.604643470770455,4.1546434707704565,4,4,0,0,36.33104720130791,14.03988662317991,5.161238721114333
55.00000000000001,22.0,4,8.0,0,4,4,0,0,42.600000000000016,17.040000000000006,8.520000000000003,4,4,0,0,42.600000000000016,14.44819264029986,5.928192640299857
55.00000000000001,22.0,4,8.0,15,4,4,0,0,42.600000000000016,15.917621621086424,7.397621621086419,4,4,0,0,35.269570340681746,12.982106708436206,4.4621067084362025
55.00000000000001,22.0,4,8.0,30,4,3,0,0,42.600000000000016,11.911865255904027,3.3918652559040243,4,4,0,0,32.02585623705608,12.333363887711075,4.366673287815986
55.00000000000001,22.0,4,10.0,0,4,4,0,0,39.5,15.8,7.9,4,4,0,0,39.5,13.264536278554207,5.364536278554207
55.00000000000001,22.0,4,10.0,15,4,4,0,0,39.5,14.702021151062798,6.802021151062798,4,4,0,0,32.32892750718865,11.830321779991937,3.930321779991937
55.00000000000001,22.0,4,10.0,30,4,3,0,0,39.5,10.783346445993066,2.883346445993066,4,4,0,0,29.15572892755487,11.195682064065181,3.836962998950422
55.00000000000001,22.0,4,12.0,0,4,4,0,0,36.40000000000001,14.560000000000006,7.280000000000003,4,4,0,0,36.40000000000001,12.080879916808563,4.800879916808559
55.00000000000001,22.0,4,12.0,15,4,4,0,0,36.40000000000001,13.486420681039185,6.206420681039183,4,4,0,0,29.388284673695576,10.678536851547674,3.398536851547671
55.00000000000001,22.0,4,12.0,30,4,3,0,0,36.40000000000001,9.654827636082112,2.3748276360821103,4,4,0,0,26.285601618053647,10.058000240419288,3.3072527100848563
55.00000000000001,22.0,6,5.0,0,4,4,0,0,47.24999999999999,18.9,9.45,4,3,1,0,47.24999999999999,10.630754860756845,1.1807548607568463
55.00000000000001,22.0,6,5.0,15,4,4,0,0,47.24999999999999,17.741022326121843,8.291022326121842,4,3,1,0,39.68053459092135,9.116861778941116,-0.3331382210588828
55.00000000000001,22.0,6,5.0,30,4,3,0,0,47.24999999999999,13.604643470770455,4.1546434707704565,4,3,1,0,36.33104720130791,8.44696430101843,-0.4316836010471491
55.00000000000001,22.0,6,8.0,0,4,4,0,0,42.600000000000016,17.040000000000006,8.520000000000003,4,3,1,0,42.600000000000016,9.031888917785583,0.5118889177855799
55.00000000000001,22.0,6,8.0,15,4,4,0,0,42.600000000000016,15.917621621086424,7.397621621086419,4,3,1,0,35.269570340681746,7.565802985921929,-0.9541970140780744
55.00000000000001,22.0,6,8.0,30,4,3,0,0,42.600000000000016,11.911865255904027,3.3918652559040243,4,3,1,0,32.02585623705608,6.917060165196798,-1.049630434698291
55.00000000000001,22.0,6,10.0,0,4,4,0,0,39.5,15.8,7.9,4,3,1,0,39.5,7.965978289138068,0.06597828913806651
55.00000000000001,22.0,6,10.0,15,4,4,0,0,39.5,14.702021151062798,6.802021151062798,4,3,1,0,32.32892750718865,6.531763790575798,-1.368236209424203
55.00000000000001,22.0,6,10.0,30,4,3,0,0,39.5,10.783346445993066,2.883346445993066,4,3,1,0,29.15572892755487,5.8971240746490405,-1.461594990465718
55.00000000000001,22.0,6,12.0,0,4,4,0,0,36.40000000000001,14.560000000000006,7.280000000000003,4,3,1,0,36.40000000000001,6.900067660490558,-0.37993233950944544
55.00000000000001,22.0,6,12.0,15,4,4,0,0,36.40000000000001,13.486420681039185,6.206420681039183,4,3,1,0,29.388284673695576,5.49772459522967,-1.7822754047703329
55.00000000000001,22.0,6,12.0,30,4,3,0,0,36.40000000000001,9.654827636082112,2.3748276360821103,4,3,1,0,26.285601618053647,4.877187984101283,-1.8735595462331478
55.00000000000001,22.0,8,5.0,0,4,4,0,0,47.24999999999999,18.9,9.45,4,3,1,0,47.24999999999999,10.630754860756845,1.1807548607568463
55.00000000000001,22.0,8,5.0,15,4,4,0,0,47.24999999999999,17.741022326121843,8.291022326121842,4,3,1,0,39.68053459092135,9.281354395850972,-0.1686456041490267
55.00000000000001,22.0,8,5.0,30,4,3,0,0,47.24999999999999,13.604643470770455,4.1546434707704565,4,3,1,0,36.33104720130791,7.946616382115181,-0.9320315199503967
55.00000000000001,22.0,8,8.0,0,4,4,0,0,42.600000000000016,17.040000000000006,8.520000000000003,4,3,1,0,42.600000000000016,9.031888917785583,0.5118889177855799
55.00000000000001,22.0,8,8.0,15,4,4,0,0,42.600000000000016,15.917621621086424,7.397621621086419,4,3,1,0,35.269570340681746,7.725101099139895,-0.7948989008601086
55.00000000000001,22.0,8,8.0,30,4,3,0,0,42.600000000000016,11.911865255904027,3.3918652559040243,4,3,1,0,32.02585623705608,6.432512706890494,-1.5341778930045948
55.00000000000001,22.0,8,10.0,0,4,4,0,0,39.5,15.8,7.9,4,3,1,0,39.5,7.965978289138068,0.06597828913806651
55.00000000000001,22.0,8,10.0,15,4,4,0,0,39.5,14.702021151062798,6.802021151062798,4,3,1,0,32.32892750718865,6.6875989013325015,-1.2124010986674982
55.00000000000001,22.0,8,10.0,30,4,3,0,0,39.5,10.783346445993066,2.883346445993066,4,3,1,0,29.15572892755487,5.423110256740699,-1.9356088083740588
55.00000000000001,22.0,8,12.0,0,4,4,0,0,36.40000000000001,14.560000000000006,7.280000000000003,4,3,1,0,36.40000000000001,6.900067660490558,-0.37993233950944544
55.00000000000001,22.0,8,12.0,15,4,4,0,0,36.40000000000001,13.486420681039185,6.206420681039183,4,3,1,0,29.388284673695576,5.650096703525115,-1.6299032964748876
55.00000000000001,22.0,8,12.0,30,4,3,0,0,36.40000000000001,9.654827636082112,2.3748276360821103,4,3,1,0,26.285601618053647,4.413707806590907,-2.3370397237435245
55.00000000000001,25.0,2,5.0,0,4,4,0,0,38.810951638896015,12.498353570818933,4.736163243039729,4,4,0,0,40.216818187455914,15.194247401118105,7.150883763626924
55.00000000000001,25.0,2,5.0,15,4,4,0,0,33.01606326950524,11.339375896940778,4.736163243039729,4,4,0,0,32.64735277837727,13.680354319302376,5.636990681811195
55.00000000000001,25.0,2,5.0,30,4,3,0,0,15.241767854094666,7.2029970415893905,2.4668337985496613,4,4,0,0,32.15462587843594,13.01045684137969,5.538445301822929
55.00000000000001,25.0,2,8.0,0,4,3,0,0,34.42744790293089,10.840510826477288,3.9550212458911087,4,4,0,0,35.78891866574679,13.451271167398595,6.293487434249235
55.00000000000001,25.0,2,8.0,15,4,3,0,0,28.815556008362975,9.718132447563704,3.9550212458911087,4,4,0,0,28.458489006428522,11.985185235534939,4.82740150238558
55.00000000000001,25.0,2,8.0,30,4,2,0,0,11.602554132386423,5.712376082381309,1.7573548364902003,4,4,0,0,27.98132190332744,11.336442414809808,4.7319680817653635
55.00000000000001,25.0,2,10.0,0,4,3,0,0,31.505112078954134,9.735282330249518,3.4342599144586914,4,4,0,0,32.836985651274034,12.28928701158558,5.721889881330773
55.00000000000001,25.0,2,10.0,15,4,3,0,0,26.01521783426812,8.637303481312316,3.4342599144586914,4,4,0,0,25.665913158462683,10.85507251302331,4.287675382768503
55.00000000000001,25.0,2,10.0,30,4,2,0,0,9.17641165124759,4.718628776242584,1.2843688617838922,4,4,0,0,25.19911925325511,10.220432797096553,4.194316601726988
55.00000000000001,25.0,2,12.0,0,4,3,0,0,28.582776254977382,8.630053834021755,2.9134985830262776,4,4,0,0,29.88505263680128,11.127302855772568,5.150292328412312
55.00000000000001,25.0,2,12.0,15,4,3,0,0,23.21487966017328,7.556474515060933,2.9134985830262776,4,4,0,0,22.873337310496844,9.724959790511681,3.747949263151425
55.00000000000001,25.0,2,12.0,30,4,2,0,0,6.7502691701087585,3.724881470103862,0.8113828870775843,4,4,0,0,22.41691660318277,9.104423179383295,3.6566651216886097
55.00000000000001,25.0,3,5.0,0,4,4,0,0,40.248643826416064,13.90533442327971,5.855605657996495,4,4,0,0,47.24999999999999,16.046414714665016,6.596414714665016
55.00000000000001,25.0,3,5.0,15,4,4,0,0,34.45375545702528,12.746356749401551,5.855605657996495,4,4,0,0,39.68053459092135,14.532521632849285,5.082521632849287
55.00000000000001,25.0,3,5.0,30,4,3,0,0,22.276672116398544,8.609977894050166,2.754372236053671,4,4,0,0,36.33104720130791,13.8626241549266,4.98397625286102
55.00000000000001,25.0,3,8.0,0,4,4,0,0,35.81973928452926,12.203060704649829,5.039112847743977,4,4,0,0,42.600000000000016,14.276527934201917,5.756527934201914
55.00000000000001,25.0,3,8.0,15,4,4,0,0,30.20784738996134,11.080682325736246,5.039112847743977,4,4,0,0,35.269570340681746,12.810442002338263,4.29044200233826
55.00000000000001,25.0,3,8.0,30,4,3,0,0,18.41530352324913,7.07492596055385,2.0358131128098735,4,4,0,0,32.02585623705608,12.161699181613132,4.195008581718043
55.00000000000001,25.0,3,10.0,0,4,4,0,0,32.8671362566047,11.06821155889657,4.494784307575627,4,4,0,0,39.5,13.096603413893176,5.196603413893175
55.00000000000001,25.0,3,10.0,15,4,4,0,0,27.37724201191869,9.970232709959365,4.494784307575627,4,4,0,0,32.32892750718865,11.662388915330906,3.7623889153309054
55.00000000000001,25.0,3,10.0,30,4,3,0,0,15.841057794482838,6.051558004889634,1.5567736973140058,4,4,0,0,29.15572892755487,11.027749199404148,3.6690301342893905
55.00000000000001,25.0,3,12.0,0,4,4,0,0,29.914533228680163,9.933362413143312,3.95045576740728,4,4,0,0,36.40000000000001,11.916678893584441,4.636678893584438
55.00000000000001,25.0,3,12.0,15,4,4,0,0,24.546636633876062,8.859783094182493,3.95045576740728,4,4,0,0,29.388284673695576,10.514335828323555,3.2343358283235517
55.00000000000001,25.0,3,12.0,30,4,3,0,0,13.266812065716548,5.02819004922542,1.0777342818181401,4,4,0,0,26.285601618053647,9.893799217195168,3.1430516868607365
55.00000000000001,25.0,4,5.0,0,4,4,0,0,47.24999999999999,18.9,9.45,4,4,0,0,47.24999999999999,16.223677182918326,6.773677182918329
55.00000000000001,25.0,4,5.0,15,4,4,0,0,47.24999999999999,17.741022326121843,8.291022326121842,4,4,0,0,39.68053459092135,14.709784101102597,5.259784101102599
55.00000000000001,25.0,4,5.0,30,4,3,0,0,47.24999999999999,13.604643470770455,4.1546434707704565,4,4,0,0,36.33104720130791,14.03988662317991,5.161238721114333
55.00000000000001,25.0,4,8.0,0,4,4,0,0,42.600000000000016,17.040000000000006,8.520000000000003,4,4,0,0,42.600000000000016,14.44819264029986,5.928192640299857
55.00000000000001,25.0,4,8.0,15,4,4,0,0,42.600000000000016,15.917621621086424,7.397621621086419,4,4,0,0,35.269570340681746,12.982106708436206,4.4621067084362025
55.00000000000001,25.0,4,8.0,30,4,3,0,0,42.600000000000016,11.911865255904027,3.3918652559040243,4,4,0,0,32.02585623705608,12.333363887711075,4.366673287815986
55.00000000000001,25.0,4,10.0,0,4,4,0,0,39.5,15.8,7.9,4,4,0,0,39.5,13.264536278554207,5.364536278554207
55.00000000000001,25.0,4,10.0,15,4,4,0,0,39.5,14.702021151062798,6.802021151062798,4,4,0,0,32.32892750718865,11.830321779991937,3.930321779991937
55.00000000000001,25.0,4,10.0,30,4,3,0,0,39.5,10.783346445993066,2.883346445993066,4,4,0,0,29.15572892755487,11.195682064065181,3.836962998950422
55.00000000000001,25.0,4,12.0,0,4,4,0,0,36.40000000000001,14.560000000000006,7.280000000000003,4,4,0,0,36.40000000000001,12.080879916808563,4.800879916808559
55.00000000000001,25.0,4,12.0,15,4,4,0,0,36.40000000000001,13.486420681039185,6.206420681039183,4,4,0,0,29.388284673695576,10.678536851547674,3.398536851547671
55.00000000000001,25.0,4,12.0,30,4,3,0,0,36.40000000000001,9.654827636082112,2.3748276360821103,4,4,0,0,26.285601618053647,10.058000240419288,3.3072527100848563
55.00000000000001,25.0,6,5.0,0,4,4,0,0,47.24999999999999,18.9,9.45,4,3,1,0,47.24999999999999,10.630754860756845,1.1807548607568463
55.00000000000001,25.0,6,5.0,15,4,4,0,0,47.24999999999999,17.741022326121843,8.291022326121842,4,3,1,0,39.68053459092135,9.116861778941116,-0.3331382210588828
55.00000000000001,25.0,6,5.0,30,4,3,0,0,47.24999999999999,13.604643470770455,4.1546434707704565,4,3,1,0,36.33104720130791,8.44696430101843,-0.4316836010471491
55.00000000000001,25.0,6,8.0,0,4,4,0,0,42.600000000000016,17.040000000000006,8.520000000000003,4,3,1,0,42.600000000000016,9.031888917785583,0.5118889177855799
55.00000000000001,25.0,6,8.0,15,4,4,0,0,42.600000000000016,15.917621621086424,7.397621621086419,4,3,1,0,35.269570340681746,7.565802985921929,-0.9541970140780744
55.00000000000001,25.0,6,8.0,30,4,3,0,0,42.600000000000016,11.911865255904027,3.3918652559040243,4,3,1,0,32.02585623705608,6.917060165196798,-1.049630434698291
55.00000000000001,25.0,6,10.0,0,4,4,0,0,39.5,15.8,7.9,4,3,1,0,39.5,7.965978289138068,0.06597828913806651
55.00000000000001,25.0,6,10.0,15,4,4,0,0,39.5,14.702021151062798,6.802021151062798,4,3,1,0,32.32892750718865,6.531763790575798,-1.368236209424203
55.00000000000001,25.0,6,10.0,30,4,3,0,0,39.5,10.783346445993066,2.883346445993066,4,3,1,0,29.15572892755487,5.8971240746490405,-1.461594990465718
55.00000000000001,25.0,6,12.0,0,4,4,0,0,36.40000000000001,14.560000000000006,7.280000000000003,4,3,1,0,36.40000000000001,6.900067660490558,-0.37993233950944544
55.00000000000001,25.0,6,12.0,15,4,4,0,0,36.40000000000001,13.486420681039185,6.206420681039183,4,3,1,0,29.388284673695576,5.49772459522967,-1.7822754047703329
55.00000000000001,25.0,6,12.0,30,4,3,0,0,36.40000000000001,9.654827636082112,2.3748276360821103,4,3,1,0,26.285601618053647,4.877187984101283,-1.8735595462331478
55.00000000000001,25.0,8,5.0,0,4,4,0,0,47.24999999999999,18.9,9.45,4,3,1,0,47.24999999999999,10.630754860756845,1.1807548607568463
55.00000000000001,25.0,8,5.0,15,4,4,0,0,47.24999999999999,17.741022326121843,8.291022326121842,4,3,1,0,39.68053459092135,9.281354395850972,-0.1686456041490267
55.00000000000001,25.0,8,5.0,30,4,3,0,0,47.24999999999999,13.604643470770455,4.1546434707704565,4,3,1,0,36.33104720130791,7.946616382115181,-0.9320315199503967
55.00000000000001,25.0,8,8.0,0,4,4,0,0,42.600000000000016,17.040000000000006,8.520000000000003,4,3,1,0,42.600000000000016,9.031888917785583,0.5118889177855799
55.00000000000001,25.0,8,8.0,15,4,4,0,0,42.600000000000016,15.917621621086424,7.397621621086419,4,3,1,0,35.269570340681746,7.725101099139895,-0.7948989008601086
55.00000000000001,25.0,8,8.0,30,4,3,0,0,42.600000000000016,11.911865255904027,3.3918652559040243,4,3,1,0,32.02585623705608,6.432512706890494,-1.5341778930045948
55.00000000000001,25.0,8,10.0,0,4,4,0,0,39.5,15.8,7.9,4,3,1,0,39.5,7.965978289138068,0.06597828913806651
55.00000000000001,25.0,8,10.0,15,4,4,0,0,39.5,14.702021151062798,6.802021151062798,4,3,1,0,32.32892750718865,6.6875989013325015,-1.2124010986674982
55.00000000000001,25.0,8,10.0,30,4,3,0,0,39.5,10.783346445993066,2.883346445993066,4,3,1,0,29.15572892755487,5.423110256740699,-1.9356088083740588
55.00000000000001,25.0,8,12.0,0,4,4,0,0,36.40000000000001,14.560000000000006,7.280000000000003,4,3,1,0,36.40000000000001,6.900067660490558,-0.37993233950944544
55.00000000000001,25.0,8,12.0,15,4,4,0,0,36.40000000000001,13.486420681039185,6.206420681039183,4,3,1,0,29.388284673695576,5.650096703525115,-1.6299032964748876
55.00000000000001,25.0,8,12.0,30,4,3,0,0,36.40000000000001,9.654827636082112,2.3748276360821103,4,3,1,0,26.285601618053647,4.413707806590907,-2.3370397237435245
55.00000000000001,30.0,2,5.0,0,4,4,0,0,38.810951638896015,12.498353570818933,4.736163243039729,4,4,0,0,40.216818187455914,15.194247401118105,7.150883763626924
55.00000000000001,30.0,2,5.0,15,4,4,0,0,33.01606326950524,11.339375896940778,4.736163243039729,4,4,0,0,32.64735277837727,13.680354319302376,5.636990681811195
55.00000000000001,30.0,2,5.0,30,4,3,0,0,15.241767854094666,7.2029970415893905,2.4668337985496613,4,4,0,0,32.15462587843594,13.01045684137969,5.538445301822929
55.00000000000001,30.0,2,8.0,0,4,3,0,0,34.42744790293089,10.840510826477288,3.9550212458911087,4,4,0,0,35.78891866574679,13.451271167398595,6.293487434249235
55.00000000000001,30.0,2,8.0,15,4,3,0,0,28.815556008362975,9.718132447563704,3.9550212458911087,4,4,0,0,28.458489006428522,11.985185235534939,4.82740150238558
55.00000000000001,30.0,2,8.0,30,4,2,0,0,11.602554132386423,5.712376082381309,1.7573548364902003,4,4,0,0,27.98132190332744,11.336442414809808,4.7319680817653635
55.00000000000001,30.0,2,10.0,0,4,3,0,0,31.505112078954134,9.735282330249518,3.4342599144586914,4,4,0,0,32.836985651274034,12.28928701158558,5.721889881330773
55.00000000000001,30.0,2,10.0,15,4,3,0,0,26.01521783426812,8.637303481312316,3.4342599144586914,4,4,0,0,25.665913158462683,10.85507251302331,4.287675382768503
55.00000000000001,30.0,2,10.0,30,4,2,0,0,9.17641165124759,4.718628776242584,1.2843688617838922,4,4,0,0,25.19911925325511,10.220432797096553,4.194316601726988
55.00000000000001,30.0,2,12.0,0,4,3,0,0,28.582776254977382,8.630053834021755,2.9134985830262776,4,4,0,0,29.88505263680128,11.127302855772568,5.150292328412312
55.00000000000001,30.0,2,12.0,15,4,3,0,0,23.21487966017328,7.556474515060933,2.9134985830262776,4,4,0,0,22.873337310496844,9.724959790511681,3.747949263151425
55.00000000000001,30.0,2,12.0,30,4,2,0,0,6.7502691701087585,3.724881470103862,0.8113828870775843,4,4,0,0,22.41691660318277,9.104423179383295,3.6566651216886097
55.00000000000001,30.0,3,5.0,0,4,4,0,0,40.248643826416064,13.90533442327971,5.855605657996495,4,4,0,0,47.24999999999999,16.046414714665016,6.596414714665016
55.00000000000001,30.0,3,5.0,15,4,4,0,0,34.45375545702528,12.746356749401551,5.855605657996495,4,4,0,0,39.68053459092135,14.532521632849285,5.082521632849287
55.00000000000001,30.0,3,5.0,30,4,3,0,0,22.276672116398544,8.609977894050166,2.754372236053671,4,4,0,0,36.33104720130791,13.8626241549266,4.98397625286102
55.00000000000001,30.0,3,8.0,0,4,4,0,0,35.81973928452926,12.203060704649829,5.039112847743977,4,4,0,0,42.600000000000016,14.276527934201917,5.756527934201914
55.00000000000001,30.0,3,8.0,15,4,4,0,0,30.20784738996134,11.080682325736246,5.039112847743977,4,4,0,0,35.269570340681746,12.810442002338263,4.29044200233826
55.00000000000001,30.0,3,8.0,30,4,3,0,0,18.41530352324913,7.07492596055385,2.0358131128098735,4,4,0,0,32.02585623705608,12.161699181613132,4.195008581718043
55.00000000000001,30.0,3,10.0,0,4,4,0,0,32.8671362566047,11.06821155889657,4.494784307575627,4,4,0,0,39.5,13.096603413893176,5.196603413893175
55.00000000000001,30.0,3,10.0,15,4,4,0,0,27.37724201191869,9.970232709959365,4.494784307575627,4,4,0,0,32.32892750718865,11.662388915330906,3.7623889153309054
55.00000000000001,30.0,3,10.0,30,4,3,0,0,15.841057794482838,6.051558004889634,1.5567736973140058,4,4,0,0,29.15572892755487,11.027749199404148,3.6690301342893905
55.00000000000001,30.0,3,12.0,0,4,4,0,0,29.914533228680163,9.933362413143312,3.95045576740728,4,4,0,0,36.40000000000001,11.916678893584441,4.636678893584438
55.00000000000001,30.0,3,12.0,15,4,4,0,0,24.546636633876062,8.859783094182493,3.95045576740728,4,4,0,0,29.388284673695576,10.514335828323555,3.2343358283235517
55.00000000000001,30.0,3,12.0,30,4,3,0,0,13.266812065716548,5.02819004922542,1.0777342818181401,4,4,0,0,26.285601618053647,9.893799217195168,3.1430516868607365
55.00000000000001,30.0,4,5.0,0,4,4,0,0,47.24999999999999,18.9,9.45,4,4,0,0,47.24999999999999,16.223677182918326,6.773677182918329
55.00000000000001,30.0,4,5.0,15,4,4,0,0,47.24999999999999,17.741022326121843,8.291022326121842,4,4,0,0,39.68053459092135,14.709784101102597,5.259784101102599
55.00000000000001,30.0,4,5.0,30,4,3,0,0,47.24999999999999,13.604643470770455,4.1546434707704565,4,4,0,0,36.33104720130791,14.03988662317991,5.161238721114333
55.00000000000001,30.0,4,8.0,0,4,4,0,0,42.600000000000016,17.040000000000006,8.520000000000003,4,4,0,0,42.600000000000016,14.44819264029986,5.928192640299857
55.00000000000001,30.0,4,8.0,15,4,4,0,0,42.600000000000016,15.917621621086424,7.397621621086419,4,4,0,0,35.269570340681746,12.982106708436206,4.4621067084362025
55.00000000000001,30.0,4,8.0,30,4,3,0,0,42.600000000000016,11.911865255904027,3.3918652559040243,4,4,0,0,32.02585623705608,12.333363887711075,4.366673287815986
55.00000000000001,30.0,4,10.0,0,4,4,0,0,39.5,15.8,7.9,4,4,0,0,39.5,13.264536278554207,5.364536278554207
55.00000000000001,30.0,4,10.0,15,4,4,0,0,39.5,14.702021151062798,6.802021151062798,4,4,0,0,32.32892750718865,11.830321779991937,3.930321779991937
55.00000000000001,30.0,4,10.0,30,4,3,0,0,39.5,10.783346445993066,2.883346445993066,4,4,0,0,29.15572892755487,11.195682064065181,3.836962998950422
55.00000000000001,30.0,4,12.0,0,4,4,0,0,36.40000000000001,14.560000000000006,7.280000000000003,4,4,0,0,36.40000000000001,12.080879916808563,4.800879916808559
55.00000000000001,30.0,4,12.0,15,4,4,0,0,36.40000000000001,13.486420681039185,6.206420681039183,4,4,0,0,29.388284673695576,10.678536851547674,3.398536851547671
55.00000000000001,30.0,4,12.0,30,4,3,0,0,36.40000000000001,9.654827636082112,2.3748276360821103,4,4,0,0,26.285601618053647,10.058000240419288,3.3072527100848563
55.00000000000001,30.0,6,5.0,0,4,4,0,0,47.24999999999999,18.9,9.45,4,3,1,0,47.24999999999999,10.630754860756845,1.1807548607568463
55.00000000000001,30.0,6,5.0,15,4,4,0,0,47.24999999999999,17.741022326121843,8.291022326121842,4,3,1,0,39.68053459092135,9.116861778941116,-0.3331382210588828
55.00000000000001,30.0,6,5.0,30,4,3,0,0,47.24999999999999,13.604643470770455,4.1546434707704565,4,3,1,0,36.33104720130791,8.44696430101843,-0.4316836010471491
55.00000000000001,30.0,6,8.0,0,4,4,0,0,42.600000000000016,17.040000000000006,8.520000000000003,4,3,1,0,42.600000000000016,9.031888917785583,0.5118889177855799
55.00000000000001,30.0,6,8.0,15,4,4,0,0,42.600000000000016,15.917621621086424,7.397621621086419,4,3,1,0,35.269570340681746,7.565802985921929,-0.9541970140780744
55.00000000000001,30.0,6,8.0,30,4,3,0,0,42.600000000000016,11.911865255904027,3.3918652559040243,4,3,1,0,32.02585623705608,6.917060165196798,-1.049630434698291
55.00000000000001,30.0,6,10.0,0,4,4,0,0,39.5,15.8,7.9,4,3,1,0,39.5,7.965978289138068,0.06597828913806651
55.00000000000001,30.0,6,10.0,15,4,4,0,0,39.5,14.702021151062798,6.802021151062798,4,3,1,0,32.32892750718865,6.531763790575798,-1.368236209424203
55.00000000000001,30.0,6,10.0,30,4,3,0,0,39.5,10.783346445993066,2.883346445993066,4,3,1,0,29.15572892755487,5.8971240746490405,-1.461594990465718
55.00000000000001,30.0,6,12.0,0,4,4,0,0,36.40000000000001,14.560000000000006,7.280000000000003,4,3,1,0,36.40000000000001,6.900067660490558,-0.37993233950944544
55.00000000000001,30.0,6,12.0,15,4,4,0,0,36.40000000000001,13.486420681039185,6.206420681039183,4,3,1,0,29.388284673695576,5.49772459522967,-1.7822754047703329
55.00000000000001,30.0,6,12.0,30,4,3,0,0,36.40000000000001,9.654827636082112,2.3748276360821103,4,3,1,0,26.285601618053647,4.877187984101283,-1.8735595462331478
55.00000000000001,30.0,8,5.0,0,4,4,0,0,47.24999999999999,18.9,9.45,4,3,1,0,47.24999999999999,10.630754860756845,1.1807548607568463
55.00000000000001,30.0,8,5.0,15,4,4,0,0,47.24999999999999,17.741022326121843,8.291022326121842,4,3,1,0,39.68053459092135,9.281354395850972,-0.1686456041490267
55.00000000000001,30.0,8,5.0,30,4,3,0,0,47.24999999999999,13.604643470770455,4.1546434707704565,4,3,1,0,36.33104720130791,7.946616382115181,-0.9320315199503967
55.00000000000001,30.0,8,8.0,0,4,4,0,0,42.600000000000016,17.040000000000006,8.520000000000003,4,3,1,0,42.600000000000016,9.031888917785583,0.5118889177855799
55.00000000000001,30.0,8,8.0,15,4,4,0,0,42.600000000000016,15.917621621086424,7.397621621086419,4,3,1,0,35.269570340681746,7.725101099139895,-0.7948989008601086
55.00000000000001,30.0,8,8.0,30,4,3,0,0,42.600000000000016,11.911865255904027,3.3918652559040243,4,3,1,0,32.02585623705608,6.432512706890494,-1.5341778930045948
55.00000000000001,30.0,8,10.0,0,4,4,0,0,39.5,15.8,7.9,4,3,1,0,39.5,7.965978289138068,0.06597828913806651
55.00000000000001,30.0,8,10.0,15,4,4,0,0,39.5,14.702021151062798,6.802021151062798,4,3,1,0,32.32892750718865,6.6875989013325015,-1.2124010986674982
55.00000000000001,30.0,8,10.0,30,4,3,0,0,39.5,10.783346445993066,2.883346445993066,4,3,1,0,29.15572892755487,5.423110256740699,-1.9356088083740588
55.00000000000001,30.0,8,12.0,0,4,4,0,0,36.40000000000001,14.560000000000006,7.280000000000003,4,3,1,0,36.40000000000001,6.900067660490558,-0.37993233950944544
55.00000000000001,30.0,8,12.0,15,4,4,0,0,36.40000000000001,13.486420681039185,6.206420681039183,4,3,1,0,29.388284673695576,5.650096703525115,-1.6299032964748876
55.00000000000001,30.0,8,12.0,30,4,3,0,0,36.40000000000001,9.654827636082112,2.3748276360821103,4,3,1,0,26.285601618053647,4.413707806590907,-2.3370397237435245
60.0,15.0,2,5.0,0,4,2,1,0,8.821934956822336,5.039386991364467,1.7643869913644672,4,3,1,0,28.721237005590538,8.953729498744053,0.435365861252869
60.0,15.0,2,5.0,15,4,2,1,0,8.821934956822336,5.039386991364467,1.7643869913644672,4,3,1,0,28.721237005590538,9.019247401118108,0.5008837636269238
60.0,15.0,2,5.0,30,4,2,1,0,8.821934956822336,5.039386991364467,1.7643869913644672,4,3,1,0,28.721237005590538,7.972895303183687,0.5008837636269238
60.0,15.0,2,8.0,0,4,2,1,0,5.385452800291113,3.617090560058225,1.0770905600582228,4,3,1,0,24.65635583699295,7.407822251415299,-0.2099614817340612
60.0,15.0,2,8.0,15,4,2,1,0,5.385452800291113,3.617090560058225,1.0770905600582228,4,3,1,0,24.65635583699295,7.4712711673985925,-0.14651256575076702
60.0,15.0,2,8.0,30,4,2,1,0,5.385452800291113,3.617090560058225,1.0770905600582228,4,3,1,0,24.65635583699295,6.457961767293677,-0.14651256575076702
60.0,15.0,2,10.0,0,4,2,1,0,3.09446469593696,2.6688929391873937,0.6188929391873921,4,3,1,0,21.946435057927893,6.3772174198627924,-0.6401797103920149
60.0,15.0,2,10.0,15,4,2,1,0,3.09446469593696,2.6688929391873937,0.6188929391873921,4,3,1,0,21.946435057927893,6.439287011585581,-0.5781101186692276
60.0,15.0,2,10.0,30,4,2,1,0,3.09446469593696,2.6688929391873937,0.6188929391873921,4,3,1,0,21.946435057927893,5.448006076700337,-0.5781101186692276
60.0,15.0,2,12.0,0,4,2,1,0,0.8034765915828093,1.7206953183165632,0.16069531831656186,4,3,1,0,19.236514278862828,5.346612588310286,-1.0703979390499707
60.0,15.0,2,12.0,15,4,2,1,0,0.8034765915828093,1.7206953183165632,0.16069531831656186,4,3,1,0,19.236514278862828,5.407302855772567,-1.0097076715876896
60.0,15.0,2,12.0,30,4,2,1,0,0.8034765915828093,1.7206953183165632,0.16069531831656186,4,3,1,0,19.236514278862828,4.438050386106996,-1.0097076715876896
60.0,15.0,3,5.0,0,4,2,2,0,6.9986438264160675,4.674728765283214,1.3997287652832135,4,3,1,0,35.35707357332508,10.280896812290962,-0.1191031877090385
60.0,15.0,3,5.0,15,4,2,2,0,6.9986438264160675,4.674728765283214,1.3997287652832135,4,3,1,0,35.35707357332508,10.346414714665016,-0.053585285334983725
60.0,15.0,3,5.0,30,4,2,2,0,6.9986438264160675,4.674728765283214,1.3997287652832135,4,3,1,0,30.125313083652973,9.300062616730594,-0.053585285334983725
60.0,15.0,3,8.0,0,4,2,2,0,3.619739284529256,3.2639478569058533,0.7239478569058513,4,3,1,0,31.08263967100957,8.693079018218624,-0.7469209817813817
60.0,15.0,3,8.0,15,4,2,2,0,3.619739284529256,3.2639478569058533,0.7239478569058513,4,3,1,0,31.08263967100957,8.756527934201918,-0.6834720657980875
60.0,15.0,3,8.0,30,4,2,2,0,3.619739284529256,3.2639478569058533,0.7239478569058513,4,3,1,0,26.01609267048499,7.743218534097001,-0.6834720657980875
60.0,15.0,3,10.0,0,4,2,2,0,1.3671362566047005,2.3234272513209415,0.2734272513209401,4,3,1,0,28.23301706946588,7.63453382217039,-1.1654661778296127
60.0,15.0,3,10.0,15,4,2,2,0,1.3671362566047005,2.3234272513209415,0.2734272513209401,4,3,1,0,28.23301706946588,7.696603413893178,-1.1033965861068253
60.0,15.0,3,10.0,30,4,2,2,0,1.3671362566047005,2.3234272513209415,0.2734272513209401,4,3,1,0,23.276612395039663,6.705322479007934,-1.1033965861068253
60.0,15.0,3,12.0,0,4,2,2,0,-0.8854667713198427,1.3829066457360328,-0.17709335426396855,4,3,1,0,25.383394467922194,6.57598862612216,-1.5840113738778439
60.0,15.0,3,12.0,15,4,2,2,0,-0.8854667713198427,1.3829066457360328,-0.17709335426396855,4,3,1,0,25.383394467922194,6.63667889358444,-1.5233211064155627
60.0,15.0,3,12.0,30,4,2,2,0,-0.8854667713198427,1.3829066457360328,-0.17709335426396855,4,3,1,0,20.53713211959434,5.667426423918869,-1.5233211064155627
60.0,15.0,4,5.0,0,4,2,2,0,16.375,6.550000000000001,3.2750000000000004,4,3,1,0,36.24338591459164,10.458159280544274,0.05815928054427353
60.0,15.0,4,5.0,15,4,2,2,0,15.481024293715691,6.3712048587431385,3.0962048587431386,4,3,1,0,36.24338591459164,10.523677182918329,0.1236771829183283
60.0,15.0,4,5.0,30,4,2,2,0,16.375,6.550000000000001,3.2750000000000004,4,3,1,0,31.011625424919533,9.477325084983907,0.1236771829183283
60.0,15.0,4,8.0,0,4,2,2,0,12.70000000000001,5.0800000000000045,2.5400000000000023,4,3,1,0,31.940963201499283,8.864743724316567,-0.5752562756834391
60.0,15.0,4,8.0,15,4,2,2,0,11.834255105493096,4.906851021098621,2.3668510210986193,4,3,1,0,31.940963201499283,8.92819264029986,-0.5118073597001448
60.0,15.0,4,8.0,30,4,2,2,0,12.70000000000001,5.0800000000000045,2.5400000000000023,4,3,1,0,26.874416200974704,7.914883240194944,-0.5118073597001448
60.0,15.0,4,10.0,0,4,2,2,0,10.250000000000007,4.100000000000003,2.0500000000000016,4,3,1,0,29.072681392771038,7.802466686831422,-0.9975333131685815
60.0,15.0,4,10.0,15,4,2,2,0,9.403075646678023,3.930615129335606,1.8806151293356046,4,3,1,0,29.072681392771038,7.864536278554209,-0.9354637214457941
60.0,15.0,4,10.0,30,4,2,2,0,10.250000000000007,4.100000000000003,2.0500000000000016,4,3,1,0,24.11627671834482,6.873255343668966,-0.9354637214457941
60.0,15.0,4,12.0,0,4,2,2,0,7.800000000000006,3.1200000000000028,1.5600000000000014,4,3,1,0,26.20439958404279,6.740189649346277,-1.419810350653724
60.0,15.0,4,12.0,15,4,2,2,0,6.971896187862958,2.954379237572593,1.3943792375725916,4,3,1,0,26.20439958404279,6.800879916808559,-1.359120083191443
60.0,15.0,4,12.0,30,4,2,2,0,7.800000000000006,3.1200000000000028,1.5600000000000014,4,3,1,0,21.358137235714935,5.8316274471429885,-1.359120083191443
60.0,15.0,6,5.0,0,4,2,2,0,16.375,6.550000000000001,3.2750000000000004,4,2,2,0,16.047410488129728,6.370097930355552,-4.029902069644449
60.0,15.0,6,5.0,15,4,2,2,0,15.481024293715691,6.3712048587431385,3.0962048587431386,4,2,2,0,16.375,6.278760251671018,-4.121239748328982
60.0,15.0,6,5.0,30,4,2,2,0,16.375,6.550000000000001,3.2750000000000004,4,2,2,0,11.143239510327891,4.936394367404342,-4.417253534661237
60.0,15.0,6,8.0,0,4,2,2,0,12.70000000000001,5.0800000000000045,2.5400000000000023,4,2,2,0,12.382755420083539,4.905779048344328,-4.5342209516556755
60.0,15.0,6,8.0,15,4,2,2,0,11.834255105493096,4.906851021098621,2.3668510210986193,4,2,2,0,12.70000000000001,4.817325717407728,-4.622674282592277
60.0,15.0,6,8.0,30,4,2,2,0,12.70000000000001,5.0800000000000045,2.5400000000000023,4,2,2,0,7.6334529994754305,3.5173503347494703,-4.909340265145618
60.0,15.0,6,10.0,0,4,2,2,0,10.250000000000007,4.100000000000003,2.0500000000000016,4,2,2,0,9.93965204138607,3.9295664603368423,-4.870433539663161
60.0,15.0,6,10.0,15,4,2,2,0,9.403075646678023,3.930615129335606,1.8806151293356046,4,2,2,0,10.250000000000007,3.8430360278988633,-4.95696397210114
60.0,15.0,6,10.0,30,4,2,2,0,10.250000000000007,4.100000000000003,2.0500000000000016,4,2,2,0,5.29359532557379,2.571320979646221,-5.237398085468539
60.0,15.0,6,12.0,0,4,2,2,0,7.800000000000006,3.1200000000000028,1.5600000000000014,4,2,2,0,7.4965486626886,2.9533538723293553,-5.206646127670647
60.0,15.0,6,12.0,15,4,2,2,0,6.971896187862958,2.954379237572593,1.3943792375725916,4,2,2,0,7.800000000000006,2.8687463383899985,-5.291253661610003
60.0,15.0,6,12.0,30,4,2,2,0,7.800000000000006,3.1200000000000028,1.5600000000000014,4,2,2,0,2.953737651672151,1.6252916245429707,-5.565455905791461
60.0,15.0,8,5.0,0,4,2,2,0,16.375,6.550000000000001,3.2750000000000004,4,2,2,0,16.047410488129728,6.370097930355552,-4.029902069644449
60.0,15.0,8,5.0,15,4,2,2,0,15.481024293715691,6.3712048587431385,3.0962048587431386,4,2,2,0,16.375,6.278760251671018,-4.121239748328982
60.0,15.0,8,5.0,30,4,2,2,0,16.375,6.550000000000001,3.2750000000000004,4,2,2,0,11.143239510327891,4.936394367404342,-4.417253534661237
60.0,15.0,8,8.0,0,4,2,2,0,12.70000000000001,5.0800000000000045,2.5400000000000023,4,2,2,0,12.382755420083539,4.905779048344328,-4.5342209516556755
60.0,15.0,8,8.0,15,4,2,2,0,11.834255105493096,4.906851021098621,2.3668510210986193,4,2,2,0,12.70000000000001,4.817325717407728,-4.622674282592277
60.0,15.0,8,8.0,30,4,2,2,0,12.70000000000001,5.0800000000000045,2.5400000000000023,4,2,2,0,7.6334529994754305,3.5173503347494703,-4.909340265145618
60.0,15.0,8,10.0,0,4,2,2,0,10.250000000000007,4.100000000000003,2.0500000000000016,4,2,2,0,9.93965204138607,3.9295664603368423,-4.870433539663161
60.0,15.0,8,10.0,15,4,2,2,0,9.403075646678023,3.930615129335606,1.8806151293356046,4,2,2,0,10.250000000000007,3.8430360278988633,-4.95696397210114
60.0,15.0,8,10.0,30,4,2,2,0,10.250000000000007,4.100000000000003,2.0500000000000016,4,2,2,0,5.29359532557379,2.571320979646221,-5.237398085468539
60.0,15.0,8,12.0,0,4,2,2,0,7.800000000000006,3.1200000000000028,1.5600000000000014,4,2,2,0,7.4965486626886,2.9533538723293553,-5.206646127670647
60.0,15.0,8,12.0,15,4,2,2,0,6.971896187862958,2.954379237572593,1.3943792375725916,4,2,2,0,7.800000000000006,2.8687463383899985,-5.291253661610003
60.0,15.0,8,12.0,30,4,2,2,0,7.800000000000006,3.1200000000000028,1.5600000000000014,4,2,2,0,2.953737651672151,1.6252916245429707,-5.565455905791461
60.0,18.0,2,5.0,0,4,3,0,0,15.241767854094666,6.975550234404196,1.7643869913644672,4,3,1,0,28.721237005590538,8.73424740111811,0.21588376362692402
60.0,18.0,2,5.0,15,4,3,0,0,15.241767854094666,6.975550234404196,1.7643869913644672,4,3,1,0,28.721237005590538,8.73424740111811,0.21588376362692402
60.0,18.0,2,5.0,30,4,3,0,0,15.241767854094666,6.975550234404196,1.7643869913644672,4,3,1,0,28.721237005590538,7.687895303183687,0.21588376362692402
60.0,18.0,2,8.0,0,4,2,0,0,11.602554132386423,5.492111805949332,1.0770905600582228,4,3,1,0,24.65635583699295,7.195271167398594,-0.42251256575076646
60.0,18.0,2,8.0,15,4,2,0,0,11.602554132386423,5.492111805949332,1.0770905600582228,4,3,1,0,24.65635583699295,7.195271167398594,-0.42251256575076646
60.0,18.0,2,8.0,30,4,2,0,0,11.602554132386423,5.492111805949332,1.0770905600582228,4,3,1,0,24.65635583699295,6.181961767293678,-0.42251256575076646
60.0,18.0,2,10.0,0,4,2,0,0,9.17641165124759,4.5031528536460845,0.6188929391873921,4,3,1,0,21.946435057927893,6.169287011585581,-0.8481101186692265
60.0,18.0,2,10.0,15,4,2,0,0,9.17641165124759,4.5031528536460845,0.6188929391873921,4,3,1,0,21.946435057927893,6.169287011585581,-0.8481101186692265
60.0,18.0,2,10.0,30,4,2,0,0,9.17641165124759,4.5031528536460845,0.6188929391873921,4,3,1,0,21.946435057927893,5.178006076700338,-0.8481101186692265
60.0,18.0,2,12.0,0,4,2,0,0,6.7502691701087585,3.514193901342839,0.16069531831656186,4,3,1,0,19.236514278862828,5.143302855772568,-1.2737076715876894
60.0,18.0,2,12.0,15,4,2,0,0,6.7502691701087585,3.514193901342839,0.16069531831656186,4,3,1,0,19.236514278862828,5.143302855772568,-1.2737076715876894
60.0,18.0,2,12.0,30,4,2,0,0,6.7502691701087585,3.514193901342839,0.16069531831656186,4,3,1,0,19.236514278862828,4.174050386106996,-1.2737076715876894
60.0,18.0,3,5.0,0,4,3,0,0,22.276672116398544,8.292765006556776,1.9621593485602795,4,3,1,0,35.35707357332508,10.061414714665018,-0.33858528533498355
60.0,18.0,3,5.0,15,4,3,0,0,22.276672116398544,8.292765006556776,1.9621593485602795,4,3,1,0,35.35707357332508,10.061414714665018,-0.33858528533498355
60.0,18.0,3,5.0,30,4,3,0,0,22.276672116398544,8.292765006556776,1.9621593485602795,4,3,1,0,30.125313083652973,9.015062616730594,-0.33858528533498355
60.0,18.0,3,8.0,0,4,3,0,0,18.41530352324913,6.767730322139197,1.2686174743952208,4,3,1,0,31.08263967100957,8.480527934201918,-0.9594720657980869
60.0,18.0,3,8.0,15,4,3,0,0,18.41530352324913,6.767730322139197,1.2686174743952208,4,3,1,0,31.08263967100957,8.480527934201918,-0.9594720657980869
60.0,18.0,3,8.0,30,4,3,0,0,18.41530352324913,6.767730322139197,1.2686174743952208,4,3,1,0,26.01609267048499,7.467218534097002,-0.9594720657980869
60.0,18.0,3,10.0,0,4,3,0,0,15.841057794482838,5.751040532527473,0.8062562249518447,4,3,1,0,28.23301706946588,7.426603413893179,-1.3733965861068242
60.0,18.0,3,10.0,15,4,3,0,0,15.841057794482838,5.751040532527473,0.8062562249518447,4,3,1,0,28.23301706946588,7.426603413893179,-1.3733965861068242
60.0,18.0,3,10.0,30,4,3,0,0,15.841057794482838,5.751040532527473,0.8062562249518447,4,3,1,0,23.276612395039663,6.435322479007936,-1.3733965861068242
60.0,18.0,3,12.0,0,4,3,0,0,13.266812065716548,4.734350742915751,0.34389497550847176,4,3,1,0,25.383394467922194,6.372678893584441,-1.7873211064155623
60.0,18.0,3,12.0,15,4,3,0,0,13.266812065716548,4.734350742915751,0.34389497550847176,4,3,1,0,25.383394467922194,6.372678893584441,-1.7873211064155623
60.0,18.0,3,12.0,30,4,3,0,0,13.266812065716548,4.734350742915751,0.34389497550847176,4,3,1,0,20.53713211959434,5.403426423918869,-1.7873211064155623
60.0,18.0,4,5.0,0,4,3,1,0,52.0,12.780039767651095,2.3800397676510943,4,3,1,0,36.24338591459164,10.23867718291833,-0.1613228170816715
60.0,18.0,4,5.0,15,4,3,1,0,51.10602429371569,12.598257215291751,2.1982572152917497,4,3,1,0,36.24338591459164,10.23867718291833,-0.1613228170816715
60.0,18.0,4,5.0,30,4,3,1,0,52.0,12.777052356548612,2.3770523565486115,4,3,1,0,31.011625424919533,9.192325084983906,-0.1613228170816715
60.0,18.0,4,8.0,0,4,3,1,0,47.20000000000002,11.113301669725278,1.673301669725273,4,3,1,0,31.940963201499283,8.65219264029986,-0.7878073597001443
60.0,18.0,4,8.0,15,4,3,1,0,46.3342551054931,10.937259619019384,1.4972596190193799,4,3,1,0,31.940963201499283,8.65219264029986,-0.7878073597001443
60.0,18.0,4,8.0,30,4,3,1,0,47.20000000000002,11.110408597920767,1.6704085979207628,4,3,1,0,26.874416200974704,7.638883240194945,-0.7878073597001443
60.0,18.0,4,10.0,0,4,3,1,0,44.000000000000014,10.002142937774726,1.2021429377747226,4,3,1,0,29.072681392771038,7.5945362785542105,-1.205463721445793
60.0,18.0,4,10.0,15,4,3,1,0,43.15307564667803,9.829927888171134,1.029927888171131,4,3,1,0,29.072681392771038,7.5945362785542105,-1.205463721445793
60.0,18.0,4,10.0,30,4,3,1,0,44.000000000000014,9.999312758835531,1.199312758835528,4,3,1,0,24.11627671834482,6.603255343668967,-1.205463721445793
60.0,18.0,4,12.0,0,4,3,1,0,40.80000000000001,8.890984205824175,0.7309842058241728,4,3,1,0,26.20439958404279,6.536879916808559,-1.6231200831914425
60.0,18.0,4,12.0,15,4,3,1,0,39.97189618786297,8.722596157322887,0.5625961573228843,4,3,1,0,26.20439958404279,6.536879916808559,-1.6231200831914425
60.0,18.0,4,12.0,30,4,3,1,0,40.80000000000001,8.888216919750297,0.7282169197502939,4,3,1,0,21.358137235714935,5.567627447142989,-1.6231200831914425
60.0,18.0,6,5.0,0,4,3,1,0,52.0,12.780039767651095,2.3800397676510943,4,2,2,0,14.950000000000001,5.980000000000001,-4.42
60.0,18.0,6,5.0,15,4,3,1,0,51.10602429371569,12.598257215291751,2.1982572152917497,4,2,2,0,14.950000000000001,5.980000000000001,-4.42
60.0,18.0,6,5.0,30,4,3,1,0,52.0,12.614639602115354,2.2146396021153536,4,2,2,0,9.718239510327892,4.651394367404342,-4.702253534661236
60.0,18.0,6,8.0,0,4,3,1,0,47.20000000000002,11.113301669725278,1.673301669725273,4,2,2,0,11.320000000000013,4.528000000000006,-4.911999999999999
60.0,18.0,6,8.0,15,4,3,1,0,46.3342551054931,10.937259619019384,1.4972596190193799,4,2,2,0,11.320000000000013,4.528000000000006,-4.911999999999999
60.0,18.0,6,8.0,30,4,3,1,0,47.20000000000002,10.953124667311716,1.5131246673117127,4,2,2,0,6.253452999475433,3.2413503347494714,-5.185340265145617
60.0,18.0,6,10.0,0,4,3,1,0,44.000000000000014,10.002142937774726,1.2021429377747226,4,2,2,0,8.900000000000013,3.5600000000000054,-5.239999999999998
60.0,18.0,6,10.0,15,4,3,1,0,43.15307564667803,9.829927888171134,1.029927888171131,4,2,2,0,8.900000000000013,3.5600000000000054,-5.239999999999998
60.0,18.0,6,10.0,30,4,3,1,0,44.000000000000014,9.845448044109288,1.0454480441092835,4,2,2,0,3.9435953255737957,2.301320979646222,-5.507398085468537
60.0,18.0,6,12.0,0,4,3,1,0,40.80000000000001,8.890984205824175,0.7309842058241728,4,2,2,0,6.4800000000000075,2.592000000000003,-5.568
60.0,18.0,6,12.0,15,4,3,1,0,39.97189618786297,8.722596157322887,0.5625961573228843,4,2,2,0,6.4800000000000075,2.592000000000003,-5.568
60.0,18.0,6,12.0,30,4,3,1,0,40.80000000000001,8.737771420906858,0.5777714209068548,4,2,2,0,1.6337376516721527,1.361291624542971,-5.829455905791461
60.0,18.0,8,5.0,0,4,3,1,0,52.0,12.780039767651095,2.3800397676510943,4,2,2,0,14.950000000000001,5.980000000000001,-4.42
60.0,18.0,8,5.0,15,4,3,1,0,51.10602429371569,12.598257215291751,2.1982572152917497,4,2,2,0,14.950000000000001,5.980000000000001,-4.42
60.0,18.0,8,5.0,30,4,3,1,0,52.0,12.614639602115354,2.2146396021153536,4,2,2,0,9.718239510327892,4.651394367404342,-4.702253534661236
60.0,18.0,8,8.0,0,4,3,1,0,47.20000000000002,11.113301669725278,1.673301669725273,4,2,2,0,11.320000000000013,4.528000000000006,-4.911999999999999
60.0,18.0,8,8.0,15,4,3,1,0,46.3342551054931,10.937259619019384,1.4972596190193799,4,2,2,0,11.320000000000013,4.528000000000006,-4.911999999999999
60.0,18.0,8,8.0,30,4,3,1,0,47.20000000000002,10.953124667311716,1.5131246673117127,4,2,2,0,6.253452999475433,3.2413503347494714,-5.185340265145617
60.0,18.0,8,10.0,0,4,3,1,0,44.000000000000014,10.002142937774726,1.2021429377747226,4,2,2,0,8.900000000000013,3.5600000000000054,-5.239999999999998
60.0,18.0,8,10.0,15,4,3,1,0,43.15307564667803,9.829927888171134,1.029927888171131,4,2,2,0,8.900000000000013,3.5600000000000054,-5.239999999999998
60.0,18.0,8,10.0,30,4,3,1,0,44.000000000000014,9.845448044109288,1.0454480441092835,4,2,2,0,3.9435953255737957,2.301320979646222,-5.507398085468537
60.0,18.0,8,12.0,0,4,3,1,0,40.80000000000001,8.890984205824175,0.7309842058241728,4,2,2,0,6.4800000000000075,2.592000000000003,-5.568
60.0,18.0,8,12.0,15,4,3,1,0,39.97189618786297,8.722596157322887,0.5625961573228843,4,2,2,0,6.4800000000000075,2.592000000000003,-5.568
60.0,18.0,8,12.0,30,4,3,1,0,40.80000000000001,8.737771420906858,0.5777714209068548,4,2,2,0,1.6337376516721527,1.361291624542971,-5.829455905791461
60.0,20.0,2,5.0,0,4,3,0,0,15.241767854094666,6.975550234404196,1.7643869913644672,4,4,0,0,42.59181818745592,16.144247401118108,7.625883763626923
60.0,20.0,2,5.0,15,4,3,0,0,15.241767854094666,6.975550234404196,1.7643869913644672,4,4,0,0,32.64735277837727,14.15535431930238,5.636990681811195
60.0,20.0,2,5.0,30,4,3,0,0,15.241767854094666,6.975550234404196,1.7643869913644672,4,4,0,0,32.15462587843594,13.01045684137969,5.538445301822929
60.0,20.0,2,8.0,0,4,2,0,0,11.602554132386423,5.492111805949332,1.0770905600582228,4,4,0,0,38.088918665746796,14.371271167398596,6.753487434249235
60.0,20.0,2,8.0,15,4,2,0,0,11.602554132386423,5.492111805949332,1.0770905600582228,4,4,0,0,28.458489006428522,12.44518523553494,4.82740150238558
60.0,20.0,2,8.0,30,4,2,0,0,11.602554132386423,5.492111805949332,1.0770905600582228,4,4,0,0,27.98132190332744,11.336442414809808,4.7319680817653635
60.0,20.0,2,10.0,0,4,2,0,0,9.17641165124759,4.5031528536460845,0.6188929391873921,4,4,0,0,35.086985651274034,13.189287011585584,6.171889881330774
60.0,20.0,2,10.0,15,4,2,0,0,9.17641165124759,4.5031528536460845,0.6188929391873921,4,4,0,0,25.665913158462683,11.305072513023312,4.287675382768503
60.0,20.0,2,10.0,30,4,2,0,0,9.17641165124759,4.5031528536460845,0.6188929391873921,4,4,0,0,25.19911925325511,10.220432797096553,4.194316601726988
60.0,20.0,2,12.0,0,4,2,0,0,6.7502691701087585,3.514193901342839,0.16069531831656186,4,4,0,0,32.08505263680128,12.007302855772569,5.590292328412312
60.0,20.0,2,12.0,15,4,2,0,0,6.7502691701087585,3.514193901342839,0.16069531831656186,4,4,0,0,22.873337310496844,10.16495979051168,3.747949263151425
60.0,20.0,2,12.0,30,4,2,0,0,6.7502691701087585,3.514193901342839,0.16069531831656186,4,4,0,0,22.41691660318277,9.104423179383295,3.6566651216886097
60.0,20.0,3,5.0,0,4,3,0,0,22.276672116398544,8.292765006556776,1.9621593485602795,4,4,0,0,52.0,17.471414714665016,7.071414714665017
60.0,20.0,3,5.0,15,4,3,0,0,22.276672116398544,8.292765006556776,1.9621593485602795,4,4,0,0,42.055534590921354,15.482521632849288,5.082521632849287
60.0,20.0,3,5.0,30,4,3,0,0,22.276672116398544,8.292765006556776,1.9621593485602795,4,4,0,0,36.33104720130791,14.3376241549266,4.98397625286102
60.0,20.0,3,8.0,0,4,3,0,0,18.41530352324913,6.767730322139197,1.2686174743952208,4,4,0,0,47.20000000000002,15.656527934201918,6.216527934201914
60.0,20.0,3,8.0,15,4,3,0,0,18.41530352324913,6.767730322139197,1.2686174743952208,4,4,0,0,37.56957034068174,13.730442002338265,4.29044200233826
60.0,20.0,3,8.0,30,4,3,0,0,18.41530352324913,6.767730322139197,1.2686174743952208,4,4,0,0,32.02585623705608,12.621699181613131,4.195008581718043
60.0,20.0,3,10.0,0,4,3,0,0,15.841057794482838,5.751040532527473,0.8062562249518447,4,4,0,0,44.000000000000014,14.446603413893179,5.646603413893176
60.0,20.0,3,10.0,15,4,3,0,0,15.841057794482838,5.751040532527473,0.8062562249518447,4,4,0,0,34.57892750718866,12.562388915330908,3.7623889153309054
60.0,20.0,3,10.0,30,4,3,0,0,15.841057794482838,5.751040532527473,0.8062562249518447,4,4,0,0,29.15572892755487,11.477749199404151,3.6690301342893905
60.0,20.0,3,12.0,0,4,3,0,0,13.266812065716548,4.734350742915751,0.34389497550847176,4,4,0,0,40.80000000000001,13.23667889358444,5.07667889358444
60.0,20.0,3,12.0,15,4,3,0,0,13.266812065716548,4.734350742915751,0.34389497550847176,4,4,0,0,31.588284673695576,11.394335828323555,3.2343358283235517
60.0,20.0,3,12.0,30,4,3,0,0,13.266812065716548,4.734350742915751,0.34389497550847176,4,4,0,0,26.285601618053647,10.33379921719517,3.1430516868607365
60.0,20.0,4,5.0,0,4,3,1,0,52.0,12.780039767651095,2.3800397676510943,4,4,0,0,52.0,17.64867718291833,7.248677182918328
60.0,20.0,4,5.0,15,4,3,1,0,51.10602429371569,12.598257215291751,2.1982572152917497,4,4,0,0,42.055534590921354,15.6597841011026,5.259784101102599
60.0,20.0,4,5.0,30,4,3,1,0,52.0,12.777052356548612,2.3770523565486115,4,4,0,0,36.33104720130791,14.514886623179912,5.161238721114333
60.0,20.0,4,8.0,0,4,3,1,0,47.20000000000002,11.113301669725278,1.673301669725273,4,4,0,0,47.20000000000002,15.82819264029986,6.388192640299857
60.0,20.0,4,8.0,15,4,3,1,0,46.3342551054931,10.937259619019384,1.4972596190193799,4,4,0,0,37.56957034068174,13.902106708436207,4.4621067084362025
60.0,20.0,4,8.0,30,4,3,1,0,47.20000000000002,11.110408597920767,1.6704085979207628,4,4,0,0,32.02585623705608,12.793363887711074,4.366673287815986
60.0,20.0,4,10.0,0,4,3,1,0,44.000000000000014,10.002142937774726,1.2021429377747226,4,4,0,0,44.000000000000014,14.61453627855421,5.814536278554208
60.0,20.0,4,10.0,15,4,3,1,0,43.15307564667803,9.829927888171134,1.029927888171131,4,4,0,0,34.57892750718866,12.73032177999194,3.930321779991937
60.0,20.0,4,10.0,30,4,3,1,0,44.000000000000014,9.999312758835531,1.199312758835528,4,4,0,0,29.15572892755487,11.645682064065182,3.836962998950422
60.0,20.0,4,12.0,0,4,3,1,0,40.80000000000001,8.890984205824175,0.7309842058241728,4,4,0,0,40.80000000000001,13.400879916808561,5.2408799168085585
60.0,20.0,4,12.0,15,4,3,1,0,39.97189618786297,8.722596157322887,0.5625961573228843,4,4,0,0,31.588284673695576,11.558536851547673,3.398536851547671
60.0,20.0,4,12.0,30,4,3,1,0,40.80000000000001,8.888216919750297,0.7282169197502939,4,4,0,0,26.285601618053647,10.498000240419287,3.3072527100848563
60.0,20.0,6,5.0,0,4,3,1,0,52.0,12.780039767651095,2.3800397676510943,4,3,1,0,52.0,13.200000000000001,2.8000000000000003
60.0,20.0,6,5.0,15,4,3,1,0,51.10602429371569,12.598257215291751,2.1982572152917497,4,3,1,0,42.055534590921354,11.21110691818427,0.8111069181842702
60.0,20.0,6,5.0,30,4,3,1,0,52.0,12.614639602115354,2.2146396021153536,4,3,1,0,36.33104720130791,9.973955905600347,0.6203080035347676
60.0,20.0,6,8.0,0,4,3,1,0,47.20000000000002,11.113301669725278,1.673301669725273,4,3,1,0,47.20000000000002,11.520000000000007,2.0800000000000027
60.0,20.0,6,8.0,15,4,3,1,0,46.3342551054931,10.937259619019384,1.4972596190193799,4,3,1,0,37.56957034068174,9.593914068136352,0.15391406813634811
60.0,20.0,6,8.0,30,4,3,1,0,47.20000000000002,10.953124667311716,1.5131246673117127,4,3,1,0,32.02585623705608,8.3958309822656,-0.030859617629486993
60.0,20.0,6,10.0,0,4,3,1,0,44.000000000000014,10.002142937774726,1.2021429377747226,4,3,1,0,44.000000000000014,10.400000000000006,1.6000000000000023
60.0,20.0,6,10.0,15,4,3,1,0,43.15307564667803,9.829927888171134,1.029927888171131,4,3,1,0,34.57892750718866,8.515785501437733,-0.2842144985622689
60.0,20.0,6,10.0,30,4,3,1,0,44.000000000000014,9.845448044109288,1.0454480441092835,4,3,1,0,29.15572892755487,7.343747700042437,-0.46497136507232323
60.0,20.0,6,12.0,0,4,3,1,0,40.80000000000001,8.890984205824175,0.7309842058241728,4,3,1,0,40.80000000000001,9.280000000000005,1.1200000000000017
60.0,20.0,6,12.0,15,4,3,1,0,39.97189618786297,8.722596157322887,0.5625961573228843,4,3,1,0,31.588284673695576,7.437656934739117,-0.7223430652608855
60.0,20.0,6,12.0,30,4,3,1,0,40.80000000000001,8.737771420906858,0.5777714209068548,4,3,1,0,26.285601618053647,6.29166441781927,-0.8990831125151619
60.0,20.0,8,5.0,0,4,3,1,0,52.0,12.780039767651095,2.3800397676510943,4,3,1,0,52.0,13.200000000000001,2.8000000000000003
60.0,20.0,8,5.0,15,4,3,1,0,51.10602429371569,12.598257215291751,2.1982572152917497,4,3,1,0,42.055534590921354,11.21110691818427,0.8111069181842702
60.0,20.0,8,5.0,30,4,3,1,0,52.0,12.614639602115354,2.2146396021153536,4,3,1,0,36.33104720130791,9.973955905600347,0.6203080035347676
60.0,20.0,8,8.0,0,4,3,1,0,47.20000000000002,11.113301669725278,1.673301669725273,4,3,1,0,47.20000000000002,11.520000000000007,2.0800000000000027
60.0,20.0,8,8.0,15,4,3,1,0,46.3342551054931,10.937259619019384,1.4972596190193799,4,3,1,0,37.56957034068174,9.593914068136352,0.15391406813634811
60.0,20.0,8,8.0,30,4,3,1,0,47.20000000000002,10.953124667311716,1.5131246673117127,4,3,1,0,32.02585623705608,8.3958309822656,-0.030859617629486993
60.0,20.0,8,10.0,0,4,3,1,0,44.000000000000014,10.002142937774726,1.2021429377747226,4,3,1,0,44.000000000000014,10.400000000000006,1.6000000000000023
60.0,20.0,8,10.0,15,4,3,1,0,43.15307564667803,9.829927888171134,1.029927888171131,4,3,1,0,34.57892750718866,8.515785501437733,-0.2842144985622689
60.0,20.0,8,10.0,30,4,3,1,0,44.000000000000014,9.845448044109288,1.0454480441092835,4,3,1,0,29.15572892755487,7.343747700042437,-0.46497136507232323
60.0,20.0,8,12.0,0,4,3,1,0,40.80000000000001,8.890984205824175,0.7309842058241728,4,3,1,0,40.80000000000001,9.280000000000005,1.1200000000000017
60.0,20.0,8,12.0,15,4,3,1,0,39.97189618786297,8.722596157322887,0.5625961573228843,4,3,1,0,31.588284673695576,7.437656934739117,-0.7223430652608855
60.0,20.0,8,12.0,30,4,3,1,0,40.80000000000001,8.737771420906858,0.5777714209068548,4,3,1,0,26.285601618053647,6.29166441781927,-0.8990831125151619
60.0,22.0,2,5.0,0,4,3,0,0,15.241767854094666,6.975550234404196,1.7643869913644672,4,4,0,0,42.59181818745592,16.144247401118108,7.625883763626923
60.0,22.0,2,5.0,15,4,3,0,0,15.241767854094666,6.975550234404196,1.7643869913644672,4,4,0,0,32.64735277837727,14.15535431930238,5.636990681811195
60.0,22.0,2,5.0,30,4,3,0,0,15.241767854094666,6.975550234404196,1.7643869913644672,4,4,0,0,32.15462587843594,13.01045684137969,5.538445301822929
60.0,22.0,2,8.0,0,4,2,0,0,11.602554132386423,5.492111805949332,1.0770905600582228,4,4,0,0,38.088918665746796,14.371271167398596,6.753487434249235
60.0,22.0,2,8.0,15,4,2,0,0,11.602554132386423,5.492111805949332,1.0770905600582228,4,4,0,0,28.458489006428522,12.44518523553494,4.82740150238558
60.0,22.0,2,8.0,30,4,2,0,0,11.602554132386423,5.492111805949332,1.0770905600582228,4,4,0,0,27.98132190332744,11.336442414809808,4.7319680817653635
60.0,22.0,2,10.0,0,4,2,0,0,9.17641165124759,4.5031528536460845,0.6188929391873921,4,4,0,0,35.086985651274034,13.189287011585584,6.171889881330774
60.0,22.0,2,10.0,15,4,2,0,0,9.17641165124759,4.5031528536460845,0.6188929391873921,4,4,0,0,25.665913158462683,11.305072513023312,4.287675382768503
60.0,22.0,2,10.0,30,4,2,0,0,9.17641165124759,4.5031528536460845,0.6188929391873921,4,4,0,0,25.19911925325511,10.220432797096553,4.194316601726988
60.0,22.0,2,12.0,0,4,2,0,0,6.7502691701087585,3.514193901342839,0.16069531831656186,4,4,0,0,32.08505263680128,12.007302855772569,5.590292328412312
60.0,22.0,2,12.0,15,4,2,0,0,6.7502691701087585,3.514193901342839,0.16069531831656186,4,4,0,0,22.873337310496844,10.16495979051168,3.747949263151425
60.0,22.0,2,12.0,30,4,2,0,0,6.7502691701087585,3.514193901342839,0.16069531831656186,4,4,0,0,22.41691660318277,9.104423179383295,3.6566651216886097
60.0,22.0,3,5.0,0,4,3,0,0,22.276672116398544,8.292765006556776,1.9621593485602795,4,4,0,0,52.0,17.471414714665016,7.071414714665017
60.0,22.0,3,5.0,15,4,3,0,0,22.276672116398544,8.292765006556776,1.9621593485602795,4,4,0,0,42.055534590921354,15.482521632849288,5.082521632849287
60.0,22.0,3,5.0,30,4,3,0,0,22.276672116398544,8.292765006556776,1.9621593485602795,4,4,0,0,36.33104720130791,14.3376241549266,4.98397625286102
60.0,22.0,3,8.0,0,4,3,0,0,18.41530352324913,6.767730322139197,1.2686174743952208,4,4,0,0,47.20000000000002,15.656527934201918,6.216527934201914
60.0,22.0,3,8.0,15,4,3,0,0,18.41530352324913,6.767730322139197,1.2686174743952208,4,4,0,0,37.56957034068174,13.730442002338265,4.29044200233826
60.0,22.0,3,8.0,30,4,3,0,0,18.41530352324913,6.767730322139197,1.2686174743952208,4,4,0,0,32.02585623705608,12.621699181613131,4.195008581718043
60.0,22.0,3,10.0,0,4,3,0,0,15.841057794482838,5.751040532527473,0.8062562249518447,4,4,0,0,44.000000000000014,14.446603413893179,5.646603413893176
60.0,22.0,3,10.0,15,4,3,0,0,15.841057794482838,5.751040532527473,0.8062562249518447,4,4,0,0,34.57892750718866,12.562388915330908,3.7623889153309054
60.0,22.0,3,10.0,30,4,3,0,0,15.841057794482838,5.751040532527473,0.8062562249518447,4,4,0,0,29.15572892755487,11.477749199404151,3.6690301342893905
60.0,22.0,3,12.0,0,4,3,0,0,13.266812065716548,4.734350742915751,0.34389497550847176,4,4,0,0,40.80000000000001,13.23667889358444,5.07667889358444
60.0,22.0,3,12.0,15,4,3,0,0,13.266812065716548,4.734350742915751,0.34389497550847176,4,4,0,0,31.588284673695576,11.394335828323555,3.2343358283235517
60.0,22.0,3,12.0,30,4,3,0,0,13.266812065716548,4.734350742915751,0.34389497550847176,4,4,0,0,26.285601618053647,10.33379921719517,3.1430516868607365
60.0,22.0,4,5.0,0,4,3,1,0,52.0,12.780039767651095,2.3800397676510943,4,4,0,0,52.0,17.64867718291833,7.248677182918328
60.0,22.0,4,5.0,15,4,3,1,0,51.10602429371569,12.598257215291751,2.1982572152917497,4,4,0,0,42.055534590921354,15.6597841011026,5.259784101102599
60.0,22.0,4,5.0,30,4,3,1,0,52.0,12.777052356548612,2.3770523565486115,4,4,0,0,36.33104720130791,14.514886623179912,5.161238721114333
60.0,22.0,4,8.0,0,4,3,1,0,47.20000000000002,11.113301669725278,1.673301669725273,4,4,0,0,47.20000000000002,15.82819264029986,6.388192640299857
60.0,22.0,4,8.0,15,4,3,1,0,46.3342551054931,10.937259619019384,1.4972596190193799,4,4,0,0,37.56957034068174,13.902106708436207,4.4621067084362025
60.0,22.0,4,8.0,30,4,3,1,0,47.20000000000002,11.110408597920767,1.6704085979207628,4,4,0,0,32.02585623705608,12.793363887711074,4.366673287815986
60.0,22.0,4,10.0,0,4,3,1,0,44.000000000000014,10.002142937774726,1.2021429377747226,4,4,0,0,44.000000000000014,14.61453627855421,5.814536278554208
60.0,22.0,4,10.0,15,4,3,1,0,43.15307564667803,9.829927888171134,1.029927888171131,4,4,0,0,34.57892750718866,12.73032177999194,3.930321779991937
60.0,22.0,4,10.0,30,4,3,1,0,44.000000000000014,9.999312758835531,1.199312758835528,4,4,0,0,29.15572892755487,11.645682064065182,3.836962998950422
60.0,22.0,4,12.0,0,4,3,1,0,40.80000000000001,8.890984205824175,0.7309842058241728,4,4,0,0,40.80000000000001,13.400879916808561,5.2408799168085585
60.0,22.0,4,12.0,15,4,3,1,0,39.97189618786297,8.722596157322887,0.5625961573228843,4,4,0,0,31.588284673695576,11.558536851547673,3.398536851547671
60.0,22.0,4,12.0,30,4,3,1,0,40.80000000000001,8.888216919750297,0.7282169197502939,4,4,0,0,26.285601618053647,10.498000240419287,3.3072527100848563
60.0,22.0,6,5.0,0,4,3,1,0,52.0,12.780039767651095,2.3800397676510943,4,3,1,0,52.0,12.055754860756847,1.655754860756847
60.0,22.0,6,5.0,15,4,3,1,0,51.10602429371569,12.598257215291751,2.1982572152917497,4,3,1,0,42.055534590921354,10.066861778941117,-0.3331382210588828
60.0,22.0,6,5.0,30,4,3,1,0,52.0,12.614639602115354,2.2146396021153536,4,3,1,0,36.33104720130791,8.921964301018429,-0.4316836010471491
60.0,22.0,6,8.0,0,4,3,1,0,47.20000000000002,11.113301669725278,1.673301669725273,4,3,1,0,47.20000000000002,10.411888917785584,0.9718889177855801
60.0,22.0,6,8.0,15,4,3,1,0,46.3342551054931,10.937259619019384,1.4972596190193799,4,3,1,0,37.56957034068174,8.485802985921929,-0.9541970140780744
60.0,22.0,6,8.0,30,4,3,1,0,47.20000000000002,10.953124667311716,1.5131246673117127,4,3,1,0,32.02585623705608,7.377060165196797,-1.049630434698291
60.0,22.0,6,10.0,0,4,3,1,0,44.000000000000014,10.002142937774726,1.2021429377747226,4,3,1,0,44.000000000000014,9.315978289138071,0.515978289138068
60.0,22.0,6,10.0,15,4,3,1,0,43.15307564667803,9.829927888171134,1.029927888171131,4,3,1,0,34.57892750718866,7.4317637905758005,-1.368236209424203
60.0,22.0,6,10.0,30,4,3,1,0,44.000000000000014,9.845448044109288,1.0454480441092835,4,3,1,0,29.15572892755487,6.347124074649042,-1.461594990465718
60.0,22.0,6,12.0,0,4,3,1,0,40.80000000000001,8.890984205824175,0.7309842058241728,4,3,1,0,40.80000000000001,8.220067660490557,0.06006766049055443
60.0,22.0,6,12.0,15,4,3,1,0,39.97189618786297,8.722596157322887,0.5625961573228843,4,3,1,0,31.588284673695576,6.37772459522967,-1.7822754047703329
60.0,22.0,6,12.0,30,4,3,1,0,40.80000000000001,8.737771420906858,0.5777714209068548,4,3,1,0,26.285601618053647,5.317187984101285,-1.8735595462331478
60.0,22.0,8,5.0,0,4,3,1,0,52.0,12.780039767651095,2.3800397676510943,4,3,1,0,52.0,12.055754860756847,1.655754860756847
60.0,22.0,8,5.0,15,4,3,1,0,51.10602429371569,12.598257215291751,2.1982572152917497,4,3,1,0,42.055534590921354,10.231354395850975,-0.1686456041490267
60.0,22.0,8,5.0,30,4,3,1,0,52.0,12.614639602115354,2.2146396021153536,4,3,1,0,36.33104720130791,8.42161638211518,-0.9320315199503967
60.0,22.0,8,8.0,0,4,3,1,0,47.20000000000002,11.113301669725278,1.673301669725273,4,3,1,0,47.20000000000002,10.411888917785584,0.9718889177855801
60.0,22.0,8,8.0,15,4,3,1,0,46.3342551054931,10.937259619019384,1.4972596190193799,4,3,1,0,37.56957034068174,8.645101099139895,-0.7948989008601086
60.0,22.0,8,8.0,30,4,3,1,0,47.20000000000002,10.953124667311716,1.5131246673117127,4,3,1,0,32.02585623705608,6.892512706890493,-1.5341778930045948
60.0,22.0,8,10.0,0,4,3,1,0,44.000000000000014,10.002142937774726,1.2021429377747226,4,3,1,0,44.000000000000014,9.315978289138071,0.515978289138068
60.0,22.0,8,10.0,15,4,3,1,0,43.15307564667803,9.829927888171134,1.029927888171131,4,3,1,0,34.57892750718866,7.5875989013325045,-1.2124010986674982
60.0,22.0,8,10.0,30,4,3,1,0,44.000000000000014,9.845448044109288,1.0454480441092835,4,3,1,0,29.15572892755487,5.873110256740701,-1.9356088083740588
60.0,22.0,8,12.0,0,4,3,1,0,40.80000000000001,8.890984205824175,0.7309842058241728,4,3,1,0,40.80000000000001,8.220067660490557,0.06006766049055443
60.0,22.0,8,12.0,15,4,3,1,0,39.97189618786297,8.722596157322887,0.5625961573228843,4,3,1,0,31.588284673695576,6.530096703525115,-1.6299032964748876
60.0,22.0,8,12.0,30,4,3,1,0,40.80000000000001,8.737771420906858,0.5777714209068548,4,3,1,0,26.285601618053647,4.853707806590908,-2.3370397237435245
60.0,25.0,2,5.0,0,4,3,0,0,15.241767854094666,6.975550234404196,1.7643869913644672,4,4,0,0,42.59181818745592,16.144247401118108,7.625883763626923
60.0,25.0,2,5.0,15,4,3,0,0,15.241767854094666,6.975550234404196,1.7643869913644672,4,4,0,0,32.64735277837727,14.15535431930238,5.636990681811195
60.0,25.0,2,5.0,30,4,3,0,0,15.241767854094666,6.975550234404196,1.7643869913644672,4,4,0,0,32.15462587843594,13.01045684137969,5.538445301822929
60.0,25.0,2,8.0,0,4,2,0,0,11.602554132386423,5.492111805949332,1.0770905600582228,4,4,0,0,38.088918665746796,14.371271167398596,6.753487434249235
60.0,25.0,2,8.0,15,4,2,0,0,11.602554132386423,5.492111805949332,1.0770905600582228,4,4,0,0,28.458489006428522,12.44518523553494,4.82740150238558
60.0,25.0,2,8.0,30,4,2,0,0,11.602554132386423,5.492111805949332,1.0770905600582228,4,4,0,0,27.98132190332744,11.336442414809808,4.7319680817653635
60.0,25.0,2,10.0,0,4,2,0,0,9.17641165124759,4.5031528536460845,0.6188929391873921,4,4,0,0,35.086985651274034,13.189287011585584,6.171889881330774
60.0,25.0,2,10.0,15,4,2,0,0,9.17641165124759,4.5031528536460845,0.6188929391873921,4,4,0,0,25.665913158462683,11.305072513023312,4.287675382768503
60.0,25.0,2,10.0,30,4,2,0,0,9.17641165124759,4.5031528536460845,0.6188929391873921,4,4,0,0,25.19911925325511,10.220432797096553,4.194316601726988
60.0,25.0,2,12.0,0,4,2,0,0,6.7502691701087585,3.514193901342839,0.16069531831656186,4,4,0,0,32.08505263680128,12.007302855772569,5.590292328412312
60.0,25.0,2,12.0,15,4,2,0,0,6.7502691701087585,3.514193901342839,0.16069531831656186,4,4,0,0,22.873337310496844,10.16495979051168,3.747949263151425
60.0,25.0,2,12.0,30,4,2,0,0,6.7502691701087585,3.514193901342839,0.16069531831656186,4,4,0,0,22.41691660318277,9.104423179383295,3.6566651216886097
60.0,25.0,3,5.0,0,4,3,0,0,22.276672116398544,8.292765006556776,1.9621593485602795,4,4,0,0,52.0,17.471414714665016,7.071414714665017
60.0,25.0,3,5.0,15,4,3,0,0,22.276672116398544,8.292765006556776,1.9621593485602795,4,4,0,0,42.055534590921354,15.482521632849288,5.082521632849287
60.0,25.0,3,5.0,30,4,3,0,0,22.276672116398544,8.292765006556776,1.9621593485602795,4,4,0,0,36.33104720130791,14.3376241549266,4.98397625286102
60.0,25.0,3,8.0,0,4,3,0,0,18.41530352324913,6.767730322139197,1.2686174743952208,4,4,0,0,47.20000000000002,15.656527934201918,6.216527934201914
60.0,25.0,3,8.0,15,4,3,0,0,18.41530352324913,6.767730322139197,1.2686174743952208,4,4,0,0,37.56957034068174,13.730442002338265,4.29044200233826
60.0,25.0,3,8.0,30,4,3,0,0,18.41530352324913,6.767730322139197,1.2686174743952208,4,4,0,0,32.02585623705608,12.621699181613131,4.195008581718043
60.0,25.0,3,10.0,0,4,3,0,0,15.841057794482838,5.751040532527473,0.8062562249518447,4,4,0,0,44.000000000000014,14.446603413893179,5.646603413893176
60.0,25.0,3,10.0,15,4,3,0,0,15.841057794482838,5.751040532527473,0.8062562249518447,4,4,0,0,34.57892750718866,12.562388915330908,3.7623889153309054
60.0,25.0,3,10.0,30,4,3,0,0,15.841057794482838,5.751040532527473,0.8062562249518447,4,4,0,0,29.15572892755487,11.477749199404151,3.6690301342893905
60.0,25.0,3,12.0,0,4,3,0,0,13.266812065716548,4.734350742915751,0.34389497550847176,4,4,0,0,40.80000000000001,13.23667889358444,5.07667889358444
60.0,25.0,3,12.0,15,4,3,0,0,13.266812065716548,4.734350742915751,0.34389497550847176,4,4,0,0,31.588284673695576,11.394335828323555,3.2343358283235517
60.0,25.0,3,12.0,30,4,3,0,0,13.266812065716548,4.734350742915751,0.34389497550847176,4,4,0,0,26.285601618053647,10.33379921719517,3.1430516868607365
60.0,25.0,4,5.0,0,4,3,1,0,52.0,12.725000000000001,2.3249999999999993,4,4,0,0,52.0,17.64867718291833,7.248677182918328
60.0,25.0,4,5.0,15,4,3,1,0,51.10602429371569,12.546204858743138,2.1462048587431375,4,4,0,0,42.055534590921354,15.6597841011026,5.259784101102599
60.0,25.0,4,5.0,30,4,3,1,0,52.0,12.725000000000001,2.3249999999999993,4,4,0,0,36.33104720130791,14.514886623179912,5.161238721114333
60.0,25.0,4,8.0,0,4,3,1,0,47.20000000000002,11.060000000000006,1.6200000000000025,4,4,0,0,47.20000000000002,15.82819264029986,6.388192640299857
60.0,25.0,4,8.0,15,4,3,1,0,46.3342551054931,10.886851021098623,1.4468510210986196,4,4,0,0,37.56957034068174,13.902106708436207,4.4621067084362025
60.0,25.0,4,8.0,30,4,3,1,0,47.20000000000002,11.060000000000006,1.6200000000000025,4,4,0,0,32.02585623705608,12.793363887711074,4.366673287815986
60.0,25.0,4,10.0,0,4,3,1,0,44.000000000000014,9.950000000000006,1.1500000000000021,4,4,0,0,44.000000000000014,14.61453627855421,5.814536278554208
60.0,25.0,4,10.0,15,4,3,1,0,43.15307564667803,9.780615129335608,0.9806151293356052,4,4,0,0,34.57892750718866,12.73032177999194,3.930321779991937
60.0,25.0,4,10.0,30,4,3,1,0,44.000000000000014,9.950000000000006,1.1500000000000021,4,4,0,0,29.15572892755487,11.645682064065182,3.836962998950422
60.0,25.0,4,12.0,0,4,3,1,0,40.80000000000001,8.840000000000003,0.6800000000000012,4,4,0,0,40.80000000000001,13.400879916808561,5.2408799168085585
60.0,25.0,4,12.0,15,4,3,1,0,39.97189618786297,8.674379237572595,0.5143792375725916,4,4,0,0,31.588284673695576,11.558536851547673,3.398536851547671
60.0,25.0,4,12.0,30,4,3,1,0,40.80000000000001,8.840000000000003,0.6800000000000012,4,4,0,0,26.285601618053647,10.498000240419287,3.3072527100848563
60.0,25.0,6,5.0,0,4,3,1,0,52.0,12.725000000000001,2.3249999999999993,4,3,1,0,52.0,12.055754860756847,1.655754860756847
60.0,25.0,6,5.0,15,4,3,1,0,51.10602429371569,12.546204858743138,2.1462048587431375,4,3,1,0,42.055534590921354,10.066861778941117,-0.3331382210588828
60.0,25.0,6,5.0,30,4,3,1,0,52.0,12.614639602115354,2.2146396021153536,4,3,1,0,36.33104720130791,8.921964301018429,-0.4316836010471491
60.0,25.0,6,8.0,0,4,3,1,0,47.20000000000002,11.060000000000006,1.6200000000000025,4,3,1,0,47.20000000000002,10.411888917785584,0.9718889177855801
60.0,25.0,6,8.0,15,4,3,1,0,46.3342551054931,10.886851021098623,1.4468510210986196,4,3,1,0,37.56957034068174,8.485802985921929,-0.9541970140780744
60.0,25.0,6,8.0,30,4,3,1,0,47.20000000000002,10.953124667311716,1.5131246673117127,4,3,1,0,32.02585623705608,7.377060165196797,-1.049630434698291
60.0,25.0,6,10.0,0,4,3,1,0,44.000000000000014,9.950000000000006,1.1500000000000021,4,3,1,0,44.000000000000014,9.315978289138071,0.515978289138068
60.0,25.0,6,10.0,15,4,3,1,0,43.15307564667803,9.780615129335608,0.9806151293356052,4,3,1,0,34.57892750718866,7.4317637905758005,-1.368236209424203
60.0,25.0,6,10.0,30,4,3,1,0,44.000000000000014,9.845448044109288,1.0454480441092835,4,3,1,0,29.15572892755487,6.347124074649042,-1.461594990465718
60.0,25.0,6,12.0,0,4,3,1,0,40.80000000000001,8.840000000000003,0.6800000000000012,4,3,1,0,40.80000000000001,8.220067660490557,0.06006766049055443
60.0,25.0,6,12.0,15,4,3,1,0,39.97189618786297,8.674379237572595,0.5143792375725916,4,3,1,0,31.588284673695576,6.37772459522967,-1.7822754047703329
60.0,25.0,6,12.0,30,4,3,1,0,40.80000000000001,8.737771420906858,0.5777714209068548,4,3,1,0,26.285601618053647,5.317187984101285,-1.8735595462331478
60.0,25.0,8,5.0,0,4,3,1,0,52.0,12.725000000000001,2.3249999999999993,4,3,1,0,52.0,12.055754860756847,1.655754860756847
60.0,25.0,8,5.0,15,4,3,1,0,51.10602429371569,12.546204858743138,2.1462048587431375,4,3,1,0,42.055534590921354,10.231354395850975,-0.1686456041490267
60.0,25.0,8,5.0,30,4,3,1,0,52.0,12.614639602115354,2.2146396021153536,4,3,1,0,36.33104720130791,8.42161638211518,-0.9320315199503967
60.0,25.0,8,8.0,0,4,3,1,0,47.20000000000002,11.060000000000006,1.6200000000000025,4,3,1,0,47.20000000000002,10.411888917785584,0.9718889177855801
60.0,25.0,8,8.0,15,4,3,1,0,46.3342551054931,10.886851021098623,1.4468510210986196,4,3,1,0,37.56957034068174,8.645101099139895,-0.7948989008601086
60.0,25.0,8,8.0,30,4,3,1,0,47.20000000000002,10.953124667311716,1.5131246673117127,4,3,1,0,32.02585623705608,6.892512706890493,-1.5341778930045948
60.0,25.0,8,10.0,0,4,3,1,0,44.000000000000014,9.950000000000006,1.1500000000000021,4,3,1,0,44.000000000000014,9.315978289138071,0.515978289138068
60.0,25.0,8,10.0,15,4,3,1,0,43.15307564667803,9.780615129335608,0.9806151293356052,4,3,1,0,34.57892750718866,7.5875989013325045,-1.2124010986674982
60.0,25.0,8,10.0,30,4,3,1,0,44.000000000000014,9.845448044109288,1.0454480441092835,4,3,1,0,29.15572892755487,5.873110256740701,-1.9356088083740588
60.0,25.0,8,12.0,0,4,3,1,0,40.80000000000001,8.840000000000003,0.6800000000000012,4,3,1,0,40.80000000000001,8.220067660490557,0.06006766049055443
60.0,25.0,8,12.0,15,4,3,1,0,39.97189618786297,8.674379237572595,0.5143792375725916,4,3,1,0,31.588284673695576,6.530096703525115,-1.6299032964748876
60.0,25.0,8,12.0,30,4,3,1,0,40.80000000000001,8.737771420906858,0.5777714209068548,4,3,1,0,26.285601618053647,4.853707806590908,-2.3370397237435245
60.0,30.0,2,5.0,0,4,3,0,0,15.241767854094666,6.975550234404196,1.7643869913644672,4,4,0,0,42.59181818745592,16.144247401118108,7.625883763626923
60.0,30.0,2,5.0,15,4,3,0,0,15.241767854094666,6.975550234404196,1.7643869913644672,4,4,0,0,32.64735277837727,14.15535431930238,5.636990681811195
60.0,30.0,2,5.0,30,4,3,0,0,15.241767854094666,6.975550234404196,1.7643869913644672,4,4,0,0,32.15462587843594,13.01045684137969,5.538445301822929
60.0,30.0,2,8.0,0,4,2,0,0,11.602554132386423,5.492111805949332,1.0770905600582228,4,4,0,0,38.088918665746796,14.371271167398596,6.753487434249235
60.0,30.0,2,8.0,15,4,2,0,0,11.602554132386423,5.492111805949332,1.0770905600582228,4,4,0,0,28.458489006428522,12.44518523553494,4.82740150238558
60.0,30.0,2,8.0,30,4,2,0,0,11.602554132386423,5.492111805949332,1.0770905600582228,4,4,0,0,27.98132190332744,11.336442414809808,4.7319680817653635
60.0,30.0,2,10.0,0,4,2,0,0,9.17641165124759,4.5031528536460845,0.6188929391873921,4,4,0,0,35.086985651274034,13.189287011585584,6.171889881330774
60.0,30.0,2,10.0,15,4,2,0,0,9.17641165124759,4.5031528536460845,0.6188929391873921,4,4,0,0,25.665913158462683,11.305072513023312,4.287675382768503
60.0,30.0,2,10.0,30,4,2,0,0,9.17641165124759,4.5031528536460845,0.6188929391873921,4,4,0,0,25.19911925325511,10.220432797096553,4.194316601726988
60.0,30.0,2,12.0,0,4,2,0,0,6.7502691701087585,3.514193901342839,0.16069531831656186,4,4,0,0,32.08505263680128,12.007302855772569,5.590292328412312
60.0,30.0,2,12.0,15,4,2,0,0,6.7502691701087585,3.514193901342839,0.16069531831656186,4,4,0,0,22.873337310496844,10.16495979051168,3.747949263151425
60.0,30.0,2,12.0,30,4,2,0,0,6.7502691701087585,3.514193901342839,0.16069531831656186,4,4,0,0,22.41691660318277,9.104423179383295,3.6566651216886097
60.0,30.0,3,5.0,0,4,3,0,0,22.276672116398544,8.292765006556776,1.9621593485602795,4,4,0,0,52.0,17.471414714665016,7.071414714665017
60.0,30.0,3,5.0,15,4,3,0,0,22.276672116398544,8.292765006556776,1.9621593485602795,4,4,0,0,42.055534590921354,15.482521632849288,5.082521632849287
60.0,30.0,3,5.0,30,4,3,0,0,22.276672116398544,8.292765006556776,1.9621593485602795,4,4,0,0,36.33104720130791,14.3376241549266,4.98397625286102
60.0,30.0,3,8.0,0,4,3,0,0,18.41530352324913,6.767730322139197,1.2686174743952208,4,4,0,0,47.20000000000002,15.656527934201918,6.216527934201914
60.0,30.0,3,8.0,15,4,3,0,0,18.41530352324913,6.767730322139197,1.2686174743952208,4,4,0,0,37.56957034068174,13.730442002338265,4.29044200233826
60.0,30.0,3,8.0,30,4,3,0,0,18.41530352324913,6.767730322139197,1.2686174743952208,4,4,0,0,32.02585623705608,12.621699181613131,4.195008581718043
60.0,30.0,3,10.0,0,4,3,0,0,15.841057794482838,5.751040532527473,0.8062562249518447,4,4,0,0,44.000000000000014,14.446603413893179,5.646603413893176
60.0,30.0,3,10.0,15,4,3,0,0,15.841057794482838,5.751040532527473,0.8062562249518447,4,4,0,0,34.57892750718866,12.562388915330908,3.7623889153309054
60.0,30.0,3,10.0,30,4,3,0,0,15.841057794482838,5.751040532527473,0.8062562249518447,4,4,0,0,29.15572892755487,11.477749199404151,3.6690301342893905
60.0,30.0,3,12.0,0,4,3,0,0,13.266812065716548,4.734350742915751,0.34389497550847176,4,4,0,0,40.80000000000001,13.23667889358444,5.07667889358444
60.0,30.0,3,12.0,15,4,3,0,0,13.266812065716548,4.734350742915751,0.34389497550847176,4,4,0,0,31.588284673695576,11.394335828323555,3.2343358283235517
60.0,30.0,3,12.0,30,4,3,0,0,13.266812065716548,4.734350742915751,0.34389497550847176,4,4,0,0,26.285601618053647,10.33379921719517,3.1430516868607365
60.0,30.0,4,5.0,0,4,3,0,0,52.0,12.777052356548612,2.3770523565486115,4,4,0,0,52.0,17.64867718291833,7.248677182918328
60.0,30.0,4,5.0,15,4,3,0,0,51.10602429371569,12.598257215291751,2.1982572152917497,4,4,0,0,42.055534590921354,15.6597841011026,5.259784101102599
60.0,30.0,4,5.0,30,4,3,0,0,52.0,12.777052356548612,2.3770523565486115,4,4,0,0,36.33104720130791,14.514886623179912,5.161238721114333
60.0,30.0,4,8.0,0,4,3,0,0,47.20000000000002,11.110408597920767,1.6704085979207628,4,4,0,0,47.20000000000002,15.82819264029986,6.388192640299857
60.0,30.0,4,8.0,15,4,3,0,0,46.3342551054931,10.937259619019384,1.4972596190193799,4,4,0,0,37.56957034068174,13.902106708436207,4.4621067084362025
60.0,30.0,4,8.0,30,4,3,0,0,47.20000000000002,11.110408597920767,1.6704085979207628,4,4,0,0,32.02585623705608,12.793363887711074,4.366673287815986
60.0,30.0,4,10.0,0,4,3,0,0,44.000000000000014,9.999312758835531,1.199312758835528,4,4,0,0,44.000000000000014,14.61453627855421,5.814536278554208
60.0,30.0,4,10.0,15,4,3,0,0,43.15307564667803,9.829927888171134,1.029927888171131,4,4,0,0,34.57892750718866,12.73032177999194,3.930321779991937
60.0,30.0,4,10.0,30,4,3,0,0,44.000000000000014,9.999312758835531,1.199312758835528,4,4,0,0,29.15572892755487,11.645682064065182,3.836962998950422
60.0,30.0,4,12.0,0,4,3,0,0,40.80000000000001,8.888216919750297,0.7282169197502939,4,4,0,0,40.80000000000001,13.400879916808561,5.2408799168085585
60.0,30.0,4,12.0,15,4,3,0,0,39.97189618786297,8.722596157322887,0.5625961573228843,4,4,0,0,31.588284673695576,11.558536851547673,3.398536851547671
60.0,30.0,4,12.0,30,4,3,0,0,40.80000000000001,8.888216919750297,0.7282169197502939,4,4,0,0,26.285601618053647,10.498000240419287,3.3072527100848563
60.0,30.0,6,5.0,0,4,3,1,0,52.0,11.719405724163341,1.3194057241633403,4,3,1,0,52.0,12.055754860756847,1.655754860756847
60.0,30.0,6,5.0,15,4,3,1,0,51.10602429371569,11.644724074370673,1.244724074370673,4,3,1,0,42.055534590921354,10.066861778941117,-0.3331382210588828
60.0,30.0,6,5.0,30,4,3,1,0,52.0,12.25,1.8499999999999994,4,3,1,0,36.33104720130791,8.921964301018429,-0.4316836010471491
60.0,30.0,6,8.0,0,4,3,1,0,47.20000000000002,10.086161332873978,0.6461613328739745,4,3,1,0,47.20000000000002,10.411888917785584,0.9718889177855801
60.0,30.0,6,8.0,15,4,3,1,0,46.3342551054931,10.013838050969497,0.5738380509694941,4,3,1,0,37.56957034068174,8.485802985921929,-0.9541970140780744
60.0,30.0,6,8.0,30,4,3,1,0,47.20000000000002,10.600000000000007,1.1600000000000017,4,3,1,0,32.02585623705608,7.377060165196797,-1.049630434698291
60.0,30.0,6,10.0,0,4,3,1,0,44.000000000000014,8.997331738681064,0.19733173868106135,4,3,1,0,44.000000000000014,9.315978289138071,0.515978289138068
60.0,30.0,6,10.0,15,4,3,1,0,43.15307564667803,8.926580702035379,0.12658070203537405,4,3,1,0,34.57892750718866,7.4317637905758005,-1.368236209424203
60.0,30.0,6,10.0,30,4,3,1,0,44.000000000000014,9.500000000000005,0.7000000000000015,4,3,1,0,29.15572892755487,6.347124074649042,-1.461594990465718
60.0,30.0,6,12.0,0,4,3,1,0,40.80000000000001,7.908502144488151,-0.25149785551185105,4,3,1,0,40.80000000000001,8.220067660490557,0.06006766049055443
60.0,30.0,6,12.0,15,4,3,1,0,39.97189618786297,7.839323353101257,-0.32067664689874537,4,3,1,0,31.588284673695576,6.37772459522967,-1.7822754047703329
60.0,30.0,6,12.0,30,4,3,1,0,40.80000000000001,8.400000000000004,0.2400000000000013,4,3,1,0,26.285601618053647,5.317187984101285,-1.8735595462331478
60.0,30.0,8,5.0,0,4,3,1,0,52.0,11.719405724163341,1.3194057241633403,4,3,1,0,52.0,12.055754860756847,1.655754860756847
60.0,30.0,8,5.0,15,4,3,1,0,51.10602429371569,11.644724074370673,1.244724074370673,4,3,1,0,42.055534590921354,10.231354395850975,-0.1686456041490267
60.0,30.0,8,5.0,30,4,3,1,0,52.0,12.25,1.8499999999999994,4,3,1,0,36.33104720130791,8.42161638211518,-0.9320315199503967
60.0,30.0,8,8.0,0,4,3,1,0,47.20000000000002,10.086161332873978,0.6461613328739745,4,3,1,0,47.20000000000002,10.411888917785584,0.9718889177855801
60.0,30.0,8,8.0,15,4,3,1,0,46.3342551054931,10.013838050969497,0.5738380509694941,4,3,1,0,37.56957034068174,8.645101099139895,-0.7948989008601086
60.0,30.0,8,8.0,30,4,3,1,0,47.20000000000002,10.600000000000007,1.1600000000000017,4,3,1,0,32.02585623705608,6.892512706890493,-1.5341778930045948
60.0,30.0,8,10.0,0,4,3,1,0,44.000000000000014,8.997331738681064,0.19733173868106135,4,3,1,0,44.000000000000014,9.315978289138071,0.515978289138068
60.0,30.0,8,10.0,15,4,3,1,0,43.15307564667803,8.926580702035379,0.12658070203537405,4,3,1,0,34.57892750718866,7.5875989013325045,-1.2124010986674982
60.0,30.0,8,10.0,30,4,3,1,0,44.000000000000014,9.500000000000005,0.7000000000000015,4,3,1,0,29.15572892755487,5.873110256740701,-1.9356088083740588
60.0,30.0,8,12.0,0,4,3,1,0,40.80000000000001,7.908502144488151,-0.25149785551185105,4,3,1,0,40.80000000000001,8.220067660490557,0.06006766049055443
60.0,30.0,8,12.0,15,4,3,1,0,39.97189618786297,7.839323353101257,-0.32067664689874537,4,3,1,0,31.588284673695576,6.530096703525115,-1.6299032964748876
60.0,30.0,8,12.0,30,4,3,1,0,40.80000000000001,8.400000000000004,0.2400000000000013,4,3,1,0,26.285601618053647,4.853707806590908,-2.3370397237435245
65.0,15.0,2,5.0,0,4,2,1,0,8.821934956822336,5.514386991364466,1.7643869913644672,4,3,1,0,28.721237005590538,9.428729498744053,0.435365861252869
65.0,15.0,2,5.0,15,4,2,1,0,8.821934956822336,5.514386991364466,1.7643869913644672,4,3,1,0,28.721237005590538,9.494247401118107,0.5008837636269238
65.0,15.0,2,5.0,30,4,2,1,0,8.821934956822336,5.514386991364466,1.7643869913644672,4,3,1,0,28.721237005590538,7.972895303183687,0.5008837636269238
65.0,15.0,2,8.0,0,4,2,1,0,5.385452800291113,4.077090560058223,1.0770905600582228,4,3,1,0,24.65635583699295,7.867822251415297,-0.2099614817340612
65.0,15.0,2,8.0,15,4,2,1,0,5.385452800291113,4.077090560058223,1.0770905600582228,4,3,1,0,24.65635583699295,7.931271167398591,-0.14651256575076702
65.0,15.0,2,8.0,30,4,2,1,0,5.385452800291113,4.077090560058223,1.0770905600582228,4,3,1,0,24.65635583699295,6.457961767293677,-0.14651256575076702
65.0,15.0,2,10.0,0,4,2,1,0,3.09446469593696,3.1188929391873907,0.6188929391873921,4,3,1,0,21.946435057927893,6.82721741986279,-0.6401797103920149
65.0,15.0,2,10.0,15,4,2,1,0,3.09446469593696,3.1188929391873907,0.6188929391873921,4,3,1,0,21.946435057927893,6.889287011585577,-0.5781101186692276
65.0,15.0,2,10.0,30,4,2,1,0,3.09446469593696,3.1188929391873907,0.6188929391873921,4,3,1,0,21.946435057927893,5.448006076700337,-0.5781101186692276
65.0,15.0,2,12.0,0,4,2,1,0,0.8034765915828093,2.1606953183165616,0.16069531831656186,4,3,1,0,19.236514278862828,5.786612588310284,-1.0703979390499707
65.0,15.0,2,12.0,15,4,2,1,0,0.8034765915828093,2.1606953183165616,0.16069531831656186,4,3,1,0,19.236514278862828,5.847302855772565,-1.0097076715876896
65.0,15.0,2,12.0,30,4,2,1,0,0.8034765915828093,2.1606953183165616,0.16069531831656186,4,3,1,0,19.236514278862828,4.438050386106996,-1.0097076715876896
65.0,15.0,3,5.0,0,4,2,2,0,6.9986438264160675,5.149728765283212,1.3997287652832135,4,3,1,0,37.732073573325074,11.23089681229096,-0.1191031877090385
65.0,15.0,3,5.0,15,4,2,2,0,6.9986438264160675,5.149728765283212,1.3997287652832135,4,3,1,0,37.732073573325074,11.296414714665014,-0.053585285334983725
65.0,15.0,3,5.0,30,4,2,2,0,6.9986438264160675,5.149728765283212,1.3997287652832135,4,3,1,0,30.125313083652973,9.775062616730594,-0.053585285334983725
65.0,15.0,3,8.0,0,4,2,2,0,3.619739284529256,3.723947856905852,0.7239478569058513,4,3,1,0,33.382639671009564,9.61307901821862,-0.7469209817813817
65.0,15.0,3,8.0,15,4,2,2,0,3.619739284529256,3.723947856905852,0.7239478569058513,4,3,1,0,33.382639671009564,9.676527934201914,-0.6834720657980875
65.0,15.0,3,8.0,30,4,2,2,0,3.619739284529256,3.723947856905852,0.7239478569058513,4,3,1,0,26.01609267048499,8.203218534097001,-0.6834720657980875
65.0,15.0,3,10.0,0,4,2,2,0,1.3671362566047005,2.773427251320939,0.2734272513209401,4,3,1,0,30.483017069465866,8.534533822170385,-1.1654661778296127
65.0,15.0,3,10.0,15,4,2,2,0,1.3671362566047005,2.773427251320939,0.2734272513209401,4,3,1,0,30.483017069465866,8.596603413893172,-1.1033965861068253
65.0,15.0,3,10.0,30,4,2,2,0,1.3671362566047005,2.773427251320939,0.2734272513209401,4,3,1,0,23.276612395039663,7.155322479007932,-1.1033965861068253
65.0,15.0,3,12.0,0,4,2,2,0,-0.8854667713198427,1.8229066457360312,-0.17709335426396855,4,3,1,0,27.583394467922183,7.4559886261221555,-1.5840113738778439
65.0,15.0,3,12.0,15,4,2,2,0,-0.8854667713198427,1.8229066457360312,-0.17709335426396855,4,3,1,0,27.583394467922183,7.516678893584437,-1.5233211064155627
65.0,15.0,3,12.0,30,4,2,2,0,-0.8854667713198427,1.8229066457360312,-0.17709335426396855,4,3,1,0,20.53713211959434,6.1074264239188665,-1.5233211064155627
65.0,15.0,4,5.0,0,4,2,2,0,18.749999999999993,7.499999999999997,3.7499999999999987,4,3,1,0,38.618385914591634,11.408159280544272,0.05815928054427353
65.0,15.0,4,5.0,15,4,2,2,0,15.481024293715691,6.846204858743137,3.0962048587431386,4,3,1,0,38.618385914591634,11.473677182918326,0.1236771829183283
65.0,15.0,4,5.0,30,4,2,2,0,18.749999999999993,7.499999999999997,3.7499999999999987,4,3,1,0,31.011625424919533,9.93721940985895,0.1236771829183283
65.0,15.0,4,8.0,0,4,2,2,0,15.000000000000004,6.000000000000002,3.000000000000001,4,3,1,0,34.24096320149928,9.784743724316563,-0.5752562756834391
65.0,15.0,4,8.0,15,4,2,2,0,11.834255105493096,5.36685102109862,2.3668510210986193,4,3,1,0,34.24096320149928,9.848192640299857,-0.5118073597001448
65.0,15.0,4,8.0,30,4,2,2,0,15.000000000000004,6.000000000000002,3.000000000000001,4,3,1,0,26.874416200974704,8.360254586389722,-0.5118073597001448
65.0,15.0,4,10.0,0,4,2,2,0,12.499999999999993,4.999999999999997,2.4999999999999987,4,3,1,0,31.322681392771024,8.702466686831416,-0.9975333131685815
65.0,15.0,4,10.0,15,4,2,2,0,9.403075646678023,4.380615129335603,1.8806151293356046,4,3,1,0,31.322681392771024,8.764536278554203,-0.9354637214457941
65.0,15.0,4,10.0,30,4,2,2,0,12.499999999999993,4.999999999999997,2.4999999999999987,4,3,1,0,24.11627671834482,7.308944704076899,-0.9354637214457941
65.0,15.0,4,12.0,0,4,2,2,0,9.999999999999998,3.9999999999999996,1.9999999999999998,4,3,1,0,28.404399584042785,7.620189649346276,-1.419810350653724
65.0,15.0,4,12.0,15,4,2,2,0,6.971896187862958,3.3943792375725916,1.3943792375725916,4,3,1,0,28.404399584042785,7.680879916808556,-1.359120083191443
65.0,15.0,4,12.0,30,4,2,2,0,9.999999999999998,3.9999999999999996,1.9999999999999998,4,3,1,0,21.358137235714935,6.2576348217640785,-1.359120083191443
65.0,15.0,6,5.0,0,4,2,2,0,18.749999999999993,7.499999999999997,3.7499999999999987,4,2,2,0,18.42241048812972,7.320097930355549,-4.029902069644449
65.0,15.0,6,5.0,15,4,2,2,0,15.481024293715691,6.846204858743137,3.0962048587431386,4,2,2,0,18.749999999999993,7.228760251671016,-4.121239748328982
65.0,15.0,6,5.0,30,4,2,2,0,18.749999999999993,7.499999999999997,3.7499999999999987,4,2,2,0,11.143239510327891,5.396288692279384,-4.417253534661237
65.0,15.0,6,8.0,0,4,2,2,0,15.000000000000004,6.000000000000002,3.000000000000001,4,2,2,0,14.682755420083533,5.825779048344327,-4.5342209516556755
65.0,15.0,6,8.0,15,4,2,2,0,11.834255105493096,5.36685102109862,2.3668510210986193,4,2,2,0,15.000000000000004,5.737325717407725,-4.622674282592277
65.0,15.0,6,8.0,30,4,2,2,0,15.000000000000004,6.000000000000002,3.000000000000001,4,2,2,0,7.6334529994754305,3.9627216809442487,-4.909340265145618
65.0,15.0,6,10.0,0,4,2,2,0,12.499999999999993,4.999999999999997,2.4999999999999987,4,2,2,0,12.189652041386056,4.829566460336837,-4.870433539663161
65.0,15.0,6,10.0,15,4,2,2,0,9.403075646678023,4.380615129335603,1.8806151293356046,4,2,2,0,12.499999999999993,4.7430360278988575,-4.95696397210114
65.0,15.0,6,10.0,30,4,2,2,0,12.499999999999993,4.999999999999997,2.4999999999999987,4,2,2,0,5.29359532557379,3.0070103400541544,-5.237398085468539
65.0,15.0,6,12.0,0,4,2,2,0,9.999999999999998,3.9999999999999996,1.9999999999999998,4,2,2,0,9.696548662688592,3.8333538723293525,-5.206646127670647
65.0,15.0,6,12.0,15,4,2,2,0,6.971896187862958,3.3943792375725916,1.3943792375725916,4,2,2,0,9.999999999999998,3.7487463383899953,-5.291253661610003
65.0,15.0,6,12.0,30,4,2,2,0,9.999999999999998,3.9999999999999996,1.9999999999999998,4,2,2,0,2.953737651672151,2.0512989991640613,-5.565455905791461
65.0,15.0,8,5.0,0,4,2,2,0,18.749999999999993,7.499999999999997,3.7499999999999987,4,2,2,0,18.42241048812972,7.320097930355549,-4.029902069644449
65.0,15.0,8,5.0,15,4,2,2,0,15.481024293715691,6.846204858743137,3.0962048587431386,4,2,2,0,18.749999999999993,7.228760251671016,-4.121239748328982
65.0,15.0,8,5.0,30,4,2,2,0,18.749999999999993,7.499999999999997,3.7499999999999987,4,2,2,0,11.143239510327891,5.396288692279384,-4.417253534661237
65.0,15.0,8,8.0,0,4,2,2,0,15.000000000000004,6.000000000000002,3.000000000000001,4,2,2,0,14.682755420083533,5.825779048344327,-4.5342209516556755
65.0,15.0,8,8.0,15,4,2,2,0,11.834255105493096,5.36685102109862,2.3668510210986193,4,2,2,0,15.000000000000004,5.737325717407725,-4.622674282592277
65.0,15.0,8,8.0,30,4,2,2,0,15.000000000000004,6.000000000000002,3.000000000000001,4,2,2,0,7.6334529994754305,3.9627216809442487,-4.909340265145618
65.0,15.0,8,10.0,0,4,2,2,0,12.499999999999993,4.999999999999997,2.4999999999999987,4,2,2,0,12.189652041386056,4.829566460336837,-4.870433539663161
65.0,15.0,8,10.0,15,4,2,2,0,9.403075646678023,4.380615129335603,1.8806151293356046,4,2,2,0,12.499999999999993,4.7430360278988575,-4.95696397210114
65.0,15.0,8,10.0,30,4,2,2,0,12.499999999999993,4.999999999999997,2.4999999999999987,4,2,2,0,5.29359532557379,3.0070103400541544,-5.237398085468539
65.0,15.0,8,12.0,0,4,2,2,0,9.999999999999998,3.9999999999999996,1.9999999999999998,4,2,2,0,9.696548662688592,3.8333538723293525,-5.206646127670647
65.0,15.0,8,12.0,15,4,2,2,0,6.971896187862958,3.3943792375725916,1.3943792375725916,4,2,2,0,9.999999999999998,3.7487463383899953,-5.291253661610003
65.0,15.0,8,12.0,30,4,2,2,0,9.999999999999998,3.9999999999999996,1.9999999999999998,4,2,2,0,2.953737651672151,2.0512989991640613,-5.565455905791461
65.0,18.0,2,5.0,0,4,3,0,0,15.241767854094666,7.4505502344041945,1.7643869913644672,4,3,1,0,28.721237005590538,9.209247401118107,0.21588376362692402
65.0,18.0,2,5.0,15,4,3,0,0,15.241767854094666,7.4505502344041945,1.7643869913644672,4,3,1,0,28.721237005590538,9.209247401118107,0.21588376362692402
65.0,18.0,2,5.0,30,4,3,0,0,15.241767854094666,7.4505502344041945,1.7643869913644672,4,3,1,0,28.721237005590538,7.687895303183687,0.21588376362692402
65.0,18.0,2,8.0,0,4,2,0,0,11.602554132386423,5.95211180594933,1.0770905600582228,4,3,1,0,24.65635583699295,7.655271167398592,-0.42251256575076646
65.0,18.0,2,8.0,15,4,2,0,0,11.602554132386423,5.95211180594933,1.0770905600582228,4,3,1,0,24.65635583699295,7.655271167398592,-0.42251256575076646
65.0,18.0,2,8.0,30,4,2,0,0,11.602554132386423,5.95211180594933,1.0770905600582228,4,3,1,0,24.65635583699295,6.181961767293678,-0.42251256575076646
65.0,18.0,2,10.0,0,4,2,0,0,9.17641165124759,4.953152853646082,0.6188929391873921,4,3,1,0,21.946435057927893,6.619287011585579,-0.8481101186692265
65.0,18.0,2,10.0,15,4,2,0,0,9.17641165124759,4.953152853646082,0.6188929391873921,4,3,1,0,21.946435057927893,6.619287011585579,-0.8481101186692265
65.0,18.0,2,10.0,30,4,2,0,0,9.17641165124759,4.953152853646082,0.6188929391873921,4,3,1,0,21.946435057927893,5.178006076700338,-0.8481101186692265
65.0,18.0,2,12.0,0,4,2,0,0,6.7502691701087585,3.9541939013428378,0.16069531831656186,4,3,1,0,19.236514278862828,5.5833028557725655,-1.2737076715876894
65.0,18.0,2,12.0,15,4,2,0,0,6.7502691701087585,3.9541939013428378,0.16069531831656186,4,3,1,0,19.236514278862828,5.5833028557725655,-1.2737076715876894
65.0,18.0,2,12.0,30,4,2,0,0,6.7502691701087585,3.9541939013428378,0.16069531831656186,4,3,1,0,19.236514278862828,4.174050386106996,-1.2737076715876894
65.0,18.0,3,5.0,0,4,3,0,0,22.276672116398544,8.767765006556774,1.9621593485602795,4,3,1,0,37.732073573325074,11.011414714665015,-0.33858528533498355
65.0,18.0,3,5.0,15,4,3,0,0,22.276672116398544,8.767765006556774,1.9621593485602795,4,3,1,0,37.732073573325074,11.011414714665015,-0.33858528533498355
65.0,18.0,3,5.0,30,4,3,0,0,22.276672116398544,8.767765006556774,1.9621593485602795,4,3,1,0,30.125313083652973,9.490062616730595,-0.33858528533498355
65.0,18.0,3,8.0,0,4,3,0,0,18.41530352324913,7.227730322139196,1.2686174743952208,4,3,1,0,33.382639671009564,9.400527934201914,-0.9594720657980869
65.0,18.0,3,8.0,15,4,3,0,0,18.41530352324913,7.227730322139196,1.2686174743952208,4,3,1,0,33.382639671009564,9.400527934201914,-0.9594720657980869
65.0,18.0,3,8.0,30,4,3,0,0,18.41530352324913,7.227730322139196,1.2686174743952208,4,3,1,0,26.01609267048499,7.927218534097001,-0.9594720657980869
65.0,18.0,3,10.0,0,4,3,0,0,15.841057794482838,6.201040532527471,0.8062562249518447,4,3,1,0,30.483017069465866,8.326603413893173,-1.3733965861068242
65.0,18.0,3,10.0,15,4,3,0,0,15.841057794482838,6.201040532527471,0.8062562249518447,4,3,1,0,30.483017069465866,8.326603413893173,-1.3733965861068242
65.0,18.0,3,10.0,30,4,3,0,0,15.841057794482838,6.201040532527471,0.8062562249518447,4,3,1,0,23.276612395039663,6.885322479007932,-1.3733965861068242
65.0,18.0,3,12.0,0,4,3,0,0,13.266812065716548,5.17435074291575,0.34389497550847176,4,3,1,0,27.583394467922183,7.252678893584437,-1.7873211064155623
65.0,18.0,3,12.0,15,4,3,0,0,13.266812065716548,5.17435074291575,0.34389497550847176,4,3,1,0,27.583394467922183,7.252678893584437,-1.7873211064155623
65.0,18.0,3,12.0,30,4,3,0,0,13.266812065716548,5.17435074291575,0.34389497550847176,4,3,1,0,20.53713211959434,5.843426423918867,-1.7873211064155623
65.0,18.0,4,5.0,0,4,3,1,0,56.749999999999986,14.20503976765109,2.8550397676510926,4,3,1,0,38.618385914591634,11.188677182918326,-0.1613228170816715
65.0,18.0,4,5.0,15,4,3,1,0,53.481024293715684,13.548257215291748,2.1982572152917497,4,3,1,0,38.618385914591634,11.188677182918326,-0.1613228170816715
65.0,18.0,4,5.0,30,4,3,1,0,56.749999999999986,14.20205235654861,2.85205235654861,4,3,1,0,31.011625424919533,9.65221940985895,-0.1613228170816715
65.0,18.0,4,8.0,0,4,3,1,0,51.800000000000004,12.493301669725273,2.1333016697252716,4,3,1,0,34.24096320149928,9.572192640299857,-0.7878073597001443
65.0,18.0,4,8.0,15,4,3,1,0,48.6342551054931,11.857259619019382,1.4972596190193799,4,3,1,0,34.24096320149928,9.572192640299857,-0.7878073597001443
65.0,18.0,4,8.0,30,4,3,1,0,51.800000000000004,12.490408597920762,2.1304085979207614,4,3,1,0,26.874416200974704,8.084254586389724,-0.7878073597001443
65.0,18.0,4,10.0,0,4,3,1,0,48.499999999999986,11.352142937774717,1.6521429377747197,4,3,1,0,31.322681392771024,8.494536278554206,-1.205463721445793
65.0,18.0,4,10.0,15,4,3,1,0,45.40307564667802,10.729927888171128,1.029927888171131,4,3,1,0,31.322681392771024,8.494536278554206,-1.205463721445793
65.0,18.0,4,10.0,30,4,3,1,0,48.499999999999986,11.349312758835524,1.6493127588355252,4,3,1,0,24.11627671834482,7.038944704076901,-1.205463721445793
65.0,18.0,4,12.0,0,4,3,1,0,45.199999999999996,10.21098420582417,1.1709842058241713,4,3,1,0,28.404399584042785,7.416879916808558,-1.6231200831914425
65.0,18.0,4,12.0,15,4,3,1,0,42.171896187862956,9.602596157322886,0.5625961573228843,4,3,1,0,28.404399584042785,7.416879916808558,-1.6231200831914425
65.0,18.0,4,12.0,30,4,3,1,0,45.199999999999996,10.208216919750292,1.1682169197502923,4,3,1,0,21.358137235714935,5.993634821764079,-1.6231200831914425
65.0,18.0,6,5.0,0,4,3,1,0,56.749999999999986,14.20503976765109,2.8550397676510926,4,2,2,0,17.324999999999996,6.929999999999999,-4.42
65.0,18.0,6,5.0,15,4,3,1,0,53.481024293715684,13.548257215291748,2.1982572152917497,4,2,2,0,17.324999999999996,6.929999999999999,-4.42
65.0,18.0,6,5.0,30,4,3,1,0,56.749999999999986,14.03963960211535,2.6896396021153524,4,2,2,0,9.718239510327892,5.111288692279385,-4.702253534661236
65.0,18.0,6,8.0,0,4,3,1,0,51.800000000000004,12.493301669725273,2.1333016697252716,4,2,2,0,13.620000000000006,5.448000000000004,-4.911999999999999
65.0,18.0,6,8.0,15,4,3,1,0,48.6342551054931,11.857259619019382,1.4972596190193799,4,2,2,0,13.620000000000006,5.448000000000004,-4.911999999999999
65.0,18.0,6,8.0,30,4,3,1,0,51.800000000000004,12.333124667311715,1.9731246673117113,4,2,2,0,6.253452999475433,3.68672168094425,-5.185340265145617
65.0,18.0,6,10.0,0,4,3,1,0,48.499999999999986,11.352142937774717,1.6521429377747197,4,2,2,0,11.149999999999999,4.46,-5.239999999999998
65.0,18.0,6,10.0,15,4,3,1,0,45.40307564667802,10.729927888171128,1.029927888171131,4,2,2,0,11.149999999999999,4.46,-5.239999999999998
65.0,18.0,6,10.0,30,4,3,1,0,48.499999999999986,11.195448044109279,1.4954480441092806,4,2,2,0,3.9435953255737957,2.737010340054155,-5.507398085468537
65.0,18.0,6,12.0,0,4,3,1,0,45.199999999999996,10.21098420582417,1.1709842058241713,4,2,2,0,8.68,3.472,-5.568
65.0,18.0,6,12.0,15,4,3,1,0,42.171896187862956,9.602596157322886,0.5625961573228843,4,2,2,0,8.68,3.472,-5.568
65.0,18.0,6,12.0,30,4,3,1,0,45.199999999999996,10.057771420906853,1.0177714209068534,4,2,2,0,1.6337376516721527,1.7872989991640615,-5.829455905791461
65.0,18.0,8,5.0,0,4,3,1,0,56.749999999999986,14.20503976765109,2.8550397676510926,4,2,2,0,17.324999999999996,6.929999999999999,-4.42
65.0,18.0,8,5.0,15,4,3,1,0,53.481024293715684,13.548257215291748,2.1982572152917497,4,2,2,0,17.324999999999996,6.929999999999999,-4.42
65.0,18.0,8,5.0,30,4,3,1,0,56.749999999999986,14.03963960211535,2.6896396021153524,4,2,2,0,9.718239510327892,5.111288692279385,-4.702253534661236
65.0,18.0,8,8.0,0,4,3,1,0,51.800000000000004,12.493301669725273,2.1333016697252716,4,2,2,0,13.620000000000006,5.448000000000004,-4.911999999999999
65.0,18.0,8,8.0,15,4,3,1,0,48.6342551054931,11.857259619019382,1.4972596190193799,4,2,2,0,13.620000000000006,5.448000000000004,-4.911999999999999
65.0,18.0,8,8.0,30,4,3,1,0,51.800000000000004,12.333124667311715,1.9731246673117113,4,2,2,0,6.253452999475433,3.68672168094425,-5.185340265145617
65.0,18.0,8,10.0,0,4,3,1,0,48.499999999999986,11.352142937774717,1.6521429377747197,4,2,2,0,11.149999999999999,4.46,-5.239999999999998
65.0,18.0,8,10.0,15,4,3,1,0,45.40307564667802,10.729927888171128,1.029927888171131,4,2,2,0,11.149999999999999,4.46,-5.239999999999998
65.0,18.0,8,10.0,30,4,3,1,0,48.499999999999986,11.195448044109279,1.4954480441092806,4,2,2,0,3.9435953255737957,2.737010340054155,-5.507398085468537
65.0,18.0,8,12.0,0,4,3,1,0,45.199999999999996,10.21098420582417,1.1709842058241713,4,2,2,0,8.68,3.472,-5.568
65.0,18.0,8,12.0,15,4,3,1,0,42.171896187862956,9.602596157322886,0.5625961573228843,4,2,2,0,8.68,3.472,-5.568
65.0,18.0,8,12.0,30,4,3,1,0,45.199999999999996,10.057771420906853,1.0177714209068534,4,2,2,0,1.6337376516721527,1.7872989991640615,-5.829455905791461
65.0,20.0,2,5.0,0,4,3,0,0,15.241767854094666,7.4505502344041945,1.7643869913644672,4,4,0,0,44.966818187455914,17.094247401118107,8.100883763626923
65.0,20.0,2,5.0,15,4,3,0,0,15.241767854094666,7.4505502344041945,1.7643869913644672,4,4,0,0,32.64735277837727,14.630354319302377,5.636990681811195
65.0,20.0,2,5.0,30,4,3,0,0,15.241767854094666,7.4505502344041945,1.7643869913644672,4,4,0,0,32.15462587843594,13.01045684137969,5.538445301822929
65.0,20.0,2,8.0,0,4,2,0,0,11.602554132386423,5.95211180594933,1.0770905600582228,4,4,0,0,40.388918665746786,15.291271167398591,7.2134874342492346
65.0,20.0,2,8.0,15,4,2,0,0,11.602554132386423,5.95211180594933,1.0770905600582228,4,4,0,0,28.458489006428522,12.905185235534939,4.82740150238558
65.0,20.0,2,8.0,30,4,2,0,0,11.602554132386423,5.95211180594933,1.0770905600582228,4,4,0,0,27.98132190332744,11.336442414809808,4.7319680817653635
65.0,20.0,2,10.0,0,4,2,0,0,9.17641165124759,4.953152853646082,0.6188929391873921,4,4,0,0,37.33698565127402,14.089287011585578,6.6218898813307705
65.0,20.0,2,10.0,15,4,2,0,0,9.17641165124759,4.953152853646082,0.6188929391873921,4,4,0,0,25.665913158462683,11.755072513023308,4.287675382768503
65.0,20.0,2,10.0,30,4,2,0,0,9.17641165124759,4.953152853646082,0.6188929391873921,4,4,0,0,25.19911925325511,10.220432797096553,4.194316601726988
65.0,20.0,2,12.0,0,4,2,0,0,6.7502691701087585,3.9541939013428378,0.16069531831656186,4,4,0,0,34.28505263680127,12.887302855772564,6.03029232841231
65.0,20.0,2,12.0,15,4,2,0,0,6.7502691701087585,3.9541939013428378,0.16069531831656186,4,4,0,0,22.873337310496844,10.604959790511678,3.747949263151425
65.0,20.0,2,12.0,30,4,2,0,0,6.7502691701087585,3.9541939013428378,0.16069531831656186,4,4,0,0,22.41691660318277,9.104423179383295,3.6566651216886097
65.0,20.0,3,5.0,0,4,3,0,0,22.276672116398544,8.767765006556774,1.9621593485602795,4,4,0,0,56.749999999999986,18.896414714665013,7.546414714665016
65.0,20.0,3,5.0,15,4,3,0,0,22.276672116398544,8.767765006556774,1.9621593485602795,4,4,0,0,44.43053459092134,16.432521632849284,5.082521632849287
65.0,20.0,3,5.0,30,4,3,0,0,22.276672116398544,8.767765006556774,1.9621593485602795,4,4,0,0,36.33104720130791,14.8126241549266,4.98397625286102
65.0,20.0,3,8.0,0,4,3,0,0,18.41530352324913,7.227730322139196,1.2686174743952208,4,4,0,0,51.800000000000004,17.036527934201914,6.676527934201913
65.0,20.0,3,8.0,15,4,3,0,0,18.41530352324913,7.227730322139196,1.2686174743952208,4,4,0,0,39.86957034068174,14.650442002338261,4.29044200233826
65.0,20.0,3,8.0,30,4,3,0,0,18.41530352324913,7.227730322139196,1.2686174743952208,4,4,0,0,32.02585623705608,13.08169918161313,4.195008581718043
65.0,20.0,3,10.0,0,4,3,0,0,15.841057794482838,6.201040532527471,0.8062562249518447,4,4,0,0,48.499999999999986,15.796603413893173,6.096603413893174
65.0,20.0,3,10.0,15,4,3,0,0,15.841057794482838,6.201040532527471,0.8062562249518447,4,4,0,0,36.828927507188645,13.462388915330903,3.7623889153309054
65.0,20.0,3,10.0,30,4,3,0,0,15.841057794482838,6.201040532527471,0.8062562249518447,4,4,0,0,29.15572892755487,11.927749199404147,3.6690301342893905
65.0,20.0,3,12.0,0,4,3,0,0,13.266812065716548,5.17435074291575,0.34389497550847176,4,4,0,0,45.199999999999996,14.556678893584436,5.516678893584437
65.0,20.0,3,12.0,15,4,3,0,0,13.266812065716548,5.17435074291575,0.34389497550847176,4,4,0,0,33.78828467369557,12.27433582832355,3.2343358283235517
65.0,20.0,3,12.0,30,4,3,0,0,13.266812065716548,5.17435074291575,0.34389497550847176,4,4,0,0,26.285601618053647,10.773799217195167,3.1430516868607365
65.0,20.0,4,5.0,0,4,3,1,0,56.749999999999986,14.20503976765109,2.8550397676510926,4,4,0,0,56.749999999999986,19.073677182918324,7.723677182918327
65.0,20.0,4,5.0,15,4,3,1,0,53.481024293715684,13.548257215291748,2.1982572152917497,4,4,0,0,44.43053459092134,16.609784101102598,5.259784101102599
65.0,20.0,4,5.0,30,4,3,1,0,56.749999999999986,14.20205235654861,2.85205235654861,4,4,0,0,36.33104720130791,14.974780948054955,5.161238721114333
65.0,20.0,4,8.0,0,4,3,1,0,51.800000000000004,12.493301669725273,2.1333016697252716,4,4,0,0,51.800000000000004,17.208192640299856,6.848192640299856
65.0,20.0,4,8.0,15,4,3,1,0,48.6342551054931,11.857259619019382,1.4972596190193799,4,4,0,0,39.86957034068174,14.822106708436204,4.4621067084362025
65.0,20.0,4,8.0,30,4,3,1,0,51.800000000000004,12.490408597920762,2.1304085979207614,4,4,0,0,32.02585623705608,13.238735233905851,4.366673287815986
65.0,20.0,4,10.0,0,4,3,1,0,48.499999999999986,11.352142937774717,1.6521429377747197,4,4,0,0,48.499999999999986,15.964536278554204,6.264536278554205
65.0,20.0,4,10.0,15,4,3,1,0,45.40307564667802,10.729927888171128,1.029927888171131,4,4,0,0,36.828927507188645,13.630321779991935,3.930321779991937
65.0,20.0,4,10.0,30,4,3,1,0,48.499999999999986,11.349312758835524,1.6493127588355252,4,4,0,0,29.15572892755487,12.081371424473115,3.836962998950422
65.0,20.0,4,12.0,0,4,3,1,0,45.199999999999996,10.21098420582417,1.1709842058241713,4,4,0,0,45.199999999999996,14.720879916808556,5.680879916808557
65.0,20.0,4,12.0,15,4,3,1,0,42.171896187862956,9.602596157322886,0.5625961573228843,4,4,0,0,33.78828467369557,12.43853685154767,3.398536851547671
65.0,20.0,4,12.0,30,4,3,1,0,45.199999999999996,10.208216919750292,1.1682169197502923,4,4,0,0,26.285601618053647,10.924007615040379,3.3072527100848563
65.0,20.0,6,5.0,0,4,3,1,0,56.749999999999986,14.20503976765109,2.8550397676510926,4,3,1,0,56.749999999999986,14.624999999999995,3.2749999999999986
65.0,20.0,6,5.0,15,4,3,1,0,53.481024293715684,13.548257215291748,2.1982572152917497,4,3,1,0,44.43053459092134,12.161106918184268,0.8111069181842702
65.0,20.0,6,5.0,30,4,3,1,0,56.749999999999986,14.03963960211535,2.6896396021153524,4,3,1,0,36.33104720130791,10.43385023047539,0.6203080035347676
65.0,20.0,6,8.0,0,4,3,1,0,51.800000000000004,12.493301669725273,2.1333016697252716,4,3,1,0,51.800000000000004,12.900000000000004,2.5400000000000014
65.0,20.0,6,8.0,15,4,3,1,0,48.6342551054931,11.857259619019382,1.4972596190193799,4,3,1,0,39.86957034068174,10.51391406813635,0.15391406813634811
65.0,20.0,6,8.0,30,4,3,1,0,51.800000000000004,12.333124667311715,1.9731246673117113,4,3,1,0,32.02585623705608,8.84120232846038,-0.030859617629486993
65.0,20.0,6,10.0,0,4,3,1,0,48.499999999999986,11.352142937774717,1.6521429377747197,4,3,1,0,48.499999999999986,11.749999999999996,2.0499999999999994
65.0,20.0,6,10.0,15,4,3,1,0,45.40307564667802,10.729927888171128,1.029927888171131,4,3,1,0,36.828927507188645,9.415785501437728,-0.2842144985622689
65.0,20.0,6,10.0,30,4,3,1,0,48.499999999999986,11.195448044109279,1.4954480441092806,4,3,1,0,29.15572892755487,7.77943706045037,-0.46497136507232323
65.0,20.0,6,12.0,0,4,3,1,0,45.199999999999996,10.21098420582417,1.1709842058241713,4,3,1,0,45.199999999999996,10.600000000000001,1.5600000000000003
65.0,20.0,6,12.0,15,4,3,1,0,42.171896187862956,9.602596157322886,0.5625961573228843,4,3,1,0,33.78828467369557,8.317656934739114,-0.7223430652608855
65.0,20.0,6,12.0,30,4,3,1,0,45.199999999999996,10.057771420906853,1.0177714209068534,4,3,1,0,26.285601618053647,6.717671792440361,-0.8990831125151619
65.0,20.0,8,5.0,0,4,3,1,0,56.749999999999986,14.20503976765109,2.8550397676510926,4,3,1,0,56.749999999999986,14.624999999999995,3.2749999999999986
65.0,20.0,8,5.0,15,4,3,1,0,53.481024293715684,13.548257215291748,2.1982572152917497,4,3,1,0,44.43053459092134,12.161106918184268,0.8111069181842702
65.0,20.0,8,5.0,30,4,3,1,0,56.749999999999986,14.03963960211535,2.6896396021153524,4,3,1,0,36.33104720130791,10.43385023047539,0.6203080035347676
65.0,20.0,8,8.0,0,4,3,1,0,51.800000000000004,12.493301669725273,2.1333016697252716,4,3,1,0,51.800000000000004,12.900000000000004,2.5400000000000014
65.0,20.0,8,8.0,15,4,3,1,0,48.6342551054931,11.857259619019382,1.4972596190193799,4,3,1,0,39.86957034068174,10.51391406813635,0.15391406813634811
65.0,20.0,8,8.0,30,4,3,1,0,51.800000000000004,12.333124667311715,1.9731246673117113,4,3,1,0,32.02585623705608,8.84120232846038,-0.030859617629486993
65.0,20.0,8,10.0,0,4,3,1,0,48.499999999999986,11.352142937774717,1.6521429377747197,4,3,1,0,48.499999999999986,11.749999999999996,2.0499999999999994
65.0,20.0,8,10.0,15,4,3,1,0,45.40307564667802,10.729927888171128,1.029927888171131,4,3,1,0,36.828927507188645,9.415785501437728,-0.2842144985622689
65.0,20.0,8,10.0,30,4,3,1,0,48.499999999999986,11.195448044109279,1.4954480441092806,4,3,1,0,29.15572892755487,7.77943706045037,-0.46497136507232323
65.0,20.0,8,12.0,0,4,3,1,0,45.199999999999996,10.21098420582417,1.1709842058241713,4,3,1,0,45.199999999999996,10.600000000000001,1.5600000000000003
65.0,20.0,8,12.0,15,4,3,1,0,42.171896187862956,9.602596157322886,0.5625961573228843,4,3,1,0,33.78828467369557,8.317656934739114,-0.7223430652608855
65.0,20.0,8,12.0,30,4,3,1,0,45.199999999999996,10.057771420906853,1.0177714209068534,4,3,1,0,26.285601618053647,6.717671792440361,-0.8990831125151619
65.0,22.0,2,5.0,0,4,3,0,0,15.241767854094666,7.4505502344041945,1.7643869913644672,4,4,0,0,44.966818187455914,17.094247401118107,8.100883763626923
65.0,22.0,2,5.0,15,4,3,0,0,15.241767854094666,7.4505502344041945,1.7643869913644672,4,4,0,0,32.64735277837727,14.630354319302377,5.636990681811195
65.0,22.0,2,5.0,30,4,3,0,0,15.241767854094666,7.4505502344041945,1.7643869913644672,4,4,0,0,32.15462587843594,13.01045684137969,5.538445301822929
65.0,22.0,2,8.0,0,4,2,0,0,11.602554132386423,5.95211180594933,1.0770905600582228,4,4,0,0,40.388918665746786,15.291271167398591,7.2134874342492346
65.0,22.0,2,8.0,15,4,2,0,0,11.602554132386423,5.95211180594933,1.0770905600582228,4,4,0,0,28.458489006428522,12.905185235534939,4.82740150238558
65.0,22.0,2,8.0,30,4,2,0,0,11.602554132386423,5.95211180594933,1.0770905600582228,4,4,0,0,27.98132190332744,11.336442414809808,4.7319680817653635
65.0,22.0,2,10.0,0,4,2,0,0,9.17641165124759,4.953152853646082,0.6188929391873921,4,4,0,0,37.33698565127402,14.089287011585578,6.6218898813307705
65.0,22.0,2,10.0,15,4,2,0,0,9.17641165124759,4.953152853646082,0.6188929391873921,4,4,0,0,25.665913158462683,11.755072513023308,4.287675382768503
65.0,22.0,2,10.0,30,4,2,0,0,9.17641165124759,4.953152853646082,0.6188929391873921,4,4,0,0,25.19911925325511,10.220432797096553,4.194316601726988
65.0,22.0,2,12.0,0,4,2,0,0,6.7502691701087585,3.9541939013428378,0.16069531831656186,4,4,0,0,34.28505263680127,12.887302855772564,6.03029232841231
65.0,22.0,2,12.0,15,4,2,0,0,6.7502691701087585,3.9541939013428378,0.16069531831656186,4,4,0,0,22.873337310496844,10.604959790511678,3.747949263151425
65.0,22.0,2,12.0,30,4,2,0,0,6.7502691701087585,3.9541939013428378,0.16069531831656186,4,4,0,0,22.41691660318277,9.104423179383295,3.6566651216886097
65.0,22.0,3,5.0,0,4,3,0,0,22.276672116398544,8.767765006556774,1.9621593485602795,4,4,0,0,56.749999999999986,18.896414714665013,7.546414714665016
65.0,22.0,3,5.0,15,4,3,0,0,22.276672116398544,8.767765006556774,1.9621593485602795,4,4,0,0,44.43053459092134,16.432521632849284,5.082521632849287
65.0,22.0,3,5.0,30,4,3,0,0,22.276672116398544,8.767765006556774,1.9621593485602795,4,4,0,0,36.33104720130791,14.8126241549266,4.98397625286102
65.0,22.0,3,8.0,0,4,3,0,0,18.41530352324913,7.227730322139196,1.2686174743952208,4,4,0,0,51.800000000000004,17.036527934201914,6.676527934201913
65.0,22.0,3,8.0,15,4,3,0,0,18.41530352324913,7.227730322139196,1.2686174743952208,4,4,0,0,39.86957034068174,14.650442002338261,4.29044200233826
65.0,22.0,3,8.0,30,4,3,0,0,18.41530352324913,7.227730322139196,1.2686174743952208,4,4,0,0,32.02585623705608,13.08169918161313,4.195008581718043
65.0,22.0,3,10.0,0,4,3,0,0,15.841057794482838,6.201040532527471,0.8062562249518447,4,4,0,0,48.499999999999986,15.796603413893173,6.096603413893174
65.0,22.0,3,10.0,15,4,3,0,0,15.841057794482838,6.201040532527471,0.8062562249518447,4,4,0,0,36.828927507188645,13.462388915330903,3.7623889153309054
65.0,22.0,3,10.0,30,4,3,0,0,15.841057794482838,6.201040532527471,0.8062562249518447,4,4,0,0,29.15572892755487,11.927749199404147,3.6690301342893905
65.0,22.0,3,12.0,0,4,3,0,0,13.266812065716548,5.17435074291575,0.34389497550847176,4,4,0,0,45.199999999999996,14.556678893584436,5.516678893584437
65.0,22.0,3,12.0,15,4,3,0,0,13.266812065716548,5.17435074291575,0.34389497550847176,4,4,0,0,33.78828467369557,12.27433582832355,3.2343358283235517
65.0,22.0,3,12.0,30,4,3,0,0,13.266812065716548,5.17435074291575,0.34389497550847176,4,4,0,0,26.285601618053647,10.773799217195167,3.1430516868607365
65.0,22.0,4,5.0,0,4,3,1,0,56.749999999999986,14.20503976765109,2.8550397676510926,4,4,0,0,56.749999999999986,19.073677182918324,7.723677182918327
65.0,22.0,4,5.0,15,4,3,1,0,53.481024293715684,13.548257215291748,2.1982572152917497,4,4,0,0,44.43053459092134,16.609784101102598,5.259784101102599
65.0,22.0,4,5.0,30,4,3,1,0,56.749999999999986,14.20205235654861,2.85205235654861,4,4,0,0,36.33104720130791,14.974780948054955,5.161238721114333
65.0,22.0,4,8.0,0,4,3,1,0,51.800000000000004,12.493301669725273,2.1333016697252716,4,4,0,0,51.800000000000004,17.208192640299856,6.848192640299856
65.0,22.0,4,8.0,15,4,3,1,0,48.6342551054931,11.857259619019382,1.4972596190193799,4,4,0,0,39.86957034068174,14.822106708436204,4.4621067084362025
65.0,22.0,4,8.0,30,4,3,1,0,51.800000000000004,12.490408597920762,2.1304085979207614,4,4,0,0,32.02585623705608,13.238735233905851,4.366673287815986
65.0,22.0,4,10.0,0,4,3,1,0,48.499999999999986,11.352142937774717,1.6521429377747197,4,4,0,0,48.499999999999986,15.964536278554204,6.264536278554205
65.0,22.0,4,10.0,15,4,3,1,0,45.40307564667802,10.729927888171128,1.029927888171131,4,4,0,0,36.828927507188645,13.630321779991935,3.930321779991937
65.0,22.0,4,10.0,30,4,3,1,0,48.499999999999986,11.349312758835524,1.6493127588355252,4,4,0,0,29.15572892755487,12.081371424473115,3.836962998950422
65.0,22.0,4,12.0,0,4,3,1,0,45.199999999999996,10.21098420582417,1.1709842058241713,4,4,0,0,45.199999999999996,14.720879916808556,5.680879916808557
65.0,22.0,4,12.0,15,4,3,1,0,42.171896187862956,9.602596157322886,0.5625961573228843,4,4,0,0,33.78828467369557,12.43853685154767,3.398536851547671
65.0,22.0,4,12.0,30,4,3,1,0,45.199999999999996,10.208216919750292,1.1682169197502923,4,4,0,0,26.285601618053647,10.924007615040379,3.3072527100848563
65.0,22.0,6,5.0,0,4,3,1,0,56.749999999999986,14.20503976765109,2.8550397676510926,4,3,1,0,56.749999999999986,13.480754860756845,2.130754860756846
65.0,22.0,6,5.0,15,4,3,1,0,53.481024293715684,13.548257215291748,2.1982572152917497,4,3,1,0,44.43053459092134,11.016861778941115,-0.3331382210588828
65.0,22.0,6,5.0,30,4,3,1,0,56.749999999999986,14.03963960211535,2.6896396021153524,4,3,1,0,36.33104720130791,9.381858625893472,-0.4316836010471491
65.0,22.0,6,8.0,0,4,3,1,0,51.800000000000004,12.493301669725273,2.1333016697252716,4,3,1,0,51.800000000000004,11.79188891778558,1.431888917785579
65.0,22.0,6,8.0,15,4,3,1,0,48.6342551054931,11.857259619019382,1.4972596190193799,4,3,1,0,39.86957034068174,9.405802985921927,-0.9541970140780744
65.0,22.0,6,8.0,30,4,3,1,0,51.800000000000004,12.333124667311715,1.9731246673117113,4,3,1,0,32.02585623705608,7.822431511391575,-1.049630434698291
65.0,22.0,6,10.0,0,4,3,1,0,48.499999999999986,11.352142937774717,1.6521429377747197,4,3,1,0,48.499999999999986,10.665978289138062,0.9659782891380652
65.0,22.0,6,10.0,15,4,3,1,0,45.40307564667802,10.729927888171128,1.029927888171131,4,3,1,0,36.828927507188645,8.331763790575796,-1.368236209424203
65.0,22.0,6,10.0,30,4,3,1,0,48.499999999999986,11.195448044109279,1.4954480441092806,4,3,1,0,29.15572892755487,6.782813435056974,-1.461594990465718
65.0,22.0,6,12.0,0,4,3,1,0,45.199999999999996,10.21098420582417,1.1709842058241713,4,3,1,0,45.199999999999996,9.540067660490553,0.5000676604905528
65.0,22.0,6,12.0,15,4,3,1,0,42.171896187862956,9.602596157322886,0.5625961573228843,4,3,1,0,33.78828467369557,7.257724595229667,-1.7822754047703329
65.0,22.0,6,12.0,30,4,3,1,0,45.199999999999996,10.057771420906853,1.0177714209068534,4,3,1,0,26.285601618053647,5.7431953587223745,-1.8735595462331478
65.0,22.0,8,5.0,0,4,3,1,0,56.749999999999986,14.20503976765109,2.8550397676510926,4,3,1,0,56.749999999999986,13.480754860756845,2.130754860756846
65.0,22.0,8,5.0,15,4,3,1,0,53.481024293715684,13.548257215291748,2.1982572152917497,4,3,1,0,44.43053459092134,11.181354395850972,-0.1686456041490267
65.0,22.0,8,5.0,30,4,3,1,0,56.749999999999986,14.03963960211535,2.6896396021153524,4,3,1,0,36.33104720130791,8.881510706990225,-0.9320315199503967
65.0,22.0,8,8.0,0,4,3,1,0,51.800000000000004,12.493301669725273,2.1333016697252716,4,3,1,0,51.800000000000004,11.79188891778558,1.431888917785579
65.0,22.0,8,8.0,15,4,3,1,0,48.6342551054931,11.857259619019382,1.4972596190193799,4,3,1,0,39.86957034068174,9.565101099139893,-0.7948989008601086
65.0,22.0,8,8.0,30,4,3,1,0,51.800000000000004,12.333124667311715,1.9731246673117113,4,3,1,0,32.02585623705608,7.337884053085272,-1.5341778930045948
65.0,22.0,8,10.0,0,4,3,1,0,48.499999999999986,11.352142937774717,1.6521429377747197,4,3,1,0,48.499999999999986,10.665978289138062,0.9659782891380652
65.0,22.0,8,10.0,15,4,3,1,0,45.40307564667802,10.729927888171128,1.029927888171131,4,3,1,0,36.828927507188645,8.487598901332499,-1.2124010986674982
65.0,22.0,8,10.0,30,4,3,1,0,48.499999999999986,11.195448044109279,1.4954480441092806,4,3,1,0,29.15572892755487,6.308799617148634,-1.9356088083740588
65.0,22.0,8,12.0,0,4,3,1,0,45.199999999999996,10.21098420582417,1.1709842058241713,4,3,1,0,45.199999999999996,9.540067660490553,0.5000676604905528
65.0,22.0,8,12.0,15,4,3,1,0,42.171896187862956,9.602596157322886,0.5625961573228843,4,3,1,0,33.78828467369557,7.410096703525112,-1.6299032964748876
65.0,22.0,8,12.0,30,4,3,1,0,45.199999999999996,10.057771420906853,1.0177714209068534,4,3,1,0,26.285601618053647,5.279715181211998,-2.3370397237435245
65.0,25.0,2,5.0,0,4,3,0,0,15.241767854094666,7.4505502344041945,1.7643869913644672,4,4,0,0,44.966818187455914,17.094247401118107,8.100883763626923
65.0,25.0,2,5.0,15,4,3,0,0,15.241767854094666,7.4505502344041945,1.7643869913644672,4,4,0,0,32.64735277837727,14.630354319302377,5.636990681811195
65.0,25.0,2,5.0,30,4,3,0,0,15.241767854094666,7.4505502344041945,1.7643869913644672,4,4,0,0,32.15462587843594,13.01045684137969,5.538445301822929
65.0,25.0,2,8.0,0,4,2,0,0,11.602554132386423,5.95211180594933,1.0770905600582228,4,4,0,0,40.388918665746786,15.291271167398591,7.2134874342492346
65.0,25.0,2,8.0,15,4,2,0,0,11.602554132386423,5.95211180594933,1.0770905600582228,4,4,0,0,28.458489006428522,12.905185235534939,4.82740150238558
65.0,25.0,2,8.0,30,4,2,0,0,11.602554132386423,5.95211180594933,1.0770905600582228,4,4,0,0,27.98132190332744,11.336442414809808,4.7319680817653635
65.0,25.0,2,10.0,0,4,2,0,0,9.17641165124759,4.953152853646082,0.6188929391873921,4,4,0,0,37.33698565127402,14.089287011585578,6.6218898813307705
65.0,25.0,2,10.0,15,4,2,0,0,9.17641165124759,4.953152853646082,0.6188929391873921,4,4,0,0,25.665913158462683,11.755072513023308,4.287675382768503
65.0,25.0,2,10.0,30,4,2,0,0,9.17641165124759,4.953152853646082,0.6188929391873921,4,4,0,0,25.19911925325511,10.220432797096553,4.194316601726988
65.0,25.0,2,12.0,0,4,2,0,0,6.7502691701087585,3.9541939013428378,0.16069531831656186,4,4,0,0,34.28505263680127,12.887302855772564,6.03029232841231
65.0,25.0,2,12.0,15,4,2,0,0,6.7502691701087585,3.9541939013428378,0.16069531831656186,4,4,0,0,22.873337310496844,10.604959790511678,3.747949263151425
65.0,25.0,2,12.0,30,4,2,0,0,6.7502691701087585,3.9541939013428378,0.16069531831656186,4,4,0,0,22.41691660318277,9.104423179383295,3.6566651216886097
65.0,25.0,3,5.0,0,4,3,0,0,22.276672116398544,8.767765006556774,1.9621593485602795,4,4,0,0,56.749999999999986,18.896414714665013,7.546414714665016
65.0,25.0,3,5.0,15,4,3,0,0,22.276672116398544,8.767765006556774,1.9621593485602795,4,4,0,0,44.43053459092134,16.432521632849284,5.082521632849287
65.0,25.0,3,5.0,30,4,3,0,0,22.276672116398544,8.767765006556774,1.9621593485602795,4,4,0,0,36.33104720130791,14.8126241549266,4.98397625286102
65.0,25.0,3,8.0,0,4,3,0,0,18.41530352324913,7.227730322139196,1.2686174743952208,4,4,0,0,51.800000000000004,17.036527934201914,6.676527934201913
65.0,25.0,3,8.0,15,4,3,0,0,18.41530352324913,7.227730322139196,1.2686174743952208,4,4,0,0,39.86957034068174,14.650442002338261,4.29044200233826
65.0,25.0,3,8.0,30,4,3,0,0,18.41530352324913,7.227730322139196,1.2686174743952208,4,4,0,0,32.02585623705608,13.08169918161313,4.195008581718043
65.0,25.0,3,10.0,0,4,3,0,0,15.841057794482838,6.201040532527471,0.8062562249518447,4,4,0,0,48.499999999999986,15.796603413893173,6.096603413893174
65.0,25.0,3,10.0,15,4,3,0,0,15.841057794482838,6.201040532527471,0.8062562249518447,4,4,0,0,36.828927507188645,13.462388915330903,3.7623889153309054
65.0,25.0,3,10.0,30,4,3,0,0,15.841057794482838,6.201040532527471,0.8062562249518447,4,4,0,0,29.15572892755487,11.927749199404147,3.6690301342893905
65.0,25.0,3,12.0,0,4,3,0,0,13.266812065716548,5.17435074291575,0.34389497550847176,4,4,0,0,45.199999999999996,14.556678893584436,5.516678893584437
65.0,25.0,3,12.0,15,4,3,0,0,13.266812065716548,5.17435074291575,0.34389497550847176,4,4,0,0,33.78828467369557,12.27433582832355,3.2343358283235517
65.0,25.0,3,12.0,30,4,3,0,0,13.266812065716548,5.17435074291575,0.34389497550847176,4,4,0,0,26.285601618053647,10.773799217195167,3.1430516868607365
65.0,25.0,4,5.0,0,4,3,1,0,56.749999999999986,14.149999999999995,2.799999999999998,4,4,0,0,56.749999999999986,19.073677182918324,7.723677182918327
65.0,25.0,4,5.0,15,4,3,1,0,53.481024293715684,13.496204858743136,2.1462048587431375,4,4,0,0,44.43053459092134,16.609784101102598,5.259784101102599
65.0,25.0,4,5.0,30,4,3,1,0,56.749999999999986,14.149999999999995,2.799999999999998,4,4,0,0,36.33104720130791,14.974780948054955,5.161238721114333
65.0,25.0,4,8.0,0,4,3,1,0,51.800000000000004,12.440000000000005,2.0800000000000014,4,4,0,0,51.800000000000004,17.208192640299856,6.848192640299856
65.0,25.0,4,8.0,15,4,3,1,0,48.6342551054931,11.806851021098622,1.4468510210986196,4,4,0,0,39.86957034068174,14.822106708436204,4.4621067084362025
65.0,25.0,4,8.0,30,4,3,1,0,51.800000000000004,12.440000000000005,2.0800000000000014,4,4,0,0,32.02585623705608,13.238735233905851,4.366673287815986
65.0,25.0,4,10.0,0,4,3,1,0,48.499999999999986,11.299999999999997,1.5999999999999994,4,4,0,0,48.499999999999986,15.964536278554204,6.264536278554205
65.0,25.0,4,10.0,15,4,3,1,0,45.40307564667802,10.680615129335603,0.9806151293356052,4,4,0,0,36.828927507188645,13.630321779991935,3.930321779991937
65.0,25.0,4,10.0,30,4,3,1,0,48.499999999999986,11.299999999999997,1.5999999999999994,4,4,0,0,29.15572892755487,12.081371424473115,3.836962998950422
65.0,25.0,4,12.0,0,4,3,1,0,45.199999999999996,10.16,1.1199999999999997,4,4,0,0,45.199999999999996,14.720879916808556,5.680879916808557
65.0,25.0,4,12.0,15,4,3,1,0,42.171896187862956,9.55437923757259,0.5143792375725916,4,4,0,0,33.78828467369557,12.43853685154767,3.398536851547671
65.0,25.0,4,12.0,30,4,3,1,0,45.199999999999996,10.16,1.1199999999999997,4,4,0,0,26.285601618053647,10.924007615040379,3.3072527100848563
65.0,25.0,6,5.0,0,4,3,1,0,56.749999999999986,14.149999999999995,2.799999999999998,4,3,1,0,56.749999999999986,13.480754860756845,2.130754860756846
65.0,25.0,6,5.0,15,4,3,1,0,53.481024293715684,13.496204858743136,2.1462048587431375,4,3,1,0,44.43053459092134,11.016861778941115,-0.3331382210588828
65.0,25.0,6,5.0,30,4,3,1,0,56.749999999999986,14.03963960211535,2.6896396021153524,4,3,1,0,36.33104720130791,9.381858625893472,-0.4316836010471491
65.0,25.0,6,8.0,0,4,3,1,0,51.800000000000004,12.440000000000005,2.0800000000000014,4,3,1,0,51.800000000000004,11.79188891778558,1.431888917785579
65.0,25.0,6,8.0,15,4,3,1,0,48.6342551054931,11.806851021098622,1.4468510210986196,4,3,1,0,39.86957034068174,9.405802985921927,-0.9541970140780744
65.0,25.0,6,8.0,30,4,3,1,0,51.800000000000004,12.333124667311715,1.9731246673117113,4,3,1,0,32.02585623705608,7.822431511391575,-1.049630434698291
65.0,25.0,6,10.0,0,4,3,1,0,48.499999999999986,11.299999999999997,1.5999999999999994,4,3,1,0,48.499999999999986,10.665978289138062,0.9659782891380652
65.0,25.0,6,10.0,15,4,3,1,0,45.40307564667802,10.680615129335603,0.9806151293356052,4,3,1,0,36.828927507188645,8.331763790575796,-1.368236209424203
65.0,25.0,6,10.0,30,4,3,1,0,48.499999999999986,11.195448044109279,1.4954480441092806,4,3,1,0,29.15572892755487,6.782813435056974,-1.461594990465718
65.0,25.0,6,12.0,0,4,3,1,0,45.199999999999996,10.16,1.1199999999999997,4,3,1,0,45.199999999999996,9.540067660490553,0.5000676604905528
65.0,25.0,6,12.0,15,4,3,1,0,42.171896187862956,9.55437923757259,0.5143792375725916,4,3,1,0,33.78828467369557,7.257724595229667,-1.7822754047703329
65.0,25.0,6,12.0,30,4,3,1,0,45.199999999999996,10.057771420906853,1.0177714209068534,4,3,1,0,26.285601618053647,5.7431953587223745,-1.8735595462331478
65.0,25.0,8,5.0,0,4,3,1,0,56.749999999999986,14.149999999999995,2.799999999999998,4,3,1,0,56.749999999999986,13.480754860756845,2.130754860756846
65.0,25.0,8,5.0,15,4,3,1,0,53.481024293715684,13.496204858743136,2.1462048587431375,4,3,1,0,44.43053459092134,11.181354395850972,-0.1686456041490267
65.0,25.0,8,5.0,30,4,3,1,0,56.749999999999986,14.03963960211535,2.6896396021153524,4,3,1,0,36.33104720130791,8.881510706990225,-0.9320315199503967
65.0,25.0,8,8.0,0,4,3,1,0,51.800000000000004,12.440000000000005,2.0800000000000014,4,3,1,0,51.800000000000004,11.79188891778558,1.431888917785579
65.0,25.0,8,8.0,15,4,3,1,0,48.6342551054931,11.806851021098622,1.4468510210986196,4,3,1,0,39.86957034068174,9.565101099139893,-0.7948989008601086
65.0,25.0,8,8.0,30,4,3,1,0,51.800000000000004,12.333124667311715,1.9731246673117113,4,3,1,0,32.02585623705608,7.337884053085272,-1.5341778930045948
65.0,25.0,8,10.0,0,4,3,1,0,48.499999999999986,11.299999999999997,1.5999999999999994,4,3,1,0,48.499999999999986,10.665978289138062,0.9659782891380652
65.0,25.0,8,10.0,15,4,3,1,0,45.40307564667802,10.680615129335603,0.9806151293356052,4,3,1,0,36.828927507188645,8.487598901332499,-1.2124010986674982
65.0,25.0,8,10.0,30,4,3,1,0,48.499999999999986,11.195448044109279,1.4954480441092806,4,3,1,0,29.15572892755487,6.308799617148634,-1.9356088083740588
65.0,25.0,8,12.0,0,4,3,1,0,45.199999999999996,10.16,1.1199999999999997,4,3,1,0,45.199999999999996,9.540067660490553,0.5000676604905528
65.0,25.0,8,12.0,15,4,3,1,0,42.171896187862956,9.55437923757259,0.5143792375725916,4,3,1,0,33.78828467369557,7.410096703525112,-1.6299032964748876
65.0,25.0,8,12.0,30,4,3,1,0,45.199999999999996,10.057771420906853,1.0177714209068534,4,3,1,0,26.285601618053647,5.279715181211998,-2.3370397237435245
65.0,30.0,2,5.0,0,4,3,0,0,15.241767854094666,7.4505502344041945,1.7643869913644672,4,4,0,0,44.966818187455914,17.094247401118107,8.100883763626923
65.0,30.0,2,5.0,15,4,3,0,0,15.241767854094666,7.4505502344041945,1.7643869913644672,4,4,0,0,32.64735277837727,14.630354319302377,5.636990681811195
65.0,30.0,2,5.0,30,4,3,0,0,15.241767854094666,7.4505502344041945,1.7643869913644672,4,4,0,0,32.15462587843594,13.01045684137969,5.538445301822929
65.0,30.0,2,8.0,0,4,2,0,0,11.602554132386423,5.95211180594933,1.0770905600582228,4,4,0,0,40.388918665746786,15.291271167398591,7.2134874342492346
65.0,30.0,2,8.0,15,4,2,0,0,11.602554132386423,5.95211180594933,1.0770905600582228,4,4,0,0,28.458489006428522,12.905185235534939,4.82740150238558
65.0,30.0,2,8.0,30,4,2,0,0,11.602554132386423,5.95211180594933,1.0770905600582228,4,4,0,0,27.98132190332744,11.336442414809808,4.7319680817653635
65.0,30.0,2,10.0,0,4,2,0,0,9.17641165124759,4.953152853646082,0.6188929391873921,4,4,0,0,37.33698565127402,14.089287011585578,6.6218898813307705
65.0,30.0,2,10.0,15,4,2,0,0,9.17641165124759,4.953152853646082,0.6188929391873921,4,4,0,0,25.665913158462683,11.755072513023308,4.287675382768503
65.0,30.0,2,10.0,30,4,2,0,0,9.17641165124759,4.953152853646082,0.6188929391873921,4,4,0,0,25.19911925325511,10.220432797096553,4.194316601726988
65.0,30.0,2,12.0,0,4,2,0,0,6.7502691701087585,3.9541939013428378,0.16069531831656186,4,4,0,0,34.28505263680127,12.887302855772564,6.03029232841231
65.0,30.0,2,12.0,15,4,2,0,0,6.7502691701087585,3.9541939013428378,0.16069531831656186,4,4,0,0,22.873337310496844,10.604959790511678,3.747949263151425
65.0,30.0,2,12.0,30,4,2,0,0,6.7502691701087585,3.9541939013428378,0.16069531831656186,4,4,0,0,22.41691660318277,9.104423179383295,3.6566651216886097
65.0,30.0,3,5.0,0,4,3,0,0,22.276672116398544,8.767765006556774,1.9621593485602795,4,4,0,0,56.749999999999986,18.896414714665013,7.546414714665016
65.0,30.0,3,5.0,15,4,3,0,0,22.276672116398544,8.767765006556774,1.9621593485602795,4,4,0,0,44.43053459092134,16.432521632849284,5.082521632849287
65.0,30.0,3,5.0,30,4,3,0,0,22.276672116398544,8.767765006556774,1.9621593485602795,4,4,0,0,36.33104720130791,14.8126241549266,4.98397625286102
65.0,30.0,3,8.0,0,4,3,0,0,18.41530352324913,7.227730322139196,1.2686174743952208,4,4,0,0,51.800000000000004,17.036527934201914,6.676527934201913
65.0,30.0,3,8.0,15,4,3,0,0,18.41530352324913,7.227730322139196,1.2686174743952208,4,4,0,0,39.86957034068174,14.650442002338261,4.29044200233826
65.0,30.0,3,8.0,30,4,3,0,0,18.41530352324913,7.227730322139196,1.2686174743952208,4,4,0,0,32.02585623705608,13.08169918161313,4.195008581718043
65.0,30.0,3,10.0,0,4,3,0,0,15.841057794482838,6.201040532527471,0.8062562249518447,4,4,0,0,48.499999999999986,15.796603413893173,6.096603413893174
65.0,30.0,3,10.0,15,4,3,0,0,15.841057794482838,6.201040532527471,0.8062562249518447,4,4,0,0,36.828927507188645,13.462388915330903,3.7623889153309054
65.0,30.0,3,10.0,30,4,3,0,0,15.841057794482838,6.201040532527471,0.8062562249518447,4,4,0,0,29.15572892755487,11.927749199404147,3.6690301342893905
65.0,30.0,3,12.0,0,4,3,0,0,13.266812065716548,5.17435074291575,0.34389497550847176,4,4,0,0,45.199999999999996,14.556678893584436,5.516678893584437
65.0,30.0,3,12.0,15,4,3,0,0,13.266812065716548,5.17435074291575,0.34389497550847176,4,4,0,0,33.78828467369557,12.27433582832355,3.2343358283235517
65.0,30.0,3,12.0,30,4,3,0,0,13.266812065716548,5.17435074291575,0.34389497550847176,4,4,0,0,26.285601618053647,10.773799217195167,3.1430516868607365
65.0,30.0,4,5.0,0,4,3,0,0,56.749999999999986,14.20205235654861,2.85205235654861,4,4,0,0,56.749999999999986,19.073677182918324,7.723677182918327
65.0,30.0,4,5.0,15,4,3,0,0,53.481024293715684,13.548257215291748,2.1982572152917497,4,4,0,0,44.43053459092134,16.609784101102598,5.259784101102599
65.0,30.0,4,5.0,30,4,3,0,0,56.749999999999986,14.20205235654861,2.85205235654861,4,4,0,0,36.33104720130791,14.974780948054955,5.161238721114333
65.0,30.0,4,8.0,0,4,3,0,0,51.800000000000004,12.490408597920762,2.1304085979207614,4,4,0,0,51.800000000000004,17.208192640299856,6.848192640299856
65.0,30.0,4,8.0,15,4,3,0,0,48.6342551054931,11.857259619019382,1.4972596190193799,4,4,0,0,39.86957034068174,14.822106708436204,4.4621067084362025
65.0,30.0,4,8.0,30,4,3,0,0,51.800000000000004,12.490408597920762,2.1304085979207614,4,4,0,0,32.02585623705608,13.238735233905851,4.366673287815986
65.0,30.0,4,10.0,0,4,3,0,0,48.499999999999986,11.349312758835524,1.6493127588355252,4,4,0,0,48.499999999999986,15.964536278554204,6.264536278554205
65.0,30.0,4,10.0,15,4,3,0,0,45.40307564667802,10.729927888171128,1.029927888171131,4,4,0,0,36.828927507188645,13.630321779991935,3.930321779991937
65.0,30.0,4,10.0,30,4,3,0,0,48.499999999999986,11.349312758835524,1.6493127588355252,4,4,0,0,29.15572892755487,12.081371424473115,3.836962998950422
65.0,30.0,4,12.0,0,4,3,0,0,45.199999999999996,10.208216919750292,1.1682169197502923,4,4,0,0,45.199999999999996,14.720879916808556,5.680879916808557
65.0,30.0,4,12.0,15,4,3,0,0,42.171896187862956,9.602596157322886,0.5625961573228843,4,4,0,0,33.78828467369557,12.43853685154767,3.398536851547671
65.0,30.0,4,12.0,30,4,3,0,0,45.199999999999996,10.208216919750292,1.1682169197502923,4,4,0,0,26.285601618053647,10.924007615040379,3.3072527100848563
65.0,30.0,6,5.0,0,4,3,1,0,56.749999999999986,13.144405724163335,1.7944057241633389,4,3,1,0,56.749999999999986,13.480754860756845,2.130754860756846
65.0,30.0,6,5.0,15,4,3,1,0,53.481024293715684,12.59472407437067,1.244724074370673,4,3,1,0,44.43053459092134,11.016861778941115,-0.3331382210588828
65.0,30.0,6,5.0,30,4,3,1,0,56.749999999999986,13.674999999999995,2.324999999999998,4,3,1,0,36.33104720130791,9.381858625893472,-0.4316836010471491
65.0,30.0,6,8.0,0,4,3,1,0,51.800000000000004,11.466161332873975,1.1061613328739732,4,3,1,0,51.800000000000004,11.79188891778558,1.431888917785579
65.0,30.0,6,8.0,15,4,3,1,0,48.6342551054931,10.933838050969497,0.5738380509694941,4,3,1,0,39.86957034068174,9.405802985921927,-0.9541970140780744
65.0,30.0,6,8.0,30,4,3,1,0,51.800000000000004,11.980000000000002,1.6200000000000003,4,3,1,0,32.02585623705608,7.822431511391575,-1.049630434698291
65.0,30.0,6,10.0,0,4,3,1,0,48.499999999999986,10.347331738681056,0.6473317386810585,4,3,1,0,48.499999999999986,10.665978289138062,0.9659782891380652
65.0,30.0,6,10.0,15,4,3,1,0,45.40307564667802,9.826580702035372,0.12658070203537405,4,3,1,0,36.828927507188645,8.331763790575796,-1.368236209424203
65.0,30.0,6,10.0,30,4,3,1,0,48.499999999999986,10.849999999999996,1.1499999999999986,4,3,1,0,29.15572892755487,6.782813435056974,-1.461594990465718
65.0,30.0,6,12.0,0,4,3,1,0,45.199999999999996,9.228502144488147,0.1885021444881474,4,3,1,0,45.199999999999996,9.540067660490553,0.5000676604905528
65.0,30.0,6,12.0,15,4,3,1,0,42.171896187862956,8.719323353101254,-0.32067664689874537,4,3,1,0,33.78828467369557,7.257724595229667,-1.7822754047703329
65.0,30.0,6,12.0,30,4,3,1,0,45.199999999999996,9.719999999999999,0.6799999999999997,4,3,1,0,26.285601618053647,5.7431953587223745,-1.8735595462331478
65.0,30.0,8,5.0,0,4,3,1,0,56.749999999999986,13.144405724163335,1.7944057241633389,4,3,1,0,56.749999999999986,13.480754860756845,2.130754860756846
65.0,30.0,8,5.0,15,4,3,1,0,53.481024293715684,12.59472407437067,1.244724074370673,4,3,1,0,44.43053459092134,11.181354395850972,-0.1686456041490267
65.0,30.0,8,5.0,30,4,3,1,0,56.749999999999986,13.674999999999995,2.324999999999998,4,3,1,0,36.33104720130791,8.881510706990225,-0.9320315199503967
65.0,30.0,8,8.0,0,4,3,1,0,51.800000000000004,11.466161332873975,1.1061613328739732,4,3,1,0,51.800000000000004,11.79188891778558,1.431888917785579
65.0,30.0,8,8.0,15,4,3,1,0,48.6342551054931,10.933838050969497,0.5738380509694941,4,3,1,0,39.86957034068174,9.565101099139893,-0.7948989008601086
65.0,30.0,8,8.0,30,4,3,1,0,51.800000000000004,11.980000000000002,1.6200000000000003,4,3,1,0,32.02585623705608,7.337884053085272,-1.5341778930045948
65.0,30.0,8,10.0,0,4,3,1,0,48.499999999999986,10.347331738681056,0.6473317386810585,4,3,1,0,48.499999999999986,10.665978289138062,0.9659782891380652
65.0,30.0,8,10.0,15,4,3,1,0,45.40307564667802,9.826580702035372,0.12658070203537405,4,3,1,0,36.828927507188645,8.487598901332499,-1.2124010986674982
65.0,30.0,8,10.0,30,4,3,1,0,48.499999999999986,10.849999999999996,1.1499999999999986,4,3,1,0,29.15572892755487,6.308799617148634,-1.9356088083740588
65.0,30.0,8,12.0,0,4,3,1,0,45.199999999999996,9.228502144488147,0.1885021444881474,4,3,1,0,45.199999999999996,9.540067660490553,0.5000676604905528
65.0,30.0,8,12.0,15,4,3,1,0,42.171896187862956,8.719323353101254,-0.32067664689874537,4,3,1,0,33.78828467369557,7.410096703525112,-1.6299032964748876
65.0,30.0,8,12.0,30,4,3,1,0,45.199999999999996,9.719999999999999,0.6799999999999997,4,3,1,0,26.285601618053647,5.279715181211998,-2.3370397237435245
75.0,15.0,2,5.0,0,4,2,1,0,8.821934956822336,6.464386991364467,1.7643869913644672,4,3,1,0,28.721237005590538,10.378729498744052,0.435365861252869
75.0,15.0,2,5.0,15,4,2,1,0,8.821934956822336,6.243856548473818,1.7643869913644672,4,3,1,0,28.721237005590538,10.444247401118107,0.5008837636269238
75.0,15.0,2,5.0,30,4,2,1,0,8.821934956822336,6.464386991364467,1.7643869913644672,4,3,1,0,28.721237005590538,7.972895303183687,0.5008837636269238
75.0,15.0,2,8.0,0,4,2,1,0,5.385452800291113,4.997090560058224,1.0770905600582228,4,3,1,0,24.65635583699295,8.787822251415298,-0.2099614817340612
75.0,15.0,2,8.0,15,4,2,1,0,5.385452800291113,4.783524236416752,1.0770905600582228,4,3,1,0,24.65635583699295,8.851271167398592,-0.14651256575076702
75.0,15.0,2,8.0,30,4,2,1,0,5.385452800291113,4.997090560058224,1.0770905600582228,4,3,1,0,24.65635583699295,6.457961767293677,-0.14651256575076702
75.0,15.0,2,10.0,0,4,2,1,0,3.09446469593696,4.018892939187391,0.6188929391873921,4,3,1,0,21.946435057927893,7.727217419862789,-0.6401797103920149
75.0,15.0,2,10.0,15,4,2,1,0,3.09446469593696,3.809969361712041,0.6188929391873921,4,3,1,0,21.946435057927893,7.789287011585578,-0.5781101186692276
75.0,15.0,2,10.0,30,4,2,1,0,3.09446469593696,4.018892939187391,0.6188929391873921,4,3,1,0,21.946435057927893,5.448006076700337,-0.5781101186692276
75.0,15.0,2,12.0,0,4,2,1,0,0.8034765915828093,3.040695318316562,0.16069531831656186,4,3,1,0,19.236514278862828,6.666612588310284,-1.0703979390499707
75.0,15.0,2,12.0,15,4,2,1,0,0.8034765915828093,2.8364144870073282,0.16069531831656186,4,3,1,0,19.236514278862828,6.727302855772566,-1.0097076715876896
75.0,15.0,2,12.0,30,4,2,1,0,0.8034765915828093,3.040695318316562,0.16069531831656186,4,3,1,0,19.236514278862828,4.438050386106996,-1.0097076715876896
75.0,15.0,3,5.0,0,4,2,2,0,6.9986438264160675,6.099728765283213,1.3997287652832135,4,3,1,0,42.482073573325074,13.13089681229096,-0.1191031877090385
75.0,15.0,3,5.0,15,4,2,2,0,6.9986438264160675,5.879198322392565,1.3997287652832135,4,3,1,0,40.2758151930888,12.755163038617761,-0.053585285334983725
75.0,15.0,3,5.0,30,4,2,2,0,6.9986438264160675,6.099728765283213,1.3997287652832135,4,3,1,0,30.125313083652973,10.283810940683338,-0.053585285334983725
75.0,15.0,3,8.0,0,4,2,2,0,3.619739284529256,4.643947856905853,0.7239478569058513,4,3,1,0,37.982639671009565,11.45307901821862,-0.7469209817813817
75.0,15.0,3,8.0,15,4,2,2,0,3.619739284529256,4.430381533264381,0.7239478569058513,4,3,1,0,35.846052608043905,11.089210521608784,-0.6834720657980875
75.0,15.0,3,8.0,30,4,2,2,0,3.619739284529256,4.643947856905853,0.7239478569058513,4,3,1,0,26.01609267048499,8.695901121503868,-0.6834720657980875
75.0,15.0,3,10.0,0,4,2,2,0,1.3671362566047005,3.6734272513209394,0.2734272513209401,4,3,1,0,34.98301706946587,10.334533822170386,-1.1654661778296127
75.0,15.0,3,10.0,15,4,2,2,0,1.3671362566047005,3.4645036738455888,0.2734272513209401,4,3,1,0,32.8928775513473,9.97857551026946,-1.1033965861068253
75.0,15.0,3,10.0,30,4,2,2,0,1.3671362566047005,3.6734272513209394,0.2734272513209401,4,3,1,0,23.276612395039663,7.637294575384217,-1.1033965861068253
75.0,15.0,3,12.0,0,4,2,2,0,-0.8854667713198427,2.702906645736032,-0.17709335426396855,4,3,1,0,31.98339446792219,9.215988626122158,-1.5840113738778439
75.0,15.0,3,12.0,15,4,2,2,0,-0.8854667713198427,2.498625814426798,-0.17709335426396855,4,3,1,0,29.939702494650703,8.86794049893014,-1.5233211064155627
75.0,15.0,3,12.0,30,4,2,2,0,-0.8854667713198427,2.702906645736032,-0.17709335426396855,4,3,1,0,20.53713211959434,6.578688029264571,-1.5233211064155627
75.0,15.0,4,5.0,0,4,2,2,0,23.499999999999993,9.399999999999997,4.699999999999998,4,3,1,0,43.368385914591634,13.308159280544272,0.05815928054427353
75.0,15.0,4,5.0,15,4,2,2,0,22.397347785546756,9.17946955710935,4.4794695571093515,4,3,1,0,41.16212753435536,12.932425506871073,0.1236771829183283
75.0,15.0,4,5.0,30,4,2,2,0,23.499999999999993,9.399999999999997,4.699999999999998,4,3,1,0,31.011625424919533,9.93721940985895,0.1236771829183283
75.0,15.0,4,8.0,0,4,2,2,0,19.600000000000005,7.8400000000000025,3.9200000000000013,4,3,1,0,38.84096320149928,11.624743724316563,-0.5752562756834391
75.0,15.0,4,8.0,15,4,2,2,0,18.532168381792648,7.6264336763585305,3.7064336763585297,4,3,1,0,36.70437613853362,11.260875227706727,-0.5118073597001448
75.0,15.0,4,8.0,30,4,2,2,0,19.600000000000005,7.8400000000000025,3.9200000000000013,4,3,1,0,26.874416200974704,8.360254586389722,-0.5118073597001448
75.0,15.0,4,10.0,0,4,2,2,0,16.999999999999996,6.799999999999999,3.3999999999999995,4,3,1,0,35.822681392771024,10.502466686831417,-0.9975333131685815
75.0,15.0,4,10.0,15,4,2,2,0,15.955382112623244,6.591076422524648,3.191076422524649,4,3,1,0,33.732541874652455,10.146508374930491,-0.9354637214457941
75.0,15.0,4,10.0,30,4,2,2,0,16.999999999999996,6.799999999999999,3.3999999999999995,4,3,1,0,24.11627671834482,7.308944704076899,-0.9354637214457941
75.0,15.0,4,12.0,0,4,2,2,0,14.4,5.760000000000001,2.8800000000000003,4,3,1,0,32.804399584042784,9.380189649346276,-1.419810350653724
75.0,15.0,4,12.0,15,4,2,2,0,13.378595843453832,5.555719168690767,2.6757191686907666,4,3,1,0,30.7607076107713,9.03214152215426,-1.359120083191443
75.0,15.0,4,12.0,30,4,2,2,0,14.4,5.760000000000001,2.8800000000000003,4,3,1,0,21.358137235714935,6.2576348217640785,-1.359120083191443
75.0,15.0,6,5.0,0,4,2,2,0,23.499999999999993,9.399999999999997,4.699999999999998,4,2,2,0,23.17241048812972,9.220097930355548,-4.029902069644449
75.0,15.0,6,5.0,15,4,2,2,0,22.397347785546756,9.17946955710935,4.4794695571093515,4,2,2,0,21.293741619763722,8.687508575623763,-4.121239748328982
75.0,15.0,6,5.0,30,4,2,2,0,23.499999999999993,9.399999999999997,4.699999999999998,4,2,2,0,11.143239510327891,5.396288692279384,-4.417253534661237
75.0,15.0,6,8.0,0,4,2,2,0,19.600000000000005,7.8400000000000025,3.9200000000000013,4,2,2,0,19.282755420083532,7.665779048344326,-4.5342209516556755
75.0,15.0,6,8.0,15,4,2,2,0,18.532168381792648,7.6264336763585305,3.7064336763585297,4,2,2,0,17.46341293703435,7.1500083048145955,-4.622674282592277
75.0,15.0,6,8.0,30,4,2,2,0,19.600000000000005,7.8400000000000025,3.9200000000000013,4,2,2,0,7.6334529994754305,3.9627216809442487,-4.909340265145618
75.0,15.0,6,10.0,0,4,2,2,0,16.999999999999996,6.799999999999999,3.3999999999999995,4,2,2,0,16.68965204138606,6.6295664603368385,-4.870433539663161
75.0,15.0,6,10.0,15,4,2,2,0,15.955382112623244,6.591076422524648,3.191076422524649,4,2,2,0,14.909860481881424,6.125008124275145,-4.95696397210114
75.0,15.0,6,10.0,30,4,2,2,0,16.999999999999996,6.799999999999999,3.3999999999999995,4,2,2,0,5.29359532557379,3.0070103400541544,-5.237398085468539
75.0,15.0,6,12.0,0,4,2,2,0,14.4,5.760000000000001,2.8800000000000003,4,2,2,0,14.096548662688594,5.593353872329353,-5.206646127670647
75.0,15.0,6,12.0,15,4,2,2,0,13.378595843453832,5.555719168690767,2.6757191686907666,4,2,2,0,12.356308026728515,5.100007943735699,-5.291253661610003
75.0,15.0,6,12.0,30,4,2,2,0,14.4,5.760000000000001,2.8800000000000003,4,2,2,0,2.953737651672151,2.0512989991640613,-5.565455905791461
75.0,15.0,8,5.0,0,4,2,2,0,23.499999999999993,9.399999999999997,4.699999999999998,4,2,2,0,23.17241048812972,9.220097930355548,-4.029902069644449
75.0,15.0,8,5.0,15,4,2,2,0,22.397347785546756,9.17946955710935,4.4794695571093515,4,2,2,0,21.293741619763722,8.687508575623763,-4.121239748328982
75.0,15.0,8,5.0,30,4,2,2,0,23.499999999999993,9.399999999999997,4.699999999999998,4,2,2,0,11.143239510327891,5.396288692279384,-4.417253534661237
75.0,15.0,8,8.0,0,4,2,2,0,19.600000000000005,7.8400000000000025,3.9200000000000013,4,2,2,0,19.282755420083532,7.665779048344326,-4.5342209516556755
75.0,15.0,8,8.0,15,4,2,2,0,18.532168381792648,7.6264336763585305,3.7064336763585297,4,2,2,0,17.46341293703435,7.1500083048145955,-4.622674282592277
75.0,15.0,8,8.0,30,4,2,2,0,19.600000000000005,7.8400000000000025,3.9200000000000013,4,2,2,0,7.6334529994754305,3.9627216809442487,-4.909340265145618
75.0,15.0,8,10.0,0,4,2,2,0,16.999999999999996,6.799999999999999,3.3999999999999995,4,2,2,0,16.68965204138606,6.6295664603368385,-4.870433539663161
75.0,15.0,8,10.0,15,4,2,2,0,15.955382112623244,6.591076422524648,3.191076422524649,4,2,2,0,14.909860481881424,6.125008124275145,-4.95696397210114
75.0,15.0,8,10.0,30,4,2,2,0,16.999999999999996,6.799999999999999,3.3999999999999995,4,2,2,0,5.29359532557379,3.0070103400541544,-5.237398085468539
75.0,15.0,8,12.0,0,4,2,2,0,14.4,5.760000000000001,2.8800000000000003,4,2,2,0,14.096548662688594,5.593353872329353,-5.206646127670647
75.0,15.0,8,12.0,15,4,2,2,0,13.378595843453832,5.555719168690767,2.6757191686907666,4,2,2,0,12.356308026728515,5.100007943735699,-5.291253661610003
75.0,15.0,8,12.0,30,4,2,2,0,14.4,5.760000000000001,2.8800000000000003,4,2,2,0,2.953737651672151,2.0512989991640613,-5.565455905791461
75.0,18.0,2,5.0,0,4,3,0,0,15.241767854094666,8.400550234404195,1.7643869913644672,4,3,1,0,28.721237005590538,10.159247401118108,0.21588376362692402
75.0,18.0,2,5.0,15,4,3,0,0,15.241767854094666,8.180019791513548,1.7643869913644672,4,3,1,0,28.721237005590538,10.159247401118108,0.21588376362692402
75.0,18.0,2,5.0,30,4,3,0,0,15.241767854094666,8.400550234404195,1.7643869913644672,4,3,1,0,28.721237005590538,7.687895303183687,0.21588376362692402
75.0,18.0,2,8.0,0,4,2,0,0,11.602554132386423,6.872111805949331,1.0770905600582228,4,3,1,0,24.65635583699295,8.575271167398592,-0.42251256575076646
75.0,18.0,2,8.0,15,4,2,0,0,11.602554132386423,6.65854548230786,1.0770905600582228,4,3,1,0,24.65635583699295,8.575271167398592,-0.42251256575076646
75.0,18.0,2,8.0,30,4,2,0,0,11.602554132386423,6.872111805949331,1.0770905600582228,4,3,1,0,24.65635583699295,6.181961767293678,-0.42251256575076646
75.0,18.0,2,10.0,0,4,2,0,0,9.17641165124759,5.853152853646083,0.6188929391873921,4,3,1,0,21.946435057927893,7.519287011585579,-0.8481101186692265
75.0,18.0,2,10.0,15,4,2,0,0,9.17641165124759,5.644229276170733,0.6188929391873921,4,3,1,0,21.946435057927893,7.519287011585579,-0.8481101186692265
75.0,18.0,2,10.0,30,4,2,0,0,9.17641165124759,5.853152853646083,0.6188929391873921,4,3,1,0,21.946435057927893,5.178006076700338,-0.8481101186692265
75.0,18.0,2,12.0,0,4,2,0,0,6.7502691701087585,4.8341939013428386,0.16069531831656186,4,3,1,0,19.236514278862828,6.463302855772565,-1.2737076715876894
75.0,18.0,2,12.0,15,4,2,0,0,6.7502691701087585,4.629913070033605,0.16069531831656186,4,3,1,0,19.236514278862828,6.463302855772565,-1.2737076715876894
75.0,18.0,2,12.0,30,4,2,0,0,6.7502691701087585,4.8341939013428386,0.16069531831656186,4,3,1,0,19.236514278862828,4.174050386106996,-1.2737076715876894
75.0,18.0,3,5.0,0,4,3,0,0,22.276672116398544,9.717765006556775,1.9621593485602795,4,3,1,0,42.482073573325074,12.911414714665014,-0.33858528533498355
75.0,18.0,3,5.0,15,4,3,0,0,22.276672116398544,9.497234563666126,1.9621593485602795,4,3,1,0,40.2758151930888,12.470163038617763,-0.33858528533498355
75.0,18.0,3,5.0,30,4,3,0,0,22.276672116398544,9.717765006556775,1.9621593485602795,4,3,1,0,30.125313083652973,9.99881094068334,-0.33858528533498355
75.0,18.0,3,8.0,0,4,3,0,0,18.41530352324913,8.147730322139196,1.2686174743952208,4,3,1,0,37.982639671009565,11.240527934201914,-0.9594720657980869
75.0,18.0,3,8.0,15,4,3,0,0,18.41530352324913,7.934163998497725,1.2686174743952208,4,3,1,0,35.846052608043905,10.813210521608786,-0.9594720657980869
75.0,18.0,3,8.0,30,4,3,0,0,18.41530352324913,8.147730322139196,1.2686174743952208,4,3,1,0,26.01609267048499,8.419901121503868,-0.9594720657980869
75.0,18.0,3,10.0,0,4,3,0,0,15.841057794482838,7.101040532527472,0.8062562249518447,4,3,1,0,34.98301706946587,10.126603413893175,-1.3733965861068242
75.0,18.0,3,10.0,15,4,3,0,0,15.841057794482838,6.8921169550521215,0.8062562249518447,4,3,1,0,32.8928775513473,9.708575510269462,-1.3733965861068242
75.0,18.0,3,10.0,30,4,3,0,0,15.841057794482838,7.101040532527472,0.8062562249518447,4,3,1,0,23.276612395039663,7.367294575384219,-1.3733965861068242
75.0,18.0,3,12.0,0,4,3,0,0,13.266812065716548,6.054350742915751,0.34389497550847176,4,3,1,0,31.98339446792219,9.01267889358444,-1.7873211064155623
75.0,18.0,3,12.0,15,4,3,0,0,13.266812065716548,5.850069911606517,0.34389497550847176,4,3,1,0,29.939702494650703,8.603940498930141,-1.7873211064155623
75.0,18.0,3,12.0,30,4,3,0,0,13.266812065716548,6.054350742915751,0.34389497550847176,4,3,1,0,20.53713211959434,6.3146880292645715,-1.7873211064155623
75.0,18.0,4,5.0,0,4,3,1,0,66.24999999999999,17.055039767651092,3.8050397676510928,4,3,1,0,43.368385914591634,13.088677182918326,-0.1613228170816715
75.0,18.0,4,5.0,15,4,3,1,0,65.14734778554674,16.831521913657962,3.8020523565486104,4,3,1,0,41.16212753435536,12.647425506871073,-0.1613228170816715
75.0,18.0,4,5.0,30,4,3,1,0,66.24999999999999,17.05205235654861,3.8020523565486104,4,3,1,0,31.011625424919533,9.65221940985895,-0.1613228170816715
75.0,18.0,4,8.0,0,4,3,1,0,61.00000000000001,15.253301669725273,3.053301669725272,4,3,1,0,38.84096320149928,11.412192640299857,-0.7878073597001443
75.0,18.0,4,8.0,15,4,3,1,0,59.93216838179265,15.036842274279293,3.050408597920762,4,3,1,0,36.70437613853362,10.984875227706729,-0.7878073597001443
75.0,18.0,4,8.0,30,4,3,1,0,61.00000000000001,15.250408597920762,3.050408597920762,4,3,1,0,26.874416200974704,8.084254586389724,-0.7878073597001443
75.0,18.0,4,10.0,0,4,3,1,0,57.49999999999999,14.052142937774718,2.5521429377747205,4,3,1,0,35.822681392771024,10.294536278554205,-1.205463721445793
75.0,18.0,4,10.0,15,4,3,1,0,56.45538211262324,13.840389181360175,2.549312758835526,4,3,1,0,33.732541874652455,9.876508374930493,-1.205463721445793
75.0,18.0,4,10.0,30,4,3,1,0,57.49999999999999,14.049312758835525,2.549312758835526,4,3,1,0,24.11627671834482,7.038944704076901,-1.205463721445793
75.0,18.0,4,12.0,0,4,3,1,0,54.0,12.85098420582417,2.0509842058241716,4,3,1,0,32.804399584042784,9.176879916808558,-1.6231200831914425
75.0,18.0,4,12.0,15,4,3,1,0,52.97859584345383,12.643936088441059,2.048216919750293,4,3,1,0,30.7607076107713,8.768141522154261,-1.6231200831914425
75.0,18.0,4,12.0,30,4,3,1,0,54.0,12.848216919750293,2.048216919750293,4,3,1,0,21.358137235714935,5.993634821764079,-1.6231200831914425
75.0,18.0,6,5.0,0,4,3,1,0,66.24999999999999,17.055039767651092,3.8050397676510928,4,2,2,0,22.074999999999996,8.829999999999998,-4.42
75.0,18.0,6,5.0,15,4,3,1,0,65.14734778554674,16.831521913657962,3.8020523565486104,4,2,2,0,19.868741619763725,8.388748323952745,-4.42
75.0,18.0,6,5.0,30,4,3,1,0,66.24999999999999,16.88963960211535,3.639639602115352,4,2,2,0,9.718239510327892,5.111288692279385,-4.702253534661236
75.0,18.0,6,8.0,0,4,3,1,0,61.00000000000001,15.253301669725273,3.053301669725272,4,2,2,0,18.220000000000006,7.288000000000004,-4.911999999999999
75.0,18.0,6,8.0,15,4,3,1,0,59.93216838179265,15.036842274279293,3.050408597920762,4,2,2,0,16.083412937034353,6.860682587406874,-4.911999999999999
75.0,18.0,6,8.0,30,4,3,1,0,61.00000000000001,15.093124667311713,2.893124667311712,4,2,2,0,6.253452999475433,3.68672168094425,-5.185340265145617
75.0,18.0,6,10.0,0,4,3,1,0,57.49999999999999,14.052142937774718,2.5521429377747205,4,2,2,0,15.650000000000002,6.260000000000002,-5.239999999999998
75.0,18.0,6,10.0,15,4,3,1,0,56.45538211262324,13.840389181360175,2.549312758835526,4,2,2,0,13.55986048188143,5.841972096376288,-5.239999999999998
75.0,18.0,6,10.0,30,4,3,1,0,57.49999999999999,13.895448044109282,2.395448044109281,4,2,2,0,3.9435953255737957,2.737010340054155,-5.507398085468537
75.0,18.0,6,12.0,0,4,3,1,0,54.0,12.85098420582417,2.0509842058241716,4,2,2,0,13.080000000000002,5.232,-5.568
75.0,18.0,6,12.0,15,4,3,1,0,52.97859584345383,12.643936088441059,2.048216919750293,4,2,2,0,11.036308026728516,4.823261605345705,-5.568
75.0,18.0,6,12.0,30,4,3,1,0,54.0,12.697771420906854,1.897771420906854,4,2,2,0,1.6337376516721527,1.7872989991640615,-5.829455905791461
75.0,18.0,8,5.0,0,4,3,1,0,66.24999999999999,17.055039767651092,3.8050397676510928,4,2,2,0,22.074999999999996,8.829999999999998,-4.42
75.0,18.0,8,5.0,15,4,3,1,0,65.14734778554674,16.831521913657962,3.8020523565486104,4,2,2,0,19.868741619763725,8.388748323952745,-4.42
75.0,18.0,8,5.0,30,4,3,1,0,66.24999999999999,16.88963960211535,3.639639602115352,4,2,2,0,9.718239510327892,5.111288692279385,-4.702253534661236
75.0,18.0,8,8.0,0,4,3,1,0,61.00000000000001,15.253301669725273,3.053301669725272,4,2,2,0,18.220000000000006,7.288000000000004,-4.911999999999999
75.0,18.0,8,8.0,15,4,3,1,0,59.93216838179265,15.036842274279293,3.050408597920762,4,2,2,0,16.083412937034353,6.860682587406874,-4.911999999999999
75.0,18.0,8,8.0,30,4,3,1,0,61.00000000000001,15.093124667311713,2.893124667311712,4,2,2,0,6.253452999475433,3.68672168094425,-5.185340265145617
75.0,18.0,8,10.0,0,4,3,1,0,57.49999999999999,14.052142937774718,2.5521429377747205,4,2,2,0,15.650000000000002,6.260000000000002,-5.239999999999998
75.0,18.0,8,10.0,15,4,3,1,0,56.45538211262324,13.840389181360175,2.549312758835526,4,2,2,0,13.55986048188143,5.841972096376288,-5.239999999999998
75.0,18.0,8,10.0,30,4,3,1,0,57.49999999999999,13.895448044109282,2.395448044109281,4,2,2,0,3.9435953255737957,2.737010340054155,-5.507398085468537
75.0,18.0,8,12.0,0,4,3,1,0,54.0,12.85098420582417,2.0509842058241716,4,2,2,0,13.080000000000002,5.232,-5.568
75.0,18.0,8,12.0,15,4,3,1,0,52.97859584345383,12.643936088441059,2.048216919750293,4,2,2,0,11.036308026728516,4.823261605345705,-5.568
75.0,18.0,8,12.0,30,4,3,1,0,54.0,12.697771420906854,1.897771420906854,4,2,2,0,1.6337376516721527,1.7872989991640615,-5.829455905791461
75.0,20.0,2,5.0,0,4,3,0,0,15.241767854094666,8.400550234404195,1.7643869913644672,4,4,0,0,32.15462587843594,15.48180893931411,5.538445301822929
75.0,20.0,2,5.0,15,4,3,0,0,15.241767854094666,8.180019791513548,1.7643869913644672,4,4,0,0,32.15462587843594,15.48180893931411,5.538445301822929
75.0,20.0,2,5.0,30,4,3,0,0,15.241767854094666,8.400550234404195,1.7643869913644672,4,4,0,0,32.15462587843594,13.01045684137969,5.538445301822929
75.0,20.0,2,8.0,0,4,2,0,0,11.602554132386423,6.872111805949331,1.0770905600582228,4,4,0,0,27.98132190332744,13.72975181491472,4.7319680817653635
75.0,20.0,2,8.0,15,4,2,0,0,11.602554132386423,6.65854548230786,1.0770905600582228,4,4,0,0,27.98132190332744,13.72975181491472,4.7319680817653635
75.0,20.0,2,8.0,30,4,2,0,0,11.602554132386423,6.872111805949331,1.0770905600582228,4,4,0,0,27.98132190332744,11.336442414809808,4.7319680817653635
75.0,20.0,2,10.0,0,4,2,0,0,9.17641165124759,5.853152853646083,0.6188929391873921,4,4,0,0,25.19911925325511,12.561713731981794,4.194316601726988
75.0,20.0,2,10.0,15,4,2,0,0,9.17641165124759,5.644229276170733,0.6188929391873921,4,4,0,0,25.19911925325511,12.561713731981794,4.194316601726988
75.0,20.0,2,10.0,30,4,2,0,0,9.17641165124759,5.853152853646083,0.6188929391873921,4,4,0,0,25.19911925325511,10.220432797096553,4.194316601726988
75.0,20.0,2,12.0,0,4,2,0,0,6.7502691701087585,4.8341939013428386,0.16069531831656186,4,4,0,0,22.41691660318277,11.393675649048866,3.6566651216886097
75.0,20.0,2,12.0,15,4,2,0,0,6.7502691701087585,4.629913070033605,0.16069531831656186,4,4,0,0,22.41691660318277,11.393675649048866,3.6566651216886097
75.0,20.0,2,12.0,30,4,2,0,0,6.7502691701087585,4.8341939013428386,0.16069531831656186,4,4,0,0,22.41691660318277,9.104423179383295,3.6566651216886097
75.0,20.0,3,5.0,0,4,3,0,0,22.276672116398544,9.717765006556775,1.9621593485602795,4,4,0,0,63.65538810053053,21.22749233477112,7.977492334771124
75.0,20.0,3,5.0,15,4,3,0,0,22.276672116398544,9.497234563666126,1.9621593485602795,4,4,0,0,61.44912972029426,20.78624065872387,7.977492334771124
75.0,20.0,3,5.0,30,4,3,0,0,22.276672116398544,9.717765006556775,1.9621593485602795,4,4,0,0,51.29862761085843,18.314888560789445,7.977492334771124
75.0,20.0,3,8.0,0,4,3,0,0,18.41530352324913,8.147730322139196,1.2686174743952208,4,4,0,0,58.48732321314537,19.293992576830988,7.093992576830985
75.0,20.0,3,8.0,15,4,3,0,0,18.41530352324913,7.934163998497725,1.2686174743952208,4,4,0,0,56.35073615017971,18.866675164237858,7.093992576830985
75.0,20.0,3,8.0,30,4,3,0,0,18.41530352324913,8.147730322139196,1.2686174743952208,4,4,0,0,46.520776212620795,16.47336576413294,7.093992576830985
75.0,20.0,3,10.0,0,4,3,0,0,15.841057794482838,7.101040532527472,0.8062562249518447,4,4,0,0,55.04194662155525,18.004992738204223,6.504992738204226
75.0,20.0,3,10.0,15,4,3,0,0,15.841057794482838,6.8921169550521215,0.8062562249518447,4,4,0,0,52.95180710343668,17.58696483458051,6.504992738204226
75.0,20.0,3,10.0,30,4,3,0,0,15.841057794482838,7.101040532527472,0.8062562249518447,4,4,0,0,43.335541947129045,15.245683899695269,6.504992738204226
75.0,20.0,3,12.0,0,4,3,0,0,13.266812065716548,6.054350742915751,0.34389497550847176,4,4,0,0,51.596570029965136,16.715992899577465,5.915992899577465
75.0,20.0,3,12.0,15,4,3,0,0,13.266812065716548,5.850069911606517,0.34389497550847176,4,4,0,0,49.55287805669365,16.30725450492317,5.915992899577465
75.0,20.0,3,12.0,30,4,3,0,0,13.266812065716548,6.054350742915751,0.34389497550847176,4,4,0,0,40.15030768163729,14.018002035257599,5.915992899577465
75.0,20.0,4,5.0,0,4,3,1,0,66.24999999999999,17.055039767651092,3.8050397676510928,4,4,0,0,66.24999999999999,21.923677182918325,8.673677182918327
75.0,20.0,4,5.0,15,4,3,1,0,65.14734778554674,16.831521913657962,3.8020523565486104,4,4,0,0,41.16212753435536,16.86748581992134,4.058737495968599
75.0,20.0,4,5.0,30,4,3,1,0,66.24999999999999,17.05205235654861,3.8020523565486104,4,4,0,0,36.09843041802674,14.928257591398719,5.114715364458099
75.0,20.0,4,8.0,0,4,3,1,0,61.00000000000001,15.253301669725273,3.053301669725272,4,4,0,0,61.00000000000001,19.968192640299858,7.768192640299856
75.0,20.0,4,8.0,15,4,3,1,0,59.93216838179265,15.036842274279293,3.050408597920762,4,4,0,0,36.70437613853362,15.071670478239623,3.29898789083275
75.0,20.0,4,8.0,30,4,3,1,0,61.00000000000001,15.250408597920762,3.050408597920762,4,4,0,0,31.800585246931156,13.193681035880866,4.3216190897910005
75.0,20.0,4,10.0,0,4,3,1,0,57.49999999999999,14.052142937774718,2.5521429377747205,4,4,0,0,57.49999999999999,18.664536278554205,7.1645362785542055
75.0,20.0,4,10.0,15,4,3,1,0,56.45538211262324,13.840389181360175,2.549312758835526,4,4,0,0,33.732541874652455,13.874460250451802,2.7924881540755164
75.0,20.0,4,10.0,30,4,3,1,0,57.49999999999999,14.049312758835525,2.549312758835526,4,4,0,0,28.935355132867436,12.037296665535628,3.7928882400129353
75.0,20.0,4,12.0,0,4,3,1,0,54.0,12.85098420582417,2.0509842058241716,4,4,0,0,54.0,17.360879916808557,6.560879916808557
75.0,20.0,4,12.0,15,4,3,1,0,52.97859584345383,12.643936088441059,2.048216919750293,4,4,0,0,30.7607076107713,12.677250022663983,2.285988417318281
75.0,20.0,4,12.0,30,4,3,1,0,54.0,12.848216919750293,2.048216919750293,4,4,0,0,26.070125018803715,10.880912295190392,3.2641573902348697
75.0,20.0,6,5.0,0,4,3,1,0,66.24999999999999,17.055039767651092,3.8050397676510928,4,3,1,0,66.24999999999999,17.474999999999994,4.224999999999999
75.0,20.0,6,5.0,15,4,3,1,0,65.14734778554674,16.831521913657962,3.8020523565486104,4,3,1,0,40.969043185015074,12.418808637003016,-0.3899396869497295
75.0,20.0,6,5.0,30,4,3,1,0,66.24999999999999,16.88963960211535,3.639639602115352,4,3,1,0,36.09843041802674,10.387326873819156,0.5737846468785336
75.0,20.0,6,8.0,0,4,3,1,0,61.00000000000001,15.253301669725273,3.053301669725272,4,3,1,0,61.00000000000001,15.660000000000004,3.4600000000000017
75.0,20.0,6,8.0,15,4,3,1,0,59.93216838179265,15.036842274279293,3.050408597920762,4,3,1,0,36.51738918969882,10.763477837939767,-1.0092047494671044
75.0,20.0,6,8.0,30,4,3,1,0,61.00000000000001,15.093124667311713,2.893124667311712,4,3,1,0,31.800585246931156,8.796148130435395,-0.07591381565447222
75.0,20.0,6,10.0,0,4,3,1,0,57.49999999999999,14.052142937774718,2.5521429377747205,4,3,1,0,57.49999999999999,14.450000000000001,2.95
75.0,20.0,6,10.0,15,4,3,1,0,56.45538211262324,13.840389181360175,2.549312758835526,4,3,1,0,33.549619859487976,9.659923971897596,-1.422048124478689
75.0,20.0,6,10.0,30,4,3,1,0,57.49999999999999,13.895448044109282,2.395448044109281,4,3,1,0,28.935355132867436,7.735362301512883,-0.5090461240098098
75.0,20.0,6,12.0,0,4,3,1,0,54.0,12.85098420582417,2.0509842058241716,4,3,1,0,54.0,13.240000000000002,2.440000000000001
75.0,20.0,6,12.0,15,4,3,1,0,52.97859584345383,12.643936088441059,2.048216919750293,4,3,1,0,30.581850529277133,8.556370105855427,-1.8348914994902756
75.0,20.0,6,12.0,30,4,3,1,0,54.0,12.697771420906854,1.897771420906854,4,3,1,0,26.070125018803715,6.674576472590374,-0.942178432365148
75.0,20.0,8,5.0,0,4,3,1,0,66.24999999999999,17.055039767651092,3.8050397676510928,4,3,1,0,66.24999999999999,17.474999999999994,4.224999999999999
75.0,20.0,8,5.0,15,4,3,1,0,65.14734778554674,16.831521913657962,3.8020523565486104,4,3,1,0,40.969043185015074,12.418808637003016,-0.3899396869497295
75.0,20.0,8,5.0,30,4,3,1,0,66.24999999999999,16.88963960211535,3.639639602115352,4,3,1,0,36.09843041802674,10.387326873819156,0.5737846468785336
75.0,20.0,8,8.0,0,4,3,1,0,61.00000000000001,15.253301669725273,3.053301669725272,4,3,1,0,61.00000000000001,15.660000000000004,3.4600000000000017
75.0,20.0,8,8.0,15,4,3,1,0,59.93216838179265,15.036842274279293,3.050408597920762,4,3,1,0,36.51738918969882,10.763477837939767,-1.0092047494671044
75.0,20.0,8,8.0,30,4,3,1,0,61.00000000000001,15.093124667311713,2.893124667311712,4,3,1,0,31.800585246931156,8.796148130435395,-0.07591381565447222
75.0,20.0,8,10.0,0,4,3,1,0,57.49999999999999,14.052142937774718,2.5521429377747205,4,3,1,0,57.49999999999999,14.450000000000001,2.95
75.0,20.0,8,10.0,15,4,3,1,0,56.45538211262324,13.840389181360175,2.549312758835526,4,3,1,0,33.549619859487976,9.659923971897596,-1.422048124478689
75.0,20.0,8,10.0,30,4,3,1,0,57.49999999999999,13.895448044109282,2.395448044109281,4,3,1,0,28.935355132867436,7.735362301512883,-0.5090461240098098
75.0,20.0,8,12.0,0,4,3,1,0,54.0,12.85098420582417,2.0509842058241716,4,3,1,0,54.0,13.240000000000002,2.440000000000001
75.0,20.0,8,12.0,15,4,3,1,0,52.97859584345383,12.643936088441059,2.048216919750293,4,3,1,0,30.581850529277133,8.556370105855427,-1.8348914994902756
75.0,20.0,8,12.0,30,4,3,1,0,54.0,12.697771420906854,1.897771420906854,4,3,1,0,26.070125018803715,6.674576472590374,-0.942178432365148
75.0,22.0,2,5.0,0,4,3,0,0,15.241767854094666,8.400550234404195,1.7643869913644672,4,4,0,0,32.15462587843594,15.48180893931411,5.538445301822929
75.0,22.0,2,5.0,15,4,3,0,0,15.241767854094666,8.180019791513548,1.7643869913644672,4,4,0,0,32.15462587843594,15.48180893931411,5.538445301822929
75.0,22.0,2,5.0,30,4,3,0,0,15.241767854094666,8.400550234404195,1.7643869913644672,4,4,0,0,32.15462587843594,13.01045684137969,5.538445301822929
75.0,22.0,2,8.0,0,4,2,0,0,11.602554132386423,6.872111805949331,1.0770905600582228,4,4,0,0,27.98132190332744,13.72975181491472,4.7319680817653635
75.0,22.0,2,8.0,15,4,2,0,0,11.602554132386423,6.65854548230786,1.0770905600582228,4,4,0,0,27.98132190332744,13.72975181491472,4.7319680817653635
75.0,22.0,2,8.0,30,4,2,0,0,11.602554132386423,6.872111805949331,1.0770905600582228,4,4,0,0,27.98132190332744,11.336442414809808,4.7319680817653635
75.0,22.0,2,10.0,0,4,2,0,0,9.17641165124759,5.853152853646083,0.6188929391873921,4,4,0,0,25.19911925325511,12.561713731981794,4.194316601726988
75.0,22.0,2,10.0,15,4,2,0,0,9.17641165124759,5.644229276170733,0.6188929391873921,4,4,0,0,25.19911925325511,12.561713731981794,4.194316601726988
75.0,22.0,2,10.0,30,4,2,0,0,9.17641165124759,5.853152853646083,0.6188929391873921,4,4,0,0,25.19911925325511,10.220432797096553,4.194316601726988
75.0,22.0,2,12.0,0,4,2,0,0,6.7502691701087585,4.8341939013428386,0.16069531831656186,4,4,0,0,22.41691660318277,11.393675649048866,3.6566651216886097
75.0,22.0,2,12.0,15,4,2,0,0,6.7502691701087585,4.629913070033605,0.16069531831656186,4,4,0,0,22.41691660318277,11.393675649048866,3.6566651216886097
75.0,22.0,2,12.0,30,4,2,0,0,6.7502691701087585,4.8341939013428386,0.16069531831656186,4,4,0,0,22.41691660318277,9.104423179383295,3.6566651216886097
75.0,22.0,3,5.0,0,4,3,0,0,22.276672116398544,9.717765006556775,1.9621593485602795,4,4,0,0,63.65538810053053,21.22749233477112,7.977492334771124
75.0,22.0,3,5.0,15,4,3,0,0,22.276672116398544,9.497234563666126,1.9621593485602795,4,4,0,0,61.44912972029426,20.78624065872387,7.977492334771124
75.0,22.0,3,5.0,30,4,3,0,0,22.276672116398544,9.717765006556775,1.9621593485602795,4,4,0,0,51.29862761085843,18.314888560789445,7.977492334771124
75.0,22.0,3,8.0,0,4,3,0,0,18.41530352324913,8.147730322139196,1.2686174743952208,4,4,0,0,58.48732321314537,19.293992576830988,7.093992576830985
75.0,22.0,3,8.0,15,4,3,0,0,18.41530352324913,7.934163998497725,1.2686174743952208,4,4,0,0,56.35073615017971,18.866675164237858,7.093992576830985
75.0,22.0,3,8.0,30,4,3,0,0,18.41530352324913,8.147730322139196,1.2686174743952208,4,4,0,0,46.520776212620795,16.47336576413294,7.093992576830985
75.0,22.0,3,10.0,0,4,3,0,0,15.841057794482838,7.101040532527472,0.8062562249518447,4,4,0,0,55.04194662155525,18.004992738204223,6.504992738204226
75.0,22.0,3,10.0,15,4,3,0,0,15.841057794482838,6.8921169550521215,0.8062562249518447,4,4,0,0,52.95180710343668,17.58696483458051,6.504992738204226
75.0,22.0,3,10.0,30,4,3,0,0,15.841057794482838,7.101040532527472,0.8062562249518447,4,4,0,0,43.335541947129045,15.245683899695269,6.504992738204226
75.0,22.0,3,12.0,0,4,3,0,0,13.266812065716548,6.054350742915751,0.34389497550847176,4,4,0,0,51.596570029965136,16.715992899577465,5.915992899577465
75.0,22.0,3,12.0,15,4,3,0,0,13.266812065716548,5.850069911606517,0.34389497550847176,4,4,0,0,49.55287805669365,16.30725450492317,5.915992899577465
75.0,22.0,3,12.0,30,4,3,0,0,13.266812065716548,6.054350742915751,0.34389497550847176,4,4,0,0,40.15030768163729,14.018002035257599,5.915992899577465
75.0,22.0,4,5.0,0,4,3,1,0,66.24999999999999,17.055039767651092,3.8050397676510928,4,4,0,0,66.24999999999999,21.923677182918325,8.673677182918327
75.0,22.0,4,5.0,15,4,3,1,0,65.14734778554674,16.831521913657962,3.8020523565486104,4,4,0,0,41.16212753435536,16.86748581992134,4.058737495968599
75.0,22.0,4,5.0,30,4,3,1,0,66.24999999999999,17.05205235654861,3.8020523565486104,4,4,0,0,36.09843041802674,14.928257591398719,5.114715364458099
75.0,22.0,4,8.0,0,4,3,1,0,61.00000000000001,15.253301669725273,3.053301669725272,4,4,0,0,61.00000000000001,19.968192640299858,7.768192640299856
75.0,22.0,4,8.0,15,4,3,1,0,59.93216838179265,15.036842274279293,3.050408597920762,4,4,0,0,36.70437613853362,15.071670478239623,3.29898789083275
75.0,22.0,4,8.0,30,4,3,1,0,61.00000000000001,15.250408597920762,3.050408597920762,4,4,0,0,31.800585246931156,13.193681035880866,4.3216190897910005
75.0,22.0,4,10.0,0,4,3,1,0,57.49999999999999,14.052142937774718,2.5521429377747205,4,4,0,0,57.49999999999999,18.664536278554205,7.1645362785542055
75.0,22.0,4,10.0,15,4,3,1,0,56.45538211262324,13.840389181360175,2.549312758835526,4,4,0,0,33.732541874652455,13.874460250451802,2.7924881540755164
75.0,22.0,4,10.0,30,4,3,1,0,57.49999999999999,14.049312758835525,2.549312758835526,4,4,0,0,28.935355132867436,12.037296665535628,3.7928882400129353
75.0,22.0,4,12.0,0,4,3,1,0,54.0,12.85098420582417,2.0509842058241716,4,4,0,0,54.0,17.360879916808557,6.560879916808557
75.0,22.0,4,12.0,15,4,3,1,0,52.97859584345383,12.643936088441059,2.048216919750293,4,4,0,0,30.7607076107713,12.677250022663983,2.285988417318281
75.0,22.0,4,12.0,30,4,3,1,0,54.0,12.848216919750293,2.048216919750293,4,4,0,0,26.070125018803715,10.880912295190392,3.2641573902348697
75.0,22.0,6,5.0,0,4,3,1,0,66.24999999999999,17.055039767651092,3.8050397676510928,4,3,1,0,66.24999999999999,16.330754860756844,3.080754860756846
75.0,22.0,6,5.0,15,4,3,1,0,65.14734778554674,16.831521913657962,3.8020523565486104,4,3,1,0,40.969043185015074,11.274563497759862,-1.5341848261928825
75.0,22.0,6,5.0,30,4,3,1,0,66.24999999999999,16.88963960211535,3.639639602115352,4,3,1,0,36.09843041802674,9.335335269237238,-0.47820695770338306
75.0,22.0,6,8.0,0,4,3,1,0,61.00000000000001,15.253301669725273,3.053301669725272,4,3,1,0,61.00000000000001,14.551888917785583,2.3518889177855793
75.0,22.0,6,8.0,15,4,3,1,0,59.93216838179265,15.036842274279293,3.050408597920762,4,3,1,0,36.51738918969882,9.655366755725346,-2.117315831681527
75.0,22.0,6,8.0,30,4,3,1,0,61.00000000000001,15.093124667311713,2.893124667311712,4,3,1,0,31.800585246931156,7.77737731336659,-1.0946846327232762
75.0,22.0,6,10.0,0,4,3,1,0,57.49999999999999,14.052142937774718,2.5521429377747205,4,3,1,0,57.49999999999999,13.365978289138065,1.8659782891380658
75.0,22.0,6,10.0,15,4,3,1,0,56.45538211262324,13.840389181360175,2.549312758835526,4,3,1,0,33.549619859487976,8.575902261035663,-2.5060698353406234
75.0,22.0,6,10.0,30,4,3,1,0,57.49999999999999,13.895448044109282,2.395448044109281,4,3,1,0,28.935355132867436,6.738738676119488,-1.5056697494032045
75.0,22.0,6,12.0,0,4,3,1,0,54.0,12.85098420582417,2.0509842058241716,4,3,1,0,54.0,12.180067660490554,1.3800676604905533
75.0,22.0,6,12.0,15,4,3,1,0,52.97859584345383,12.643936088441059,2.048216919750293,4,3,1,0,30.581850529277133,7.496437766345981,-2.894823838999723
75.0,22.0,6,12.0,30,4,3,1,0,54.0,12.697771420906854,1.897771420906854,4,3,1,0,26.070125018803715,5.700100038872389,-1.916654866083134
75.0,22.0,8,5.0,0,4,3,1,0,66.24999999999999,17.055039767651092,3.8050397676510928,4,3,1,0,66.24999999999999,16.330754860756844,3.080754860756846
75.0,22.0,8,5.0,15,4,3,1,0,65.14734778554674,16.831521913657962,3.8020523565486104,4,3,1,0,40.969043185015074,11.439056114669718,-1.3696922092830264
75.0,22.0,8,5.0,30,4,3,1,0,66.24999999999999,16.88963960211535,3.639639602115352,4,3,1,0,36.09843041802674,8.83498735033399,-0.9785548766066307
75.0,22.0,8,8.0,0,4,3,1,0,61.00000000000001,15.253301669725273,3.053301669725272,4,3,1,0,61.00000000000001,14.551888917785583,2.3518889177855793
75.0,22.0,8,8.0,15,4,3,1,0,59.93216838179265,15.036842274279293,3.050408597920762,4,3,1,0,36.51738918969882,9.81466486894331,-1.958017718463561
75.0,22.0,8,8.0,30,4,3,1,0,61.00000000000001,15.093124667311713,2.893124667311712,4,3,1,0,31.800585246931156,7.292829855060287,-1.57923209102958
75.0,22.0,8,10.0,0,4,3,1,0,57.49999999999999,14.052142937774718,2.5521429377747205,4,3,1,0,57.49999999999999,13.365978289138065,1.8659782891380658
75.0,22.0,8,10.0,15,4,3,1,0,56.45538211262324,13.840389181360175,2.549312758835526,4,3,1,0,33.549619859487976,8.731737371792367,-2.350234724583918
75.0,22.0,8,10.0,30,4,3,1,0,57.49999999999999,13.895448044109282,2.395448044109281,4,3,1,0,28.935355132867436,6.264724858211148,-1.9796835673115454
75.0,22.0,8,12.0,0,4,3,1,0,54.0,12.85098420582417,2.0509842058241716,4,3,1,0,54.0,12.180067660490554,1.3800676604905533
75.0,22.0,8,12.0,15,4,3,1,0,52.97859584345383,12.643936088441059,2.048216919750293,4,3,1,0,30.581850529277133,7.648809874641426,-2.742451730704278
75.0,22.0,8,12.0,30,4,3,1,0,54.0,12.697771420906854,1.897771420906854,4,3,1,0,26.070125018803715,5.236619861362012,-2.3801350435935107
75.0,25.0,2,5.0,0,4,3,0,0,15.241767854094666,8.400550234404195,1.7643869913644672,4,4,0,0,32.15462587843594,15.48180893931411,5.538445301822929
75.0,25.0,2,5.0,15,4,3,0,0,15.241767854094666,8.180019791513548,1.7643869913644672,4,4,0,0,32.15462587843594,15.48180893931411,5.538445301822929
75.0,25.0,2,5.0,30,4,3,0,0,15.241767854094666,8.400550234404195,1.7643869913644672,4,4,0,0,32.15462587843594,13.01045684137969,5.538445301822929
75.0,25.0,2,8.0,0,4,2,0,0,11.602554132386423,6.872111805949331,1.0770905600582228,4,4,0,0,27.98132190332744,13.72975181491472,4.7319680817653635
75.0,25.0,2,8.0,15,4,2,0,0,11.602554132386423,6.65854548230786,1.0770905600582228,4,4,0,0,27.98132190332744,13.72975181491472,4.7319680817653635
75.0,25.0,2,8.0,30,4,2,0,0,11.602554132386423,6.872111805949331,1.0770905600582228,4,4,0,0,27.98132190332744,11.336442414809808,4.7319680817653635
75.0,25.0,2,10.0,0,4,2,0,0,9.17641165124759,5.853152853646083,0.6188929391873921,4,4,0,0,25.19911925325511,12.561713731981794,4.194316601726988
75.0,25.0,2,10.0,15,4,2,0,0,9.17641165124759,5.644229276170733,0.6188929391873921,4,4,0,0,25.19911925325511,12.561713731981794,4.194316601726988
75.0,25.0,2,10.0,30,4,2,0,0,9.17641165124759,5.853152853646083,0.6188929391873921,4,4,0,0,25.19911925325511,10.220432797096553,4.194316601726988
75.0,25.0,2,12.0,0,4,2,0,0,6.7502691701087585,4.8341939013428386,0.16069531831656186,4,4,0,0,22.41691660318277,11.393675649048866,3.6566651216886097
75.0,25.0,2,12.0,15,4,2,0,0,6.7502691701087585,4.629913070033605,0.16069531831656186,4,4,0,0,22.41691660318277,11.393675649048866,3.6566651216886097
75.0,25.0,2,12.0,30,4,2,0,0,6.7502691701087585,4.8341939013428386,0.16069531831656186,4,4,0,0,22.41691660318277,9.104423179383295,3.6566651216886097
75.0,25.0,3,5.0,0,4,3,0,0,22.276672116398544,9.717765006556775,1.9621593485602795,4,4,0,0,63.65538810053053,21.22749233477112,7.977492334771124
75.0,25.0,3,5.0,15,4,3,0,0,22.276672116398544,9.497234563666126,1.9621593485602795,4,4,0,0,61.44912972029426,20.78624065872387,7.977492334771124
75.0,25.0,3,5.0,30,4,3,0,0,22.276672116398544,9.717765006556775,1.9621593485602795,4,4,0,0,51.29862761085843,18.314888560789445,7.977492334771124
75.0,25.0,3,8.0,0,4,3,0,0,18.41530352324913,8.147730322139196,1.2686174743952208,4,4,0,0,58.48732321314537,19.293992576830988,7.093992576830985
75.0,25.0,3,8.0,15,4,3,0,0,18.41530352324913,7.934163998497725,1.2686174743952208,4,4,0,0,56.35073615017971,18.866675164237858,7.093992576830985
75.0,25.0,3,8.0,30,4,3,0,0,18.41530352324913,8.147730322139196,1.2686174743952208,4,4,0,0,46.520776212620795,16.47336576413294,7.093992576830985
75.0,25.0,3,10.0,0,4,3,0,0,15.841057794482838,7.101040532527472,0.8062562249518447,4,4,0,0,55.04194662155525,18.004992738204223,6.504992738204226
75.0,25.0,3,10.0,15,4,3,0,0,15.841057794482838,6.8921169550521215,0.8062562249518447,4,4,0,0,52.95180710343668,17.58696483458051,6.504992738204226
75.0,25.0,3,10.0,30,4,3,0,0,15.841057794482838,7.101040532527472,0.8062562249518447,4,4,0,0,43.335541947129045,15.245683899695269,6.504992738204226
75.0,25.0,3,12.0,0,4,3,0,0,13.266812065716548,6.054350742915751,0.34389497550847176,4,4,0,0,51.596570029965136,16.715992899577465,5.915992899577465
75.0,25.0,3,12.0,15,4,3,0,0,13.266812065716548,5.850069911606517,0.34389497550847176,4,4,0,0,49.55287805669365,16.30725450492317,5.915992899577465
75.0,25.0,3,12.0,30,4,3,0,0,13.266812065716548,6.054350742915751,0.34389497550847176,4,4,0,0,40.15030768163729,14.018002035257599,5.915992899577465
75.0,25.0,4,5.0,0,4,3,1,0,66.24999999999999,16.999999999999996,3.7499999999999982,4,4,0,0,66.24999999999999,21.923677182918325,8.673677182918327
75.0,25.0,4,5.0,15,4,3,1,0,65.14734778554674,16.779469557109348,3.7499999999999982,4,4,0,0,41.16212753435536,16.86748581992134,4.058737495968599
75.0,25.0,4,5.0,30,4,3,1,0,66.24999999999999,16.999999999999996,3.7499999999999982,4,4,0,0,36.09843041802674,14.928257591398719,5.114715364458099
75.0,25.0,4,8.0,0,4,3,1,0,61.00000000000001,15.200000000000003,3.0000000000000018,4,4,0,0,61.00000000000001,19.968192640299858,7.768192640299856
75.0,25.0,4,8.0,15,4,3,1,0,59.93216838179265,14.986433676358534,3.0000000000000018,4,4,0,0,36.70437613853362,15.071670478239623,3.29898789083275
75.0,25.0,4,8.0,30,4,3,1,0,61.00000000000001,15.200000000000003,3.0000000000000018,4,4,0,0,31.800585246931156,13.193681035880866,4.3216190897910005
75.0,25.0,4,10.0,0,4,3,1,0,57.49999999999999,14.0,2.5,4,4,0,0,57.49999999999999,18.664536278554205,7.1645362785542055
75.0,25.0,4,10.0,15,4,3,1,0,56.45538211262324,13.791076422524648,2.5,4,4,0,0,33.732541874652455,13.874460250451802,2.7924881540755164
75.0,25.0,4,10.0,30,4,3,1,0,57.49999999999999,14.0,2.5,4,4,0,0,28.935355132867436,12.037296665535628,3.7928882400129353
75.0,25.0,4,12.0,0,4,3,1,0,54.0,12.8,2.0,4,4,0,0,54.0,17.360879916808557,6.560879916808557
75.0,25.0,4,12.0,15,4,3,1,0,52.97859584345383,12.595719168690767,2.0,4,4,0,0,30.7607076107713,12.677250022663983,2.285988417318281
75.0,25.0,4,12.0,30,4,3,1,0,54.0,12.8,2.0,4,4,0,0,26.070125018803715,10.880912295190392,3.2641573902348697
75.0,25.0,6,5.0,0,4,3,1,0,66.24999999999999,16.999999999999996,3.7499999999999982,4,3,1,0,66.24999999999999,16.330754860756844,3.080754860756846
75.0,25.0,6,5.0,15,4,3,1,0,65.14734778554674,16.779469557109348,3.7499999999999982,4,3,1,0,40.969043185015074,11.274563497759862,-1.5341848261928825
75.0,25.0,6,5.0,30,4,3,1,0,66.24999999999999,16.88963960211535,3.639639602115352,4,3,1,0,36.09843041802674,9.335335269237238,-0.47820695770338306
75.0,25.0,6,8.0,0,4,3,1,0,61.00000000000001,15.200000000000003,3.0000000000000018,4,3,1,0,61.00000000000001,14.551888917785583,2.3518889177855793
75.0,25.0,6,8.0,15,4,3,1,0,59.93216838179265,14.986433676358534,3.0000000000000018,4,3,1,0,36.51738918969882,9.655366755725346,-2.117315831681527
75.0,25.0,6,8.0,30,4,3,1,0,61.00000000000001,15.093124667311713,2.893124667311712,4,3,1,0,31.800585246931156,7.77737731336659,-1.0946846327232762
75.0,25.0,6,10.0,0,4,3,1,0,57.49999999999999,14.0,2.5,4,3,1,0,57.49999999999999,13.365978289138065,1.8659782891380658
75.0,25.0,6,10.0,15,4,3,1,0,56.45538211262324,13.791076422524648,2.5,4,3,1,0,33.549619859487976,8.575902261035663,-2.5060698353406234
75.0,25.0,6,10.0,30,4,3,1,0,57.49999999999999,13.895448044109282,2.395448044109281,4,3,1,0,28.935355132867436,6.738738676119488,-1.5056697494032045
75.0,25.0,6,12.0,0,4,3,1,0,54.0,12.8,2.0,4,3,1,0,54.0,12.180067660490554,1.3800676604905533
75.0,25.0,6,12.0,15,4,3,1,0,52.97859584345383,12.595719168690767,2.0,4,3,1,0,30.581850529277133,7.496437766345981,-2.894823838999723
75.0,25.0,6,12.0,30,4,3,1,0,54.0,12.697771420906854,1.897771420906854,4,3,1,0,26.070125018803715,5.700100038872389,-1.916654866083134
75.0,25.0,8,5.0,0,4,3,1,0,66.24999999999999,16.999999999999996,3.7499999999999982,4,3,1,0,66.24999999999999,16.330754860756844,3.080754860756846
75.0,25.0,8,5.0,15,4,3,1,0,65.14734778554674,16.779469557109348,3.7499999999999982,4,3,1,0,40.969043185015074,11.439056114669718,-1.3696922092830264
75.0,25.0,8,5.0,30,4,3,1,0,66.24999999999999,16.88963960211535,3.639639602115352,4,3,1,0,36.09843041802674,8.83498735033399,-0.9785548766066307
75.0,25.0,8,8.0,0,4,3,1,0,61.00000000000001,15.200000000000003,3.0000000000000018,4,3,1,0,61.00000000000001,14.551888917785583,2.3518889177855793
75.0,25.0,8,8.0,15,4,3,1,0,59.93216838179265,14.986433676358534,3.0000000000000018,4,3,1,0,36.51738918969882,9.81466486894331,-1.958017718463561
75.0,25.0,8,8.0,30,4,3,1,0,61.00000000000001,15.093124667311713,2.893124667311712,4,3,1,0,31.800585246931156,7.292829855060287,-1.57923209102958
75.0,25.0,8,10.0,0,4,3,1,0,57.49999999999999,14.0,2.5,4,3,1,0,57.49999999999999,13.365978289138065,1.8659782891380658
75.0,25.0,8,10.0,15,4,3,1,0,56.45538211262324,13.791076422524648,2.5,4,3,1,0,33.549619859487976,8.731737371792367,-2.350234724583918
75.0,25.0,8,10.0,30,4,3,1,0,57.49999999999999,13.895448044109282,2.395448044109281,4,3,1,0,28.935355132867436,6.264724858211148,-1.9796835673115454
75.0,25.0,8,12.0,0,4,3,1,0,54.0,12.8,2.0,4,3,1,0,54.0,12.180067660490554,1.3800676604905533
75.0,25.0,8,12.0,15,4,3,1,0,52.97859584345383,12.595719168690767,2.0,4,3,1,0,30.581850529277133,7.648809874641426,-2.742451730704278
75.0,25.0,8,12.0,30,4,3,1,0,54.0,12.697771420906854,1.897771420906854,4,3,1,0,26.070125018803715,5.236619861362012,-2.3801350435935107
75.0,30.0,2,5.0,0,4,3,0,0,15.241767854094666,8.400550234404195,1.7643869913644672,4,4,0,0,32.15462587843594,15.48180893931411,5.538445301822929
75.0,30.0,2,5.0,15,4,3,0,0,15.241767854094666,8.180019791513548,1.7643869913644672,4,4,0,0,32.15462587843594,15.48180893931411,5.538445301822929
75.0,30.0,2,5.0,30,4,3,0,0,15.241767854094666,8.400550234404195,1.7643869913644672,4,4,0,0,32.15462587843594,13.01045684137969,5.538445301822929
75.0,30.0,2,8.0,0,4,2,0,0,11.602554132386423,6.872111805949331,1.0770905600582228,4,4,0,0,27.98132190332744,13.72975181491472,4.7319680817653635
75.0,30.0,2,8.0,15,4,2,0,0,11.602554132386423,6.65854548230786,1.0770905600582228,4,4,0,0,27.98132190332744,13.72975181491472,4.7319680817653635
75.0,30.0,2,8.0,30,4,2,0,0,11.602554132386423,6.872111805949331,1.0770905600582228,4,4,0,0,27.98132190332744,11.336442414809808,4.7319680817653635
75.0,30.0,2,10.0,0,4,2,0,0,9.17641165124759,5.853152853646083,0.6188929391873921,4,4,0,0,25.19911925325511,12.561713731981794,4.194316601726988
75.0,30.0,2,10.0,15,4,2,0,0,9.17641165124759,5.644229276170733,0.6188929391873921,4,4,0,0,25.19911925325511,12.561713731981794,4.194316601726988
75.0,30.0,2,10.0,30,4,2,0,0,9.17641165124759,5.853152853646083,0.6188929391873921,4,4,0,0,25.19911925325511,10.220432797096553,4.194316601726988
75.0,30.0,2,12.0,0,4,2,0,0,6.7502691701087585,4.8341939013428386,0.16069531831656186,4,4,0,0,22.41691660318277,11.393675649048866,3.6566651216886097
75.0,30.0,2,12.0,15,4,2,0,0,6.7502691701087585,4.629913070033605,0.16069531831656186,4,4,0,0,22.41691660318277,11.393675649048866,3.6566651216886097
75.0,30.0,2,12.0,30,4,2,0,0,6.7502691701087585,4.8341939013428386,0.16069531831656186,4,4,0,0,22.41691660318277,9.104423179383295,3.6566651216886097
75.0,30.0,3,5.0,0,4,3,0,0,22.276672116398544,9.717765006556775,1.9621593485602795,4,4,0,0,63.65538810053053,21.22749233477112,7.977492334771124
75.0,30.0,3,5.0,15,4,3,0,0,22.276672116398544,9.497234563666126,1.9621593485602795,4,4,0,0,61.44912972029426,20.78624065872387,7.977492334771124
75.0,30.0,3,5.0,30,4,3,0,0,22.276672116398544,9.717765006556775,1.9621593485602795,4,4,0,0,51.29862761085843,18.314888560789445,7.977492334771124
75.0,30.0,3,8.0,0,4,3,0,0,18.41530352324913,8.147730322139196,1.2686174743952208,4,4,0,0,58.48732321314537,19.293992576830988,7.093992576830985
75.0,30.0,3,8.0,15,4,3,0,0,18.41530352324913,7.934163998497725,1.2686174743952208,4,4,0,0,56.35073615017971,18.866675164237858,7.093992576830985
75.0,30.0,3,8.0,30,4,3,0,0,18.41530352324913,8.147730322139196,1.2686174743952208,4,4,0,0,46.520776212620795,16.47336576413294,7.093992576830985
75.0,30.0,3,10.0,0,4,3,0,0,15.841057794482838,7.101040532527472,0.8062562249518447,4,4,0,0,55.04194662155525,18.004992738204223,6.504992738204226
75.0,30.0,3,10.0,15,4,3,0,0,15.841057794482838,6.8921169550521215,0.8062562249518447,4,4,0,0,52.95180710343668,17.58696483458051,6.504992738204226
75.0,30.0,3,10.0,30,4,3,0,0,15.841057794482838,7.101040532527472,0.8062562249518447,4,4,0,0,43.335541947129045,15.245683899695269,6.504992738204226
75.0,30.0,3,12.0,0,4,3,0,0,13.266812065716548,6.054350742915751,0.34389497550847176,4,4,0,0,51.596570029965136,16.715992899577465,5.915992899577465
75.0,30.0,3,12.0,15,4,3,0,0,13.266812065716548,5.850069911606517,0.34389497550847176,4,4,0,0,49.55287805669365,16.30725450492317,5.915992899577465
75.0,30.0,3,12.0,30,4,3,0,0,13.266812065716548,6.054350742915751,0.34389497550847176,4,4,0,0,40.15030768163729,14.018002035257599,5.915992899577465
75.0,30.0,4,5.0,0,4,3,0,0,66.24999999999999,17.05205235654861,3.8020523565486104,4,4,0,0,66.24999999999999,21.923677182918325,8.673677182918327
75.0,30.0,4,5.0,15,4,3,0,0,65.14734778554674,16.831521913657962,3.8020523565486104,4,4,0,0,41.16212753435536,16.86748581992134,4.058737495968599
75.0,30.0,4,5.0,30,4,3,0,0,66.24999999999999,17.05205235654861,3.8020523565486104,4,4,0,0,36.09843041802674,14.928257591398719,5.114715364458099
75.0,30.0,4,8.0,0,4,3,0,0,61.00000000000001,15.250408597920762,3.050408597920762,4,4,0,0,61.00000000000001,19.968192640299858,7.768192640299856
75.0,30.0,4,8.0,15,4,3,0,0,59.93216838179265,15.036842274279293,3.050408597920762,4,4,0,0,36.70437613853362,15.071670478239623,3.29898789083275
75.0,30.0,4,8.0,30,4,3,0,0,61.00000000000001,15.250408597920762,3.050408597920762,4,4,0,0,31.800585246931156,13.193681035880866,4.3216190897910005
75.0,30.0,4,10.0,0,4,3,0,0,57.49999999999999,14.049312758835525,2.549312758835526,4,4,0,0,57.49999999999999,18.664536278554205,7.1645362785542055
75.0,30.0,4,10.0,15,4,3,0,0,56.45538211262324,13.840389181360175,2.549312758835526,4,4,0,0,33.732541874652455,13.874460250451802,2.7924881540755164
75.0,30.0,4,10.0,30,4,3,0,0,57.49999999999999,14.049312758835525,2.549312758835526,4,4,0,0,28.935355132867436,12.037296665535628,3.7928882400129353
75.0,30.0,4,12.0,0,4,3,0,0,54.0,12.848216919750293,2.048216919750293,4,4,0,0,54.0,17.360879916808557,6.560879916808557
75.0,30.0,4,12.0,15,4,3,0,0,52.97859584345383,12.643936088441059,2.048216919750293,4,4,0,0,30.7607076107713,12.677250022663983,2.285988417318281
75.0,30.0,4,12.0,30,4,3,0,0,54.0,12.848216919750293,2.048216919750293,4,4,0,0,26.070125018803715,10.880912295190392,3.2641573902348697
75.0,30.0,6,5.0,0,4,3,1,0,66.24999999999999,15.994405724163336,2.744405724163339,4,3,1,0,66.24999999999999,16.330754860756844,3.080754860756846
75.0,30.0,6,5.0,15,4,3,1,0,65.14734778554674,15.877988772736883,2.848519215627533,4,3,1,0,40.969043185015074,11.274563497759862,-1.5341848261928825
75.0,30.0,6,5.0,30,4,3,1,0,66.24999999999999,16.524999999999995,3.274999999999998,4,3,1,0,36.09843041802674,9.335335269237238,-0.47820695770338306
75.0,30.0,6,8.0,0,4,3,1,0,61.00000000000001,14.226161332873975,2.0261613328739734,4,3,1,0,61.00000000000001,14.551888917785583,2.3518889177855793
75.0,30.0,6,8.0,15,4,3,1,0,59.93216838179265,14.113420706229405,2.126987029870876,4,3,1,0,36.51738918969882,9.655366755725346,-2.117315831681527
75.0,30.0,6,8.0,30,4,3,1,0,61.00000000000001,14.740000000000002,2.540000000000001,4,3,1,0,31.800585246931156,7.77737731336659,-1.0946846327232762
75.0,30.0,6,10.0,0,4,3,1,0,57.49999999999999,13.04733173868106,1.5473317386810592,4,3,1,0,57.49999999999999,13.365978289138065,1.8659782891380658
75.0,30.0,6,10.0,15,4,3,1,0,56.45538211262324,12.937041995224417,1.6459655726997688,4,3,1,0,33.549619859487976,8.575902261035663,-2.5060698353406234
75.0,30.0,6,10.0,30,4,3,1,0,57.49999999999999,13.549999999999997,2.0499999999999994,4,3,1,0,28.935355132867436,6.738738676119488,-1.5056697494032045
75.0,30.0,6,12.0,0,4,3,1,0,54.0,11.868502144488147,1.068502144488148,4,3,1,0,54.0,12.180067660490554,1.3800676604905533
75.0,30.0,6,12.0,15,4,3,1,0,52.97859584345383,11.760663284219431,1.164944115528663,4,3,1,0,30.581850529277133,7.496437766345981,-2.894823838999723
75.0,30.0,6,12.0,30,4,3,1,0,54.0,12.36,1.5600000000000003,4,3,1,0,26.070125018803715,5.700100038872389,-1.916654866083134
75.0,30.0,8,5.0,0,4,3,1,0,66.24999999999999,15.994405724163336,2.744405724163339,4,3,1,0,66.24999999999999,16.330754860756844,3.080754860756846
75.0,30.0,8,5.0,15,4,3,1,0,65.14734778554674,15.877988772736883,2.848519215627533,4,3,1,0,40.969043185015074,11.439056114669718,-1.3696922092830264
75.0,30.0,8,5.0,30,4,3,1,0,66.24999999999999,16.524999999999995,3.274999999999998,4,3,1,0,36.09843041802674,8.83498735033399,-0.9785548766066307
75.0,30.0,8,8.0,0,4,3,1,0,61.00000000000001,14.226161332873975,2.0261613328739734,4,3,1,0,61.00000000000001,14.551888917785583,2.3518889177855793
75.0,30.0,8,8.0,15,4,3,1,0,59.93216838179265,14.113420706229405,2.126987029870876,4,3,1,0,36.51738918969882,9.81466486894331,-1.958017718463561
75.0,30.0,8,8.0,30,4,3,1,0,61.00000000000001,14.740000000000002,2.540000000000001,4,3,1,0,31.800585246931156,7.292829855060287,-1.57923209102958
75.0,30.0,8,10.0,0,4,3,1,0,57.49999999999999,13.04733173868106,1.5473317386810592,4,3,1,0,57.49999999999999,13.365978289138065,1.8659782891380658
75.0,30.0,8,10.0,15,4,3,1,0,56.45538211262324,12.937041995224417,1.6459655726997688,4,3,1,0,33.549619859487976,8.731737371792367,-2.350234724583918
75.0,30.0,8,10.0,30,4,3,1,0,57.49999999999999,13.549999999999997,2.0499999999999994,4,3,1,0,28.935355132867436,6.264724858211148,-1.9796835673115454
75.0,30.0,8,12.0,0,4,3,1,0,54.0,11.868502144488147,1.068502144488148,4,3,1,0,54.0,12.180067660490554,1.3800676604905533
75.0,30.0,8,12.0,15,4,3,1,0,52.97859584345383,11.760663284219431,1.164944115528663,4,3,1,0,30.581850529277133,7.648809874641426,-2.742451730704278
75.0,30.0,8,12.0,30,4,3,1,0,54.0,12.36,1.5600000000000003,4,3,1,0,26.070125018803715,5.236619861362012,-2.3801350435935107
100.0,15.0,2,5.0,0,4,2,1,0,8.821934956822336,8.839386991364467,1.7643869913644672,4,3,1,0,28.721237005590538,12.753729498744054,0.435365861252869
100.0,15.0,2,5.0,15,4,2,1,0,8.821934956822336,6.243856548473818,1.7643869913644672,4,3,1,0,28.721237005590538,12.819247401118108,0.5008837636269238
100.0,15.0,2,5.0,30,4,2,1,0,8.821934956822336,7.306829519108465,1.7643869913644672,4,3,1,0,28.721237005590538,7.972895303183687,0.5008837636269238
100.0,15.0,2,8.0,0,4,2,1,0,5.385452800291113,7.2970905600582245,1.0770905600582228,4,3,1,0,24.65635583699295,11.087822251415298,-0.2099614817340612
100.0,15.0,2,8.0,15,4,2,1,0,5.385452800291113,4.783524236416752,1.0770905600582228,4,3,1,0,24.65635583699295,11.151271167398592,-0.14651256575076702
100.0,15.0,2,8.0,30,4,2,1,0,5.385452800291113,5.812929639557673,1.0770905600582228,4,3,1,0,24.65635583699295,6.457961767293677,-0.14651256575076702
100.0,15.0,2,10.0,0,4,2,1,0,3.09446469593696,6.268892939187392,0.6188929391873921,4,3,1,0,21.946435057927893,9.977217419862793,-0.6401797103920149
100.0,15.0,2,10.0,15,4,2,1,0,3.09446469593696,3.809969361712041,0.6188929391873921,4,3,1,0,21.946435057927893,10.03928701158558,-0.5781101186692276
100.0,15.0,2,10.0,30,4,2,1,0,3.09446469593696,4.816996386523812,0.6188929391873921,4,3,1,0,21.946435057927893,5.448006076700337,-0.5781101186692276
100.0,15.0,2,12.0,0,4,2,1,0,0.8034765915828093,5.240695318316562,0.16069531831656186,4,3,1,0,19.236514278862828,8.866612588310284,-1.0703979390499707
100.0,15.0,2,12.0,15,4,2,1,0,0.8034765915828093,2.8364144870073282,0.16069531831656186,4,3,1,0,19.236514278862828,8.927302855772565,-1.0097076715876896
100.0,15.0,2,12.0,30,4,2,1,0,0.8034765915828093,3.8210631334899485,0.16069531831656186,4,3,1,0,19.236514278862828,4.438050386106996,-1.0097076715876896
100.0,15.0,3,5.0,0,4,2,2,0,6.9986438264160675,8.474728765283212,1.3997287652832135,4,3,1,0,54.357073573325074,17.88089681229096,-0.1191031877090385
100.0,15.0,3,5.0,15,4,2,2,0,6.9986438264160675,5.879198322392565,1.3997287652832135,4,3,1,0,40.2758151930888,15.130163038617761,-0.053585285334983725
100.0,15.0,3,5.0,30,4,2,2,0,6.9986438264160675,6.94217129302721,1.3997287652832135,4,3,1,0,30.125313083652973,10.283810940683338,-0.053585285334983725
100.0,15.0,3,8.0,0,4,2,2,0,3.619739284529256,6.943947856905854,0.7239478569058513,4,3,1,0,49.482639671009565,16.05307901821862,-0.7469209817813817
100.0,15.0,3,8.0,15,4,2,2,0,3.619739284529256,4.430381533264381,0.7239478569058513,4,3,1,0,35.846052608043905,13.389210521608783,-0.6834720657980875
100.0,15.0,3,8.0,30,4,2,2,0,3.619739284529256,5.459786936405302,0.7239478569058513,4,3,1,0,26.01609267048499,8.695901121503868,-0.6834720657980875
100.0,15.0,3,10.0,0,4,2,2,0,1.3671362566047005,5.923427251320941,0.2734272513209401,4,3,1,0,46.23301706946587,14.834533822170389,-1.1654661778296127
100.0,15.0,3,10.0,15,4,2,2,0,1.3671362566047005,3.4645036738455888,0.2734272513209401,4,3,1,0,32.8928775513473,12.22857551026946,-1.1033965861068253
100.0,15.0,3,10.0,30,4,2,2,0,1.3671362566047005,4.47153069865736,0.2734272513209401,4,3,1,0,23.276612395039663,7.637294575384217,-1.1033965861068253
100.0,15.0,3,12.0,0,4,2,2,0,-0.8854667713198427,4.9029066457360315,-0.17709335426396855,4,3,1,0,42.98339446792219,13.615988626122155,-1.5840113738778439
100.0,15.0,3,12.0,15,4,2,2,0,-0.8854667713198427,2.498625814426798,-0.17709335426396855,4,3,1,0,29.939702494650703,11.067940498930142,-1.5233211064155627
100.0,15.0,3,12.0,30,4,2,2,0,-0.8854667713198427,3.483274460909418,-0.17709335426396855,4,3,1,0,20.53713211959434,6.578688029264571,-1.5233211064155627
100.0,15.0,4,5.0,0,4,2,2,0,35.37499999999999,14.149999999999999,7.074999999999999,4,3,1,0,55.243385914591634,18.05815928054427,0.05815928054427353
100.0,15.0,4,5.0,15,4,2,2,0,22.397347785546756,11.55446955710935,4.4794695571093515,4,3,1,0,41.16212753435536,15.307425506871073,0.1236771829183283
100.0,15.0,4,5.0,30,4,2,2,0,27.712212638719983,12.617442527743997,5.542442527743997,4,3,1,0,31.011625424919533,9.93721940985895,0.1236771829183283
100.0,15.0,4,8.0,0,4,2,2,0,31.10000000000001,12.440000000000005,6.220000000000002,4,3,1,0,50.34096320149928,16.224743724316564,-0.5752562756834391
100.0,15.0,4,8.0,15,4,2,2,0,18.532168381792648,9.926433676358531,3.7064336763585297,4,3,1,0,36.70437613853362,13.560875227706726,-0.5118073597001448
100.0,15.0,4,8.0,30,4,2,2,0,23.679195397497253,10.955839079499453,4.735839079499451,4,3,1,0,26.874416200974704,8.360254586389722,-0.5118073597001448
100.0,15.0,4,10.0,0,4,2,2,0,28.25,11.3,5.65,4,3,1,0,47.07268139277103,15.00246668683142,-0.9975333131685815
100.0,15.0,4,10.0,15,4,2,2,0,15.955382112623244,8.84107642252465,3.191076422524649,4,3,1,0,33.732541874652455,12.396508374930491,-0.9354637214457941
100.0,15.0,4,10.0,30,4,2,2,0,20.990517236682095,9.84810344733642,4.198103447336419,4,3,1,0,24.11627671834482,7.308944704076899,-0.9354637214457941
100.0,15.0,4,12.0,0,4,2,2,0,25.4,10.16,5.08,4,3,1,0,43.804399584042784,13.780189649346276,-1.419810350653724
100.0,15.0,4,12.0,15,4,2,2,0,13.378595843453832,7.755719168690766,2.6757191686907666,4,3,1,0,30.7607076107713,11.232141522154262,-1.359120083191443
100.0,15.0,4,12.0,30,4,2,2,0,18.30183907586693,8.740367815173386,3.660367815173386,4,3,1,0,21.358137235714935,6.2576348217640785,-1.359120083191443
100.0,15.0,6,5.0,0,4,2,2,0,35.37499999999999,14.149999999999999,7.074999999999999,4,2,2,0,35.04741048812972,13.97009793035555,-4.029902069644449
100.0,15.0,6,5.0,15,4,2,2,0,22.397347785546756,11.55446955710935,4.4794695571093515,4,2,2,0,21.293741619763722,11.062508575623765,-4.121239748328982
100.0,15.0,6,5.0,30,4,2,2,0,27.712212638719983,12.116716766299477,5.542442527743997,4,2,2,0,11.143239510327891,5.396288692279384,-4.417253534661237
100.0,15.0,6,8.0,0,4,2,2,0,31.10000000000001,12.440000000000005,6.220000000000002,4,2,2,0,30.78275542008354,12.265779048344328,-4.5342209516556755
100.0,15.0,6,8.0,15,4,2,2,0,18.532168381792648,9.926433676358531,3.7064336763585297,4,2,2,0,17.46341293703435,9.450008304814595,-4.622674282592277
100.0,15.0,6,8.0,30,4,2,2,0,23.679195397497253,10.470925710521604,4.735839079499451,4,2,2,0,7.6334529994754305,3.9627216809442487,-4.909340265145618
100.0,15.0,6,10.0,0,4,2,2,0,28.25,11.3,5.65,4,2,2,0,27.93965204138606,11.12956646033684,-4.870433539663161
100.0,15.0,6,10.0,15,4,2,2,0,15.955382112623244,8.84107642252465,3.191076422524649,4,2,2,0,14.909860481881424,8.375008124275146,-4.95696397210114
100.0,15.0,6,10.0,30,4,2,2,0,20.990517236682095,9.373731673336351,4.198103447336419,4,2,2,0,5.29359532557379,3.0070103400541544,-5.237398085468539
100.0,15.0,6,12.0,0,4,2,2,0,25.4,10.16,5.08,4,2,2,0,25.096548662688594,9.993353872329354,-5.206646127670647
100.0,15.0,6,12.0,15,4,2,2,0,13.378595843453832,7.755719168690766,2.6757191686907666,4,2,2,0,12.356308026728515,7.300007943735699,-5.291253661610003
100.0,15.0,6,12.0,30,4,2,2,0,18.30183907586693,8.276537636151097,3.660367815173386,4,2,2,0,2.953737651672151,2.0512989991640613,-5.565455905791461
100.0,15.0,8,5.0,0,4,2,2,0,35.37499999999999,14.149999999999999,7.074999999999999,4,2,2,0,35.04741048812972,13.97009793035555,-4.029902069644449
100.0,15.0,8,5.0,15,4,2,2,0,22.397347785546756,11.55446955710935,4.4794695571093515,4,2,2,0,21.293741619763722,11.062508575623765,-4.121239748328982
100.0,15.0,8,5.0,30,4,2,2,0,27.712212638719983,12.116716766299477,5.542442527743997,4,2,2,0,11.143239510327891,5.396288692279384,-4.417253534661237
100.0,15.0,8,8.0,0,4,2,2,0,31.10000000000001,12.440000000000005,6.220000000000002,4,2,2,0,30.78275542008354,12.265779048344328,-4.5342209516556755
100.0,15.0,8,8.0,15,4,2,2,0,18.532168381792648,9.926433676358531,3.7064336763585297,4,2,2,0,17.46341293703435,9.450008304814595,-4.622674282592277
100.0,15.0,8,8.0,30,4,2,2,0,23.679195397497253,10.470925710521604,4.735839079499451,4,2,2,0,7.6334529994754305,3.9627216809442487,-4.909340265145618
100.0,15.0,8,10.0,0,4,2,2,0,28.25,11.3,5.65,4,2,2,0,27.93965204138606,11.12956646033684,-4.870433539663161
100.0,15.0,8,10.0,15,4,2,2,0,15.955382112623244,8.84107642252465,3.191076422524649,4,2,2,0,14.909860481881424,8.375008124275146,-4.95696397210114
100.0,15.0,8,10.0,30,4,2,2,0,20.990517236682095,9.373731673336351,4.198103447336419,4,2,2,0,5.29359532557379,3.0070103400541544,-5.237398085468539
100.0,15.0,8,12.0,0,4,2,2,0,25.4,10.16,5.08,4,2,2,0,25.096548662688594,9.993353872329354,-5.206646127670647
100.0,15.0,8,12.0,15,4,2,2,0,13.378595843453832,7.755719168690766,2.6757191686907666,4,2,2,0,12.356308026728515,7.300007943735699,-5.291253661610003
100.0,15.0,8,12.0,30,4,2,2,0,18.30183907586693,8.276537636151097,3.660367815173386,4,2,2,0,2.953737651672151,2.0512989991640613,-5.565455905791461
100.0,18.0,2,5.0,0,4,3,0,0,15.241767854094666,10.775550234404195,1.7643869913644672,4,3,1,0,28.721237005590538,12.534247401118108,0.21588376362692402
100.0,18.0,2,5.0,15,4,3,0,0,15.241767854094666,8.180019791513548,1.7643869913644672,4,3,1,0,28.721237005590538,12.534247401118108,0.21588376362692402
100.0,18.0,2,5.0,30,4,3,0,0,15.241767854094666,9.242992762148193,1.7643869913644672,4,3,1,0,28.721237005590538,7.687895303183687,0.21588376362692402
100.0,18.0,2,8.0,0,4,2,0,0,11.602554132386423,9.172111805949331,1.0770905600582228,4,3,1,0,24.65635583699295,10.875271167398594,-0.42251256575076646
100.0,18.0,2,8.0,15,4,2,0,0,11.602554132386423,6.65854548230786,1.0770905600582228,4,3,1,0,24.65635583699295,10.875271167398594,-0.42251256575076646
100.0,18.0,2,8.0,30,4,2,0,0,11.602554132386423,7.68795088544878,1.0770905600582228,4,3,1,0,24.65635583699295,6.181961767293678,-0.42251256575076646
100.0,18.0,2,10.0,0,4,2,0,0,9.17641165124759,8.103152853646085,0.6188929391873921,4,3,1,0,21.946435057927893,9.769287011585583,-0.8481101186692265
100.0,18.0,2,10.0,15,4,2,0,0,9.17641165124759,5.644229276170733,0.6188929391873921,4,3,1,0,21.946435057927893,9.769287011585583,-0.8481101186692265
100.0,18.0,2,10.0,30,4,2,0,0,9.17641165124759,6.651256300982503,0.6188929391873921,4,3,1,0,21.946435057927893,5.178006076700338,-0.8481101186692265
100.0,18.0,2,12.0,0,4,2,0,0,6.7502691701087585,7.034193901342838,0.16069531831656186,4,3,1,0,19.236514278862828,8.663302855772566,-1.2737076715876894
100.0,18.0,2,12.0,15,4,2,0,0,6.7502691701087585,4.629913070033605,0.16069531831656186,4,3,1,0,19.236514278862828,8.663302855772566,-1.2737076715876894
100.0,18.0,2,12.0,30,4,2,0,0,6.7502691701087585,5.614561716516224,0.16069531831656186,4,3,1,0,19.236514278862828,4.174050386106996,-1.2737076715876894
100.0,18.0,3,5.0,0,4,3,0,0,22.276672116398544,12.092765006556775,1.9621593485602795,4,3,1,0,54.357073573325074,17.661414714665014,-0.33858528533498355
100.0,18.0,3,5.0,15,4,3,0,0,22.276672116398544,9.497234563666126,1.9621593485602795,4,3,1,0,40.2758151930888,14.845163038617763,-0.33858528533498355
100.0,18.0,3,5.0,30,4,3,0,0,22.276672116398544,10.560207534300773,1.9621593485602795,4,3,1,0,30.125313083652973,9.99881094068334,-0.33858528533498355
100.0,18.0,3,8.0,0,4,3,0,0,18.41530352324913,10.447730322139197,1.2686174743952208,4,3,1,0,49.482639671009565,15.840527934201916,-0.9594720657980869
100.0,18.0,3,8.0,15,4,3,0,0,18.41530352324913,7.934163998497725,1.2686174743952208,4,3,1,0,35.846052608043905,13.113210521608785,-0.9594720657980869
100.0,18.0,3,8.0,30,4,3,0,0,18.41530352324913,8.963569401638646,1.2686174743952208,4,3,1,0,26.01609267048499,8.419901121503868,-0.9594720657980869
100.0,18.0,3,10.0,0,4,3,0,0,15.841057794482838,9.351040532527472,0.8062562249518447,4,3,1,0,46.23301706946587,14.626603413893177,-1.3733965861068242
100.0,18.0,3,10.0,15,4,3,0,0,15.841057794482838,6.8921169550521215,0.8062562249518447,4,3,1,0,32.8928775513473,11.958575510269462,-1.3733965861068242
100.0,18.0,3,10.0,30,4,3,0,0,15.841057794482838,7.899143979863891,0.8062562249518447,4,3,1,0,23.276612395039663,7.367294575384219,-1.3733965861068242
100.0,18.0,3,12.0,0,4,3,0,0,13.266812065716548,8.25435074291575,0.34389497550847176,4,3,1,0,42.98339446792219,13.412678893584436,-1.7873211064155623
100.0,18.0,3,12.0,15,4,3,0,0,13.266812065716548,5.850069911606517,0.34389497550847176,4,3,1,0,29.939702494650703,10.80394049893014,-1.7873211064155623
100.0,18.0,3,12.0,30,4,3,0,0,13.266812065716548,6.834718558089136,0.34389497550847176,4,3,1,0,20.53713211959434,6.3146880292645715,-1.7873211064155623
100.0,18.0,4,5.0,0,4,3,1,0,89.99999999999999,24.180039767651092,6.180039767651093,4,3,1,0,55.243385914591634,17.838677182918328,-0.1613228170816715
100.0,18.0,4,5.0,15,4,3,1,0,77.02234778554674,21.581521913657962,6.177052356548611,4,3,1,0,41.16212753435536,15.022425506871073,-0.1613228170816715
100.0,18.0,4,5.0,30,4,3,1,0,82.33721263871998,22.64449488429261,6.177052356548611,4,3,1,0,31.011625424919533,9.65221940985895,-0.1613228170816715
100.0,18.0,4,8.0,0,4,3,1,0,84.00000000000001,22.15330166972528,5.353301669725273,4,3,1,0,50.34096320149928,16.01219264029986,-0.7878073597001443
100.0,18.0,4,8.0,15,4,3,1,0,71.43216838179265,19.636842274279296,5.3504085979207625,4,3,1,0,36.70437613853362,13.284875227706728,-0.7878073597001443
100.0,18.0,4,8.0,30,4,3,1,0,76.57919539749726,20.666247677420216,5.3504085979207625,4,3,1,0,26.874416200974704,8.084254586389724,-0.7878073597001443
100.0,18.0,4,10.0,0,4,3,1,0,80.0,20.802142937774722,4.802142937774722,4,3,1,0,47.07268139277103,14.794536278554208,-1.205463721445793
100.0,18.0,4,10.0,15,4,3,1,0,67.70538211262324,18.340389181360177,4.799312758835526,4,3,1,0,33.732541874652455,12.126508374930493,-1.205463721445793
100.0,18.0,4,10.0,30,4,3,1,0,72.7405172366821,19.347416206171946,4.799312758835526,4,3,1,0,24.11627671834482,7.038944704076901,-1.205463721445793
100.0,18.0,4,12.0,0,4,3,1,0,76.0,19.45098420582417,4.250984205824172,4,3,1,0,43.804399584042784,13.576879916808558,-1.6231200831914425
100.0,18.0,4,12.0,15,4,3,1,0,63.97859584345383,17.043936088441058,4.248216919750293,4,3,1,0,30.7607076107713,10.968141522154262,-1.6231200831914425
100.0,18.0,4,12.0,30,4,3,1,0,68.90183907586693,18.02858473492368,4.248216919750293,4,3,1,0,21.358137235714935,5.993634821764079,-1.6231200831914425
100.0,18.0,6,5.0,0,4,3,1,0,89.99999999999999,24.180039767651092,6.180039767651093,4,2,2,0,33.949999999999996,13.579999999999998,-4.42
100.0,18.0,6,5.0,15,4,3,1,0,77.02234778554674,21.581521913657962,6.177052356548611,4,2,2,0,19.868741619763725,10.763748323952747,-4.42
100.0,18.0,6,5.0,30,4,3,1,0,79.83358383149738,21.98135636841483,5.513913840670835,4,2,2,0,9.718239510327892,5.111288692279385,-4.702253534661236
100.0,18.0,6,8.0,0,4,3,1,0,84.00000000000001,22.15330166972528,5.353301669725273,4,2,2,0,29.720000000000013,11.888000000000005,-4.911999999999999
100.0,18.0,6,8.0,15,4,3,1,0,71.43216838179265,19.636842274279296,5.3504085979207625,4,2,2,0,16.083412937034353,9.160682587406873,-4.911999999999999
100.0,18.0,6,8.0,30,4,3,1,0,74.15462855260802,20.02405037783332,4.708211298333863,4,2,2,0,6.253452999475433,3.68672168094425,-5.185340265145617
100.0,18.0,6,10.0,0,4,3,1,0,80.0,20.802142937774722,4.802142937774722,4,2,2,0,26.900000000000006,10.760000000000003,-5.239999999999998
100.0,18.0,6,10.0,15,4,3,1,0,67.70538211262324,18.340389181360177,4.799312758835526,4,2,2,0,13.55986048188143,8.091972096376287,-5.239999999999998
100.0,18.0,6,10.0,30,4,3,1,0,70.36865836668176,18.719179717445634,4.171076270109214,4,2,2,0,3.9435953255737957,2.737010340054155,-5.507398085468537
100.0,18.0,6,12.0,0,4,3,1,0,76.0,19.45098420582417,4.250984205824172,4,2,2,0,24.080000000000002,9.632,-5.568
100.0,18.0,6,12.0,15,4,3,1,0,63.97859584345383,17.043936088441058,4.248216919750293,4,2,2,0,11.036308026728516,7.023261605345704,-5.568
100.0,18.0,6,12.0,30,4,3,1,0,66.5826881807555,17.414309057057952,3.633941241884566,4,2,2,0,1.6337376516721527,1.7872989991640615,-5.829455905791461
100.0,18.0,8,5.0,0,4,3,1,0,89.99999999999999,24.180039767651092,6.180039767651093,4,2,2,0,33.949999999999996,13.579999999999998,-4.42
100.0,18.0,8,5.0,15,4,3,1,0,77.02234778554674,21.581521913657962,6.177052356548611,4,2,2,0,19.868741619763725,10.763748323952747,-4.42
100.0,18.0,8,5.0,30,4,3,1,0,79.83358383149738,21.98135636841483,5.513913840670835,4,2,2,0,9.718239510327892,5.111288692279385,-4.702253534661236
100.0,18.0,8,8.0,0,4,3,1,0,84.00000000000001,22.15330166972528,5.353301669725273,4,2,2,0,29.720000000000013,11.888000000000005,-4.911999999999999
100.0,18.0,8,8.0,15,4,3,1,0,71.43216838179265,19.636842274279296,5.3504085979207625,4,2,2,0,16.083412937034353,9.160682587406873,-4.911999999999999
100.0,18.0,8,8.0,30,4,3,1,0,74.15462855260802,20.02405037783332,4.708211298333863,4,2,2,0,6.253452999475433,3.68672168094425,-5.185340265145617
100.0,18.0,8,10.0,0,4,3,1,0,80.0,20.802142937774722,4.802142937774722,4,2,2,0,26.900000000000006,10.760000000000003,-5.239999999999998
100.0,18.0,8,10.0,15,4,3,1,0,67.70538211262324,18.340389181360177,4.799312758835526,4,2,2,0,13.55986048188143,8.091972096376287,-5.239999999999998
100.0,18.0,8,10.0,30,4,3,1,0,70.36865836668176,18.719179717445634,4.171076270109214,4,2,2,0,3.9435953255737957,2.737010340054155,-5.507398085468537
100.0,18.0,8,12.0,0,4,3,1,0,76.0,19.45098420582417,4.250984205824172,4,2,2,0,24.080000000000002,9.632,-5.568
100.0,18.0,8,12.0,15,4,3,1,0,63.97859584345383,17.043936088441058,4.248216919750293,4,2,2,0,11.036308026728516,7.023261605345704,-5.568
100.0,18.0,8,12.0,30,4,3,1,0,66.5826881807555,17.414309057057952,3.633941241884566,4,2,2,0,1.6337376516721527,1.7872989991640615,-5.829455905791461
100.0,20.0,2,5.0,0,4,3,0,0,15.241767854094666,10.775550234404195,1.7643869913644672,4,4,0,0,32.15462587843594,17.856808939314114,5.538445301822929
100.0,20.0,2,5.0,15,4,3,0,0,15.241767854094666,8.180019791513548,1.7643869913644672,4,4,0,0,32.15462587843594,17.856808939314114,5.538445301822929
100.0,20.0,2,5.0,30,4,3,0,0,15.241767854094666,9.242992762148193,1.7643869913644672,4,4,0,0,32.15462587843594,13.01045684137969,5.538445301822929
100.0,20.0,2,8.0,0,4,2,0,0,11.602554132386423,9.172111805949331,1.0770905600582228,4,4,0,0,27.98132190332744,16.02975181491472,4.7319680817653635
100.0,20.0,2,8.0,15,4,2,0,0,11.602554132386423,6.65854548230786,1.0770905600582228,4,4,0,0,27.98132190332744,16.02975181491472,4.7319680817653635
100.0,20.0,2,8.0,30,4,2,0,0,11.602554132386423,7.68795088544878,1.0770905600582228,4,4,0,0,27.98132190332744,11.336442414809808,4.7319680817653635
100.0,20.0,2,10.0,0,4,2,0,0,9.17641165124759,8.103152853646085,0.6188929391873921,4,4,0,0,25.19911925325511,14.811713731981797,4.194316601726988
100.0,20.0,2,10.0,15,4,2,0,0,9.17641165124759,5.644229276170733,0.6188929391873921,4,4,0,0,25.19911925325511,14.811713731981797,4.194316601726988
100.0,20.0,2,10.0,30,4,2,0,0,9.17641165124759,6.651256300982503,0.6188929391873921,4,4,0,0,25.19911925325511,10.220432797096553,4.194316601726988
100.0,20.0,2,12.0,0,4,2,0,0,6.7502691701087585,7.034193901342838,0.16069531831656186,4,4,0,0,22.41691660318277,13.593675649048865,3.6566651216886097
100.0,20.0,2,12.0,15,4,2,0,0,6.7502691701087585,4.629913070033605,0.16069531831656186,4,4,0,0,22.41691660318277,13.593675649048865,3.6566651216886097
100.0,20.0,2,12.0,30,4,2,0,0,6.7502691701087585,5.614561716516224,0.16069531831656186,4,4,0,0,22.41691660318277,9.104423179383295,3.6566651216886097
100.0,20.0,3,5.0,0,4,3,0,0,22.276672116398544,12.092765006556775,1.9621593485602795,4,4,0,0,75.53038810053053,25.97749233477112,7.977492334771124
100.0,20.0,3,5.0,15,4,3,0,0,22.276672116398544,9.497234563666126,1.9621593485602795,4,4,0,0,61.44912972029426,23.16124065872387,7.977492334771124
100.0,20.0,3,5.0,30,4,3,0,0,22.276672116398544,10.560207534300773,1.9621593485602795,4,4,0,0,51.29862761085843,18.314888560789445,7.977492334771124
100.0,20.0,3,8.0,0,4,3,0,0,18.41530352324913,10.447730322139197,1.2686174743952208,4,4,0,0,69.98732321314537,23.89399257683099,7.093992576830985
100.0,20.0,3,8.0,15,4,3,0,0,18.41530352324913,7.934163998497725,1.2686174743952208,4,4,0,0,56.35073615017971,21.16667516423786,7.093992576830985
100.0,20.0,3,8.0,30,4,3,0,0,18.41530352324913,8.963569401638646,1.2686174743952208,4,4,0,0,46.520776212620795,16.47336576413294,7.093992576830985
100.0,20.0,3,10.0,0,4,3,0,0,15.841057794482838,9.351040532527472,0.8062562249518447,4,4,0,0,66.29194662155525,22.504992738204226,6.504992738204226
100.0,20.0,3,10.0,15,4,3,0,0,15.841057794482838,6.8921169550521215,0.8062562249518447,4,4,0,0,52.95180710343668,19.836964834580513,6.504992738204226
100.0,20.0,3,10.0,30,4,3,0,0,15.841057794482838,7.899143979863891,0.8062562249518447,4,4,0,0,43.335541947129045,15.245683899695269,6.504992738204226
100.0,20.0,3,12.0,0,4,3,0,0,13.266812065716548,8.25435074291575,0.34389497550847176,4,4,0,0,62.596570029965136,21.115992899577464,5.915992899577465
100.0,20.0,3,12.0,15,4,3,0,0,13.266812065716548,5.850069911606517,0.34389497550847176,4,4,0,0,49.55287805669365,18.507254504923168,5.915992899577465
100.0,20.0,3,12.0,30,4,3,0,0,13.266812065716548,6.834718558089136,0.34389497550847176,4,4,0,0,40.15030768163729,14.018002035257599,5.915992899577465
100.0,20.0,4,5.0,0,4,3,1,0,89.99999999999999,24.180039767651092,6.180039767651093,4,4,0,0,60.33019090769884,23.114715364458096,5.114715364458099
100.0,20.0,4,5.0,15,4,3,1,0,77.02234778554674,21.581521913657962,6.177052356548611,4,4,0,0,46.24893252746257,20.298463688410845,5.114715364458099
100.0,20.0,4,5.0,30,4,3,1,0,82.33721263871998,22.64449488429261,6.177052356548611,4,4,0,0,36.09843041802674,14.928257591398719,5.114715364458099
100.0,20.0,4,8.0,0,4,3,1,0,84.00000000000001,22.15330166972528,5.353301669725273,4,4,0,0,55.267132247455734,21.121619089791007,4.3216190897910005
100.0,20.0,4,8.0,15,4,3,1,0,71.43216838179265,19.636842274279296,5.3504085979207625,4,4,0,0,41.630545184490074,18.39430167719787,4.3216190897910005
100.0,20.0,4,8.0,30,4,3,1,0,76.57919539749726,20.666247677420216,5.3504085979207625,4,4,0,0,31.800585246931156,13.193681035880866,4.3216190897910005
100.0,20.0,4,10.0,0,4,3,1,0,80.0,20.802142937774722,4.802142937774722,4,4,0,0,51.891759807293646,19.792888240012935,3.7928882400129353
100.0,20.0,4,10.0,15,4,3,1,0,67.70538211262324,18.340389181360177,4.799312758835526,4,4,0,0,38.55162028917507,17.12486033638922,3.7928882400129353
100.0,20.0,4,10.0,30,4,3,1,0,72.7405172366821,19.347416206171946,4.799312758835526,4,4,0,0,28.935355132867436,12.037296665535628,3.7928882400129353
100.0,20.0,4,12.0,0,4,3,1,0,76.0,19.45098420582417,4.250984205824172,4,4,0,0,48.516387367131564,18.46415739023487,3.2641573902348697
100.0,20.0,4,12.0,15,4,3,1,0,63.97859584345383,17.043936088441058,4.248216919750293,4,4,0,0,35.47269539386008,15.855418995580573,3.2641573902348697
100.0,20.0,4,12.0,30,4,3,1,0,68.90183907586693,18.02858473492368,4.248216919750293,4,4,0,0,26.070125018803715,10.880912295190392,3.2641573902348697
100.0,20.0,6,5.0,0,4,3,1,0,89.99999999999999,24.180039767651092,6.180039767651093,4,3,1,0,89.99999999999999,24.599999999999994,6.599999999999999
100.0,20.0,6,5.0,15,4,3,1,0,77.02234778554674,21.581521913657962,6.177052356548611,4,3,1,0,75.91874161976372,21.783748323952747,6.599999999999999
100.0,20.0,6,5.0,30,4,3,1,0,79.83358383149738,21.98135636841483,5.513913840670835,4,3,1,0,49.0677111347031,15.800868593797368,5.987326366856748
100.0,20.0,6,8.0,0,4,3,1,0,84.00000000000001,22.15330166972528,5.353301669725273,4,3,1,0,84.00000000000001,22.560000000000002,5.7600000000000025
100.0,20.0,6,8.0,15,4,3,1,0,71.43216838179265,19.636842274279296,5.3504085979207625,4,3,1,0,70.36341293703435,19.832682587406875,5.7600000000000025
100.0,20.0,6,8.0,30,4,3,1,0,74.15462855260802,20.02405037783332,4.708211298333863,4,3,1,0,44.36030973044933,14.038735901361669,5.166673955271801
100.0,20.0,6,10.0,0,4,3,1,0,80.0,20.802142937774722,4.802142937774722,4,3,1,0,80.0,21.200000000000003,5.200000000000001
100.0,20.0,6,10.0,15,4,3,1,0,67.70538211262324,18.340389181360177,4.799312758835526,4,3,1,0,66.65986048188142,18.531972096376286,5.200000000000001
100.0,20.0,6,10.0,30,4,3,1,0,70.36865836668176,18.719179717445634,4.171076270109214,4,3,1,0,41.22204212761346,12.86398077307119,4.619572347548498
100.0,20.0,6,12.0,0,4,3,1,0,76.0,19.45098420582417,4.250984205824172,4,3,1,0,76.0,19.840000000000003,4.640000000000001
100.0,20.0,6,12.0,15,4,3,1,0,63.97859584345383,17.043936088441058,4.248216919750293,4,3,1,0,62.956308026728514,17.231261605345704,4.640000000000001
100.0,20.0,6,12.0,30,4,3,1,0,66.5826881807555,17.414309057057952,3.633941241884566,4,3,1,0,38.08377452477761,11.68922564478072,4.0724707398251985
100.0,20.0,8,5.0,0,4,3,1,0,89.99999999999999,24.180039767651092,6.180039767651093,4,3,1,0,89.99999999999999,24.599999999999994,6.599999999999999
100.0,20.0,8,5.0,15,4,3,1,0,77.02234778554674,21.581521913657962,6.177052356548611,4,3,1,0,75.91874161976372,21.783748323952747,6.599999999999999
100.0,20.0,8,5.0,30,4,3,1,0,79.83358383149738,21.98135636841483,5.513913840670835,4,3,1,0,49.0677111347031,15.800868593797368,5.987326366856748
100.0,20.0,8,8.0,0,4,3,1,0,84.00000000000001,22.15330166972528,5.353301669725273,4,3,1,0,84.00000000000001,22.560000000000002,5.7600000000000025
100.0,20.0,8,8.0,15,4,3,1,0,71.43216838179265,19.636842274279296,5.3504085979207625,4,3,1,0,70.36341293703435,19.832682587406875,5.7600000000000025
100.0,20.0,8,8.0,30,4,3,1,0,74.15462855260802,20.02405037783332,4.708211298333863,4,3,1,0,44.36030973044933,14.038735901361669,5.166673955271801
100.0,20.0,8,10.0,0,4,3,1,0,80.0,20.802142937774722,4.802142937774722,4,3,1,0,80.0,21.200000000000003,5.200000000000001
100.0,20.0,8,10.0,15,4,3,1,0,67.70538211262324,18.340389181360177,4.799312758835526,4,3,1,0,66.65986048188142,18.531972096376286,5.200000000000001
100.0,20.0,8,10.0,30,4,3,1,0,70.36865836668176,18.719179717445634,4.171076270109214,4,3,1,0,41.22204212761346,12.86398077307119,4.619572347548498
100.0,20.0,8,12.0,0,4,3,1,0,76.0,19.45098420582417,4.250984205824172,4,3,1,0,76.0,19.840000000000003,4.640000000000001
100.0,20.0,8,12.0,15,4,3,1,0,63.97859584345383,17.043936088441058,4.248216919750293,4,3,1,0,62.956308026728514,17.231261605345704,4.640000000000001
100.0,20.0,8,12.0,30,4,3,1,0,66.5826881807555,17.414309057057952,3.633941241884566,4,3,1,0,38.08377452477761,11.68922564478072,4.0724707398251985
100.0,22.0,2,5.0,0,4,3,0,0,15.241767854094666,10.775550234404195,1.7643869913644672,4,4,0,0,32.15462587843594,17.856808939314114,5.538445301822929
100.0,22.0,2,5.0,15,4,3,0,0,15.241767854094666,8.180019791513548,1.7643869913644672,4,4,0,0,32.15462587843594,17.856808939314114,5.538445301822929
100.0,22.0,2,5.0,30,4,3,0,0,15.241767854094666,9.242992762148193,1.7643869913644672,4,4,0,0,32.15462587843594,13.01045684137969,5.538445301822929
100.0,22.0,2,8.0,0,4,2,0,0,11.602554132386423,9.172111805949331,1.0770905600582228,4,4,0,0,27.98132190332744,16.02975181491472,4.7319680817653635
100.0,22.0,2,8.0,15,4,2,0,0,11.602554132386423,6.65854548230786,1.0770905600582228,4,4,0,0,27.98132190332744,16.02975181491472,4.7319680817653635
100.0,22.0,2,8.0,30,4,2,0,0,11.602554132386423,7.68795088544878,1.0770905600582228,4,4,0,0,27.98132190332744,11.336442414809808,4.7319680817653635
100.0,22.0,2,10.0,0,4,2,0,0,9.17641165124759,8.103152853646085,0.6188929391873921,4,4,0,0,25.19911925325511,14.811713731981797,4.194316601726988
100.0,22.0,2,10.0,15,4,2,0,0,9.17641165124759,5.644229276170733,0.6188929391873921,4,4,0,0,25.19911925325511,14.811713731981797,4.194316601726988
100.0,22.0,2,10.0,30,4,2,0,0,9.17641165124759,6.651256300982503,0.6188929391873921,4,4,0,0,25.19911925325511,10.220432797096553,4.194316601726988
100.0,22.0,2,12.0,0,4,2,0,0,6.7502691701087585,7.034193901342838,0.16069531831656186,4,4,0,0,22.41691660318277,13.593675649048865,3.6566651216886097
100.0,22.0,2,12.0,15,4,2,0,0,6.7502691701087585,4.629913070033605,0.16069531831656186,4,4,0,0,22.41691660318277,13.593675649048865,3.6566651216886097
100.0,22.0,2,12.0,30,4,2,0,0,6.7502691701087585,5.614561716516224,0.16069531831656186,4,4,0,0,22.41691660318277,9.104423179383295,3.6566651216886097
100.0,22.0,3,5.0,0,4,3,0,0,22.276672116398544,12.092765006556775,1.9621593485602795,4,4,0,0,75.53038810053053,25.97749233477112,7.977492334771124
100.0,22.0,3,5.0,15,4,3,0,0,22.276672116398544,9.497234563666126,1.9621593485602795,4,4,0,0,61.44912972029426,23.16124065872387,7.977492334771124
100.0,22.0,3,5.0,30,4,3,0,0,22.276672116398544,10.560207534300773,1.9621593485602795,4,4,0,0,51.29862761085843,18.314888560789445,7.977492334771124
100.0,22.0,3,8.0,0,4,3,0,0,18.41530352324913,10.447730322139197,1.2686174743952208,4,4,0,0,69.98732321314537,23.89399257683099,7.093992576830985
100.0,22.0,3,8.0,15,4,3,0,0,18.41530352324913,7.934163998497725,1.2686174743952208,4,4,0,0,56.35073615017971,21.16667516423786,7.093992576830985
100.0,22.0,3,8.0,30,4,3,0,0,18.41530352324913,8.963569401638646,1.2686174743952208,4,4,0,0,46.520776212620795,16.47336576413294,7.093992576830985
100.0,22.0,3,10.0,0,4,3,0,0,15.841057794482838,9.351040532527472,0.8062562249518447,4,4,0,0,66.29194662155525,22.504992738204226,6.504992738204226
100.0,22.0,3,10.0,15,4,3,0,0,15.841057794482838,6.8921169550521215,0.8062562249518447,4,4,0,0,52.95180710343668,19.836964834580513,6.504992738204226
100.0,22.0,3,10.0,30,4,3,0,0,15.841057794482838,7.899143979863891,0.8062562249518447,4,4,0,0,43.335541947129045,15.245683899695269,6.504992738204226
100.0,22.0,3,12.0,0,4,3,0,0,13.266812065716548,8.25435074291575,0.34389497550847176,4,4,0,0,62.596570029965136,21.115992899577464,5.915992899577465
100.0,22.0,3,12.0,15,4,3,0,0,13.266812065716548,5.850069911606517,0.34389497550847176,4,4,0,0,49.55287805669365,18.507254504923168,5.915992899577465
100.0,22.0,3,12.0,30,4,3,0,0,13.266812065716548,6.834718558089136,0.34389497550847176,4,4,0,0,40.15030768163729,14.018002035257599,5.915992899577465
100.0,22.0,4,5.0,0,4,3,1,0,89.99999999999999,24.180039767651092,6.180039767651093,4,4,0,0,60.33019090769884,23.114715364458096,5.114715364458099
100.0,22.0,4,5.0,15,4,3,1,0,77.02234778554674,21.581521913657962,6.177052356548611,4,4,0,0,46.24893252746257,20.298463688410845,5.114715364458099
100.0,22.0,4,5.0,30,4,3,1,0,82.33721263871998,22.64449488429261,6.177052356548611,4,4,0,0,36.09843041802674,14.928257591398719,5.114715364458099
100.0,22.0,4,8.0,0,4,3,1,0,84.00000000000001,22.15330166972528,5.353301669725273,4,4,0,0,55.267132247455734,21.121619089791007,4.3216190897910005
100.0,22.0,4,8.0,15,4,3,1,0,71.43216838179265,19.636842274279296,5.3504085979207625,4,4,0,0,41.630545184490074,18.39430167719787,4.3216190897910005
100.0,22.0,4,8.0,30,4,3,1,0,76.57919539749726,20.666247677420216,5.3504085979207625,4,4,0,0,31.800585246931156,13.193681035880866,4.3216190897910005
100.0,22.0,4,10.0,0,4,3,1,0,80.0,20.802142937774722,4.802142937774722,4,4,0,0,51.891759807293646,19.792888240012935,3.7928882400129353
100.0,22.0,4,10.0,15,4,3,1,0,67.70538211262324,18.340389181360177,4.799312758835526,4,4,0,0,38.55162028917507,17.12486033638922,3.7928882400129353
100.0,22.0,4,10.0,30,4,3,1,0,72.7405172366821,19.347416206171946,4.799312758835526,4,4,0,0,28.935355132867436,12.037296665535628,3.7928882400129353
100.0,22.0,4,12.0,0,4,3,1,0,76.0,19.45098420582417,4.250984205824172,4,4,0,0,48.516387367131564,18.46415739023487,3.2641573902348697
100.0,22.0,4,12.0,15,4,3,1,0,63.97859584345383,17.043936088441058,4.248216919750293,4,4,0,0,35.47269539386008,15.855418995580573,3.2641573902348697
100.0,22.0,4,12.0,30,4,3,1,0,68.90183907586693,18.02858473492368,4.248216919750293,4,4,0,0,26.070125018803715,10.880912295190392,3.2641573902348697
100.0,22.0,6,5.0,0,4,3,1,0,89.99999999999999,24.180039767651092,6.180039767651093,4,3,1,0,89.99999999999999,23.455754860756844,5.455754860756846
100.0,22.0,6,5.0,15,4,3,1,0,77.02234778554674,21.581521913657962,6.177052356548611,4,3,1,0,75.91874161976372,20.63950318470959,5.455754860756846
100.0,22.0,6,5.0,30,4,3,1,0,79.83358383149738,21.98135636841483,5.513913840670835,4,3,1,0,49.0677111347031,14.748876989215454,4.935334762274831
100.0,22.0,6,8.0,0,4,3,1,0,84.00000000000001,22.15330166972528,5.353301669725273,4,3,1,0,84.00000000000001,21.451888917785585,4.65188891778558
100.0,22.0,6,8.0,15,4,3,1,0,71.43216838179265,19.636842274279296,5.3504085979207625,4,3,1,0,70.36341293703435,18.72457150519245,4.65188891778558
100.0,22.0,6,8.0,30,4,3,1,0,74.15462855260802,20.02405037783332,4.708211298333863,4,3,1,0,44.36030973044933,13.019965084292863,4.147903138202996
100.0,22.0,6,10.0,0,4,3,1,0,80.0,20.802142937774722,4.802142937774722,4,3,1,0,80.0,20.11597828913807,4.1159782891380665
100.0,22.0,6,10.0,15,4,3,1,0,67.70538211262324,18.340389181360177,4.799312758835526,4,3,1,0,66.65986048188142,17.447950385514353,4.1159782891380665
100.0,22.0,6,10.0,30,4,3,1,0,70.36865836668176,18.719179717445634,4.171076270109214,4,3,1,0,41.22204212761346,11.867357147677797,3.6229487221551033
100.0,22.0,6,12.0,0,4,3,1,0,76.0,19.45098420582417,4.250984205824172,4,3,1,0,76.0,18.780067660490555,3.5800676604905535
100.0,22.0,6,12.0,15,4,3,1,0,63.97859584345383,17.043936088441058,4.248216919750293,4,3,1,0,62.956308026728514,16.171329265836256,3.5800676604905535
100.0,22.0,6,12.0,30,4,3,1,0,66.5826881807555,17.414309057057952,3.633941241884566,4,3,1,0,38.08377452477761,10.714749211062735,3.0979943061072124
100.0,22.0,8,5.0,0,4,3,1,0,89.99999999999999,24.180039767651092,6.180039767651093,4,3,1,0,89.99999999999999,23.455754860756844,5.455754860756846
100.0,22.0,8,5.0,15,4,3,1,0,77.02234778554674,21.581521913657962,6.177052356548611,4,3,1,0,75.91874161976372,20.80399580161945,5.620247477666702
100.0,22.0,8,5.0,30,4,3,1,0,79.83358383149738,21.98135636841483,5.513913840670835,4,3,1,0,49.0677111347031,14.248529070312205,4.4349868433715836
100.0,22.0,8,8.0,0,4,3,1,0,84.00000000000001,22.15330166972528,5.353301669725273,4,3,1,0,84.00000000000001,21.451888917785585,4.65188891778558
100.0,22.0,8,8.0,15,4,3,1,0,71.43216838179265,19.636842274279296,5.3504085979207625,4,3,1,0,70.36341293703435,18.883869618410415,4.811187031003546
100.0,22.0,8,8.0,30,4,3,1,0,74.15462855260802,20.02405037783332,4.708211298333863,4,3,1,0,44.36030973044933,12.53541762598656,3.6633556798966924
100.0,22.0,8,10.0,0,4,3,1,0,80.0,20.802142937774722,4.802142937774722,4,3,1,0,80.0,20.11597828913807,4.1159782891380665
100.0,22.0,8,10.0,15,4,3,1,0,67.70538211262324,18.340389181360177,4.799312758835526,4,3,1,0,66.65986048188142,17.603785496271055,4.271813399894771
100.0,22.0,8,10.0,30,4,3,1,0,70.36865836668176,18.719179717445634,4.171076270109214,4,3,1,0,41.22204212761346,11.393343329769456,3.1489349042467625
100.0,22.0,8,12.0,0,4,3,1,0,76.0,19.45098420582417,4.250984205824172,4,3,1,0,76.0,18.780067660490555,3.5800676604905535
100.0,22.0,8,12.0,15,4,3,1,0,63.97859584345383,17.043936088441058,4.248216919750293,4,3,1,0,62.956308026728514,16.3237013741317,3.7324397687859987
100.0,22.0,8,12.0,30,4,3,1,0,66.5826881807555,17.414309057057952,3.633941241884566,4,3,1,0,38.08377452477761,10.251269033552358,2.6345141285968356
100.0,25.0,2,5.0,0,4,3,0,0,15.241767854094666,10.775550234404195,1.7643869913644672,4,4,0,0,32.15462587843594,17.856808939314114,5.538445301822929
100.0,25.0,2,5.0,15,4,3,0,0,15.241767854094666,8.180019791513548,1.7643869913644672,4,4,0,0,32.15462587843594,17.856808939314114,5.538445301822929
100.0,25.0,2,5.0,30,4,3,0,0,15.241767854094666,9.242992762148193,1.7643869913644672,4,4,0,0,32.15462587843594,13.01045684137969,5.538445301822929
100.0,25.0,2,8.0,0,4,2,0,0,11.602554132386423,9.172111805949331,1.0770905600582228,4,4,0,0,27.98132190332744,16.02975181491472,4.7319680817653635
100.0,25.0,2,8.0,15,4,2,0,0,11.602554132386423,6.65854548230786,1.0770905600582228,4,4,0,0,27.98132190332744,16.02975181491472,4.7319680817653635
100.0,25.0,2,8.0,30,4,2,0,0,11.602554132386423,7.68795088544878,1.0770905600582228,4,4,0,0,27.98132190332744,11.336442414809808,4.7319680817653635
100.0,25.0,2,10.0,0,4,2,0,0,9.17641165124759,8.103152853646085,0.6188929391873921,4,4,0,0,25.19911925325511,14.811713731981797,4.194316601726988
100.0,25.0,2,10.0,15,4,2,0,0,9.17641165124759,5.644229276170733,0.6188929391873921,4,4,0,0,25.19911925325511,14.811713731981797,4.194316601726988
100.0,25.0,2,10.0,30,4,2,0,0,9.17641165124759,6.651256300982503,0.6188929391873921,4,4,0,0,25.19911925325511,10.220432797096553,4.194316601726988
100.0,25.0,2,12.0,0,4,2,0,0,6.7502691701087585,7.034193901342838,0.16069531831656186,4,4,0,0,22.41691660318277,13.593675649048865,3.6566651216886097
100.0,25.0,2,12.0,15,4,2,0,0,6.7502691701087585,4.629913070033605,0.16069531831656186,4,4,0,0,22.41691660318277,13.593675649048865,3.6566651216886097
100.0,25.0,2,12.0,30,4,2,0,0,6.7502691701087585,5.614561716516224,0.16069531831656186,4,4,0,0,22.41691660318277,9.104423179383295,3.6566651216886097
100.0,25.0,3,5.0,0,4,3,0,0,22.276672116398544,12.092765006556775,1.9621593485602795,4,4,0,0,75.53038810053053,25.97749233477112,7.977492334771124
100.0,25.0,3,5.0,15,4,3,0,0,22.276672116398544,9.497234563666126,1.9621593485602795,4,4,0,0,61.44912972029426,23.16124065872387,7.977492334771124
100.0,25.0,3,5.0,30,4,3,0,0,22.276672116398544,10.560207534300773,1.9621593485602795,4,4,0,0,51.29862761085843,18.314888560789445,7.977492334771124
100.0,25.0,3,8.0,0,4,3,0,0,18.41530352324913,10.447730322139197,1.2686174743952208,4,4,0,0,69.98732321314537,23.89399257683099,7.093992576830985
100.0,25.0,3,8.0,15,4,3,0,0,18.41530352324913,7.934163998497725,1.2686174743952208,4,4,0,0,56.35073615017971,21.16667516423786,7.093992576830985
100.0,25.0,3,8.0,30,4,3,0,0,18.41530352324913,8.963569401638646,1.2686174743952208,4,4,0,0,46.520776212620795,16.47336576413294,7.093992576830985
100.0,25.0,3,10.0,0,4,3,0,0,15.841057794482838,9.351040532527472,0.8062562249518447,4,4,0,0,66.29194662155525,22.504992738204226,6.504992738204226
100.0,25.0,3,10.0,15,4,3,0,0,15.841057794482838,6.8921169550521215,0.8062562249518447,4,4,0,0,52.95180710343668,19.836964834580513,6.504992738204226
100.0,25.0,3,10.0,30,4,3,0,0,15.841057794482838,7.899143979863891,0.8062562249518447,4,4,0,0,43.335541947129045,15.245683899695269,6.504992738204226
100.0,25.0,3,12.0,0,4,3,0,0,13.266812065716548,8.25435074291575,0.34389497550847176,4,4,0,0,62.596570029965136,21.115992899577464,5.915992899577465
100.0,25.0,3,12.0,15,4,3,0,0,13.266812065716548,5.850069911606517,0.34389497550847176,4,4,0,0,49.55287805669365,18.507254504923168,5.915992899577465
100.0,25.0,3,12.0,30,4,3,0,0,13.266812065716548,6.834718558089136,0.34389497550847176,4,4,0,0,40.15030768163729,14.018002035257599,5.915992899577465
100.0,25.0,4,5.0,0,4,3,1,0,89.99999999999999,24.124999999999996,6.124999999999998,4,4,0,0,60.33019090769884,23.114715364458096,5.114715364458099
100.0,25.0,4,5.0,15,4,3,1,0,77.02234778554674,21.52946955710935,6.124999999999998,4,4,0,0,46.24893252746257,20.298463688410845,5.114715364458099
100.0,25.0,4,5.0,30,4,3,1,0,82.33721263871998,22.592442527743994,6.124999999999998,4,4,0,0,36.09843041802674,14.928257591398719,5.114715364458099
100.0,25.0,4,8.0,0,4,3,1,0,84.00000000000001,22.10000000000001,5.3000000000000025,4,4,0,0,55.267132247455734,21.121619089791007,4.3216190897910005
100.0,25.0,4,8.0,15,4,3,1,0,71.43216838179265,19.586433676358535,5.3000000000000025,4,4,0,0,41.630545184490074,18.39430167719787,4.3216190897910005
100.0,25.0,4,8.0,30,4,3,1,0,76.57919539749726,20.615839079499455,5.3000000000000025,4,4,0,0,31.800585246931156,13.193681035880866,4.3216190897910005
100.0,25.0,4,10.0,0,4,3,1,0,80.0,20.75,4.750000000000001,4,4,0,0,51.891759807293646,19.792888240012935,3.7928882400129353
100.0,25.0,4,10.0,15,4,3,1,0,67.70538211262324,18.29107642252465,4.750000000000001,4,4,0,0,38.55162028917507,17.12486033638922,3.7928882400129353
100.0,25.0,4,10.0,30,4,3,1,0,72.7405172366821,19.29810344733642,4.750000000000001,4,4,0,0,28.935355132867436,12.037296665535628,3.7928882400129353
100.0,25.0,4,12.0,0,4,3,1,0,76.0,19.400000000000002,4.2,4,4,0,0,48.516387367131564,18.46415739023487,3.2641573902348697
100.0,25.0,4,12.0,15,4,3,1,0,63.97859584345383,16.995719168690766,4.2,4,4,0,0,35.47269539386008,15.855418995580573,3.2641573902348697
100.0,25.0,4,12.0,30,4,3,1,0,68.90183907586693,17.980367815173388,4.2,4,4,0,0,26.070125018803715,10.880912295190392,3.2641573902348697
100.0,25.0,6,5.0,0,4,3,1,0,89.99999999999999,24.124999999999996,6.124999999999998,4,3,1,0,89.99999999999999,23.455754860756844,5.455754860756846
100.0,25.0,6,5.0,15,4,3,1,0,77.02234778554674,21.52946955710935,6.124999999999998,4,3,1,0,75.91874161976372,20.63950318470959,5.455754860756846
100.0,25.0,6,5.0,30,4,3,1,0,79.83358383149738,21.98135636841483,5.513913840670835,4,3,1,0,49.0677111347031,14.748876989215454,4.935334762274831
100.0,25.0,6,8.0,0,4,3,1,0,84.00000000000001,22.10000000000001,5.3000000000000025,4,3,1,0,84.00000000000001,21.451888917785585,4.65188891778558
100.0,25.0,6,8.0,15,4,3,1,0,71.43216838179265,19.586433676358535,5.3000000000000025,4,3,1,0,70.36341293703435,18.72457150519245,4.65188891778558
100.0,25.0,6,8.0,30,4,3,1,0,74.15462855260802,20.02405037783332,4.708211298333863,4,3,1,0,44.36030973044933,13.019965084292863,4.147903138202996
100.0,25.0,6,10.0,0,4,3,1,0,80.0,20.75,4.750000000000001,4,3,1,0,80.0,20.11597828913807,4.1159782891380665
100.0,25.0,6,10.0,15,4,3,1,0,67.70538211262324,18.29107642252465,4.750000000000001,4,3,1,0,66.65986048188142,17.447950385514353,4.1159782891380665
100.0,25.0,6,10.0,30,4,3,1,0,70.36865836668176,18.719179717445634,4.171076270109214,4,3,1,0,41.22204212761346,11.867357147677797,3.6229487221551033
100.0,25.0,6,12.0,0,4,3,1,0,76.0,19.400000000000002,4.2,4,3,1,0,76.0,18.780067660490555,3.5800676604905535
100.0,25.0,6,12.0,15,4,3,1,0,63.97859584345383,16.995719168690766,4.2,4,3,1,0,62.956308026728514,16.171329265836256,3.5800676604905535
100.0,25.0,6,12.0,30,4,3,1,0,66.5826881807555,17.414309057057952,3.633941241884566,4,3,1,0,38.08377452477761,10.714749211062735,3.0979943061072124
100.0,25.0,8,5.0,0,4,3,1,0,89.99999999999999,24.124999999999996,6.124999999999998,4,3,1,0,89.99999999999999,23.455754860756844,5.455754860756846
100.0,25.0,8,5.0,15,4,3,1,0,77.02234778554674,21.52946955710935,6.124999999999998,4,3,1,0,75.91874161976372,20.80399580161945,5.620247477666702
100.0,25.0,8,5.0,30,4,3,1,0,79.83358383149738,21.98135636841483,5.513913840670835,4,3,1,0,49.0677111347031,14.248529070312205,4.4349868433715836
100.0,25.0,8,8.0,0,4,3,1,0,84.00000000000001,22.10000000000001,5.3000000000000025,4,3,1,0,84.00000000000001,21.451888917785585,4.65188891778558
100.0,25.0,8,8.0,15,4,3,1,0,71.43216838179265,19.586433676358535,5.3000000000000025,4,3,1,0,70.36341293703435,18.883869618410415,4.811187031003546
100.0,25.0,8,8.0,30,4,3,1,0,74.15462855260802,20.02405037783332,4.708211298333863,4,3,1,0,44.36030973044933,12.53541762598656,3.6633556798966924
100.0,25.0,8,10.0,0,4,3,1,0,80.0,20.75,4.750000000000001,4,3,1,0,80.0,20.11597828913807,4.1159782891380665
100.0,25.0,8,10.0,15,4,3,1,0,67.70538211262324,18.29107642252465,4.750000000000001,4,3,1,0,66.65986048188142,17.603785496271055,4.271813399894771
100.0,25.0,8,10.0,30,4,3,1,0,70.36865836668176,18.719179717445634,4.171076270109214,4,3,1,0,41.22204212761346,11.393343329769456,3.1489349042467625
100.0,25.0,8,12.0,0,4,3,1,0,76.0,19.400000000000002,4.2,4,3,1,0,76.0,18.780067660490555,3.5800676604905535
100.0,25.0,8,12.0,15,4,3,1,0,63.97859584345383,16.995719168690766,4.2,4,3,1,0,62.956308026728514,16.3237013741317,3.7324397687859987
100.0,25.0,8,12.0,30,4,3,1,0,66.5826881807555,17.414309057057952,3.633941241884566,4,3,1,0,38.08377452477761,10.251269033552358,2.6345141285968356
100.0,30.0,2,5.0,0,4,3,0,0,15.241767854094666,10.775550234404195,1.7643869913644672,4,4,0,0,32.15462587843594,17.856808939314114,5.538445301822929
100.0,30.0,2,5.0,15,4,3,0,0,15.241767854094666,8.180019791513548,1.7643869913644672,4,4,0,0,32.15462587843594,17.856808939314114,5.538445301822929
100.0,30.0,2,5.0,30,4,3,0,0,15.241767854094666,9.242992762148193,1.7643869913644672,4,4,0,0,32.15462587843594,13.01045684137969,5.538445301822929
100.0,30.0,2,8.0,0,4,2,0,0,11.602554132386423,9.172111805949331,1.0770905600582228,4,4,0,0,27.98132190332744,16.02975181491472,4.7319680817653635
100.0,30.0,2,8.0,15,4,2,0,0,11.602554132386423,6.65854548230786,1.0770905600582228,4,4,0,0,27.98132190332744,16.02975181491472,4.7319680817653635
100.0,30.0,2,8.0,30,4,2,0,0,11.602554132386423,7.68795088544878,1.0770905600582228,4,4,0,0,27.98132190332744,11.336442414809808,4.7319680817653635
100.0,30.0,2,10.0,0,4,2,0,0,9.17641165124759,8.103152853646085,0.6188929391873921,4,4,0,0,25.19911925325511,14.811713731981797,4.194316601726988
100.0,30.0,2,10.0,15,4,2,0,0,9.17641165124759,5.644229276170733,0.6188929391873921,4,4,0,0,25.19911925325511,14.811713731981797,4.194316601726988
100.0,30.0,2,10.0,30,4,2,0,0,9.17641165124759,6.651256300982503,0.6188929391873921,4,4,0,0,25.19911925325511,10.220432797096553,4.194316601726988
100.0,30.0,2,12.0,0,4,2,0,0,6.7502691701087585,7.034193901342838,0.16069531831656186,4,4,0,0,22.41691660318277,13.593675649048865,3.6566651216886097
100.0,30.0,2,12.0,15,4,2,0,0,6.7502691701087585,4.629913070033605,0.16069531831656186,4,4,0,0,22.41691660318277,13.593675649048865,3.6566651216886097
100.0,30.0,2,12.0,30,4,2,0,0,6.7502691701087585,5.614561716516224,0.16069531831656186,4,4,0,0,22.41691660318277,9.104423179383295,3.6566651216886097
100.0,30.0,3,5.0,0,4,3,0,0,22.276672116398544,12.092765006556775,1.9621593485602795,4,4,0,0,75.53038810053053,25.97749233477112,7.977492334771124
100.0,30.0,3,5.0,15,4,3,0,0,22.276672116398544,9.497234563666126,1.9621593485602795,4,4,0,0,61.44912972029426,23.16124065872387,7.977492334771124
100.0,30.0,3,5.0,30,4,3,0,0,22.276672116398544,10.560207534300773,1.9621593485602795,4,4,0,0,51.29862761085843,18.314888560789445,7.977492334771124
100.0,30.0,3,8.0,0,4,3,0,0,18.41530352324913,10.447730322139197,1.2686174743952208,4,4,0,0,69.98732321314537,23.89399257683099,7.093992576830985
100.0,30.0,3,8.0,15,4,3,0,0,18.41530352324913,7.934163998497725,1.2686174743952208,4,4,0,0,56.35073615017971,21.16667516423786,7.093992576830985
100.0,30.0,3,8.0,30,4,3,0,0,18.41530352324913,8.963569401638646,1.2686174743952208,4,4,0,0,46.520776212620795,16.47336576413294,7.093992576830985
100.0,30.0,3,10.0,0,4,3,0,0,15.841057794482838,9.351040532527472,0.8062562249518447,4,4,0,0,66.29194662155525,22.504992738204226,6.504992738204226
100.0,30.0,3,10.0,15,4,3,0,0,15.841057794482838,6.8921169550521215,0.8062562249518447,4,4,0,0,52.95180710343668,19.836964834580513,6.504992738204226
100.0,30.0,3,10.0,30,4,3,0,0,15.841057794482838,7.899143979863891,0.8062562249518447,4,4,0,0,43.335541947129045,15.245683899695269,6.504992738204226
100.0,30.0,3,12.0,0,4,3,0,0,13.266812065716548,8.25435074291575,0.34389497550847176,4,4,0,0,62.596570029965136,21.115992899577464,5.915992899577465
100.0,30.0,3,12.0,15,4,3,0,0,13.266812065716548,5.850069911606517,0.34389497550847176,4,4,0,0,49.55287805669365,18.507254504923168,5.915992899577465
100.0,30.0,3,12.0,30,4,3,0,0,13.266812065716548,6.834718558089136,0.34389497550847176,4,4,0,0,40.15030768163729,14.018002035257599,5.915992899577465
100.0,30.0,4,5.0,0,4,3,0,0,89.99999999999999,24.17705235654861,6.177052356548611,4,4,0,0,60.33019090769884,23.114715364458096,5.114715364458099
100.0,30.0,4,5.0,15,4,3,0,0,77.02234778554674,21.581521913657962,6.177052356548611,4,4,0,0,46.24893252746257,20.298463688410845,5.114715364458099
100.0,30.0,4,5.0,30,4,3,0,0,82.33721263871998,22.64449488429261,6.177052356548611,4,4,0,0,36.09843041802674,14.928257591398719,5.114715364458099
100.0,30.0,4,8.0,0,4,3,0,0,84.00000000000001,22.15040859792077,5.3504085979207625,4,4,0,0,55.267132247455734,21.121619089791007,4.3216190897910005
100.0,30.0,4,8.0,15,4,3,0,0,71.43216838179265,19.636842274279296,5.3504085979207625,4,4,0,0,41.630545184490074,18.39430167719787,4.3216190897910005
100.0,30.0,4,8.0,30,4,3,0,0,76.57919539749726,20.666247677420216,5.3504085979207625,4,4,0,0,31.800585246931156,13.193681035880866,4.3216190897910005
100.0,30.0,4,10.0,0,4,3,0,0,80.0,20.799312758835526,4.799312758835526,4,4,0,0,51.891759807293646,19.792888240012935,3.7928882400129353
100.0,30.0,4,10.0,15,4,3,0,0,67.70538211262324,18.340389181360177,4.799312758835526,4,4,0,0,38.55162028917507,17.12486033638922,3.7928882400129353
100.0,30.0,4,10.0,30,4,3,0,0,72.7405172366821,19.347416206171946,4.799312758835526,4,4,0,0,28.935355132867436,12.037296665535628,3.7928882400129353
100.0,30.0,4,12.0,0,4,3,0,0,76.0,19.448216919750294,4.248216919750293,4,4,0,0,48.516387367131564,18.46415739023487,3.2641573902348697
100.0,30.0,4,12.0,15,4,3,0,0,63.97859584345383,17.043936088441058,4.248216919750293,4,4,0,0,35.47269539386008,15.855418995580573,3.2641573902348697
100.0,30.0,4,12.0,30,4,3,0,0,68.90183907586693,18.02858473492368,4.248216919750293,4,4,0,0,26.070125018803715,10.880912295190392,3.2641573902348697
100.0,30.0,6,5.0,0,4,3,1,0,89.99999999999999,23.119405724163336,5.1194057241633395,4,3,1,0,89.99999999999999,23.455754860756844,5.455754860756846
100.0,30.0,6,5.0,15,4,3,1,0,77.02234778554674,20.627988772736884,5.223519215627533,4,3,1,0,75.91874161976372,20.63950318470959,5.455754860756846
100.0,30.0,6,5.0,30,4,3,1,0,79.83358383149738,21.616716766299476,5.14927423855548,4,3,1,0,49.0677111347031,14.748876989215454,4.935334762274831
100.0,30.0,6,8.0,0,4,3,1,0,84.00000000000001,21.126161332873977,4.3261613328739745,4,3,1,0,84.00000000000001,21.451888917785585,4.65188891778558
100.0,30.0,6,8.0,15,4,3,1,0,71.43216838179265,18.71342070622941,4.426987029870877,4,3,1,0,70.36341293703435,18.72457150519245,4.65188891778558
100.0,30.0,6,8.0,30,4,3,1,0,74.15462855260802,19.6709257105216,4.355086631022152,4,3,1,0,44.36030973044933,13.019965084292863,4.147903138202996
100.0,30.0,6,10.0,0,4,3,1,0,80.0,19.797331738681063,3.79733173868106,4,3,1,0,80.0,20.11597828913807,4.1159782891380665
100.0,30.0,6,10.0,15,4,3,1,0,67.70538211262324,17.43704199522442,3.8959655726997697,4,3,1,0,66.65986048188142,17.447950385514353,4.1159782891380665
100.0,30.0,6,10.0,30,4,3,1,0,70.36865836668176,18.37373167333635,3.8256282259999326,4,3,1,0,41.22204212761346,11.867357147677797,3.6229487221551033
100.0,30.0,6,12.0,0,4,3,1,0,76.0,18.46850214448815,3.268502144488148,4,3,1,0,76.0,18.780067660490555,3.5800676604905535
100.0,30.0,6,12.0,15,4,3,1,0,63.97859584345383,16.16066328421943,3.3649441155286635,4,3,1,0,62.956308026728514,16.171329265836256,3.5800676604905535
100.0,30.0,6,12.0,30,4,3,1,0,66.5826881807555,17.076537636151098,3.296169820977712,4,3,1,0,38.08377452477761,10.714749211062735,3.0979943061072124
100.0,30.0,8,5.0,0,4,3,1,0,89.99999999999999,23.119405724163336,5.1194057241633395,4,3,1,0,89.99999999999999,23.455754860756844,5.455754860756846
100.0,30.0,8,5.0,15,4,3,1,0,77.02234778554674,20.627988772736884,5.223519215627533,4,3,1,0,75.91874161976372,20.80399580161945,5.620247477666702
100.0,30.0,8,5.0,30,4,3,1,0,79.83358383149738,21.616716766299476,5.14927423855548,4,3,1,0,49.0677111347031,14.248529070312205,4.4349868433715836
100.0,30.0,8,8.0,0,4,3,1,0,84.00000000000001,21.126161332873977,4.3261613328739745,4,3,1,0,84.00000000000001,21.451888917785585,4.65188891778558
100.0,30.0,8,8.0,15,4,3,1,0,71.43216838179265,18.71342070622941,4.426987029870877,4,3,1,0,70.36341293703435,18.883869618410415,4.811187031003546
100.0,30.0,8,8.0,30,4,3,1,0,74.15462855260802,19.6709257105216,4.355086631022152,4,3,1,0,44.36030973044933,12.53541762598656,3.6633556798966924
100.0,30.0,8,10.0,0,4,3,1,0,80.0,19.797331738681063,3.79733173868106,4,3,1,0,80.0,20.11597828913807,4.1159782891380665
100.0,30.0,8,10.0,15,4,3,1,0,67.70538211262324,17.43704199522442,3.8959655726997697,4,3,1,0,66.65986048188142,17.603785496271055,4.271813399894771
100.0,30.0,8,10.0,30,4,3,1,0,70.36865836668176,18.37373167333635,3.8256282259999326,4,3,1,0,41.22204212761346,11.393343329769456,3.1489349042467625
100.0,30.0,8,12.0,0,4,3,1,0,76.0,18.46850214448815,3.268502144488148,4,3,1,0,76.0,18.780067660490555,3.5800676604905535
100.0,30.0,8,12.0,15,4,3,1,0,63.97859584345383,16.16066328421943,3.3649441155286635,4,3,1,0,62.956308026728514,16.3237013741317,3.7324397687859987
100.0,30.0,8,12.0,30,4,3,1,0,66.5826881807555,17.076537636151098,3.296169820977712,4,3,1,0,38.08377452477761,10.251269033552358,2.6345141285968356
