trigger,stop,recovery,trail,time_stop_hours,split,hook,pools,entered_pct,recovered_pct,mean_return_pct,median_return_pct,p10_return_pct,positive_pct
1.25,0.2,1.5,0.4,6,test,0x0000000000000000000000000000000000000000,5,20.0,0.0,-1.0079250022962305,0.0,-3.0237750068886915,0.0
1.25,0.2,1.5,0.4,6,test,0x2565055891704afe3e844d5b34a318108ce64144,1,0.0,0.0,0.0,0.0,0.0,0.0
1.25,0.2,1.5,0.4,6,test,0x261b0f5e05eb05c6496728f1ae4969810dbe8a80,1,0.0,0.0,0.0,0.0,0.0,0.0
1.25,0.2,1.5,0.4,6,test,0xe5e702641ea86f4ae6cc3cdaed2b886f976be044,15,13.333333333333334,0.0,-4.348338742708356,0.0,-14.276067574549964,0.0
1.25,0.2,1.5,0.4,6,train,0x0000000000000000000000000000000000000000,17,23.52941176470588,0.0,-2.0364172344255014,0.0,-10.002338837603055,5.88235294117647
1.25,0.2,1.5,0.4,6,train,0x00d18bc3fab01162f43f20c071559795fcaf4144,1,0.0,0.0,0.0,0.0,0.0,0.0
1.25,0.2,1.5,0.4,6,train,0x1e8bbf00d265e08a27e91bfbc1f9a4073c4b4144,1,100.0,0.0,-35.08425552517339,-35.08425552517339,-35.08425552517339,0.0
1.25,0.2,1.5,0.4,6,train,0x332f85e7e323214b2d55286414b059ebb1f2a044,1,100.0,100.0,32.02901202796209,32.02901202796209,32.02901202796209,100.0
1.25,0.2,1.5,0.4,6,train,0x3ad9e44cb65e518e452bfcb78952ca45b66a8a80,1,0.0,0.0,0.0,0.0,0.0,0.0
1.25,0.2,1.5,0.4,6,train,0x3bf48564e102ddf0ffd19c998e6132eee8be5000,1,0.0,0.0,0.0,0.0,0.0,0.0
1.25,0.2,1.5,0.4,6,train,0x4e3468951d49f2eea976ed0d6e75ffcb44a9a544,2,50.0,0.0,-0.8502725796594224,-0.8502725796594224,-1.5304906433869603,0.0
1.25,0.2,1.5,0.4,6,train,0x6eaae6b721b6c896bbfc30d3a7f4999d5a94ca80,1,100.0,0.0,-63.30559088878156,-63.30559088878156,-63.30559088878156,0.0
1.25,0.2,1.5,0.4,6,train,0x718793b91da00b21e5b11e89de3ec9b9b6234144,1,0.0,0.0,0.0,0.0,0.0,0.0
1.25,0.2,1.5,0.4,6,train,0x72cecfc6d9a07117d5d207537e0bfd4bdfdac0cc,1,100.0,0.0,30.98470729992946,30.98470729992946,30.98470729992946,100.0
1.25,0.2,1.5,0.4,6,train,0x75a54357d9c78a2db19004a5fdc76c50f9242aec,1,0.0,0.0,0.0,0.0,0.0,0.0
1.25,0.2,1.5,0.4,6,train,0xbc4397b7f01f347b7dfa35276ca73203f3348a80,1,0.0,0.0,0.0,0.0,0.0,0.0
1.25,0.2,1.5,0.4,6,train,0xbe3e194f0069013ae4a860b6c152131b2032c0cc,1,0.0,0.0,0.0,0.0,0.0,0.0
1.25,0.2,1.5,0.4,6,train,0xc7e90a703b7ca435089cb90b8b770353e52b0a80,1,0.0,0.0,0.0,0.0,0.0,0.0
1.25,0.2,1.5,0.4,6,train,0xe0a5a3ba19a680a72be08c39c5de4dddb1fe05c7,1,0.0,0.0,0.0,0.0,0.0,0.0
1.25,0.2,1.5,0.4,6,train,0xe5e702641ea86f4ae6cc3cdaed2b886f976be044,58,29.310344827586203,8.620689655172415,-2.2255540339954885,0.0,-24.130146829483024,8.620689655172415
1.25,0.2,1.5,0.4,6,train,0xf1ee073811b14359d850825e48d200483200edcd,1,100.0,0.0,-21.60642872918941,-21.60642872918941,-21.60642872918941,0.0
1.25,0.2,1.5,0.4,12,test,0x0000000000000000000000000000000000000000,5,20.0,0.0,-2.2755343016473906,0.0,-6.826602904942171,0.0
1.25,0.2,1.5,0.4,12,test,0x2565055891704afe3e844d5b34a318108ce64144,1,0.0,0.0,0.0,0.0,0.0,0.0
1.25,0.2,1.5,0.4,12,test,0x261b0f5e05eb05c6496728f1ae4969810dbe8a80,1,0.0,0.0,0.0,0.0,0.0,0.0
1.25,0.2,1.5,0.4,12,test,0xe5e702641ea86f4ae6cc3cdaed2b886f976be044,15,13.333333333333334,0.0,-4.348338742708356,0.0,-14.276067574549964,0.0
1.25,0.2,1.5,0.4,12,train,0x0000000000000000000000000000000000000000,17,23.52941176470588,0.0,-2.0364172344255014,0.0,-10.002338837603055,5.88235294117647
1.25,0.2,1.5,0.4,12,train,0x00d18bc3fab01162f43f20c071559795fcaf4144,1,0.0,0.0,0.0,0.0,0.0,0.0
1.25,0.2,1.5,0.4,12,train,0x1e8bbf00d265e08a27e91bfbc1f9a4073c4b4144,1,100.0,0.0,-35.08425552517339,-35.08425552517339,-35.08425552517339,0.0
1.25,0.2,1.5,0.4,12,train,0x332f85e7e323214b2d55286414b059ebb1f2a044,1,100.0,100.0,32.02901202796209,32.02901202796209,32.02901202796209,100.0
1.25,0.2,1.5,0.4,12,train,0x3ad9e44cb65e518e452bfcb78952ca45b66a8a80,1,0.0,0.0,0.0,0.0,0.0,0.0
1.25,0.2,1.5,0.4,12,train,0x3bf48564e102ddf0ffd19c998e6132eee8be5000,1,0.0,0.0,0.0,0.0,0.0,0.0
1.25,0.2,1.5,0.4,12,train,0x4e3468951d49f2eea976ed0d6e75ffcb44a9a544,2,50.0,0.0,11.790698496221474,11.790698496221474,2.358139699244295,50.0
1.25,0.2,1.5,0.4,12,train,0x6eaae6b721b6c896bbfc30d3a7f4999d5a94ca80,1,100.0,0.0,-63.30559088878156,-63.30559088878156,-63.30559088878156,0.0
1.25,0.2,1.5,0.4,12,train,0x718793b91da00b21e5b11e89de3ec9b9b6234144,1,0.0,0.0,0.0,0.0,0.0,0.0
1.25,0.2,1.5,0.4,12,train,0x72cecfc6d9a07117d5d207537e0bfd4bdfdac0cc,1,100.0,0.0,30.98470729992946,30.98470729992946,30.98470729992946,100.0
1.25,0.2,1.5,0.4,12,train,0x75a54357d9c78a2db19004a5fdc76c50f9242aec,1,0.0,0.0,0.0,0.0,0.0,0.0
1.25,0.2,1.5,0.4,12,train,0xbc4397b7f01f347b7dfa35276ca73203f3348a80,1,0.0,0.0,0.0,0.0,0.0,0.0
1.25,0.2,1.5,0.4,12,train,0xbe3e194f0069013ae4a860b6c152131b2032c0cc,1,0.0,0.0,0.0,0.0,0.0,0.0
1.25,0.2,1.5,0.4,12,train,0xc7e90a703b7ca435089cb90b8b770353e52b0a80,1,0.0,0.0,0.0,0.0,0.0,0.0
1.25,0.2,1.5,0.4,12,train,0xe0a5a3ba19a680a72be08c39c5de4dddb1fe05c7,1,0.0,0.0,0.0,0.0,0.0,0.0
1.25,0.2,1.5,0.4,12,train,0xe5e702641ea86f4ae6cc3cdaed2b886f976be044,58,29.310344827586203,8.620689655172415,-2.2255540339954885,0.0,-24.130146829483024,8.620689655172415
1.25,0.2,1.5,0.4,12,train,0xf1ee073811b14359d850825e48d200483200edcd,1,100.0,0.0,-21.60642872918941,-21.60642872918941,-21.60642872918941,0.0
1.25,0.2,1.5,0.4,24,test,0x0000000000000000000000000000000000000000,5,20.0,0.0,-0.15514513866313306,0.0,-0.4654354159893992,0.0
1.25,0.2,1.5,0.4,24,test,0x2565055891704afe3e844d5b34a318108ce64144,1,0.0,0.0,0.0,0.0,0.0,0.0
1.25,0.2,1.5,0.4,24,test,0x261b0f5e05eb05c6496728f1ae4969810dbe8a80,1,0.0,0.0,0.0,0.0,0.0,0.0
1.25,0.2,1.5,0.4,24,test,0xe5e702641ea86f4ae6cc3cdaed2b886f976be044,15,13.333333333333334,0.0,-4.348338742708356,0.0,-14.276067574549964,0.0
1.25,0.2,1.5,0.4,24,train,0x0000000000000000000000000000000000000000,17,23.52941176470588,0.0,-2.0364172344255014,0.0,-10.002338837603055,5.88235294117647
1.25,0.2,1.5,0.4,24,train,0x00d18bc3fab01162f43f20c071559795fcaf4144,1,0.0,0.0,0.0,0.0,0.0,0.0
1.25,0.2,1.5,0.4,24,train,0x1e8bbf00d265e08a27e91bfbc1f9a4073c4b4144,1,100.0,0.0,-35.08425552517339,-35.08425552517339,-35.08425552517339,0.0
1.25,0.2,1.5,0.4,24,train,0x332f85e7e323214b2d55286414b059ebb1f2a044,1,100.0,100.0,32.02901202796209,32.02901202796209,32.02901202796209,100.0
1.25,0.2,1.5,0.4,24,train,0x3ad9e44cb65e518e452bfcb78952ca45b66a8a80,1,0.0,0.0,0.0,0.0,0.0,0.0
1.25,0.2,1.5,0.4,24,train,0x3bf48564e102ddf0ffd19c998e6132eee8be5000,1,0.0,0.0,0.0,0.0,0.0,0.0
1.25,0.2,1.5,0.4,24,train,0x4e3468951d49f2eea976ed0d6e75ffcb44a9a544,2,50.0,0.0,1.9040477994742067,1.9040477994742067,0.38080955989484133,50.0
1.25,0.2,1.5,0.4,24,train,0x6eaae6b721b6c896bbfc30d3a7f4999d5a94ca80,1,100.0,0.0,-63.30559088878156,-63.30559088878156,-63.30559088878156,0.0
1.25,0.2,1.5,0.4,24,train,0x718793b91da00b21e5b11e89de3ec9b9b6234144,1,0.0,0.0,0.0,0.0,0.0,0.0
1.25,0.2,1.5,0.4,24,train,0x72cecfc6d9a07117d5d207537e0bfd4bdfdac0cc,1,100.0,0.0,30.98470729992946,30.98470729992946,30.98470729992946,100.0
1.25,0.2,1.5,0.4,24,train,0x75a54357d9c78a2db19004a5fdc76c50f9242aec,1,0.0,0.0,0.0,0.0,0.0,0.0
1.25,0.2,1.5,0.4,24,train,0xbc4397b7f01f347b7dfa35276ca73203f3348a80,1,0.0,0.0,0.0,0.0,0.0,0.0
1.25,0.2,1.5,0.4,24,train,0xbe3e194f0069013ae4a860b6c152131b2032c0cc,1,0.0,0.0,0.0,0.0,0.0,0.0
1.25,0.2,1.5,0.4,24,train,0xc7e90a703b7ca435089cb90b8b770353e52b0a80,1,0.0,0.0,0.0,0.0,0.0,0.0
1.25,0.2,1.5,0.4,24,train,0xe0a5a3ba19a680a72be08c39c5de4dddb1fe05c7,1,0.0,0.0,0.0,0.0,0.0,0.0
1.25,0.2,1.5,0.4,24,train,0xe5e702641ea86f4ae6cc3cdaed2b886f976be044,58,29.310344827586203,8.620689655172415,-2.2255540339954885,0.0,-24.130146829483024,8.620689655172415
1.25,0.2,1.5,0.4,24,train,0xf1ee073811b14359d850825e48d200483200edcd,1,100.0,0.0,-21.60642872918941,-21.60642872918941,-21.60642872918941,0.0
1.25,0.2,1.5,0.55,6,test,0x0000000000000000000000000000000000000000,5,20.0,0.0,-1.0079250022962305,0.0,-3.0237750068886915,0.0
1.25,0.2,1.5,0.55,6,test,0x2565055891704afe3e844d5b34a318108ce64144,1,0.0,0.0,0.0,0.0,0.0,0.0
1.25,0.2,1.5,0.55,6,test,0x261b0f5e05eb05c6496728f1ae4969810dbe8a80,1,0.0,0.0,0.0,0.0,0.0,0.0
1.25,0.2,1.5,0.55,6,test,0xe5e702641ea86f4ae6cc3cdaed2b886f976be044,15,13.333333333333334,0.0,-4.348338742708356,0.0,-14.276067574549964,0.0
1.25,0.2,1.5,0.55,6,train,0x0000000000000000000000000000000000000000,17,23.52941176470588,0.0,-2.0364172344255014,0.0,-10.002338837603055,5.88235294117647
1.25,0.2,1.5,0.55,6,train,0x00d18bc3fab01162f43f20c071559795fcaf4144,1,0.0,0.0,0.0,0.0,0.0,0.0
1.25,0.2,1.5,0.55,6,train,0x1e8bbf00d265e08a27e91bfbc1f9a4073c4b4144,1,100.0,0.0,-35.08425552517339,-35.08425552517339,-35.08425552517339,0.0
1.25,0.2,1.5,0.55,6,train,0x332f85e7e323214b2d55286414b059ebb1f2a044,1,100.0,100.0,21.287193143039218,21.287193143039218,21.287193143039218,100.0
1.25,0.2,1.5,0.55,6,train,0x3ad9e44cb65e518e452bfcb78952ca45b66a8a80,1,0.0,0.0,0.0,0.0,0.0,0.0
1.25,0.2,1.5,0.55,6,train,0x3bf48564e102ddf0ffd19c998e6132eee8be5000,1,0.0,0.0,0.0,0.0,0.0,0.0
1.25,0.2,1.5,0.55,6,train,0x4e3468951d49f2eea976ed0d6e75ffcb44a9a544,2,50.0,0.0,-0.8502725796594224,-0.8502725796594224,-1.5304906433869603,0.0
1.25,0.2,1.5,0.55,6,train,0x6eaae6b721b6c896bbfc30d3a7f4999d5a94ca80,1,100.0,0.0,-63.30559088878156,-63.30559088878156,-63.30559088878156,0.0
1.25,0.2,1.5,0.55,6,train,0x718793b91da00b21e5b11e89de3ec9b9b6234144,1,0.0,0.0,0.0,0.0,0.0,0.0
1.25,0.2,1.5,0.55,6,train,0x72cecfc6d9a07117d5d207537e0bfd4bdfdac0cc,1,100.0,0.0,30.98470729992946,30.98470729992946,30.98470729992946,100.0
1.25,0.2,1.5,0.55,6,train,0x75a54357d9c78a2db19004a5fdc76c50f9242aec,1,0.0,0.0,0.0,0.0,0.0,0.0
1.25,0.2,1.5,0.55,6,train,0xbc4397b7f01f347b7dfa35276ca73203f3348a80,1,0.0,0.0,0.0,0.0,0.0,0.0
1.25,0.2,1.5,0.55,6,train,0xbe3e194f0069013ae4a860b6c152131b2032c0cc,1,0.0,0.0,0.0,0.0,0.0,0.0
1.25,0.2,1.5,0.55,6,train,0xc7e90a703b7ca435089cb90b8b770353e52b0a80,1,0.0,0.0,0.0,0.0,0.0,0.0
1.25,0.2,1.5,0.55,6,train,0xe0a5a3ba19a680a72be08c39c5de4dddb1fe05c7,1,0.0,0.0,0.0,0.0,0.0,0.0
1.25,0.2,1.5,0.55,6,train,0xe5e702641ea86f4ae6cc3cdaed2b886f976be044,58,29.310344827586203,8.620689655172415,-3.0838176701554363,0.0,-24.130146829483024,8.620689655172415
1.25,0.2,1.5,0.55,6,train,0xf1ee073811b14359d850825e48d200483200edcd,1,100.0,0.0,-21.60642872918941,-21.60642872918941,-21.60642872918941,0.0
1.25,0.2,1.5,0.55,12,test,0x0000000000000000000000000000000000000000,5,20.0,0.0,-2.2755343016473906,0.0,-6.826602904942171,0.0
1.25,0.2,1.5,0.55,12,test,0x2565055891704afe3e844d5b34a318108ce64144,1,0.0,0.0,0.0,0.0,0.0,0.0
1.25,0.2,1.5,0.55,12,test,0x261b0f5e05eb05c6496728f1ae4969810dbe8a80,1,0.0,0.0,0.0,0.0,0.0,0.0
1.25,0.2,1.5,0.55,12,test,0xe5e702641ea86f4ae6cc3cdaed2b886f976be044,15,13.333333333333334,0.0,-4.348338742708356,0.0,-14.276067574549964,0.0
1.25,0.2,1.5,0.55,12,train,0x0000000000000000000000000000000000000000,17,23.52941176470588,0.0,-2.0364172344255014,0.0,-10.002338837603055,5.88235294117647
1.25,0.2,1.5,0.55,12,train,0x00d18bc3fab01162f43f20c071559795fcaf4144,1,0.0,0.0,0.0,0.0,0.0,0.0
1.25,0.2,1.5,0.55,12,train,0x1e8bbf00d265e08a27e91bfbc1f9a4073c4b4144,1,100.0,0.0,-35.08425552517339,-35.08425552517339,-35.08425552517339,0.0
1.25,0.2,1.5,0.55,12,train,0x332f85e7e323214b2d55286414b059ebb1f2a044,1,100.0,100.0,21.287193143039218,21.287193143039218,21.287193143039218,100.0
1.25,0.2,1.5,0.55,12,train,0x3ad9e44cb65e518e452bfcb78952ca45b66a8a80,1,0.0,0.0,0.0,0.0,0.0,0.0
1.25,0.2,1.5,0.55,12,train,0x3bf48564e102ddf0ffd19c998e6132eee8be5000,1,0.0,0.0,0.0,0.0,0.0,0.0
1.25,0.2,1.5,0.55,12,train,0x4e3468951d49f2eea976ed0d6e75ffcb44a9a544,2,50.0,0.0,11.790698496221474,11.790698496221474,2.358139699244295,50.0
1.25,0.2,1.5,0.55,12,train,0x6eaae6b721b6c896bbfc30d3a7f4999d5a94ca80,1,100.0,0.0,-63.30559088878156,-63.30559088878156,-63.30559088878156,0.0
1.25,0.2,1.5,0.55,12,train,0x718793b91da00b21e5b11e89de3ec9b9b6234144,1,0.0,0.0,0.0,0.0,0.0,0.0
1.25,0.2,1.5,0.55,12,train,0x72cecfc6d9a07117d5d207537e0bfd4bdfdac0cc,1,100.0,0.0,30.98470729992946,30.98470729992946,30.98470729992946,100.0
1.25,0.2,1.5,0.55,12,train,0x75a54357d9c78a2db19004a5fdc76c50f9242aec,1,0.0,0.0,0.0,0.0,0.0,0.0
1.25,0.2,1.5,0.55,12,train,0xbc4397b7f01f347b7dfa35276ca73203f3348a80,1,0.0,0.0,0.0,0.0,0.0,0.0
1.25,0.2,1.5,0.55,12,train,0xbe3e194f0069013ae4a860b6c152131b2032c0cc,1,0.0,0.0,0.0,0.0,0.0,0.0
1.25,0.2,1.5,0.55,12,train,0xc7e90a703b7ca435089cb90b8b770353e52b0a80,1,0.0,0.0,0.0,0.0,0.0,0.0
1.25,0.2,1.5,0.55,12,train,0xe0a5a3ba19a680a72be08c39c5de4dddb1fe05c7,1,0.0,0.0,0.0,0.0,0.0,0.0
1.25,0.2,1.5,0.55,12,train,0xe5e702641ea86f4ae6cc3cdaed2b886f976be044,58,29.310344827586203,8.620689655172415,-3.0838176701554363,0.0,-24.130146829483024,8.620689655172415
1.25,0.2,1.5,0.55,12,train,0xf1ee073811b14359d850825e48d200483200edcd,1,100.0,0.0,-21.60642872918941,-21.60642872918941,-21.60642872918941,0.0
1.25,0.2,1.5,0.55,24,test,0x0000000000000000000000000000000000000000,5,20.0,0.0,-0.15514513866313306,0.0,-0.4654354159893992,0.0
1.25,0.2,1.5,0.55,24,test,0x2565055891704afe3e844d5b34a318108ce64144,1,0.0,0.0,0.0,0.0,0.0,0.0
1.25,0.2,1.5,0.55,24,test,0x261b0f5e05eb05c6496728f1ae4969810dbe8a80,1,0.0,0.0,0.0,0.0,0.0,0.0
1.25,0.2,1.5,0.55,24,test,0xe5e702641ea86f4ae6cc3cdaed2b886f976be044,15,13.333333333333334,0.0,-4.348338742708356,0.0,-14.276067574549964,0.0
1.25,0.2,1.5,0.55,24,train,0x0000000000000000000000000000000000000000,17,23.52941176470588,0.0,-2.0364172344255014,0.0,-10.002338837603055,5.88235294117647
1.25,0.2,1.5,0.55,24,train,0x00d18bc3fab01162f43f20c071559795fcaf4144,1,0.0,0.0,0.0,0.0,0.0,0.0
1.25,0.2,1.5,0.55,24,train,0x1e8bbf00d265e08a27e91bfbc1f9a4073c4b4144,1,100.0,0.0,-35.08425552517339,-35.08425552517339,-35.08425552517339,0.0
1.25,0.2,1.5,0.55,24,train,0x332f85e7e323214b2d55286414b059ebb1f2a044,1,100.0,100.0,21.287193143039218,21.287193143039218,21.287193143039218,100.0
1.25,0.2,1.5,0.55,24,train,0x3ad9e44cb65e518e452bfcb78952ca45b66a8a80,1,0.0,0.0,0.0,0.0,0.0,0.0
1.25,0.2,1.5,0.55,24,train,0x3bf48564e102ddf0ffd19c998e6132eee8be5000,1,0.0,0.0,0.0,0.0,0.0,0.0
1.25,0.2,1.5,0.55,24,train,0x4e3468951d49f2eea976ed0d6e75ffcb44a9a544,2,50.0,0.0,1.9040477994742067,1.9040477994742067,0.38080955989484133,50.0
1.25,0.2,1.5,0.55,24,train,0x6eaae6b721b6c896bbfc30d3a7f4999d5a94ca80,1,100.0,0.0,-63.30559088878156,-63.30559088878156,-63.30559088878156,0.0
1.25,0.2,1.5,0.55,24,train,0x718793b91da00b21e5b11e89de3ec9b9b6234144,1,0.0,0.0,0.0,0.0,0.0,0.0
1.25,0.2,1.5,0.55,24,train,0x72cecfc6d9a07117d5d207537e0bfd4bdfdac0cc,1,100.0,0.0,30.98470729992946,30.98470729992946,30.98470729992946,100.0
1.25,0.2,1.5,0.55,24,train,0x75a54357d9c78a2db19004a5fdc76c50f9242aec,1,0.0,0.0,0.0,0.0,0.0,0.0
1.25,0.2,1.5,0.55,24,train,0xbc4397b7f01f347b7dfa35276ca73203f3348a80,1,0.0,0.0,0.0,0.0,0.0,0.0
1.25,0.2,1.5,0.55,24,train,0xbe3e194f0069013ae4a860b6c152131b2032c0cc,1,0.0,0.0,0.0,0.0,0.0,0.0
1.25,0.2,1.5,0.55,24,train,0xc7e90a703b7ca435089cb90b8b770353e52b0a80,1,0.0,0.0,0.0,0.0,0.0,0.0
1.25,0.2,1.5,0.55,24,train,0xe0a5a3ba19a680a72be08c39c5de4dddb1fe05c7,1,0.0,0.0,0.0,0.0,0.0,0.0
1.25,0.2,1.5,0.55,24,train,0xe5e702641ea86f4ae6cc3cdaed2b886f976be044,58,29.310344827586203,8.620689655172415,-3.0838176701554363,0.0,-24.130146829483024,8.620689655172415
1.25,0.2,1.5,0.55,24,train,0xf1ee073811b14359d850825e48d200483200edcd,1,100.0,0.0,-21.60642872918941,-21.60642872918941,-21.60642872918941,0.0
1.25,0.2,1.5,0.7,6,test,0x0000000000000000000000000000000000000000,5,20.0,0.0,-1.0079250022962305,0.0,-3.0237750068886915,0.0
1.25,0.2,1.5,0.7,6,test,0x2565055891704afe3e844d5b34a318108ce64144,1,0.0,0.0,0.0,0.0,0.0,0.0
1.25,0.2,1.5,0.7,6,test,0x261b0f5e05eb05c6496728f1ae4969810dbe8a80,1,0.0,0.0,0.0,0.0,0.0,0.0
1.25,0.2,1.5,0.7,6,test,0xe5e702641ea86f4ae6cc3cdaed2b886f976be044,15,13.333333333333334,0.0,-4.348338742708356,0.0,-14.276067574549964,0.0
1.25,0.2,1.5,0.7,6,train,0x0000000000000000000000000000000000000000,17,23.52941176470588,0.0,-2.0364172344255014,0.0,-10.002338837603055,5.88235294117647
1.25,0.2,1.5,0.7,6,train,0x00d18bc3fab01162f43f20c071559795fcaf4144,1,0.0,0.0,0.0,0.0,0.0,0.0
1.25,0.2,1.5,0.7,6,train,0x1e8bbf00d265e08a27e91bfbc1f9a4073c4b4144,1,100.0,0.0,-35.08425552517339,-35.08425552517339,-35.08425552517339,0.0
1.25,0.2,1.5,0.7,6,train,0x332f85e7e323214b2d55286414b059ebb1f2a044,1,100.0,100.0,16.84026376224228,16.84026376224228,16.84026376224228,100.0
1.25,0.2,1.5,0.7,6,train,0x3ad9e44cb65e518e452bfcb78952ca45b66a8a80,1,0.0,0.0,0.0,0.0,0.0,0.0
1.25,0.2,1.5,0.7,6,train,0x3bf48564e102ddf0ffd19c998e6132eee8be5000,1,0.0,0.0,0.0,0.0,0.0,0.0
1.25,0.2,1.5,0.7,6,train,0x4e3468951d49f2eea976ed0d6e75ffcb44a9a544,2,50.0,0.0,-0.8502725796594224,-0.8502725796594224,-1.5304906433869603,0.0
1.25,0.2,1.5,0.7,6,train,0x6eaae6b721b6c896bbfc30d3a7f4999d5a94ca80,1,100.0,0.0,-63.30559088878156,-63.30559088878156,-63.30559088878156,0.0
1.25,0.2,1.5,0.7,6,train,0x718793b91da00b21e5b11e89de3ec9b9b6234144,1,0.0,0.0,0.0,0.0,0.0,0.0
1.25,0.2,1.5,0.7,6,train,0x72cecfc6d9a07117d5d207537e0bfd4bdfdac0cc,1,100.0,0.0,30.98470729992946,30.98470729992946,30.98470729992946,100.0
1.25,0.2,1.5,0.7,6,train,0x75a54357d9c78a2db19004a5fdc76c50f9242aec,1,0.0,0.0,0.0,0.0,0.0,0.0
1.25,0.2,1.5,0.7,6,train,0xbc4397b7f01f347b7dfa35276ca73203f3348a80,1,0.0,0.0,0.0,0.0,0.0,0.0
1.25,0.2,1.5,0.7,6,train,0xbe3e194f0069013ae4a860b6c152131b2032c0cc,1,0.0,0.0,0.0,0.0,0.0,0.0
1.25,0.2,1.5,0.7,6,train,0xc7e90a703b7ca435089cb90b8b770353e52b0a80,1,0.0,0.0,0.0,0.0,0.0,0.0
1.25,0.2,1.5,0.7,6,train,0xe0a5a3ba19a680a72be08c39c5de4dddb1fe05c7,1,0.0,0.0,0.0,0.0,0.0,0.0
1.25,0.2,1.5,0.7,6,train,0xe5e702641ea86f4ae6cc3cdaed2b886f976be044,58,29.310344827586203,8.620689655172415,-4.08157861701964,0.0,-24.130146829483024,8.620689655172415
1.25,0.2,1.5,0.7,6,train,0xf1ee073811b14359d850825e48d200483200edcd,1,100.0,0.0,-21.60642872918941,-21.60642872918941,-21.60642872918941,0.0
1.25,0.2,1.5,0.7,12,test,0x0000000000000000000000000000000000000000,5,20.0,0.0,-2.2755343016473906,0.0,-6.826602904942171,0.0
1.25,0.2,1.5,0.7,12,test,0x2565055891704afe3e844d5b34a318108ce64144,1,0.0,0.0,0.0,0.0,0.0,0.0
1.25,0.2,1.5,0.7,12,test,0x261b0f5e05eb05c6496728f1ae4969810dbe8a80,1,0.0,0.0,0.0,0.0,0.0,0.0
1.25,0.2,1.5,0.7,12,test,0xe5e702641ea86f4ae6cc3cdaed2b886f976be044,15,13.333333333333334,0.0,-4.348338742708356,0.0,-14.276067574549964,0.0
1.25,0.2,1.5,0.7,12,train,0x0000000000000000000000000000000000000000,17,23.52941176470588,0.0,-2.0364172344255014,0.0,-10.002338837603055,5.88235294117647
1.25,0.2,1.5,0.7,12,train,0x00d18bc3fab01162f43f20c071559795fcaf4144,1,0.0,0.0,0.0,0.0,0.0,0.0
1.25,0.2,1.5,0.7,12,train,0x1e8bbf00d265e08a27e91bfbc1f9a4073c4b4144,1,100.0,0.0,-35.08425552517339,-35.08425552517339,-35.08425552517339,0.0
1.25,0.2,1.5,0.7,12,train,0x332f85e7e323214b2d55286414b059ebb1f2a044,1,100.0,100.0,16.84026376224228,16.84026376224228,16.84026376224228,100.0
1.25,0.2,1.5,0.7,12,train,0x3ad9e44cb65e518e452bfcb78952ca45b66a8a80,1,0.0,0.0,0.0,0.0,0.0,0.0
1.25,0.2,1.5,0.7,12,train,0x3bf48564e102ddf0ffd19c998e6132eee8be5000,1,0.0,0.0,0.0,0.0,0.0,0.0
1.25,0.2,1.5,0.7,12,train,0x4e3468951d49f2eea976ed0d6e75ffcb44a9a544,2,50.0,0.0,11.790698496221474,11.790698496221474,2.358139699244295,50.0
1.25,0.2,1.5,0.7,12,train,0x6eaae6b721b6c896bbfc30d3a7f4999d5a94ca80,1,100.0,0.0,-63.30559088878156,-63.30559088878156,-63.30559088878156,0.0
1.25,0.2,1.5,0.7,12,train,0x718793b91da00b21e5b11e89de3ec9b9b6234144,1,0.0,0.0,0.0,0.0,0.0,0.0
1.25,0.2,1.5,0.7,12,train,0x72cecfc6d9a07117d5d207537e0bfd4bdfdac0cc,1,100.0,0.0,30.98470729992946,30.98470729992946,30.98470729992946,100.0
1.25,0.2,1.5,0.7,12,train,0x75a54357d9c78a2db19004a5fdc76c50f9242aec,1,0.0,0.0,0.0,0.0,0.0,0.0
1.25,0.2,1.5,0.7,12,train,0xbc4397b7f01f347b7dfa35276ca73203f3348a80,1,0.0,0.0,0.0,0.0,0.0,0.0
1.25,0.2,1.5,0.7,12,train,0xbe3e194f0069013ae4a860b6c152131b2032c0cc,1,0.0,0.0,0.0,0.0,0.0,0.0
1.25,0.2,1.5,0.7,12,train,0xc7e90a703b7ca435089cb90b8b770353e52b0a80,1,0.0,0.0,0.0,0.0,0.0,0.0
1.25,0.2,1.5,0.7,12,train,0xe0a5a3ba19a680a72be08c39c5de4dddb1fe05c7,1,0.0,0.0,0.0,0.0,0.0,0.0
1.25,0.2,1.5,0.7,12,train,0xe5e702641ea86f4ae6cc3cdaed2b886f976be044,58,29.310344827586203,8.620689655172415,-4.08157861701964,0.0,-24.130146829483024,8.620689655172415
1.25,0.2,1.5,0.7,12,train,0xf1ee073811b14359d850825e48d200483200edcd,1,100.0,0.0,-21.60642872918941,-21.60642872918941,-21.60642872918941,0.0
1.25,0.2,1.5,0.7,24,test,0x0000000000000000000000000000000000000000,5,20.0,0.0,-0.15514513866313306,0.0,-0.4654354159893992,0.0
1.25,0.2,1.5,0.7,24,test,0x2565055891704afe3e844d5b34a318108ce64144,1,0.0,0.0,0.0,0.0,0.0,0.0
1.25,0.2,1.5,0.7,24,test,0x261b0f5e05eb05c6496728f1ae4969810dbe8a80,1,0.0,0.0,0.0,0.0,0.0,0.0
1.25,0.2,1.5,0.7,24,test,0xe5e702641ea86f4ae6cc3cdaed2b886f976be044,15,13.333333333333334,0.0,-4.348338742708356,0.0,-14.276067574549964,0.0
1.25,0.2,1.5,0.7,24,train,0x0000000000000000000000000000000000000000,17,23.52941176470588,0.0,-2.0364172344255014,0.0,-10.002338837603055,5.88235294117647
1.25,0.2,1.5,0.7,24,train,0x00d18bc3fab01162f43f20c071559795fcaf4144,1,0.0,0.0,0.0,0.0,0.0,0.0
1.25,0.2,1.5,0.7,24,train,0x1e8bbf00d265e08a27e91bfbc1f9a4073c4b4144,1,100.0,0.0,-35.08425552517339,-35.08425552517339,-35.08425552517339,0.0
1.25,0.2,1.5,0.7,24,train,0x332f85e7e323214b2d55286414b059ebb1f2a044,1,100.0,100.0,16.84026376224228,16.84026376224228,16.84026376224228,100.0
1.25,0.2,1.5,0.7,24,train,0x3ad9e44cb65e518e452bfcb78952ca45b66a8a80,1,0.0,0.0,0.0,0.0,0.0,0.0
1.25,0.2,1.5,0.7,24,train,0x3bf48564e102ddf0ffd19c998e6132eee8be5000,1,0.0,0.0,0.0,0.0,0.0,0.0
1.25,0.2,1.5,0.7,24,train,0x4e3468951d49f2eea976ed0d6e75ffcb44a9a544,2,50.0,0.0,1.9040477994742067,1.9040477994742067,0.38080955989484133,50.0
1.25,0.2,1.5,0.7,24,train,0x6eaae6b721b6c896bbfc30d3a7f4999d5a94ca80,1,100.0,0.0,-63.30559088878156,-63.30559088878156,-63.30559088878156,0.0
1.25,0.2,1.5,0.7,24,train,0x718793b91da00b21e5b11e89de3ec9b9b6234144,1,0.0,0.0,0.0,0.0,0.0,0.0
1.25,0.2,1.5,0.7,24,train,0x72cecfc6d9a07117d5d207537e0bfd4bdfdac0cc,1,100.0,0.0,30.98470729992946,30.98470729992946,30.98470729992946,100.0
1.25,0.2,1.5,0.7,24,train,0x75a54357d9c78a2db19004a5fdc76c50f9242aec,1,0.0,0.0,0.0,0.0,0.0,0.0
1.25,0.2,1.5,0.7,24,train,0xbc4397b7f01f347b7dfa35276ca73203f3348a80,1,0.0,0.0,0.0,0.0,0.0,0.0
1.25,0.2,1.5,0.7,24,train,0xbe3e194f0069013ae4a860b6c152131b2032c0cc,1,0.0,0.0,0.0,0.0,0.0,0.0
1.25,0.2,1.5,0.7,24,train,0xc7e90a703b7ca435089cb90b8b770353e52b0a80,1,0.0,0.0,0.0,0.0,0.0,0.0
1.25,0.2,1.5,0.7,24,train,0xe0a5a3ba19a680a72be08c39c5de4dddb1fe05c7,1,0.0,0.0,0.0,0.0,0.0,0.0
1.25,0.2,1.5,0.7,24,train,0xe5e702641ea86f4ae6cc3cdaed2b886f976be044,58,29.310344827586203,8.620689655172415,-4.08157861701964,0.0,-24.130146829483024,8.620689655172415
1.25,0.2,1.5,0.7,24,train,0xf1ee073811b14359d850825e48d200483200edcd,1,100.0,0.0,-21.60642872918941,-21.60642872918941,-21.60642872918941,0.0
1.25,0.2,2.0,0.4,6,test,0x0000000000000000000000000000000000000000,5,20.0,0.0,-1.0079250022962305,0.0,-3.0237750068886915,0.0
1.25,0.2,2.0,0.4,6,test,0x2565055891704afe3e844d5b34a318108ce64144,1,0.0,0.0,0.0,0.0,0.0,0.0
1.25,0.2,2.0,0.4,6,test,0x261b0f5e05eb05c6496728f1ae4969810dbe8a80,1,0.0,0.0,0.0,0.0,0.0,0.0
1.25,0.2,2.0,0.4,6,test,0xe5e702641ea86f4ae6cc3cdaed2b886f976be044,15,13.333333333333334,0.0,-4.348338742708356,0.0,-14.276067574549964,0.0
1.25,0.2,2.0,0.4,6,train,0x0000000000000000000000000000000000000000,17,23.52941176470588,0.0,-2.0364172344255014,0.0,-10.002338837603055,5.88235294117647
1.25,0.2,2.0,0.4,6,train,0x00d18bc3fab01162f43f20c071559795fcaf4144,1,0.0,0.0,0.0,0.0,0.0,0.0
1.25,0.2,2.0,0.4,6,train,0x1e8bbf00d265e08a27e91bfbc1f9a4073c4b4144,1,100.0,0.0,-35.08425552517339,-35.08425552517339,-35.08425552517339,0.0
1.25,0.2,2.0,0.4,6,train,0x332f85e7e323214b2d55286414b059ebb1f2a044,1,100.0,0.0,7.33592572947348,7.33592572947348,7.33592572947348,100.0
1.25,0.2,2.0,0.4,6,train,0x3ad9e44cb65e518e452bfcb78952ca45b66a8a80,1,0.0,0.0,0.0,0.0,0.0,0.0
1.25,0.2,2.0,0.4,6,train,0x3bf48564e102ddf0ffd19c998e6132eee8be5000,1,0.0,0.0,0.0,0.0,0.0,0.0
1.25,0.2,2.0,0.4,6,train,0x4e3468951d49f2eea976ed0d6e75ffcb44a9a544,2,50.0,0.0,-0.8502725796594224,-0.8502725796594224,-1.5304906433869603,0.0
1.25,0.2,2.0,0.4,6,train,0x6eaae6b721b6c896bbfc30d3a7f4999d5a94ca80,1,100.0,0.0,-63.30559088878156,-63.30559088878156,-63.30559088878156,0.0
1.25,0.2,2.0,0.4,6,train,0x718793b91da00b21e5b11e89de3ec9b9b6234144,1,0.0,0.0,0.0,0.0,0.0,0.0
1.25,0.2,2.0,0.4,6,train,0x72cecfc6d9a07117d5d207537e0bfd4bdfdac0cc,1,100.0,0.0,30.98470729992946,30.98470729992946,30.98470729992946,100.0
1.25,0.2,2.0,0.4,6,train,0x75a54357d9c78a2db19004a5fdc76c50f9242aec,1,0.0,0.0,0.0,0.0,0.0,0.0
1.25,0.2,2.0,0.4,6,train,0xbc4397b7f01f347b7dfa35276ca73203f3348a80,1,0.0,0.0,0.0,0.0,0.0,0.0
1.25,0.2,2.0,0.4,6,train,0xbe3e194f0069013ae4a860b6c152131b2032c0cc,1,0.0,0.0,0.0,0.0,0.0,0.0
1.25,0.2,2.0,0.4,6,train,0xc7e90a703b7ca435089cb90b8b770353e52b0a80,1,0.0,0.0,0.0,0.0,0.0,0.0
1.25,0.2,2.0,0.4,6,train,0xe0a5a3ba19a680a72be08c39c5de4dddb1fe05c7,1,0.0,0.0,0.0,0.0,0.0,0.0
1.25,0.2,2.0,0.4,6,train,0xe5e702641ea86f4ae6cc3cdaed2b886f976be044,58,29.310344827586203,5.172413793103448,-1.7298118391777564,0.0,-26.37458335661509,6.896551724137931
1.25,0.2,2.0,0.4,6,train,0xf1ee073811b14359d850825e48d200483200edcd,1,100.0,0.0,-21.60642872918941,-21.60642872918941,-21.60642872918941,0.0
1.25,0.2,2.0,0.4,12,test,0x0000000000000000000000000000000000000000,5,20.0,0.0,-2.2755343016473906,0.0,-6.826602904942171,0.0
1.25,0.2,2.0,0.4,12,test,0x2565055891704afe3e844d5b34a318108ce64144,1,0.0,0.0,0.0,0.0,0.0,0.0
1.25,0.2,2.0,0.4,12,test,0x261b0f5e05eb05c6496728f1ae4969810dbe8a80,1,0.0,0.0,0.0,0.0,0.0,0.0
1.25,0.2,2.0,0.4,12,test,0xe5e702641ea86f4ae6cc3cdaed2b886f976be044,15,13.333333333333334,0.0,-4.348338742708356,0.0,-14.276067574549964,0.0
1.25,0.2,2.0,0.4,12,train,0x0000000000000000000000000000000000000000,17,23.52941176470588,0.0,-2.0364172344255014,0.0,-10.002338837603055,5.88235294117647
1.25,0.2,2.0,0.4,12,train,0x00d18bc3fab01162f43f20c071559795fcaf4144,1,0.0,0.0,0.0,0.0,0.0,0.0
1.25,0.2,2.0,0.4,12,train,0x1e8bbf00d265e08a27e91bfbc1f9a4073c4b4144,1,100.0,0.0,-35.08425552517339,-35.08425552517339,-35.08425552517339,0.0
1.25,0.2,2.0,0.4,12,train,0x332f85e7e323214b2d55286414b059ebb1f2a044,1,100.0,0.0,37.97282866873986,37.97282866873986,37.97282866873986,100.0
1.25,0.2,2.0,0.4,12,train,0x3ad9e44cb65e518e452bfcb78952ca45b66a8a80,1,0.0,0.0,0.0,0.0,0.0,0.0
1.25,0.2,2.0,0.4,12,train,0x3bf48564e102ddf0ffd19c998e6132eee8be5000,1,0.0,0.0,0.0,0.0,0.0,0.0
1.25,0.2,2.0,0.4,12,train,0x4e3468951d49f2eea976ed0d6e75ffcb44a9a544,2,50.0,0.0,11.790698496221474,11.790698496221474,2.358139699244295,50.0
1.25,0.2,2.0,0.4,12,train,0x6eaae6b721b6c896bbfc30d3a7f4999d5a94ca80,1,100.0,0.0,-63.30559088878156,-63.30559088878156,-63.30559088878156,0.0
1.25,0.2,2.0,0.4,12,train,0x718793b91da00b21e5b11e89de3ec9b9b6234144,1,0.0,0.0,0.0,0.0,0.0,0.0
1.25,0.2,2.0,0.4,12,train,0x72cecfc6d9a07117d5d207537e0bfd4bdfdac0cc,1,100.0,0.0,30.98470729992946,30.98470729992946,30.98470729992946,100.0
1.25,0.2,2.0,0.4,12,train,0x75a54357d9c78a2db19004a5fdc76c50f9242aec,1,0.0,0.0,0.0,0.0,0.0,0.0
1.25,0.2,2.0,0.4,12,train,0xbc4397b7f01f347b7dfa35276ca73203f3348a80,1,0.0,0.0,0.0,0.0,0.0,0.0
1.25,0.2,2.0,0.4,12,train,0xbe3e194f0069013ae4a860b6c152131b2032c0cc,1,0.0,0.0,0.0,0.0,0.0,0.0
1.25,0.2,2.0,0.4,12,train,0xc7e90a703b7ca435089cb90b8b770353e52b0a80,1,0.0,0.0,0.0,0.0,0.0,0.0
1.25,0.2,2.0,0.4,12,train,0xe0a5a3ba19a680a72be08c39c5de4dddb1fe05c7,1,0.0,0.0,0.0,0.0,0.0,0.0
1.25,0.2,2.0,0.4,12,train,0xe5e702641ea86f4ae6cc3cdaed2b886f976be044,58,29.310344827586203,5.172413793103448,-3.0017953012789578,0.0,-26.37458335661509,5.172413793103448
1.25,0.2,2.0,0.4,12,train,0xf1ee073811b14359d850825e48d200483200edcd,1,100.0,0.0,-21.60642872918941,-21.60642872918941,-21.60642872918941,0.0
1.25,0.2,2.0,0.4,24,test,0x0000000000000000000000000000000000000000,5,20.0,0.0,-0.15514513866313306,0.0,-0.4654354159893992,0.0
1.25,0.2,2.0,0.4,24,test,0x2565055891704afe3e844d5b34a318108ce64144,1,0.0,0.0,0.0,0.0,0.0,0.0
1.25,0.2,2.0,0.4,24,test,0x261b0f5e05eb05c6496728f1ae4969810dbe8a80,1,0.0,0.0,0.0,0.0,0.0,0.0
1.25,0.2,2.0,0.4,24,test,0xe5e702641ea86f4ae6cc3cdaed2b886f976be044,15,13.333333333333334,0.0,-4.348338742708356,0.0,-14.276067574549964,0.0
1.25,0.2,2.0,0.4,24,train,0x0000000000000000000000000000000000000000,17,23.52941176470588,0.0,-2.0364172344255014,0.0,-10.002338837603055,5.88235294117647
1.25,0.2,2.0,0.4,24,train,0x00d18bc3fab01162f43f20c071559795fcaf4144,1,0.0,0.0,0.0,0.0,0.0,0.0
1.25,0.2,2.0,0.4,24,train,0x1e8bbf00d265e08a27e91bfbc1f9a4073c4b4144,1,100.0,0.0,-35.08425552517339,-35.08425552517339,-35.08425552517339,0.0
1.25,0.2,2.0,0.4,24,train,0x332f85e7e323214b2d55286414b059ebb1f2a044,1,100.0,0.0,-23.195257625248168,-23.195257625248168,-23.195257625248168,0.0
1.25,0.2,2.0,0.4,24,train,0x3ad9e44cb65e518e452bfcb78952ca45b66a8a80,1,0.0,0.0,0.0,0.0,0.0,0.0
1.25,0.2,2.0,0.4,24,train,0x3bf48564e102ddf0ffd19c998e6132eee8be5000,1,0.0,0.0,0.0,0.0,0.0,0.0
1.25,0.2,2.0,0.4,24,train,0x4e3468951d49f2eea976ed0d6e75ffcb44a9a544,2,50.0,0.0,1.9040477994742067,1.9040477994742067,0.38080955989484133,50.0
1.25,0.2,2.0,0.4,24,train,0x6eaae6b721b6c896bbfc30d3a7f4999d5a94ca80,1,100.0,0.0,-63.30559088878156,-63.30559088878156,-63.30559088878156,0.0
1.25,0.2,2.0,0.4,24,train,0x718793b91da00b21e5b11e89de3ec9b9b6234144,1,0.0,0.0,0.0,0.0,0.0,0.0
1.25,0.2,2.0,0.4,24,train,0x72cecfc6d9a07117d5d207537e0bfd4bdfdac0cc,1,100.0,0.0,30.98470729992946,30.98470729992946,30.98470729992946,100.0
1.25,0.2,2.0,0.4,24,train,0x75a54357d9c78a2db19004a5fdc76c50f9242aec,1,0.0,0.0,0.0,0.0,0.0,0.0
1.25,0.2,2.0,0.4,24,train,0xbc4397b7f01f347b7dfa35276ca73203f3348a80,1,0.0,0.0,0.0,0.0,0.0,0.0
1.25,0.2,2.0,0.4,24,train,0xbe3e194f0069013ae4a860b6c152131b2032c0cc,1,0.0,0.0,0.0,0.0,0.0,0.0
1.25,0.2,2.0,0.4,24,train,0xc7e90a703b7ca435089cb90b8b770353e52b0a80,1,0.0,0.0,0.0,0.0,0.0,0.0
1.25,0.2,2.0,0.4,24,train,0xe0a5a3ba19a680a72be08c39c5de4dddb1fe05c7,1,0.0,0.0,0.0,0.0,0.0,0.0
1.25,0.2,2.0,0.4,24,train,0xe5e702641ea86f4ae6cc3cdaed2b886f976be044,58,29.310344827586203,5.172413793103448,-3.3208001939538683,0.0,-26.37458335661509,5.172413793103448
1.25,0.2,2.0,0.4,24,train,0xf1ee073811b14359d850825e48d200483200edcd,1,100.0,0.0,-21.60642872918941,-21.60642872918941,-21.60642872918941,0.0
1.25,0.2,2.0,0.55,6,test,0x0000000000000000000000000000000000000000,5,20.0,0.0,-1.0079250022962305,0.0,-3.0237750068886915,0.0
1.25,0.2,2.0,0.55,6,test,0x2565055891704afe3e844d5b34a318108ce64144,1,0.0,0.0,0.0,0.0,0.0,0.0
1.25,0.2,2.0,0.55,6,test,0x261b0f5e05eb05c6496728f1ae4969810dbe8a80,1,0.0,0.0,0.0,0.0,0.0,0.0
1.25,0.2,2.0,0.55,6,test,0xe5e702641ea86f4ae6cc3cdaed2b886f976be044,15,13.333333333333334,0.0,-4.348338742708356,0.0,-14.276067574549964,0.0
1.25,0.2,2.0,0.55,6,train,0x0000000000000000000000000000000000000000,17,23.52941176470588,0.0,-2.0364172344255014,0.0,-10.002338837603055,5.88235294117647
1.25,0.2,2.0,0.55,6,train,0x00d18bc3fab01162f43f20c071559795fcaf4144,1,0.0,0.0,0.0,0.0,0.0,0.0
1.25,0.2,2.0,0.55,6,train,0x1e8bbf00d265e08a27e91bfbc1f9a4073c4b4144,1,100.0,0.0,-35.08425552517339,-35.08425552517339,-35.08425552517339,0.0
1.25,0.2,2.0,0.55,6,train,0x332f85e7e323214b2d55286414b059ebb1f2a044,1,100.0,0.0,7.33592572947348,7.33592572947348,7.33592572947348,100.0
1.25,0.2,2.0,0.55,6,train,0x3ad9e44cb65e518e452bfcb78952ca45b66a8a80,1,0.0,0.0,0.0,0.0,0.0,0.0
1.25,0.2,2.0,0.55,6,train,0x3bf48564e102ddf0ffd19c998e6132eee8be5000,1,0.0,0.0,0.0,0.0,0.0,0.0
1.25,0.2,2.0,0.55,6,train,0x4e3468951d49f2eea976ed0d6e75ffcb44a9a544,2,50.0,0.0,-0.8502725796594224,-0.8502725796594224,-1.5304906433869603,0.0
1.25,0.2,2.0,0.55,6,train,0x6eaae6b721b6c896bbfc30d3a7f4999d5a94ca80,1,100.0,0.0,-63.30559088878156,-63.30559088878156,-63.30559088878156,0.0
1.25,0.2,2.0,0.55,6,train,0x718793b91da00b21e5b11e89de3ec9b9b6234144,1,0.0,0.0,0.0,0.0,0.0,0.0
1.25,0.2,2.0,0.55,6,train,0x72cecfc6d9a07117d5d207537e0bfd4bdfdac0cc,1,100.0,0.0,30.98470729992946,30.98470729992946,30.98470729992946,100.0
1.25,0.2,2.0,0.55,6,train,0x75a54357d9c78a2db19004a5fdc76c50f9242aec,1,0.0,0.0,0.0,0.0,0.0,0.0
1.25,0.2,2.0,0.55,6,train,0xbc4397b7f01f347b7dfa35276ca73203f3348a80,1,0.0,0.0,0.0,0.0,0.0,0.0
1.25,0.2,2.0,0.55,6,train,0xbe3e194f0069013ae4a860b6c152131b2032c0cc,1,0.0,0.0,0.0,0.0,0.0,0.0
1.25,0.2,2.0,0.55,6,train,0xc7e90a703b7ca435089cb90b8b770353e52b0a80,1,0.0,0.0,0.0,0.0,0.0,0.0
1.25,0.2,2.0,0.55,6,train,0xe0a5a3ba19a680a72be08c39c5de4dddb1fe05c7,1,0.0,0.0,0.0,0.0,0.0,0.0
1.25,0.2,2.0,0.55,6,train,0xe5e702641ea86f4ae6cc3cdaed2b886f976be044,58,29.310344827586203,5.172413793103448,-2.646163409264471,0.0,-26.37458335661509,6.896551724137931
1.25,0.2,2.0,0.55,6,train,0xf1ee073811b14359d850825e48d200483200edcd,1,100.0,0.0,-21.60642872918941,-21.60642872918941,-21.60642872918941,0.0
1.25,0.2,2.0,0.55,12,test,0x0000000000000000000000000000000000000000,5,20.0,0.0,-2.2755343016473906,0.0,-6.826602904942171,0.0
1.25,0.2,2.0,0.55,12,test,0x2565055891704afe3e844d5b34a318108ce64144,1,0.0,0.0,0.0,0.0,0.0,0.0
1.25,0.2,2.0,0.55,12,test,0x261b0f5e05eb05c6496728f1ae4969810dbe8a80,1,0.0,0.0,0.0,0.0,0.0,0.0
1.25,0.2,2.0,0.55,12,test,0xe5e702641ea86f4ae6cc3cdaed2b886f976be044,15,13.333333333333334,0.0,-4.348338742708356,0.0,-14.276067574549964,0.0
1.25,0.2,2.0,0.55,12,train,0x0000000000000000000000000000000000000000,17,23.52941176470588,0.0,-2.0364172344255014,0.0,-10.002338837603055,5.88235294117647
1.25,0.2,2.0,0.55,12,train,0x00d18bc3fab01162f43f20c071559795fcaf4144,1,0.0,0.0,0.0,0.0,0.0,0.0
1.25,0.2,2.0,0.55,12,train,0x1e8bbf00d265e08a27e91bfbc1f9a4073c4b4144,1,100.0,0.0,-35.08425552517339,-35.08425552517339,-35.08425552517339,0.0
1.25,0.2,2.0,0.55,12,train,0x332f85e7e323214b2d55286414b059ebb1f2a044,1,100.0,0.0,37.97282866873986,37.97282866873986,37.97282866873986,100.0
1.25,0.2,2.0,0.55,12,train,0x3ad9e44cb65e518e452bfcb78952ca45b66a8a80,1,0.0,0.0,0.0,0.0,0.0,0.0
1.25,0.2,2.0,0.55,12,train,0x3bf48564e102ddf0ffd19c998e6132eee8be5000,1,0.0,0.0,0.0,0.0,0.0,0.0
1.25,0.2,2.0,0.55,12,train,0x4e3468951d49f2eea976ed0d6e75ffcb44a9a544,2,50.0,0.0,11.790698496221474,11.790698496221474,2.358139699244295,50.0
1.25,0.2,2.0,0.55,12,train,0x6eaae6b721b6c896bbfc30d3a7f4999d5a94ca80,1,100.0,0.0,-63.30559088878156,-63.30559088878156,-63.30559088878156,0.0
1.25,0.2,2.0,0.55,12,train,0x718793b91da00b21e5b11e89de3ec9b9b6234144,1,0.0,0.0,0.0,0.0,0.0,0.0
1.25,0.2,2.0,0.55,12,train,0x72cecfc6d9a07117d5d207537e0bfd4bdfdac0cc,1,100.0,0.0,30.98470729992946,30.98470729992946,30.98470729992946,100.0
1.25,0.2,2.0,0.55,12,train,0x75a54357d9c78a2db19004a5fdc76c50f9242aec,1,0.0,0.0,0.0,0.0,0.0,0.0
1.25,0.2,2.0,0.55,12,train,0xbc4397b7f01f347b7dfa35276ca73203f3348a80,1,0.0,0.0,0.0,0.0,0.0,0.0
1.25,0.2,2.0,0.55,12,train,0xbe3e194f0069013ae4a860b6c152131b2032c0cc,1,0.0,0.0,0.0,0.0,0.0,0.0
1.25,0.2,2.0,0.55,12,train,0xc7e90a703b7ca435089cb90b8b770353e52b0a80,1,0.0,0.0,0.0,0.0,0.0,0.0
1.25,0.2,2.0,0.55,12,train,0xe0a5a3ba19a680a72be08c39c5de4dddb1fe05c7,1,0.0,0.0,0.0,0.0,0.0,0.0
1.25,0.2,2.0,0.55,12,train,0xe5e702641ea86f4ae6cc3cdaed2b886f976be044,58,29.310344827586203,5.172413793103448,-3.9181468713656726,0.0,-26.37458335661509,5.172413793103448
1.25,0.2,2.0,0.55,12,train,0xf1ee073811b14359d850825e48d200483200edcd,1,100.0,0.0,-21.60642872918941,-21.60642872918941,-21.60642872918941,0.0
1.25,0.2,2.0,0.55,24,test,0x0000000000000000000000000000000000000000,5,20.0,0.0,-0.15514513866313306,0.0,-0.4654354159893992,0.0
1.25,0.2,2.0,0.55,24,test,0x2565055891704afe3e844d5b34a318108ce64144,1,0.0,0.0,0.0,0.0,0.0,0.0
1.25,0.2,2.0,0.55,24,test,0x261b0f5e05eb05c6496728f1ae4969810dbe8a80,1,0.0,0.0,0.0,0.0,0.0,0.0
1.25,0.2,2.0,0.55,24,test,0xe5e702641ea86f4ae6cc3cdaed2b886f976be044,15,13.333333333333334,0.0,-4.348338742708356,0.0,-14.276067574549964,0.0
1.25,0.2,2.0,0.55,24,train,0x0000000000000000000000000000000000000000,17,23.52941176470588,0.0,-2.0364172344255014,0.0,-10.002338837603055,5.88235294117647
1.25,0.2,2.0,0.55,24,train,0x00d18bc3fab01162f43f20c071559795fcaf4144,1,0.0,0.0,0.0,0.0,0.0,0.0
1.25,0.2,2.0,0.55,24,train,0x1e8bbf00d265e08a27e91bfbc1f9a4073c4b4144,1,100.0,0.0,-35.08425552517339,-35.08425552517339,-35.08425552517339,0.0
1.25,0.2,2.0,0.55,24,train,0x332f85e7e323214b2d55286414b059ebb1f2a044,1,100.0,0.0,-23.195257625248168,-23.195257625248168,-23.195257625248168,0.0
1.25,0.2,2.0,0.55,24,train,0x3ad9e44cb65e518e452bfcb78952ca45b66a8a80,1,0.0,0.0,0.0,0.0,0.0,0.0
1.25,0.2,2.0,0.55,24,train,0x3bf48564e102ddf0ffd19c998e6132eee8be5000,1,0.0,0.0,0.0,0.0,0.0,0.0
1.25,0.2,2.0,0.55,24,train,0x4e3468951d49f2eea976ed0d6e75ffcb44a9a544,2,50.0,0.0,1.9040477994742067,1.9040477994742067,0.38080955989484133,50.0
1.25,0.2,2.0,0.55,24,train,0x6eaae6b721b6c896bbfc30d3a7f4999d5a94ca80,1,100.0,0.0,-63.30559088878156,-63.30559088878156,-63.30559088878156,0.0
1.25,0.2,2.0,0.55,24,train,0x718793b91da00b21e5b11e89de3ec9b9b6234144,1,0.0,0.0,0.0,0.0,0.0,0.0
1.25,0.2,2.0,0.55,24,train,0x72cecfc6d9a07117d5d207537e0bfd4bdfdac0cc,1,100.0,0.0,30.98470729992946,30.98470729992946,30.98470729992946,100.0
1.25,0.2,2.0,0.55,24,train,0x75a54357d9c78a2db19004a5fdc76c50f9242aec,1,0.0,0.0,0.0,0.0,0.0,0.0
1.25,0.2,2.0,0.55,24,train,0xbc4397b7f01f347b7dfa35276ca73203f3348a80,1,0.0,0.0,0.0,0.0,0.0,0.0
1.25,0.2,2.0,0.55,24,train,0xbe3e194f0069013ae4a860b6c152131b2032c0cc,1,0.0,0.0,0.0,0.0,0.0,0.0
1.25,0.2,2.0,0.55,24,train,0xc7e90a703b7ca435089cb90b8b770353e52b0a80,1,0.0,0.0,0.0,0.0,0.0,0.0
1.25,0.2,2.0,0.55,24,train,0xe0a5a3ba19a680a72be08c39c5de4dddb1fe05c7,1,0.0,0.0,0.0,0.0,0.0,0.0
1.25,0.2,2.0,0.55,24,train,0xe5e702641ea86f4ae6cc3cdaed2b886f976be044,58,29.310344827586203,5.172413793103448,-4.237151764040583,0.0,-26.37458335661509,5.172413793103448
1.25,0.2,2.0,0.55,24,train,0xf1ee073811b14359d850825e48d200483200edcd,1,100.0,0.0,-21.60642872918941,-21.60642872918941,-21.60642872918941,0.0
1.25,0.2,2.0,0.7,6,test,0x0000000000000000000000000000000000000000,5,20.0,0.0,-1.0079250022962305,0.0,-3.0237750068886915,0.0
1.25,0.2,2.0,0.7,6,test,0x2565055891704afe3e844d5b34a318108ce64144,1,0.0,0.0,0.0,0.0,0.0,0.0
1.25,0.2,2.0,0.7,6,test,0x261b0f5e05eb05c6496728f1ae4969810dbe8a80,1,0.0,0.0,0.0,0.0,0.0,0.0
1.25,0.2,2.0,0.7,6,test,0xe5e702641ea86f4ae6cc3cdaed2b886f976be044,15,13.333333333333334,0.0,-4.348338742708356,0.0,-14.276067574549964,0.0
1.25,0.2,2.0,0.7,6,train,0x0000000000000000000000000000000000000000,17,23.52941176470588,0.0,-2.0364172344255014,0.0,-10.002338837603055,5.88235294117647
1.25,0.2,2.0,0.7,6,train,0x00d18bc3fab01162f43f20c071559795fcaf4144,1,0.0,0.0,0.0,0.0,0.0,0.0
1.25,0.2,2.0,0.7,6,train,0x1e8bbf00d265e08a27e91bfbc1f9a4073c4b4144,1,100.0,0.0,-35.08425552517339,-35.08425552517339,-35.08425552517339,0.0
1.25,0.2,2.0,0.7,6,train,0x332f85e7e323214b2d55286414b059ebb1f2a044,1,100.0,0.0,7.33592572947348,7.33592572947348,7.33592572947348,100.0
1.25,0.2,2.0,0.7,6,train,0x3ad9e44cb65e518e452bfcb78952ca45b66a8a80,1,0.0,0.0,0.0,0.0,0.0,0.0
1.25,0.2,2.0,0.7,6,train,0x3bf48564e102ddf0ffd19c998e6132eee8be5000,1,0.0,0.0,0.0,0.0,0.0,0.0
1.25,0.2,2.0,0.7,6,train,0x4e3468951d49f2eea976ed0d6e75ffcb44a9a544,2,50.0,0.0,-0.8502725796594224,-0.8502725796594224,-1.5304906433869603,0.0
1.25,0.2,2.0,0.7,6,train,0x6eaae6b721b6c896bbfc30d3a7f4999d5a94ca80,1,100.0,0.0,-63.30559088878156,-63.30559088878156,-63.30559088878156,0.0
1.25,0.2,2.0,0.7,6,train,0x718793b91da00b21e5b11e89de3ec9b9b6234144,1,0.0,0.0,0.0,0.0,0.0,0.0
1.25,0.2,2.0,0.7,6,train,0x72cecfc6d9a07117d5d207537e0bfd4bdfdac0cc,1,100.0,0.0,30.98470729992946,30.98470729992946,30.98470729992946,100.0
1.25,0.2,2.0,0.7,6,train,0x75a54357d9c78a2db19004a5fdc76c50f9242aec,1,0.0,0.0,0.0,0.0,0.0,0.0
1.25,0.2,2.0,0.7,6,train,0xbc4397b7f01f347b7dfa35276ca73203f3348a80,1,0.0,0.0,0.0,0.0,0.0,0.0
1.25,0.2,2.0,0.7,6,train,0xbe3e194f0069013ae4a860b6c152131b2032c0cc,1,0.0,0.0,0.0,0.0,0.0,0.0
1.25,0.2,2.0,0.7,6,train,0xc7e90a703b7ca435089cb90b8b770353e52b0a80,1,0.0,0.0,0.0,0.0,0.0,0.0
1.25,0.2,2.0,0.7,6,train,0xe0a5a3ba19a680a72be08c39c5de4dddb1fe05c7,1,0.0,0.0,0.0,0.0,0.0,0.0
1.25,0.2,2.0,0.7,6,train,0xe5e702641ea86f4ae6cc3cdaed2b886f976be044,58,29.310344827586203,5.172413793103448,-3.6081167836944936,0.0,-26.37458335661509,6.896551724137931
1.25,0.2,2.0,0.7,6,train,0xf1ee073811b14359d850825e48d200483200edcd,1,100.0,0.0,-21.60642872918941,-21.60642872918941,-21.60642872918941,0.0
1.25,0.2,2.0,0.7,12,test,0x0000000000000000000000000000000000000000,5,20.0,0.0,-2.2755343016473906,0.0,-6.826602904942171,0.0
1.25,0.2,2.0,0.7,12,test,0x2565055891704afe3e844d5b34a318108ce64144,1,0.0,0.0,0.0,0.0,0.0,0.0
1.25,0.2,2.0,0.7,12,test,0x261b0f5e05eb05c6496728f1ae4969810dbe8a80,1,0.0,0.0,0.0,0.0,0.0,0.0
1.25,0.2,2.0,0.7,12,test,0xe5e702641ea86f4ae6cc3cdaed2b886f976be044,15,13.333333333333334,0.0,-4.348338742708356,0.0,-14.276067574549964,0.0
1.25,0.2,2.0,0.7,12,train,0x0000000000000000000000000000000000000000,17,23.52941176470588,0.0,-2.0364172344255014,0.0,-10.002338837603055,5.88235294117647
1.25,0.2,2.0,0.7,12,train,0x00d18bc3fab01162f43f20c071559795fcaf4144,1,0.0,0.0,0.0,0.0,0.0,0.0
1.25,0.2,2.0,0.7,12,train,0x1e8bbf00d265e08a27e91bfbc1f9a4073c4b4144,1,100.0,0.0,-35.08425552517339,-35.08425552517339,-35.08425552517339,0.0
1.25,0.2,2.0,0.7,12,train,0x332f85e7e323214b2d55286414b059ebb1f2a044,1,100.0,0.0,37.97282866873986,37.97282866873986,37.97282866873986,100.0
1.25,0.2,2.0,0.7,12,train,0x3ad9e44cb65e518e452bfcb78952ca45b66a8a80,1,0.0,0.0,0.0,0.0,0.0,0.0
1.25,0.2,2.0,0.7,12,train,0x3bf48564e102ddf0ffd19c998e6132eee8be5000,1,0.0,0.0,0.0,0.0,0.0,0.0
1.25,0.2,2.0,0.7,12,train,0x4e3468951d49f2eea976ed0d6e75ffcb44a9a544,2,50.0,0.0,11.790698496221474,11.790698496221474,2.358139699244295,50.0
1.25,0.2,2.0,0.7,12,train,0x6eaae6b721b6c896bbfc30d3a7f4999d5a94ca80,1,100.0,0.0,-63.30559088878156,-63.30559088878156,-63.30559088878156,0.0
1.25,0.2,2.0,0.7,12,train,0x718793b91da00b21e5b11e89de3ec9b9b6234144,1,0.0,0.0,0.0,0.0,0.0,0.0
1.25,0.2,2.0,0.7,12,train,0x72cecfc6d9a07117d5d207537e0bfd4bdfdac0cc,1,100.0,0.0,30.98470729992946,30.98470729992946,30.98470729992946,100.0
1.25,0.2,2.0,0.7,12,train,0x75a54357d9c78a2db19004a5fdc76c50f9242aec,1,0.0,0.0,0.0,0.0,0.0,0.0
1.25,0.2,2.0,0.7,12,train,0xbc4397b7f01f347b7dfa35276ca73203f3348a80,1,0.0,0.0,0.0,0.0,0.0,0.0
1.25,0.2,2.0,0.7,12,train,0xbe3e194f0069013ae4a860b6c152131b2032c0cc,1,0.0,0.0,0.0,0.0,0.0,0.0
1.25,0.2,2.0,0.7,12,train,0xc7e90a703b7ca435089cb90b8b770353e52b0a80,1,0.0,0.0,0.0,0.0,0.0,0.0
1.25,0.2,2.0,0.7,12,train,0xe0a5a3ba19a680a72be08c39c5de4dddb1fe05c7,1,0.0,0.0,0.0,0.0,0.0,0.0
1.25,0.2,2.0,0.7,12,train,0xe5e702641ea86f4ae6cc3cdaed2b886f976be044,58,29.310344827586203,5.172413793103448,-4.8801002457956955,0.0,-26.37458335661509,5.172413793103448
1.25,0.2,2.0,0.7,12,train,0xf1ee073811b14359d850825e48d200483200edcd,1,100.0,0.0,-21.60642872918941,-21.60642872918941,-21.60642872918941,0.0
1.25,0.2,2.0,0.7,24,test,0x0000000000000000000000000000000000000000,5,20.0,0.0,-0.15514513866313306,0.0,-0.4654354159893992,0.0
1.25,0.2,2.0,0.7,24,test,0x2565055891704afe3e844d5b34a318108ce64144,1,0.0,0.0,0.0,0.0,0.0,0.0
1.25,0.2,2.0,0.7,24,test,0x261b0f5e05eb05c6496728f1ae4969810dbe8a80,1,0.0,0.0,0.0,0.0,0.0,0.0
1.25,0.2,2.0,0.7,24,test,0xe5e702641ea86f4ae6cc3cdaed2b886f976be044,15,13.333333333333334,0.0,-4.348338742708356,0.0,-14.276067574549964,0.0
1.25,0.2,2.0,0.7,24,train,0x0000000000000000000000000000000000000000,17,23.52941176470588,0.0,-2.0364172344255014,0.0,-10.002338837603055,5.88235294117647
1.25,0.2,2.0,0.7,24,train,0x00d18bc3fab01162f43f20c071559795fcaf4144,1,0.0,0.0,0.0,0.0,0.0,0.0
1.25,0.2,2.0,0.7,24,train,0x1e8bbf00d265e08a27e91bfbc1f9a4073c4b4144,1,100.0,0.0,-35.08425552517339,-35.08425552517339,-35.08425552517339,0.0
1.25,0.2,2.0,0.7,24,train,0x332f85e7e323214b2d55286414b059ebb1f2a044,1,100.0,0.0,-23.195257625248168,-23.195257625248168,-23.195257625248168,0.0
1.25,0.2,2.0,0.7,24,train,0x3ad9e44cb65e518e452bfcb78952ca45b66a8a80,1,0.0,0.0,0.0,0.0,0.0,0.0
1.25,0.2,2.0,0.7,24,train,0x3bf48564e102ddf0ffd19c998e6132eee8be5000,1,0.0,0.0,0.0,0.0,0.0,0.0
1.25,0.2,2.0,0.7,24,train,0x4e3468951d49f2eea976ed0d6e75ffcb44a9a544,2,50.0,0.0,1.9040477994742067,1.9040477994742067,0.38080955989484133,50.0
1.25,0.2,2.0,0.7,24,train,0x6eaae6b721b6c896bbfc30d3a7f4999d5a94ca80,1,100.0,0.0,-63.30559088878156,-63.30559088878156,-63.30559088878156,0.0
1.25,0.2,2.0,0.7,24,train,0x718793b91da00b21e5b11e89de3ec9b9b6234144,1,0.0,0.0,0.0,0.0,0.0,0.0
1.25,0.2,2.0,0.7,24,train,0x72cecfc6d9a07117d5d207537e0bfd4bdfdac0cc,1,100.0,0.0,30.98470729992946,30.98470729992946,30.98470729992946,100.0
1.25,0.2,2.0,0.7,24,train,0x75a54357d9c78a2db19004a5fdc76c50f9242aec,1,0.0,0.0,0.0,0.0,0.0,0.0
1.25,0.2,2.0,0.7,24,train,0xbc4397b7f01f347b7dfa35276ca73203f3348a80,1,0.0,0.0,0.0,0.0,0.0,0.0
1.25,0.2,2.0,0.7,24,train,0xbe3e194f0069013ae4a860b6c152131b2032c0cc,1,0.0,0.0,0.0,0.0,0.0,0.0
1.25,0.2,2.0,0.7,24,train,0xc7e90a703b7ca435089cb90b8b770353e52b0a80,1,0.0,0.0,0.0,0.0,0.0,0.0
1.25,0.2,2.0,0.7,24,train,0xe0a5a3ba19a680a72be08c39c5de4dddb1fe05c7,1,0.0,0.0,0.0,0.0,0.0,0.0
1.25,0.2,2.0,0.7,24,train,0xe5e702641ea86f4ae6cc3cdaed2b886f976be044,58,29.310344827586203,5.172413793103448,-5.199105138470606,0.0,-26.37458335661509,5.172413793103448
1.25,0.2,2.0,0.7,24,train,0xf1ee073811b14359d850825e48d200483200edcd,1,100.0,0.0,-21.60642872918941,-21.60642872918941,-21.60642872918941,0.0
1.25,0.2,3.0,0.4,6,test,0x0000000000000000000000000000000000000000,5,20.0,0.0,-1.0079250022962305,0.0,-3.0237750068886915,0.0
1.25,0.2,3.0,0.4,6,test,0x2565055891704afe3e844d5b34a318108ce64144,1,0.0,0.0,0.0,0.0,0.0,0.0
1.25,0.2,3.0,0.4,6,test,0x261b0f5e05eb05c6496728f1ae4969810dbe8a80,1,0.0,0.0,0.0,0.0,0.0,0.0
1.25,0.2,3.0,0.4,6,test,0xe5e702641ea86f4ae6cc3cdaed2b886f976be044,15,13.333333333333334,0.0,-4.348338742708356,0.0,-14.276067574549964,0.0
1.25,0.2,3.0,0.4,6,train,0x0000000000000000000000000000000000000000,17,23.52941176470588,0.0,-2.0364172344255014,0.0,-10.002338837603055,5.88235294117647
1.25,0.2,3.0,0.4,6,train,0x00d18bc3fab01162f43f20c071559795fcaf4144,1,0.0,0.0,0.0,0.0,0.0,0.0
1.25,0.2,3.0,0.4,6,train,0x1e8bbf00d265e08a27e91bfbc1f9a4073c4b4144,1,100.0,0.0,-35.08425552517339,-35.08425552517339,-35.08425552517339,0.0
1.25,0.2,3.0,0.4,6,train,0x332f85e7e323214b2d55286414b059ebb1f2a044,1,100.0,0.0,7.33592572947348,7.33592572947348,7.33592572947348,100.0
1.25,0.2,3.0,0.4,6,train,0x3ad9e44cb65e518e452bfcb78952ca45b66a8a80,1,0.0,0.0,0.0,0.0,0.0,0.0
1.25,0.2,3.0,0.4,6,train,0x3bf48564e102ddf0ffd19c998e6132eee8be5000,1,0.0,0.0,0.0,0.0,0.0,0.0
1.25,0.2,3.0,0.4,6,train,0x4e3468951d49f2eea976ed0d6e75ffcb44a9a544,2,50.0,0.0,-0.8502725796594224,-0.8502725796594224,-1.5304906433869603,0.0
1.25,0.2,3.0,0.4,6,train,0x6eaae6b721b6c896bbfc30d3a7f4999d5a94ca80,1,100.0,0.0,-63.30559088878156,-63.30559088878156,-63.30559088878156,0.0
1.25,0.2,3.0,0.4,6,train,0x718793b91da00b21e5b11e89de3ec9b9b6234144,1,0.0,0.0,0.0,0.0,0.0,0.0
1.25,0.2,3.0,0.4,6,train,0x72cecfc6d9a07117d5d207537e0bfd4bdfdac0cc,1,100.0,0.0,30.98470729992946,30.98470729992946,30.98470729992946,100.0
1.25,0.2,3.0,0.4,6,train,0x75a54357d9c78a2db19004a5fdc76c50f9242aec,1,0.0,0.0,0.0,0.0,0.0,0.0
1.25,0.2,3.0,0.4,6,train,0xbc4397b7f01f347b7dfa35276ca73203f3348a80,1,0.0,0.0,0.0,0.0,0.0,0.0
1.25,0.2,3.0,0.4,6,train,0xbe3e194f0069013ae4a860b6c152131b2032c0cc,1,0.0,0.0,0.0,0.0,0.0,0.0
1.25,0.2,3.0,0.4,6,train,0xc7e90a703b7ca435089cb90b8b770353e52b0a80,1,0.0,0.0,0.0,0.0,0.0,0.0
1.25,0.2,3.0,0.4,6,train,0xe0a5a3ba19a680a72be08c39c5de4dddb1fe05c7,1,0.0,0.0,0.0,0.0,0.0,0.0
1.25,0.2,3.0,0.4,6,train,0xe5e702641ea86f4ae6cc3cdaed2b886f976be044,58,29.310344827586203,1.7241379310344827,-1.7431244050474195,0.0,-26.37458335661509,6.896551724137931
1.25,0.2,3.0,0.4,6,train,0xf1ee073811b14359d850825e48d200483200edcd,1,100.0,0.0,-21.60642872918941,-21.60642872918941,-21.60642872918941,0.0
1.25,0.2,3.0,0.4,12,test,0x0000000000000000000000000000000000000000,5,20.0,0.0,-2.2755343016473906,0.0,-6.826602904942171,0.0
1.25,0.2,3.0,0.4,12,test,0x2565055891704afe3e844d5b34a318108ce64144,1,0.0,0.0,0.0,0.0,0.0,0.0
1.25,0.2,3.0,0.4,12,test,0x261b0f5e05eb05c6496728f1ae4969810dbe8a80,1,0.0,0.0,0.0,0.0,0.0,0.0
1.25,0.2,3.0,0.4,12,test,0xe5e702641ea86f4ae6cc3cdaed2b886f976be044,15,13.333333333333334,0.0,-4.348338742708356,0.0,-14.276067574549964,0.0
1.25,0.2,3.0,0.4,12,train,0x0000000000000000000000000000000000000000,17,23.52941176470588,0.0,-2.0364172344255014,0.0,-10.002338837603055,5.88235294117647
1.25,0.2,3.0,0.4,12,train,0x00d18bc3fab01162f43f20c071559795fcaf4144,1,0.0,0.0,0.0,0.0,0.0,0.0
1.25,0.2,3.0,0.4,12,train,0x1e8bbf00d265e08a27e91bfbc1f9a4073c4b4144,1,100.0,0.0,-35.08425552517339,-35.08425552517339,-35.08425552517339,0.0
1.25,0.2,3.0,0.4,12,train,0x332f85e7e323214b2d55286414b059ebb1f2a044,1,100.0,0.0,37.97282866873986,37.97282866873986,37.97282866873986,100.0
1.25,0.2,3.0,0.4,12,train,0x3ad9e44cb65e518e452bfcb78952ca45b66a8a80,1,0.0,0.0,0.0,0.0,0.0,0.0
1.25,0.2,3.0,0.4,12,train,0x3bf48564e102ddf0ffd19c998e6132eee8be5000,1,0.0,0.0,0.0,0.0,0.0,0.0
1.25,0.2,3.0,0.4,12,train,0x4e3468951d49f2eea976ed0d6e75ffcb44a9a544,2,50.0,0.0,11.790698496221474,11.790698496221474,2.358139699244295,50.0
1.25,0.2,3.0,0.4,12,train,0x6eaae6b721b6c896bbfc30d3a7f4999d5a94ca80,1,100.0,0.0,-63.30559088878156,-63.30559088878156,-63.30559088878156,0.0
1.25,0.2,3.0,0.4,12,train,0x718793b91da00b21e5b11e89de3ec9b9b6234144,1,0.0,0.0,0.0,0.0,0.0,0.0
1.25,0.2,3.0,0.4,12,train,0x72cecfc6d9a07117d5d207537e0bfd4bdfdac0cc,1,100.0,0.0,30.98470729992946,30.98470729992946,30.98470729992946,100.0
1.25,0.2,3.0,0.4,12,train,0x75a54357d9c78a2db19004a5fdc76c50f9242aec,1,0.0,0.0,0.0,0.0,0.0,0.0
1.25,0.2,3.0,0.4,12,train,0xbc4397b7f01f347b7dfa35276ca73203f3348a80,1,0.0,0.0,0.0,0.0,0.0,0.0
1.25,0.2,3.0,0.4,12,train,0xbe3e194f0069013ae4a860b6c152131b2032c0cc,1,0.0,0.0,0.0,0.0,0.0,0.0
1.25,0.2,3.0,0.4,12,train,0xc7e90a703b7ca435089cb90b8b770353e52b0a80,1,0.0,0.0,0.0,0.0,0.0,0.0
1.25,0.2,3.0,0.4,12,train,0xe0a5a3ba19a680a72be08c39c5de4dddb1fe05c7,1,0.0,0.0,0.0,0.0,0.0,0.0
1.25,0.2,3.0,0.4,12,train,0xe5e702641ea86f4ae6cc3cdaed2b886f976be044,58,29.310344827586203,3.4482758620689653,-4.359585581260386,0.0,-31.659188411277782,3.4482758620689653
1.25,0.2,3.0,0.4,12,train,0xf1ee073811b14359d850825e48d200483200edcd,1,100.0,0.0,-21.60642872918941,-21.60642872918941,-21.60642872918941,0.0
1.25,0.2,3.0,0.4,24,test,0x0000000000000000000000000000000000000000,5,20.0,0.0,-0.15514513866313306,0.0,-0.4654354159893992,0.0
1.25,0.2,3.0,0.4,24,test,0x2565055891704afe3e844d5b34a318108ce64144,1,0.0,0.0,0.0,0.0,0.0,0.0
1.25,0.2,3.0,0.4,24,test,0x261b0f5e05eb05c6496728f1ae4969810dbe8a80,1,0.0,0.0,0.0,0.0,0.0,0.0
1.25,0.2,3.0,0.4,24,test,0xe5e702641ea86f4ae6cc3cdaed2b886f976be044,15,13.333333333333334,0.0,-4.348338742708356,0.0,-14.276067574549964,0.0
1.25,0.2,3.0,0.4,24,train,0x0000000000000000000000000000000000000000,17,23.52941176470588,0.0,-2.0364172344255014,0.0,-10.002338837603055,5.88235294117647
1.25,0.2,3.0,0.4,24,train,0x00d18bc3fab01162f43f20c071559795fcaf4144,1,0.0,0.0,0.0,0.0,0.0,0.0
1.25,0.2,3.0,0.4,24,train,0x1e8bbf00d265e08a27e91bfbc1f9a4073c4b4144,1,100.0,0.0,-35.08425552517339,-35.08425552517339,-35.08425552517339,0.0
1.25,0.2,3.0,0.4,24,train,0x332f85e7e323214b2d55286414b059ebb1f2a044,1,100.0,0.0,-23.195257625248168,-23.195257625248168,-23.195257625248168,0.0
1.25,0.2,3.0,0.4,24,train,0x3ad9e44cb65e518e452bfcb78952ca45b66a8a80,1,0.0,0.0,0.0,0.0,0.0,0.0
1.25,0.2,3.0,0.4,24,train,0x3bf48564e102ddf0ffd19c998e6132eee8be5000,1,0.0,0.0,0.0,0.0,0.0,0.0
1.25,0.2,3.0,0.4,24,train,0x4e3468951d49f2eea976ed0d6e75ffcb44a9a544,2,50.0,0.0,1.9040477994742067,1.9040477994742067,0.38080955989484133,50.0
1.25,0.2,3.0,0.4,24,train,0x6eaae6b721b6c896bbfc30d3a7f4999d5a94ca80,1,100.0,0.0,-63.30559088878156,-63.30559088878156,-63.30559088878156,0.0
1.25,0.2,3.0,0.4,24,train,0x718793b91da00b21e5b11e89de3ec9b9b6234144,1,0.0,0.0,0.0,0.0,0.0,0.0
1.25,0.2,3.0,0.4,24,train,0x72cecfc6d9a07117d5d207537e0bfd4bdfdac0cc,1,100.0,0.0,30.98470729992946,30.98470729992946,30.98470729992946,100.0
1.25,0.2,3.0,0.4,24,train,0x75a54357d9c78a2db19004a5fdc76c50f9242aec,1,0.0,0.0,0.0,0.0,0.0,0.0
1.25,0.2,3.0,0.4,24,train,0xbc4397b7f01f347b7dfa35276ca73203f3348a80,1,0.0,0.0,0.0,0.0,0.0,0.0
1.25,0.2,3.0,0.4,24,train,0xbe3e194f0069013ae4a860b6c152131b2032c0cc,1,0.0,0.0,0.0,0.0,0.0,0.0
1.25,0.2,3.0,0.4,24,train,0xc7e90a703b7ca435089cb90b8b770353e52b0a80,1,0.0,0.0,0.0,0.0,0.0,0.0
1.25,0.2,3.0,0.4,24,train,0xe0a5a3ba19a680a72be08c39c5de4dddb1fe05c7,1,0.0,0.0,0.0,0.0,0.0,0.0
1.25,0.2,3.0,0.4,24,train,0xe5e702641ea86f4ae6cc3cdaed2b886f976be044,58,29.310344827586203,3.4482758620689653,-4.678590473935296,0.0,-31.659188411277782,3.4482758620689653
1.25,0.2,3.0,0.4,24,train,0xf1ee073811b14359d850825e48d200483200edcd,1,100.0,0.0,-21.60642872918941,-21.60642872918941,-21.60642872918941,0.0
1.25,0.2,3.0,0.55,6,test,0x0000000000000000000000000000000000000000,5,20.0,0.0,-1.0079250022962305,0.0,-3.0237750068886915,0.0
1.25,0.2,3.0,0.55,6,test,0x2565055891704afe3e844d5b34a318108ce64144,1,0.0,0.0,0.0,0.0,0.0,0.0
1.25,0.2,3.0,0.55,6,test,0x261b0f5e05eb05c6496728f1ae4969810dbe8a80,1,0.0,0.0,0.0,0.0,0.0,0.0
1.25,0.2,3.0,0.55,6,test,0xe5e702641ea86f4ae6cc3cdaed2b886f976be044,15,13.333333333333334,0.0,-4.348338742708356,0.0,-14.276067574549964,0.0
1.25,0.2,3.0,0.55,6,train,0x0000000000000000000000000000000000000000,17,23.52941176470588,0.0,-2.0364172344255014,0.0,-10.002338837603055,5.88235294117647
1.25,0.2,3.0,0.55,6,train,0x00d18bc3fab01162f43f20c071559795fcaf4144,1,0.0,0.0,0.0,0.0,0.0,0.0
1.25,0.2,3.0,0.55,6,train,0x1e8bbf00d265e08a27e91bfbc1f9a4073c4b4144,1,100.0,0.0,-35.08425552517339,-35.08425552517339,-35.08425552517339,0.0
1.25,0.2,3.0,0.55,6,train,0x332f85e7e323214b2d55286414b059ebb1f2a044,1,100.0,0.0,7.33592572947348,7.33592572947348,7.33592572947348,100.0
1.25,0.2,3.0,0.55,6,train,0x3ad9e44cb65e518e452bfcb78952ca45b66a8a80,1,0.0,0.0,0.0,0.0,0.0,0.0
1.25,0.2,3.0,0.55,6,train,0x3bf48564e102ddf0ffd19c998e6132eee8be5000,1,0.0,0.0,0.0,0.0,0.0,0.0
1.25,0.2,3.0,0.55,6,train,0x4e3468951d49f2eea976ed0d6e75ffcb44a9a544,2,50.0,0.0,-0.8502725796594224,-0.8502725796594224,-1.5304906433869603,0.0
1.25,0.2,3.0,0.55,6,train,0x6eaae6b721b6c896bbfc30d3a7f4999d5a94ca80,1,100.0,0.0,-63.30559088878156,-63.30559088878156,-63.30559088878156,0.0
1.25,0.2,3.0,0.55,6,train,0x718793b91da00b21e5b11e89de3ec9b9b6234144,1,0.0,0.0,0.0,0.0,0.0,0.0
1.25,0.2,3.0,0.55,6,train,0x72cecfc6d9a07117d5d207537e0bfd4bdfdac0cc,1,100.0,0.0,30.98470729992946,30.98470729992946,30.98470729992946,100.0
1.25,0.2,3.0,0.55,6,train,0x75a54357d9c78a2db19004a5fdc76c50f9242aec,1,0.0,0.0,0.0,0.0,0.0,0.0
1.25,0.2,3.0,0.55,6,train,0xbc4397b7f01f347b7dfa35276ca73203f3348a80,1,0.0,0.0,0.0,0.0,0.0,0.0
1.25,0.2,3.0,0.55,6,train,0xbe3e194f0069013ae4a860b6c152131b2032c0cc,1,0.0,0.0,0.0,0.0,0.0,0.0
1.25,0.2,3.0,0.55,6,train,0xc7e90a703b7ca435089cb90b8b770353e52b0a80,1,0.0,0.0,0.0,0.0,0.0,0.0
1.25,0.2,3.0,0.55,6,train,0xe0a5a3ba19a680a72be08c39c5de4dddb1fe05c7,1,0.0,0.0,0.0,0.0,0.0,0.0
1.25,0.2,3.0,0.55,6,train,0xe5e702641ea86f4ae6cc3cdaed2b886f976be044,58,29.310344827586203,1.7241379310344827,-2.062735666992612,0.0,-26.37458335661509,6.896551724137931
1.25,0.2,3.0,0.55,6,train,0xf1ee073811b14359d850825e48d200483200edcd,1,100.0,0.0,-21.60642872918941,-21.60642872918941,-21.60642872918941,0.0
1.25,0.2,3.0,0.55,12,test,0x0000000000000000000000000000000000000000,5,20.0,0.0,-2.2755343016473906,0.0,-6.826602904942171,0.0
1.25,0.2,3.0,0.55,12,test,0x2565055891704afe3e844d5b34a318108ce64144,1,0.0,0.0,0.0,0.0,0.0,0.0
1.25,0.2,3.0,0.55,12,test,0x261b0f5e05eb05c6496728f1ae4969810dbe8a80,1,0.0,0.0,0.0,0.0,0.0,0.0
1.25,0.2,3.0,0.55,12,test,0xe5e702641ea86f4ae6cc3cdaed2b886f976be044,15,13.333333333333334,0.0,-4.348338742708356,0.0,-14.276067574549964,0.0
1.25,0.2,3.0,0.55,12,train,0x0000000000000000000000000000000000000000,17,23.52941176470588,0.0,-2.0364172344255014,0.0,-10.002338837603055,5.88235294117647
1.25,0.2,3.0,0.55,12,train,0x00d18bc3fab01162f43f20c071559795fcaf4144,1,0.0,0.0,0.0,0.0,0.0,0.0
1.25,0.2,3.0,0.55,12,train,0x1e8bbf00d265e08a27e91bfbc1f9a4073c4b4144,1,100.0,0.0,-35.08425552517339,-35.08425552517339,-35.08425552517339,0.0
1.25,0.2,3.0,0.55,12,train,0x332f85e7e323214b2d55286414b059ebb1f2a044,1,100.0,0.0,37.97282866873986,37.97282866873986,37.97282866873986,100.0
1.25,0.2,3.0,0.55,12,train,0x3ad9e44cb65e518e452bfcb78952ca45b66a8a80,1,0.0,0.0,0.0,0.0,0.0,0.0
1.25,0.2,3.0,0.55,12,train,0x3bf48564e102ddf0ffd19c998e6132eee8be5000,1,0.0,0.0,0.0,0.0,0.0,0.0
1.25,0.2,3.0,0.55,12,train,0x4e3468951d49f2eea976ed0d6e75ffcb44a9a544,2,50.0,0.0,11.790698496221474,11.790698496221474,2.358139699244295,50.0
1.25,0.2,3.0,0.55,12,train,0x6eaae6b721b6c896bbfc30d3a7f4999d5a94ca80,1,100.0,0.0,-63.30559088878156,-63.30559088878156,-63.30559088878156,0.0
1.25,0.2,3.0,0.55,12,train,0x718793b91da00b21e5b11e89de3ec9b9b6234144,1,0.0,0.0,0.0,0.0,0.0,0.0
1.25,0.2,3.0,0.55,12,train,0x72cecfc6d9a07117d5d207537e0bfd4bdfdac0cc,1,100.0,0.0,30.98470729992946,30.98470729992946,30.98470729992946,100.0
1.25,0.2,3.0,0.55,12,train,0x75a54357d9c78a2db19004a5fdc76c50f9242aec,1,0.0,0.0,0.0,0.0,0.0,0.0
1.25,0.2,3.0,0.55,12,train,0xbc4397b7f01f347b7dfa35276ca73203f3348a80,1,0.0,0.0,0.0,0.0,0.0,0.0
1.25,0.2,3.0,0.55,12,train,0xbe3e194f0069013ae4a860b6c152131b2032c0cc,1,0.0,0.0,0.0,0.0,0.0,0.0
1.25,0.2,3.0,0.55,12,train,0xc7e90a703b7ca435089cb90b8b770353e52b0a80,1,0.0,0.0,0.0,0.0,0.0,0.0
1.25,0.2,3.0,0.55,12,train,0xe0a5a3ba19a680a72be08c39c5de4dddb1fe05c7,1,0.0,0.0,0.0,0.0,0.0,0.0
1.25,0.2,3.0,0.55,12,train,0xe5e702641ea86f4ae6cc3cdaed2b886f976be044,58,29.310344827586203,3.4482758620689653,-5.324640395188011,0.0,-31.659188411277782,3.4482758620689653
1.25,0.2,3.0,0.55,12,train,0xf1ee073811b14359d850825e48d200483200edcd,1,100.0,0.0,-21.60642872918941,-21.60642872918941,-21.60642872918941,0.0
1.25,0.2,3.0,0.55,24,test,0x0000000000000000000000000000000000000000,5,20.0,0.0,-0.15514513866313306,0.0,-0.4654354159893992,0.0
1.25,0.2,3.0,0.55,24,test,0x2565055891704afe3e844d5b34a318108ce64144,1,0.0,0.0,0.0,0.0,0.0,0.0
1.25,0.2,3.0,0.55,24,test,0x261b0f5e05eb05c6496728f1ae4969810dbe8a80,1,0.0,0.0,0.0,0.0,0.0,0.0
1.25,0.2,3.0,0.55,24,test,0xe5e702641ea86f4ae6cc3cdaed2b886f976be044,15,13.333333333333334,0.0,-4.348338742708356,0.0,-14.276067574549964,0.0
1.25,0.2,3.0,0.55,24,train,0x0000000000000000000000000000000000000000,17,23.52941176470588,0.0,-2.0364172344255014,0.0,-10.002338837603055,5.88235294117647
1.25,0.2,3.0,0.55,24,train,0x00d18bc3fab01162f43f20c071559795fcaf4144,1,0.0,0.0,0.0,0.0,0.0,0.0
1.25,0.2,3.0,0.55,24,train,0x1e8bbf00d265e08a27e91bfbc1f9a4073c4b4144,1,100.0,0.0,-35.08425552517339,-35.08425552517339,-35.08425552517339,0.0
1.25,0.2,3.0,0.55,24,train,0x332f85e7e323214b2d55286414b059ebb1f2a044,1,100.0,0.0,-23.195257625248168,-23.195257625248168,-23.195257625248168,0.0
1.25,0.2,3.0,0.55,24,train,0x3ad9e44cb65e518e452bfcb78952ca45b66a8a80,1,0.0,0.0,0.0,0.0,0.0,0.0
1.25,0.2,3.0,0.55,24,train,0x3bf48564e102ddf0ffd19c998e6132eee8be5000,1,0.0,0.0,0.0,0.0,0.0,0.0
1.25,0.2,3.0,0.55,24,train,0x4e3468951d49f2eea976ed0d6e75ffcb44a9a544,2,50.0,0.0,1.9040477994742067,1.9040477994742067,0.38080955989484133,50.0
1.25,0.2,3.0,0.55,24,train,0x6eaae6b721b6c896bbfc30d3a7f4999d5a94ca80,1,100.0,0.0,-63.30559088878156,-63.30559088878156,-63.30559088878156,0.0
1.25,0.2,3.0,0.55,24,train,0x718793b91da00b21e5b11e89de3ec9b9b6234144,1,0.0,0.0,0.0,0.0,0.0,0.0
1.25,0.2,3.0,0.55,24,train,0x72cecfc6d9a07117d5d207537e0bfd4bdfdac0cc,1,100.0,0.0,30.98470729992946,30.98470729992946,30.98470729992946,100.0
1.25,0.2,3.0,0.55,24,train,0x75a54357d9c78a2db19004a5fdc76c50f9242aec,1,0.0,0.0,0.0,0.0,0.0,0.0
1.25,0.2,3.0,0.55,24,train,0xbc4397b7f01f347b7dfa35276ca73203f3348a80,1,0.0,0.0,0.0,0.0,0.0,0.0
1.25,0.2,3.0,0.55,24,train,0xbe3e194f0069013ae4a860b6c152131b2032c0cc,1,0.0,0.0,0.0,0.0,0.0,0.0
1.25,0.2,3.0,0.55,24,train,0xc7e90a703b7ca435089cb90b8b770353e52b0a80,1,0.0,0.0,0.0,0.0,0.0,0.0
1.25,0.2,3.0,0.55,24,train,0xe0a5a3ba19a680a72be08c39c5de4dddb1fe05c7,1,0.0,0.0,0.0,0.0,0.0,0.0
1.25,0.2,3.0,0.55,24,train,0xe5e702641ea86f4ae6cc3cdaed2b886f976be044,58,29.310344827586203,3.4482758620689653,-5.643645287862921,0.0,-31.659188411277782,3.4482758620689653
1.25,0.2,3.0,0.55,24,train,0xf1ee073811b14359d850825e48d200483200edcd,1,100.0,0.0,-21.60642872918941,-21.60642872918941,-21.60642872918941,0.0
1.25,0.2,3.0,0.7,6,test,0x0000000000000000000000000000000000000000,5,20.0,0.0,-1.0079250022962305,0.0,-3.0237750068886915,0.0
1.25,0.2,3.0,0.7,6,test,0x2565055891704afe3e844d5b34a318108ce64144,1,0.0,0.0,0.0,0.0,0.0,0.0
1.25,0.2,3.0,0.7,6,test,0x261b0f5e05eb05c6496728f1ae4969810dbe8a80,1,0.0,0.0,0.0,0.0,0.0,0.0
1.25,0.2,3.0,0.7,6,test,0xe5e702641ea86f4ae6cc3cdaed2b886f976be044,15,13.333333333333334,0.0,-4.348338742708356,0.0,-14.276067574549964,0.0
1.25,0.2,3.0,0.7,6,train,0x0000000000000000000000000000000000000000,17,23.52941176470588,0.0,-2.0364172344255014,0.0,-10.002338837603055,5.88235294117647
1.25,0.2,3.0,0.7,6,train,0x00d18bc3fab01162f43f20c071559795fcaf4144,1,0.0,0.0,0.0,0.0,0.0,0.0
1.25,0.2,3.0,0.7,6,train,0x1e8bbf00d265e08a27e91bfbc1f9a4073c4b4144,1,100.0,0.0,-35.08425552517339,-35.08425552517339,-35.08425552517339,0.0
1.25,0.2,3.0,0.7,6,train,0x332f85e7e323214b2d55286414b059ebb1f2a044,1,100.0,0.0,7.33592572947348,7.33592572947348,7.33592572947348,100.0
1.25,0.2,3.0,0.7,6,train,0x3ad9e44cb65e518e452bfcb78952ca45b66a8a80,1,0.0,0.0,0.0,0.0,0.0,0.0
1.25,0.2,3.0,0.7,6,train,0x3bf48564e102ddf0ffd19c998e6132eee8be5000,1,0.0,0.0,0.0,0.0,0.0,0.0
1.25,0.2,3.0,0.7,6,train,0x4e3468951d49f2eea976ed0d6e75ffcb44a9a544,2,50.0,0.0,-0.8502725796594224,-0.8502725796594224,-1.5304906433869603,0.0
1.25,0.2,3.0,0.7,6,train,0x6eaae6b721b6c896bbfc30d3a7f4999d5a94ca80,1,100.0,0.0,-63.30559088878156,-63.30559088878156,-63.30559088878156,0.0
1.25,0.2,3.0,0.7,6,train,0x718793b91da00b21e5b11e89de3ec9b9b6234144,1,0.0,0.0,0.0,0.0,0.0,0.0
1.25,0.2,3.0,0.7,6,train,0x72cecfc6d9a07117d5d207537e0bfd4bdfdac0cc,1,100.0,0.0,30.98470729992946,30.98470729992946,30.98470729992946,100.0
1.25,0.2,3.0,0.7,6,train,0x75a54357d9c78a2db19004a5fdc76c50f9242aec,1,0.0,0.0,0.0,0.0,0.0,0.0
1.25,0.2,3.0,0.7,6,train,0xbc4397b7f01f347b7dfa35276ca73203f3348a80,1,0.0,0.0,0.0,0.0,0.0,0.0
1.25,0.2,3.0,0.7,6,train,0xbe3e194f0069013ae4a860b6c152131b2032c0cc,1,0.0,0.0,0.0,0.0,0.0,0.0
1.25,0.2,3.0,0.7,6,train,0xc7e90a703b7ca435089cb90b8b770353e52b0a80,1,0.0,0.0,0.0,0.0,0.0,0.0
1.25,0.2,3.0,0.7,6,train,0xe0a5a3ba19a680a72be08c39c5de4dddb1fe05c7,1,0.0,0.0,0.0,0.0,0.0,0.0
1.25,0.2,3.0,0.7,6,train,0xe5e702641ea86f4ae6cc3cdaed2b886f976be044,58,29.310344827586203,1.7241379310344827,-2.1785585320770884,0.0,-26.37458335661509,6.896551724137931
1.25,0.2,3.0,0.7,6,train,0xf1ee073811b14359d850825e48d200483200edcd,1,100.0,0.0,-21.60642872918941,-21.60642872918941,-21.60642872918941,0.0
1.25,0.2,3.0,0.7,12,test,0x0000000000000000000000000000000000000000,5,20.0,0.0,-2.2755343016473906,0.0,-6.826602904942171,0.0
1.25,0.2,3.0,0.7,12,test,0x2565055891704afe3e844d5b34a318108ce64144,1,0.0,0.0,0.0,0.0,0.0,0.0
1.25,0.2,3.0,0.7,12,test,0x261b0f5e05eb05c6496728f1ae4969810dbe8a80,1,0.0,0.0,0.0,0.0,0.0,0.0
1.25,0.2,3.0,0.7,12,test,0xe5e702641ea86f4ae6cc3cdaed2b886f976be044,15,13.333333333333334,0.0,-4.348338742708356,0.0,-14.276067574549964,0.0
1.25,0.2,3.0,0.7,12,train,0x0000000000000000000000000000000000000000,17,23.52941176470588,0.0,-2.0364172344255014,0.0,-10.002338837603055,5.88235294117647
1.25,0.2,3.0,0.7,12,train,0x00d18bc3fab01162f43f20c071559795fcaf4144,1,0.0,0.0,0.0,0.0,0.0,0.0
1.25,0.2,3.0,0.7,12,train,0x1e8bbf00d265e08a27e91bfbc1f9a4073c4b4144,1,100.0,0.0,-35.08425552517339,-35.08425552517339,-35.08425552517339,0.0
1.25,0.2,3.0,0.7,12,train,0x332f85e7e323214b2d55286414b059ebb1f2a044,1,100.0,0.0,37.97282866873986,37.97282866873986,37.97282866873986,100.0
1.25,0.2,3.0,0.7,12,train,0x3ad9e44cb65e518e452bfcb78952ca45b66a8a80,1,0.0,0.0,0.0,0.0,0.0,0.0
1.25,0.2,3.0,0.7,12,train,0x3bf48564e102ddf0ffd19c998e6132eee8be5000,1,0.0,0.0,0.0,0.0,0.0,0.0
1.25,0.2,3.0,0.7,12,train,0x4e3468951d49f2eea976ed0d6e75ffcb44a9a544,2,50.0,0.0,11.790698496221474,11.790698496221474,2.358139699244295,50.0
1.25,0.2,3.0,0.7,12,train,0x6eaae6b721b6c896bbfc30d3a7f4999d5a94ca80,1,100.0,0.0,-63.30559088878156,-63.30559088878156,-63.30559088878156,0.0
1.25,0.2,3.0,0.7,12,train,0x718793b91da00b21e5b11e89de3ec9b9b6234144,1,0.0,0.0,0.0,0.0,0.0,0.0
1.25,0.2,3.0,0.7,12,train,0x72cecfc6d9a07117d5d207537e0bfd4bdfdac0cc,1,100.0,0.0,30.98470729992946,30.98470729992946,30.98470729992946,100.0
1.25,0.2,3.0,0.7,12,train,0x75a54357d9c78a2db19004a5fdc76c50f9242aec,1,0.0,0.0,0.0,0.0,0.0,0.0
1.25,0.2,3.0,0.7,12,train,0xbc4397b7f01f347b7dfa35276ca73203f3348a80,1,0.0,0.0,0.0,0.0,0.0,0.0
1.25,0.2,3.0,0.7,12,train,0xbe3e194f0069013ae4a860b6c152131b2032c0cc,1,0.0,0.0,0.0,0.0,0.0,0.0
1.25,0.2,3.0,0.7,12,train,0xc7e90a703b7ca435089cb90b8b770353e52b0a80,1,0.0,0.0,0.0,0.0,0.0,0.0
1.25,0.2,3.0,0.7,12,train,0xe0a5a3ba19a680a72be08c39c5de4dddb1fe05c7,1,0.0,0.0,0.0,0.0,0.0,0.0
1.25,0.2,3.0,0.7,12,train,0xe5e702641ea86f4ae6cc3cdaed2b886f976be044,58,29.310344827586203,3.4482758620689653,-6.059474413870407,0.0,-31.659188411277782,3.4482758620689653
1.25,0.2,3.0,0.7,12,train,0xf1ee073811b14359d850825e48d200483200edcd,1,100.0,0.0,-21.60642872918941,-21.60642872918941,-21.60642872918941,0.0
1.25,0.2,3.0,0.7,24,test,0x0000000000000000000000000000000000000000,5,20.0,0.0,-0.15514513866313306,0.0,-0.4654354159893992,0.0
1.25,0.2,3.0,0.7,24,test,0x2565055891704afe3e844d5b34a318108ce64144,1,0.0,0.0,0.0,0.0,0.0,0.0
1.25,0.2,3.0,0.7,24,test,0x261b0f5e05eb05c6496728f1ae4969810dbe8a80,1,0.0,0.0,0.0,0.0,0.0,0.0
1.25,0.2,3.0,0.7,24,test,0xe5e702641ea86f4ae6cc3cdaed2b886f976be044,15,13.333333333333334,0.0,-4.348338742708356,0.0,-14.276067574549964,0.0
1.25,0.2,3.0,0.7,24,train,0x0000000000000000000000000000000000000000,17,23.52941176470588,0.0,-2.0364172344255014,0.0,-10.002338837603055,5.88235294117647
1.25,0.2,3.0,0.7,24,train,0x00d18bc3fab01162f43f20c071559795fcaf4144,1,0.0,0.0,0.0,0.0,0.0,0.0
1.25,0.2,3.0,0.7,24,train,0x1e8bbf00d265e08a27e91bfbc1f9a4073c4b4144,1,100.0,0.0,-35.08425552517339,-35.08425552517339,-35.08425552517339,0.0
1.25,0.2,3.0,0.7,24,train,0x332f85e7e323214b2d55286414b059ebb1f2a044,1,100.0,0.0,-23.195257625248168,-23.195257625248168,-23.195257625248168,0.0
1.25,0.2,3.0,0.7,24,train,0x3ad9e44cb65e518e452bfcb78952ca45b66a8a80,1,0.0,0.0,0.0,0.0,0.0,0.0
1.25,0.2,3.0,0.7,24,train,0x3bf48564e102ddf0ffd19c998e6132eee8be5000,1,0.0,0.0,0.0,0.0,0.0,0.0
1.25,0.2,3.0,0.7,24,train,0x4e3468951d49f2eea976ed0d6e75ffcb44a9a544,2,50.0,0.0,1.9040477994742067,1.9040477994742067,0.38080955989484133,50.0
1.25,0.2,3.0,0.7,24,train,0x6eaae6b721b6c896bbfc30d3a7f4999d5a94ca80,1,100.0,0.0,-63.30559088878156,-63.30559088878156,-63.30559088878156,0.0
1.25,0.2,3.0,0.7,24,train,0x718793b91da00b21e5b11e89de3ec9b9b6234144,1,0.0,0.0,0.0,0.0,0.0,0.0
1.25,0.2,3.0,0.7,24,train,0x72cecfc6d9a07117d5d207537e0bfd4bdfdac0cc,1,100.0,0.0,30.98470729992946,30.98470729992946,30.98470729992946,100.0
1.25,0.2,3.0,0.7,24,train,0x75a54357d9c78a2db19004a5fdc76c50f9242aec,1,0.0,0.0,0.0,0.0,0.0,0.0
1.25,0.2,3.0,0.7,24,train,0xbc4397b7f01f347b7dfa35276ca73203f3348a80,1,0.0,0.0,0.0,0.0,0.0,0.0
1.25,0.2,3.0,0.7,24,train,0xbe3e194f0069013ae4a860b6c152131b2032c0cc,1,0.0,0.0,0.0,0.0,0.0,0.0
1.25,0.2,3.0,0.7,24,train,0xc7e90a703b7ca435089cb90b8b770353e52b0a80,1,0.0,0.0,0.0,0.0,0.0,0.0
1.25,0.2,3.0,0.7,24,train,0xe0a5a3ba19a680a72be08c39c5de4dddb1fe05c7,1,0.0,0.0,0.0,0.0,0.0,0.0
1.25,0.2,3.0,0.7,24,train,0xe5e702641ea86f4ae6cc3cdaed2b886f976be044,58,29.310344827586203,3.4482758620689653,-6.378479306545318,0.0,-31.659188411277782,3.4482758620689653
1.25,0.2,3.0,0.7,24,train,0xf1ee073811b14359d850825e48d200483200edcd,1,100.0,0.0,-21.60642872918941,-21.60642872918941,-21.60642872918941,0.0
1.25,0.3,1.5,0.4,6,test,0x0000000000000000000000000000000000000000,5,20.0,0.0,-1.0079250022962305,0.0,-3.0237750068886915,0.0
1.25,0.3,1.5,0.4,6,test,0x2565055891704afe3e844d5b34a318108ce64144,1,0.0,0.0,0.0,0.0,0.0,0.0
1.25,0.3,1.5,0.4,6,test,0x261b0f5e05eb05c6496728f1ae4969810dbe8a80,1,0.0,0.0,0.0,0.0,0.0,0.0
1.25,0.3,1.5,0.4,6,test,0xe5e702641ea86f4ae6cc3cdaed2b886f976be044,15,13.333333333333334,0.0,-5.504173963615511,0.0,-24.67858456271435,0.0
1.25,0.3,1.5,0.4,6,train,0x0000000000000000000000000000000000000000,17,23.52941176470588,0.0,-1.9835902308218096,0.0,-9.64311521309795,5.88235294117647
1.25,0.3,1.5,0.4,6,train,0x00d18bc3fab01162f43f20c071559795fcaf4144,1,0.0,0.0,0.0,0.0,0.0,0.0
1.25,0.3,1.5,0.4,6,train,0x1e8bbf00d265e08a27e91bfbc1f9a4073c4b4144,1,100.0,0.0,-35.08425552517339,-35.08425552517339,-35.08425552517339,0.0
1.25,0.3,1.5,0.4,6,train,0x332f85e7e323214b2d55286414b059ebb1f2a044,1,100.0,100.0,32.02901202796209,32.02901202796209,32.02901202796209,100.0
1.25,0.3,1.5,0.4,6,train,0x3ad9e44cb65e518e452bfcb78952ca45b66a8a80,1,0.0,0.0,0.0,0.0,0.0,0.0
1.25,0.3,1.5,0.4,6,train,0x3bf48564e102ddf0ffd19c998e6132eee8be5000,1,0.0,0.0,0.0,0.0,0.0,0.0
1.25,0.3,1.5,0.4,6,train,0x4e3468951d49f2eea976ed0d6e75ffcb44a9a544,2,50.0,0.0,-0.8502725796594224,-0.8502725796594224,-1.5304906433869603,0.0
1.25,0.3,1.5,0.4,6,train,0x6eaae6b721b6c896bbfc30d3a7f4999d5a94ca80,1,100.0,0.0,-63.30559088878156,-63.30559088878156,-63.30559088878156,0.0
1.25,0.3,1.5,0.4,6,train,0x718793b91da00b21e5b11e89de3ec9b9b6234144,1,0.0,0.0,0.0,0.0,0.0,0.0
1.25,0.3,1.5,0.4,6,train,0x72cecfc6d9a07117d5d207537e0bfd4bdfdac0cc,1,100.0,0.0,30.98470729992946,30.98470729992946,30.98470729992946,100.0
1.25,0.3,1.5,0.4,6,train,0x75a54357d9c78a2db19004a5fdc76c50f9242aec,1,0.0,0.0,0.0,0.0,0.0,0.0
1.25,0.3,1.5,0.4,6,train,0xbc4397b7f01f347b7dfa35276ca73203f3348a80,1,0.0,0.0,0.0,0.0,0.0,0.0
1.25,0.3,1.5,0.4,6,train,0xbe3e194f0069013ae4a860b6c152131b2032c0cc,1,0.0,0.0,0.0,0.0,0.0,0.0
1.25,0.3,1.5,0.4,6,train,0xc7e90a703b7ca435089cb90b8b770353e52b0a80,1,0.0,0.0,0.0,0.0,0.0,0.0
1.25,0.3,1.5,0.4,6,train,0xe0a5a3ba19a680a72be08c39c5de4dddb1fe05c7,1,0.0,0.0,0.0,0.0,0.0,0.0
1.25,0.3,1.5,0.4,6,train,0xe5e702641ea86f4ae6cc3cdaed2b886f976be044,58,29.310344827586203,10.344827586206897,-1.6330914337385296,0.0,-34.801066955580225,12.068965517241379
1.25,0.3,1.5,0.4,6,train,0xf1ee073811b14359d850825e48d200483200edcd,1,100.0,0.0,-16.486401182328013,-16.486401182328013,-16.486401182328013,0.0
1.25,0.3,1.5,0.4,12,test,0x0000000000000000000000000000000000000000,5,20.0,0.0,-2.2755343016473906,0.0,-6.826602904942171,0.0
1.25,0.3,1.5,0.4,12,test,0x2565055891704afe3e844d5b34a318108ce64144,1,0.0,0.0,0.0,0.0,0.0,0.0
1.25,0.3,1.5,0.4,12,test,0x261b0f5e05eb05c6496728f1ae4969810dbe8a80,1,0.0,0.0,0.0,0.0,0.0,0.0
1.25,0.3,1.5,0.4,12,test,0xe5e702641ea86f4ae6cc3cdaed2b886f976be044,15,13.333333333333334,0.0,-5.504173963615511,0.0,-24.67858456271435,0.0
1.25,0.3,1.5,0.4,12,train,0x0000000000000000000000000000000000000000,17,23.52941176470588,0.0,-1.8183078278998417,0.0,-8.519194873228567,5.88235294117647
1.25,0.3,1.5,0.4,12,train,0x00d18bc3fab01162f43f20c071559795fcaf4144,1,0.0,0.0,0.0,0.0,0.0,0.0
1.25,0.3,1.5,0.4,12,train,0x1e8bbf00d265e08a27e91bfbc1f9a4073c4b4144,1,100.0,0.0,-35.08425552517339,-35.08425552517339,-35.08425552517339,0.0
1.25,0.3,1.5,0.4,12,train,0x332f85e7e323214b2d55286414b059ebb1f2a044,1,100.0,100.0,32.02901202796209,32.02901202796209,32.02901202796209,100.0
1.25,0.3,1.5,0.4,12,train,0x3ad9e44cb65e518e452bfcb78952ca45b66a8a80,1,0.0,0.0,0.0,0.0,0.0,0.0
1.25,0.3,1.5,0.4,12,train,0x3bf48564e102ddf0ffd19c998e6132eee8be5000,1,0.0,0.0,0.0,0.0,0.0,0.0
1.25,0.3,1.5,0.4,12,train,0x4e3468951d49f2eea976ed0d6e75ffcb44a9a544,2,50.0,0.0,11.790698496221474,11.790698496221474,2.358139699244295,50.0
1.25,0.3,1.5,0.4,12,train,0x6eaae6b721b6c896bbfc30d3a7f4999d5a94ca80,1,100.0,0.0,-63.30559088878156,-63.30559088878156,-63.30559088878156,0.0
1.25,0.3,1.5,0.4,12,train,0x718793b91da00b21e5b11e89de3ec9b9b6234144,1,0.0,0.0,0.0,0.0,0.0,0.0
1.25,0.3,1.5,0.4,12,train,0x72cecfc6d9a07117d5d207537e0bfd4bdfdac0cc,1,100.0,0.0,30.98470729992946,30.98470729992946,30.98470729992946,100.0
1.25,0.3,1.5,0.4,12,train,0x75a54357d9c78a2db19004a5fdc76c50f9242aec,1,0.0,0.0,0.0,0.0,0.0,0.0
1.25,0.3,1.5,0.4,12,train,0xbc4397b7f01f347b7dfa35276ca73203f3348a80,1,0.0,0.0,0.0,0.0,0.0,0.0
1.25,0.3,1.5,0.4,12,train,0xbe3e194f0069013ae4a860b6c152131b2032c0cc,1,0.0,0.0,0.0,0.0,0.0,0.0
1.25,0.3,1.5,0.4,12,train,0xc7e90a703b7ca435089cb90b8b770353e52b0a80,1,0.0,0.0,0.0,0.0,0.0,0.0
1.25,0.3,1.5,0.4,12,train,0xe0a5a3ba19a680a72be08c39c5de4dddb1fe05c7,1,0.0,0.0,0.0,0.0,0.0,0.0
1.25,0.3,1.5,0.4,12,train,0xe5e702641ea86f4ae6cc3cdaed2b886f976be044,58,29.310344827586203,10.344827586206897,-1.3757379195792614,0.0,-34.801066955580225,12.068965517241379
1.25,0.3,1.5,0.4,12,train,0xf1ee073811b14359d850825e48d200483200edcd,1,100.0,0.0,-32.03321299516219,-32.03321299516219,-32.03321299516219,0.0
1.25,0.3,1.5,0.4,24,test,0x0000000000000000000000000000000000000000,5,20.0,0.0,-0.15514513866313306,0.0,-0.4654354159893992,0.0
1.25,0.3,1.5,0.4,24,test,0x2565055891704afe3e844d5b34a318108ce64144,1,0.0,0.0,0.0,0.0,0.0,0.0
1.25,0.3,1.5,0.4,24,test,0x261b0f5e05eb05c6496728f1ae4969810dbe8a80,1,0.0,0.0,0.0,0.0,0.0,0.0
1.25,0.3,1.5,0.4,24,test,0xe5e702641ea86f4ae6cc3cdaed2b886f976be044,15,13.333333333333334,0.0,-5.504173963615511,0.0,-24.67858456271435,0.0
1.25,0.3,1.5,0.4,24,train,0x0000000000000000000000000000000000000000,17,23.52941176470588,0.0,-2.0045462057390857,0.0,-9.785615842535428,5.88235294117647
1.25,0.3,1.5,0.4,24,train,0x00d18bc3fab01162f43f20c071559795fcaf4144,1,0.0,0.0,0.0,0.0,0.0,0.0
1.25,0.3,1.5,0.4,24,train,0x1e8bbf00d265e08a27e91bfbc1f9a4073c4b4144,1,100.0,0.0,-35.08425552517339,-35.08425552517339,-35.08425552517339,0.0
1.25,0.3,1.5,0.4,24,train,0x332f85e7e323214b2d55286414b059ebb1f2a044,1,100.0,100.0,32.02901202796209,32.02901202796209,32.02901202796209,100.0
1.25,0.3,1.5,0.4,24,train,0x3ad9e44cb65e518e452bfcb78952ca45b66a8a80,1,0.0,0.0,0.0,0.0,0.0,0.0
1.25,0.3,1.5,0.4,24,train,0x3bf48564e102ddf0ffd19c998e6132eee8be5000,1,0.0,0.0,0.0,0.0,0.0,0.0
1.25,0.3,1.5,0.4,24,train,0x4e3468951d49f2eea976ed0d6e75ffcb44a9a544,2,50.0,0.0,1.9040477994742067,1.9040477994742067,0.38080955989484133,50.0
1.25,0.3,1.5,0.4,24,train,0x6eaae6b721b6c896bbfc30d3a7f4999d5a94ca80,1,100.0,0.0,-63.30559088878156,-63.30559088878156,-63.30559088878156,0.0
1.25,0.3,1.5,0.4,24,train,0x718793b91da00b21e5b11e89de3ec9b9b6234144,1,0.0,0.0,0.0,0.0,0.0,0.0
1.25,0.3,1.5,0.4,24,train,0x72cecfc6d9a07117d5d207537e0bfd4bdfdac0cc,1,100.0,0.0,30.98470729992946,30.98470729992946,30.98470729992946,100.0
1.25,0.3,1.5,0.4,24,train,0x75a54357d9c78a2db19004a5fdc76c50f9242aec,1,0.0,0.0,0.0,0.0,0.0,0.0
1.25,0.3,1.5,0.4,24,train,0xbc4397b7f01f347b7dfa35276ca73203f3348a80,1,0.0,0.0,0.0,0.0,0.0,0.0
1.25,0.3,1.5,0.4,24,train,0xbe3e194f0069013ae4a860b6c152131b2032c0cc,1,0.0,0.0,0.0,0.0,0.0,0.0
1.25,0.3,1.5,0.4,24,train,0xc7e90a703b7ca435089cb90b8b770353e52b0a80,1,0.0,0.0,0.0,0.0,0.0,0.0
1.25,0.3,1.5,0.4,24,train,0xe0a5a3ba19a680a72be08c39c5de4dddb1fe05c7,1,0.0,0.0,0.0,0.0,0.0,0.0
1.25,0.3,1.5,0.4,24,train,0xe5e702641ea86f4ae6cc3cdaed2b886f976be044,58,29.310344827586203,12.068965517241379,-0.8591290549535341,0.0,-34.801066955580225,12.068965517241379
1.25,0.3,1.5,0.4,24,train,0xf1ee073811b14359d850825e48d200483200edcd,1,100.0,0.0,-32.03321299516219,-32.03321299516219,-32.03321299516219,0.0
1.25,0.3,1.5,0.55,6,test,0x0000000000000000000000000000000000000000,5,20.0,0.0,-1.0079250022962305,0.0,-3.0237750068886915,0.0
1.25,0.3,1.5,0.55,6,test,0x2565055891704afe3e844d5b34a318108ce64144,1,0.0,0.0,0.0,0.0,0.0,0.0
1.25,0.3,1.5,0.55,6,test,0x261b0f5e05eb05c6496728f1ae4969810dbe8a80,1,0.0,0.0,0.0,0.0,0.0,0.0
1.25,0.3,1.5,0.55,6,test,0xe5e702641ea86f4ae6cc3cdaed2b886f976be044,15,13.333333333333334,0.0,-5.504173963615511,0.0,-24.67858456271435,0.0
1.25,0.3,1.5,0.55,6,train,0x0000000000000000000000000000000000000000,17,23.52941176470588,0.0,-1.9835902308218096,0.0,-9.64311521309795,5.88235294117647
1.25,0.3,1.5,0.55,6,train,0x00d18bc3fab01162f43f20c071559795fcaf4144,1,0.0,0.0,0.0,0.0,0.0,0.0
1.25,0.3,1.5,0.55,6,train,0x1e8bbf00d265e08a27e91bfbc1f9a4073c4b4144,1,100.0,0.0,-35.08425552517339,-35.08425552517339,-35.08425552517339,0.0
1.25,0.3,1.5,0.55,6,train,0x332f85e7e323214b2d55286414b059ebb1f2a044,1,100.0,100.0,21.287193143039218,21.287193143039218,21.287193143039218,100.0
1.25,0.3,1.5,0.55,6,train,0x3ad9e44cb65e518e452bfcb78952ca45b66a8a80,1,0.0,0.0,0.0,0.0,0.0,0.0
1.25,0.3,1.5,0.55,6,train,0x3bf48564e102ddf0ffd19c998e6132eee8be5000,1,0.0,0.0,0.0,0.0,0.0,0.0
1.25,0.3,1.5,0.55,6,train,0x4e3468951d49f2eea976ed0d6e75ffcb44a9a544,2,50.0,0.0,-0.8502725796594224,-0.8502725796594224,-1.5304906433869603,0.0
1.25,0.3,1.5,0.55,6,train,0x6eaae6b721b6c896bbfc30d3a7f4999d5a94ca80,1,100.0,0.0,-63.30559088878156,-63.30559088878156,-63.30559088878156,0.0
1.25,0.3,1.5,0.55,6,train,0x718793b91da00b21e5b11e89de3ec9b9b6234144,1,0.0,0.0,0.0,0.0,0.0,0.0
1.25,0.3,1.5,0.55,6,train,0x72cecfc6d9a07117d5d207537e0bfd4bdfdac0cc,1,100.0,0.0,30.98470729992946,30.98470729992946,30.98470729992946,100.0
1.25,0.3,1.5,0.55,6,train,0x75a54357d9c78a2db19004a5fdc76c50f9242aec,1,0.0,0.0,0.0,0.0,0.0,0.0
1.25,0.3,1.5,0.55,6,train,0xbc4397b7f01f347b7dfa35276ca73203f3348a80,1,0.0,0.0,0.0,0.0,0.0,0.0
1.25,0.3,1.5,0.55,6,train,0xbe3e194f0069013ae4a860b6c152131b2032c0cc,1,0.0,0.0,0.0,0.0,0.0,0.0
1.25,0.3,1.5,0.55,6,train,0xc7e90a703b7ca435089cb90b8b770353e52b0a80,1,0.0,0.0,0.0,0.0,0.0,0.0
1.25,0.3,1.5,0.55,6,train,0xe0a5a3ba19a680a72be08c39c5de4dddb1fe05c7,1,0.0,0.0,0.0,0.0,0.0,0.0
1.25,0.3,1.5,0.55,6,train,0xe5e702641ea86f4ae6cc3cdaed2b886f976be044,58,29.310344827586203,10.344827586206897,-2.685212395918946,0.0,-34.801066955580225,12.068965517241379
1.25,0.3,1.5,0.55,6,train,0xf1ee073811b14359d850825e48d200483200edcd,1,100.0,0.0,-16.486401182328013,-16.486401182328013,-16.486401182328013,0.0
1.25,0.3,1.5,0.55,12,test,0x0000000000000000000000000000000000000000,5,20.0,0.0,-2.2755343016473906,0.0,-6.826602904942171,0.0
1.25,0.3,1.5,0.55,12,test,0x2565055891704afe3e844d5b34a318108ce64144,1,0.0,0.0,0.0,0.0,0.0,0.0
1.25,0.3,1.5,0.55,12,test,0x261b0f5e05eb05c6496728f1ae4969810dbe8a80,1,0.0,0.0,0.0,0.0,0.0,0.0
1.25,0.3,1.5,0.55,12,test,0xe5e702641ea86f4ae6cc3cdaed2b886f976be044,15,13.333333333333334,0.0,-5.504173963615511,0.0,-24.67858456271435,0.0
1.25,0.3,1.5,0.55,12,train,0x0000000000000000000000000000000000000000,17,23.52941176470588,0.0,-1.8183078278998417,0.0,-8.519194873228567,5.88235294117647
1.25,0.3,1.5,0.55,12,train,0x00d18bc3fab01162f43f20c071559795fcaf4144,1,0.0,0.0,0.0,0.0,0.0,0.0
1.25,0.3,1.5,0.55,12,train,0x1e8bbf00d265e08a27e91bfbc1f9a4073c4b4144,1,100.0,0.0,-35.08425552517339,-35.08425552517339,-35.08425552517339,0.0
1.25,0.3,1.5,0.55,12,train,0x332f85e7e323214b2d55286414b059ebb1f2a044,1,100.0,100.0,21.287193143039218,21.287193143039218,21.287193143039218,100.0
1.25,0.3,1.5,0.55,12,train,0x3ad9e44cb65e518e452bfcb78952ca45b66a8a80,1,0.0,0.0,0.0,0.0,0.0,0.0
1.25,0.3,1.5,0.55,12,train,0x3bf48564e102ddf0ffd19c998e6132eee8be5000,1,0.0,0.0,0.0,0.0,0.0,0.0
1.25,0.3,1.5,0.55,12,train,0x4e3468951d49f2eea976ed0d6e75ffcb44a9a544,2,50.0,0.0,11.790698496221474,11.790698496221474,2.358139699244295,50.0
1.25,0.3,1.5,0.55,12,train,0x6eaae6b721b6c896bbfc30d3a7f4999d5a94ca80,1,100.0,0.0,-63.30559088878156,-63.30559088878156,-63.30559088878156,0.0
1.25,0.3,1.5,0.55,12,train,0x718793b91da00b21e5b11e89de3ec9b9b6234144,1,0.0,0.0,0.0,0.0,0.0,0.0
1.25,0.3,1.5,0.55,12,train,0x72cecfc6d9a07117d5d207537e0bfd4bdfdac0cc,1,100.0,0.0,30.98470729992946,30.98470729992946,30.98470729992946,100.0
1.25,0.3,1.5,0.55,12,train,0x75a54357d9c78a2db19004a5fdc76c50f9242aec,1,0.0,0.0,0.0,0.0,0.0,0.0
1.25,0.3,1.5,0.55,12,train,0xbc4397b7f01f347b7dfa35276ca73203f3348a80,1,0.0,0.0,0.0,0.0,0.0,0.0
1.25,0.3,1.5,0.55,12,train,0xbe3e194f0069013ae4a860b6c152131b2032c0cc,1,0.0,0.0,0.0,0.0,0.0,0.0
1.25,0.3,1.5,0.55,12,train,0xc7e90a703b7ca435089cb90b8b770353e52b0a80,1,0.0,0.0,0.0,0.0,0.0,0.0
1.25,0.3,1.5,0.55,12,train,0xe0a5a3ba19a680a72be08c39c5de4dddb1fe05c7,1,0.0,0.0,0.0,0.0,0.0,0.0
1.25,0.3,1.5,0.55,12,train,0xe5e702641ea86f4ae6cc3cdaed2b886f976be044,58,29.310344827586203,10.344827586206897,-2.4278588817596773,0.0,-34.801066955580225,12.068965517241379
1.25,0.3,1.5,0.55,12,train,0xf1ee073811b14359d850825e48d200483200edcd,1,100.0,0.0,-32.03321299516219,-32.03321299516219,-32.03321299516219,0.0
1.25,0.3,1.5,0.55,24,test,0x0000000000000000000000000000000000000000,5,20.0,0.0,-0.15514513866313306,0.0,-0.4654354159893992,0.0
1.25,0.3,1.5,0.55,24,test,0x2565055891704afe3e844d5b34a318108ce64144,1,0.0,0.0,0.0,0.0,0.0,0.0
1.25,0.3,1.5,0.55,24,test,0x261b0f5e05eb05c6496728f1ae4969810dbe8a80,1,0.0,0.0,0.0,0.0,0.0,0.0
1.25,0.3,1.5,0.55,24,test,0xe5e702641ea86f4ae6cc3cdaed2b886f976be044,15,13.333333333333334,0.0,-5.504173963615511,0.0,-24.67858456271435,0.0
1.25,0.3,1.5,0.55,24,train,0x0000000000000000000000000000000000000000,17,23.52941176470588,0.0,-2.0045462057390857,0.0,-9.785615842535428,5.88235294117647
1.25,0.3,1.5,0.55,24,train,0x00d18bc3fab01162f43f20c071559795fcaf4144,1,0.0,0.0,0.0,0.0,0.0,0.0
1.25,0.3,1.5,0.55,24,train,0x1e8bbf00d265e08a27e91bfbc1f9a4073c4b4144,1,100.0,0.0,-35.08425552517339,-35.08425552517339,-35.08425552517339,0.0
1.25,0.3,1.5,0.55,24,train,0x332f85e7e323214b2d55286414b059ebb1f2a044,1,100.0,100.0,21.287193143039218,21.287193143039218,21.287193143039218,100.0
1.25,0.3,1.5,0.55,24,train,0x3ad9e44cb65e518e452bfcb78952ca45b66a8a80,1,0.0,0.0,0.0,0.0,0.0,0.0
1.25,0.3,1.5,0.55,24,train,0x3bf48564e102ddf0ffd19c998e6132eee8be5000,1,0.0,0.0,0.0,0.0,0.0,0.0
1.25,0.3,1.5,0.55,24,train,0x4e3468951d49f2eea976ed0d6e75ffcb44a9a544,2,50.0,0.0,1.9040477994742067,1.9040477994742067,0.38080955989484133,50.0
1.25,0.3,1.5,0.55,24,train,0x6eaae6b721b6c896bbfc30d3a7f4999d5a94ca80,1,100.0,0.0,-63.30559088878156,-63.30559088878156,-63.30559088878156,0.0
1.25,0.3,1.5,0.55,24,train,0x718793b91da00b21e5b11e89de3ec9b9b6234144,1,0.0,0.0,0.0,0.0,0.0,0.0
1.25,0.3,1.5,0.55,24,train,0x72cecfc6d9a07117d5d207537e0bfd4bdfdac0cc,1,100.0,0.0,30.98470729992946,30.98470729992946,30.98470729992946,100.0
1.25,0.3,1.5,0.55,24,train,0x75a54357d9c78a2db19004a5fdc76c50f9242aec,1,0.0,0.0,0.0,0.0,0.0,0.0
1.25,0.3,1.5,0.55,24,train,0xbc4397b7f01f347b7dfa35276ca73203f3348a80,1,0.0,0.0,0.0,0.0,0.0,0.0
1.25,0.3,1.5,0.55,24,train,0xbe3e194f0069013ae4a860b6c152131b2032c0cc,1,0.0,0.0,0.0,0.0,0.0,0.0
1.25,0.3,1.5,0.55,24,train,0xc7e90a703b7ca435089cb90b8b770353e52b0a80,1,0.0,0.0,0.0,0.0,0.0,0.0
1.25,0.3,1.5,0.55,24,train,0xe0a5a3ba19a680a72be08c39c5de4dddb1fe05c7,1,0.0,0.0,0.0,0.0,0.0,0.0
1.25,0.3,1.5,0.55,24,train,0xe5e702641ea86f4ae6cc3cdaed2b886f976be044,58,29.310344827586203,12.068965517241379,-1.9112500171339504,0.0,-34.801066955580225,12.068965517241379
1.25,0.3,1.5,0.55,24,train,0xf1ee073811b14359d850825e48d200483200edcd,1,100.0,0.0,-32.03321299516219,-32.03321299516219,-32.03321299516219,0.0
1.25,0.3,1.5,0.7,6,test,0x0000000000000000000000000000000000000000,5,20.0,0.0,-1.0079250022962305,0.0,-3.0237750068886915,0.0
1.25,0.3,1.5,0.7,6,test,0x2565055891704afe3e844d5b34a318108ce64144,1,0.0,0.0,0.0,0.0,0.0,0.0
1.25,0.3,1.5,0.7,6,test,0x261b0f5e05eb05c6496728f1ae4969810dbe8a80,1,0.0,0.0,0.0,0.0,0.0,0.0
1.25,0.3,1.5,0.7,6,test,0xe5e702641ea86f4ae6cc3cdaed2b886f976be044,15,13.333333333333334,0.0,-5.504173963615511,0.0,-24.67858456271435,0.0
1.25,0.3,1.5,0.7,6,train,0x0000000000000000000000000000000000000000,17,23.52941176470588,0.0,-1.9835902308218096,0.0,-9.64311521309795,5.88235294117647
1.25,0.3,1.5,0.7,6,train,0x00d18bc3fab01162f43f20c071559795fcaf4144,1,0.0,0.0,0.0,0.0,0.0,0.0
1.25,0.3,1.5,0.7,6,train,0x1e8bbf00d265e08a27e91bfbc1f9a4073c4b4144,1,100.0,0.0,-35.08425552517339,-35.08425552517339,-35.08425552517339,0.0
1.25,0.3,1.5,0.7,6,train,0x332f85e7e323214b2d55286414b059ebb1f2a044,1,100.0,100.0,16.84026376224228,16.84026376224228,16.84026376224228,100.0
1.25,0.3,1.5,0.7,6,train,0x3ad9e44cb65e518e452bfcb78952ca45b66a8a80,1,0.0,0.0,0.0,0.0,0.0,0.0
1.25,0.3,1.5,0.7,6,train,0x3bf48564e102ddf0ffd19c998e6132eee8be5000,1,0.0,0.0,0.0,0.0,0.0,0.0
1.25,0.3,1.5,0.7,6,train,0x4e3468951d49f2eea976ed0d6e75ffcb44a9a544,2,50.0,0.0,-0.8502725796594224,-0.8502725796594224,-1.5304906433869603,0.0
1.25,0.3,1.5,0.7,6,train,0x6eaae6b721b6c896bbfc30d3a7f4999d5a94ca80,1,100.0,0.0,-63.30559088878156,-63.30559088878156,-63.30559088878156,0.0
1.25,0.3,1.5,0.7,6,train,0x718793b91da00b21e5b11e89de3ec9b9b6234144,1,0.0,0.0,0.0,0.0,0.0,0.0
1.25,0.3,1.5,0.7,6,train,0x72cecfc6d9a07117d5d207537e0bfd4bdfdac0cc,1,100.0,0.0,30.98470729992946,30.98470729992946,30.98470729992946,100.0
1.25,0.3,1.5,0.7,6,train,0x75a54357d9c78a2db19004a5fdc76c50f9242aec,1,0.0,0.0,0.0,0.0,0.0,0.0
1.25,0.3,1.5,0.7,6,train,0xbc4397b7f01f347b7dfa35276ca73203f3348a80,1,0.0,0.0,0.0,0.0,0.0,0.0
1.25,0.3,1.5,0.7,6,train,0xbe3e194f0069013ae4a860b6c152131b2032c0cc,1,0.0,0.0,0.0,0.0,0.0,0.0
1.25,0.3,1.5,0.7,6,train,0xc7e90a703b7ca435089cb90b8b770353e52b0a80,1,0.0,0.0,0.0,0.0,0.0,0.0
1.25,0.3,1.5,0.7,6,train,0xe0a5a3ba19a680a72be08c39c5de4dddb1fe05c7,1,0.0,0.0,0.0,0.0,0.0,0.0
1.25,0.3,1.5,0.7,6,train,0xe5e702641ea86f4ae6cc3cdaed2b886f976be044,58,29.310344827586203,10.344827586206897,-3.735449914626416,0.0,-34.801066955580225,12.068965517241379
1.25,0.3,1.5,0.7,6,train,0xf1ee073811b14359d850825e48d200483200edcd,1,100.0,0.0,-16.486401182328013,-16.486401182328013,-16.486401182328013,0.0
1.25,0.3,1.5,0.7,12,test,0x0000000000000000000000000000000000000000,5,20.0,0.0,-2.2755343016473906,0.0,-6.826602904942171,0.0
1.25,0.3,1.5,0.7,12,test,0x2565055891704afe3e844d5b34a318108ce64144,1,0.0,0.0,0.0,0.0,0.0,0.0
1.25,0.3,1.5,0.7,12,test,0x261b0f5e05eb05c6496728f1ae4969810dbe8a80,1,0.0,0.0,0.0,0.0,0.0,0.0
1.25,0.3,1.5,0.7,12,test,0xe5e702641ea86f4ae6cc3cdaed2b886f976be044,15,13.333333333333334,0.0,-5.504173963615511,0.0,-24.67858456271435,0.0
1.25,0.3,1.5,0.7,12,train,0x0000000000000000000000000000000000000000,17,23.52941176470588,0.0,-1.8183078278998417,0.0,-8.519194873228567,5.88235294117647
1.25,0.3,1.5,0.7,12,train,0x00d18bc3fab01162f43f20c071559795fcaf4144,1,0.0,0.0,0.0,0.0,0.0,0.0
1.25,0.3,1.5,0.7,12,train,0x1e8bbf00d265e08a27e91bfbc1f9a4073c4b4144,1,100.0,0.0,-35.08425552517339,-35.08425552517339,-35.08425552517339,0.0
1.25,0.3,1.5,0.7,12,train,0x332f85e7e323214b2d55286414b059ebb1f2a044,1,100.0,100.0,16.84026376224228,16.84026376224228,16.84026376224228,100.0
1.25,0.3,1.5,0.7,12,train,0x3ad9e44cb65e518e452bfcb78952ca45b66a8a80,1,0.0,0.0,0.0,0.0,0.0,0.0
1.25,0.3,1.5,0.7,12,train,0x3bf48564e102ddf0ffd19c998e6132eee8be5000,1,0.0,0.0,0.0,0.0,0.0,0.0
1.25,0.3,1.5,0.7,12,train,0x4e3468951d49f2eea976ed0d6e75ffcb44a9a544,2,50.0,0.0,11.790698496221474,11.790698496221474,2.358139699244295,50.0
1.25,0.3,1.5,0.7,12,train,0x6eaae6b721b6c896bbfc30d3a7f4999d5a94ca80,1,100.0,0.0,-63.30559088878156,-63.30559088878156,-63.30559088878156,0.0
1.25,0.3,1.5,0.7,12,train,0x718793b91da00b21e5b11e89de3ec9b9b6234144,1,0.0,0.0,0.0,0.0,0.0,0.0
1.25,0.3,1.5,0.7,12,train,0x72cecfc6d9a07117d5d207537e0bfd4bdfdac0cc,1,100.0,0.0,30.98470729992946,30.98470729992946,30.98470729992946,100.0
1.25,0.3,1.5,0.7,12,train,0x75a54357d9c78a2db19004a5fdc76c50f9242aec,1,0.0,0.0,0.0,0.0,0.0,0.0
1.25,0.3,1.5,0.7,12,train,0xbc4397b7f01f347b7dfa35276ca73203f3348a80,1,0.0,0.0,0.0,0.0,0.0,0.0
1.25,0.3,1.5,0.7,12,train,0xbe3e194f0069013ae4a860b6c152131b2032c0cc,1,0.0,0.0,0.0,0.0,0.0,0.0
1.25,0.3,1.5,0.7,12,train,0xc7e90a703b7ca435089cb90b8b770353e52b0a80,1,0.0,0.0,0.0,0.0,0.0,0.0
1.25,0.3,1.5,0.7,12,train,0xe0a5a3ba19a680a72be08c39c5de4dddb1fe05c7,1,0.0,0.0,0.0,0.0,0.0,0.0
1.25,0.3,1.5,0.7,12,train,0xe5e702641ea86f4ae6cc3cdaed2b886f976be044,58,29.310344827586203,10.344827586206897,-3.4780964004671477,0.0,-34.801066955580225,12.068965517241379
1.25,0.3,1.5,0.7,12,train,0xf1ee073811b14359d850825e48d200483200edcd,1,100.0,0.0,-32.03321299516219,-32.03321299516219,-32.03321299516219,0.0
1.25,0.3,1.5,0.7,24,test,0x0000000000000000000000000000000000000000,5,20.0,0.0,-0.15514513866313306,0.0,-0.4654354159893992,0.0
1.25,0.3,1.5,0.7,24,test,0x2565055891704afe3e844d5b34a318108ce64144,1,0.0,0.0,0.0,0.0,0.0,0.0
1.25,0.3,1.5,0.7,24,test,0x261b0f5e05eb05c6496728f1ae4969810dbe8a80,1,0.0,0.0,0.0,0.0,0.0,0.0
1.25,0.3,1.5,0.7,24,test,0xe5e702641ea86f4ae6cc3cdaed2b886f976be044,15,13.333333333333334,0.0,-5.504173963615511,0.0,-24.67858456271435,0.0
1.25,0.3,1.5,0.7,24,train,0x0000000000000000000000000000000000000000,17,23.52941176470588,0.0,-2.0045462057390857,0.0,-9.785615842535428,5.88235294117647
1.25,0.3,1.5,0.7,24,train,0x00d18bc3fab01162f43f20c071559795fcaf4144,1,0.0,0.0,0.0,0.0,0.0,0.0
1.25,0.3,1.5,0.7,24,train,0x1e8bbf00d265e08a27e91bfbc1f9a4073c4b4144,1,100.0,0.0,-35.08425552517339,-35.08425552517339,-35.08425552517339,0.0
1.25,0.3,1.5,0.7,24,train,0x332f85e7e323214b2d55286414b059ebb1f2a044,1,100.0,100.0,16.84026376224228,16.84026376224228,16.84026376224228,100.0
1.25,0.3,1.5,0.7,24,train,0x3ad9e44cb65e518e452bfcb78952ca45b66a8a80,1,0.0,0.0,0.0,0.0,0.0,0.0
1.25,0.3,1.5,0.7,24,train,0x3bf48564e102ddf0ffd19c998e6132eee8be5000,1,0.0,0.0,0.0,0.0,0.0,0.0
1.25,0.3,1.5,0.7,24,train,0x4e3468951d49f2eea976ed0d6e75ffcb44a9a544,2,50.0,0.0,1.9040477994742067,1.9040477994742067,0.38080955989484133,50.0
1.25,0.3,1.5,0.7,24,train,0x6eaae6b721b6c896bbfc30d3a7f4999d5a94ca80,1,100.0,0.0,-63.30559088878156,-63.30559088878156,-63.30559088878156,0.0
1.25,0.3,1.5,0.7,24,train,0x718793b91da00b21e5b11e89de3ec9b9b6234144,1,0.0,0.0,0.0,0.0,0.0,0.0
1.25,0.3,1.5,0.7,24,train,0x72cecfc6d9a07117d5d207537e0bfd4bdfdac0cc,1,100.0,0.0,30.98470729992946,30.98470729992946,30.98470729992946,100.0
1.25,0.3,1.5,0.7,24,train,0x75a54357d9c78a2db19004a5fdc76c50f9242aec,1,0.0,0.0,0.0,0.0,0.0,0.0
1.25,0.3,1.5,0.7,24,train,0xbc4397b7f01f347b7dfa35276ca73203f3348a80,1,0.0,0.0,0.0,0.0,0.0,0.0
1.25,0.3,1.5,0.7,24,train,0xbe3e194f0069013ae4a860b6c152131b2032c0cc,1,0.0,0.0,0.0,0.0,0.0,0.0
1.25,0.3,1.5,0.7,24,train,0xc7e90a703b7ca435089cb90b8b770353e52b0a80,1,0.0,0.0,0.0,0.0,0.0,0.0
1.25,0.3,1.5,0.7,24,train,0xe0a5a3ba19a680a72be08c39c5de4dddb1fe05c7,1,0.0,0.0,0.0,0.0,0.0,0.0
1.25,0.3,1.5,0.7,24,train,0xe5e702641ea86f4ae6cc3cdaed2b886f976be044,58,29.310344827586203,12.068965517241379,-2.96148753584142,0.0,-34.801066955580225,12.068965517241379
1.25,0.3,1.5,0.7,24,train,0xf1ee073811b14359d850825e48d200483200edcd,1,100.0,0.0,-32.03321299516219,-32.03321299516219,-32.03321299516219,0.0
1.25,0.3,2.0,0.4,6,test,0x0000000000000000000000000000000000000000,5,20.0,0.0,-1.0079250022962305,0.0,-3.0237750068886915,0.0
1.25,0.3,2.0,0.4,6,test,0x2565055891704afe3e844d5b34a318108ce64144,1,0.0,0.0,0.0,0.0,0.0,0.0
1.25,0.3,2.0,0.4,6,test,0x261b0f5e05eb05c6496728f1ae4969810dbe8a80,1,0.0,0.0,0.0,0.0,0.0,0.0
1.25,0.3,2.0,0.4,6,test,0xe5e702641ea86f4ae6cc3cdaed2b886f976be044,15,13.333333333333334,0.0,-5.504173963615511,0.0,-24.67858456271435,0.0
1.25,0.3,2.0,0.4,6,train,0x0000000000000000000000000000000000000000,17,23.52941176470588,0.0,-1.9835902308218096,0.0,-9.64311521309795,5.88235294117647
1.25,0.3,2.0,0.4,6,train,0x00d18bc3fab01162f43f20c071559795fcaf4144,1,0.0,0.0,0.0,0.0,0.0,0.0
1.25,0.3,2.0,0.4,6,train,0x1e8bbf00d265e08a27e91bfbc1f9a4073c4b4144,1,100.0,0.0,-35.08425552517339,-35.08425552517339,-35.08425552517339,0.0
1.25,0.3,2.0,0.4,6,train,0x332f85e7e323214b2d55286414b059ebb1f2a044,1,100.0,0.0,7.33592572947348,7.33592572947348,7.33592572947348,100.0
1.25,0.3,2.0,0.4,6,train,0x3ad9e44cb65e518e452bfcb78952ca45b66a8a80,1,0.0,0.0,0.0,0.0,0.0,0.0
1.25,0.3,2.0,0.4,6,train,0x3bf48564e102ddf0ffd19c998e6132eee8be5000,1,0.0,0.0,0.0,0.0,0.0,0.0
1.25,0.3,2.0,0.4,6,train,0x4e3468951d49f2eea976ed0d6e75ffcb44a9a544,2,50.0,0.0,-0.8502725796594224,-0.8502725796594224,-1.5304906433869603,0.0
1.25,0.3,2.0,0.4,6,train,0x6eaae6b721b6c896bbfc30d3a7f4999d5a94ca80,1,100.0,0.0,-63.30559088878156,-63.30559088878156,-63.30559088878156,0.0
1.25,0.3,2.0,0.4,6,train,0x718793b91da00b21e5b11e89de3ec9b9b6234144,1,0.0,0.0,0.0,0.0,0.0,0.0
1.25,0.3,2.0,0.4,6,train,0x72cecfc6d9a07117d5d207537e0bfd4bdfdac0cc,1,100.0,0.0,30.98470729992946,30.98470729992946,30.98470729992946,100.0
1.25,0.3,2.0,0.4,6,train,0x75a54357d9c78a2db19004a5fdc76c50f9242aec,1,0.0,0.0,0.0,0.0,0.0,0.0
1.25,0.3,2.0,0.4,6,train,0xbc4397b7f01f347b7dfa35276ca73203f3348a80,1,0.0,0.0,0.0,0.0,0.0,0.0
1.25,0.3,2.0,0.4,6,train,0xbe3e194f0069013ae4a860b6c152131b2032c0cc,1,0.0,0.0,0.0,0.0,0.0,0.0
1.25,0.3,2.0,0.4,6,train,0xc7e90a703b7ca435089cb90b8b770353e52b0a80,1,0.0,0.0,0.0,0.0,0.0,0.0
1.25,0.3,2.0,0.4,6,train,0xe0a5a3ba19a680a72be08c39c5de4dddb1fe05c7,1,0.0,0.0,0.0,0.0,0.0,0.0
1.25,0.3,2.0,0.4,6,train,0xe5e702641ea86f4ae6cc3cdaed2b886f976be044,58,29.310344827586203,6.896551724137931,-0.8523098706535683,0.0,-35.58481937826906,10.344827586206897
1.25,0.3,2.0,0.4,6,train,0xf1ee073811b14359d850825e48d200483200edcd,1,100.0,0.0,-16.486401182328013,-16.486401182328013,-16.486401182328013,0.0
1.25,0.3,2.0,0.4,12,test,0x0000000000000000000000000000000000000000,5,20.0,0.0,-2.2755343016473906,0.0,-6.826602904942171,0.0
1.25,0.3,2.0,0.4,12,test,0x2565055891704afe3e844d5b34a318108ce64144,1,0.0,0.0,0.0,0.0,0.0,0.0
1.25,0.3,2.0,0.4,12,test,0x261b0f5e05eb05c6496728f1ae4969810dbe8a80,1,0.0,0.0,0.0,0.0,0.0,0.0
1.25,0.3,2.0,0.4,12,test,0xe5e702641ea86f4ae6cc3cdaed2b886f976be044,15,13.333333333333334,0.0,-5.504173963615511,0.0,-24.67858456271435,0.0
1.25,0.3,2.0,0.4,12,train,0x0000000000000000000000000000000000000000,17,23.52941176470588,0.0,-1.8183078278998417,0.0,-8.519194873228567,5.88235294117647
1.25,0.3,2.0,0.4,12,train,0x00d18bc3fab01162f43f20c071559795fcaf4144,1,0.0,0.0,0.0,0.0,0.0,0.0
1.25,0.3,2.0,0.4,12,train,0x1e8bbf00d265e08a27e91bfbc1f9a4073c4b4144,1,100.0,0.0,-35.08425552517339,-35.08425552517339,-35.08425552517339,0.0
1.25,0.3,2.0,0.4,12,train,0x332f85e7e323214b2d55286414b059ebb1f2a044,1,100.0,0.0,37.97282866873986,37.97282866873986,37.97282866873986,100.0
1.25,0.3,2.0,0.4,12,train,0x3ad9e44cb65e518e452bfcb78952ca45b66a8a80,1,0.0,0.0,0.0,0.0,0.0,0.0
1.25,0.3,2.0,0.4,12,train,0x3bf48564e102ddf0ffd19c998e6132eee8be5000,1,0.0,0.0,0.0,0.0,0.0,0.0
1.25,0.3,2.0,0.4,12,train,0x4e3468951d49f2eea976ed0d6e75ffcb44a9a544,2,50.0,0.0,11.790698496221474,11.790698496221474,2.358139699244295,50.0
1.25,0.3,2.0,0.4,12,train,0x6eaae6b721b6c896bbfc30d3a7f4999d5a94ca80,1,100.0,0.0,-63.30559088878156,-63.30559088878156,-63.30559088878156,0.0
1.25,0.3,2.0,0.4,12,train,0x718793b91da00b21e5b11e89de3ec9b9b6234144,1,0.0,0.0,0.0,0.0,0.0,0.0
1.25,0.3,2.0,0.4,12,train,0x72cecfc6d9a07117d5d207537e0bfd4bdfdac0cc,1,100.0,0.0,30.98470729992946,30.98470729992946,30.98470729992946,100.0
1.25,0.3,2.0,0.4,12,train,0x75a54357d9c78a2db19004a5fdc76c50f9242aec,1,0.0,0.0,0.0,0.0,0.0,0.0
1.25,0.3,2.0,0.4,12,train,0xbc4397b7f01f347b7dfa35276ca73203f3348a80,1,0.0,0.0,0.0,0.0,0.0,0.0
1.25,0.3,2.0,0.4,12,train,0xbe3e194f0069013ae4a860b6c152131b2032c0cc,1,0.0,0.0,0.0,0.0,0.0,0.0
1.25,0.3,2.0,0.4,12,train,0xc7e90a703b7ca435089cb90b8b770353e52b0a80,1,0.0,0.0,0.0,0.0,0.0,0.0
1.25,0.3,2.0,0.4,12,train,0xe0a5a3ba19a680a72be08c39c5de4dddb1fe05c7,1,0.0,0.0,0.0,0.0,0.0,0.0
1.25,0.3,2.0,0.4,12,train,0xe5e702641ea86f4ae6cc3cdaed2b886f976be044,58,29.310344827586203,6.896551724137931,-1.8669398185955022,0.0,-35.58481937826906,8.620689655172415
1.25,0.3,2.0,0.4,12,train,0xf1ee073811b14359d850825e48d200483200edcd,1,100.0,0.0,-32.03321299516219,-32.03321299516219,-32.03321299516219,0.0
1.25,0.3,2.0,0.4,24,test,0x0000000000000000000000000000000000000000,5,20.0,0.0,-0.15514513866313306,0.0,-0.4654354159893992,0.0
1.25,0.3,2.0,0.4,24,test,0x2565055891704afe3e844d5b34a318108ce64144,1,0.0,0.0,0.0,0.0,0.0,0.0
1.25,0.3,2.0,0.4,24,test,0x261b0f5e05eb05c6496728f1ae4969810dbe8a80,1,0.0,0.0,0.0,0.0,0.0,0.0
1.25,0.3,2.0,0.4,24,test,0xe5e702641ea86f4ae6cc3cdaed2b886f976be044,15,13.333333333333334,0.0,-5.504173963615511,0.0,-24.67858456271435,0.0
1.25,0.3,2.0,0.4,24,train,0x0000000000000000000000000000000000000000,17,23.52941176470588,0.0,-2.0045462057390857,0.0,-9.785615842535428,5.88235294117647
1.25,0.3,2.0,0.4,24,train,0x00d18bc3fab01162f43f20c071559795fcaf4144,1,0.0,0.0,0.0,0.0,0.0,0.0
1.25,0.3,2.0,0.4,24,train,0x1e8bbf00d265e08a27e91bfbc1f9a4073c4b4144,1,100.0,0.0,-35.08425552517339,-35.08425552517339,-35.08425552517339,0.0
1.25,0.3,2.0,0.4,24,train,0x332f85e7e323214b2d55286414b059ebb1f2a044,1,100.0,0.0,-41.09276989545892,-41.09276989545892,-41.09276989545892,0.0
1.25,0.3,2.0,0.4,24,train,0x3ad9e44cb65e518e452bfcb78952ca45b66a8a80,1,0.0,0.0,0.0,0.0,0.0,0.0
1.25,0.3,2.0,0.4,24,train,0x3bf48564e102ddf0ffd19c998e6132eee8be5000,1,0.0,0.0,0.0,0.0,0.0,0.0
1.25,0.3,2.0,0.4,24,train,0x4e3468951d49f2eea976ed0d6e75ffcb44a9a544,2,50.0,0.0,1.9040477994742067,1.9040477994742067,0.38080955989484133,50.0
1.25,0.3,2.0,0.4,24,train,0x6eaae6b721b6c896bbfc30d3a7f4999d5a94ca80,1,100.0,0.0,-63.30559088878156,-63.30559088878156,-63.30559088878156,0.0
1.25,0.3,2.0,0.4,24,train,0x718793b91da00b21e5b11e89de3ec9b9b6234144,1,0.0,0.0,0.0,0.0,0.0,0.0
1.25,0.3,2.0,0.4,24,train,0x72cecfc6d9a07117d5d207537e0bfd4bdfdac0cc,1,100.0,0.0,30.98470729992946,30.98470729992946,30.98470729992946,100.0
1.25,0.3,2.0,0.4,24,train,0x75a54357d9c78a2db19004a5fdc76c50f9242aec,1,0.0,0.0,0.0,0.0,0.0,0.0
1.25,0.3,2.0,0.4,24,train,0xbc4397b7f01f347b7dfa35276ca73203f3348a80,1,0.0,0.0,0.0,0.0,0.0,0.0
1.25,0.3,2.0,0.4,24,train,0xbe3e194f0069013ae4a860b6c152131b2032c0cc,1,0.0,0.0,0.0,0.0,0.0,0.0
1.25,0.3,2.0,0.4,24,train,0xc7e90a703b7ca435089cb90b8b770353e52b0a80,1,0.0,0.0,0.0,0.0,0.0,0.0
1.25,0.3,2.0,0.4,24,train,0xe0a5a3ba19a680a72be08c39c5de4dddb1fe05c7,1,0.0,0.0,0.0,0.0,0.0,0.0
1.25,0.3,2.0,0.4,24,train,0xe5e702641ea86f4ae6cc3cdaed2b886f976be044,58,29.310344827586203,6.896551724137931,-2.234346057864045,0.0,-35.58481937826906,8.620689655172415
1.25,0.3,2.0,0.4,24,train,0xf1ee073811b14359d850825e48d200483200edcd,1,100.0,0.0,-32.03321299516219,-32.03321299516219,-32.03321299516219,0.0
1.25,0.3,2.0,0.55,6,test,0x0000000000000000000000000000000000000000,5,20.0,0.0,-1.0079250022962305,0.0,-3.0237750068886915,0.0
1.25,0.3,2.0,0.55,6,test,0x2565055891704afe3e844d5b34a318108ce64144,1,0.0,0.0,0.0,0.0,0.0,0.0
1.25,0.3,2.0,0.55,6,test,0x261b0f5e05eb05c6496728f1ae4969810dbe8a80,1,0.0,0.0,0.0,0.0,0.0,0.0
1.25,0.3,2.0,0.55,6,test,0xe5e702641ea86f4ae6cc3cdaed2b886f976be044,15,13.333333333333334,0.0,-5.504173963615511,0.0,-24.67858456271435,0.0
1.25,0.3,2.0,0.55,6,train,0x0000000000000000000000000000000000000000,17,23.52941176470588,0.0,-1.9835902308218096,0.0,-9.64311521309795,5.88235294117647
1.25,0.3,2.0,0.55,6,train,0x00d18bc3fab01162f43f20c071559795fcaf4144,1,0.0,0.0,0.0,0.0,0.0,0.0
1.25,0.3,2.0,0.55,6,train,0x1e8bbf00d265e08a27e91bfbc1f9a4073c4b4144,1,100.0,0.0,-35.08425552517339,-35.08425552517339,-35.08425552517339,0.0
1.25,0.3,2.0,0.55,6,train,0x332f85e7e323214b2d55286414b059ebb1f2a044,1,100.0,0.0,7.33592572947348,7.33592572947348,7.33592572947348,100.0
1.25,0.3,2.0,0.55,6,train,0x3ad9e44cb65e518e452bfcb78952ca45b66a8a80,1,0.0,0.0,0.0,0.0,0.0,0.0
1.25,0.3,2.0,0.55,6,train,0x3bf48564e102ddf0ffd19c998e6132eee8be5000,1,0.0,0.0,0.0,0.0,0.0,0.0
1.25,0.3,2.0,0.55,6,train,0x4e3468951d49f2eea976ed0d6e75ffcb44a9a544,2,50.0,0.0,-0.8502725796594224,-0.8502725796594224,-1.5304906433869603,0.0
1.25,0.3,2.0,0.55,6,train,0x6eaae6b721b6c896bbfc30d3a7f4999d5a94ca80,1,100.0,0.0,-63.30559088878156,-63.30559088878156,-63.30559088878156,0.0
1.25,0.3,2.0,0.55,6,train,0x718793b91da00b21e5b11e89de3ec9b9b6234144,1,0.0,0.0,0.0,0.0,0.0,0.0
1.25,0.3,2.0,0.55,6,train,0x72cecfc6d9a07117d5d207537e0bfd4bdfdac0cc,1,100.0,0.0,30.98470729992946,30.98470729992946,30.98470729992946,100.0
1.25,0.3,2.0,0.55,6,train,0x75a54357d9c78a2db19004a5fdc76c50f9242aec,1,0.0,0.0,0.0,0.0,0.0,0.0
1.25,0.3,2.0,0.55,6,train,0xbc4397b7f01f347b7dfa35276ca73203f3348a80,1,0.0,0.0,0.0,0.0,0.0,0.0
1.25,0.3,2.0,0.55,6,train,0xbe3e194f0069013ae4a860b6c152131b2032c0cc,1,0.0,0.0,0.0,0.0,0.0,0.0
1.25,0.3,2.0,0.55,6,train,0xc7e90a703b7ca435089cb90b8b770353e52b0a80,1,0.0,0.0,0.0,0.0,0.0,0.0
1.25,0.3,2.0,0.55,6,train,0xe0a5a3ba19a680a72be08c39c5de4dddb1fe05c7,1,0.0,0.0,0.0,0.0,0.0,0.0
1.25,0.3,2.0,0.55,6,train,0xe5e702641ea86f4ae6cc3cdaed2b886f976be044,58,29.310344827586203,6.896551724137931,-2.0247024026582885,0.0,-35.58481937826906,10.344827586206897
1.25,0.3,2.0,0.55,6,train,0xf1ee073811b14359d850825e48d200483200edcd,1,100.0,0.0,-16.486401182328013,-16.486401182328013,-16.486401182328013,0.0
1.25,0.3,2.0,0.55,12,test,0x0000000000000000000000000000000000000000,5,20.0,0.0,-2.2755343016473906,0.0,-6.826602904942171,0.0
1.25,0.3,2.0,0.55,12,test,0x2565055891704afe3e844d5b34a318108ce64144,1,0.0,0.0,0.0,0.0,0.0,0.0
1.25,0.3,2.0,0.55,12,test,0x261b0f5e05eb05c6496728f1ae4969810dbe8a80,1,0.0,0.0,0.0,0.0,0.0,0.0
1.25,0.3,2.0,0.55,12,test,0xe5e702641ea86f4ae6cc3cdaed2b886f976be044,15,13.333333333333334,0.0,-5.504173963615511,0.0,-24.67858456271435,0.0
1.25,0.3,2.0,0.55,12,train,0x0000000000000000000000000000000000000000,17,23.52941176470588,0.0,-1.8183078278998417,0.0,-8.519194873228567,5.88235294117647
1.25,0.3,2.0,0.55,12,train,0x00d18bc3fab01162f43f20c071559795fcaf4144,1,0.0,0.0,0.0,0.0,0.0,0.0
1.25,0.3,2.0,0.55,12,train,0x1e8bbf00d265e08a27e91bfbc1f9a4073c4b4144,1,100.0,0.0,-35.08425552517339,-35.08425552517339,-35.08425552517339,0.0
1.25,0.3,2.0,0.55,12,train,0x332f85e7e323214b2d55286414b059ebb1f2a044,1,100.0,0.0,37.97282866873986,37.97282866873986,37.97282866873986,100.0
1.25,0.3,2.0,0.55,12,train,0x3ad9e44cb65e518e452bfcb78952ca45b66a8a80,1,0.0,0.0,0.0,0.0,0.0,0.0
1.25,0.3,2.0,0.55,12,train,0x3bf48564e102ddf0ffd19c998e6132eee8be5000,1,0.0,0.0,0.0,0.0,0.0,0.0
1.25,0.3,2.0,0.55,12,train,0x4e3468951d49f2eea976ed0d6e75ffcb44a9a544,2,50.0,0.0,11.790698496221474,11.790698496221474,2.358139699244295,50.0
1.25,0.3,2.0,0.55,12,train,0x6eaae6b721b6c896bbfc30d3a7f4999d5a94ca80,1,100.0,0.0,-63.30559088878156,-63.30559088878156,-63.30559088878156,0.0
1.25,0.3,2.0,0.55,12,train,0x718793b91da00b21e5b11e89de3ec9b9b6234144,1,0.0,0.0,0.0,0.0,0.0,0.0
1.25,0.3,2.0,0.55,12,train,0x72cecfc6d9a07117d5d207537e0bfd4bdfdac0cc,1,100.0,0.0,30.98470729992946,30.98470729992946,30.98470729992946,100.0
1.25,0.3,2.0,0.55,12,train,0x75a54357d9c78a2db19004a5fdc76c50f9242aec,1,0.0,0.0,0.0,0.0,0.0,0.0
1.25,0.3,2.0,0.55,12,train,0xbc4397b7f01f347b7dfa35276ca73203f3348a80,1,0.0,0.0,0.0,0.0,0.0,0.0
1.25,0.3,2.0,0.55,12,train,0xbe3e194f0069013ae4a860b6c152131b2032c0cc,1,0.0,0.0,0.0,0.0,0.0,0.0
1.25,0.3,2.0,0.55,12,train,0xc7e90a703b7ca435089cb90b8b770353e52b0a80,1,0.0,0.0,0.0,0.0,0.0,0.0
1.25,0.3,2.0,0.55,12,train,0xe0a5a3ba19a680a72be08c39c5de4dddb1fe05c7,1,0.0,0.0,0.0,0.0,0.0,0.0
1.25,0.3,2.0,0.55,12,train,0xe5e702641ea86f4ae6cc3cdaed2b886f976be044,58,29.310344827586203,6.896551724137931,-3.0393323506002226,0.0,-35.58481937826906,8.620689655172415
1.25,0.3,2.0,0.55,12,train,0xf1ee073811b14359d850825e48d200483200edcd,1,100.0,0.0,-32.03321299516219,-32.03321299516219,-32.03321299516219,0.0
1.25,0.3,2.0,0.55,24,test,0x0000000000000000000000000000000000000000,5,20.0,0.0,-0.15514513866313306,0.0,-0.4654354159893992,0.0
1.25,0.3,2.0,0.55,24,test,0x2565055891704afe3e844d5b34a318108ce64144,1,0.0,0.0,0.0,0.0,0.0,0.0
1.25,0.3,2.0,0.55,24,test,0x261b0f5e05eb05c6496728f1ae4969810dbe8a80,1,0.0,0.0,0.0,0.0,0.0,0.0
1.25,0.3,2.0,0.55,24,test,0xe5e702641ea86f4ae6cc3cdaed2b886f976be044,15,13.333333333333334,0.0,-5.504173963615511,0.0,-24.67858456271435,0.0
1.25,0.3,2.0,0.55,24,train,0x0000000000000000000000000000000000000000,17,23.52941176470588,0.0,-2.0045462057390857,0.0,-9.785615842535428,5.88235294117647
1.25,0.3,2.0,0.55,24,train,0x00d18bc3fab01162f43f20c071559795fcaf4144,1,0.0,0.0,0.0,0.0,0.0,0.0
1.25,0.3,2.0,0.55,24,train,0x1e8bbf00d265e08a27e91bfbc1f9a4073c4b4144,1,100.0,0.0,-35.08425552517339,-35.08425552517339,-35.08425552517339,0.0
1.25,0.3,2.0,0.55,24,train,0x332f85e7e323214b2d55286414b059ebb1f2a044,1,100.0,0.0,-41.09276989545892,-41.09276989545892,-41.09276989545892,0.0
1.25,0.3,2.0,0.55,24,train,0x3ad9e44cb65e518e452bfcb78952ca45b66a8a80,1,0.0,0.0,0.0,0.0,0.0,0.0
1.25,0.3,2.0,0.55,24,train,0x3bf48564e102ddf0ffd19c998e6132eee8be5000,1,0.0,0.0,0.0,0.0,0.0,0.0
1.25,0.3,2.0,0.55,24,train,0x4e3468951d49f2eea976ed0d6e75ffcb44a9a544,2,50.0,0.0,1.9040477994742067,1.9040477994742067,0.38080955989484133,50.0
1.25,0.3,2.0,0.55,24,train,0x6eaae6b721b6c896bbfc30d3a7f4999d5a94ca80,1,100.0,0.0,-63.30559088878156,-63.30559088878156,-63.30559088878156,0.0
1.25,0.3,2.0,0.55,24,train,0x718793b91da00b21e5b11e89de3ec9b9b6234144,1,0.0,0.0,0.0,0.0,0.0,0.0
1.25,0.3,2.0,0.55,24,train,0x72cecfc6d9a07117d5d207537e0bfd4bdfdac0cc,1,100.0,0.0,30.98470729992946,30.98470729992946,30.98470729992946,100.0
1.25,0.3,2.0,0.55,24,train,0x75a54357d9c78a2db19004a5fdc76c50f9242aec,1,0.0,0.0,0.0,0.0,0.0,0.0
1.25,0.3,2.0,0.55,24,train,0xbc4397b7f01f347b7dfa35276ca73203f3348a80,1,0.0,0.0,0.0,0.0,0.0,0.0
1.25,0.3,2.0,0.55,24,train,0xbe3e194f0069013ae4a860b6c152131b2032c0cc,1,0.0,0.0,0.0,0.0,0.0,0.0
1.25,0.3,2.0,0.55,24,train,0xc7e90a703b7ca435089cb90b8b770353e52b0a80,1,0.0,0.0,0.0,0.0,0.0,0.0
1.25,0.3,2.0,0.55,24,train,0xe0a5a3ba19a680a72be08c39c5de4dddb1fe05c7,1,0.0,0.0,0.0,0.0,0.0,0.0
1.25,0.3,2.0,0.55,24,train,0xe5e702641ea86f4ae6cc3cdaed2b886f976be044,58,29.310344827586203,6.896551724137931,-3.4067385898687648,0.0,-35.58481937826906,8.620689655172415
1.25,0.3,2.0,0.55,24,train,0xf1ee073811b14359d850825e48d200483200edcd,1,100.0,0.0,-32.03321299516219,-32.03321299516219,-32.03321299516219,0.0
1.25,0.3,2.0,0.7,6,test,0x0000000000000000000000000000000000000000,5,20.0,0.0,-1.0079250022962305,0.0,-3.0237750068886915,0.0
1.25,0.3,2.0,0.7,6,test,0x2565055891704afe3e844d5b34a318108ce64144,1,0.0,0.0,0.0,0.0,0.0,0.0
1.25,0.3,2.0,0.7,6,test,0x261b0f5e05eb05c6496728f1ae4969810dbe8a80,1,0.0,0.0,0.0,0.0,0.0,0.0
1.25,0.3,2.0,0.7,6,test,0xe5e702641ea86f4ae6cc3cdaed2b886f976be044,15,13.333333333333334,0.0,-5.504173963615511,0.0,-24.67858456271435,0.0
1.25,0.3,2.0,0.7,6,train,0x0000000000000000000000000000000000000000,17,23.52941176470588,0.0,-1.9835902308218096,0.0,-9.64311521309795,5.88235294117647
1.25,0.3,2.0,0.7,6,train,0x00d18bc3fab01162f43f20c071559795fcaf4144,1,0.0,0.0,0.0,0.0,0.0,0.0
1.25,0.3,2.0,0.7,6,train,0x1e8bbf00d265e08a27e91bfbc1f9a4073c4b4144,1,100.0,0.0,-35.08425552517339,-35.08425552517339,-35.08425552517339,0.0
1.25,0.3,2.0,0.7,6,train,0x332f85e7e323214b2d55286414b059ebb1f2a044,1,100.0,0.0,7.33592572947348,7.33592572947348,7.33592572947348,100.0
1.25,0.3,2.0,0.7,6,train,0x3ad9e44cb65e518e452bfcb78952ca45b66a8a80,1,0.0,0.0,0.0,0.0,0.0,0.0
1.25,0.3,2.0,0.7,6,train,0x3bf48564e102ddf0ffd19c998e6132eee8be5000,1,0.0,0.0,0.0,0.0,0.0,0.0
1.25,0.3,2.0,0.7,6,train,0x4e3468951d49f2eea976ed0d6e75ffcb44a9a544,2,50.0,0.0,-0.8502725796594224,-0.8502725796594224,-1.5304906433869603,0.0
1.25,0.3,2.0,0.7,6,train,0x6eaae6b721b6c896bbfc30d3a7f4999d5a94ca80,1,100.0,0.0,-63.30559088878156,-63.30559088878156,-63.30559088878156,0.0
1.25,0.3,2.0,0.7,6,train,0x718793b91da00b21e5b11e89de3ec9b9b6234144,1,0.0,0.0,0.0,0.0,0.0,0.0
1.25,0.3,2.0,0.7,6,train,0x72cecfc6d9a07117d5d207537e0bfd4bdfdac0cc,1,100.0,0.0,30.98470729992946,30.98470729992946,30.98470729992946,100.0
1.25,0.3,2.0,0.7,6,train,0x75a54357d9c78a2db19004a5fdc76c50f9242aec,1,0.0,0.0,0.0,0.0,0.0,0.0
1.25,0.3,2.0,0.7,6,train,0xbc4397b7f01f347b7dfa35276ca73203f3348a80,1,0.0,0.0,0.0,0.0,0.0,0.0
1.25,0.3,2.0,0.7,6,train,0xbe3e194f0069013ae4a860b6c152131b2032c0cc,1,0.0,0.0,0.0,0.0,0.0,0.0
1.25,0.3,2.0,0.7,6,train,0xc7e90a703b7ca435089cb90b8b770353e52b0a80,1,0.0,0.0,0.0,0.0,0.0,0.0
1.25,0.3,2.0,0.7,6,train,0xe0a5a3ba19a680a72be08c39c5de4dddb1fe05c7,1,0.0,0.0,0.0,0.0,0.0,0.0
1.25,0.3,2.0,0.7,6,train,0xe5e702641ea86f4ae6cc3cdaed2b886f976be044,58,29.310344827586203,6.896551724137931,-3.0559652646827624,0.0,-35.58481937826906,10.344827586206897
1.25,0.3,2.0,0.7,6,train,0xf1ee073811b14359d850825e48d200483200edcd,1,100.0,0.0,-16.486401182328013,-16.486401182328013,-16.486401182328013,0.0
1.25,0.3,2.0,0.7,12,test,0x0000000000000000000000000000000000000000,5,20.0,0.0,-2.2755343016473906,0.0,-6.826602904942171,0.0
1.25,0.3,2.0,0.7,12,test,0x2565055891704afe3e844d5b34a318108ce64144,1,0.0,0.0,0.0,0.0,0.0,0.0
1.25,0.3,2.0,0.7,12,test,0x261b0f5e05eb05c6496728f1ae4969810dbe8a80,1,0.0,0.0,0.0,0.0,0.0,0.0
1.25,0.3,2.0,0.7,12,test,0xe5e702641ea86f4ae6cc3cdaed2b886f976be044,15,13.333333333333334,0.0,-5.504173963615511,0.0,-24.67858456271435,0.0
1.25,0.3,2.0,0.7,12,train,0x0000000000000000000000000000000000000000,17,23.52941176470588,0.0,-1.8183078278998417,0.0,-8.519194873228567,5.88235294117647
1.25,0.3,2.0,0.7,12,train,0x00d18bc3fab01162f43f20c071559795fcaf4144,1,0.0,0.0,0.0,0.0,0.0,0.0
1.25,0.3,2.0,0.7,12,train,0x1e8bbf00d265e08a27e91bfbc1f9a4073c4b4144,1,100.0,0.0,-35.08425552517339,-35.08425552517339,-35.08425552517339,0.0
1.25,0.3,2.0,0.7,12,train,0x332f85e7e323214b2d55286414b059ebb1f2a044,1,100.0,0.0,37.97282866873986,37.97282866873986,37.97282866873986,100.0
1.25,0.3,2.0,0.7,12,train,0x3ad9e44cb65e518e452bfcb78952ca45b66a8a80,1,0.0,0.0,0.0,0.0,0.0,0.0
1.25,0.3,2.0,0.7,12,train,0x3bf48564e102ddf0ffd19c998e6132eee8be5000,1,0.0,0.0,0.0,0.0,0.0,0.0
1.25,0.3,2.0,0.7,12,train,0x4e3468951d49f2eea976ed0d6e75ffcb44a9a544,2,50.0,0.0,11.790698496221474,11.790698496221474,2.358139699244295,50.0
1.25,0.3,2.0,0.7,12,train,0x6eaae6b721b6c896bbfc30d3a7f4999d5a94ca80,1,100.0,0.0,-63.30559088878156,-63.30559088878156,-63.30559088878156,0.0
1.25,0.3,2.0,0.7,12,train,0x718793b91da00b21e5b11e89de3ec9b9b6234144,1,0.0,0.0,0.0,0.0,0.0,0.0
1.25,0.3,2.0,0.7,12,train,0x72cecfc6d9a07117d5d207537e0bfd4bdfdac0cc,1,100.0,0.0,30.98470729992946,30.98470729992946,30.98470729992946,100.0
1.25,0.3,2.0,0.7,12,train,0x75a54357d9c78a2db19004a5fdc76c50f9242aec,1,0.0,0.0,0.0,0.0,0.0,0.0
1.25,0.3,2.0,0.7,12,train,0xbc4397b7f01f347b7dfa35276ca73203f3348a80,1,0.0,0.0,0.0,0.0,0.0,0.0
1.25,0.3,2.0,0.7,12,train,0xbe3e194f0069013ae4a860b6c152131b2032c0cc,1,0.0,0.0,0.0,0.0,0.0,0.0
1.25,0.3,2.0,0.7,12,train,0xc7e90a703b7ca435089cb90b8b770353e52b0a80,1,0.0,0.0,0.0,0.0,0.0,0.0
1.25,0.3,2.0,0.7,12,train,0xe0a5a3ba19a680a72be08c39c5de4dddb1fe05c7,1,0.0,0.0,0.0,0.0,0.0,0.0
1.25,0.3,2.0,0.7,12,train,0xe5e702641ea86f4ae6cc3cdaed2b886f976be044,58,29.310344827586203,6.896551724137931,-4.070595212624696,0.0,-35.58481937826906,8.620689655172415
1.25,0.3,2.0,0.7,12,train,0xf1ee073811b14359d850825e48d200483200edcd,1,100.0,0.0,-32.03321299516219,-32.03321299516219,-32.03321299516219,0.0
1.25,0.3,2.0,0.7,24,test,0x0000000000000000000000000000000000000000,5,20.0,0.0,-0.15514513866313306,0.0,-0.4654354159893992,0.0
1.25,0.3,2.0,0.7,24,test,0x2565055891704afe3e844d5b34a318108ce64144,1,0.0,0.0,0.0,0.0,0.0,0.0
1.25,0.3,2.0,0.7,24,test,0x261b0f5e05eb05c6496728f1ae4969810dbe8a80,1,0.0,0.0,0.0,0.0,0.0,0.0
1.25,0.3,2.0,0.7,24,test,0xe5e702641ea86f4ae6cc3cdaed2b886f976be044,15,13.333333333333334,0.0,-5.504173963615511,0.0,-24.67858456271435,0.0
1.25,0.3,2.0,0.7,24,train,0x0000000000000000000000000000000000000000,17,23.52941176470588,0.0,-2.0045462057390857,0.0,-9.785615842535428,5.88235294117647
1.25,0.3,2.0,0.7,24,train,0x00d18bc3fab01162f43f20c071559795fcaf4144,1,0.0,0.0,0.0,0.0,0.0,0.0
1.25,0.3,2.0,0.7,24,train,0x1e8bbf00d265e08a27e91bfbc1f9a4073c4b4144,1,100.0,0.0,-35.08425552517339,-35.08425552517339,-35.08425552517339,0.0
1.25,0.3,2.0,0.7,24,train,0x332f85e7e323214b2d55286414b059ebb1f2a044,1,100.0,0.0,-41.09276989545892,-41.09276989545892,-41.09276989545892,0.0
1.25,0.3,2.0,0.7,24,train,0x3ad9e44cb65e518e452bfcb78952ca45b66a8a80,1,0.0,0.0,0.0,0.0,0.0,0.0
1.25,0.3,2.0,0.7,24,train,0x3bf48564e102ddf0ffd19c998e6132eee8be5000,1,0.0,0.0,0.0,0.0,0.0,0.0
1.25,0.3,2.0,0.7,24,train,0x4e3468951d49f2eea976ed0d6e75ffcb44a9a544,2,50.0,0.0,1.9040477994742067,1.9040477994742067,0.38080955989484133,50.0
1.25,0.3,2.0,0.7,24,train,0x6eaae6b721b6c896bbfc30d3a7f4999d5a94ca80,1,100.0,0.0,-63.30559088878156,-63.30559088878156,-63.30559088878156,0.0
1.25,0.3,2.0,0.7,24,train,0x718793b91da00b21e5b11e89de3ec9b9b6234144,1,0.0,0.0,0.0,0.0,0.0,0.0
1.25,0.3,2.0,0.7,24,train,0x72cecfc6d9a07117d5d207537e0bfd4bdfdac0cc,1,100.0,0.0,30.98470729992946,30.98470729992946,30.98470729992946,100.0
1.25,0.3,2.0,0.7,24,train,0x75a54357d9c78a2db19004a5fdc76c50f9242aec,1,0.0,0.0,0.0,0.0,0.0,0.0
1.25,0.3,2.0,0.7,24,train,0xbc4397b7f01f347b7dfa35276ca73203f3348a80,1,0.0,0.0,0.0,0.0,0.0,0.0
1.25,0.3,2.0,0.7,24,train,0xbe3e194f0069013ae4a860b6c152131b2032c0cc,1,0.0,0.0,0.0,0.0,0.0,0.0
1.25,0.3,2.0,0.7,24,train,0xc7e90a703b7ca435089cb90b8b770353e52b0a80,1,0.0,0.0,0.0,0.0,0.0,0.0
1.25,0.3,2.0,0.7,24,train,0xe0a5a3ba19a680a72be08c39c5de4dddb1fe05c7,1,0.0,0.0,0.0,0.0,0.0,0.0
1.25,0.3,2.0,0.7,24,train,0xe5e702641ea86f4ae6cc3cdaed2b886f976be044,58,29.310344827586203,6.896551724137931,-4.438001451893238,0.0,-35.58481937826906,8.620689655172415
1.25,0.3,2.0,0.7,24,train,0xf1ee073811b14359d850825e48d200483200edcd,1,100.0,0.0,-32.03321299516219,-32.03321299516219,-32.03321299516219,0.0
1.25,0.3,3.0,0.4,6,test,0x0000000000000000000000000000000000000000,5,20.0,0.0,-1.0079250022962305,0.0,-3.0237750068886915,0.0
1.25,0.3,3.0,0.4,6,test,0x2565055891704afe3e844d5b34a318108ce64144,1,0.0,0.0,0.0,0.0,0.0,0.0
1.25,0.3,3.0,0.4,6,test,0x261b0f5e05eb05c6496728f1ae4969810dbe8a80,1,0.0,0.0,0.0,0.0,0.0,0.0
1.25,0.3,3.0,0.4,6,test,0xe5e702641ea86f4ae6cc3cdaed2b886f976be044,15,13.333333333333334,0.0,-5.504173963615511,0.0,-24.67858456271435,0.0
1.25,0.3,3.0,0.4,6,train,0x0000000000000000000000000000000000000000,17,23.52941176470588,0.0,-1.9835902308218096,0.0,-9.64311521309795,5.88235294117647
1.25,0.3,3.0,0.4,6,train,0x00d18bc3fab01162f43f20c071559795fcaf4144,1,0.0,0.0,0.0,0.0,0.0,0.0
1.25,0.3,3.0,0.4,6,train,0x1e8bbf00d265e08a27e91bfbc1f9a4073c4b4144,1,100.0,0.0,-35.08425552517339,-35.08425552517339,-35.08425552517339,0.0
1.25,0.3,3.0,0.4,6,train,0x332f85e7e323214b2d55286414b059ebb1f2a044,1,100.0,0.0,7.33592572947348,7.33592572947348,7.33592572947348,100.0
1.25,0.3,3.0,0.4,6,train,0x3ad9e44cb65e518e452bfcb78952ca45b66a8a80,1,0.0,0.0,0.0,0.0,0.0,0.0
1.25,0.3,3.0,0.4,6,train,0x3bf48564e102ddf0ffd19c998e6132eee8be5000,1,0.0,0.0,0.0,0.0,0.0,0.0
1.25,0.3,3.0,0.4,6,train,0x4e3468951d49f2eea976ed0d6e75ffcb44a9a544,2,50.0,0.0,-0.8502725796594224,-0.8502725796594224,-1.5304906433869603,0.0
1.25,0.3,3.0,0.4,6,train,0x6eaae6b721b6c896bbfc30d3a7f4999d5a94ca80,1,100.0,0.0,-63.30559088878156,-63.30559088878156,-63.30559088878156,0.0
1.25,0.3,3.0,0.4,6,train,0x718793b91da00b21e5b11e89de3ec9b9b6234144,1,0.0,0.0,0.0,0.0,0.0,0.0
1.25,0.3,3.0,0.4,6,train,0x72cecfc6d9a07117d5d207537e0bfd4bdfdac0cc,1,100.0,0.0,30.98470729992946,30.98470729992946,30.98470729992946,100.0
1.25,0.3,3.0,0.4,6,train,0x75a54357d9c78a2db19004a5fdc76c50f9242aec,1,0.0,0.0,0.0,0.0,0.0,0.0
1.25,0.3,3.0,0.4,6,train,0xbc4397b7f01f347b7dfa35276ca73203f3348a80,1,0.0,0.0,0.0,0.0,0.0,0.0
1.25,0.3,3.0,0.4,6,train,0xbe3e194f0069013ae4a860b6c152131b2032c0cc,1,0.0,0.0,0.0,0.0,0.0,0.0
1.25,0.3,3.0,0.4,6,train,0xc7e90a703b7ca435089cb90b8b770353e52b0a80,1,0.0,0.0,0.0,0.0,0.0,0.0
1.25,0.3,3.0,0.4,6,train,0xe0a5a3ba19a680a72be08c39c5de4dddb1fe05c7,1,0.0,0.0,0.0,0.0,0.0,0.0
1.25,0.3,3.0,0.4,6,train,0xe5e702641ea86f4ae6cc3cdaed2b886f976be044,58,29.310344827586203,1.7241379310344827,-0.46297580929940074,0.0,-35.58481937826906,10.344827586206897
1.25,0.3,3.0,0.4,6,train,0xf1ee073811b14359d850825e48d200483200edcd,1,100.0,0.0,-16.486401182328013,-16.486401182328013,-16.486401182328013,0.0
1.25,0.3,3.0,0.4,12,test,0x0000000000000000000000000000000000000000,5,20.0,0.0,-2.2755343016473906,0.0,-6.826602904942171,0.0
1.25,0.3,3.0,0.4,12,test,0x2565055891704afe3e844d5b34a318108ce64144,1,0.0,0.0,0.0,0.0,0.0,0.0
1.25,0.3,3.0,0.4,12,test,0x261b0f5e05eb05c6496728f1ae4969810dbe8a80,1,0.0,0.0,0.0,0.0,0.0,0.0
1.25,0.3,3.0,0.4,12,test,0xe5e702641ea86f4ae6cc3cdaed2b886f976be044,15,13.333333333333334,0.0,-5.504173963615511,0.0,-24.67858456271435,0.0
1.25,0.3,3.0,0.4,12,train,0x0000000000000000000000000000000000000000,17,23.52941176470588,0.0,-1.8183078278998417,0.0,-8.519194873228567,5.88235294117647
1.25,0.3,3.0,0.4,12,train,0x00d18bc3fab01162f43f20c071559795fcaf4144,1,0.0,0.0,0.0,0.0,0.0,0.0
1.25,0.3,3.0,0.4,12,train,0x1e8bbf00d265e08a27e91bfbc1f9a4073c4b4144,1,100.0,0.0,-35.08425552517339,-35.08425552517339,-35.08425552517339,0.0
1.25,0.3,3.0,0.4,12,train,0x332f85e7e323214b2d55286414b059ebb1f2a044,1,100.0,0.0,37.97282866873986,37.97282866873986,37.97282866873986,100.0
1.25,0.3,3.0,0.4,12,train,0x3ad9e44cb65e518e452bfcb78952ca45b66a8a80,1,0.0,0.0,0.0,0.0,0.0,0.0
1.25,0.3,3.0,0.4,12,train,0x3bf48564e102ddf0ffd19c998e6132eee8be5000,1,0.0,0.0,0.0,0.0,0.0,0.0
1.25,0.3,3.0,0.4,12,train,0x4e3468951d49f2eea976ed0d6e75ffcb44a9a544,2,50.0,0.0,11.790698496221474,11.790698496221474,2.358139699244295,50.0
1.25,0.3,3.0,0.4,12,train,0x6eaae6b721b6c896bbfc30d3a7f4999d5a94ca80,1,100.0,0.0,-63.30559088878156,-63.30559088878156,-63.30559088878156,0.0
1.25,0.3,3.0,0.4,12,train,0x718793b91da00b21e5b11e89de3ec9b9b6234144,1,0.0,0.0,0.0,0.0,0.0,0.0
1.25,0.3,3.0,0.4,12,train,0x72cecfc6d9a07117d5d207537e0bfd4bdfdac0cc,1,100.0,0.0,30.98470729992946,30.98470729992946,30.98470729992946,100.0
1.25,0.3,3.0,0.4,12,train,0x75a54357d9c78a2db19004a5fdc76c50f9242aec,1,0.0,0.0,0.0,0.0,0.0,0.0
1.25,0.3,3.0,0.4,12,train,0xbc4397b7f01f347b7dfa35276ca73203f3348a80,1,0.0,0.0,0.0,0.0,0.0,0.0
1.25,0.3,3.0,0.4,12,train,0xbe3e194f0069013ae4a860b6c152131b2032c0cc,1,0.0,0.0,0.0,0.0,0.0,0.0
1.25,0.3,3.0,0.4,12,train,0xc7e90a703b7ca435089cb90b8b770353e52b0a80,1,0.0,0.0,0.0,0.0,0.0,0.0
1.25,0.3,3.0,0.4,12,train,0xe0a5a3ba19a680a72be08c39c5de4dddb1fe05c7,1,0.0,0.0,0.0,0.0,0.0,0.0
1.25,0.3,3.0,0.4,12,train,0xe5e702641ea86f4ae6cc3cdaed2b886f976be044,58,29.310344827586203,3.4482758620689653,-3.6974887838759085,0.0,-36.966284997473565,6.896551724137931
1.25,0.3,3.0,0.4,12,train,0xf1ee073811b14359d850825e48d200483200edcd,1,100.0,0.0,-32.03321299516219,-32.03321299516219,-32.03321299516219,0.0
1.25,0.3,3.0,0.4,24,test,0x0000000000000000000000000000000000000000,5,20.0,0.0,-0.15514513866313306,0.0,-0.4654354159893992,0.0
1.25,0.3,3.0,0.4,24,test,0x2565055891704afe3e844d5b34a318108ce64144,1,0.0,0.0,0.0,0.0,0.0,0.0
1.25,0.3,3.0,0.4,24,test,0x261b0f5e05eb05c6496728f1ae4969810dbe8a80,1,0.0,0.0,0.0,0.0,0.0,0.0
1.25,0.3,3.0,0.4,24,test,0xe5e702641ea86f4ae6cc3cdaed2b886f976be044,15,13.333333333333334,0.0,-5.504173963615511,0.0,-24.67858456271435,0.0
1.25,0.3,3.0,0.4,24,train,0x0000000000000000000000000000000000000000,17,23.52941176470588,0.0,-2.0045462057390857,0.0,-9.785615842535428,5.88235294117647
1.25,0.3,3.0,0.4,24,train,0x00d18bc3fab01162f43f20c071559795fcaf4144,1,0.0,0.0,0.0,0.0,0.0,0.0
1.25,0.3,3.0,0.4,24,train,0x1e8bbf00d265e08a27e91bfbc1f9a4073c4b4144,1,100.0,0.0,-35.08425552517339,-35.08425552517339,-35.08425552517339,0.0
1.25,0.3,3.0,0.4,24,train,0x332f85e7e323214b2d55286414b059ebb1f2a044,1,100.0,0.0,-41.09276989545892,-41.09276989545892,-41.09276989545892,0.0
1.25,0.3,3.0,0.4,24,train,0x3ad9e44cb65e518e452bfcb78952ca45b66a8a80,1,0.0,0.0,0.0,0.0,0.0,0.0
1.25,0.3,3.0,0.4,24,train,0x3bf48564e102ddf0ffd19c998e6132eee8be5000,1,0.0,0.0,0.0,0.0,0.0,0.0
1.25,0.3,3.0,0.4,24,train,0x4e3468951d49f2eea976ed0d6e75ffcb44a9a544,2,50.0,0.0,1.9040477994742067,1.9040477994742067,0.38080955989484133,50.0
1.25,0.3,3.0,0.4,24,train,0x6eaae6b721b6c896bbfc30d3a7f4999d5a94ca80,1,100.0,0.0,-63.30559088878156,-63.30559088878156,-63.30559088878156,0.0
1.25,0.3,3.0,0.4,24,train,0x718793b91da00b21e5b11e89de3ec9b9b6234144,1,0.0,0.0,0.0,0.0,0.0,0.0
1.25,0.3,3.0,0.4,24,train,0x72cecfc6d9a07117d5d207537e0bfd4bdfdac0cc,1,100.0,0.0,30.98470729992946,30.98470729992946,30.98470729992946,100.0
1.25,0.3,3.0,0.4,24,train,0x75a54357d9c78a2db19004a5fdc76c50f9242aec,1,0.0,0.0,0.0,0.0,0.0,0.0
1.25,0.3,3.0,0.4,24,train,0xbc4397b7f01f347b7dfa35276ca73203f3348a80,1,0.0,0.0,0.0,0.0,0.0,0.0
1.25,0.3,3.0,0.4,24,train,0xbe3e194f0069013ae4a860b6c152131b2032c0cc,1,0.0,0.0,0.0,0.0,0.0,0.0
1.25,0.3,3.0,0.4,24,train,0xc7e90a703b7ca435089cb90b8b770353e52b0a80,1,0.0,0.0,0.0,0.0,0.0,0.0
1.25,0.3,3.0,0.4,24,train,0xe0a5a3ba19a680a72be08c39c5de4dddb1fe05c7,1,0.0,0.0,0.0,0.0,0.0,0.0
1.25,0.3,3.0,0.4,24,train,0xe5e702641ea86f4ae6cc3cdaed2b886f976be044,58,29.310344827586203,3.4482758620689653,-3.069929050395722,0.0,-36.966284997473565,6.896551724137931
1.25,0.3,3.0,0.4,24,train,0xf1ee073811b14359d850825e48d200483200edcd,1,100.0,0.0,-32.03321299516219,-32.03321299516219,-32.03321299516219,0.0
1.25,0.3,3.0,0.55,6,test,0x0000000000000000000000000000000000000000,5,20.0,0.0,-1.0079250022962305,0.0,-3.0237750068886915,0.0
1.25,0.3,3.0,0.55,6,test,0x2565055891704afe3e844d5b34a318108ce64144,1,0.0,0.0,0.0,0.0,0.0,0.0
1.25,0.3,3.0,0.55,6,test,0x261b0f5e05eb05c6496728f1ae4969810dbe8a80,1,0.0,0.0,0.0,0.0,0.0,0.0
1.25,0.3,3.0,0.55,6,test,0xe5e702641ea86f4ae6cc3cdaed2b886f976be044,15,13.333333333333334,0.0,-5.504173963615511,0.0,-24.67858456271435,0.0
1.25,0.3,3.0,0.55,6,train,0x0000000000000000000000000000000000000000,17,23.52941176470588,0.0,-1.9835902308218096,0.0,-9.64311521309795,5.88235294117647
1.25,0.3,3.0,0.55,6,train,0x00d18bc3fab01162f43f20c071559795fcaf4144,1,0.0,0.0,0.0,0.0,0.0,0.0
1.25,0.3,3.0,0.55,6,train,0x1e8bbf00d265e08a27e91bfbc1f9a4073c4b4144,1,100.0,0.0,-35.08425552517339,-35.08425552517339,-35.08425552517339,0.0
1.25,0.3,3.0,0.55,6,train,0x332f85e7e323214b2d55286414b059ebb1f2a044,1,100.0,0.0,7.33592572947348,7.33592572947348,7.33592572947348,100.0
1.25,0.3,3.0,0.55,6,train,0x3ad9e44cb65e518e452bfcb78952ca45b66a8a80,1,0.0,0.0,0.0,0.0,0.0,0.0
1.25,0.3,3.0,0.55,6,train,0x3bf48564e102ddf0ffd19c998e6132eee8be5000,1,0.0,0.0,0.0,0.0,0.0,0.0
1.25,0.3,3.0,0.55,6,train,0x4e3468951d49f2eea976ed0d6e75ffcb44a9a544,2,50.0,0.0,-0.8502725796594224,-0.8502725796594224,-1.5304906433869603,0.0
1.25,0.3,3.0,0.55,6,train,0x6eaae6b721b6c896bbfc30d3a7f4999d5a94ca80,1,100.0,0.0,-63.30559088878156,-63.30559088878156,-63.30559088878156,0.0
1.25,0.3,3.0,0.55,6,train,0x718793b91da00b21e5b11e89de3ec9b9b6234144,1,0.0,0.0,0.0,0.0,0.0,0.0
1.25,0.3,3.0,0.55,6,train,0x72cecfc6d9a07117d5d207537e0bfd4bdfdac0cc,1,100.0,0.0,30.98470729992946,30.98470729992946,30.98470729992946,100.0
1.25,0.3,3.0,0.55,6,train,0x75a54357d9c78a2db19004a5fdc76c50f9242aec,1,0.0,0.0,0.0,0.0,0.0,0.0
1.25,0.3,3.0,0.55,6,train,0xbc4397b7f01f347b7dfa35276ca73203f3348a80,1,0.0,0.0,0.0,0.0,0.0,0.0
1.25,0.3,3.0,0.55,6,train,0xbe3e194f0069013ae4a860b6c152131b2032c0cc,1,0.0,0.0,0.0,0.0,0.0,0.0
1.25,0.3,3.0,0.55,6,train,0xc7e90a703b7ca435089cb90b8b770353e52b0a80,1,0.0,0.0,0.0,0.0,0.0,0.0
1.25,0.3,3.0,0.55,6,train,0xe0a5a3ba19a680a72be08c39c5de4dddb1fe05c7,1,0.0,0.0,0.0,0.0,0.0,0.0
1.25,0.3,3.0,0.55,6,train,0xe5e702641ea86f4ae6cc3cdaed2b886f976be044,58,29.310344827586203,1.7241379310344827,-0.7825870712445931,0.0,-35.58481937826906,10.344827586206897
1.25,0.3,3.0,0.55,6,train,0xf1ee073811b14359d850825e48d200483200edcd,1,100.0,0.0,-16.486401182328013,-16.486401182328013,-16.486401182328013,0.0
1.25,0.3,3.0,0.55,12,test,0x0000000000000000000000000000000000000000,5,20.0,0.0,-2.2755343016473906,0.0,-6.826602904942171,0.0
1.25,0.3,3.0,0.55,12,test,0x2565055891704afe3e844d5b34a318108ce64144,1,0.0,0.0,0.0,0.0,0.0,0.0
1.25,0.3,3.0,0.55,12,test,0x261b0f5e05eb05c6496728f1ae4969810dbe8a80,1,0.0,0.0,0.0,0.0,0.0,0.0
1.25,0.3,3.0,0.55,12,test,0xe5e702641ea86f4ae6cc3cdaed2b886f976be044,15,13.333333333333334,0.0,-5.504173963615511,0.0,-24.67858456271435,0.0
1.25,0.3,3.0,0.55,12,train,0x0000000000000000000000000000000000000000,17,23.52941176470588,0.0,-1.8183078278998417,0.0,-8.519194873228567,5.88235294117647
1.25,0.3,3.0,0.55,12,train,0x00d18bc3fab01162f43f20c071559795fcaf4144,1,0.0,0.0,0.0,0.0,0.0,0.0
1.25,0.3,3.0,0.55,12,train,0x1e8bbf00d265e08a27e91bfbc1f9a4073c4b4144,1,100.0,0.0,-35.08425552517339,-35.08425552517339,-35.08425552517339,0.0
1.25,0.3,3.0,0.55,12,train,0x332f85e7e323214b2d55286414b059ebb1f2a044,1,100.0,0.0,37.97282866873986,37.97282866873986,37.97282866873986,100.0
1.25,0.3,3.0,0.55,12,train,0x3ad9e44cb65e518e452bfcb78952ca45b66a8a80,1,0.0,0.0,0.0,0.0,0.0,0.0
1.25,0.3,3.0,0.55,12,train,0x3bf48564e102ddf0ffd19c998e6132eee8be5000,1,0.0,0.0,0.0,0.0,0.0,0.0
1.25,0.3,3.0,0.55,12,train,0x4e3468951d49f2eea976ed0d6e75ffcb44a9a544,2,50.0,0.0,11.790698496221474,11.790698496221474,2.358139699244295,50.0
1.25,0.3,3.0,0.55,12,train,0x6eaae6b721b6c896bbfc30d3a7f4999d5a94ca80,1,100.0,0.0,-63.30559088878156,-63.30559088878156,-63.30559088878156,0.0
1.25,0.3,3.0,0.55,12,train,0x718793b91da00b21e5b11e89de3ec9b9b6234144,1,0.0,0.0,0.0,0.0,0.0,0.0
1.25,0.3,3.0,0.55,12,train,0x72cecfc6d9a07117d5d207537e0bfd4bdfdac0cc,1,100.0,0.0,30.98470729992946,30.98470729992946,30.98470729992946,100.0
1.25,0.3,3.0,0.55,12,train,0x75a54357d9c78a2db19004a5fdc76c50f9242aec,1,0.0,0.0,0.0,0.0,0.0,0.0
1.25,0.3,3.0,0.55,12,train,0xbc4397b7f01f347b7dfa35276ca73203f3348a80,1,0.0,0.0,0.0,0.0,0.0,0.0
1.25,0.3,3.0,0.55,12,train,0xbe3e194f0069013ae4a860b6c152131b2032c0cc,1,0.0,0.0,0.0,0.0,0.0,0.0
1.25,0.3,3.0,0.55,12,train,0xc7e90a703b7ca435089cb90b8b770353e52b0a80,1,0.0,0.0,0.0,0.0,0.0,0.0
1.25,0.3,3.0,0.55,12,train,0xe0a5a3ba19a680a72be08c39c5de4dddb1fe05c7,1,0.0,0.0,0.0,0.0,0.0,0.0
1.25,0.3,3.0,0.55,12,train,0xe5e702641ea86f4ae6cc3cdaed2b886f976be044,58,29.310344827586203,3.4482758620689653,-4.662543597803534,0.0,-36.966284997473565,6.896551724137931
1.25,0.3,3.0,0.55,12,train,0xf1ee073811b14359d850825e48d200483200edcd,1,100.0,0.0,-32.03321299516219,-32.03321299516219,-32.03321299516219,0.0
1.25,0.3,3.0,0.55,24,test,0x0000000000000000000000000000000000000000,5,20.0,0.0,-0.15514513866313306,0.0,-0.4654354159893992,0.0
1.25,0.3,3.0,0.55,24,test,0x2565055891704afe3e844d5b34a318108ce64144,1,0.0,0.0,0.0,0.0,0.0,0.0
1.25,0.3,3.0,0.55,24,test,0x261b0f5e05eb05c6496728f1ae4969810dbe8a80,1,0.0,0.0,0.0,0.0,0.0,0.0
1.25,0.3,3.0,0.55,24,test,0xe5e702641ea86f4ae6cc3cdaed2b886f976be044,15,13.333333333333334,0.0,-5.504173963615511,0.0,-24.67858456271435,0.0
1.25,0.3,3.0,0.55,24,train,0x0000000000000000000000000000000000000000,17,23.52941176470588,0.0,-2.0045462057390857,0.0,-9.785615842535428,5.88235294117647
1.25,0.3,3.0,0.55,24,train,0x00d18bc3fab01162f43f20c071559795fcaf4144,1,0.0,0.0,0.0,0.0,0.0,0.0
1.25,0.3,3.0,0.55,24,train,0x1e8bbf00d265e08a27e91bfbc1f9a4073c4b4144,1,100.0,0.0,-35.08425552517339,-35.08425552517339,-35.08425552517339,0.0
1.25,0.3,3.0,0.55,24,train,0x332f85e7e323214b2d55286414b059ebb1f2a044,1,100.0,0.0,-41.09276989545892,-41.09276989545892,-41.09276989545892,0.0
1.25,0.3,3.0,0.55,24,train,0x3ad9e44cb65e518e452bfcb78952ca45b66a8a80,1,0.0,0.0,0.0,0.0,0.0,0.0
1.25,0.3,3.0,0.55,24,train,0x3bf48564e102ddf0ffd19c998e6132eee8be5000,1,0.0,0.0,0.0,0.0,0.0,0.0
1.25,0.3,3.0,0.55,24,train,0x4e3468951d49f2eea976ed0d6e75ffcb44a9a544,2,50.0,0.0,1.9040477994742067,1.9040477994742067,0.38080955989484133,50.0
1.25,0.3,3.0,0.55,24,train,0x6eaae6b721b6c896bbfc30d3a7f4999d5a94ca80,1,100.0,0.0,-63.30559088878156,-63.30559088878156,-63.30559088878156,0.0
1.25,0.3,3.0,0.55,24,train,0x718793b91da00b21e5b11e89de3ec9b9b6234144,1,0.0,0.0,0.0,0.0,0.0,0.0
1.25,0.3,3.0,0.55,24,train,0x72cecfc6d9a07117d5d207537e0bfd4bdfdac0cc,1,100.0,0.0,30.98470729992946,30.98470729992946,30.98470729992946,100.0
1.25,0.3,3.0,0.55,24,train,0x75a54357d9c78a2db19004a5fdc76c50f9242aec,1,0.0,0.0,0.0,0.0,0.0,0.0
1.25,0.3,3.0,0.55,24,train,0xbc4397b7f01f347b7dfa35276ca73203f3348a80,1,0.0,0.0,0.0,0.0,0.0,0.0
1.25,0.3,3.0,0.55,24,train,0xbe3e194f0069013ae4a860b6c152131b2032c0cc,1,0.0,0.0,0.0,0.0,0.0,0.0
1.25,0.3,3.0,0.55,24,train,0xc7e90a703b7ca435089cb90b8b770353e52b0a80,1,0.0,0.0,0.0,0.0,0.0,0.0
1.25,0.3,3.0,0.55,24,train,0xe0a5a3ba19a680a72be08c39c5de4dddb1fe05c7,1,0.0,0.0,0.0,0.0,0.0,0.0
1.25,0.3,3.0,0.55,24,train,0xe5e702641ea86f4ae6cc3cdaed2b886f976be044,58,29.310344827586203,3.4482758620689653,-4.0349838643233475,0.0,-36.966284997473565,6.896551724137931
1.25,0.3,3.0,0.55,24,train,0xf1ee073811b14359d850825e48d200483200edcd,1,100.0,0.0,-32.03321299516219,-32.03321299516219,-32.03321299516219,0.0
1.25,0.3,3.0,0.7,6,test,0x0000000000000000000000000000000000000000,5,20.0,0.0,-1.0079250022962305,0.0,-3.0237750068886915,0.0
1.25,0.3,3.0,0.7,6,test,0x2565055891704afe3e844d5b34a318108ce64144,1,0.0,0.0,0.0,0.0,0.0,0.0
1.25,0.3,3.0,0.7,6,test,0x261b0f5e05eb05c6496728f1ae4969810dbe8a80,1,0.0,0.0,0.0,0.0,0.0,0.0
1.25,0.3,3.0,0.7,6,test,0xe5e702641ea86f4ae6cc3cdaed2b886f976be044,15,13.333333333333334,0.0,-5.504173963615511,0.0,-24.67858456271435,0.0
1.25,0.3,3.0,0.7,6,train,0x0000000000000000000000000000000000000000,17,23.52941176470588,0.0,-1.9835902308218096,0.0,-9.64311521309795,5.88235294117647
1.25,0.3,3.0,0.7,6,train,0x00d18bc3fab01162f43f20c071559795fcaf4144,1,0.0,0.0,0.0,0.0,0.0,0.0
1.25,0.3,3.0,0.7,6,train,0x1e8bbf00d265e08a27e91bfbc1f9a4073c4b4144,1,100.0,0.0,-35.08425552517339,-35.08425552517339,-35.08425552517339,0.0
1.25,0.3,3.0,0.7,6,train,0x332f85e7e323214b2d55286414b059ebb1f2a044,1,100.0,0.0,7.33592572947348,7.33592572947348,7.33592572947348,100.0
1.25,0.3,3.0,0.7,6,train,0x3ad9e44cb65e518e452bfcb78952ca45b66a8a80,1,0.0,0.0,0.0,0.0,0.0,0.0
1.25,0.3,3.0,0.7,6,train,0x3bf48564e102ddf0ffd19c998e6132eee8be5000,1,0.0,0.0,0.0,0.0,0.0,0.0
1.25,0.3,3.0,0.7,6,train,0x4e3468951d49f2eea976ed0d6e75ffcb44a9a544,2,50.0,0.0,-0.8502725796594224,-0.8502725796594224,-1.5304906433869603,0.0
1.25,0.3,3.0,0.7,6,train,0x6eaae6b721b6c896bbfc30d3a7f4999d5a94ca80,1,100.0,0.0,-63.30559088878156,-63.30559088878156,-63.30559088878156,0.0
1.25,0.3,3.0,0.7,6,train,0x718793b91da00b21e5b11e89de3ec9b9b6234144,1,0.0,0.0,0.0,0.0,0.0,0.0
1.25,0.3,3.0,0.7,6,train,0x72cecfc6d9a07117d5d207537e0bfd4bdfdac0cc,1,100.0,0.0,30.98470729992946,30.98470729992946,30.98470729992946,100.0
1.25,0.3,3.0,0.7,6,train,0x75a54357d9c78a2db19004a5fdc76c50f9242aec,1,0.0,0.0,0.0,0.0,0.0,0.0
1.25,0.3,3.0,0.7,6,train,0xbc4397b7f01f347b7dfa35276ca73203f3348a80,1,0.0,0.0,0.0,0.0,0.0,0.0
1.25,0.3,3.0,0.7,6,train,0xbe3e194f0069013ae4a860b6c152131b2032c0cc,1,0.0,0.0,0.0,0.0,0.0,0.0
1.25,0.3,3.0,0.7,6,train,0xc7e90a703b7ca435089cb90b8b770353e52b0a80,1,0.0,0.0,0.0,0.0,0.0,0.0
1.25,0.3,3.0,0.7,6,train,0xe0a5a3ba19a680a72be08c39c5de4dddb1fe05c7,1,0.0,0.0,0.0,0.0,0.0,0.0
1.25,0.3,3.0,0.7,6,train,0xe5e702641ea86f4ae6cc3cdaed2b886f976be044,58,29.310344827586203,1.7241379310344827,-0.8984099363290696,0.0,-35.58481937826906,10.344827586206897
1.25,0.3,3.0,0.7,6,train,0xf1ee073811b14359d850825e48d200483200edcd,1,100.0,0.0,-16.486401182328013,-16.486401182328013,-16.486401182328013,0.0
1.25,0.3,3.0,0.7,12,test,0x0000000000000000000000000000000000000000,5,20.0,0.0,-2.2755343016473906,0.0,-6.826602904942171,0.0
1.25,0.3,3.0,0.7,12,test,0x2565055891704afe3e844d5b34a318108ce64144,1,0.0,0.0,0.0,0.0,0.0,0.0
1.25,0.3,3.0,0.7,12,test,0x261b0f5e05eb05c6496728f1ae4969810dbe8a80,1,0.0,0.0,0.0,0.0,0.0,0.0
1.25,0.3,3.0,0.7,12,test,0xe5e702641ea86f4ae6cc3cdaed2b886f976be044,15,13.333333333333334,0.0,-5.504173963615511,0.0,-24.67858456271435,0.0
1.25,0.3,3.0,0.7,12,train,0x0000000000000000000000000000000000000000,17,23.52941176470588,0.0,-1.8183078278998417,0.0,-8.519194873228567,5.88235294117647
1.25,0.3,3.0,0.7,12,train,0x00d18bc3fab01162f43f20c071559795fcaf4144,1,0.0,0.0,0.0,0.0,0.0,0.0
1.25,0.3,3.0,0.7,12,train,0x1e8bbf00d265e08a27e91bfbc1f9a4073c4b4144,1,100.0,0.0,-35.08425552517339,-35.08425552517339,-35.08425552517339,0.0
1.25,0.3,3.0,0.7,12,train,0x332f85e7e323214b2d55286414b059ebb1f2a044,1,100.0,0.0,37.97282866873986,37.97282866873986,37.97282866873986,100.0
1.25,0.3,3.0,0.7,12,train,0x3ad9e44cb65e518e452bfcb78952ca45b66a8a80,1,0.0,0.0,0.0,0.0,0.0,0.0
1.25,0.3,3.0,0.7,12,train,0x3bf48564e102ddf0ffd19c998e6132eee8be5000,1,0.0,0.0,0.0,0.0,0.0,0.0
1.25,0.3,3.0,0.7,12,train,0x4e3468951d49f2eea976ed0d6e75ffcb44a9a544,2,50.0,0.0,11.790698496221474,11.790698496221474,2.358139699244295,50.0
1.25,0.3,3.0,0.7,12,train,0x6eaae6b721b6c896bbfc30d3a7f4999d5a94ca80,1,100.0,0.0,-63.30559088878156,-63.30559088878156,-63.30559088878156,0.0
1.25,0.3,3.0,0.7,12,train,0x718793b91da00b21e5b11e89de3ec9b9b6234144,1,0.0,0.0,0.0,0.0,0.0,0.0
1.25,0.3,3.0,0.7,12,train,0x72cecfc6d9a07117d5d207537e0bfd4bdfdac0cc,1,100.0,0.0,30.98470729992946,30.98470729992946,30.98470729992946,100.0
1.25,0.3,3.0,0.7,12,train,0x75a54357d9c78a2db19004a5fdc76c50f9242aec,1,0.0,0.0,0.0,0.0,0.0,0.0
1.25,0.3,3.0,0.7,12,train,0xbc4397b7f01f347b7dfa35276ca73203f3348a80,1,0.0,0.0,0.0,0.0,0.0,0.0
1.25,0.3,3.0,0.7,12,train,0xbe3e194f0069013ae4a860b6c152131b2032c0cc,1,0.0,0.0,0.0,0.0,0.0,0.0
1.25,0.3,3.0,0.7,12,train,0xc7e90a703b7ca435089cb90b8b770353e52b0a80,1,0.0,0.0,0.0,0.0,0.0,0.0
1.25,0.3,3.0,0.7,12,train,0xe0a5a3ba19a680a72be08c39c5de4dddb1fe05c7,1,0.0,0.0,0.0,0.0,0.0,0.0
1.25,0.3,3.0,0.7,12,train,0xe5e702641ea86f4ae6cc3cdaed2b886f976be044,58,29.310344827586203,3.4482758620689653,-5.3973776164859295,0.0,-36.966284997473565,6.896551724137931
1.25,0.3,3.0,0.7,12,train,0xf1ee073811b14359d850825e48d200483200edcd,1,100.0,0.0,-32.03321299516219,-32.03321299516219,-32.03321299516219,0.0
1.25,0.3,3.0,0.7,24,test,0x0000000000000000000000000000000000000000,5,20.0,0.0,-0.15514513866313306,0.0,-0.4654354159893992,0.0
1.25,0.3,3.0,0.7,24,test,0x2565055891704afe3e844d5b34a318108ce64144,1,0.0,0.0,0.0,0.0,0.0,0.0
1.25,0.3,3.0,0.7,24,test,0x261b0f5e05eb05c6496728f1ae4969810dbe8a80,1,0.0,0.0,0.0,0.0,0.0,0.0
1.25,0.3,3.0,0.7,24,test,0xe5e702641ea86f4ae6cc3cdaed2b886f976be044,15,13.333333333333334,0.0,-5.504173963615511,0.0,-24.67858456271435,0.0
1.25,0.3,3.0,0.7,24,train,0x0000000000000000000000000000000000000000,17,23.52941176470588,0.0,-2.0045462057390857,0.0,-9.785615842535428,5.88235294117647
1.25,0.3,3.0,0.7,24,train,0x00d18bc3fab01162f43f20c071559795fcaf4144,1,0.0,0.0,0.0,0.0,0.0,0.0
1.25,0.3,3.0,0.7,24,train,0x1e8bbf00d265e08a27e91bfbc1f9a4073c4b4144,1,100.0,0.0,-35.08425552517339,-35.08425552517339,-35.08425552517339,0.0
1.25,0.3,3.0,0.7,24,train,0x332f85e7e323214b2d55286414b059ebb1f2a044,1,100.0,0.0,-41.09276989545892,-41.09276989545892,-41.09276989545892,0.0
1.25,0.3,3.0,0.7,24,train,0x3ad9e44cb65e518e452bfcb78952ca45b66a8a80,1,0.0,0.0,0.0,0.0,0.0,0.0
1.25,0.3,3.0,0.7,24,train,0x3bf48564e102ddf0ffd19c998e6132eee8be5000,1,0.0,0.0,0.0,0.0,0.0,0.0
1.25,0.3,3.0,0.7,24,train,0x4e3468951d49f2eea976ed0d6e75ffcb44a9a544,2,50.0,0.0,1.9040477994742067,1.9040477994742067,0.38080955989484133,50.0
1.25,0.3,3.0,0.7,24,train,0x6eaae6b721b6c896bbfc30d3a7f4999d5a94ca80,1,100.0,0.0,-63.30559088878156,-63.30559088878156,-63.30559088878156,0.0
1.25,0.3,3.0,0.7,24,train,0x718793b91da00b21e5b11e89de3ec9b9b6234144,1,0.0,0.0,0.0,0.0,0.0,0.0
1.25,0.3,3.0,0.7,24,train,0x72cecfc6d9a07117d5d207537e0bfd4bdfdac0cc,1,100.0,0.0,30.98470729992946,30.98470729992946,30.98470729992946,100.0
1.25,0.3,3.0,0.7,24,train,0x75a54357d9c78a2db19004a5fdc76c50f9242aec,1,0.0,0.0,0.0,0.0,0.0,0.0
1.25,0.3,3.0,0.7,24,train,0xbc4397b7f01f347b7dfa35276ca73203f3348a80,1,0.0,0.0,0.0,0.0,0.0,0.0
1.25,0.3,3.0,0.7,24,train,0xbe3e194f0069013ae4a860b6c152131b2032c0cc,1,0.0,0.0,0.0,0.0,0.0,0.0
1.25,0.3,3.0,0.7,24,train,0xc7e90a703b7ca435089cb90b8b770353e52b0a80,1,0.0,0.0,0.0,0.0,0.0,0.0
1.25,0.3,3.0,0.7,24,train,0xe0a5a3ba19a680a72be08c39c5de4dddb1fe05c7,1,0.0,0.0,0.0,0.0,0.0,0.0
1.25,0.3,3.0,0.7,24,train,0xe5e702641ea86f4ae6cc3cdaed2b886f976be044,58,29.310344827586203,3.4482758620689653,-4.769817883005743,0.0,-36.966284997473565,6.896551724137931
1.25,0.3,3.0,0.7,24,train,0xf1ee073811b14359d850825e48d200483200edcd,1,100.0,0.0,-32.03321299516219,-32.03321299516219,-32.03321299516219,0.0
1.25,0.4,1.5,0.4,6,test,0x0000000000000000000000000000000000000000,5,20.0,0.0,-1.0079250022962305,0.0,-3.0237750068886915,0.0
1.25,0.4,1.5,0.4,6,test,0x2565055891704afe3e844d5b34a318108ce64144,1,0.0,0.0,0.0,0.0,0.0,0.0
1.25,0.4,1.5,0.4,6,test,0x261b0f5e05eb05c6496728f1ae4969810dbe8a80,1,0.0,0.0,0.0,0.0,0.0,0.0
1.25,0.4,1.5,0.4,6,test,0xe5e702641ea86f4ae6cc3cdaed2b886f976be044,15,13.333333333333334,6.666666666666667,0.26650842923008516,0.0,0.0,6.666666666666667
1.25,0.4,1.5,0.4,6,train,0x0000000000000000000000000000000000000000,17,23.52941176470588,0.0,-1.9835902308218096,0.0,-9.64311521309795,5.88235294117647
1.25,0.4,1.5,0.4,6,train,0x00d18bc3fab01162f43f20c071559795fcaf4144,1,0.0,0.0,0.0,0.0,0.0,0.0
1.25,0.4,1.5,0.4,6,train,0x1e8bbf00d265e08a27e91bfbc1f9a4073c4b4144,1,100.0,0.0,-44.536945030127974,-44.536945030127974,-44.536945030127974,0.0
1.25,0.4,1.5,0.4,6,train,0x332f85e7e323214b2d55286414b059ebb1f2a044,1,100.0,100.0,32.02901202796209,32.02901202796209,32.02901202796209,100.0
1.25,0.4,1.5,0.4,6,train,0x3ad9e44cb65e518e452bfcb78952ca45b66a8a80,1,0.0,0.0,0.0,0.0,0.0,0.0
1.25,0.4,1.5,0.4,6,train,0x3bf48564e102ddf0ffd19c998e6132eee8be5000,1,0.0,0.0,0.0,0.0,0.0,0.0
1.25,0.4,1.5,0.4,6,train,0x4e3468951d49f2eea976ed0d6e75ffcb44a9a544,2,50.0,0.0,-0.8502725796594224,-0.8502725796594224,-1.5304906433869603,0.0
1.25,0.4,1.5,0.4,6,train,0x6eaae6b721b6c896bbfc30d3a7f4999d5a94ca80,1,100.0,0.0,-63.30559088878156,-63.30559088878156,-63.30559088878156,0.0
1.25,0.4,1.5,0.4,6,train,0x718793b91da00b21e5b11e89de3ec9b9b6234144,1,0.0,0.0,0.0,0.0,0.0,0.0
1.25,0.4,1.5,0.4,6,train,0x72cecfc6d9a07117d5d207537e0bfd4bdfdac0cc,1,100.0,0.0,30.98470729992946,30.98470729992946,30.98470729992946,100.0
1.25,0.4,1.5,0.4,6,train,0x75a54357d9c78a2db19004a5fdc76c50f9242aec,1,0.0,0.0,0.0,0.0,0.0,0.0
1.25,0.4,1.5,0.4,6,train,0xbc4397b7f01f347b7dfa35276ca73203f3348a80,1,0.0,0.0,0.0,0.0,0.0,0.0
1.25,0.4,1.5,0.4,6,train,0xbe3e194f0069013ae4a860b6c152131b2032c0cc,1,0.0,0.0,0.0,0.0,0.0,0.0
1.25,0.4,1.5,0.4,6,train,0xc7e90a703b7ca435089cb90b8b770353e52b0a80,1,0.0,0.0,0.0,0.0,0.0,0.0
1.25,0.4,1.5,0.4,6,train,0xe0a5a3ba19a680a72be08c39c5de4dddb1fe05c7,1,0.0,0.0,0.0,0.0,0.0,0.0
1.25,0.4,1.5,0.4,6,train,0xe5e702641ea86f4ae6cc3cdaed2b886f976be044,58,29.310344827586203,10.344827586206897,-1.8491622943832124,0.0,-36.681204686012535,12.068965517241379
1.25,0.4,1.5,0.4,6,train,0xf1ee073811b14359d850825e48d200483200edcd,1,100.0,0.0,-16.486401182328013,-16.486401182328013,-16.486401182328013,0.0
1.25,0.4,1.5,0.4,12,test,0x0000000000000000000000000000000000000000,5,20.0,0.0,-2.2755343016473906,0.0,-6.826602904942171,0.0
1.25,0.4,1.5,0.4,12,test,0x2565055891704afe3e844d5b34a318108ce64144,1,0.0,0.0,0.0,0.0,0.0,0.0
1.25,0.4,1.5,0.4,12,test,0x261b0f5e05eb05c6496728f1ae4969810dbe8a80,1,0.0,0.0,0.0,0.0,0.0,0.0
1.25,0.4,1.5,0.4,12,test,0xe5e702641ea86f4ae6cc3cdaed2b886f976be044,15,13.333333333333334,6.666666666666667,0.26650842923008516,0.0,0.0,6.666666666666667
1.25,0.4,1.5,0.4,12,train,0x0000000000000000000000000000000000000000,17,23.52941176470588,0.0,-1.8183078278998417,0.0,-8.519194873228567,5.88235294117647
1.25,0.4,1.5,0.4,12,train,0x00d18bc3fab01162f43f20c071559795fcaf4144,1,0.0,0.0,0.0,0.0,0.0,0.0
1.25,0.4,1.5,0.4,12,train,0x1e8bbf00d265e08a27e91bfbc1f9a4073c4b4144,1,100.0,0.0,-44.536945030127974,-44.536945030127974,-44.536945030127974,0.0
1.25,0.4,1.5,0.4,12,train,0x332f85e7e323214b2d55286414b059ebb1f2a044,1,100.0,100.0,32.02901202796209,32.02901202796209,32.02901202796209,100.0
1.25,0.4,1.5,0.4,12,train,0x3ad9e44cb65e518e452bfcb78952ca45b66a8a80,1,0.0,0.0,0.0,0.0,0.0,0.0
1.25,0.4,1.5,0.4,12,train,0x3bf48564e102ddf0ffd19c998e6132eee8be5000,1,0.0,0.0,0.0,0.0,0.0,0.0
1.25,0.4,1.5,0.4,12,train,0x4e3468951d49f2eea976ed0d6e75ffcb44a9a544,2,50.0,0.0,11.790698496221474,11.790698496221474,2.358139699244295,50.0
1.25,0.4,1.5,0.4,12,train,0x6eaae6b721b6c896bbfc30d3a7f4999d5a94ca80,1,100.0,0.0,-63.30559088878156,-63.30559088878156,-63.30559088878156,0.0
1.25,0.4,1.5,0.4,12,train,0x718793b91da00b21e5b11e89de3ec9b9b6234144,1,0.0,0.0,0.0,0.0,0.0,0.0
1.25,0.4,1.5,0.4,12,train,0x72cecfc6d9a07117d5d207537e0bfd4bdfdac0cc,1,100.0,0.0,30.98470729992946,30.98470729992946,30.98470729992946,100.0
1.25,0.4,1.5,0.4,12,train,0x75a54357d9c78a2db19004a5fdc76c50f9242aec,1,0.0,0.0,0.0,0.0,0.0,0.0
1.25,0.4,1.5,0.4,12,train,0xbc4397b7f01f347b7dfa35276ca73203f3348a80,1,0.0,0.0,0.0,0.0,0.0,0.0
1.25,0.4,1.5,0.4,12,train,0xbe3e194f0069013ae4a860b6c152131b2032c0cc,1,0.0,0.0,0.0,0.0,0.0,0.0
1.25,0.4,1.5,0.4,12,train,0xc7e90a703b7ca435089cb90b8b770353e52b0a80,1,0.0,0.0,0.0,0.0,0.0,0.0
1.25,0.4,1.5,0.4,12,train,0xe0a5a3ba19a680a72be08c39c5de4dddb1fe05c7,1,0.0,0.0,0.0,0.0,0.0,0.0
1.25,0.4,1.5,0.4,12,train,0xe5e702641ea86f4ae6cc3cdaed2b886f976be044,58,29.310344827586203,10.344827586206897,-2.502262318311789,0.0,-43.15827273947431,12.068965517241379
1.25,0.4,1.5,0.4,12,train,0xf1ee073811b14359d850825e48d200483200edcd,1,100.0,0.0,-30.948500188453366,-30.948500188453366,-30.948500188453366,0.0
1.25,0.4,1.5,0.4,24,test,0x0000000000000000000000000000000000000000,5,20.0,0.0,-0.15514513866313306,0.0,-0.4654354159893992,0.0
1.25,0.4,1.5,0.4,24,test,0x2565055891704afe3e844d5b34a318108ce64144,1,0.0,0.0,0.0,0.0,0.0,0.0
1.25,0.4,1.5,0.4,24,test,0x261b0f5e05eb05c6496728f1ae4969810dbe8a80,1,0.0,0.0,0.0,0.0,0.0,0.0
1.25,0.4,1.5,0.4,24,test,0xe5e702641ea86f4ae6cc3cdaed2b886f976be044,15,13.333333333333334,6.666666666666667,0.26650842923008516,0.0,0.0,6.666666666666667
1.25,0.4,1.5,0.4,24,train,0x0000000000000000000000000000000000000000,17,23.52941176470588,0.0,-2.0045462057390857,0.0,-9.785615842535428,5.88235294117647
1.25,0.4,1.5,0.4,24,train,0x00d18bc3fab01162f43f20c071559795fcaf4144,1,0.0,0.0,0.0,0.0,0.0,0.0
1.25,0.4,1.5,0.4,24,train,0x1e8bbf00d265e08a27e91bfbc1f9a4073c4b4144,1,100.0,0.0,-44.536945030127974,-44.536945030127974,-44.536945030127974,0.0
1.25,0.4,1.5,0.4,24,train,0x332f85e7e323214b2d55286414b059ebb1f2a044,1,100.0,100.0,32.02901202796209,32.02901202796209,32.02901202796209,100.0
1.25,0.4,1.5,0.4,24,train,0x3ad9e44cb65e518e452bfcb78952ca45b66a8a80,1,0.0,0.0,0.0,0.0,0.0,0.0
1.25,0.4,1.5,0.4,24,train,0x3bf48564e102ddf0ffd19c998e6132eee8be5000,1,0.0,0.0,0.0,0.0,0.0,0.0
1.25,0.4,1.5,0.4,24,train,0x4e3468951d49f2eea976ed0d6e75ffcb44a9a544,2,50.0,0.0,1.9040477994742067,1.9040477994742067,0.38080955989484133,50.0
1.25,0.4,1.5,0.4,24,train,0x6eaae6b721b6c896bbfc30d3a7f4999d5a94ca80,1,100.0,0.0,-63.30559088878156,-63.30559088878156,-63.30559088878156,0.0
1.25,0.4,1.5,0.4,24,train,0x718793b91da00b21e5b11e89de3ec9b9b6234144,1,0.0,0.0,0.0,0.0,0.0,0.0
1.25,0.4,1.5,0.4,24,train,0x72cecfc6d9a07117d5d207537e0bfd4bdfdac0cc,1,100.0,0.0,30.98470729992946,30.98470729992946,30.98470729992946,100.0
1.25,0.4,1.5,0.4,24,train,0x75a54357d9c78a2db19004a5fdc76c50f9242aec,1,0.0,0.0,0.0,0.0,0.0,0.0
1.25,0.4,1.5,0.4,24,train,0xbc4397b7f01f347b7dfa35276ca73203f3348a80,1,0.0,0.0,0.0,0.0,0.0,0.0
1.25,0.4,1.5,0.4,24,train,0xbe3e194f0069013ae4a860b6c152131b2032c0cc,1,0.0,0.0,0.0,0.0,0.0,0.0
1.25,0.4,1.5,0.4,24,train,0xc7e90a703b7ca435089cb90b8b770353e52b0a80,1,0.0,0.0,0.0,0.0,0.0,0.0
1.25,0.4,1.5,0.4,24,train,0xe0a5a3ba19a680a72be08c39c5de4dddb1fe05c7,1,0.0,0.0,0.0,0.0,0.0,0.0
1.25,0.4,1.5,0.4,24,train,0xe5e702641ea86f4ae6cc3cdaed2b886f976be044,58,29.310344827586203,12.068965517241379,-1.818157774792309,0.0,-43.15827273947431,12.068965517241379
1.25,0.4,1.5,0.4,24,train,0xf1ee073811b14359d850825e48d200483200edcd,1,100.0,0.0,-41.34919278258391,-41.34919278258391,-41.34919278258391,0.0
1.25,0.4,1.5,0.55,6,test,0x0000000000000000000000000000000000000000,5,20.0,0.0,-1.0079250022962305,0.0,-3.0237750068886915,0.0
1.25,0.4,1.5,0.55,6,test,0x2565055891704afe3e844d5b34a318108ce64144,1,0.0,0.0,0.0,0.0,0.0,0.0
1.25,0.4,1.5,0.55,6,test,0x261b0f5e05eb05c6496728f1ae4969810dbe8a80,1,0.0,0.0,0.0,0.0,0.0,0.0
1.25,0.4,1.5,0.55,6,test,0xe5e702641ea86f4ae6cc3cdaed2b886f976be044,15,13.333333333333334,6.666666666666667,-0.4028985472257522,0.0,0.0,6.666666666666667
1.25,0.4,1.5,0.55,6,train,0x0000000000000000000000000000000000000000,17,23.52941176470588,0.0,-1.9835902308218096,0.0,-9.64311521309795,5.88235294117647
1.25,0.4,1.5,0.55,6,train,0x00d18bc3fab01162f43f20c071559795fcaf4144,1,0.0,0.0,0.0,0.0,0.0,0.0
1.25,0.4,1.5,0.55,6,train,0x1e8bbf00d265e08a27e91bfbc1f9a4073c4b4144,1,100.0,0.0,-44.536945030127974,-44.536945030127974,-44.536945030127974,0.0
1.25,0.4,1.5,0.55,6,train,0x332f85e7e323214b2d55286414b059ebb1f2a044,1,100.0,100.0,21.287193143039218,21.287193143039218,21.287193143039218,100.0
1.25,0.4,1.5,0.55,6,train,0x3ad9e44cb65e518e452bfcb78952ca45b66a8a80,1,0.0,0.0,0.0,0.0,0.0,0.0
1.25,0.4,1.5,0.55,6,train,0x3bf48564e102ddf0ffd19c998e6132eee8be5000,1,0.0,0.0,0.0,0.0,0.0,0.0
1.25,0.4,1.5,0.55,6,train,0x4e3468951d49f2eea976ed0d6e75ffcb44a9a544,2,50.0,0.0,-0.8502725796594224,-0.8502725796594224,-1.5304906433869603,0.0
1.25,0.4,1.5,0.55,6,train,0x6eaae6b721b6c896bbfc30d3a7f4999d5a94ca80,1,100.0,0.0,-63.30559088878156,-63.30559088878156,-63.30559088878156,0.0
1.25,0.4,1.5,0.55,6,train,0x718793b91da00b21e5b11e89de3ec9b9b6234144,1,0.0,0.0,0.0,0.0,0.0,0.0
1.25,0.4,1.5,0.55,6,train,0x72cecfc6d9a07117d5d207537e0bfd4bdfdac0cc,1,100.0,0.0,30.98470729992946,30.98470729992946,30.98470729992946,100.0
1.25,0.4,1.5,0.55,6,train,0x75a54357d9c78a2db19004a5fdc76c50f9242aec,1,0.0,0.0,0.0,0.0,0.0,0.0
1.25,0.4,1.5,0.55,6,train,0xbc4397b7f01f347b7dfa35276ca73203f3348a80,1,0.0,0.0,0.0,0.0,0.0,0.0
1.25,0.4,1.5,0.55,6,train,0xbe3e194f0069013ae4a860b6c152131b2032c0cc,1,0.0,0.0,0.0,0.0,0.0,0.0
1.25,0.4,1.5,0.55,6,train,0xc7e90a703b7ca435089cb90b8b770353e52b0a80,1,0.0,0.0,0.0,0.0,0.0,0.0
1.25,0.4,1.5,0.55,6,train,0xe0a5a3ba19a680a72be08c39c5de4dddb1fe05c7,1,0.0,0.0,0.0,0.0,0.0,0.0
1.25,0.4,1.5,0.55,6,train,0xe5e702641ea86f4ae6cc3cdaed2b886f976be044,58,29.310344827586203,10.344827586206897,-2.901283256563629,0.0,-36.681204686012535,12.068965517241379
1.25,0.4,1.5,0.55,6,train,0xf1ee073811b14359d850825e48d200483200edcd,1,100.0,0.0,-16.486401182328013,-16.486401182328013,-16.486401182328013,0.0
1.25,0.4,1.5,0.55,12,test,0x0000000000000000000000000000000000000000,5,20.0,0.0,-2.2755343016473906,0.0,-6.826602904942171,0.0
1.25,0.4,1.5,0.55,12,test,0x2565055891704afe3e844d5b34a318108ce64144,1,0.0,0.0,0.0,0.0,0.0,0.0
1.25,0.4,1.5,0.55,12,test,0x261b0f5e05eb05c6496728f1ae4969810dbe8a80,1,0.0,0.0,0.0,0.0,0.0,0.0
1.25,0.4,1.5,0.55,12,test,0xe5e702641ea86f4ae6cc3cdaed2b886f976be044,15,13.333333333333334,6.666666666666667,-0.4028985472257522,0.0,0.0,6.666666666666667
1.25,0.4,1.5,0.55,12,train,0x0000000000000000000000000000000000000000,17,23.52941176470588,0.0,-1.8183078278998417,0.0,-8.519194873228567,5.88235294117647
1.25,0.4,1.5,0.55,12,train,0x00d18bc3fab01162f43f20c071559795fcaf4144,1,0.0,0.0,0.0,0.0,0.0,0.0
1.25,0.4,1.5,0.55,12,train,0x1e8bbf00d265e08a27e91bfbc1f9a4073c4b4144,1,100.0,0.0,-44.536945030127974,-44.536945030127974,-44.536945030127974,0.0
1.25,0.4,1.5,0.55,12,train,0x332f85e7e323214b2d55286414b059ebb1f2a044,1,100.0,100.0,21.287193143039218,21.287193143039218,21.287193143039218,100.0
1.25,0.4,1.5,0.55,12,train,0x3ad9e44cb65e518e452bfcb78952ca45b66a8a80,1,0.0,0.0,0.0,0.0,0.0,0.0
1.25,0.4,1.5,0.55,12,train,0x3bf48564e102ddf0ffd19c998e6132eee8be5000,1,0.0,0.0,0.0,0.0,0.0,0.0
1.25,0.4,1.5,0.55,12,train,0x4e3468951d49f2eea976ed0d6e75ffcb44a9a544,2,50.0,0.0,11.790698496221474,11.790698496221474,2.358139699244295,50.0
1.25,0.4,1.5,0.55,12,train,0x6eaae6b721b6c896bbfc30d3a7f4999d5a94ca80,1,100.0,0.0,-63.30559088878156,-63.30559088878156,-63.30559088878156,0.0
1.25,0.4,1.5,0.55,12,train,0x718793b91da00b21e5b11e89de3ec9b9b6234144,1,0.0,0.0,0.0,0.0,0.0,0.0
1.25,0.4,1.5,0.55,12,train,0x72cecfc6d9a07117d5d207537e0bfd4bdfdac0cc,1,100.0,0.0,30.98470729992946,30.98470729992946,30.98470729992946,100.0
1.25,0.4,1.5,0.55,12,train,0x75a54357d9c78a2db19004a5fdc76c50f9242aec,1,0.0,0.0,0.0,0.0,0.0,0.0
1.25,0.4,1.5,0.55,12,train,0xbc4397b7f01f347b7dfa35276ca73203f3348a80,1,0.0,0.0,0.0,0.0,0.0,0.0
1.25,0.4,1.5,0.55,12,train,0xbe3e194f0069013ae4a860b6c152131b2032c0cc,1,0.0,0.0,0.0,0.0,0.0,0.0
1.25,0.4,1.5,0.55,12,train,0xc7e90a703b7ca435089cb90b8b770353e52b0a80,1,0.0,0.0,0.0,0.0,0.0,0.0
1.25,0.4,1.5,0.55,12,train,0xe0a5a3ba19a680a72be08c39c5de4dddb1fe05c7,1,0.0,0.0,0.0,0.0,0.0,0.0
1.25,0.4,1.5,0.55,12,train,0xe5e702641ea86f4ae6cc3cdaed2b886f976be044,58,29.310344827586203,10.344827586206897,-3.554383280492205,0.0,-43.15827273947431,12.068965517241379
1.25,0.4,1.5,0.55,12,train,0xf1ee073811b14359d850825e48d200483200edcd,1,100.0,0.0,-30.948500188453366,-30.948500188453366,-30.948500188453366,0.0
1.25,0.4,1.5,0.55,24,test,0x0000000000000000000000000000000000000000,5,20.0,0.0,-0.15514513866313306,0.0,-0.4654354159893992,0.0
1.25,0.4,1.5,0.55,24,test,0x2565055891704afe3e844d5b34a318108ce64144,1,0.0,0.0,0.0,0.0,0.0,0.0
1.25,0.4,1.5,0.55,24,test,0x261b0f5e05eb05c6496728f1ae4969810dbe8a80,1,0.0,0.0,0.0,0.0,0.0,0.0
1.25,0.4,1.5,0.55,24,test,0xe5e702641ea86f4ae6cc3cdaed2b886f976be044,15,13.333333333333334,6.666666666666667,-0.4028985472257522,0.0,0.0,6.666666666666667
1.25,0.4,1.5,0.55,24,train,0x0000000000000000000000000000000000000000,17,23.52941176470588,0.0,-2.0045462057390857,0.0,-9.785615842535428,5.88235294117647
1.25,0.4,1.5,0.55,24,train,0x00d18bc3fab01162f43f20c071559795fcaf4144,1,0.0,0.0,0.0,0.0,0.0,0.0
1.25,0.4,1.5,0.55,24,train,0x1e8bbf00d265e08a27e91bfbc1f9a4073c4b4144,1,100.0,0.0,-44.536945030127974,-44.536945030127974,-44.536945030127974,0.0
1.25,0.4,1.5,0.55,24,train,0x332f85e7e323214b2d55286414b059ebb1f2a044,1,100.0,100.0,21.287193143039218,21.287193143039218,21.287193143039218,100.0
1.25,0.4,1.5,0.55,24,train,0x3ad9e44cb65e518e452bfcb78952ca45b66a8a80,1,0.0,0.0,0.0,0.0,0.0,0.0
1.25,0.4,1.5,0.55,24,train,0x3bf48564e102ddf0ffd19c998e6132eee8be5000,1,0.0,0.0,0.0,0.0,0.0,0.0
1.25,0.4,1.5,0.55,24,train,0x4e3468951d49f2eea976ed0d6e75ffcb44a9a544,2,50.0,0.0,1.9040477994742067,1.9040477994742067,0.38080955989484133,50.0
1.25,0.4,1.5,0.55,24,train,0x6eaae6b721b6c896bbfc30d3a7f4999d5a94ca80,1,100.0,0.0,-63.30559088878156,-63.30559088878156,-63.30559088878156,0.0
1.25,0.4,1.5,0.55,24,train,0x718793b91da00b21e5b11e89de3ec9b9b6234144,1,0.0,0.0,0.0,0.0,0.0,0.0
1.25,0.4,1.5,0.55,24,train,0x72cecfc6d9a07117d5d207537e0bfd4bdfdac0cc,1,100.0,0.0,30.98470729992946,30.98470729992946,30.98470729992946,100.0
1.25,0.4,1.5,0.55,24,train,0x75a54357d9c78a2db19004a5fdc76c50f9242aec,1,0.0,0.0,0.0,0.0,0.0,0.0
1.25,0.4,1.5,0.55,24,train,0xbc4397b7f01f347b7dfa35276ca73203f3348a80,1,0.0,0.0,0.0,0.0,0.0,0.0
1.25,0.4,1.5,0.55,24,train,0xbe3e194f0069013ae4a860b6c152131b2032c0cc,1,0.0,0.0,0.0,0.0,0.0,0.0
1.25,0.4,1.5,0.55,24,train,0xc7e90a703b7ca435089cb90b8b770353e52b0a80,1,0.0,0.0,0.0,0.0,0.0,0.0
1.25,0.4,1.5,0.55,24,train,0xe0a5a3ba19a680a72be08c39c5de4dddb1fe05c7,1,0.0,0.0,0.0,0.0,0.0,0.0
1.25,0.4,1.5,0.55,24,train,0xe5e702641ea86f4ae6cc3cdaed2b886f976be044,58,29.310344827586203,12.068965517241379,-2.870278736972726,0.0,-43.15827273947431,12.068965517241379
1.25,0.4,1.5,0.55,24,train,0xf1ee073811b14359d850825e48d200483200edcd,1,100.0,0.0,-41.34919278258391,-41.34919278258391,-41.34919278258391,0.0
1.25,0.4,1.5,0.7,6,test,0x0000000000000000000000000000000000000000,5,20.0,0.0,-1.0079250022962305,0.0,-3.0237750068886915,0.0
1.25,0.4,1.5,0.7,6,test,0x2565055891704afe3e844d5b34a318108ce64144,1,0.0,0.0,0.0,0.0,0.0,0.0
1.25,0.4,1.5,0.7,6,test,0x261b0f5e05eb05c6496728f1ae4969810dbe8a80,1,0.0,0.0,0.0,0.0,0.0,0.0
1.25,0.4,1.5,0.7,6,test,0xe5e702641ea86f4ae6cc3cdaed2b886f976be044,15,13.333333333333334,6.666666666666667,-1.6107083154011206,0.0,0.0,6.666666666666667
1.25,0.4,1.5,0.7,6,train,0x0000000000000000000000000000000000000000,17,23.52941176470588,0.0,-1.9835902308218096,0.0,-9.64311521309795,5.88235294117647
1.25,0.4,1.5,0.7,6,train,0x00d18bc3fab01162f43f20c071559795fcaf4144,1,0.0,0.0,0.0,0.0,0.0,0.0
1.25,0.4,1.5,0.7,6,train,0x1e8bbf00d265e08a27e91bfbc1f9a4073c4b4144,1,100.0,0.0,-44.536945030127974,-44.536945030127974,-44.536945030127974,0.0
1.25,0.4,1.5,0.7,6,train,0x332f85e7e323214b2d55286414b059ebb1f2a044,1,100.0,100.0,16.84026376224228,16.84026376224228,16.84026376224228,100.0
1.25,0.4,1.5,0.7,6,train,0x3ad9e44cb65e518e452bfcb78952ca45b66a8a80,1,0.0,0.0,0.0,0.0,0.0,0.0
1.25,0.4,1.5,0.7,6,train,0x3bf48564e102ddf0ffd19c998e6132eee8be5000,1,0.0,0.0,0.0,0.0,0.0,0.0
1.25,0.4,1.5,0.7,6,train,0x4e3468951d49f2eea976ed0d6e75ffcb44a9a544,2,50.0,0.0,-0.8502725796594224,-0.8502725796594224,-1.5304906433869603,0.0
1.25,0.4,1.5,0.7,6,train,0x6eaae6b721b6c896bbfc30d3a7f4999d5a94ca80,1,100.0,0.0,-63.30559088878156,-63.30559088878156,-63.30559088878156,0.0
1.25,0.4,1.5,0.7,6,train,0x718793b91da00b21e5b11e89de3ec9b9b6234144,1,0.0,0.0,0.0,0.0,0.0,0.0
1.25,0.4,1.5,0.7,6,train,0x72cecfc6d9a07117d5d207537e0bfd4bdfdac0cc,1,100.0,0.0,30.98470729992946,30.98470729992946,30.98470729992946,100.0
1.25,0.4,1.5,0.7,6,train,0x75a54357d9c78a2db19004a5fdc76c50f9242aec,1,0.0,0.0,0.0,0.0,0.0,0.0
1.25,0.4,1.5,0.7,6,train,0xbc4397b7f01f347b7dfa35276ca73203f3348a80,1,0.0,0.0,0.0,0.0,0.0,0.0
1.25,0.4,1.5,0.7,6,train,0xbe3e194f0069013ae4a860b6c152131b2032c0cc,1,0.0,0.0,0.0,0.0,0.0,0.0
1.25,0.4,1.5,0.7,6,train,0xc7e90a703b7ca435089cb90b8b770353e52b0a80,1,0.0,0.0,0.0,0.0,0.0,0.0
1.25,0.4,1.5,0.7,6,train,0xe0a5a3ba19a680a72be08c39c5de4dddb1fe05c7,1,0.0,0.0,0.0,0.0,0.0,0.0
1.25,0.4,1.5,0.7,6,train,0xe5e702641ea86f4ae6cc3cdaed2b886f976be044,58,29.310344827586203,10.344827586206897,-3.951520775271099,0.0,-36.681204686012535,12.068965517241379
1.25,0.4,1.5,0.7,6,train,0xf1ee073811b14359d850825e48d200483200edcd,1,100.0,0.0,-16.486401182328013,-16.486401182328013,-16.486401182328013,0.0
1.25,0.4,1.5,0.7,12,test,0x0000000000000000000000000000000000000000,5,20.0,0.0,-2.2755343016473906,0.0,-6.826602904942171,0.0
1.25,0.4,1.5,0.7,12,test,0x2565055891704afe3e844d5b34a318108ce64144,1,0.0,0.0,0.0,0.0,0.0,0.0
1.25,0.4,1.5,0.7,12,test,0x261b0f5e05eb05c6496728f1ae4969810dbe8a80,1,0.0,0.0,0.0,0.0,0.0,0.0
1.25,0.4,1.5,0.7,12,test,0xe5e702641ea86f4ae6cc3cdaed2b886f976be044,15,13.333333333333334,6.666666666666667,-1.6107083154011206,0.0,0.0,6.666666666666667
1.25,0.4,1.5,0.7,12,train,0x0000000000000000000000000000000000000000,17,23.52941176470588,0.0,-1.8183078278998417,0.0,-8.519194873228567,5.88235294117647
1.25,0.4,1.5,0.7,12,train,0x00d18bc3fab01162f43f20c071559795fcaf4144,1,0.0,0.0,0.0,0.0,0.0,0.0
1.25,0.4,1.5,0.7,12,train,0x1e8bbf00d265e08a27e91bfbc1f9a4073c4b4144,1,100.0,0.0,-44.536945030127974,-44.536945030127974,-44.536945030127974,0.0
1.25,0.4,1.5,0.7,12,train,0x332f85e7e323214b2d55286414b059ebb1f2a044,1,100.0,100.0,16.84026376224228,16.84026376224228,16.84026376224228,100.0
1.25,0.4,1.5,0.7,12,train,0x3ad9e44cb65e518e452bfcb78952ca45b66a8a80,1,0.0,0.0,0.0,0.0,0.0,0.0
1.25,0.4,1.5,0.7,12,train,0x3bf48564e102ddf0ffd19c998e6132eee8be5000,1,0.0,0.0,0.0,0.0,0.0,0.0
1.25,0.4,1.5,0.7,12,train,0x4e3468951d49f2eea976ed0d6e75ffcb44a9a544,2,50.0,0.0,11.790698496221474,11.790698496221474,2.358139699244295,50.0
1.25,0.4,1.5,0.7,12,train,0x6eaae6b721b6c896bbfc30d3a7f4999d5a94ca80,1,100.0,0.0,-63.30559088878156,-63.30559088878156,-63.30559088878156,0.0
1.25,0.4,1.5,0.7,12,train,0x718793b91da00b21e5b11e89de3ec9b9b6234144,1,0.0,0.0,0.0,0.0,0.0,0.0
1.25,0.4,1.5,0.7,12,train,0x72cecfc6d9a07117d5d207537e0bfd4bdfdac0cc,1,100.0,0.0,30.98470729992946,30.98470729992946,30.98470729992946,100.0
1.25,0.4,1.5,0.7,12,train,0x75a54357d9c78a2db19004a5fdc76c50f9242aec,1,0.0,0.0,0.0,0.0,0.0,0.0
1.25,0.4,1.5,0.7,12,train,0xbc4397b7f01f347b7dfa35276ca73203f3348a80,1,0.0,0.0,0.0,0.0,0.0,0.0
1.25,0.4,1.5,0.7,12,train,0xbe3e194f0069013ae4a860b6c152131b2032c0cc,1,0.0,0.0,0.0,0.0,0.0,0.0
1.25,0.4,1.5,0.7,12,train,0xc7e90a703b7ca435089cb90b8b770353e52b0a80,1,0.0,0.0,0.0,0.0,0.0,0.0
1.25,0.4,1.5,0.7,12,train,0xe0a5a3ba19a680a72be08c39c5de4dddb1fe05c7,1,0.0,0.0,0.0,0.0,0.0,0.0
1.25,0.4,1.5,0.7,12,train,0xe5e702641ea86f4ae6cc3cdaed2b886f976be044,58,29.310344827586203,10.344827586206897,-4.604620799199675,0.0,-43.15827273947431,12.068965517241379
1.25,0.4,1.5,0.7,12,train,0xf1ee073811b14359d850825e48d200483200edcd,1,100.0,0.0,-30.948500188453366,-30.948500188453366,-30.948500188453366,0.0
1.25,0.4,1.5,0.7,24,test,0x0000000000000000000000000000000000000000,5,20.0,0.0,-0.15514513866313306,0.0,-0.4654354159893992,0.0
1.25,0.4,1.5,0.7,24,test,0x2565055891704afe3e844d5b34a318108ce64144,1,0.0,0.0,0.0,0.0,0.0,0.0
1.25,0.4,1.5,0.7,24,test,0x261b0f5e05eb05c6496728f1ae4969810dbe8a80,1,0.0,0.0,0.0,0.0,0.0,0.0
1.25,0.4,1.5,0.7,24,test,0xe5e702641ea86f4ae6cc3cdaed2b886f976be044,15,13.333333333333334,6.666666666666667,-1.6107083154011206,0.0,0.0,6.666666666666667
1.25,0.4,1.5,0.7,24,train,0x0000000000000000000000000000000000000000,17,23.52941176470588,0.0,-2.0045462057390857,0.0,-9.785615842535428,5.88235294117647
1.25,0.4,1.5,0.7,24,train,0x00d18bc3fab01162f43f20c071559795fcaf4144,1,0.0,0.0,0.0,0.0,0.0,0.0
1.25,0.4,1.5,0.7,24,train,0x1e8bbf00d265e08a27e91bfbc1f9a4073c4b4144,1,100.0,0.0,-44.536945030127974,-44.536945030127974,-44.536945030127974,0.0
1.25,0.4,1.5,0.7,24,train,0x332f85e7e323214b2d55286414b059ebb1f2a044,1,100.0,100.0,16.84026376224228,16.84026376224228,16.84026376224228,100.0
1.25,0.4,1.5,0.7,24,train,0x3ad9e44cb65e518e452bfcb78952ca45b66a8a80,1,0.0,0.0,0.0,0.0,0.0,0.0
1.25,0.4,1.5,0.7,24,train,0x3bf48564e102ddf0ffd19c998e6132eee8be5000,1,0.0,0.0,0.0,0.0,0.0,0.0
1.25,0.4,1.5,0.7,24,train,0x4e3468951d49f2eea976ed0d6e75ffcb44a9a544,2,50.0,0.0,1.9040477994742067,1.9040477994742067,0.38080955989484133,50.0
1.25,0.4,1.5,0.7,24,train,0x6eaae6b721b6c896bbfc30d3a7f4999d5a94ca80,1,100.0,0.0,-63.30559088878156,-63.30559088878156,-63.30559088878156,0.0
1.25,0.4,1.5,0.7,24,train,0x718793b91da00b21e5b11e89de3ec9b9b6234144,1,0.0,0.0,0.0,0.0,0.0,0.0
1.25,0.4,1.5,0.7,24,train,0x72cecfc6d9a07117d5d207537e0bfd4bdfdac0cc,1,100.0,0.0,30.98470729992946,30.98470729992946,30.98470729992946,100.0
1.25,0.4,1.5,0.7,24,train,0x75a54357d9c78a2db19004a5fdc76c50f9242aec,1,0.0,0.0,0.0,0.0,0.0,0.0
1.25,0.4,1.5,0.7,24,train,0xbc4397b7f01f347b7dfa35276ca73203f3348a80,1,0.0,0.0,0.0,0.0,0.0,0.0
1.25,0.4,1.5,0.7,24,train,0xbe3e194f0069013ae4a860b6c152131b2032c0cc,1,0.0,0.0,0.0,0.0,0.0,0.0
1.25,0.4,1.5,0.7,24,train,0xc7e90a703b7ca435089cb90b8b770353e52b0a80,1,0.0,0.0,0.0,0.0,0.0,0.0
1.25,0.4,1.5,0.7,24,train,0xe0a5a3ba19a680a72be08c39c5de4dddb1fe05c7,1,0.0,0.0,0.0,0.0,0.0,0.0
1.25,0.4,1.5,0.7,24,train,0xe5e702641ea86f4ae6cc3cdaed2b886f976be044,58,29.310344827586203,12.068965517241379,-3.9205162556801953,0.0,-43.15827273947431,12.068965517241379
1.25,0.4,1.5,0.7,24,train,0xf1ee073811b14359d850825e48d200483200edcd,1,100.0,0.0,-41.34919278258391,-41.34919278258391,-41.34919278258391,0.0
1.25,0.4,2.0,0.4,6,test,0x0000000000000000000000000000000000000000,5,20.0,0.0,-1.0079250022962305,0.0,-3.0237750068886915,0.0
1.25,0.4,2.0,0.4,6,test,0x2565055891704afe3e844d5b34a318108ce64144,1,0.0,0.0,0.0,0.0,0.0,0.0
1.25,0.4,2.0,0.4,6,test,0x261b0f5e05eb05c6496728f1ae4969810dbe8a80,1,0.0,0.0,0.0,0.0,0.0,0.0
1.25,0.4,2.0,0.4,6,test,0xe5e702641ea86f4ae6cc3cdaed2b886f976be044,15,13.333333333333334,0.0,-4.198363935685985,0.0,-12.926294311348618,0.0
1.25,0.4,2.0,0.4,6,train,0x0000000000000000000000000000000000000000,17,23.52941176470588,0.0,-1.9835902308218096,0.0,-9.64311521309795,5.88235294117647
1.25,0.4,2.0,0.4,6,train,0x00d18bc3fab01162f43f20c071559795fcaf4144,1,0.0,0.0,0.0,0.0,0.0,0.0
1.25,0.4,2.0,0.4,6,train,0x1e8bbf00d265e08a27e91bfbc1f9a4073c4b4144,1,100.0,0.0,-44.536945030127974,-44.536945030127974,-44.536945030127974,0.0
1.25,0.4,2.0,0.4,6,train,0x332f85e7e323214b2d55286414b059ebb1f2a044,1,100.0,0.0,7.33592572947348,7.33592572947348,7.33592572947348,100.0
1.25,0.4,2.0,0.4,6,train,0x3ad9e44cb65e518e452bfcb78952ca45b66a8a80,1,0.0,0.0,0.0,0.0,0.0,0.0
1.25,0.4,2.0,0.4,6,train,0x3bf48564e102ddf0ffd19c998e6132eee8be5000,1,0.0,0.0,0.0,0.0,0.0,0.0
1.25,0.4,2.0,0.4,6,train,0x4e3468951d49f2eea976ed0d6e75ffcb44a9a544,2,50.0,0.0,-0.8502725796594224,-0.8502725796594224,-1.5304906433869603,0.0
1.25,0.4,2.0,0.4,6,train,0x6eaae6b721b6c896bbfc30d3a7f4999d5a94ca80,1,100.0,0.0,-63.30559088878156,-63.30559088878156,-63.30559088878156,0.0
1.25,0.4,2.0,0.4,6,train,0x718793b91da00b21e5b11e89de3ec9b9b6234144,1,0.0,0.0,0.0,0.0,0.0,0.0
1.25,0.4,2.0,0.4,6,train,0x72cecfc6d9a07117d5d207537e0bfd4bdfdac0cc,1,100.0,0.0,30.98470729992946,30.98470729992946,30.98470729992946,100.0
1.25,0.4,2.0,0.4,6,train,0x75a54357d9c78a2db19004a5fdc76c50f9242aec,1,0.0,0.0,0.0,0.0,0.0,0.0
1.25,0.4,2.0,0.4,6,train,0xbc4397b7f01f347b7dfa35276ca73203f3348a80,1,0.0,0.0,0.0,0.0,0.0,0.0
1.25,0.4,2.0,0.4,6,train,0xbe3e194f0069013ae4a860b6c152131b2032c0cc,1,0.0,0.0,0.0,0.0,0.0,0.0
1.25,0.4,2.0,0.4,6,train,0xc7e90a703b7ca435089cb90b8b770353e52b0a80,1,0.0,0.0,0.0,0.0,0.0,0.0
1.25,0.4,2.0,0.4,6,train,0xe0a5a3ba19a680a72be08c39c5de4dddb1fe05c7,1,0.0,0.0,0.0,0.0,0.0,0.0
1.25,0.4,2.0,0.4,6,train,0xe5e702641ea86f4ae6cc3cdaed2b886f976be044,58,29.310344827586203,6.896551724137931,-1.068380731298251,0.0,-42.55123106248053,10.344827586206897
1.25,0.4,2.0,0.4,6,train,0xf1ee073811b14359d850825e48d200483200edcd,1,100.0,0.0,-16.486401182328013,-16.486401182328013,-16.486401182328013,0.0
1.25,0.4,2.0,0.4,12,test,0x0000000000000000000000000000000000000000,5,20.0,0.0,-2.2755343016473906,0.0,-6.826602904942171,0.0
1.25,0.4,2.0,0.4,12,test,0x2565055891704afe3e844d5b34a318108ce64144,1,0.0,0.0,0.0,0.0,0.0,0.0
1.25,0.4,2.0,0.4,12,test,0x261b0f5e05eb05c6496728f1ae4969810dbe8a80,1,0.0,0.0,0.0,0.0,0.0,0.0
1.25,0.4,2.0,0.4,12,test,0xe5e702641ea86f4ae6cc3cdaed2b886f976be044,15,13.333333333333334,0.0,-6.8642155318153595,0.0,-24.858981109825237,0.0
1.25,0.4,2.0,0.4,12,train,0x0000000000000000000000000000000000000000,17,23.52941176470588,0.0,-1.8183078278998417,0.0,-8.519194873228567,5.88235294117647
1.25,0.4,2.0,0.4,12,train,0x00d18bc3fab01162f43f20c071559795fcaf4144,1,0.0,0.0,0.0,0.0,0.0,0.0
1.25,0.4,2.0,0.4,12,train,0x1e8bbf00d265e08a27e91bfbc1f9a4073c4b4144,1,100.0,0.0,-44.536945030127974,-44.536945030127974,-44.536945030127974,0.0
1.25,0.4,2.0,0.4,12,train,0x332f85e7e323214b2d55286414b059ebb1f2a044,1,100.0,0.0,37.97282866873986,37.97282866873986,37.97282866873986,100.0
1.25,0.4,2.0,0.4,12,train,0x3ad9e44cb65e518e452bfcb78952ca45b66a8a80,1,0.0,0.0,0.0,0.0,0.0,0.0
1.25,0.4,2.0,0.4,12,train,0x3bf48564e102ddf0ffd19c998e6132eee8be5000,1,0.0,0.0,0.0,0.0,0.0,0.0
1.25,0.4,2.0,0.4,12,train,0x4e3468951d49f2eea976ed0d6e75ffcb44a9a544,2,50.0,0.0,11.790698496221474,11.790698496221474,2.358139699244295,50.0
1.25,0.4,2.0,0.4,12,train,0x6eaae6b721b6c896bbfc30d3a7f4999d5a94ca80,1,100.0,0.0,-63.30559088878156,-63.30559088878156,-63.30559088878156,0.0
1.25,0.4,2.0,0.4,12,train,0x718793b91da00b21e5b11e89de3ec9b9b6234144,1,0.0,0.0,0.0,0.0,0.0,0.0
1.25,0.4,2.0,0.4,12,train,0x72cecfc6d9a07117d5d207537e0bfd4bdfdac0cc,1,100.0,0.0,30.98470729992946,30.98470729992946,30.98470729992946,100.0
1.25,0.4,2.0,0.4,12,train,0x75a54357d9c78a2db19004a5fdc76c50f9242aec,1,0.0,0.0,0.0,0.0,0.0,0.0
1.25,0.4,2.0,0.4,12,train,0xbc4397b7f01f347b7dfa35276ca73203f3348a80,1,0.0,0.0,0.0,0.0,0.0,0.0
1.25,0.4,2.0,0.4,12,train,0xbe3e194f0069013ae4a860b6c152131b2032c0cc,1,0.0,0.0,0.0,0.0,0.0,0.0
1.25,0.4,2.0,0.4,12,train,0xc7e90a703b7ca435089cb90b8b770353e52b0a80,1,0.0,0.0,0.0,0.0,0.0,0.0
1.25,0.4,2.0,0.4,12,train,0xe0a5a3ba19a680a72be08c39c5de4dddb1fe05c7,1,0.0,0.0,0.0,0.0,0.0,0.0
1.25,0.4,2.0,0.4,12,train,0xe5e702641ea86f4ae6cc3cdaed2b886f976be044,58,29.310344827586203,6.896551724137931,-2.9934642173280297,0.0,-44.25623683621341,8.620689655172415
1.25,0.4,2.0,0.4,12,train,0xf1ee073811b14359d850825e48d200483200edcd,1,100.0,0.0,-30.948500188453366,-30.948500188453366,-30.948500188453366,0.0
1.25,0.4,2.0,0.4,24,test,0x0000000000000000000000000000000000000000,5,20.0,0.0,-0.15514513866313306,0.0,-0.4654354159893992,0.0
1.25,0.4,2.0,0.4,24,test,0x2565055891704afe3e844d5b34a318108ce64144,1,0.0,0.0,0.0,0.0,0.0,0.0
1.25,0.4,2.0,0.4,24,test,0x261b0f5e05eb05c6496728f1ae4969810dbe8a80,1,0.0,0.0,0.0,0.0,0.0,0.0
1.25,0.4,2.0,0.4,24,test,0xe5e702641ea86f4ae6cc3cdaed2b886f976be044,15,13.333333333333334,0.0,-6.8642155318153595,0.0,-24.858981109825237,0.0
1.25,0.4,2.0,0.4,24,train,0x0000000000000000000000000000000000000000,17,23.52941176470588,0.0,-2.0045462057390857,0.0,-9.785615842535428,5.88235294117647
1.25,0.4,2.0,0.4,24,train,0x00d18bc3fab01162f43f20c071559795fcaf4144,1,0.0,0.0,0.0,0.0,0.0,0.0
1.25,0.4,2.0,0.4,24,train,0x1e8bbf00d265e08a27e91bfbc1f9a4073c4b4144,1,100.0,0.0,-44.536945030127974,-44.536945030127974,-44.536945030127974,0.0
1.25,0.4,2.0,0.4,24,train,0x332f85e7e323214b2d55286414b059ebb1f2a044,1,100.0,0.0,-35.832295340796975,-35.832295340796975,-35.832295340796975,0.0
1.25,0.4,2.0,0.4,24,train,0x3ad9e44cb65e518e452bfcb78952ca45b66a8a80,1,0.0,0.0,0.0,0.0,0.0,0.0
1.25,0.4,2.0,0.4,24,train,0x3bf48564e102ddf0ffd19c998e6132eee8be5000,1,0.0,0.0,0.0,0.0,0.0,0.0
1.25,0.4,2.0,0.4,24,train,0x4e3468951d49f2eea976ed0d6e75ffcb44a9a544,2,50.0,0.0,1.9040477994742067,1.9040477994742067,0.38080955989484133,50.0
1.25,0.4,2.0,0.4,24,train,0x6eaae6b721b6c896bbfc30d3a7f4999d5a94ca80,1,100.0,0.0,-63.30559088878156,-63.30559088878156,-63.30559088878156,0.0
1.25,0.4,2.0,0.4,24,train,0x718793b91da00b21e5b11e89de3ec9b9b6234144,1,0.0,0.0,0.0,0.0,0.0,0.0
1.25,0.4,2.0,0.4,24,train,0x72cecfc6d9a07117d5d207537e0bfd4bdfdac0cc,1,100.0,0.0,30.98470729992946,30.98470729992946,30.98470729992946,100.0
1.25,0.4,2.0,0.4,24,train,0x75a54357d9c78a2db19004a5fdc76c50f9242aec,1,0.0,0.0,0.0,0.0,0.0,0.0
1.25,0.4,2.0,0.4,24,train,0xbc4397b7f01f347b7dfa35276ca73203f3348a80,1,0.0,0.0,0.0,0.0,0.0,0.0
1.25,0.4,2.0,0.4,24,train,0xbe3e194f0069013ae4a860b6c152131b2032c0cc,1,0.0,0.0,0.0,0.0,0.0,0.0
1.25,0.4,2.0,0.4,24,train,0xc7e90a703b7ca435089cb90b8b770353e52b0a80,1,0.0,0.0,0.0,0.0,0.0,0.0
1.25,0.4,2.0,0.4,24,train,0xe0a5a3ba19a680a72be08c39c5de4dddb1fe05c7,1,0.0,0.0,0.0,0.0,0.0,0.0
1.25,0.4,2.0,0.4,24,train,0xe5e702641ea86f4ae6cc3cdaed2b886f976be044,58,29.310344827586203,6.896551724137931,-3.1933747777028194,0.0,-44.25623683621341,8.620689655172415
1.25,0.4,2.0,0.4,24,train,0xf1ee073811b14359d850825e48d200483200edcd,1,100.0,0.0,-41.34919278258391,-41.34919278258391,-41.34919278258391,0.0
1.25,0.4,2.0,0.55,6,test,0x0000000000000000000000000000000000000000,5,20.0,0.0,-1.0079250022962305,0.0,-3.0237750068886915,0.0
1.25,0.4,2.0,0.55,6,test,0x2565055891704afe3e844d5b34a318108ce64144,1,0.0,0.0,0.0,0.0,0.0,0.0
1.25,0.4,2.0,0.55,6,test,0x261b0f5e05eb05c6496728f1ae4969810dbe8a80,1,0.0,0.0,0.0,0.0,0.0,0.0
1.25,0.4,2.0,0.55,6,test,0xe5e702641ea86f4ae6cc3cdaed2b886f976be044,15,13.333333333333334,0.0,-4.198363935685985,0.0,-12.926294311348618,0.0
1.25,0.4,2.0,0.55,6,train,0x0000000000000000000000000000000000000000,17,23.52941176470588,0.0,-1.9835902308218096,0.0,-9.64311521309795,5.88235294117647
1.25,0.4,2.0,0.55,6,train,0x00d18bc3fab01162f43f20c071559795fcaf4144,1,0.0,0.0,0.0,0.0,0.0,0.0
1.25,0.4,2.0,0.55,6,train,0x1e8bbf00d265e08a27e91bfbc1f9a4073c4b4144,1,100.0,0.0,-44.536945030127974,-44.536945030127974,-44.536945030127974,0.0
1.25,0.4,2.0,0.55,6,train,0x332f85e7e323214b2d55286414b059ebb1f2a044,1,100.0,0.0,7.33592572947348,7.33592572947348,7.33592572947348,100.0
1.25,0.4,2.0,0.55,6,train,0x3ad9e44cb65e518e452bfcb78952ca45b66a8a80,1,0.0,0.0,0.0,0.0,0.0,0.0
1.25,0.4,2.0,0.55,6,train,0x3bf48564e102ddf0ffd19c998e6132eee8be5000,1,0.0,0.0,0.0,0.0,0.0,0.0
1.25,0.4,2.0,0.55,6,train,0x4e3468951d49f2eea976ed0d6e75ffcb44a9a544,2,50.0,0.0,-0.8502725796594224,-0.8502725796594224,-1.5304906433869603,0.0
1.25,0.4,2.0,0.55,6,train,0x6eaae6b721b6c896bbfc30d3a7f4999d5a94ca80,1,100.0,0.0,-63.30559088878156,-63.30559088878156,-63.30559088878156,0.0
1.25,0.4,2.0,0.55,6,train,0x718793b91da00b21e5b11e89de3ec9b9b6234144,1,0.0,0.0,0.0,0.0,0.0,0.0
1.25,0.4,2.0,0.55,6,train,0x72cecfc6d9a07117d5d207537e0bfd4bdfdac0cc,1,100.0,0.0,30.98470729992946,30.98470729992946,30.98470729992946,100.0
1.25,0.4,2.0,0.55,6,train,0x75a54357d9c78a2db19004a5fdc76c50f9242aec,1,0.0,0.0,0.0,0.0,0.0,0.0
1.25,0.4,2.0,0.55,6,train,0xbc4397b7f01f347b7dfa35276ca73203f3348a80,1,0.0,0.0,0.0,0.0,0.0,0.0
1.25,0.4,2.0,0.55,6,train,0xbe3e194f0069013ae4a860b6c152131b2032c0cc,1,0.0,0.0,0.0,0.0,0.0,0.0
1.25,0.4,2.0,0.55,6,train,0xc7e90a703b7ca435089cb90b8b770353e52b0a80,1,0.0,0.0,0.0,0.0,0.0,0.0
1.25,0.4,2.0,0.55,6,train,0xe0a5a3ba19a680a72be08c39c5de4dddb1fe05c7,1,0.0,0.0,0.0,0.0,0.0,0.0
1.25,0.4,2.0,0.55,6,train,0xe5e702641ea86f4ae6cc3cdaed2b886f976be044,58,29.310344827586203,6.896551724137931,-2.2407732633029713,0.0,-42.55123106248053,10.344827586206897
1.25,0.4,2.0,0.55,6,train,0xf1ee073811b14359d850825e48d200483200edcd,1,100.0,0.0,-16.486401182328013,-16.486401182328013,-16.486401182328013,0.0
1.25,0.4,2.0,0.55,12,test,0x0000000000000000000000000000000000000000,5,20.0,0.0,-2.2755343016473906,0.0,-6.826602904942171,0.0
1.25,0.4,2.0,0.55,12,test,0x2565055891704afe3e844d5b34a318108ce64144,1,0.0,0.0,0.0,0.0,0.0,0.0
1.25,0.4,2.0,0.55,12,test,0x261b0f5e05eb05c6496728f1ae4969810dbe8a80,1,0.0,0.0,0.0,0.0,0.0,0.0
1.25,0.4,2.0,0.55,12,test,0xe5e702641ea86f4ae6cc3cdaed2b886f976be044,15,13.333333333333334,0.0,-6.8642155318153595,0.0,-24.858981109825237,0.0
1.25,0.4,2.0,0.55,12,train,0x0000000000000000000000000000000000000000,17,23.52941176470588,0.0,-1.8183078278998417,0.0,-8.519194873228567,5.88235294117647
1.25,0.4,2.0,0.55,12,train,0x00d18bc3fab01162f43f20c071559795fcaf4144,1,0.0,0.0,0.0,0.0,0.0,0.0
1.25,0.4,2.0,0.55,12,train,0x1e8bbf00d265e08a27e91bfbc1f9a4073c4b4144,1,100.0,0.0,-44.536945030127974,-44.536945030127974,-44.536945030127974,0.0
1.25,0.4,2.0,0.55,12,train,0x332f85e7e323214b2d55286414b059ebb1f2a044,1,100.0,0.0,37.97282866873986,37.97282866873986,37.97282866873986,100.0
1.25,0.4,2.0,0.55,12,train,0x3ad9e44cb65e518e452bfcb78952ca45b66a8a80,1,0.0,0.0,0.0,0.0,0.0,0.0
1.25,0.4,2.0,0.55,12,train,0x3bf48564e102ddf0ffd19c998e6132eee8be5000,1,0.0,0.0,0.0,0.0,0.0,0.0
1.25,0.4,2.0,0.55,12,train,0x4e3468951d49f2eea976ed0d6e75ffcb44a9a544,2,50.0,0.0,11.790698496221474,11.790698496221474,2.358139699244295,50.0
1.25,0.4,2.0,0.55,12,train,0x6eaae6b721b6c896bbfc30d3a7f4999d5a94ca80,1,100.0,0.0,-63.30559088878156,-63.30559088878156,-63.30559088878156,0.0
1.25,0.4,2.0,0.55,12,train,0x718793b91da00b21e5b11e89de3ec9b9b6234144,1,0.0,0.0,0.0,0.0,0.0,0.0
1.25,0.4,2.0,0.55,12,train,0x72cecfc6d9a07117d5d207537e0bfd4bdfdac0cc,1,100.0,0.0,30.98470729992946,30.98470729992946,30.98470729992946,100.0
1.25,0.4,2.0,0.55,12,train,0x75a54357d9c78a2db19004a5fdc76c50f9242aec,1,0.0,0.0,0.0,0.0,0.0,0.0
1.25,0.4,2.0,0.55,12,train,0xbc4397b7f01f347b7dfa35276ca73203f3348a80,1,0.0,0.0,0.0,0.0,0.0,0.0
1.25,0.4,2.0,0.55,12,train,0xbe3e194f0069013ae4a860b6c152131b2032c0cc,1,0.0,0.0,0.0,0.0,0.0,0.0
1.25,0.4,2.0,0.55,12,train,0xc7e90a703b7ca435089cb90b8b770353e52b0a80,1,0.0,0.0,0.0,0.0,0.0,0.0
1.25,0.4,2.0,0.55,12,train,0xe0a5a3ba19a680a72be08c39c5de4dddb1fe05c7,1,0.0,0.0,0.0,0.0,0.0,0.0
1.25,0.4,2.0,0.55,12,train,0xe5e702641ea86f4ae6cc3cdaed2b886f976be044,58,29.310344827586203,6.896551724137931,-4.165856749332749,0.0,-44.25623683621341,8.620689655172415
1.25,0.4,2.0,0.55,12,train,0xf1ee073811b14359d850825e48d200483200edcd,1,100.0,0.0,-30.948500188453366,-30.948500188453366,-30.948500188453366,0.0
1.25,0.4,2.0,0.55,24,test,0x0000000000000000000000000000000000000000,5,20.0,0.0,-0.15514513866313306,0.0,-0.4654354159893992,0.0
1.25,0.4,2.0,0.55,24,test,0x2565055891704afe3e844d5b34a318108ce64144,1,0.0,0.0,0.0,0.0,0.0,0.0
1.25,0.4,2.0,0.55,24,test,0x261b0f5e05eb05c6496728f1ae4969810dbe8a80,1,0.0,0.0,0.0,0.0,0.0,0.0
1.25,0.4,2.0,0.55,24,test,0xe5e702641ea86f4ae6cc3cdaed2b886f976be044,15,13.333333333333334,0.0,-6.8642155318153595,0.0,-24.858981109825237,0.0
1.25,0.4,2.0,0.55,24,train,0x0000000000000000000000000000000000000000,17,23.52941176470588,0.0,-2.0045462057390857,0.0,-9.785615842535428,5.88235294117647
1.25,0.4,2.0,0.55,24,train,0x00d18bc3fab01162f43f20c071559795fcaf4144,1,0.0,0.0,0.0,0.0,0.0,0.0
1.25,0.4,2.0,0.55,24,train,0x1e8bbf00d265e08a27e91bfbc1f9a4073c4b4144,1,100.0,0.0,-44.536945030127974,-44.536945030127974,-44.536945030127974,0.0
1.25,0.4,2.0,0.55,24,train,0x332f85e7e323214b2d55286414b059ebb1f2a044,1,100.0,0.0,-35.832295340796975,-35.832295340796975,-35.832295340796975,0.0
1.25,0.4,2.0,0.55,24,train,0x3ad9e44cb65e518e452bfcb78952ca45b66a8a80,1,0.0,0.0,0.0,0.0,0.0,0.0
1.25,0.4,2.0,0.55,24,train,0x3bf48564e102ddf0ffd19c998e6132eee8be5000,1,0.0,0.0,0.0,0.0,0.0,0.0
1.25,0.4,2.0,0.55,24,train,0x4e3468951d49f2eea976ed0d6e75ffcb44a9a544,2,50.0,0.0,1.9040477994742067,1.9040477994742067,0.38080955989484133,50.0
1.25,0.4,2.0,0.55,24,train,0x6eaae6b721b6c896bbfc30d3a7f4999d5a94ca80,1,100.0,0.0,-63.30559088878156,-63.30559088878156,-63.30559088878156,0.0
1.25,0.4,2.0,0.55,24,train,0x718793b91da00b21e5b11e89de3ec9b9b6234144,1,0.0,0.0,0.0,0.0,0.0,0.0
1.25,0.4,2.0,0.55,24,train,0x72cecfc6d9a07117d5d207537e0bfd4bdfdac0cc,1,100.0,0.0,30.98470729992946,30.98470729992946,30.98470729992946,100.0
1.25,0.4,2.0,0.55,24,train,0x75a54357d9c78a2db19004a5fdc76c50f9242aec,1,0.0,0.0,0.0,0.0,0.0,0.0
1.25,0.4,2.0,0.55,24,train,0xbc4397b7f01f347b7dfa35276ca73203f3348a80,1,0.0,0.0,0.0,0.0,0.0,0.0
1.25,0.4,2.0,0.55,24,train,0xbe3e194f0069013ae4a860b6c152131b2032c0cc,1,0.0,0.0,0.0,0.0,0.0,0.0
1.25,0.4,2.0,0.55,24,train,0xc7e90a703b7ca435089cb90b8b770353e52b0a80,1,0.0,0.0,0.0,0.0,0.0,0.0
1.25,0.4,2.0,0.55,24,train,0xe0a5a3ba19a680a72be08c39c5de4dddb1fe05c7,1,0.0,0.0,0.0,0.0,0.0,0.0
1.25,0.4,2.0,0.55,24,train,0xe5e702641ea86f4ae6cc3cdaed2b886f976be044,58,29.310344827586203,6.896551724137931,-4.36576730970754,0.0,-44.25623683621341,8.620689655172415
1.25,0.4,2.0,0.55,24,train,0xf1ee073811b14359d850825e48d200483200edcd,1,100.0,0.0,-41.34919278258391,-41.34919278258391,-41.34919278258391,0.0
1.25,0.4,2.0,0.7,6,test,0x0000000000000000000000000000000000000000,5,20.0,0.0,-1.0079250022962305,0.0,-3.0237750068886915,0.0
1.25,0.4,2.0,0.7,6,test,0x2565055891704afe3e844d5b34a318108ce64144,1,0.0,0.0,0.0,0.0,0.0,0.0
1.25,0.4,2.0,0.7,6,test,0x261b0f5e05eb05c6496728f1ae4969810dbe8a80,1,0.0,0.0,0.0,0.0,0.0,0.0
1.25,0.4,2.0,0.7,6,test,0xe5e702641ea86f4ae6cc3cdaed2b886f976be044,15,13.333333333333334,0.0,-4.198363935685985,0.0,-12.926294311348618,0.0
1.25,0.4,2.0,0.7,6,train,0x0000000000000000000000000000000000000000,17,23.52941176470588,0.0,-1.9835902308218096,0.0,-9.64311521309795,5.88235294117647
1.25,0.4,2.0,0.7,6,train,0x00d18bc3fab01162f43f20c071559795fcaf4144,1,0.0,0.0,0.0,0.0,0.0,0.0
1.25,0.4,2.0,0.7,6,train,0x1e8bbf00d265e08a27e91bfbc1f9a4073c4b4144,1,100.0,0.0,-44.536945030127974,-44.536945030127974,-44.536945030127974,0.0
1.25,0.4,2.0,0.7,6,train,0x332f85e7e323214b2d55286414b059ebb1f2a044,1,100.0,0.0,7.33592572947348,7.33592572947348,7.33592572947348,100.0
1.25,0.4,2.0,0.7,6,train,0x3ad9e44cb65e518e452bfcb78952ca45b66a8a80,1,0.0,0.0,0.0,0.0,0.0,0.0
1.25,0.4,2.0,0.7,6,train,0x3bf48564e102ddf0ffd19c998e6132eee8be5000,1,0.0,0.0,0.0,0.0,0.0,0.0
1.25,0.4,2.0,0.7,6,train,0x4e3468951d49f2eea976ed0d6e75ffcb44a9a544,2,50.0,0.0,-0.8502725796594224,-0.8502725796594224,-1.5304906433869603,0.0
1.25,0.4,2.0,0.7,6,train,0x6eaae6b721b6c896bbfc30d3a7f4999d5a94ca80,1,100.0,0.0,-63.30559088878156,-63.30559088878156,-63.30559088878156,0.0
1.25,0.4,2.0,0.7,6,train,0x718793b91da00b21e5b11e89de3ec9b9b6234144,1,0.0,0.0,0.0,0.0,0.0,0.0
1.25,0.4,2.0,0.7,6,train,0x72cecfc6d9a07117d5d207537e0bfd4bdfdac0cc,1,100.0,0.0,30.98470729992946,30.98470729992946,30.98470729992946,100.0
1.25,0.4,2.0,0.7,6,train,0x75a54357d9c78a2db19004a5fdc76c50f9242aec,1,0.0,0.0,0.0,0.0,0.0,0.0
1.25,0.4,2.0,0.7,6,train,0xbc4397b7f01f347b7dfa35276ca73203f3348a80,1,0.0,0.0,0.0,0.0,0.0,0.0
1.25,0.4,2.0,0.7,6,train,0xbe3e194f0069013ae4a860b6c152131b2032c0cc,1,0.0,0.0,0.0,0.0,0.0,0.0
1.25,0.4,2.0,0.7,6,train,0xc7e90a703b7ca435089cb90b8b770353e52b0a80,1,0.0,0.0,0.0,0.0,0.0,0.0
1.25,0.4,2.0,0.7,6,train,0xe0a5a3ba19a680a72be08c39c5de4dddb1fe05c7,1,0.0,0.0,0.0,0.0,0.0,0.0
1.25,0.4,2.0,0.7,6,train,0xe5e702641ea86f4ae6cc3cdaed2b886f976be044,58,29.310344827586203,6.896551724137931,-3.272036125327445,0.0,-42.55123106248053,10.344827586206897
1.25,0.4,2.0,0.7,6,train,0xf1ee073811b14359d850825e48d200483200edcd,1,100.0,0.0,-16.486401182328013,-16.486401182328013,-16.486401182328013,0.0
1.25,0.4,2.0,0.7,12,test,0x0000000000000000000000000000000000000000,5,20.0,0.0,-2.2755343016473906,0.0,-6.826602904942171,0.0
1.25,0.4,2.0,0.7,12,test,0x2565055891704afe3e844d5b34a318108ce64144,1,0.0,0.0,0.0,0.0,0.0,0.0
1.25,0.4,2.0,0.7,12,test,0x261b0f5e05eb05c6496728f1ae4969810dbe8a80,1,0.0,0.0,0.0,0.0,0.0,0.0
1.25,0.4,2.0,0.7,12,test,0xe5e702641ea86f4ae6cc3cdaed2b886f976be044,15,13.333333333333334,0.0,-6.8642155318153595,0.0,-24.858981109825237,0.0
1.25,0.4,2.0,0.7,12,train,0x0000000000000000000000000000000000000000,17,23.52941176470588,0.0,-1.8183078278998417,0.0,-8.519194873228567,5.88235294117647
1.25,0.4,2.0,0.7,12,train,0x00d18bc3fab01162f43f20c071559795fcaf4144,1,0.0,0.0,0.0,0.0,0.0,0.0
1.25,0.4,2.0,0.7,12,train,0x1e8bbf00d265e08a27e91bfbc1f9a4073c4b4144,1,100.0,0.0,-44.536945030127974,-44.536945030127974,-44.536945030127974,0.0
1.25,0.4,2.0,0.7,12,train,0x332f85e7e323214b2d55286414b059ebb1f2a044,1,100.0,0.0,37.97282866873986,37.97282866873986,37.97282866873986,100.0
1.25,0.4,2.0,0.7,12,train,0x3ad9e44cb65e518e452bfcb78952ca45b66a8a80,1,0.0,0.0,0.0,0.0,0.0,0.0
1.25,0.4,2.0,0.7,12,train,0x3bf48564e102ddf0ffd19c998e6132eee8be5000,1,0.0,0.0,0.0,0.0,0.0,0.0
1.25,0.4,2.0,0.7,12,train,0x4e3468951d49f2eea976ed0d6e75ffcb44a9a544,2,50.0,0.0,11.790698496221474,11.790698496221474,2.358139699244295,50.0
1.25,0.4,2.0,0.7,12,train,0x6eaae6b721b6c896bbfc30d3a7f4999d5a94ca80,1,100.0,0.0,-63.30559088878156,-63.30559088878156,-63.30559088878156,0.0
1.25,0.4,2.0,0.7,12,train,0x718793b91da00b21e5b11e89de3ec9b9b6234144,1,0.0,0.0,0.0,0.0,0.0,0.0
1.25,0.4,2.0,0.7,12,train,0x72cecfc6d9a07117d5d207537e0bfd4bdfdac0cc,1,100.0,0.0,30.98470729992946,30.98470729992946,30.98470729992946,100.0
1.25,0.4,2.0,0.7,12,train,0x75a54357d9c78a2db19004a5fdc76c50f9242aec,1,0.0,0.0,0.0,0.0,0.0,0.0
1.25,0.4,2.0,0.7,12,train,0xbc4397b7f01f347b7dfa35276ca73203f3348a80,1,0.0,0.0,0.0,0.0,0.0,0.0
1.25,0.4,2.0,0.7,12,train,0xbe3e194f0069013ae4a860b6c152131b2032c0cc,1,0.0,0.0,0.0,0.0,0.0,0.0
1.25,0.4,2.0,0.7,12,train,0xc7e90a703b7ca435089cb90b8b770353e52b0a80,1,0.0,0.0,0.0,0.0,0.0,0.0
1.25,0.4,2.0,0.7,12,train,0xe0a5a3ba19a680a72be08c39c5de4dddb1fe05c7,1,0.0,0.0,0.0,0.0,0.0,0.0
1.25,0.4,2.0,0.7,12,train,0xe5e702641ea86f4ae6cc3cdaed2b886f976be044,58,29.310344827586203,6.896551724137931,-5.1971196113572224,0.0,-44.25623683621341,8.620689655172415
1.25,0.4,2.0,0.7,12,train,0xf1ee073811b14359d850825e48d200483200edcd,1,100.0,0.0,-30.948500188453366,-30.948500188453366,-30.948500188453366,0.0
1.25,0.4,2.0,0.7,24,test,0x0000000000000000000000000000000000000000,5,20.0,0.0,-0.15514513866313306,0.0,-0.4654354159893992,0.0
1.25,0.4,2.0,0.7,24,test,0x2565055891704afe3e844d5b34a318108ce64144,1,0.0,0.0,0.0,0.0,0.0,0.0
1.25,0.4,2.0,0.7,24,test,0x261b0f5e05eb05c6496728f1ae4969810dbe8a80,1,0.0,0.0,0.0,0.0,0.0,0.0
1.25,0.4,2.0,0.7,24,test,0xe5e702641ea86f4ae6cc3cdaed2b886f976be044,15,13.333333333333334,0.0,-6.8642155318153595,0.0,-24.858981109825237,0.0
1.25,0.4,2.0,0.7,24,train,0x0000000000000000000000000000000000000000,17,23.52941176470588,0.0,-2.0045462057390857,0.0,-9.785615842535428,5.88235294117647
1.25,0.4,2.0,0.7,24,train,0x00d18bc3fab01162f43f20c071559795fcaf4144,1,0.0,0.0,0.0,0.0,0.0,0.0
1.25,0.4,2.0,0.7,24,train,0x1e8bbf00d265e08a27e91bfbc1f9a4073c4b4144,1,100.0,0.0,-44.536945030127974,-44.536945030127974,-44.536945030127974,0.0
1.25,0.4,2.0,0.7,24,train,0x332f85e7e323214b2d55286414b059ebb1f2a044,1,100.0,0.0,-35.832295340796975,-35.832295340796975,-35.832295340796975,0.0
1.25,0.4,2.0,0.7,24,train,0x3ad9e44cb65e518e452bfcb78952ca45b66a8a80,1,0.0,0.0,0.0,0.0,0.0,0.0
1.25,0.4,2.0,0.7,24,train,0x3bf48564e102ddf0ffd19c998e6132eee8be5000,1,0.0,0.0,0.0,0.0,0.0,0.0
1.25,0.4,2.0,0.7,24,train,0x4e3468951d49f2eea976ed0d6e75ffcb44a9a544,2,50.0,0.0,1.9040477994742067,1.9040477994742067,0.38080955989484133,50.0
1.25,0.4,2.0,0.7,24,train,0x6eaae6b721b6c896bbfc30d3a7f4999d5a94ca80,1,100.0,0.0,-63.30559088878156,-63.30559088878156,-63.30559088878156,0.0
1.25,0.4,2.0,0.7,24,train,0x718793b91da00b21e5b11e89de3ec9b9b6234144,1,0.0,0.0,0.0,0.0,0.0,0.0
1.25,0.4,2.0,0.7,24,train,0x72cecfc6d9a07117d5d207537e0bfd4bdfdac0cc,1,100.0,0.0,30.98470729992946,30.98470729992946,30.98470729992946,100.0
1.25,0.4,2.0,0.7,24,train,0x75a54357d9c78a2db19004a5fdc76c50f9242aec,1,0.0,0.0,0.0,0.0,0.0,0.0
1.25,0.4,2.0,0.7,24,train,0xbc4397b7f01f347b7dfa35276ca73203f3348a80,1,0.0,0.0,0.0,0.0,0.0,0.0
1.25,0.4,2.0,0.7,24,train,0xbe3e194f0069013ae4a860b6c152131b2032c0cc,1,0.0,0.0,0.0,0.0,0.0,0.0
1.25,0.4,2.0,0.7,24,train,0xc7e90a703b7ca435089cb90b8b770353e52b0a80,1,0.0,0.0,0.0,0.0,0.0,0.0
1.25,0.4,2.0,0.7,24,train,0xe0a5a3ba19a680a72be08c39c5de4dddb1fe05c7,1,0.0,0.0,0.0,0.0,0.0,0.0
1.25,0.4,2.0,0.7,24,train,0xe5e702641ea86f4ae6cc3cdaed2b886f976be044,58,29.310344827586203,6.896551724137931,-5.3970301717320135,0.0,-44.25623683621341,8.620689655172415
1.25,0.4,2.0,0.7,24,train,0xf1ee073811b14359d850825e48d200483200edcd,1,100.0,0.0,-41.34919278258391,-41.34919278258391,-41.34919278258391,0.0
1.25,0.4,3.0,0.4,6,test,0x0000000000000000000000000000000000000000,5,20.0,0.0,-1.0079250022962305,0.0,-3.0237750068886915,0.0
1.25,0.4,3.0,0.4,6,test,0x2565055891704afe3e844d5b34a318108ce64144,1,0.0,0.0,0.0,0.0,0.0,0.0
1.25,0.4,3.0,0.4,6,test,0x261b0f5e05eb05c6496728f1ae4969810dbe8a80,1,0.0,0.0,0.0,0.0,0.0,0.0
1.25,0.4,3.0,0.4,6,test,0xe5e702641ea86f4ae6cc3cdaed2b886f976be044,15,13.333333333333334,0.0,-4.198363935685985,0.0,-12.926294311348618,0.0
1.25,0.4,3.0,0.4,6,train,0x0000000000000000000000000000000000000000,17,23.52941176470588,0.0,-1.9835902308218096,0.0,-9.64311521309795,5.88235294117647
1.25,0.4,3.0,0.4,6,train,0x00d18bc3fab01162f43f20c071559795fcaf4144,1,0.0,0.0,0.0,0.0,0.0,0.0
1.25,0.4,3.0,0.4,6,train,0x1e8bbf00d265e08a27e91bfbc1f9a4073c4b4144,1,100.0,0.0,-44.536945030127974,-44.536945030127974,-44.536945030127974,0.0
1.25,0.4,3.0,0.4,6,train,0x332f85e7e323214b2d55286414b059ebb1f2a044,1,100.0,0.0,7.33592572947348,7.33592572947348,7.33592572947348,100.0
1.25,0.4,3.0,0.4,6,train,0x3ad9e44cb65e518e452bfcb78952ca45b66a8a80,1,0.0,0.0,0.0,0.0,0.0,0.0
1.25,0.4,3.0,0.4,6,train,0x3bf48564e102ddf0ffd19c998e6132eee8be5000,1,0.0,0.0,0.0,0.0,0.0,0.0
1.25,0.4,3.0,0.4,6,train,0x4e3468951d49f2eea976ed0d6e75ffcb44a9a544,2,50.0,0.0,-0.8502725796594224,-0.8502725796594224,-1.5304906433869603,0.0
1.25,0.4,3.0,0.4,6,train,0x6eaae6b721b6c896bbfc30d3a7f4999d5a94ca80,1,100.0,0.0,-63.30559088878156,-63.30559088878156,-63.30559088878156,0.0
1.25,0.4,3.0,0.4,6,train,0x718793b91da00b21e5b11e89de3ec9b9b6234144,1,0.0,0.0,0.0,0.0,0.0,0.0
1.25,0.4,3.0,0.4,6,train,0x72cecfc6d9a07117d5d207537e0bfd4bdfdac0cc,1,100.0,0.0,30.98470729992946,30.98470729992946,30.98470729992946,100.0
1.25,0.4,3.0,0.4,6,train,0x75a54357d9c78a2db19004a5fdc76c50f9242aec,1,0.0,0.0,0.0,0.0,0.0,0.0
1.25,0.4,3.0,0.4,6,train,0xbc4397b7f01f347b7dfa35276ca73203f3348a80,1,0.0,0.0,0.0,0.0,0.0,0.0
1.25,0.4,3.0,0.4,6,train,0xbe3e194f0069013ae4a860b6c152131b2032c0cc,1,0.0,0.0,0.0,0.0,0.0,0.0
1.25,0.4,3.0,0.4,6,train,0xc7e90a703b7ca435089cb90b8b770353e52b0a80,1,0.0,0.0,0.0,0.0,0.0,0.0
1.25,0.4,3.0,0.4,6,train,0xe0a5a3ba19a680a72be08c39c5de4dddb1fe05c7,1,0.0,0.0,0.0,0.0,0.0,0.0
1.25,0.4,3.0,0.4,6,train,0xe5e702641ea86f4ae6cc3cdaed2b886f976be044,58,29.310344827586203,1.7241379310344827,-0.6790466699440839,0.0,-42.55123106248053,10.344827586206897
1.25,0.4,3.0,0.4,6,train,0xf1ee073811b14359d850825e48d200483200edcd,1,100.0,0.0,-16.486401182328013,-16.486401182328013,-16.486401182328013,0.0
1.25,0.4,3.0,0.4,12,test,0x0000000000000000000000000000000000000000,5,20.0,0.0,-2.2755343016473906,0.0,-6.826602904942171,0.0
1.25,0.4,3.0,0.4,12,test,0x2565055891704afe3e844d5b34a318108ce64144,1,0.0,0.0,0.0,0.0,0.0,0.0
1.25,0.4,3.0,0.4,12,test,0x261b0f5e05eb05c6496728f1ae4969810dbe8a80,1,0.0,0.0,0.0,0.0,0.0,0.0
1.25,0.4,3.0,0.4,12,test,0xe5e702641ea86f4ae6cc3cdaed2b886f976be044,15,13.333333333333334,0.0,-6.8642155318153595,0.0,-24.858981109825237,0.0
1.25,0.4,3.0,0.4,12,train,0x0000000000000000000000000000000000000000,17,23.52941176470588,0.0,-1.8183078278998417,0.0,-8.519194873228567,5.88235294117647
1.25,0.4,3.0,0.4,12,train,0x00d18bc3fab01162f43f20c071559795fcaf4144,1,0.0,0.0,0.0,0.0,0.0,0.0
1.25,0.4,3.0,0.4,12,train,0x1e8bbf00d265e08a27e91bfbc1f9a4073c4b4144,1,100.0,0.0,-44.536945030127974,-44.536945030127974,-44.536945030127974,0.0
1.25,0.4,3.0,0.4,12,train,0x332f85e7e323214b2d55286414b059ebb1f2a044,1,100.0,0.0,37.97282866873986,37.97282866873986,37.97282866873986,100.0
1.25,0.4,3.0,0.4,12,train,0x3ad9e44cb65e518e452bfcb78952ca45b66a8a80,1,0.0,0.0,0.0,0.0,0.0,0.0
1.25,0.4,3.0,0.4,12,train,0x3bf48564e102ddf0ffd19c998e6132eee8be5000,1,0.0,0.0,0.0,0.0,0.0,0.0
1.25,0.4,3.0,0.4,12,train,0x4e3468951d49f2eea976ed0d6e75ffcb44a9a544,2,50.0,0.0,11.790698496221474,11.790698496221474,2.358139699244295,50.0
1.25,0.4,3.0,0.4,12,train,0x6eaae6b721b6c896bbfc30d3a7f4999d5a94ca80,1,100.0,0.0,-63.30559088878156,-63.30559088878156,-63.30559088878156,0.0
1.25,0.4,3.0,0.4,12,train,0x718793b91da00b21e5b11e89de3ec9b9b6234144,1,0.0,0.0,0.0,0.0,0.0,0.0
1.25,0.4,3.0,0.4,12,train,0x72cecfc6d9a07117d5d207537e0bfd4bdfdac0cc,1,100.0,0.0,30.98470729992946,30.98470729992946,30.98470729992946,100.0
1.25,0.4,3.0,0.4,12,train,0x75a54357d9c78a2db19004a5fdc76c50f9242aec,1,0.0,0.0,0.0,0.0,0.0,0.0
1.25,0.4,3.0,0.4,12,train,0xbc4397b7f01f347b7dfa35276ca73203f3348a80,1,0.0,0.0,0.0,0.0,0.0,0.0
1.25,0.4,3.0,0.4,12,train,0xbe3e194f0069013ae4a860b6c152131b2032c0cc,1,0.0,0.0,0.0,0.0,0.0,0.0
1.25,0.4,3.0,0.4,12,train,0xc7e90a703b7ca435089cb90b8b770353e52b0a80,1,0.0,0.0,0.0,0.0,0.0,0.0
1.25,0.4,3.0,0.4,12,train,0xe0a5a3ba19a680a72be08c39c5de4dddb1fe05c7,1,0.0,0.0,0.0,0.0,0.0,0.0
1.25,0.4,3.0,0.4,12,train,0xe5e702641ea86f4ae6cc3cdaed2b886f976be044,58,29.310344827586203,3.4482758620689653,-4.824013182608437,0.0,-44.25623683621341,6.896551724137931
1.25,0.4,3.0,0.4,12,train,0xf1ee073811b14359d850825e48d200483200edcd,1,100.0,0.0,-30.948500188453366,-30.948500188453366,-30.948500188453366,0.0
1.25,0.4,3.0,0.4,24,test,0x0000000000000000000000000000000000000000,5,20.0,0.0,-0.15514513866313306,0.0,-0.4654354159893992,0.0
1.25,0.4,3.0,0.4,24,test,0x2565055891704afe3e844d5b34a318108ce64144,1,0.0,0.0,0.0,0.0,0.0,0.0
1.25,0.4,3.0,0.4,24,test,0x261b0f5e05eb05c6496728f1ae4969810dbe8a80,1,0.0,0.0,0.0,0.0,0.0,0.0
1.25,0.4,3.0,0.4,24,test,0xe5e702641ea86f4ae6cc3cdaed2b886f976be044,15,13.333333333333334,0.0,-6.8642155318153595,0.0,-24.858981109825237,0.0
1.25,0.4,3.0,0.4,24,train,0x0000000000000000000000000000000000000000,17,23.52941176470588,0.0,-2.0045462057390857,0.0,-9.785615842535428,5.88235294117647
1.25,0.4,3.0,0.4,24,train,0x00d18bc3fab01162f43f20c071559795fcaf4144,1,0.0,0.0,0.0,0.0,0.0,0.0
1.25,0.4,3.0,0.4,24,train,0x1e8bbf00d265e08a27e91bfbc1f9a4073c4b4144,1,100.0,0.0,-44.536945030127974,-44.536945030127974,-44.536945030127974,0.0
1.25,0.4,3.0,0.4,24,train,0x332f85e7e323214b2d55286414b059ebb1f2a044,1,100.0,0.0,-35.832295340796975,-35.832295340796975,-35.832295340796975,0.0
1.25,0.4,3.0,0.4,24,train,0x3ad9e44cb65e518e452bfcb78952ca45b66a8a80,1,0.0,0.0,0.0,0.0,0.0,0.0
1.25,0.4,3.0,0.4,24,train,0x3bf48564e102ddf0ffd19c998e6132eee8be5000,1,0.0,0.0,0.0,0.0,0.0,0.0
1.25,0.4,3.0,0.4,24,train,0x4e3468951d49f2eea976ed0d6e75ffcb44a9a544,2,50.0,0.0,1.9040477994742067,1.9040477994742067,0.38080955989484133,50.0
1.25,0.4,3.0,0.4,24,train,0x6eaae6b721b6c896bbfc30d3a7f4999d5a94ca80,1,100.0,0.0,-63.30559088878156,-63.30559088878156,-63.30559088878156,0.0
1.25,0.4,3.0,0.4,24,train,0x718793b91da00b21e5b11e89de3ec9b9b6234144,1,0.0,0.0,0.0,0.0,0.0,0.0
1.25,0.4,3.0,0.4,24,train,0x72cecfc6d9a07117d5d207537e0bfd4bdfdac0cc,1,100.0,0.0,30.98470729992946,30.98470729992946,30.98470729992946,100.0
1.25,0.4,3.0,0.4,24,train,0x75a54357d9c78a2db19004a5fdc76c50f9242aec,1,0.0,0.0,0.0,0.0,0.0,0.0
1.25,0.4,3.0,0.4,24,train,0xbc4397b7f01f347b7dfa35276ca73203f3348a80,1,0.0,0.0,0.0,0.0,0.0,0.0
1.25,0.4,3.0,0.4,24,train,0xbe3e194f0069013ae4a860b6c152131b2032c0cc,1,0.0,0.0,0.0,0.0,0.0,0.0
1.25,0.4,3.0,0.4,24,train,0xc7e90a703b7ca435089cb90b8b770353e52b0a80,1,0.0,0.0,0.0,0.0,0.0,0.0
1.25,0.4,3.0,0.4,24,train,0xe0a5a3ba19a680a72be08c39c5de4dddb1fe05c7,1,0.0,0.0,0.0,0.0,0.0,0.0
1.25,0.4,3.0,0.4,24,train,0xe5e702641ea86f4ae6cc3cdaed2b886f976be044,58,29.310344827586203,3.4482758620689653,-4.028957770234496,0.0,-44.25623683621341,6.896551724137931
1.25,0.4,3.0,0.4,24,train,0xf1ee073811b14359d850825e48d200483200edcd,1,100.0,0.0,-41.34919278258391,-41.34919278258391,-41.34919278258391,0.0
1.25,0.4,3.0,0.55,6,test,0x0000000000000000000000000000000000000000,5,20.0,0.0,-1.0079250022962305,0.0,-3.0237750068886915,0.0
1.25,0.4,3.0,0.55,6,test,0x2565055891704afe3e844d5b34a318108ce64144,1,0.0,0.0,0.0,0.0,0.0,0.0
1.25,0.4,3.0,0.55,6,test,0x261b0f5e05eb05c6496728f1ae4969810dbe8a80,1,0.0,0.0,0.0,0.0,0.0,0.0
1.25,0.4,3.0,0.55,6,test,0xe5e702641ea86f4ae6cc3cdaed2b886f976be044,15,13.333333333333334,0.0,-4.198363935685985,0.0,-12.926294311348618,0.0
1.25,0.4,3.0,0.55,6,train,0x0000000000000000000000000000000000000000,17,23.52941176470588,0.0,-1.9835902308218096,0.0,-9.64311521309795,5.88235294117647
1.25,0.4,3.0,0.55,6,train,0x00d18bc3fab01162f43f20c071559795fcaf4144,1,0.0,0.0,0.0,0.0,0.0,0.0
1.25,0.4,3.0,0.55,6,train,0x1e8bbf00d265e08a27e91bfbc1f9a4073c4b4144,1,100.0,0.0,-44.536945030127974,-44.536945030127974,-44.536945030127974,0.0
1.25,0.4,3.0,0.55,6,train,0x332f85e7e323214b2d55286414b059ebb1f2a044,1,100.0,0.0,7.33592572947348,7.33592572947348,7.33592572947348,100.0
1.25,0.4,3.0,0.55,6,train,0x3ad9e44cb65e518e452bfcb78952ca45b66a8a80,1,0.0,0.0,0.0,0.0,0.0,0.0
1.25,0.4,3.0,0.55,6,train,0x3bf48564e102ddf0ffd19c998e6132eee8be5000,1,0.0,0.0,0.0,0.0,0.0,0.0
1.25,0.4,3.0,0.55,6,train,0x4e3468951d49f2eea976ed0d6e75ffcb44a9a544,2,50.0,0.0,-0.8502725796594224,-0.8502725796594224,-1.5304906433869603,0.0
1.25,0.4,3.0,0.55,6,train,0x6eaae6b721b6c896bbfc30d3a7f4999d5a94ca80,1,100.0,0.0,-63.30559088878156,-63.30559088878156,-63.30559088878156,0.0
1.25,0.4,3.0,0.55,6,train,0x718793b91da00b21e5b11e89de3ec9b9b6234144,1,0.0,0.0,0.0,0.0,0.0,0.0
1.25,0.4,3.0,0.55,6,train,0x72cecfc6d9a07117d5d207537e0bfd4bdfdac0cc,1,100.0,0.0,30.98470729992946,30.98470729992946,30.98470729992946,100.0
1.25,0.4,3.0,0.55,6,train,0x75a54357d9c78a2db19004a5fdc76c50f9242aec,1,0.0,0.0,0.0,0.0,0.0,0.0
1.25,0.4,3.0,0.55,6,train,0xbc4397b7f01f347b7dfa35276ca73203f3348a80,1,0.0,0.0,0.0,0.0,0.0,0.0
1.25,0.4,3.0,0.55,6,train,0xbe3e194f0069013ae4a860b6c152131b2032c0cc,1,0.0,0.0,0.0,0.0,0.0,0.0
1.25,0.4,3.0,0.55,6,train,0xc7e90a703b7ca435089cb90b8b770353e52b0a80,1,0.0,0.0,0.0,0.0,0.0,0.0
1.25,0.4,3.0,0.55,6,train,0xe0a5a3ba19a680a72be08c39c5de4dddb1fe05c7,1,0.0,0.0,0.0,0.0,0.0,0.0
1.25,0.4,3.0,0.55,6,train,0xe5e702641ea86f4ae6cc3cdaed2b886f976be044,58,29.310344827586203,1.7241379310344827,-0.9986579318892763,0.0,-42.55123106248053,10.344827586206897
1.25,0.4,3.0,0.55,6,train,0xf1ee073811b14359d850825e48d200483200edcd,1,100.0,0.0,-16.486401182328013,-16.486401182328013,-16.486401182328013,0.0
1.25,0.4,3.0,0.55,12,test,0x0000000000000000000000000000000000000000,5,20.0,0.0,-2.2755343016473906,0.0,-6.826602904942171,0.0
1.25,0.4,3.0,0.55,12,test,0x2565055891704afe3e844d5b34a318108ce64144,1,0.0,0.0,0.0,0.0,0.0,0.0
1.25,0.4,3.0,0.55,12,test,0x261b0f5e05eb05c6496728f1ae4969810dbe8a80,1,0.0,0.0,0.0,0.0,0.0,0.0
1.25,0.4,3.0,0.55,12,test,0xe5e702641ea86f4ae6cc3cdaed2b886f976be044,15,13.333333333333334,0.0,-6.8642155318153595,0.0,-24.858981109825237,0.0
1.25,0.4,3.0,0.55,12,train,0x0000000000000000000000000000000000000000,17,23.52941176470588,0.0,-1.8183078278998417,0.0,-8.519194873228567,5.88235294117647
1.25,0.4,3.0,0.55,12,train,0x00d18bc3fab01162f43f20c071559795fcaf4144,1,0.0,0.0,0.0,0.0,0.0,0.0
1.25,0.4,3.0,0.55,12,train,0x1e8bbf00d265e08a27e91bfbc1f9a4073c4b4144,1,100.0,0.0,-44.536945030127974,-44.536945030127974,-44.536945030127974,0.0
1.25,0.4,3.0,0.55,12,train,0x332f85e7e323214b2d55286414b059ebb1f2a044,1,100.0,0.0,37.97282866873986,37.97282866873986,37.97282866873986,100.0
1.25,0.4,3.0,0.55,12,train,0x3ad9e44cb65e518e452bfcb78952ca45b66a8a80,1,0.0,0.0,0.0,0.0,0.0,0.0
1.25,0.4,3.0,0.55,12,train,0x3bf48564e102ddf0ffd19c998e6132eee8be5000,1,0.0,0.0,0.0,0.0,0.0,0.0
1.25,0.4,3.0,0.55,12,train,0x4e3468951d49f2eea976ed0d6e75ffcb44a9a544,2,50.0,0.0,11.790698496221474,11.790698496221474,2.358139699244295,50.0
1.25,0.4,3.0,0.55,12,train,0x6eaae6b721b6c896bbfc30d3a7f4999d5a94ca80,1,100.0,0.0,-63.30559088878156,-63.30559088878156,-63.30559088878156,0.0
1.25,0.4,3.0,0.55,12,train,0x718793b91da00b21e5b11e89de3ec9b9b6234144,1,0.0,0.0,0.0,0.0,0.0,0.0
1.25,0.4,3.0,0.55,12,train,0x72cecfc6d9a07117d5d207537e0bfd4bdfdac0cc,1,100.0,0.0,30.98470729992946,30.98470729992946,30.98470729992946,100.0
1.25,0.4,3.0,0.55,12,train,0x75a54357d9c78a2db19004a5fdc76c50f9242aec,1,0.0,0.0,0.0,0.0,0.0,0.0
1.25,0.4,3.0,0.55,12,train,0xbc4397b7f01f347b7dfa35276ca73203f3348a80,1,0.0,0.0,0.0,0.0,0.0,0.0
1.25,0.4,3.0,0.55,12,train,0xbe3e194f0069013ae4a860b6c152131b2032c0cc,1,0.0,0.0,0.0,0.0,0.0,0.0
1.25,0.4,3.0,0.55,12,train,0xc7e90a703b7ca435089cb90b8b770353e52b0a80,1,0.0,0.0,0.0,0.0,0.0,0.0
1.25,0.4,3.0,0.55,12,train,0xe0a5a3ba19a680a72be08c39c5de4dddb1fe05c7,1,0.0,0.0,0.0,0.0,0.0,0.0
1.25,0.4,3.0,0.55,12,train,0xe5e702641ea86f4ae6cc3cdaed2b886f976be044,58,29.310344827586203,3.4482758620689653,-5.789067996536062,0.0,-44.25623683621341,6.896551724137931
1.25,0.4,3.0,0.55,12,train,0xf1ee073811b14359d850825e48d200483200edcd,1,100.0,0.0,-30.948500188453366,-30.948500188453366,-30.948500188453366,0.0
1.25,0.4,3.0,0.55,24,test,0x0000000000000000000000000000000000000000,5,20.0,0.0,-0.15514513866313306,0.0,-0.4654354159893992,0.0
1.25,0.4,3.0,0.55,24,test,0x2565055891704afe3e844d5b34a318108ce64144,1,0.0,0.0,0.0,0.0,0.0,0.0
1.25,0.4,3.0,0.55,24,test,0x261b0f5e05eb05c6496728f1ae4969810dbe8a80,1,0.0,0.0,0.0,0.0,0.0,0.0
1.25,0.4,3.0,0.55,24,test,0xe5e702641ea86f4ae6cc3cdaed2b886f976be044,15,13.333333333333334,0.0,-6.8642155318153595,0.0,-24.858981109825237,0.0
1.25,0.4,3.0,0.55,24,train,0x0000000000000000000000000000000000000000,17,23.52941176470588,0.0,-2.0045462057390857,0.0,-9.785615842535428,5.88235294117647
1.25,0.4,3.0,0.55,24,train,0x00d18bc3fab01162f43f20c071559795fcaf4144,1,0.0,0.0,0.0,0.0,0.0,0.0
1.25,0.4,3.0,0.55,24,train,0x1e8bbf00d265e08a27e91bfbc1f9a4073c4b4144,1,100.0,0.0,-44.536945030127974,-44.536945030127974,-44.536945030127974,0.0
1.25,0.4,3.0,0.55,24,train,0x332f85e7e323214b2d55286414b059ebb1f2a044,1,100.0,0.0,-35.832295340796975,-35.832295340796975,-35.832295340796975,0.0
1.25,0.4,3.0,0.55,24,train,0x3ad9e44cb65e518e452bfcb78952ca45b66a8a80,1,0.0,0.0,0.0,0.0,0.0,0.0
1.25,0.4,3.0,0.55,24,train,0x3bf48564e102ddf0ffd19c998e6132eee8be5000,1,0.0,0.0,0.0,0.0,0.0,0.0
1.25,0.4,3.0,0.55,24,train,0x4e3468951d49f2eea976ed0d6e75ffcb44a9a544,2,50.0,0.0,1.9040477994742067,1.9040477994742067,0.38080955989484133,50.0
1.25,0.4,3.0,0.55,24,train,0x6eaae6b721b6c896bbfc30d3a7f4999d5a94ca80,1,100.0,0.0,-63.30559088878156,-63.30559088878156,-63.30559088878156,0.0
1.25,0.4,3.0,0.55,24,train,0x718793b91da00b21e5b11e89de3ec9b9b6234144,1,0.0,0.0,0.0,0.0,0.0,0.0
1.25,0.4,3.0,0.55,24,train,0x72cecfc6d9a07117d5d207537e0bfd4bdfdac0cc,1,100.0,0.0,30.98470729992946,30.98470729992946,30.98470729992946,100.0
1.25,0.4,3.0,0.55,24,train,0x75a54357d9c78a2db19004a5fdc76c50f9242aec,1,0.0,0.0,0.0,0.0,0.0,0.0
1.25,0.4,3.0,0.55,24,train,0xbc4397b7f01f347b7dfa35276ca73203f3348a80,1,0.0,0.0,0.0,0.0,0.0,0.0
1.25,0.4,3.0,0.55,24,train,0xbe3e194f0069013ae4a860b6c152131b2032c0cc,1,0.0,0.0,0.0,0.0,0.0,0.0
1.25,0.4,3.0,0.55,24,train,0xc7e90a703b7ca435089cb90b8b770353e52b0a80,1,0.0,0.0,0.0,0.0,0.0,0.0
1.25,0.4,3.0,0.55,24,train,0xe0a5a3ba19a680a72be08c39c5de4dddb1fe05c7,1,0.0,0.0,0.0,0.0,0.0,0.0
1.25,0.4,3.0,0.55,24,train,0xe5e702641ea86f4ae6cc3cdaed2b886f976be044,58,29.310344827586203,3.4482758620689653,-4.994012584162122,0.0,-44.25623683621341,6.896551724137931
1.25,0.4,3.0,0.55,24,train,0xf1ee073811b14359d850825e48d200483200edcd,1,100.0,0.0,-41.34919278258391,-41.34919278258391,-41.34919278258391,0.0
1.25,0.4,3.0,0.7,6,test,0x0000000000000000000000000000000000000000,5,20.0,0.0,-1.0079250022962305,0.0,-3.0237750068886915,0.0
1.25,0.4,3.0,0.7,6,test,0x2565055891704afe3e844d5b34a318108ce64144,1,0.0,0.0,0.0,0.0,0.0,0.0
1.25,0.4,3.0,0.7,6,test,0x261b0f5e05eb05c6496728f1ae4969810dbe8a80,1,0.0,0.0,0.0,0.0,0.0,0.0
1.25,0.4,3.0,0.7,6,test,0xe5e702641ea86f4ae6cc3cdaed2b886f976be044,15,13.333333333333334,0.0,-4.198363935685985,0.0,-12.926294311348618,0.0
1.25,0.4,3.0,0.7,6,train,0x0000000000000000000000000000000000000000,17,23.52941176470588,0.0,-1.9835902308218096,0.0,-9.64311521309795,5.88235294117647
1.25,0.4,3.0,0.7,6,train,0x00d18bc3fab01162f43f20c071559795fcaf4144,1,0.0,0.0,0.0,0.0,0.0,0.0
1.25,0.4,3.0,0.7,6,train,0x1e8bbf00d265e08a27e91bfbc1f9a4073c4b4144,1,100.0,0.0,-44.536945030127974,-44.536945030127974,-44.536945030127974,0.0
1.25,0.4,3.0,0.7,6,train,0x332f85e7e323214b2d55286414b059ebb1f2a044,1,100.0,0.0,7.33592572947348,7.33592572947348,7.33592572947348,100.0
1.25,0.4,3.0,0.7,6,train,0x3ad9e44cb65e518e452bfcb78952ca45b66a8a80,1,0.0,0.0,0.0,0.0,0.0,0.0
1.25,0.4,3.0,0.7,6,train,0x3bf48564e102ddf0ffd19c998e6132eee8be5000,1,0.0,0.0,0.0,0.0,0.0,0.0
1.25,0.4,3.0,0.7,6,train,0x4e3468951d49f2eea976ed0d6e75ffcb44a9a544,2,50.0,0.0,-0.8502725796594224,-0.8502725796594224,-1.5304906433869603,0.0
1.25,0.4,3.0,0.7,6,train,0x6eaae6b721b6c896bbfc30d3a7f4999d5a94ca80,1,100.0,0.0,-63.30559088878156,-63.30559088878156,-63.30559088878156,0.0
1.25,0.4,3.0,0.7,6,train,0x718793b91da00b21e5b11e89de3ec9b9b6234144,1,0.0,0.0,0.0,0.0,0.0,0.0
1.25,0.4,3.0,0.7,6,train,0x72cecfc6d9a07117d5d207537e0bfd4bdfdac0cc,1,100.0,0.0,30.98470729992946,30.98470729992946,30.98470729992946,100.0
1.25,0.4,3.0,0.7,6,train,0x75a54357d9c78a2db19004a5fdc76c50f9242aec,1,0.0,0.0,0.0,0.0,0.0,0.0
1.25,0.4,3.0,0.7,6,train,0xbc4397b7f01f347b7dfa35276ca73203f3348a80,1,0.0,0.0,0.0,0.0,0.0,0.0
1.25,0.4,3.0,0.7,6,train,0xbe3e194f0069013ae4a860b6c152131b2032c0cc,1,0.0,0.0,0.0,0.0,0.0,0.0
1.25,0.4,3.0,0.7,6,train,0xc7e90a703b7ca435089cb90b8b770353e52b0a80,1,0.0,0.0,0.0,0.0,0.0,0.0
1.25,0.4,3.0,0.7,6,train,0xe0a5a3ba19a680a72be08c39c5de4dddb1fe05c7,1,0.0,0.0,0.0,0.0,0.0,0.0
1.25,0.4,3.0,0.7,6,train,0xe5e702641ea86f4ae6cc3cdaed2b886f976be044,58,29.310344827586203,1.7241379310344827,-1.114480796973753,0.0,-42.55123106248053,10.344827586206897
1.25,0.4,3.0,0.7,6,train,0xf1ee073811b14359d850825e48d200483200edcd,1,100.0,0.0,-16.486401182328013,-16.486401182328013,-16.486401182328013,0.0
1.25,0.4,3.0,0.7,12,test,0x0000000000000000000000000000000000000000,5,20.0,0.0,-2.2755343016473906,0.0,-6.826602904942171,0.0
1.25,0.4,3.0,0.7,12,test,0x2565055891704afe3e844d5b34a318108ce64144,1,0.0,0.0,0.0,0.0,0.0,0.0
1.25,0.4,3.0,0.7,12,test,0x261b0f5e05eb05c6496728f1ae4969810dbe8a80,1,0.0,0.0,0.0,0.0,0.0,0.0
1.25,0.4,3.0,0.7,12,test,0xe5e702641ea86f4ae6cc3cdaed2b886f976be044,15,13.333333333333334,0.0,-6.8642155318153595,0.0,-24.858981109825237,0.0
1.25,0.4,3.0,0.7,12,train,0x0000000000000000000000000000000000000000,17,23.52941176470588,0.0,-1.8183078278998417,0.0,-8.519194873228567,5.88235294117647
1.25,0.4,3.0,0.7,12,train,0x00d18bc3fab01162f43f20c071559795fcaf4144,1,0.0,0.0,0.0,0.0,0.0,0.0
1.25,0.4,3.0,0.7,12,train,0x1e8bbf00d265e08a27e91bfbc1f9a4073c4b4144,1,100.0,0.0,-44.536945030127974,-44.536945030127974,-44.536945030127974,0.0
1.25,0.4,3.0,0.7,12,train,0x332f85e7e323214b2d55286414b059ebb1f2a044,1,100.0,0.0,37.97282866873986,37.97282866873986,37.97282866873986,100.0
1.25,0.4,3.0,0.7,12,train,0x3ad9e44cb65e518e452bfcb78952ca45b66a8a80,1,0.0,0.0,0.0,0.0,0.0,0.0
1.25,0.4,3.0,0.7,12,train,0x3bf48564e102ddf0ffd19c998e6132eee8be5000,1,0.0,0.0,0.0,0.0,0.0,0.0
1.25,0.4,3.0,0.7,12,train,0x4e3468951d49f2eea976ed0d6e75ffcb44a9a544,2,50.0,0.0,11.790698496221474,11.790698496221474,2.358139699244295,50.0
1.25,0.4,3.0,0.7,12,train,0x6eaae6b721b6c896bbfc30d3a7f4999d5a94ca80,1,100.0,0.0,-63.30559088878156,-63.30559088878156,-63.30559088878156,0.0
1.25,0.4,3.0,0.7,12,train,0x718793b91da00b21e5b11e89de3ec9b9b6234144,1,0.0,0.0,0.0,0.0,0.0,0.0
1.25,0.4,3.0,0.7,12,train,0x72cecfc6d9a07117d5d207537e0bfd4bdfdac0cc,1,100.0,0.0,30.98470729992946,30.98470729992946,30.98470729992946,100.0
1.25,0.4,3.0,0.7,12,train,0x75a54357d9c78a2db19004a5fdc76c50f9242aec,1,0.0,0.0,0.0,0.0,0.0,0.0
1.25,0.4,3.0,0.7,12,train,0xbc4397b7f01f347b7dfa35276ca73203f3348a80,1,0.0,0.0,0.0,0.0,0.0,0.0
1.25,0.4,3.0,0.7,12,train,0xbe3e194f0069013ae4a860b6c152131b2032c0cc,1,0.0,0.0,0.0,0.0,0.0,0.0
1.25,0.4,3.0,0.7,12,train,0xc7e90a703b7ca435089cb90b8b770353e52b0a80,1,0.0,0.0,0.0,0.0,0.0,0.0
1.25,0.4,3.0,0.7,12,train,0xe0a5a3ba19a680a72be08c39c5de4dddb1fe05c7,1,0.0,0.0,0.0,0.0,0.0,0.0
1.25,0.4,3.0,0.7,12,train,0xe5e702641ea86f4ae6cc3cdaed2b886f976be044,58,29.310344827586203,3.4482758620689653,-6.523902015218457,0.0,-44.25623683621341,6.896551724137931
1.25,0.4,3.0,0.7,12,train,0xf1ee073811b14359d850825e48d200483200edcd,1,100.0,0.0,-30.948500188453366,-30.948500188453366,-30.948500188453366,0.0
1.25,0.4,3.0,0.7,24,test,0x0000000000000000000000000000000000000000,5,20.0,0.0,-0.15514513866313306,0.0,-0.4654354159893992,0.0
1.25,0.4,3.0,0.7,24,test,0x2565055891704afe3e844d5b34a318108ce64144,1,0.0,0.0,0.0,0.0,0.0,0.0
1.25,0.4,3.0,0.7,24,test,0x261b0f5e05eb05c6496728f1ae4969810dbe8a80,1,0.0,0.0,0.0,0.0,0.0,0.0
1.25,0.4,3.0,0.7,24,test,0xe5e702641ea86f4ae6cc3cdaed2b886f976be044,15,13.333333333333334,0.0,-6.8642155318153595,0.0,-24.858981109825237,0.0
1.25,0.4,3.0,0.7,24,train,0x0000000000000000000000000000000000000000,17,23.52941176470588,0.0,-2.0045462057390857,0.0,-9.785615842535428,5.88235294117647
1.25,0.4,3.0,0.7,24,train,0x00d18bc3fab01162f43f20c071559795fcaf4144,1,0.0,0.0,0.0,0.0,0.0,0.0
1.25,0.4,3.0,0.7,24,train,0x1e8bbf00d265e08a27e91bfbc1f9a4073c4b4144,1,100.0,0.0,-44.536945030127974,-44.536945030127974,-44.536945030127974,0.0
1.25,0.4,3.0,0.7,24,train,0x332f85e7e323214b2d55286414b059ebb1f2a044,1,100.0,0.0,-35.832295340796975,-35.832295340796975,-35.832295340796975,0.0
1.25,0.4,3.0,0.7,24,train,0x3ad9e44cb65e518e452bfcb78952ca45b66a8a80,1,0.0,0.0,0.0,0.0,0.0,0.0
1.25,0.4,3.0,0.7,24,train,0x3bf48564e102ddf0ffd19c998e6132eee8be5000,1,0.0,0.0,0.0,0.0,0.0,0.0
1.25,0.4,3.0,0.7,24,train,0x4e3468951d49f2eea976ed0d6e75ffcb44a9a544,2,50.0,0.0,1.9040477994742067,1.9040477994742067,0.38080955989484133,50.0
1.25,0.4,3.0,0.7,24,train,0x6eaae6b721b6c896bbfc30d3a7f4999d5a94ca80,1,100.0,0.0,-63.30559088878156,-63.30559088878156,-63.30559088878156,0.0
1.25,0.4,3.0,0.7,24,train,0x718793b91da00b21e5b11e89de3ec9b9b6234144,1,0.0,0.0,0.0,0.0,0.0,0.0
1.25,0.4,3.0,0.7,24,train,0x72cecfc6d9a07117d5d207537e0bfd4bdfdac0cc,1,100.0,0.0,30.98470729992946,30.98470729992946,30.98470729992946,100.0
1.25,0.4,3.0,0.7,24,train,0x75a54357d9c78a2db19004a5fdc76c50f9242aec,1,0.0,0.0,0.0,0.0,0.0,0.0
1.25,0.4,3.0,0.7,24,train,0xbc4397b7f01f347b7dfa35276ca73203f3348a80,1,0.0,0.0,0.0,0.0,0.0,0.0
1.25,0.4,3.0,0.7,24,train,0xbe3e194f0069013ae4a860b6c152131b2032c0cc,1,0.0,0.0,0.0,0.0,0.0,0.0
1.25,0.4,3.0,0.7,24,train,0xc7e90a703b7ca435089cb90b8b770353e52b0a80,1,0.0,0.0,0.0,0.0,0.0,0.0
1.25,0.4,3.0,0.7,24,train,0xe0a5a3ba19a680a72be08c39c5de4dddb1fe05c7,1,0.0,0.0,0.0,0.0,0.0,0.0
1.25,0.4,3.0,0.7,24,train,0xe5e702641ea86f4ae6cc3cdaed2b886f976be044,58,29.310344827586203,3.4482758620689653,-5.728846602844517,0.0,-44.25623683621341,6.896551724137931
1.25,0.4,3.0,0.7,24,train,0xf1ee073811b14359d850825e48d200483200edcd,1,100.0,0.0,-41.34919278258391,-41.34919278258391,-41.34919278258391,0.0
1.5,0.2,1.5,0.4,6,test,0x0000000000000000000000000000000000000000,5,0.0,0.0,0.0,0.0,0.0,0.0
1.5,0.2,1.5,0.4,6,test,0x2565055891704afe3e844d5b34a318108ce64144,1,0.0,0.0,0.0,0.0,0.0,0.0
1.5,0.2,1.5,0.4,6,test,0x261b0f5e05eb05c6496728f1ae4969810dbe8a80,1,0.0,0.0,0.0,0.0,0.0,0.0
1.5,0.2,1.5,0.4,6,test,0xe5e702641ea86f4ae6cc3cdaed2b886f976be044,15,13.333333333333334,0.0,-3.64421525366737,0.0,-15.097016183789394,0.0
1.5,0.2,1.5,0.4,6,train,0x0000000000000000000000000000000000000000,17,11.76470588235294,0.0,0.7165795747745589,0.0,0.0,5.88235294117647
1.5,0.2,1.5,0.4,6,train,0x00d18bc3fab01162f43f20c071559795fcaf4144,1,0.0,0.0,0.0,0.0,0.0,0.0
1.5,0.2,1.5,0.4,6,train,0x1e8bbf00d265e08a27e91bfbc1f9a4073c4b4144,1,100.0,0.0,-35.08425552517339,-35.08425552517339,-35.08425552517339,0.0
1.5,0.2,1.5,0.4,6,train,0x332f85e7e323214b2d55286414b059ebb1f2a044,1,100.0,0.0,-25.10198328162322,-25.10198328162322,-25.10198328162322,0.0
1.5,0.2,1.5,0.4,6,train,0x3ad9e44cb65e518e452bfcb78952ca45b66a8a80,1,0.0,0.0,0.0,0.0,0.0,0.0
1.5,0.2,1.5,0.4,6,train,0x3bf48564e102ddf0ffd19c998e6132eee8be5000,1,0.0,0.0,0.0,0.0,0.0,0.0
1.5,0.2,1.5,0.4,6,train,0x4e3468951d49f2eea976ed0d6e75ffcb44a9a544,2,0.0,0.0,0.0,0.0,0.0,0.0
1.5,0.2,1.5,0.4,6,train,0x6eaae6b721b6c896bbfc30d3a7f4999d5a94ca80,1,0.0,0.0,0.0,0.0,0.0,0.0
1.5,0.2,1.5,0.4,6,train,0x718793b91da00b21e5b11e89de3ec9b9b6234144,1,0.0,0.0,0.0,0.0,0.0,0.0
1.5,0.2,1.5,0.4,6,train,0x72cecfc6d9a07117d5d207537e0bfd4bdfdac0cc,1,100.0,0.0,10.610579427676736,10.610579427676736,10.610579427676736,100.0
1.5,0.2,1.5,0.4,6,train,0x75a54357d9c78a2db19004a5fdc76c50f9242aec,1,0.0,0.0,0.0,0.0,0.0,0.0
1.5,0.2,1.5,0.4,6,train,0xbc4397b7f01f347b7dfa35276ca73203f3348a80,1,0.0,0.0,0.0,0.0,0.0,0.0
1.5,0.2,1.5,0.4,6,train,0xbe3e194f0069013ae4a860b6c152131b2032c0cc,1,0.0,0.0,0.0,0.0,0.0,0.0
1.5,0.2,1.5,0.4,6,train,0xc7e90a703b7ca435089cb90b8b770353e52b0a80,1,0.0,0.0,0.0,0.0,0.0,0.0
1.5,0.2,1.5,0.4,6,train,0xe0a5a3ba19a680a72be08c39c5de4dddb1fe05c7,1,0.0,0.0,0.0,0.0,0.0,0.0
1.5,0.2,1.5,0.4,6,train,0xe5e702641ea86f4ae6cc3cdaed2b886f976be044,58,22.413793103448278,8.620689655172415,-0.8288153501935536,0.0,-22.629411989988455,8.620689655172415
1.5,0.2,1.5,0.4,6,train,0xf1ee073811b14359d850825e48d200483200edcd,1,0.0,0.0,0.0,0.0,0.0,0.0
1.5,0.2,1.5,0.4,12,test,0x0000000000000000000000000000000000000000,5,0.0,0.0,0.0,0.0,0.0,0.0
1.5,0.2,1.5,0.4,12,test,0x2565055891704afe3e844d5b34a318108ce64144,1,0.0,0.0,0.0,0.0,0.0,0.0
1.5,0.2,1.5,0.4,12,test,0x261b0f5e05eb05c6496728f1ae4969810dbe8a80,1,0.0,0.0,0.0,0.0,0.0,0.0
1.5,0.2,1.5,0.4,12,test,0xe5e702641ea86f4ae6cc3cdaed2b886f976be044,15,13.333333333333334,0.0,-3.64421525366737,0.0,-15.097016183789394,0.0
1.5,0.2,1.5,0.4,12,train,0x0000000000000000000000000000000000000000,17,11.76470588235294,0.0,0.7165795747745589,0.0,0.0,5.88235294117647
1.5,0.2,1.5,0.4,12,train,0x00d18bc3fab01162f43f20c071559795fcaf4144,1,0.0,0.0,0.0,0.0,0.0,0.0
1.5,0.2,1.5,0.4,12,train,0x1e8bbf00d265e08a27e91bfbc1f9a4073c4b4144,1,100.0,0.0,-35.08425552517339,-35.08425552517339,-35.08425552517339,0.0
1.5,0.2,1.5,0.4,12,train,0x332f85e7e323214b2d55286414b059ebb1f2a044,1,100.0,0.0,-25.10198328162322,-25.10198328162322,-25.10198328162322,0.0
1.5,0.2,1.5,0.4,12,train,0x3ad9e44cb65e518e452bfcb78952ca45b66a8a80,1,0.0,0.0,0.0,0.0,0.0,0.0
1.5,0.2,1.5,0.4,12,train,0x3bf48564e102ddf0ffd19c998e6132eee8be5000,1,0.0,0.0,0.0,0.0,0.0,0.0
1.5,0.2,1.5,0.4,12,train,0x4e3468951d49f2eea976ed0d6e75ffcb44a9a544,2,0.0,0.0,0.0,0.0,0.0,0.0
1.5,0.2,1.5,0.4,12,train,0x6eaae6b721b6c896bbfc30d3a7f4999d5a94ca80,1,0.0,0.0,0.0,0.0,0.0,0.0
1.5,0.2,1.5,0.4,12,train,0x718793b91da00b21e5b11e89de3ec9b9b6234144,1,0.0,0.0,0.0,0.0,0.0,0.0
1.5,0.2,1.5,0.4,12,train,0x72cecfc6d9a07117d5d207537e0bfd4bdfdac0cc,1,100.0,0.0,10.610579427676736,10.610579427676736,10.610579427676736,100.0
1.5,0.2,1.5,0.4,12,train,0x75a54357d9c78a2db19004a5fdc76c50f9242aec,1,0.0,0.0,0.0,0.0,0.0,0.0
1.5,0.2,1.5,0.4,12,train,0xbc4397b7f01f347b7dfa35276ca73203f3348a80,1,0.0,0.0,0.0,0.0,0.0,0.0
1.5,0.2,1.5,0.4,12,train,0xbe3e194f0069013ae4a860b6c152131b2032c0cc,1,0.0,0.0,0.0,0.0,0.0,0.0
1.5,0.2,1.5,0.4,12,train,0xc7e90a703b7ca435089cb90b8b770353e52b0a80,1,0.0,0.0,0.0,0.0,0.0,0.0
1.5,0.2,1.5,0.4,12,train,0xe0a5a3ba19a680a72be08c39c5de4dddb1fe05c7,1,0.0,0.0,0.0,0.0,0.0,0.0
1.5,0.2,1.5,0.4,12,train,0xe5e702641ea86f4ae6cc3cdaed2b886f976be044,58,22.413793103448278,8.620689655172415,-0.8288153501935536,0.0,-22.629411989988455,8.620689655172415
1.5,0.2,1.5,0.4,12,train,0xf1ee073811b14359d850825e48d200483200edcd,1,0.0,0.0,0.0,0.0,0.0,0.0
1.5,0.2,1.5,0.4,24,test,0x0000000000000000000000000000000000000000,5,0.0,0.0,0.0,0.0,0.0,0.0
1.5,0.2,1.5,0.4,24,test,0x2565055891704afe3e844d5b34a318108ce64144,1,0.0,0.0,0.0,0.0,0.0,0.0
1.5,0.2,1.5,0.4,24,test,0x261b0f5e05eb05c6496728f1ae4969810dbe8a80,1,0.0,0.0,0.0,0.0,0.0,0.0
1.5,0.2,1.5,0.4,24,test,0xe5e702641ea86f4ae6cc3cdaed2b886f976be044,15,13.333333333333334,0.0,-3.64421525366737,0.0,-15.097016183789394,0.0
1.5,0.2,1.5,0.4,24,train,0x0000000000000000000000000000000000000000,17,11.76470588235294,0.0,0.7165795747745589,0.0,0.0,5.88235294117647
1.5,0.2,1.5,0.4,24,train,0x00d18bc3fab01162f43f20c071559795fcaf4144,1,0.0,0.0,0.0,0.0,0.0,0.0
1.5,0.2,1.5,0.4,24,train,0x1e8bbf00d265e08a27e91bfbc1f9a4073c4b4144,1,100.0,0.0,-35.08425552517339,-35.08425552517339,-35.08425552517339,0.0
1.5,0.2,1.5,0.4,24,train,0x332f85e7e323214b2d55286414b059ebb1f2a044,1,100.0,0.0,-25.10198328162322,-25.10198328162322,-25.10198328162322,0.0
1.5,0.2,1.5,0.4,24,train,0x3ad9e44cb65e518e452bfcb78952ca45b66a8a80,1,0.0,0.0,0.0,0.0,0.0,0.0
1.5,0.2,1.5,0.4,24,train,0x3bf48564e102ddf0ffd19c998e6132eee8be5000,1,0.0,0.0,0.0,0.0,0.0,0.0
1.5,0.2,1.5,0.4,24,train,0x4e3468951d49f2eea976ed0d6e75ffcb44a9a544,2,0.0,0.0,0.0,0.0,0.0,0.0
1.5,0.2,1.5,0.4,24,train,0x6eaae6b721b6c896bbfc30d3a7f4999d5a94ca80,1,0.0,0.0,0.0,0.0,0.0,0.0
1.5,0.2,1.5,0.4,24,train,0x718793b91da00b21e5b11e89de3ec9b9b6234144,1,0.0,0.0,0.0,0.0,0.0,0.0
1.5,0.2,1.5,0.4,24,train,0x72cecfc6d9a07117d5d207537e0bfd4bdfdac0cc,1,100.0,0.0,10.610579427676736,10.610579427676736,10.610579427676736,100.0
1.5,0.2,1.5,0.4,24,train,0x75a54357d9c78a2db19004a5fdc76c50f9242aec,1,0.0,0.0,0.0,0.0,0.0,0.0
1.5,0.2,1.5,0.4,24,train,0xbc4397b7f01f347b7dfa35276ca73203f3348a80,1,0.0,0.0,0.0,0.0,0.0,0.0
1.5,0.2,1.5,0.4,24,train,0xbe3e194f0069013ae4a860b6c152131b2032c0cc,1,0.0,0.0,0.0,0.0,0.0,0.0
1.5,0.2,1.5,0.4,24,train,0xc7e90a703b7ca435089cb90b8b770353e52b0a80,1,0.0,0.0,0.0,0.0,0.0,0.0
1.5,0.2,1.5,0.4,24,train,0xe0a5a3ba19a680a72be08c39c5de4dddb1fe05c7,1,0.0,0.0,0.0,0.0,0.0,0.0
1.5,0.2,1.5,0.4,24,train,0xe5e702641ea86f4ae6cc3cdaed2b886f976be044,58,22.413793103448278,8.620689655172415,-0.8288153501935536,0.0,-22.629411989988455,8.620689655172415
1.5,0.2,1.5,0.4,24,train,0xf1ee073811b14359d850825e48d200483200edcd,1,0.0,0.0,0.0,0.0,0.0,0.0
1.5,0.2,1.5,0.55,6,test,0x0000000000000000000000000000000000000000,5,0.0,0.0,0.0,0.0,0.0,0.0
1.5,0.2,1.5,0.55,6,test,0x2565055891704afe3e844d5b34a318108ce64144,1,0.0,0.0,0.0,0.0,0.0,0.0
1.5,0.2,1.5,0.55,6,test,0x261b0f5e05eb05c6496728f1ae4969810dbe8a80,1,0.0,0.0,0.0,0.0,0.0,0.0
1.5,0.2,1.5,0.55,6,test,0xe5e702641ea86f4ae6cc3cdaed2b886f976be044,15,13.333333333333334,0.0,-3.64421525366737,0.0,-15.097016183789394,0.0
1.5,0.2,1.5,0.55,6,train,0x0000000000000000000000000000000000000000,17,11.76470588235294,0.0,0.7165795747745589,0.0,0.0,5.88235294117647
1.5,0.2,1.5,0.55,6,train,0x00d18bc3fab01162f43f20c071559795fcaf4144,1,0.0,0.0,0.0,0.0,0.0,0.0
1.5,0.2,1.5,0.55,6,train,0x1e8bbf00d265e08a27e91bfbc1f9a4073c4b4144,1,100.0,0.0,-35.08425552517339,-35.08425552517339,-35.08425552517339,0.0
1.5,0.2,1.5,0.55,6,train,0x332f85e7e323214b2d55286414b059ebb1f2a044,1,100.0,0.0,-25.10198328162322,-25.10198328162322,-25.10198328162322,0.0
1.5,0.2,1.5,0.55,6,train,0x3ad9e44cb65e518e452bfcb78952ca45b66a8a80,1,0.0,0.0,0.0,0.0,0.0,0.0
1.5,0.2,1.5,0.55,6,train,0x3bf48564e102ddf0ffd19c998e6132eee8be5000,1,0.0,0.0,0.0,0.0,0.0,0.0
1.5,0.2,1.5,0.55,6,train,0x4e3468951d49f2eea976ed0d6e75ffcb44a9a544,2,0.0,0.0,0.0,0.0,0.0,0.0
1.5,0.2,1.5,0.55,6,train,0x6eaae6b721b6c896bbfc30d3a7f4999d5a94ca80,1,0.0,0.0,0.0,0.0,0.0,0.0
1.5,0.2,1.5,0.55,6,train,0x718793b91da00b21e5b11e89de3ec9b9b6234144,1,0.0,0.0,0.0,0.0,0.0,0.0
1.5,0.2,1.5,0.55,6,train,0x72cecfc6d9a07117d5d207537e0bfd4bdfdac0cc,1,100.0,0.0,10.610579427676736,10.610579427676736,10.610579427676736,100.0
1.5,0.2,1.5,0.55,6,train,0x75a54357d9c78a2db19004a5fdc76c50f9242aec,1,0.0,0.0,0.0,0.0,0.0,0.0
1.5,0.2,1.5,0.55,6,train,0xbc4397b7f01f347b7dfa35276ca73203f3348a80,1,0.0,0.0,0.0,0.0,0.0,0.0
1.5,0.2,1.5,0.55,6,train,0xbe3e194f0069013ae4a860b6c152131b2032c0cc,1,0.0,0.0,0.0,0.0,0.0,0.0
1.5,0.2,1.5,0.55,6,train,0xc7e90a703b7ca435089cb90b8b770353e52b0a80,1,0.0,0.0,0.0,0.0,0.0,0.0
1.5,0.2,1.5,0.55,6,train,0xe0a5a3ba19a680a72be08c39c5de4dddb1fe05c7,1,0.0,0.0,0.0,0.0,0.0,0.0
1.5,0.2,1.5,0.55,6,train,0xe5e702641ea86f4ae6cc3cdaed2b886f976be044,58,22.413793103448278,8.620689655172415,-1.6234630436518587,0.0,-22.629411989988455,8.620689655172415
1.5,0.2,1.5,0.55,6,train,0xf1ee073811b14359d850825e48d200483200edcd,1,0.0,0.0,0.0,0.0,0.0,0.0
1.5,0.2,1.5,0.55,12,test,0x0000000000000000000000000000000000000000,5,0.0,0.0,0.0,0.0,0.0,0.0
1.5,0.2,1.5,0.55,12,test,0x2565055891704afe3e844d5b34a318108ce64144,1,0.0,0.0,0.0,0.0,0.0,0.0
1.5,0.2,1.5,0.55,12,test,0x261b0f5e05eb05c6496728f1ae4969810dbe8a80,1,0.0,0.0,0.0,0.0,0.0,0.0
1.5,0.2,1.5,0.55,12,test,0xe5e702641ea86f4ae6cc3cdaed2b886f976be044,15,13.333333333333334,0.0,-3.64421525366737,0.0,-15.097016183789394,0.0
1.5,0.2,1.5,0.55,12,train,0x0000000000000000000000000000000000000000,17,11.76470588235294,0.0,0.7165795747745589,0.0,0.0,5.88235294117647
1.5,0.2,1.5,0.55,12,train,0x00d18bc3fab01162f43f20c071559795fcaf4144,1,0.0,0.0,0.0,0.0,0.0,0.0
1.5,0.2,1.5,0.55,12,train,0x1e8bbf00d265e08a27e91bfbc1f9a4073c4b4144,1,100.0,0.0,-35.08425552517339,-35.08425552517339,-35.08425552517339,0.0
1.5,0.2,1.5,0.55,12,train,0x332f85e7e323214b2d55286414b059ebb1f2a044,1,100.0,0.0,-25.10198328162322,-25.10198328162322,-25.10198328162322,0.0
1.5,0.2,1.5,0.55,12,train,0x3ad9e44cb65e518e452bfcb78952ca45b66a8a80,1,0.0,0.0,0.0,0.0,0.0,0.0
1.5,0.2,1.5,0.55,12,train,0x3bf48564e102ddf0ffd19c998e6132eee8be5000,1,0.0,0.0,0.0,0.0,0.0,0.0
1.5,0.2,1.5,0.55,12,train,0x4e3468951d49f2eea976ed0d6e75ffcb44a9a544,2,0.0,0.0,0.0,0.0,0.0,0.0
1.5,0.2,1.5,0.55,12,train,0x6eaae6b721b6c896bbfc30d3a7f4999d5a94ca80,1,0.0,0.0,0.0,0.0,0.0,0.0
1.5,0.2,1.5,0.55,12,train,0x718793b91da00b21e5b11e89de3ec9b9b6234144,1,0.0,0.0,0.0,0.0,0.0,0.0
1.5,0.2,1.5,0.55,12,train,0x72cecfc6d9a07117d5d207537e0bfd4bdfdac0cc,1,100.0,0.0,10.610579427676736,10.610579427676736,10.610579427676736,100.0
1.5,0.2,1.5,0.55,12,train,0x75a54357d9c78a2db19004a5fdc76c50f9242aec,1,0.0,0.0,0.0,0.0,0.0,0.0
1.5,0.2,1.5,0.55,12,train,0xbc4397b7f01f347b7dfa35276ca73203f3348a80,1,0.0,0.0,0.0,0.0,0.0,0.0
1.5,0.2,1.5,0.55,12,train,0xbe3e194f0069013ae4a860b6c152131b2032c0cc,1,0.0,0.0,0.0,0.0,0.0,0.0
1.5,0.2,1.5,0.55,12,train,0xc7e90a703b7ca435089cb90b8b770353e52b0a80,1,0.0,0.0,0.0,0.0,0.0,0.0
1.5,0.2,1.5,0.55,12,train,0xe0a5a3ba19a680a72be08c39c5de4dddb1fe05c7,1,0.0,0.0,0.0,0.0,0.0,0.0
1.5,0.2,1.5,0.55,12,train,0xe5e702641ea86f4ae6cc3cdaed2b886f976be044,58,22.413793103448278,8.620689655172415,-1.6234630436518587,0.0,-22.629411989988455,8.620689655172415
1.5,0.2,1.5,0.55,12,train,0xf1ee073811b14359d850825e48d200483200edcd,1,0.0,0.0,0.0,0.0,0.0,0.0
1.5,0.2,1.5,0.55,24,test,0x0000000000000000000000000000000000000000,5,0.0,0.0,0.0,0.0,0.0,0.0
1.5,0.2,1.5,0.55,24,test,0x2565055891704afe3e844d5b34a318108ce64144,1,0.0,0.0,0.0,0.0,0.0,0.0
1.5,0.2,1.5,0.55,24,test,0x261b0f5e05eb05c6496728f1ae4969810dbe8a80,1,0.0,0.0,0.0,0.0,0.0,0.0
1.5,0.2,1.5,0.55,24,test,0xe5e702641ea86f4ae6cc3cdaed2b886f976be044,15,13.333333333333334,0.0,-3.64421525366737,0.0,-15.097016183789394,0.0
1.5,0.2,1.5,0.55,24,train,0x0000000000000000000000000000000000000000,17,11.76470588235294,0.0,0.7165795747745589,0.0,0.0,5.88235294117647
1.5,0.2,1.5,0.55,24,train,0x00d18bc3fab01162f43f20c071559795fcaf4144,1,0.0,0.0,0.0,0.0,0.0,0.0
1.5,0.2,1.5,0.55,24,train,0x1e8bbf00d265e08a27e91bfbc1f9a4073c4b4144,1,100.0,0.0,-35.08425552517339,-35.08425552517339,-35.08425552517339,0.0
1.5,0.2,1.5,0.55,24,train,0x332f85e7e323214b2d55286414b059ebb1f2a044,1,100.0,0.0,-25.10198328162322,-25.10198328162322,-25.10198328162322,0.0
1.5,0.2,1.5,0.55,24,train,0x3ad9e44cb65e518e452bfcb78952ca45b66a8a80,1,0.0,0.0,0.0,0.0,0.0,0.0
1.5,0.2,1.5,0.55,24,train,0x3bf48564e102ddf0ffd19c998e6132eee8be5000,1,0.0,0.0,0.0,0.0,0.0,0.0
1.5,0.2,1.5,0.55,24,train,0x4e3468951d49f2eea976ed0d6e75ffcb44a9a544,2,0.0,0.0,0.0,0.0,0.0,0.0
1.5,0.2,1.5,0.55,24,train,0x6eaae6b721b6c896bbfc30d3a7f4999d5a94ca80,1,0.0,0.0,0.0,0.0,0.0,0.0
1.5,0.2,1.5,0.55,24,train,0x718793b91da00b21e5b11e89de3ec9b9b6234144,1,0.0,0.0,0.0,0.0,0.0,0.0
1.5,0.2,1.5,0.55,24,train,0x72cecfc6d9a07117d5d207537e0bfd4bdfdac0cc,1,100.0,0.0,10.610579427676736,10.610579427676736,10.610579427676736,100.0
1.5,0.2,1.5,0.55,24,train,0x75a54357d9c78a2db19004a5fdc76c50f9242aec,1,0.0,0.0,0.0,0.0,0.0,0.0
1.5,0.2,1.5,0.55,24,train,0xbc4397b7f01f347b7dfa35276ca73203f3348a80,1,0.0,0.0,0.0,0.0,0.0,0.0
1.5,0.2,1.5,0.55,24,train,0xbe3e194f0069013ae4a860b6c152131b2032c0cc,1,0.0,0.0,0.0,0.0,0.0,0.0
1.5,0.2,1.5,0.55,24,train,0xc7e90a703b7ca435089cb90b8b770353e52b0a80,1,0.0,0.0,0.0,0.0,0.0,0.0
1.5,0.2,1.5,0.55,24,train,0xe0a5a3ba19a680a72be08c39c5de4dddb1fe05c7,1,0.0,0.0,0.0,0.0,0.0,0.0
1.5,0.2,1.5,0.55,24,train,0xe5e702641ea86f4ae6cc3cdaed2b886f976be044,58,22.413793103448278,8.620689655172415,-1.6234630436518587,0.0,-22.629411989988455,8.620689655172415
1.5,0.2,1.5,0.55,24,train,0xf1ee073811b14359d850825e48d200483200edcd,1,0.0,0.0,0.0,0.0,0.0,0.0
1.5,0.2,1.5,0.7,6,test,0x0000000000000000000000000000000000000000,5,0.0,0.0,0.0,0.0,0.0,0.0
1.5,0.2,1.5,0.7,6,test,0x2565055891704afe3e844d5b34a318108ce64144,1,0.0,0.0,0.0,0.0,0.0,0.0
1.5,0.2,1.5,0.7,6,test,0x261b0f5e05eb05c6496728f1ae4969810dbe8a80,1,0.0,0.0,0.0,0.0,0.0,0.0
1.5,0.2,1.5,0.7,6,test,0xe5e702641ea86f4ae6cc3cdaed2b886f976be044,15,13.333333333333334,0.0,-3.64421525366737,0.0,-15.097016183789394,0.0
1.5,0.2,1.5,0.7,6,train,0x0000000000000000000000000000000000000000,17,11.76470588235294,0.0,0.7165795747745589,0.0,0.0,5.88235294117647
1.5,0.2,1.5,0.7,6,train,0x00d18bc3fab01162f43f20c071559795fcaf4144,1,0.0,0.0,0.0,0.0,0.0,0.0
1.5,0.2,1.5,0.7,6,train,0x1e8bbf00d265e08a27e91bfbc1f9a4073c4b4144,1,100.0,0.0,-35.08425552517339,-35.08425552517339,-35.08425552517339,0.0
1.5,0.2,1.5,0.7,6,train,0x332f85e7e323214b2d55286414b059ebb1f2a044,1,100.0,0.0,-25.10198328162322,-25.10198328162322,-25.10198328162322,0.0
1.5,0.2,1.5,0.7,6,train,0x3ad9e44cb65e518e452bfcb78952ca45b66a8a80,1,0.0,0.0,0.0,0.0,0.0,0.0
1.5,0.2,1.5,0.7,6,train,0x3bf48564e102ddf0ffd19c998e6132eee8be5000,1,0.0,0.0,0.0,0.0,0.0,0.0
1.5,0.2,1.5,0.7,6,train,0x4e3468951d49f2eea976ed0d6e75ffcb44a9a544,2,0.0,0.0,0.0,0.0,0.0,0.0
1.5,0.2,1.5,0.7,6,train,0x6eaae6b721b6c896bbfc30d3a7f4999d5a94ca80,1,0.0,0.0,0.0,0.0,0.0,0.0
1.5,0.2,1.5,0.7,6,train,0x718793b91da00b21e5b11e89de3ec9b9b6234144,1,0.0,0.0,0.0,0.0,0.0,0.0
1.5,0.2,1.5,0.7,6,train,0x72cecfc6d9a07117d5d207537e0bfd4bdfdac0cc,1,100.0,0.0,10.610579427676736,10.610579427676736,10.610579427676736,100.0
1.5,0.2,1.5,0.7,6,train,0x75a54357d9c78a2db19004a5fdc76c50f9242aec,1,0.0,0.0,0.0,0.0,0.0,0.0
1.5,0.2,1.5,0.7,6,train,0xbc4397b7f01f347b7dfa35276ca73203f3348a80,1,0.0,0.0,0.0,0.0,0.0,0.0
1.5,0.2,1.5,0.7,6,train,0xbe3e194f0069013ae4a860b6c152131b2032c0cc,1,0.0,0.0,0.0,0.0,0.0,0.0
1.5,0.2,1.5,0.7,6,train,0xc7e90a703b7ca435089cb90b8b770353e52b0a80,1,0.0,0.0,0.0,0.0,0.0,0.0
1.5,0.2,1.5,0.7,6,train,0xe0a5a3ba19a680a72be08c39c5de4dddb1fe05c7,1,0.0,0.0,0.0,0.0,0.0,0.0
1.5,0.2,1.5,0.7,6,train,0xe5e702641ea86f4ae6cc3cdaed2b886f976be044,58,22.413793103448278,8.620689655172415,-2.507833268680221,0.0,-22.629411989988455,8.620689655172415
1.5,0.2,1.5,0.7,6,train,0xf1ee073811b14359d850825e48d200483200edcd,1,0.0,0.0,0.0,0.0,0.0,0.0
1.5,0.2,1.5,0.7,12,test,0x0000000000000000000000000000000000000000,5,0.0,0.0,0.0,0.0,0.0,0.0
1.5,0.2,1.5,0.7,12,test,0x2565055891704afe3e844d5b34a318108ce64144,1,0.0,0.0,0.0,0.0,0.0,0.0
1.5,0.2,1.5,0.7,12,test,0x261b0f5e05eb05c6496728f1ae4969810dbe8a80,1,0.0,0.0,0.0,0.0,0.0,0.0
1.5,0.2,1.5,0.7,12,test,0xe5e702641ea86f4ae6cc3cdaed2b886f976be044,15,13.333333333333334,0.0,-3.64421525366737,0.0,-15.097016183789394,0.0
1.5,0.2,1.5,0.7,12,train,0x0000000000000000000000000000000000000000,17,11.76470588235294,0.0,0.7165795747745589,0.0,0.0,5.88235294117647
1.5,0.2,1.5,0.7,12,train,0x00d18bc3fab01162f43f20c071559795fcaf4144,1,0.0,0.0,0.0,0.0,0.0,0.0
1.5,0.2,1.5,0.7,12,train,0x1e8bbf00d265e08a27e91bfbc1f9a4073c4b4144,1,100.0,0.0,-35.08425552517339,-35.08425552517339,-35.08425552517339,0.0
1.5,0.2,1.5,0.7,12,train,0x332f85e7e323214b2d55286414b059ebb1f2a044,1,100.0,0.0,-25.10198328162322,-25.10198328162322,-25.10198328162322,0.0
1.5,0.2,1.5,0.7,12,train,0x3ad9e44cb65e518e452bfcb78952ca45b66a8a80,1,0.0,0.0,0.0,0.0,0.0,0.0
1.5,0.2,1.5,0.7,12,train,0x3bf48564e102ddf0ffd19c998e6132eee8be5000,1,0.0,0.0,0.0,0.0,0.0,0.0
1.5,0.2,1.5,0.7,12,train,0x4e3468951d49f2eea976ed0d6e75ffcb44a9a544,2,0.0,0.0,0.0,0.0,0.0,0.0
1.5,0.2,1.5,0.7,12,train,0x6eaae6b721b6c896bbfc30d3a7f4999d5a94ca80,1,0.0,0.0,0.0,0.0,0.0,0.0
1.5,0.2,1.5,0.7,12,train,0x718793b91da00b21e5b11e89de3ec9b9b6234144,1,0.0,0.0,0.0,0.0,0.0,0.0
1.5,0.2,1.5,0.7,12,train,0x72cecfc6d9a07117d5d207537e0bfd4bdfdac0cc,1,100.0,0.0,10.610579427676736,10.610579427676736,10.610579427676736,100.0
1.5,0.2,1.5,0.7,12,train,0x75a54357d9c78a2db19004a5fdc76c50f9242aec,1,0.0,0.0,0.0,0.0,0.0,0.0
1.5,0.2,1.5,0.7,12,train,0xbc4397b7f01f347b7dfa35276ca73203f3348a80,1,0.0,0.0,0.0,0.0,0.0,0.0
1.5,0.2,1.5,0.7,12,train,0xbe3e194f0069013ae4a860b6c152131b2032c0cc,1,0.0,0.0,0.0,0.0,0.0,0.0
1.5,0.2,1.5,0.7,12,train,0xc7e90a703b7ca435089cb90b8b770353e52b0a80,1,0.0,0.0,0.0,0.0,0.0,0.0
1.5,0.2,1.5,0.7,12,train,0xe0a5a3ba19a680a72be08c39c5de4dddb1fe05c7,1,0.0,0.0,0.0,0.0,0.0,0.0
1.5,0.2,1.5,0.7,12,train,0xe5e702641ea86f4ae6cc3cdaed2b886f976be044,58,22.413793103448278,8.620689655172415,-2.507833268680221,0.0,-22.629411989988455,8.620689655172415
1.5,0.2,1.5,0.7,12,train,0xf1ee073811b14359d850825e48d200483200edcd,1,0.0,0.0,0.0,0.0,0.0,0.0
1.5,0.2,1.5,0.7,24,test,0x0000000000000000000000000000000000000000,5,0.0,0.0,0.0,0.0,0.0,0.0
1.5,0.2,1.5,0.7,24,test,0x2565055891704afe3e844d5b34a318108ce64144,1,0.0,0.0,0.0,0.0,0.0,0.0
1.5,0.2,1.5,0.7,24,test,0x261b0f5e05eb05c6496728f1ae4969810dbe8a80,1,0.0,0.0,0.0,0.0,0.0,0.0
1.5,0.2,1.5,0.7,24,test,0xe5e702641ea86f4ae6cc3cdaed2b886f976be044,15,13.333333333333334,0.0,-3.64421525366737,0.0,-15.097016183789394,0.0
1.5,0.2,1.5,0.7,24,train,0x0000000000000000000000000000000000000000,17,11.76470588235294,0.0,0.7165795747745589,0.0,0.0,5.88235294117647
1.5,0.2,1.5,0.7,24,train,0x00d18bc3fab01162f43f20c071559795fcaf4144,1,0.0,0.0,0.0,0.0,0.0,0.0
1.5,0.2,1.5,0.7,24,train,0x1e8bbf00d265e08a27e91bfbc1f9a4073c4b4144,1,100.0,0.0,-35.08425552517339,-35.08425552517339,-35.08425552517339,0.0
1.5,0.2,1.5,0.7,24,train,0x332f85e7e323214b2d55286414b059ebb1f2a044,1,100.0,0.0,-25.10198328162322,-25.10198328162322,-25.10198328162322,0.0
1.5,0.2,1.5,0.7,24,train,0x3ad9e44cb65e518e452bfcb78952ca45b66a8a80,1,0.0,0.0,0.0,0.0,0.0,0.0
1.5,0.2,1.5,0.7,24,train,0x3bf48564e102ddf0ffd19c998e6132eee8be5000,1,0.0,0.0,0.0,0.0,0.0,0.0
1.5,0.2,1.5,0.7,24,train,0x4e3468951d49f2eea976ed0d6e75ffcb44a9a544,2,0.0,0.0,0.0,0.0,0.0,0.0
1.5,0.2,1.5,0.7,24,train,0x6eaae6b721b6c896bbfc30d3a7f4999d5a94ca80,1,0.0,0.0,0.0,0.0,0.0,0.0
1.5,0.2,1.5,0.7,24,train,0x718793b91da00b21e5b11e89de3ec9b9b6234144,1,0.0,0.0,0.0,0.0,0.0,0.0
1.5,0.2,1.5,0.7,24,train,0x72cecfc6d9a07117d5d207537e0bfd4bdfdac0cc,1,100.0,0.0,10.610579427676736,10.610579427676736,10.610579427676736,100.0
1.5,0.2,1.5,0.7,24,train,0x75a54357d9c78a2db19004a5fdc76c50f9242aec,1,0.0,0.0,0.0,0.0,0.0,0.0
1.5,0.2,1.5,0.7,24,train,0xbc4397b7f01f347b7dfa35276ca73203f3348a80,1,0.0,0.0,0.0,0.0,0.0,0.0
1.5,0.2,1.5,0.7,24,train,0xbe3e194f0069013ae4a860b6c152131b2032c0cc,1,0.0,0.0,0.0,0.0,0.0,0.0
1.5,0.2,1.5,0.7,24,train,0xc7e90a703b7ca435089cb90b8b770353e52b0a80,1,0.0,0.0,0.0,0.0,0.0,0.0
1.5,0.2,1.5,0.7,24,train,0xe0a5a3ba19a680a72be08c39c5de4dddb1fe05c7,1,0.0,0.0,0.0,0.0,0.0,0.0
1.5,0.2,1.5,0.7,24,train,0xe5e702641ea86f4ae6cc3cdaed2b886f976be044,58,22.413793103448278,8.620689655172415,-2.507833268680221,0.0,-22.629411989988455,8.620689655172415
1.5,0.2,1.5,0.7,24,train,0xf1ee073811b14359d850825e48d200483200edcd,1,0.0,0.0,0.0,0.0,0.0,0.0
1.5,0.2,2.0,0.4,6,test,0x0000000000000000000000000000000000000000,5,0.0,0.0,0.0,0.0,0.0,0.0
1.5,0.2,2.0,0.4,6,test,0x2565055891704afe3e844d5b34a318108ce64144,1,0.0,0.0,0.0,0.0,0.0,0.0
1.5,0.2,2.0,0.4,6,test,0x261b0f5e05eb05c6496728f1ae4969810dbe8a80,1,0.0,0.0,0.0,0.0,0.0,0.0
1.5,0.2,2.0,0.4,6,test,0xe5e702641ea86f4ae6cc3cdaed2b886f976be044,15,13.333333333333334,0.0,-3.64421525366737,0.0,-15.097016183789394,0.0
1.5,0.2,2.0,0.4,6,train,0x0000000000000000000000000000000000000000,17,11.76470588235294,0.0,0.7165795747745589,0.0,0.0,5.88235294117647
1.5,0.2,2.0,0.4,6,train,0x00d18bc3fab01162f43f20c071559795fcaf4144,1,0.0,0.0,0.0,0.0,0.0,0.0
1.5,0.2,2.0,0.4,6,train,0x1e8bbf00d265e08a27e91bfbc1f9a4073c4b4144,1,100.0,0.0,-35.08425552517339,-35.08425552517339,-35.08425552517339,0.0
1.5,0.2,2.0,0.4,6,train,0x332f85e7e323214b2d55286414b059ebb1f2a044,1,100.0,0.0,-25.10198328162322,-25.10198328162322,-25.10198328162322,0.0
1.5,0.2,2.0,0.4,6,train,0x3ad9e44cb65e518e452bfcb78952ca45b66a8a80,1,0.0,0.0,0.0,0.0,0.0,0.0
1.5,0.2,2.0,0.4,6,train,0x3bf48564e102ddf0ffd19c998e6132eee8be5000,1,0.0,0.0,0.0,0.0,0.0,0.0
1.5,0.2,2.0,0.4,6,train,0x4e3468951d49f2eea976ed0d6e75ffcb44a9a544,2,0.0,0.0,0.0,0.0,0.0,0.0
1.5,0.2,2.0,0.4,6,train,0x6eaae6b721b6c896bbfc30d3a7f4999d5a94ca80,1,0.0,0.0,0.0,0.0,0.0,0.0
1.5,0.2,2.0,0.4,6,train,0x718793b91da00b21e5b11e89de3ec9b9b6234144,1,0.0,0.0,0.0,0.0,0.0,0.0
1.5,0.2,2.0,0.4,6,train,0x72cecfc6d9a07117d5d207537e0bfd4bdfdac0cc,1,100.0,0.0,10.610579427676736,10.610579427676736,10.610579427676736,100.0
1.5,0.2,2.0,0.4,6,train,0x75a54357d9c78a2db19004a5fdc76c50f9242aec,1,0.0,0.0,0.0,0.0,0.0,0.0
1.5,0.2,2.0,0.4,6,train,0xbc4397b7f01f347b7dfa35276ca73203f3348a80,1,0.0,0.0,0.0,0.0,0.0,0.0
1.5,0.2,2.0,0.4,6,train,0xbe3e194f0069013ae4a860b6c152131b2032c0cc,1,0.0,0.0,0.0,0.0,0.0,0.0
1.5,0.2,2.0,0.4,6,train,0xc7e90a703b7ca435089cb90b8b770353e52b0a80,1,0.0,0.0,0.0,0.0,0.0,0.0
1.5,0.2,2.0,0.4,6,train,0xe0a5a3ba19a680a72be08c39c5de4dddb1fe05c7,1,0.0,0.0,0.0,0.0,0.0,0.0
1.5,0.2,2.0,0.4,6,train,0xe5e702641ea86f4ae6cc3cdaed2b886f976be044,58,22.413793103448278,3.4482758620689653,-2.378648371551322,0.0,-26.657122576756244,5.172413793103448
1.5,0.2,2.0,0.4,6,train,0xf1ee073811b14359d850825e48d200483200edcd,1,0.0,0.0,0.0,0.0,0.0,0.0
1.5,0.2,2.0,0.4,12,test,0x0000000000000000000000000000000000000000,5,0.0,0.0,0.0,0.0,0.0,0.0
1.5,0.2,2.0,0.4,12,test,0x2565055891704afe3e844d5b34a318108ce64144,1,0.0,0.0,0.0,0.0,0.0,0.0
1.5,0.2,2.0,0.4,12,test,0x261b0f5e05eb05c6496728f1ae4969810dbe8a80,1,0.0,0.0,0.0,0.0,0.0,0.0
1.5,0.2,2.0,0.4,12,test,0xe5e702641ea86f4ae6cc3cdaed2b886f976be044,15,13.333333333333334,0.0,-3.64421525366737,0.0,-15.097016183789394,0.0
1.5,0.2,2.0,0.4,12,train,0x0000000000000000000000000000000000000000,17,11.76470588235294,0.0,0.7165795747745589,0.0,0.0,5.88235294117647
1.5,0.2,2.0,0.4,12,train,0x00d18bc3fab01162f43f20c071559795fcaf4144,1,0.0,0.0,0.0,0.0,0.0,0.0
1.5,0.2,2.0,0.4,12,train,0x1e8bbf00d265e08a27e91bfbc1f9a4073c4b4144,1,100.0,0.0,-35.08425552517339,-35.08425552517339,-35.08425552517339,0.0
1.5,0.2,2.0,0.4,12,train,0x332f85e7e323214b2d55286414b059ebb1f2a044,1,100.0,0.0,-25.10198328162322,-25.10198328162322,-25.10198328162322,0.0
1.5,0.2,2.0,0.4,12,train,0x3ad9e44cb65e518e452bfcb78952ca45b66a8a80,1,0.0,0.0,0.0,0.0,0.0,0.0
1.5,0.2,2.0,0.4,12,train,0x3bf48564e102ddf0ffd19c998e6132eee8be5000,1,0.0,0.0,0.0,0.0,0.0,0.0
1.5,0.2,2.0,0.4,12,train,0x4e3468951d49f2eea976ed0d6e75ffcb44a9a544,2,0.0,0.0,0.0,0.0,0.0,0.0
1.5,0.2,2.0,0.4,12,train,0x6eaae6b721b6c896bbfc30d3a7f4999d5a94ca80,1,0.0,0.0,0.0,0.0,0.0,0.0
1.5,0.2,2.0,0.4,12,train,0x718793b91da00b21e5b11e89de3ec9b9b6234144,1,0.0,0.0,0.0,0.0,0.0,0.0
1.5,0.2,2.0,0.4,12,train,0x72cecfc6d9a07117d5d207537e0bfd4bdfdac0cc,1,100.0,0.0,10.610579427676736,10.610579427676736,10.610579427676736,100.0
1.5,0.2,2.0,0.4,12,train,0x75a54357d9c78a2db19004a5fdc76c50f9242aec,1,0.0,0.0,0.0,0.0,0.0,0.0
1.5,0.2,2.0,0.4,12,train,0xbc4397b7f01f347b7dfa35276ca73203f3348a80,1,0.0,0.0,0.0,0.0,0.0,0.0
1.5,0.2,2.0,0.4,12,train,0xbe3e194f0069013ae4a860b6c152131b2032c0cc,1,0.0,0.0,0.0,0.0,0.0,0.0
1.5,0.2,2.0,0.4,12,train,0xc7e90a703b7ca435089cb90b8b770353e52b0a80,1,0.0,0.0,0.0,0.0,0.0,0.0
1.5,0.2,2.0,0.4,12,train,0xe0a5a3ba19a680a72be08c39c5de4dddb1fe05c7,1,0.0,0.0,0.0,0.0,0.0,0.0
1.5,0.2,2.0,0.4,12,train,0xe5e702641ea86f4ae6cc3cdaed2b886f976be044,58,22.413793103448278,3.4482758620689653,-3.650631833652524,0.0,-26.657122576756244,3.4482758620689653
1.5,0.2,2.0,0.4,12,train,0xf1ee073811b14359d850825e48d200483200edcd,1,0.0,0.0,0.0,0.0,0.0,0.0
1.5,0.2,2.0,0.4,24,test,0x0000000000000000000000000000000000000000,5,0.0,0.0,0.0,0.0,0.0,0.0
1.5,0.2,2.0,0.4,24,test,0x2565055891704afe3e844d5b34a318108ce64144,1,0.0,0.0,0.0,0.0,0.0,0.0
1.5,0.2,2.0,0.4,24,test,0x261b0f5e05eb05c6496728f1ae4969810dbe8a80,1,0.0,0.0,0.0,0.0,0.0,0.0
1.5,0.2,2.0,0.4,24,test,0xe5e702641ea86f4ae6cc3cdaed2b886f976be044,15,13.333333333333334,0.0,-3.64421525366737,0.0,-15.097016183789394,0.0
1.5,0.2,2.0,0.4,24,train,0x0000000000000000000000000000000000000000,17,11.76470588235294,0.0,0.7165795747745589,0.0,0.0,5.88235294117647
1.5,0.2,2.0,0.4,24,train,0x00d18bc3fab01162f43f20c071559795fcaf4144,1,0.0,0.0,0.0,0.0,0.0,0.0
1.5,0.2,2.0,0.4,24,train,0x1e8bbf00d265e08a27e91bfbc1f9a4073c4b4144,1,100.0,0.0,-35.08425552517339,-35.08425552517339,-35.08425552517339,0.0
1.5,0.2,2.0,0.4,24,train,0x332f85e7e323214b2d55286414b059ebb1f2a044,1,100.0,0.0,-25.10198328162322,-25.10198328162322,-25.10198328162322,0.0
1.5,0.2,2.0,0.4,24,train,0x3ad9e44cb65e518e452bfcb78952ca45b66a8a80,1,0.0,0.0,0.0,0.0,0.0,0.0
1.5,0.2,2.0,0.4,24,train,0x3bf48564e102ddf0ffd19c998e6132eee8be5000,1,0.0,0.0,0.0,0.0,0.0,0.0
1.5,0.2,2.0,0.4,24,train,0x4e3468951d49f2eea976ed0d6e75ffcb44a9a544,2,0.0,0.0,0.0,0.0,0.0,0.0
1.5,0.2,2.0,0.4,24,train,0x6eaae6b721b6c896bbfc30d3a7f4999d5a94ca80,1,0.0,0.0,0.0,0.0,0.0,0.0
1.5,0.2,2.0,0.4,24,train,0x718793b91da00b21e5b11e89de3ec9b9b6234144,1,0.0,0.0,0.0,0.0,0.0,0.0
1.5,0.2,2.0,0.4,24,train,0x72cecfc6d9a07117d5d207537e0bfd4bdfdac0cc,1,100.0,0.0,10.610579427676736,10.610579427676736,10.610579427676736,100.0
1.5,0.2,2.0,0.4,24,train,0x75a54357d9c78a2db19004a5fdc76c50f9242aec,1,0.0,0.0,0.0,0.0,0.0,0.0
1.5,0.2,2.0,0.4,24,train,0xbc4397b7f01f347b7dfa35276ca73203f3348a80,1,0.0,0.0,0.0,0.0,0.0,0.0
1.5,0.2,2.0,0.4,24,train,0xbe3e194f0069013ae4a860b6c152131b2032c0cc,1,0.0,0.0,0.0,0.0,0.0,0.0
1.5,0.2,2.0,0.4,24,train,0xc7e90a703b7ca435089cb90b8b770353e52b0a80,1,0.0,0.0,0.0,0.0,0.0,0.0
1.5,0.2,2.0,0.4,24,train,0xe0a5a3ba19a680a72be08c39c5de4dddb1fe05c7,1,0.0,0.0,0.0,0.0,0.0,0.0
1.5,0.2,2.0,0.4,24,train,0xe5e702641ea86f4ae6cc3cdaed2b886f976be044,58,22.413793103448278,3.4482758620689653,-3.969636726327434,0.0,-26.657122576756244,3.4482758620689653
1.5,0.2,2.0,0.4,24,train,0xf1ee073811b14359d850825e48d200483200edcd,1,0.0,0.0,0.0,0.0,0.0,0.0
1.5,0.2,2.0,0.55,6,test,0x0000000000000000000000000000000000000000,5,0.0,0.0,0.0,0.0,0.0,0.0
1.5,0.2,2.0,0.55,6,test,0x2565055891704afe3e844d5b34a318108ce64144,1,0.0,0.0,0.0,0.0,0.0,0.0
1.5,0.2,2.0,0.55,6,test,0x261b0f5e05eb05c6496728f1ae4969810dbe8a80,1,0.0,0.0,0.0,0.0,0.0,0.0
1.5,0.2,2.0,0.55,6,test,0xe5e702641ea86f4ae6cc3cdaed2b886f976be044,15,13.333333333333334,0.0,-3.64421525366737,0.0,-15.097016183789394,0.0
1.5,0.2,2.0,0.55,6,train,0x0000000000000000000000000000000000000000,17,11.76470588235294,0.0,0.7165795747745589,0.0,0.0,5.88235294117647
1.5,0.2,2.0,0.55,6,train,0x00d18bc3fab01162f43f20c071559795fcaf4144,1,0.0,0.0,0.0,0.0,0.0,0.0
1.5,0.2,2.0,0.55,6,train,0x1e8bbf00d265e08a27e91bfbc1f9a4073c4b4144,1,100.0,0.0,-35.08425552517339,-35.08425552517339,-35.08425552517339,0.0
1.5,0.2,2.0,0.55,6,train,0x332f85e7e323214b2d55286414b059ebb1f2a044,1,100.0,0.0,-25.10198328162322,-25.10198328162322,-25.10198328162322,0.0
1.5,0.2,2.0,0.55,6,train,0x3ad9e44cb65e518e452bfcb78952ca45b66a8a80,1,0.0,0.0,0.0,0.0,0.0,0.0
1.5,0.2,2.0,0.55,6,train,0x3bf48564e102ddf0ffd19c998e6132eee8be5000,1,0.0,0.0,0.0,0.0,0.0,0.0
1.5,0.2,2.0,0.55,6,train,0x4e3468951d49f2eea976ed0d6e75ffcb44a9a544,2,0.0,0.0,0.0,0.0,0.0,0.0
1.5,0.2,2.0,0.55,6,train,0x6eaae6b721b6c896bbfc30d3a7f4999d5a94ca80,1,0.0,0.0,0.0,0.0,0.0,0.0
1.5,0.2,2.0,0.55,6,train,0x718793b91da00b21e5b11e89de3ec9b9b6234144,1,0.0,0.0,0.0,0.0,0.0,0.0
1.5,0.2,2.0,0.55,6,train,0x72cecfc6d9a07117d5d207537e0bfd4bdfdac0cc,1,100.0,0.0,10.610579427676736,10.610579427676736,10.610579427676736,100.0
1.5,0.2,2.0,0.55,6,train,0x75a54357d9c78a2db19004a5fdc76c50f9242aec,1,0.0,0.0,0.0,0.0,0.0,0.0
1.5,0.2,2.0,0.55,6,train,0xbc4397b7f01f347b7dfa35276ca73203f3348a80,1,0.0,0.0,0.0,0.0,0.0,0.0
1.5,0.2,2.0,0.55,6,train,0xbe3e194f0069013ae4a860b6c152131b2032c0cc,1,0.0,0.0,0.0,0.0,0.0,0.0
1.5,0.2,2.0,0.55,6,train,0xc7e90a703b7ca435089cb90b8b770353e52b0a80,1,0.0,0.0,0.0,0.0,0.0,0.0
1.5,0.2,2.0,0.55,6,train,0xe0a5a3ba19a680a72be08c39c5de4dddb1fe05c7,1,0.0,0.0,0.0,0.0,0.0,0.0
1.5,0.2,2.0,0.55,6,train,0xe5e702641ea86f4ae6cc3cdaed2b886f976be044,58,22.413793103448278,3.4482758620689653,-2.941506960074951,0.0,-26.657122576756244,5.172413793103448
1.5,0.2,2.0,0.55,6,train,0xf1ee073811b14359d850825e48d200483200edcd,1,0.0,0.0,0.0,0.0,0.0,0.0
1.5,0.2,2.0,0.55,12,test,0x0000000000000000000000000000000000000000,5,0.0,0.0,0.0,0.0,0.0,0.0
1.5,0.2,2.0,0.55,12,test,0x2565055891704afe3e844d5b34a318108ce64144,1,0.0,0.0,0.0,0.0,0.0,0.0
1.5,0.2,2.0,0.55,12,test,0x261b0f5e05eb05c6496728f1ae4969810dbe8a80,1,0.0,0.0,0.0,0.0,0.0,0.0
1.5,0.2,2.0,0.55,12,test,0xe5e702641ea86f4ae6cc3cdaed2b886f976be044,15,13.333333333333334,0.0,-3.64421525366737,0.0,-15.097016183789394,0.0
1.5,0.2,2.0,0.55,12,train,0x0000000000000000000000000000000000000000,17,11.76470588235294,0.0,0.7165795747745589,0.0,0.0,5.88235294117647
1.5,0.2,2.0,0.55,12,train,0x00d18bc3fab01162f43f20c071559795fcaf4144,1,0.0,0.0,0.0,0.0,0.0,0.0
1.5,0.2,2.0,0.55,12,train,0x1e8bbf00d265e08a27e91bfbc1f9a4073c4b4144,1,100.0,0.0,-35.08425552517339,-35.08425552517339,-35.08425552517339,0.0
1.5,0.2,2.0,0.55,12,train,0x332f85e7e323214b2d55286414b059ebb1f2a044,1,100.0,0.0,-25.10198328162322,-25.10198328162322,-25.10198328162322,0.0
1.5,0.2,2.0,0.55,12,train,0x3ad9e44cb65e518e452bfcb78952ca45b66a8a80,1,0.0,0.0,0.0,0.0,0.0,0.0
1.5,0.2,2.0,0.55,12,train,0x3bf48564e102ddf0ffd19c998e6132eee8be5000,1,0.0,0.0,0.0,0.0,0.0,0.0
1.5,0.2,2.0,0.55,12,train,0x4e3468951d49f2eea976ed0d6e75ffcb44a9a544,2,0.0,0.0,0.0,0.0,0.0,0.0
1.5,0.2,2.0,0.55,12,train,0x6eaae6b721b6c896bbfc30d3a7f4999d5a94ca80,1,0.0,0.0,0.0,0.0,0.0,0.0
1.5,0.2,2.0,0.55,12,train,0x718793b91da00b21e5b11e89de3ec9b9b6234144,1,0.0,0.0,0.0,0.0,0.0,0.0
1.5,0.2,2.0,0.55,12,train,0x72cecfc6d9a07117d5d207537e0bfd4bdfdac0cc,1,100.0,0.0,10.610579427676736,10.610579427676736,10.610579427676736,100.0
1.5,0.2,2.0,0.55,12,train,0x75a54357d9c78a2db19004a5fdc76c50f9242aec,1,0.0,0.0,0.0,0.0,0.0,0.0
1.5,0.2,2.0,0.55,12,train,0xbc4397b7f01f347b7dfa35276ca73203f3348a80,1,0.0,0.0,0.0,0.0,0.0,0.0
1.5,0.2,2.0,0.55,12,train,0xbe3e194f0069013ae4a860b6c152131b2032c0cc,1,0.0,0.0,0.0,0.0,0.0,0.0
1.5,0.2,2.0,0.55,12,train,0xc7e90a703b7ca435089cb90b8b770353e52b0a80,1,0.0,0.0,0.0,0.0,0.0,0.0
1.5,0.2,2.0,0.55,12,train,0xe0a5a3ba19a680a72be08c39c5de4dddb1fe05c7,1,0.0,0.0,0.0,0.0,0.0,0.0
1.5,0.2,2.0,0.55,12,train,0xe5e702641ea86f4ae6cc3cdaed2b886f976be044,58,22.413793103448278,3.4482758620689653,-4.213490422176153,0.0,-26.657122576756244,3.4482758620689653
1.5,0.2,2.0,0.55,12,train,0xf1ee073811b14359d850825e48d200483200edcd,1,0.0,0.0,0.0,0.0,0.0,0.0
1.5,0.2,2.0,0.55,24,test,0x0000000000000000000000000000000000000000,5,0.0,0.0,0.0,0.0,0.0,0.0
1.5,0.2,2.0,0.55,24,test,0x2565055891704afe3e844d5b34a318108ce64144,1,0.0,0.0,0.0,0.0,0.0,0.0
1.5,0.2,2.0,0.55,24,test,0x261b0f5e05eb05c6496728f1ae4969810dbe8a80,1,0.0,0.0,0.0,0.0,0.0,0.0
1.5,0.2,2.0,0.55,24,test,0xe5e702641ea86f4ae6cc3cdaed2b886f976be044,15,13.333333333333334,0.0,-3.64421525366737,0.0,-15.097016183789394,0.0
1.5,0.2,2.0,0.55,24,train,0x0000000000000000000000000000000000000000,17,11.76470588235294,0.0,0.7165795747745589,0.0,0.0,5.88235294117647
1.5,0.2,2.0,0.55,24,train,0x00d18bc3fab01162f43f20c071559795fcaf4144,1,0.0,0.0,0.0,0.0,0.0,0.0
1.5,0.2,2.0,0.55,24,train,0x1e8bbf00d265e08a27e91bfbc1f9a4073c4b4144,1,100.0,0.0,-35.08425552517339,-35.08425552517339,-35.08425552517339,0.0
1.5,0.2,2.0,0.55,24,train,0x332f85e7e323214b2d55286414b059ebb1f2a044,1,100.0,0.0,-25.10198328162322,-25.10198328162322,-25.10198328162322,0.0
1.5,0.2,2.0,0.55,24,train,0x3ad9e44cb65e518e452bfcb78952ca45b66a8a80,1,0.0,0.0,0.0,0.0,0.0,0.0
1.5,0.2,2.0,0.55,24,train,0x3bf48564e102ddf0ffd19c998e6132eee8be5000,1,0.0,0.0,0.0,0.0,0.0,0.0
1.5,0.2,2.0,0.55,24,train,0x4e3468951d49f2eea976ed0d6e75ffcb44a9a544,2,0.0,0.0,0.0,0.0,0.0,0.0
1.5,0.2,2.0,0.55,24,train,0x6eaae6b721b6c896bbfc30d3a7f4999d5a94ca80,1,0.0,0.0,0.0,0.0,0.0,0.0
1.5,0.2,2.0,0.55,24,train,0x718793b91da00b21e5b11e89de3ec9b9b6234144,1,0.0,0.0,0.0,0.0,0.0,0.0
1.5,0.2,2.0,0.55,24,train,0x72cecfc6d9a07117d5d207537e0bfd4bdfdac0cc,1,100.0,0.0,10.610579427676736,10.610579427676736,10.610579427676736,100.0
1.5,0.2,2.0,0.55,24,train,0x75a54357d9c78a2db19004a5fdc76c50f9242aec,1,0.0,0.0,0.0,0.0,0.0,0.0
1.5,0.2,2.0,0.55,24,train,0xbc4397b7f01f347b7dfa35276ca73203f3348a80,1,0.0,0.0,0.0,0.0,0.0,0.0
1.5,0.2,2.0,0.55,24,train,0xbe3e194f0069013ae4a860b6c152131b2032c0cc,1,0.0,0.0,0.0,0.0,0.0,0.0
1.5,0.2,2.0,0.55,24,train,0xc7e90a703b7ca435089cb90b8b770353e52b0a80,1,0.0,0.0,0.0,0.0,0.0,0.0
1.5,0.2,2.0,0.55,24,train,0xe0a5a3ba19a680a72be08c39c5de4dddb1fe05c7,1,0.0,0.0,0.0,0.0,0.0,0.0
1.5,0.2,2.0,0.55,24,train,0xe5e702641ea86f4ae6cc3cdaed2b886f976be044,58,22.413793103448278,3.4482758620689653,-4.532495314851064,0.0,-26.657122576756244,3.4482758620689653
1.5,0.2,2.0,0.55,24,train,0xf1ee073811b14359d850825e48d200483200edcd,1,0.0,0.0,0.0,0.0,0.0,0.0
1.5,0.2,2.0,0.7,6,test,0x0000000000000000000000000000000000000000,5,0.0,0.0,0.0,0.0,0.0,0.0
1.5,0.2,2.0,0.7,6,test,0x2565055891704afe3e844d5b34a318108ce64144,1,0.0,0.0,0.0,0.0,0.0,0.0
1.5,0.2,2.0,0.7,6,test,0x261b0f5e05eb05c6496728f1ae4969810dbe8a80,1,0.0,0.0,0.0,0.0,0.0,0.0
1.5,0.2,2.0,0.7,6,test,0xe5e702641ea86f4ae6cc3cdaed2b886f976be044,15,13.333333333333334,0.0,-3.64421525366737,0.0,-15.097016183789394,0.0
1.5,0.2,2.0,0.7,6,train,0x0000000000000000000000000000000000000000,17,11.76470588235294,0.0,0.7165795747745589,0.0,0.0,5.88235294117647
1.5,0.2,2.0,0.7,6,train,0x00d18bc3fab01162f43f20c071559795fcaf4144,1,0.0,0.0,0.0,0.0,0.0,0.0
1.5,0.2,2.0,0.7,6,train,0x1e8bbf00d265e08a27e91bfbc1f9a4073c4b4144,1,100.0,0.0,-35.08425552517339,-35.08425552517339,-35.08425552517339,0.0
1.5,0.2,2.0,0.7,6,train,0x332f85e7e323214b2d55286414b059ebb1f2a044,1,100.0,0.0,-25.10198328162322,-25.10198328162322,-25.10198328162322,0.0
1.5,0.2,2.0,0.7,6,train,0x3ad9e44cb65e518e452bfcb78952ca45b66a8a80,1,0.0,0.0,0.0,0.0,0.0,0.0
1.5,0.2,2.0,0.7,6,train,0x3bf48564e102ddf0ffd19c998e6132eee8be5000,1,0.0,0.0,0.0,0.0,0.0,0.0
1.5,0.2,2.0,0.7,6,train,0x4e3468951d49f2eea976ed0d6e75ffcb44a9a544,2,0.0,0.0,0.0,0.0,0.0,0.0
1.5,0.2,2.0,0.7,6,train,0x6eaae6b721b6c896bbfc30d3a7f4999d5a94ca80,1,0.0,0.0,0.0,0.0,0.0,0.0
1.5,0.2,2.0,0.7,6,train,0x718793b91da00b21e5b11e89de3ec9b9b6234144,1,0.0,0.0,0.0,0.0,0.0,0.0
1.5,0.2,2.0,0.7,6,train,0x72cecfc6d9a07117d5d207537e0bfd4bdfdac0cc,1,100.0,0.0,10.610579427676736,10.610579427676736,10.610579427676736,100.0
1.5,0.2,2.0,0.7,6,train,0x75a54357d9c78a2db19004a5fdc76c50f9242aec,1,0.0,0.0,0.0,0.0,0.0,0.0
1.5,0.2,2.0,0.7,6,train,0xbc4397b7f01f347b7dfa35276ca73203f3348a80,1,0.0,0.0,0.0,0.0,0.0,0.0
1.5,0.2,2.0,0.7,6,train,0xbe3e194f0069013ae4a860b6c152131b2032c0cc,1,0.0,0.0,0.0,0.0,0.0,0.0
1.5,0.2,2.0,0.7,6,train,0xc7e90a703b7ca435089cb90b8b770353e52b0a80,1,0.0,0.0,0.0,0.0,0.0,0.0
1.5,0.2,2.0,0.7,6,train,0xe0a5a3ba19a680a72be08c39c5de4dddb1fe05c7,1,0.0,0.0,0.0,0.0,0.0,0.0
1.5,0.2,2.0,0.7,6,train,0xe5e702641ea86f4ae6cc3cdaed2b886f976be044,58,22.413793103448278,3.4482758620689653,-3.372878863307268,0.0,-26.657122576756244,5.172413793103448
1.5,0.2,2.0,0.7,6,train,0xf1ee073811b14359d850825e48d200483200edcd,1,0.0,0.0,0.0,0.0,0.0,0.0
1.5,0.2,2.0,0.7,12,test,0x0000000000000000000000000000000000000000,5,0.0,0.0,0.0,0.0,0.0,0.0
1.5,0.2,2.0,0.7,12,test,0x2565055891704afe3e844d5b34a318108ce64144,1,0.0,0.0,0.0,0.0,0.0,0.0
1.5,0.2,2.0,0.7,12,test,0x261b0f5e05eb05c6496728f1ae4969810dbe8a80,1,0.0,0.0,0.0,0.0,0.0,0.0
1.5,0.2,2.0,0.7,12,test,0xe5e702641ea86f4ae6cc3cdaed2b886f976be044,15,13.333333333333334,0.0,-3.64421525366737,0.0,-15.097016183789394,0.0
1.5,0.2,2.0,0.7,12,train,0x0000000000000000000000000000000000000000,17,11.76470588235294,0.0,0.7165795747745589,0.0,0.0,5.88235294117647
1.5,0.2,2.0,0.7,12,train,0x00d18bc3fab01162f43f20c071559795fcaf4144,1,0.0,0.0,0.0,0.0,0.0,0.0
1.5,0.2,2.0,0.7,12,train,0x1e8bbf00d265e08a27e91bfbc1f9a4073c4b4144,1,100.0,0.0,-35.08425552517339,-35.08425552517339,-35.08425552517339,0.0
1.5,0.2,2.0,0.7,12,train,0x332f85e7e323214b2d55286414b059ebb1f2a044,1,100.0,0.0,-25.10198328162322,-25.10198328162322,-25.10198328162322,0.0
1.5,0.2,2.0,0.7,12,train,0x3ad9e44cb65e518e452bfcb78952ca45b66a8a80,1,0.0,0.0,0.0,0.0,0.0,0.0
1.5,0.2,2.0,0.7,12,train,0x3bf48564e102ddf0ffd19c998e6132eee8be5000,1,0.0,0.0,0.0,0.0,0.0,0.0
1.5,0.2,2.0,0.7,12,train,0x4e3468951d49f2eea976ed0d6e75ffcb44a9a544,2,0.0,0.0,0.0,0.0,0.0,0.0
1.5,0.2,2.0,0.7,12,train,0x6eaae6b721b6c896bbfc30d3a7f4999d5a94ca80,1,0.0,0.0,0.0,0.0,0.0,0.0
1.5,0.2,2.0,0.7,12,train,0x718793b91da00b21e5b11e89de3ec9b9b6234144,1,0.0,0.0,0.0,0.0,0.0,0.0
1.5,0.2,2.0,0.7,12,train,0x72cecfc6d9a07117d5d207537e0bfd4bdfdac0cc,1,100.0,0.0,10.610579427676736,10.610579427676736,10.610579427676736,100.0
1.5,0.2,2.0,0.7,12,train,0x75a54357d9c78a2db19004a5fdc76c50f9242aec,1,0.0,0.0,0.0,0.0,0.0,0.0
1.5,0.2,2.0,0.7,12,train,0xbc4397b7f01f347b7dfa35276ca73203f3348a80,1,0.0,0.0,0.0,0.0,0.0,0.0
1.5,0.2,2.0,0.7,12,train,0xbe3e194f0069013ae4a860b6c152131b2032c0cc,1,0.0,0.0,0.0,0.0,0.0,0.0
1.5,0.2,2.0,0.7,12,train,0xc7e90a703b7ca435089cb90b8b770353e52b0a80,1,0.0,0.0,0.0,0.0,0.0,0.0
1.5,0.2,2.0,0.7,12,train,0xe0a5a3ba19a680a72be08c39c5de4dddb1fe05c7,1,0.0,0.0,0.0,0.0,0.0,0.0
1.5,0.2,2.0,0.7,12,train,0xe5e702641ea86f4ae6cc3cdaed2b886f976be044,58,22.413793103448278,3.4482758620689653,-4.64486232540847,0.0,-26.657122576756244,3.4482758620689653
1.5,0.2,2.0,0.7,12,train,0xf1ee073811b14359d850825e48d200483200edcd,1,0.0,0.0,0.0,0.0,0.0,0.0
1.5,0.2,2.0,0.7,24,test,0x0000000000000000000000000000000000000000,5,0.0,0.0,0.0,0.0,0.0,0.0
1.5,0.2,2.0,0.7,24,test,0x2565055891704afe3e844d5b34a318108ce64144,1,0.0,0.0,0.0,0.0,0.0,0.0
1.5,0.2,2.0,0.7,24,test,0x261b0f5e05eb05c6496728f1ae4969810dbe8a80,1,0.0,0.0,0.0,0.0,0.0,0.0
1.5,0.2,2.0,0.7,24,test,0xe5e702641ea86f4ae6cc3cdaed2b886f976be044,15,13.333333333333334,0.0,-3.64421525366737,0.0,-15.097016183789394,0.0
1.5,0.2,2.0,0.7,24,train,0x0000000000000000000000000000000000000000,17,11.76470588235294,0.0,0.7165795747745589,0.0,0.0,5.88235294117647
1.5,0.2,2.0,0.7,24,train,0x00d18bc3fab01162f43f20c071559795fcaf4144,1,0.0,0.0,0.0,0.0,0.0,0.0
1.5,0.2,2.0,0.7,24,train,0x1e8bbf00d265e08a27e91bfbc1f9a4073c4b4144,1,100.0,0.0,-35.08425552517339,-35.08425552517339,-35.08425552517339,0.0
1.5,0.2,2.0,0.7,24,train,0x332f85e7e323214b2d55286414b059ebb1f2a044,1,100.0,0.0,-25.10198328162322,-25.10198328162322,-25.10198328162322,0.0
1.5,0.2,2.0,0.7,24,train,0x3ad9e44cb65e518e452bfcb78952ca45b66a8a80,1,0.0,0.0,0.0,0.0,0.0,0.0
1.5,0.2,2.0,0.7,24,train,0x3bf48564e102ddf0ffd19c998e6132eee8be5000,1,0.0,0.0,0.0,0.0,0.0,0.0
1.5,0.2,2.0,0.7,24,train,0x4e3468951d49f2eea976ed0d6e75ffcb44a9a544,2,0.0,0.0,0.0,0.0,0.0,0.0
1.5,0.2,2.0,0.7,24,train,0x6eaae6b721b6c896bbfc30d3a7f4999d5a94ca80,1,0.0,0.0,0.0,0.0,0.0,0.0
1.5,0.2,2.0,0.7,24,train,0x718793b91da00b21e5b11e89de3ec9b9b6234144,1,0.0,0.0,0.0,0.0,0.0,0.0
1.5,0.2,2.0,0.7,24,train,0x72cecfc6d9a07117d5d207537e0bfd4bdfdac0cc,1,100.0,0.0,10.610579427676736,10.610579427676736,10.610579427676736,100.0
1.5,0.2,2.0,0.7,24,train,0x75a54357d9c78a2db19004a5fdc76c50f9242aec,1,0.0,0.0,0.0,0.0,0.0,0.0
1.5,0.2,2.0,0.7,24,train,0xbc4397b7f01f347b7dfa35276ca73203f3348a80,1,0.0,0.0,0.0,0.0,0.0,0.0
1.5,0.2,2.0,0.7,24,train,0xbe3e194f0069013ae4a860b6c152131b2032c0cc,1,0.0,0.0,0.0,0.0,0.0,0.0
1.5,0.2,2.0,0.7,24,train,0xc7e90a703b7ca435089cb90b8b770353e52b0a80,1,0.0,0.0,0.0,0.0,0.0,0.0
1.5,0.2,2.0,0.7,24,train,0xe0a5a3ba19a680a72be08c39c5de4dddb1fe05c7,1,0.0,0.0,0.0,0.0,0.0,0.0
1.5,0.2,2.0,0.7,24,train,0xe5e702641ea86f4ae6cc3cdaed2b886f976be044,58,22.413793103448278,3.4482758620689653,-4.96386721808338,0.0,-26.657122576756244,3.4482758620689653
1.5,0.2,2.0,0.7,24,train,0xf1ee073811b14359d850825e48d200483200edcd,1,0.0,0.0,0.0,0.0,0.0,0.0
1.5,0.2,3.0,0.4,6,test,0x0000000000000000000000000000000000000000,5,0.0,0.0,0.0,0.0,0.0,0.0
1.5,0.2,3.0,0.4,6,test,0x2565055891704afe3e844d5b34a318108ce64144,1,0.0,0.0,0.0,0.0,0.0,0.0
1.5,0.2,3.0,0.4,6,test,0x261b0f5e05eb05c6496728f1ae4969810dbe8a80,1,0.0,0.0,0.0,0.0,0.0,0.0
1.5,0.2,3.0,0.4,6,test,0xe5e702641ea86f4ae6cc3cdaed2b886f976be044,15,13.333333333333334,0.0,-3.64421525366737,0.0,-15.097016183789394,0.0
1.5,0.2,3.0,0.4,6,train,0x0000000000000000000000000000000000000000,17,11.76470588235294,0.0,0.7165795747745589,0.0,0.0,5.88235294117647
1.5,0.2,3.0,0.4,6,train,0x00d18bc3fab01162f43f20c071559795fcaf4144,1,0.0,0.0,0.0,0.0,0.0,0.0
1.5,0.2,3.0,0.4,6,train,0x1e8bbf00d265e08a27e91bfbc1f9a4073c4b4144,1,100.0,0.0,-35.08425552517339,-35.08425552517339,-35.08425552517339,0.0
1.5,0.2,3.0,0.4,6,train,0x332f85e7e323214b2d55286414b059ebb1f2a044,1,100.0,0.0,-25.10198328162322,-25.10198328162322,-25.10198328162322,0.0
1.5,0.2,3.0,0.4,6,train,0x3ad9e44cb65e518e452bfcb78952ca45b66a8a80,1,0.0,0.0,0.0,0.0,0.0,0.0
1.5,0.2,3.0,0.4,6,train,0x3bf48564e102ddf0ffd19c998e6132eee8be5000,1,0.0,0.0,0.0,0.0,0.0,0.0
1.5,0.2,3.0,0.4,6,train,0x4e3468951d49f2eea976ed0d6e75ffcb44a9a544,2,0.0,0.0,0.0,0.0,0.0,0.0
1.5,0.2,3.0,0.4,6,train,0x6eaae6b721b6c896bbfc30d3a7f4999d5a94ca80,1,0.0,0.0,0.0,0.0,0.0,0.0
1.5,0.2,3.0,0.4,6,train,0x718793b91da00b21e5b11e89de3ec9b9b6234144,1,0.0,0.0,0.0,0.0,0.0,0.0
1.5,0.2,3.0,0.4,6,train,0x72cecfc6d9a07117d5d207537e0bfd4bdfdac0cc,1,100.0,0.0,10.610579427676736,10.610579427676736,10.610579427676736,100.0
1.5,0.2,3.0,0.4,6,train,0x75a54357d9c78a2db19004a5fdc76c50f9242aec,1,0.0,0.0,0.0,0.0,0.0,0.0
1.5,0.2,3.0,0.4,6,train,0xbc4397b7f01f347b7dfa35276ca73203f3348a80,1,0.0,0.0,0.0,0.0,0.0,0.0
1.5,0.2,3.0,0.4,6,train,0xbe3e194f0069013ae4a860b6c152131b2032c0cc,1,0.0,0.0,0.0,0.0,0.0,0.0
1.5,0.2,3.0,0.4,6,train,0xc7e90a703b7ca435089cb90b8b770353e52b0a80,1,0.0,0.0,0.0,0.0,0.0,0.0
1.5,0.2,3.0,0.4,6,train,0xe0a5a3ba19a680a72be08c39c5de4dddb1fe05c7,1,0.0,0.0,0.0,0.0,0.0,0.0
1.5,0.2,3.0,0.4,6,train,0xe5e702641ea86f4ae6cc3cdaed2b886f976be044,58,22.413793103448278,1.7241379310344827,-0.2856551424066195,0.0,-26.657122576756244,5.172413793103448
1.5,0.2,3.0,0.4,6,train,0xf1ee073811b14359d850825e48d200483200edcd,1,0.0,0.0,0.0,0.0,0.0,0.0
1.5,0.2,3.0,0.4,12,test,0x0000000000000000000000000000000000000000,5,0.0,0.0,0.0,0.0,0.0,0.0
1.5,0.2,3.0,0.4,12,test,0x2565055891704afe3e844d5b34a318108ce64144,1,0.0,0.0,0.0,0.0,0.0,0.0
1.5,0.2,3.0,0.4,12,test,0x261b0f5e05eb05c6496728f1ae4969810dbe8a80,1,0.0,0.0,0.0,0.0,0.0,0.0
1.5,0.2,3.0,0.4,12,test,0xe5e702641ea86f4ae6cc3cdaed2b886f976be044,15,13.333333333333334,0.0,-3.64421525366737,0.0,-15.097016183789394,0.0
1.5,0.2,3.0,0.4,12,train,0x0000000000000000000000000000000000000000,17,11.76470588235294,0.0,0.7165795747745589,0.0,0.0,5.88235294117647
1.5,0.2,3.0,0.4,12,train,0x00d18bc3fab01162f43f20c071559795fcaf4144,1,0.0,0.0,0.0,0.0,0.0,0.0
1.5,0.2,3.0,0.4,12,train,0x1e8bbf00d265e08a27e91bfbc1f9a4073c4b4144,1,100.0,0.0,-35.08425552517339,-35.08425552517339,-35.08425552517339,0.0
1.5,0.2,3.0,0.4,12,train,0x332f85e7e323214b2d55286414b059ebb1f2a044,1,100.0,0.0,-25.10198328162322,-25.10198328162322,-25.10198328162322,0.0
1.5,0.2,3.0,0.4,12,train,0x3ad9e44cb65e518e452bfcb78952ca45b66a8a80,1,0.0,0.0,0.0,0.0,0.0,0.0
1.5,0.2,3.0,0.4,12,train,0x3bf48564e102ddf0ffd19c998e6132eee8be5000,1,0.0,0.0,0.0,0.0,0.0,0.0
1.5,0.2,3.0,0.4,12,train,0x4e3468951d49f2eea976ed0d6e75ffcb44a9a544,2,0.0,0.0,0.0,0.0,0.0,0.0
1.5,0.2,3.0,0.4,12,train,0x6eaae6b721b6c896bbfc30d3a7f4999d5a94ca80,1,0.0,0.0,0.0,0.0,0.0,0.0
1.5,0.2,3.0,0.4,12,train,0x718793b91da00b21e5b11e89de3ec9b9b6234144,1,0.0,0.0,0.0,0.0,0.0,0.0
1.5,0.2,3.0,0.4,12,train,0x72cecfc6d9a07117d5d207537e0bfd4bdfdac0cc,1,100.0,0.0,10.610579427676736,10.610579427676736,10.610579427676736,100.0
1.5,0.2,3.0,0.4,12,train,0x75a54357d9c78a2db19004a5fdc76c50f9242aec,1,0.0,0.0,0.0,0.0,0.0,0.0
1.5,0.2,3.0,0.4,12,train,0xbc4397b7f01f347b7dfa35276ca73203f3348a80,1,0.0,0.0,0.0,0.0,0.0,0.0
1.5,0.2,3.0,0.4,12,train,0xbe3e194f0069013ae4a860b6c152131b2032c0cc,1,0.0,0.0,0.0,0.0,0.0,0.0
1.5,0.2,3.0,0.4,12,train,0xc7e90a703b7ca435089cb90b8b770353e52b0a80,1,0.0,0.0,0.0,0.0,0.0,0.0
1.5,0.2,3.0,0.4,12,train,0xe0a5a3ba19a680a72be08c39c5de4dddb1fe05c7,1,0.0,0.0,0.0,0.0,0.0,0.0
1.5,0.2,3.0,0.4,12,train,0xe5e702641ea86f4ae6cc3cdaed2b886f976be044,58,22.413793103448278,1.7241379310344827,-3.7067102118350546,0.0,-27.910738893327043,1.7241379310344827
1.5,0.2,3.0,0.4,12,train,0xf1ee073811b14359d850825e48d200483200edcd,1,0.0,0.0,0.0,0.0,0.0,0.0
1.5,0.2,3.0,0.4,24,test,0x0000000000000000000000000000000000000000,5,0.0,0.0,0.0,0.0,0.0,0.0
1.5,0.2,3.0,0.4,24,test,0x2565055891704afe3e844d5b34a318108ce64144,1,0.0,0.0,0.0,0.0,0.0,0.0
1.5,0.2,3.0,0.4,24,test,0x261b0f5e05eb05c6496728f1ae4969810dbe8a80,1,0.0,0.0,0.0,0.0,0.0,0.0
1.5,0.2,3.0,0.4,24,test,0xe5e702641ea86f4ae6cc3cdaed2b886f976be044,15,13.333333333333334,0.0,-3.64421525366737,0.0,-15.097016183789394,0.0
1.5,0.2,3.0,0.4,24,train,0x0000000000000000000000000000000000000000,17,11.76470588235294,0.0,0.7165795747745589,0.0,0.0,5.88235294117647
1.5,0.2,3.0,0.4,24,train,0x00d18bc3fab01162f43f20c071559795fcaf4144,1,0.0,0.0,0.0,0.0,0.0,0.0
1.5,0.2,3.0,0.4,24,train,0x1e8bbf00d265e08a27e91bfbc1f9a4073c4b4144,1,100.0,0.0,-35.08425552517339,-35.08425552517339,-35.08425552517339,0.0
1.5,0.2,3.0,0.4,24,train,0x332f85e7e323214b2d55286414b059ebb1f2a044,1,100.0,0.0,-25.10198328162322,-25.10198328162322,-25.10198328162322,0.0
1.5,0.2,3.0,0.4,24,train,0x3ad9e44cb65e518e452bfcb78952ca45b66a8a80,1,0.0,0.0,0.0,0.0,0.0,0.0
1.5,0.2,3.0,0.4,24,train,0x3bf48564e102ddf0ffd19c998e6132eee8be5000,1,0.0,0.0,0.0,0.0,0.0,0.0
1.5,0.2,3.0,0.4,24,train,0x4e3468951d49f2eea976ed0d6e75ffcb44a9a544,2,0.0,0.0,0.0,0.0,0.0,0.0
1.5,0.2,3.0,0.4,24,train,0x6eaae6b721b6c896bbfc30d3a7f4999d5a94ca80,1,0.0,0.0,0.0,0.0,0.0,0.0
1.5,0.2,3.0,0.4,24,train,0x718793b91da00b21e5b11e89de3ec9b9b6234144,1,0.0,0.0,0.0,0.0,0.0,0.0
1.5,0.2,3.0,0.4,24,train,0x72cecfc6d9a07117d5d207537e0bfd4bdfdac0cc,1,100.0,0.0,10.610579427676736,10.610579427676736,10.610579427676736,100.0
1.5,0.2,3.0,0.4,24,train,0x75a54357d9c78a2db19004a5fdc76c50f9242aec,1,0.0,0.0,0.0,0.0,0.0,0.0
1.5,0.2,3.0,0.4,24,train,0xbc4397b7f01f347b7dfa35276ca73203f3348a80,1,0.0,0.0,0.0,0.0,0.0,0.0
1.5,0.2,3.0,0.4,24,train,0xbe3e194f0069013ae4a860b6c152131b2032c0cc,1,0.0,0.0,0.0,0.0,0.0,0.0
1.5,0.2,3.0,0.4,24,train,0xc7e90a703b7ca435089cb90b8b770353e52b0a80,1,0.0,0.0,0.0,0.0,0.0,0.0
1.5,0.2,3.0,0.4,24,train,0xe0a5a3ba19a680a72be08c39c5de4dddb1fe05c7,1,0.0,0.0,0.0,0.0,0.0,0.0
1.5,0.2,3.0,0.4,24,train,0xe5e702641ea86f4ae6cc3cdaed2b886f976be044,58,22.413793103448278,1.7241379310344827,-4.025715104509965,0.0,-27.910738893327043,1.7241379310344827
1.5,0.2,3.0,0.4,24,train,0xf1ee073811b14359d850825e48d200483200edcd,1,0.0,0.0,0.0,0.0,0.0,0.0
1.5,0.2,3.0,0.55,6,test,0x0000000000000000000000000000000000000000,5,0.0,0.0,0.0,0.0,0.0,0.0
1.5,0.2,3.0,0.55,6,test,0x2565055891704afe3e844d5b34a318108ce64144,1,0.0,0.0,0.0,0.0,0.0,0.0
1.5,0.2,3.0,0.55,6,test,0x261b0f5e05eb05c6496728f1ae4969810dbe8a80,1,0.0,0.0,0.0,0.0,0.0,0.0
1.5,0.2,3.0,0.55,6,test,0xe5e702641ea86f4ae6cc3cdaed2b886f976be044,15,13.333333333333334,0.0,-3.64421525366737,0.0,-15.097016183789394,0.0
1.5,0.2,3.0,0.55,6,train,0x0000000000000000000000000000000000000000,17,11.76470588235294,0.0,0.7165795747745589,0.0,0.0,5.88235294117647
1.5,0.2,3.0,0.55,6,train,0x00d18bc3fab01162f43f20c071559795fcaf4144,1,0.0,0.0,0.0,0.0,0.0,0.0
1.5,0.2,3.0,0.55,6,train,0x1e8bbf00d265e08a27e91bfbc1f9a4073c4b4144,1,100.0,0.0,-35.08425552517339,-35.08425552517339,-35.08425552517339,0.0
1.5,0.2,3.0,0.55,6,train,0x332f85e7e323214b2d55286414b059ebb1f2a044,1,100.0,0.0,-25.10198328162322,-25.10198328162322,-25.10198328162322,0.0
1.5,0.2,3.0,0.55,6,train,0x3ad9e44cb65e518e452bfcb78952ca45b66a8a80,1,0.0,0.0,0.0,0.0,0.0,0.0
1.5,0.2,3.0,0.55,6,train,0x3bf48564e102ddf0ffd19c998e6132eee8be5000,1,0.0,0.0,0.0,0.0,0.0,0.0
1.5,0.2,3.0,0.55,6,train,0x4e3468951d49f2eea976ed0d6e75ffcb44a9a544,2,0.0,0.0,0.0,0.0,0.0,0.0
1.5,0.2,3.0,0.55,6,train,0x6eaae6b721b6c896bbfc30d3a7f4999d5a94ca80,1,0.0,0.0,0.0,0.0,0.0,0.0
1.5,0.2,3.0,0.55,6,train,0x718793b91da00b21e5b11e89de3ec9b9b6234144,1,0.0,0.0,0.0,0.0,0.0,0.0
1.5,0.2,3.0,0.55,6,train,0x72cecfc6d9a07117d5d207537e0bfd4bdfdac0cc,1,100.0,0.0,10.610579427676736,10.610579427676736,10.610579427676736,100.0
1.5,0.2,3.0,0.55,6,train,0x75a54357d9c78a2db19004a5fdc76c50f9242aec,1,0.0,0.0,0.0,0.0,0.0,0.0
1.5,0.2,3.0,0.55,6,train,0xbc4397b7f01f347b7dfa35276ca73203f3348a80,1,0.0,0.0,0.0,0.0,0.0,0.0
1.5,0.2,3.0,0.55,6,train,0xbe3e194f0069013ae4a860b6c152131b2032c0cc,1,0.0,0.0,0.0,0.0,0.0,0.0
1.5,0.2,3.0,0.55,6,train,0xc7e90a703b7ca435089cb90b8b770353e52b0a80,1,0.0,0.0,0.0,0.0,0.0,0.0
1.5,0.2,3.0,0.55,6,train,0xe0a5a3ba19a680a72be08c39c5de4dddb1fe05c7,1,0.0,0.0,0.0,0.0,0.0,0.0
1.5,0.2,3.0,0.55,6,train,0xe5e702641ea86f4ae6cc3cdaed2b886f976be044,58,22.413793103448278,1.7241379310344827,-1.220323034286052,0.0,-26.657122576756244,5.172413793103448
1.5,0.2,3.0,0.55,6,train,0xf1ee073811b14359d850825e48d200483200edcd,1,0.0,0.0,0.0,0.0,0.0,0.0
1.5,0.2,3.0,0.55,12,test,0x0000000000000000000000000000000000000000,5,0.0,0.0,0.0,0.0,0.0,0.0
1.5,0.2,3.0,0.55,12,test,0x2565055891704afe3e844d5b34a318108ce64144,1,0.0,0.0,0.0,0.0,0.0,0.0
1.5,0.2,3.0,0.55,12,test,0x261b0f5e05eb05c6496728f1ae4969810dbe8a80,1,0.0,0.0,0.0,0.0,0.0,0.0
1.5,0.2,3.0,0.55,12,test,0xe5e702641ea86f4ae6cc3cdaed2b886f976be044,15,13.333333333333334,0.0,-3.64421525366737,0.0,-15.097016183789394,0.0
1.5,0.2,3.0,0.55,12,train,0x0000000000000000000000000000000000000000,17,11.76470588235294,0.0,0.7165795747745589,0.0,0.0,5.88235294117647
1.5,0.2,3.0,0.55,12,train,0x00d18bc3fab01162f43f20c071559795fcaf4144,1,0.0,0.0,0.0,0.0,0.0,0.0
1.5,0.2,3.0,0.55,12,train,0x1e8bbf00d265e08a27e91bfbc1f9a4073c4b4144,1,100.0,0.0,-35.08425552517339,-35.08425552517339,-35.08425552517339,0.0
1.5,0.2,3.0,0.55,12,train,0x332f85e7e323214b2d55286414b059ebb1f2a044,1,100.0,0.0,-25.10198328162322,-25.10198328162322,-25.10198328162322,0.0
1.5,0.2,3.0,0.55,12,train,0x3ad9e44cb65e518e452bfcb78952ca45b66a8a80,1,0.0,0.0,0.0,0.0,0.0,0.0
1.5,0.2,3.0,0.55,12,train,0x3bf48564e102ddf0ffd19c998e6132eee8be5000,1,0.0,0.0,0.0,0.0,0.0,0.0
1.5,0.2,3.0,0.55,12,train,0x4e3468951d49f2eea976ed0d6e75ffcb44a9a544,2,0.0,0.0,0.0,0.0,0.0,0.0
1.5,0.2,3.0,0.55,12,train,0x6eaae6b721b6c896bbfc30d3a7f4999d5a94ca80,1,0.0,0.0,0.0,0.0,0.0,0.0
1.5,0.2,3.0,0.55,12,train,0x718793b91da00b21e5b11e89de3ec9b9b6234144,1,0.0,0.0,0.0,0.0,0.0,0.0
1.5,0.2,3.0,0.55,12,train,0x72cecfc6d9a07117d5d207537e0bfd4bdfdac0cc,1,100.0,0.0,10.610579427676736,10.610579427676736,10.610579427676736,100.0
1.5,0.2,3.0,0.55,12,train,0x75a54357d9c78a2db19004a5fdc76c50f9242aec,1,0.0,0.0,0.0,0.0,0.0,0.0
1.5,0.2,3.0,0.55,12,train,0xbc4397b7f01f347b7dfa35276ca73203f3348a80,1,0.0,0.0,0.0,0.0,0.0,0.0
1.5,0.2,3.0,0.55,12,train,0xbe3e194f0069013ae4a860b6c152131b2032c0cc,1,0.0,0.0,0.0,0.0,0.0,0.0
1.5,0.2,3.0,0.55,12,train,0xc7e90a703b7ca435089cb90b8b770353e52b0a80,1,0.0,0.0,0.0,0.0,0.0,0.0
1.5,0.2,3.0,0.55,12,train,0xe0a5a3ba19a680a72be08c39c5de4dddb1fe05c7,1,0.0,0.0,0.0,0.0,0.0,0.0
1.5,0.2,3.0,0.55,12,train,0xe5e702641ea86f4ae6cc3cdaed2b886f976be044,58,22.413793103448278,1.7241379310344827,-4.641378103714487,0.0,-27.910738893327043,1.7241379310344827
1.5,0.2,3.0,0.55,12,train,0xf1ee073811b14359d850825e48d200483200edcd,1,0.0,0.0,0.0,0.0,0.0,0.0
1.5,0.2,3.0,0.55,24,test,0x0000000000000000000000000000000000000000,5,0.0,0.0,0.0,0.0,0.0,0.0
1.5,0.2,3.0,0.55,24,test,0x2565055891704afe3e844d5b34a318108ce64144,1,0.0,0.0,0.0,0.0,0.0,0.0
1.5,0.2,3.0,0.55,24,test,0x261b0f5e05eb05c6496728f1ae4969810dbe8a80,1,0.0,0.0,0.0,0.0,0.0,0.0
1.5,0.2,3.0,0.55,24,test,0xe5e702641ea86f4ae6cc3cdaed2b886f976be044,15,13.333333333333334,0.0,-3.64421525366737,0.0,-15.097016183789394,0.0
1.5,0.2,3.0,0.55,24,train,0x0000000000000000000000000000000000000000,17,11.76470588235294,0.0,0.7165795747745589,0.0,0.0,5.88235294117647
1.5,0.2,3.0,0.55,24,train,0x00d18bc3fab01162f43f20c071559795fcaf4144,1,0.0,0.0,0.0,0.0,0.0,0.0
1.5,0.2,3.0,0.55,24,train,0x1e8bbf00d265e08a27e91bfbc1f9a4073c4b4144,1,100.0,0.0,-35.08425552517339,-35.08425552517339,-35.08425552517339,0.0
1.5,0.2,3.0,0.55,24,train,0x332f85e7e323214b2d55286414b059ebb1f2a044,1,100.0,0.0,-25.10198328162322,-25.10198328162322,-25.10198328162322,0.0
1.5,0.2,3.0,0.55,24,train,0x3ad9e44cb65e518e452bfcb78952ca45b66a8a80,1,0.0,0.0,0.0,0.0,0.0,0.0
1.5,0.2,3.0,0.55,24,train,0x3bf48564e102ddf0ffd19c998e6132eee8be5000,1,0.0,0.0,0.0,0.0,0.0,0.0
1.5,0.2,3.0,0.55,24,train,0x4e3468951d49f2eea976ed0d6e75ffcb44a9a544,2,0.0,0.0,0.0,0.0,0.0,0.0
1.5,0.2,3.0,0.55,24,train,0x6eaae6b721b6c896bbfc30d3a7f4999d5a94ca80,1,0.0,0.0,0.0,0.0,0.0,0.0
1.5,0.2,3.0,0.55,24,train,0x718793b91da00b21e5b11e89de3ec9b9b6234144,1,0.0,0.0,0.0,0.0,0.0,0.0
1.5,0.2,3.0,0.55,24,train,0x72cecfc6d9a07117d5d207537e0bfd4bdfdac0cc,1,100.0,0.0,10.610579427676736,10.610579427676736,10.610579427676736,100.0
1.5,0.2,3.0,0.55,24,train,0x75a54357d9c78a2db19004a5fdc76c50f9242aec,1,0.0,0.0,0.0,0.0,0.0,0.0
1.5,0.2,3.0,0.55,24,train,0xbc4397b7f01f347b7dfa35276ca73203f3348a80,1,0.0,0.0,0.0,0.0,0.0,0.0
1.5,0.2,3.0,0.55,24,train,0xbe3e194f0069013ae4a860b6c152131b2032c0cc,1,0.0,0.0,0.0,0.0,0.0,0.0
1.5,0.2,3.0,0.55,24,train,0xc7e90a703b7ca435089cb90b8b770353e52b0a80,1,0.0,0.0,0.0,0.0,0.0,0.0
1.5,0.2,3.0,0.55,24,train,0xe0a5a3ba19a680a72be08c39c5de4dddb1fe05c7,1,0.0,0.0,0.0,0.0,0.0,0.0
1.5,0.2,3.0,0.55,24,train,0xe5e702641ea86f4ae6cc3cdaed2b886f976be044,58,22.413793103448278,1.7241379310344827,-4.960382996389399,0.0,-27.910738893327043,1.7241379310344827
1.5,0.2,3.0,0.55,24,train,0xf1ee073811b14359d850825e48d200483200edcd,1,0.0,0.0,0.0,0.0,0.0,0.0
1.5,0.2,3.0,0.7,6,test,0x0000000000000000000000000000000000000000,5,0.0,0.0,0.0,0.0,0.0,0.0
1.5,0.2,3.0,0.7,6,test,0x2565055891704afe3e844d5b34a318108ce64144,1,0.0,0.0,0.0,0.0,0.0,0.0
1.5,0.2,3.0,0.7,6,test,0x261b0f5e05eb05c6496728f1ae4969810dbe8a80,1,0.0,0.0,0.0,0.0,0.0,0.0
1.5,0.2,3.0,0.7,6,test,0xe5e702641ea86f4ae6cc3cdaed2b886f976be044,15,13.333333333333334,0.0,-3.64421525366737,0.0,-15.097016183789394,0.0
1.5,0.2,3.0,0.7,6,train,0x0000000000000000000000000000000000000000,17,11.76470588235294,0.0,0.7165795747745589,0.0,0.0,5.88235294117647
1.5,0.2,3.0,0.7,6,train,0x00d18bc3fab01162f43f20c071559795fcaf4144,1,0.0,0.0,0.0,0.0,0.0,0.0
1.5,0.2,3.0,0.7,6,train,0x1e8bbf00d265e08a27e91bfbc1f9a4073c4b4144,1,100.0,0.0,-35.08425552517339,-35.08425552517339,-35.08425552517339,0.0
1.5,0.2,3.0,0.7,6,train,0x332f85e7e323214b2d55286414b059ebb1f2a044,1,100.0,0.0,-25.10198328162322,-25.10198328162322,-25.10198328162322,0.0
1.5,0.2,3.0,0.7,6,train,0x3ad9e44cb65e518e452bfcb78952ca45b66a8a80,1,0.0,0.0,0.0,0.0,0.0,0.0
1.5,0.2,3.0,0.7,6,train,0x3bf48564e102ddf0ffd19c998e6132eee8be5000,1,0.0,0.0,0.0,0.0,0.0,0.0
1.5,0.2,3.0,0.7,6,train,0x4e3468951d49f2eea976ed0d6e75ffcb44a9a544,2,0.0,0.0,0.0,0.0,0.0,0.0
1.5,0.2,3.0,0.7,6,train,0x6eaae6b721b6c896bbfc30d3a7f4999d5a94ca80,1,0.0,0.0,0.0,0.0,0.0,0.0
1.5,0.2,3.0,0.7,6,train,0x718793b91da00b21e5b11e89de3ec9b9b6234144,1,0.0,0.0,0.0,0.0,0.0,0.0
1.5,0.2,3.0,0.7,6,train,0x72cecfc6d9a07117d5d207537e0bfd4bdfdac0cc,1,100.0,0.0,10.610579427676736,10.610579427676736,10.610579427676736,100.0
1.5,0.2,3.0,0.7,6,train,0x75a54357d9c78a2db19004a5fdc76c50f9242aec,1,0.0,0.0,0.0,0.0,0.0,0.0
1.5,0.2,3.0,0.7,6,train,0xbc4397b7f01f347b7dfa35276ca73203f3348a80,1,0.0,0.0,0.0,0.0,0.0,0.0
1.5,0.2,3.0,0.7,6,train,0xbe3e194f0069013ae4a860b6c152131b2032c0cc,1,0.0,0.0,0.0,0.0,0.0,0.0
1.5,0.2,3.0,0.7,6,train,0xc7e90a703b7ca435089cb90b8b770353e52b0a80,1,0.0,0.0,0.0,0.0,0.0,0.0
1.5,0.2,3.0,0.7,6,train,0xe0a5a3ba19a680a72be08c39c5de4dddb1fe05c7,1,0.0,0.0,0.0,0.0,0.0,0.0
1.5,0.2,3.0,0.7,6,train,0xe5e702641ea86f4ae6cc3cdaed2b886f976be044,58,22.413793103448278,1.7241379310344827,-2.2230637982590373,0.0,-26.657122576756244,5.172413793103448
1.5,0.2,3.0,0.7,6,train,0xf1ee073811b14359d850825e48d200483200edcd,1,0.0,0.0,0.0,0.0,0.0,0.0
1.5,0.2,3.0,0.7,12,test,0x0000000000000000000000000000000000000000,5,0.0,0.0,0.0,0.0,0.0,0.0
1.5,0.2,3.0,0.7,12,test,0x2565055891704afe3e844d5b34a318108ce64144,1,0.0,0.0,0.0,0.0,0.0,0.0
1.5,0.2,3.0,0.7,12,test,0x261b0f5e05eb05c6496728f1ae4969810dbe8a80,1,0.0,0.0,0.0,0.0,0.0,0.0
1.5,0.2,3.0,0.7,12,test,0xe5e702641ea86f4ae6cc3cdaed2b886f976be044,15,13.333333333333334,0.0,-3.64421525366737,0.0,-15.097016183789394,0.0
1.5,0.2,3.0,0.7,12,train,0x0000000000000000000000000000000000000000,17,11.76470588235294,0.0,0.7165795747745589,0.0,0.0,5.88235294117647
1.5,0.2,3.0,0.7,12,train,0x00d18bc3fab01162f43f20c071559795fcaf4144,1,0.0,0.0,0.0,0.0,0.0,0.0
1.5,0.2,3.0,0.7,12,train,0x1e8bbf00d265e08a27e91bfbc1f9a4073c4b4144,1,100.0,0.0,-35.08425552517339,-35.08425552517339,-35.08425552517339,0.0
1.5,0.2,3.0,0.7,12,train,0x332f85e7e323214b2d55286414b059ebb1f2a044,1,100.0,0.0,-25.10198328162322,-25.10198328162322,-25.10198328162322,0.0
1.5,0.2,3.0,0.7,12,train,0x3ad9e44cb65e518e452bfcb78952ca45b66a8a80,1,0.0,0.0,0.0,0.0,0.0,0.0
1.5,0.2,3.0,0.7,12,train,0x3bf48564e102ddf0ffd19c998e6132eee8be5000,1,0.0,0.0,0.0,0.0,0.0,0.0
1.5,0.2,3.0,0.7,12,train,0x4e3468951d49f2eea976ed0d6e75ffcb44a9a544,2,0.0,0.0,0.0,0.0,0.0,0.0
1.5,0.2,3.0,0.7,12,train,0x6eaae6b721b6c896bbfc30d3a7f4999d5a94ca80,1,0.0,0.0,0.0,0.0,0.0,0.0
1.5,0.2,3.0,0.7,12,train,0x718793b91da00b21e5b11e89de3ec9b9b6234144,1,0.0,0.0,0.0,0.0,0.0,0.0
1.5,0.2,3.0,0.7,12,train,0x72cecfc6d9a07117d5d207537e0bfd4bdfdac0cc,1,100.0,0.0,10.610579427676736,10.610579427676736,10.610579427676736,100.0
1.5,0.2,3.0,0.7,12,train,0x75a54357d9c78a2db19004a5fdc76c50f9242aec,1,0.0,0.0,0.0,0.0,0.0,0.0
1.5,0.2,3.0,0.7,12,train,0xbc4397b7f01f347b7dfa35276ca73203f3348a80,1,0.0,0.0,0.0,0.0,0.0,0.0
1.5,0.2,3.0,0.7,12,train,0xbe3e194f0069013ae4a860b6c152131b2032c0cc,1,0.0,0.0,0.0,0.0,0.0,0.0
1.5,0.2,3.0,0.7,12,train,0xc7e90a703b7ca435089cb90b8b770353e52b0a80,1,0.0,0.0,0.0,0.0,0.0,0.0
1.5,0.2,3.0,0.7,12,train,0xe0a5a3ba19a680a72be08c39c5de4dddb1fe05c7,1,0.0,0.0,0.0,0.0,0.0,0.0
1.5,0.2,3.0,0.7,12,train,0xe5e702641ea86f4ae6cc3cdaed2b886f976be044,58,22.413793103448278,1.7241379310344827,-5.644118867687473,0.0,-27.910738893327043,1.7241379310344827
1.5,0.2,3.0,0.7,12,train,0xf1ee073811b14359d850825e48d200483200edcd,1,0.0,0.0,0.0,0.0,0.0,0.0
1.5,0.2,3.0,0.7,24,test,0x0000000000000000000000000000000000000000,5,0.0,0.0,0.0,0.0,0.0,0.0
1.5,0.2,3.0,0.7,24,test,0x2565055891704afe3e844d5b34a318108ce64144,1,0.0,0.0,0.0,0.0,0.0,0.0
1.5,0.2,3.0,0.7,24,test,0x261b0f5e05eb05c6496728f1ae4969810dbe8a80,1,0.0,0.0,0.0,0.0,0.0,0.0
1.5,0.2,3.0,0.7,24,test,0xe5e702641ea86f4ae6cc3cdaed2b886f976be044,15,13.333333333333334,0.0,-3.64421525366737,0.0,-15.097016183789394,0.0
1.5,0.2,3.0,0.7,24,train,0x0000000000000000000000000000000000000000,17,11.76470588235294,0.0,0.7165795747745589,0.0,0.0,5.88235294117647
1.5,0.2,3.0,0.7,24,train,0x00d18bc3fab01162f43f20c071559795fcaf4144,1,0.0,0.0,0.0,0.0,0.0,0.0
1.5,0.2,3.0,0.7,24,train,0x1e8bbf00d265e08a27e91bfbc1f9a4073c4b4144,1,100.0,0.0,-35.08425552517339,-35.08425552517339,-35.08425552517339,0.0
1.5,0.2,3.0,0.7,24,train,0x332f85e7e323214b2d55286414b059ebb1f2a044,1,100.0,0.0,-25.10198328162322,-25.10198328162322,-25.10198328162322,0.0
1.5,0.2,3.0,0.7,24,train,0x3ad9e44cb65e518e452bfcb78952ca45b66a8a80,1,0.0,0.0,0.0,0.0,0.0,0.0
1.5,0.2,3.0,0.7,24,train,0x3bf48564e102ddf0ffd19c998e6132eee8be5000,1,0.0,0.0,0.0,0.0,0.0,0.0
1.5,0.2,3.0,0.7,24,train,0x4e3468951d49f2eea976ed0d6e75ffcb44a9a544,2,0.0,0.0,0.0,0.0,0.0,0.0
1.5,0.2,3.0,0.7,24,train,0x6eaae6b721b6c896bbfc30d3a7f4999d5a94ca80,1,0.0,0.0,0.0,0.0,0.0,0.0
1.5,0.2,3.0,0.7,24,train,0x718793b91da00b21e5b11e89de3ec9b9b6234144,1,0.0,0.0,0.0,0.0,0.0,0.0
1.5,0.2,3.0,0.7,24,train,0x72cecfc6d9a07117d5d207537e0bfd4bdfdac0cc,1,100.0,0.0,10.610579427676736,10.610579427676736,10.610579427676736,100.0
1.5,0.2,3.0,0.7,24,train,0x75a54357d9c78a2db19004a5fdc76c50f9242aec,1,0.0,0.0,0.0,0.0,0.0,0.0
1.5,0.2,3.0,0.7,24,train,0xbc4397b7f01f347b7dfa35276ca73203f3348a80,1,0.0,0.0,0.0,0.0,0.0,0.0
1.5,0.2,3.0,0.7,24,train,0xbe3e194f0069013ae4a860b6c152131b2032c0cc,1,0.0,0.0,0.0,0.0,0.0,0.0
1.5,0.2,3.0,0.7,24,train,0xc7e90a703b7ca435089cb90b8b770353e52b0a80,1,0.0,0.0,0.0,0.0,0.0,0.0
1.5,0.2,3.0,0.7,24,train,0xe0a5a3ba19a680a72be08c39c5de4dddb1fe05c7,1,0.0,0.0,0.0,0.0,0.0,0.0
1.5,0.2,3.0,0.7,24,train,0xe5e702641ea86f4ae6cc3cdaed2b886f976be044,58,22.413793103448278,1.7241379310344827,-5.963123760362382,0.0,-27.910738893327043,1.7241379310344827
1.5,0.2,3.0,0.7,24,train,0xf1ee073811b14359d850825e48d200483200edcd,1,0.0,0.0,0.0,0.0,0.0,0.0
1.5,0.3,1.5,0.4,6,test,0x0000000000000000000000000000000000000000,5,0.0,0.0,0.0,0.0,0.0,0.0
1.5,0.3,1.5,0.4,6,test,0x2565055891704afe3e844d5b34a318108ce64144,1,0.0,0.0,0.0,0.0,0.0,0.0
1.5,0.3,1.5,0.4,6,test,0x261b0f5e05eb05c6496728f1ae4969810dbe8a80,1,0.0,0.0,0.0,0.0,0.0,0.0
1.5,0.3,1.5,0.4,6,test,0xe5e702641ea86f4ae6cc3cdaed2b886f976be044,15,13.333333333333334,0.0,-4.690061522420205,0.0,-20.18375758494139,0.0
1.5,0.3,1.5,0.4,6,train,0x0000000000000000000000000000000000000000,17,11.76470588235294,0.0,0.4181203168508837,0.0,0.0,5.88235294117647
1.5,0.3,1.5,0.4,6,train,0x00d18bc3fab01162f43f20c071559795fcaf4144,1,0.0,0.0,0.0,0.0,0.0,0.0
1.5,0.3,1.5,0.4,6,train,0x1e8bbf00d265e08a27e91bfbc1f9a4073c4b4144,1,100.0,0.0,-35.08425552517339,-35.08425552517339,-35.08425552517339,0.0
1.5,0.3,1.5,0.4,6,train,0x332f85e7e323214b2d55286414b059ebb1f2a044,1,100.0,0.0,-33.302156277507045,-33.302156277507045,-33.302156277507045,0.0
1.5,0.3,1.5,0.4,6,train,0x3ad9e44cb65e518e452bfcb78952ca45b66a8a80,1,0.0,0.0,0.0,0.0,0.0,0.0
1.5,0.3,1.5,0.4,6,train,0x3bf48564e102ddf0ffd19c998e6132eee8be5000,1,0.0,0.0,0.0,0.0,0.0,0.0
1.5,0.3,1.5,0.4,6,train,0x4e3468951d49f2eea976ed0d6e75ffcb44a9a544,2,0.0,0.0,0.0,0.0,0.0,0.0
1.5,0.3,1.5,0.4,6,train,0x6eaae6b721b6c896bbfc30d3a7f4999d5a94ca80,1,0.0,0.0,0.0,0.0,0.0,0.0
1.5,0.3,1.5,0.4,6,train,0x718793b91da00b21e5b11e89de3ec9b9b6234144,1,0.0,0.0,0.0,0.0,0.0,0.0
1.5,0.3,1.5,0.4,6,train,0x72cecfc6d9a07117d5d207537e0bfd4bdfdac0cc,1,100.0,0.0,10.610579427676736,10.610579427676736,10.610579427676736,100.0
1.5,0.3,1.5,0.4,6,train,0x75a54357d9c78a2db19004a5fdc76c50f9242aec,1,0.0,0.0,0.0,0.0,0.0,0.0
1.5,0.3,1.5,0.4,6,train,0xbc4397b7f01f347b7dfa35276ca73203f3348a80,1,0.0,0.0,0.0,0.0,0.0,0.0
1.5,0.3,1.5,0.4,6,train,0xbe3e194f0069013ae4a860b6c152131b2032c0cc,1,0.0,0.0,0.0,0.0,0.0,0.0
1.5,0.3,1.5,0.4,6,train,0xc7e90a703b7ca435089cb90b8b770353e52b0a80,1,0.0,0.0,0.0,0.0,0.0,0.0
1.5,0.3,1.5,0.4,6,train,0xe0a5a3ba19a680a72be08c39c5de4dddb1fe05c7,1,0.0,0.0,0.0,0.0,0.0,0.0
1.5,0.3,1.5,0.4,6,train,0xe5e702641ea86f4ae6cc3cdaed2b886f976be044,58,22.413793103448278,10.344827586206897,0.3832352783468967,0.0,-9.657020311572703,12.068965517241379
1.5,0.3,1.5,0.4,6,train,0xf1ee073811b14359d850825e48d200483200edcd,1,0.0,0.0,0.0,0.0,0.0,0.0
1.5,0.3,1.5,0.4,12,test,0x0000000000000000000000000000000000000000,5,0.0,0.0,0.0,0.0,0.0,0.0
1.5,0.3,1.5,0.4,12,test,0x2565055891704afe3e844d5b34a318108ce64144,1,0.0,0.0,0.0,0.0,0.0,0.0
1.5,0.3,1.5,0.4,12,test,0x261b0f5e05eb05c6496728f1ae4969810dbe8a80,1,0.0,0.0,0.0,0.0,0.0,0.0
1.5,0.3,1.5,0.4,12,test,0xe5e702641ea86f4ae6cc3cdaed2b886f976be044,15,13.333333333333334,0.0,-4.690061522420205,0.0,-20.18375758494139,0.0
1.5,0.3,1.5,0.4,12,train,0x0000000000000000000000000000000000000000,17,11.76470588235294,0.0,0.4181203168508837,0.0,0.0,5.88235294117647
1.5,0.3,1.5,0.4,12,train,0x00d18bc3fab01162f43f20c071559795fcaf4144,1,0.0,0.0,0.0,0.0,0.0,0.0
1.5,0.3,1.5,0.4,12,train,0x1e8bbf00d265e08a27e91bfbc1f9a4073c4b4144,1,100.0,0.0,-35.08425552517339,-35.08425552517339,-35.08425552517339,0.0
1.5,0.3,1.5,0.4,12,train,0x332f85e7e323214b2d55286414b059ebb1f2a044,1,100.0,0.0,-33.302156277507045,-33.302156277507045,-33.302156277507045,0.0
1.5,0.3,1.5,0.4,12,train,0x3ad9e44cb65e518e452bfcb78952ca45b66a8a80,1,0.0,0.0,0.0,0.0,0.0,0.0
1.5,0.3,1.5,0.4,12,train,0x3bf48564e102ddf0ffd19c998e6132eee8be5000,1,0.0,0.0,0.0,0.0,0.0,0.0
1.5,0.3,1.5,0.4,12,train,0x4e3468951d49f2eea976ed0d6e75ffcb44a9a544,2,0.0,0.0,0.0,0.0,0.0,0.0
1.5,0.3,1.5,0.4,12,train,0x6eaae6b721b6c896bbfc30d3a7f4999d5a94ca80,1,0.0,0.0,0.0,0.0,0.0,0.0
1.5,0.3,1.5,0.4,12,train,0x718793b91da00b21e5b11e89de3ec9b9b6234144,1,0.0,0.0,0.0,0.0,0.0,0.0
1.5,0.3,1.5,0.4,12,train,0x72cecfc6d9a07117d5d207537e0bfd4bdfdac0cc,1,100.0,0.0,10.610579427676736,10.610579427676736,10.610579427676736,100.0
1.5,0.3,1.5,0.4,12,train,0x75a54357d9c78a2db19004a5fdc76c50f9242aec,1,0.0,0.0,0.0,0.0,0.0,0.0
1.5,0.3,1.5,0.4,12,train,0xbc4397b7f01f347b7dfa35276ca73203f3348a80,1,0.0,0.0,0.0,0.0,0.0,0.0
1.5,0.3,1.5,0.4,12,train,0xbe3e194f0069013ae4a860b6c152131b2032c0cc,1,0.0,0.0,0.0,0.0,0.0,0.0
1.5,0.3,1.5,0.4,12,train,0xc7e90a703b7ca435089cb90b8b770353e52b0a80,1,0.0,0.0,0.0,0.0,0.0,0.0
1.5,0.3,1.5,0.4,12,train,0xe0a5a3ba19a680a72be08c39c5de4dddb1fe05c7,1,0.0,0.0,0.0,0.0,0.0,0.0
1.5,0.3,1.5,0.4,12,train,0xe5e702641ea86f4ae6cc3cdaed2b886f976be044,58,22.413793103448278,10.344827586206897,0.6405887925061647,0.0,-9.657020311572703,12.068965517241379
1.5,0.3,1.5,0.4,12,train,0xf1ee073811b14359d850825e48d200483200edcd,1,0.0,0.0,0.0,0.0,0.0,0.0
1.5,0.3,1.5,0.4,24,test,0x0000000000000000000000000000000000000000,5,0.0,0.0,0.0,0.0,0.0,0.0
1.5,0.3,1.5,0.4,24,test,0x2565055891704afe3e844d5b34a318108ce64144,1,0.0,0.0,0.0,0.0,0.0,0.0
1.5,0.3,1.5,0.4,24,test,0x261b0f5e05eb05c6496728f1ae4969810dbe8a80,1,0.0,0.0,0.0,0.0,0.0,0.0
1.5,0.3,1.5,0.4,24,test,0xe5e702641ea86f4ae6cc3cdaed2b886f976be044,15,13.333333333333334,0.0,-4.690061522420205,0.0,-20.18375758494139,0.0
1.5,0.3,1.5,0.4,24,train,0x0000000000000000000000000000000000000000,17,11.76470588235294,0.0,0.4181203168508837,0.0,0.0,5.88235294117647
1.5,0.3,1.5,0.4,24,train,0x00d18bc3fab01162f43f20c071559795fcaf4144,1,0.0,0.0,0.0,0.0,0.0,0.0
1.5,0.3,1.5,0.4,24,train,0x1e8bbf00d265e08a27e91bfbc1f9a4073c4b4144,1,100.0,0.0,-35.08425552517339,-35.08425552517339,-35.08425552517339,0.0
1.5,0.3,1.5,0.4,24,train,0x332f85e7e323214b2d55286414b059ebb1f2a044,1,100.0,0.0,-33.302156277507045,-33.302156277507045,-33.302156277507045,0.0
1.5,0.3,1.5,0.4,24,train,0x3ad9e44cb65e518e452bfcb78952ca45b66a8a80,1,0.0,0.0,0.0,0.0,0.0,0.0
1.5,0.3,1.5,0.4,24,train,0x3bf48564e102ddf0ffd19c998e6132eee8be5000,1,0.0,0.0,0.0,0.0,0.0,0.0
1.5,0.3,1.5,0.4,24,train,0x4e3468951d49f2eea976ed0d6e75ffcb44a9a544,2,0.0,0.0,0.0,0.0,0.0,0.0
1.5,0.3,1.5,0.4,24,train,0x6eaae6b721b6c896bbfc30d3a7f4999d5a94ca80,1,0.0,0.0,0.0,0.0,0.0,0.0
1.5,0.3,1.5,0.4,24,train,0x718793b91da00b21e5b11e89de3ec9b9b6234144,1,0.0,0.0,0.0,0.0,0.0,0.0
1.5,0.3,1.5,0.4,24,train,0x72cecfc6d9a07117d5d207537e0bfd4bdfdac0cc,1,100.0,0.0,10.610579427676736,10.610579427676736,10.610579427676736,100.0
1.5,0.3,1.5,0.4,24,train,0x75a54357d9c78a2db19004a5fdc76c50f9242aec,1,0.0,0.0,0.0,0.0,0.0,0.0
1.5,0.3,1.5,0.4,24,train,0xbc4397b7f01f347b7dfa35276ca73203f3348a80,1,0.0,0.0,0.0,0.0,0.0,0.0
1.5,0.3,1.5,0.4,24,train,0xbe3e194f0069013ae4a860b6c152131b2032c0cc,1,0.0,0.0,0.0,0.0,0.0,0.0
1.5,0.3,1.5,0.4,24,train,0xc7e90a703b7ca435089cb90b8b770353e52b0a80,1,0.0,0.0,0.0,0.0,0.0,0.0
1.5,0.3,1.5,0.4,24,train,0xe0a5a3ba19a680a72be08c39c5de4dddb1fe05c7,1,0.0,0.0,0.0,0.0,0.0,0.0
1.5,0.3,1.5,0.4,24,train,0xe5e702641ea86f4ae6cc3cdaed2b886f976be044,58,22.413793103448278,12.068965517241379,1.1571976571318925,0.0,-9.657020311572703,12.068965517241379
1.5,0.3,1.5,0.4,24,train,0xf1ee073811b14359d850825e48d200483200edcd,1,0.0,0.0,0.0,0.0,0.0,0.0
1.5,0.3,1.5,0.55,6,test,0x0000000000000000000000000000000000000000,5,0.0,0.0,0.0,0.0,0.0,0.0
1.5,0.3,1.5,0.55,6,test,0x2565055891704afe3e844d5b34a318108ce64144,1,0.0,0.0,0.0,0.0,0.0,0.0
1.5,0.3,1.5,0.55,6,test,0x261b0f5e05eb05c6496728f1ae4969810dbe8a80,1,0.0,0.0,0.0,0.0,0.0,0.0
1.5,0.3,1.5,0.55,6,test,0xe5e702641ea86f4ae6cc3cdaed2b886f976be044,15,13.333333333333334,0.0,-4.690061522420205,0.0,-20.18375758494139,0.0
1.5,0.3,1.5,0.55,6,train,0x0000000000000000000000000000000000000000,17,11.76470588235294,0.0,0.4181203168508837,0.0,0.0,5.88235294117647
1.5,0.3,1.5,0.55,6,train,0x00d18bc3fab01162f43f20c071559795fcaf4144,1,0.0,0.0,0.0,0.0,0.0,0.0
1.5,0.3,1.5,0.55,6,train,0x1e8bbf00d265e08a27e91bfbc1f9a4073c4b4144,1,100.0,0.0,-35.08425552517339,-35.08425552517339,-35.08425552517339,0.0
1.5,0.3,1.5,0.55,6,train,0x332f85e7e323214b2d55286414b059ebb1f2a044,1,100.0,0.0,-33.302156277507045,-33.302156277507045,-33.302156277507045,0.0
1.5,0.3,1.5,0.55,6,train,0x3ad9e44cb65e518e452bfcb78952ca45b66a8a80,1,0.0,0.0,0.0,0.0,0.0,0.0
1.5,0.3,1.5,0.55,6,train,0x3bf48564e102ddf0ffd19c998e6132eee8be5000,1,0.0,0.0,0.0,0.0,0.0,0.0
1.5,0.3,1.5,0.55,6,train,0x4e3468951d49f2eea976ed0d6e75ffcb44a9a544,2,0.0,0.0,0.0,0.0,0.0,0.0
1.5,0.3,1.5,0.55,6,train,0x6eaae6b721b6c896bbfc30d3a7f4999d5a94ca80,1,0.0,0.0,0.0,0.0,0.0,0.0
1.5,0.3,1.5,0.55,6,train,0x718793b91da00b21e5b11e89de3ec9b9b6234144,1,0.0,0.0,0.0,0.0,0.0,0.0
1.5,0.3,1.5,0.55,6,train,0x72cecfc6d9a07117d5d207537e0bfd4bdfdac0cc,1,100.0,0.0,10.610579427676736,10.610579427676736,10.610579427676736,100.0
1.5,0.3,1.5,0.55,6,train,0x75a54357d9c78a2db19004a5fdc76c50f9242aec,1,0.0,0.0,0.0,0.0,0.0,0.0
1.5,0.3,1.5,0.55,6,train,0xbc4397b7f01f347b7dfa35276ca73203f3348a80,1,0.0,0.0,0.0,0.0,0.0,0.0
1.5,0.3,1.5,0.55,6,train,0xbe3e194f0069013ae4a860b6c152131b2032c0cc,1,0.0,0.0,0.0,0.0,0.0,0.0
1.5,0.3,1.5,0.55,6,train,0xc7e90a703b7ca435089cb90b8b770353e52b0a80,1,0.0,0.0,0.0,0.0,0.0,0.0
1.5,0.3,1.5,0.55,6,train,0xe0a5a3ba19a680a72be08c39c5de4dddb1fe05c7,1,0.0,0.0,0.0,0.0,0.0,0.0
1.5,0.3,1.5,0.55,6,train,0xe5e702641ea86f4ae6cc3cdaed2b886f976be044,58,22.413793103448278,10.344827586206897,-0.6052697411318765,0.0,-9.657020311572703,12.068965517241379
1.5,0.3,1.5,0.55,6,train,0xf1ee073811b14359d850825e48d200483200edcd,1,0.0,0.0,0.0,0.0,0.0,0.0
1.5,0.3,1.5,0.55,12,test,0x0000000000000000000000000000000000000000,5,0.0,0.0,0.0,0.0,0.0,0.0
1.5,0.3,1.5,0.55,12,test,0x2565055891704afe3e844d5b34a318108ce64144,1,0.0,0.0,0.0,0.0,0.0,0.0
1.5,0.3,1.5,0.55,12,test,0x261b0f5e05eb05c6496728f1ae4969810dbe8a80,1,0.0,0.0,0.0,0.0,0.0,0.0
1.5,0.3,1.5,0.55,12,test,0xe5e702641ea86f4ae6cc3cdaed2b886f976be044,15,13.333333333333334,0.0,-4.690061522420205,0.0,-20.18375758494139,0.0
1.5,0.3,1.5,0.55,12,train,0x0000000000000000000000000000000000000000,17,11.76470588235294,0.0,0.4181203168508837,0.0,0.0,5.88235294117647
1.5,0.3,1.5,0.55,12,train,0x00d18bc3fab01162f43f20c071559795fcaf4144,1,0.0,0.0,0.0,0.0,0.0,0.0
1.5,0.3,1.5,0.55,12,train,0x1e8bbf00d265e08a27e91bfbc1f9a4073c4b4144,1,100.0,0.0,-35.08425552517339,-35.08425552517339,-35.08425552517339,0.0
1.5,0.3,1.5,0.55,12,train,0x332f85e7e323214b2d55286414b059ebb1f2a044,1,100.0,0.0,-33.302156277507045,-33.302156277507045,-33.302156277507045,0.0
1.5,0.3,1.5,0.55,12,train,0x3ad9e44cb65e518e452bfcb78952ca45b66a8a80,1,0.0,0.0,0.0,0.0,0.0,0.0
1.5,0.3,1.5,0.55,12,train,0x3bf48564e102ddf0ffd19c998e6132eee8be5000,1,0.0,0.0,0.0,0.0,0.0,0.0
1.5,0.3,1.5,0.55,12,train,0x4e3468951d49f2eea976ed0d6e75ffcb44a9a544,2,0.0,0.0,0.0,0.0,0.0,0.0
1.5,0.3,1.5,0.55,12,train,0x6eaae6b721b6c896bbfc30d3a7f4999d5a94ca80,1,0.0,0.0,0.0,0.0,0.0,0.0
1.5,0.3,1.5,0.55,12,train,0x718793b91da00b21e5b11e89de3ec9b9b6234144,1,0.0,0.0,0.0,0.0,0.0,0.0
1.5,0.3,1.5,0.55,12,train,0x72cecfc6d9a07117d5d207537e0bfd4bdfdac0cc,1,100.0,0.0,10.610579427676736,10.610579427676736,10.610579427676736,100.0
1.5,0.3,1.5,0.55,12,train,0x75a54357d9c78a2db19004a5fdc76c50f9242aec,1,0.0,0.0,0.0,0.0,0.0,0.0
1.5,0.3,1.5,0.55,12,train,0xbc4397b7f01f347b7dfa35276ca73203f3348a80,1,0.0,0.0,0.0,0.0,0.0,0.0
1.5,0.3,1.5,0.55,12,train,0xbe3e194f0069013ae4a860b6c152131b2032c0cc,1,0.0,0.0,0.0,0.0,0.0,0.0
1.5,0.3,1.5,0.55,12,train,0xc7e90a703b7ca435089cb90b8b770353e52b0a80,1,0.0,0.0,0.0,0.0,0.0,0.0
1.5,0.3,1.5,0.55,12,train,0xe0a5a3ba19a680a72be08c39c5de4dddb1fe05c7,1,0.0,0.0,0.0,0.0,0.0,0.0
1.5,0.3,1.5,0.55,12,train,0xe5e702641ea86f4ae6cc3cdaed2b886f976be044,58,22.413793103448278,10.344827586206897,-0.3479162269726087,0.0,-9.657020311572703,12.068965517241379
1.5,0.3,1.5,0.55,12,train,0xf1ee073811b14359d850825e48d200483200edcd,1,0.0,0.0,0.0,0.0,0.0,0.0
1.5,0.3,1.5,0.55,24,test,0x0000000000000000000000000000000000000000,5,0.0,0.0,0.0,0.0,0.0,0.0
1.5,0.3,1.5,0.55,24,test,0x2565055891704afe3e844d5b34a318108ce64144,1,0.0,0.0,0.0,0.0,0.0,0.0
1.5,0.3,1.5,0.55,24,test,0x261b0f5e05eb05c6496728f1ae4969810dbe8a80,1,0.0,0.0,0.0,0.0,0.0,0.0
1.5,0.3,1.5,0.55,24,test,0xe5e702641ea86f4ae6cc3cdaed2b886f976be044,15,13.333333333333334,0.0,-4.690061522420205,0.0,-20.18375758494139,0.0
1.5,0.3,1.5,0.55,24,train,0x0000000000000000000000000000000000000000,17,11.76470588235294,0.0,0.4181203168508837,0.0,0.0,5.88235294117647
1.5,0.3,1.5,0.55,24,train,0x00d18bc3fab01162f43f20c071559795fcaf4144,1,0.0,0.0,0.0,0.0,0.0,0.0
1.5,0.3,1.5,0.55,24,train,0x1e8bbf00d265e08a27e91bfbc1f9a4073c4b4144,1,100.0,0.0,-35.08425552517339,-35.08425552517339,-35.08425552517339,0.0
1.5,0.3,1.5,0.55,24,train,0x332f85e7e323214b2d55286414b059ebb1f2a044,1,100.0,0.0,-33.302156277507045,-33.302156277507045,-33.302156277507045,0.0
1.5,0.3,1.5,0.55,24,train,0x3ad9e44cb65e518e452bfcb78952ca45b66a8a80,1,0.0,0.0,0.0,0.0,0.0,0.0
1.5,0.3,1.5,0.55,24,train,0x3bf48564e102ddf0ffd19c998e6132eee8be5000,1,0.0,0.0,0.0,0.0,0.0,0.0
1.5,0.3,1.5,0.55,24,train,0x4e3468951d49f2eea976ed0d6e75ffcb44a9a544,2,0.0,0.0,0.0,0.0,0.0,0.0
1.5,0.3,1.5,0.55,24,train,0x6eaae6b721b6c896bbfc30d3a7f4999d5a94ca80,1,0.0,0.0,0.0,0.0,0.0,0.0
1.5,0.3,1.5,0.55,24,train,0x718793b91da00b21e5b11e89de3ec9b9b6234144,1,0.0,0.0,0.0,0.0,0.0,0.0
1.5,0.3,1.5,0.55,24,train,0x72cecfc6d9a07117d5d207537e0bfd4bdfdac0cc,1,100.0,0.0,10.610579427676736,10.610579427676736,10.610579427676736,100.0
1.5,0.3,1.5,0.55,24,train,0x75a54357d9c78a2db19004a5fdc76c50f9242aec,1,0.0,0.0,0.0,0.0,0.0,0.0
1.5,0.3,1.5,0.55,24,train,0xbc4397b7f01f347b7dfa35276ca73203f3348a80,1,0.0,0.0,0.0,0.0,0.0,0.0
1.5,0.3,1.5,0.55,24,train,0xbe3e194f0069013ae4a860b6c152131b2032c0cc,1,0.0,0.0,0.0,0.0,0.0,0.0
1.5,0.3,1.5,0.55,24,train,0xc7e90a703b7ca435089cb90b8b770353e52b0a80,1,0.0,0.0,0.0,0.0,0.0,0.0
1.5,0.3,1.5,0.55,24,train,0xe0a5a3ba19a680a72be08c39c5de4dddb1fe05c7,1,0.0,0.0,0.0,0.0,0.0,0.0
1.5,0.3,1.5,0.55,24,train,0xe5e702641ea86f4ae6cc3cdaed2b886f976be044,58,22.413793103448278,12.068965517241379,0.16869263765311884,0.0,-9.657020311572703,12.068965517241379
1.5,0.3,1.5,0.55,24,train,0xf1ee073811b14359d850825e48d200483200edcd,1,0.0,0.0,0.0,0.0,0.0,0.0
1.5,0.3,1.5,0.7,6,test,0x0000000000000000000000000000000000000000,5,0.0,0.0,0.0,0.0,0.0,0.0
1.5,0.3,1.5,0.7,6,test,0x2565055891704afe3e844d5b34a318108ce64144,1,0.0,0.0,0.0,0.0,0.0,0.0
1.5,0.3,1.5,0.7,6,test,0x261b0f5e05eb05c6496728f1ae4969810dbe8a80,1,0.0,0.0,0.0,0.0,0.0,0.0
1.5,0.3,1.5,0.7,6,test,0xe5e702641ea86f4ae6cc3cdaed2b886f976be044,15,13.333333333333334,0.0,-4.690061522420205,0.0,-20.18375758494139,0.0
1.5,0.3,1.5,0.7,6,train,0x0000000000000000000000000000000000000000,17,11.76470588235294,0.0,0.4181203168508837,0.0,0.0,5.88235294117647
1.5,0.3,1.5,0.7,6,train,0x00d18bc3fab01162f43f20c071559795fcaf4144,1,0.0,0.0,0.0,0.0,0.0,0.0
1.5,0.3,1.5,0.7,6,train,0x1e8bbf00d265e08a27e91bfbc1f9a4073c4b4144,1,100.0,0.0,-35.08425552517339,-35.08425552517339,-35.08425552517339,0.0
1.5,0.3,1.5,0.7,6,train,0x332f85e7e323214b2d55286414b059ebb1f2a044,1,100.0,0.0,-33.302156277507045,-33.302156277507045,-33.302156277507045,0.0
1.5,0.3,1.5,0.7,6,train,0x3ad9e44cb65e518e452bfcb78952ca45b66a8a80,1,0.0,0.0,0.0,0.0,0.0,0.0
1.5,0.3,1.5,0.7,6,train,0x3bf48564e102ddf0ffd19c998e6132eee8be5000,1,0.0,0.0,0.0,0.0,0.0,0.0
1.5,0.3,1.5,0.7,6,train,0x4e3468951d49f2eea976ed0d6e75ffcb44a9a544,2,0.0,0.0,0.0,0.0,0.0,0.0
1.5,0.3,1.5,0.7,6,train,0x6eaae6b721b6c896bbfc30d3a7f4999d5a94ca80,1,0.0,0.0,0.0,0.0,0.0,0.0
1.5,0.3,1.5,0.7,6,train,0x718793b91da00b21e5b11e89de3ec9b9b6234144,1,0.0,0.0,0.0,0.0,0.0,0.0
1.5,0.3,1.5,0.7,6,train,0x72cecfc6d9a07117d5d207537e0bfd4bdfdac0cc,1,100.0,0.0,10.610579427676736,10.610579427676736,10.610579427676736,100.0
1.5,0.3,1.5,0.7,6,train,0x75a54357d9c78a2db19004a5fdc76c50f9242aec,1,0.0,0.0,0.0,0.0,0.0,0.0
1.5,0.3,1.5,0.7,6,train,0xbc4397b7f01f347b7dfa35276ca73203f3348a80,1,0.0,0.0,0.0,0.0,0.0,0.0
1.5,0.3,1.5,0.7,6,train,0xbe3e194f0069013ae4a860b6c152131b2032c0cc,1,0.0,0.0,0.0,0.0,0.0,0.0
1.5,0.3,1.5,0.7,6,train,0xc7e90a703b7ca435089cb90b8b770353e52b0a80,1,0.0,0.0,0.0,0.0,0.0,0.0
1.5,0.3,1.5,0.7,6,train,0xe0a5a3ba19a680a72be08c39c5de4dddb1fe05c7,1,0.0,0.0,0.0,0.0,0.0,0.0
1.5,0.3,1.5,0.7,6,train,0xe5e702641ea86f4ae6cc3cdaed2b886f976be044,58,22.413793103448278,10.344827586206897,-1.5421165380035051,0.0,-9.657020311572703,12.068965517241379
1.5,0.3,1.5,0.7,6,train,0xf1ee073811b14359d850825e48d200483200edcd,1,0.0,0.0,0.0,0.0,0.0,0.0
1.5,0.3,1.5,0.7,12,test,0x0000000000000000000000000000000000000000,5,0.0,0.0,0.0,0.0,0.0,0.0
1.5,0.3,1.5,0.7,12,test,0x2565055891704afe3e844d5b34a318108ce64144,1,0.0,0.0,0.0,0.0,0.0,0.0
1.5,0.3,1.5,0.7,12,test,0x261b0f5e05eb05c6496728f1ae4969810dbe8a80,1,0.0,0.0,0.0,0.0,0.0,0.0
1.5,0.3,1.5,0.7,12,test,0xe5e702641ea86f4ae6cc3cdaed2b886f976be044,15,13.333333333333334,0.0,-4.690061522420205,0.0,-20.18375758494139,0.0
1.5,0.3,1.5,0.7,12,train,0x0000000000000000000000000000000000000000,17,11.76470588235294,0.0,0.4181203168508837,0.0,0.0,5.88235294117647
1.5,0.3,1.5,0.7,12,train,0x00d18bc3fab01162f43f20c071559795fcaf4144,1,0.0,0.0,0.0,0.0,0.0,0.0
1.5,0.3,1.5,0.7,12,train,0x1e8bbf00d265e08a27e91bfbc1f9a4073c4b4144,1,100.0,0.0,-35.08425552517339,-35.08425552517339,-35.08425552517339,0.0
1.5,0.3,1.5,0.7,12,train,0x332f85e7e323214b2d55286414b059ebb1f2a044,1,100.0,0.0,-33.302156277507045,-33.302156277507045,-33.302156277507045,0.0
1.5,0.3,1.5,0.7,12,train,0x3ad9e44cb65e518e452bfcb78952ca45b66a8a80,1,0.0,0.0,0.0,0.0,0.0,0.0
1.5,0.3,1.5,0.7,12,train,0x3bf48564e102ddf0ffd19c998e6132eee8be5000,1,0.0,0.0,0.0,0.0,0.0,0.0
1.5,0.3,1.5,0.7,12,train,0x4e3468951d49f2eea976ed0d6e75ffcb44a9a544,2,0.0,0.0,0.0,0.0,0.0,0.0
1.5,0.3,1.5,0.7,12,train,0x6eaae6b721b6c896bbfc30d3a7f4999d5a94ca80,1,0.0,0.0,0.0,0.0,0.0,0.0
1.5,0.3,1.5,0.7,12,train,0x718793b91da00b21e5b11e89de3ec9b9b6234144,1,0.0,0.0,0.0,0.0,0.0,0.0
1.5,0.3,1.5,0.7,12,train,0x72cecfc6d9a07117d5d207537e0bfd4bdfdac0cc,1,100.0,0.0,10.610579427676736,10.610579427676736,10.610579427676736,100.0
1.5,0.3,1.5,0.7,12,train,0x75a54357d9c78a2db19004a5fdc76c50f9242aec,1,0.0,0.0,0.0,0.0,0.0,0.0
1.5,0.3,1.5,0.7,12,train,0xbc4397b7f01f347b7dfa35276ca73203f3348a80,1,0.0,0.0,0.0,0.0,0.0,0.0
1.5,0.3,1.5,0.7,12,train,0xbe3e194f0069013ae4a860b6c152131b2032c0cc,1,0.0,0.0,0.0,0.0,0.0,0.0
1.5,0.3,1.5,0.7,12,train,0xc7e90a703b7ca435089cb90b8b770353e52b0a80,1,0.0,0.0,0.0,0.0,0.0,0.0
1.5,0.3,1.5,0.7,12,train,0xe0a5a3ba19a680a72be08c39c5de4dddb1fe05c7,1,0.0,0.0,0.0,0.0,0.0,0.0
1.5,0.3,1.5,0.7,12,train,0xe5e702641ea86f4ae6cc3cdaed2b886f976be044,58,22.413793103448278,10.344827586206897,-1.2847630238442374,0.0,-9.657020311572703,12.068965517241379
1.5,0.3,1.5,0.7,12,train,0xf1ee073811b14359d850825e48d200483200edcd,1,0.0,0.0,0.0,0.0,0.0,0.0
1.5,0.3,1.5,0.7,24,test,0x0000000000000000000000000000000000000000,5,0.0,0.0,0.0,0.0,0.0,0.0
1.5,0.3,1.5,0.7,24,test,0x2565055891704afe3e844d5b34a318108ce64144,1,0.0,0.0,0.0,0.0,0.0,0.0
1.5,0.3,1.5,0.7,24,test,0x261b0f5e05eb05c6496728f1ae4969810dbe8a80,1,0.0,0.0,0.0,0.0,0.0,0.0
1.5,0.3,1.5,0.7,24,test,0xe5e702641ea86f4ae6cc3cdaed2b886f976be044,15,13.333333333333334,0.0,-4.690061522420205,0.0,-20.18375758494139,0.0
1.5,0.3,1.5,0.7,24,train,0x0000000000000000000000000000000000000000,17,11.76470588235294,0.0,0.4181203168508837,0.0,0.0,5.88235294117647
1.5,0.3,1.5,0.7,24,train,0x00d18bc3fab01162f43f20c071559795fcaf4144,1,0.0,0.0,0.0,0.0,0.0,0.0
1.5,0.3,1.5,0.7,24,train,0x1e8bbf00d265e08a27e91bfbc1f9a4073c4b4144,1,100.0,0.0,-35.08425552517339,-35.08425552517339,-35.08425552517339,0.0
1.5,0.3,1.5,0.7,24,train,0x332f85e7e323214b2d55286414b059ebb1f2a044,1,100.0,0.0,-33.302156277507045,-33.302156277507045,-33.302156277507045,0.0
1.5,0.3,1.5,0.7,24,train,0x3ad9e44cb65e518e452bfcb78952ca45b66a8a80,1,0.0,0.0,0.0,0.0,0.0,0.0
1.5,0.3,1.5,0.7,24,train,0x3bf48564e102ddf0ffd19c998e6132eee8be5000,1,0.0,0.0,0.0,0.0,0.0,0.0
1.5,0.3,1.5,0.7,24,train,0x4e3468951d49f2eea976ed0d6e75ffcb44a9a544,2,0.0,0.0,0.0,0.0,0.0,0.0
1.5,0.3,1.5,0.7,24,train,0x6eaae6b721b6c896bbfc30d3a7f4999d5a94ca80,1,0.0,0.0,0.0,0.0,0.0,0.0
1.5,0.3,1.5,0.7,24,train,0x718793b91da00b21e5b11e89de3ec9b9b6234144,1,0.0,0.0,0.0,0.0,0.0,0.0
1.5,0.3,1.5,0.7,24,train,0x72cecfc6d9a07117d5d207537e0bfd4bdfdac0cc,1,100.0,0.0,10.610579427676736,10.610579427676736,10.610579427676736,100.0
1.5,0.3,1.5,0.7,24,train,0x75a54357d9c78a2db19004a5fdc76c50f9242aec,1,0.0,0.0,0.0,0.0,0.0,0.0
1.5,0.3,1.5,0.7,24,train,0xbc4397b7f01f347b7dfa35276ca73203f3348a80,1,0.0,0.0,0.0,0.0,0.0,0.0
1.5,0.3,1.5,0.7,24,train,0xbe3e194f0069013ae4a860b6c152131b2032c0cc,1,0.0,0.0,0.0,0.0,0.0,0.0
1.5,0.3,1.5,0.7,24,train,0xc7e90a703b7ca435089cb90b8b770353e52b0a80,1,0.0,0.0,0.0,0.0,0.0,0.0
1.5,0.3,1.5,0.7,24,train,0xe0a5a3ba19a680a72be08c39c5de4dddb1fe05c7,1,0.0,0.0,0.0,0.0,0.0,0.0
1.5,0.3,1.5,0.7,24,train,0xe5e702641ea86f4ae6cc3cdaed2b886f976be044,58,22.413793103448278,12.068965517241379,-0.7681541592185098,0.0,-9.657020311572703,12.068965517241379
1.5,0.3,1.5,0.7,24,train,0xf1ee073811b14359d850825e48d200483200edcd,1,0.0,0.0,0.0,0.0,0.0,0.0
1.5,0.3,2.0,0.4,6,test,0x0000000000000000000000000000000000000000,5,0.0,0.0,0.0,0.0,0.0,0.0
1.5,0.3,2.0,0.4,6,test,0x2565055891704afe3e844d5b34a318108ce64144,1,0.0,0.0,0.0,0.0,0.0,0.0
1.5,0.3,2.0,0.4,6,test,0x261b0f5e05eb05c6496728f1ae4969810dbe8a80,1,0.0,0.0,0.0,0.0,0.0,0.0
1.5,0.3,2.0,0.4,6,test,0xe5e702641ea86f4ae6cc3cdaed2b886f976be044,15,13.333333333333334,0.0,-4.690061522420205,0.0,-20.18375758494139,0.0
1.5,0.3,2.0,0.4,6,train,0x0000000000000000000000000000000000000000,17,11.76470588235294,0.0,0.4181203168508837,0.0,0.0,5.88235294117647
1.5,0.3,2.0,0.4,6,train,0x00d18bc3fab01162f43f20c071559795fcaf4144,1,0.0,0.0,0.0,0.0,0.0,0.0
1.5,0.3,2.0,0.4,6,train,0x1e8bbf00d265e08a27e91bfbc1f9a4073c4b4144,1,100.0,0.0,-35.08425552517339,-35.08425552517339,-35.08425552517339,0.0
1.5,0.3,2.0,0.4,6,train,0x332f85e7e323214b2d55286414b059ebb1f2a044,1,100.0,0.0,-33.302156277507045,-33.302156277507045,-33.302156277507045,0.0
1.5,0.3,2.0,0.4,6,train,0x3ad9e44cb65e518e452bfcb78952ca45b66a8a80,1,0.0,0.0,0.0,0.0,0.0,0.0
1.5,0.3,2.0,0.4,6,train,0x3bf48564e102ddf0ffd19c998e6132eee8be5000,1,0.0,0.0,0.0,0.0,0.0,0.0
1.5,0.3,2.0,0.4,6,train,0x4e3468951d49f2eea976ed0d6e75ffcb44a9a544,2,0.0,0.0,0.0,0.0,0.0,0.0
1.5,0.3,2.0,0.4,6,train,0x6eaae6b721b6c896bbfc30d3a7f4999d5a94ca80,1,0.0,0.0,0.0,0.0,0.0,0.0
1.5,0.3,2.0,0.4,6,train,0x718793b91da00b21e5b11e89de3ec9b9b6234144,1,0.0,0.0,0.0,0.0,0.0,0.0
1.5,0.3,2.0,0.4,6,train,0x72cecfc6d9a07117d5d207537e0bfd4bdfdac0cc,1,100.0,0.0,10.610579427676736,10.610579427676736,10.610579427676736,100.0
1.5,0.3,2.0,0.4,6,train,0x75a54357d9c78a2db19004a5fdc76c50f9242aec,1,0.0,0.0,0.0,0.0,0.0,0.0
1.5,0.3,2.0,0.4,6,train,0xbc4397b7f01f347b7dfa35276ca73203f3348a80,1,0.0,0.0,0.0,0.0,0.0,0.0
1.5,0.3,2.0,0.4,6,train,0xbe3e194f0069013ae4a860b6c152131b2032c0cc,1,0.0,0.0,0.0,0.0,0.0,0.0
1.5,0.3,2.0,0.4,6,train,0xc7e90a703b7ca435089cb90b8b770353e52b0a80,1,0.0,0.0,0.0,0.0,0.0,0.0
1.5,0.3,2.0,0.4,6,train,0xe0a5a3ba19a680a72be08c39c5de4dddb1fe05c7,1,0.0,0.0,0.0,0.0,0.0,0.0
1.5,0.3,2.0,0.4,6,train,0xe5e702641ea86f4ae6cc3cdaed2b886f976be044,58,22.413793103448278,5.172413793103448,0.09289049536096858,0.0,-32.39510310845493,10.344827586206897
1.5,0.3,2.0,0.4,6,train,0xf1ee073811b14359d850825e48d200483200edcd,1,0.0,0.0,0.0,0.0,0.0,0.0
1.5,0.3,2.0,0.4,12,test,0x0000000000000000000000000000000000000000,5,0.0,0.0,0.0,0.0,0.0,0.0
1.5,0.3,2.0,0.4,12,test,0x2565055891704afe3e844d5b34a318108ce64144,1,0.0,0.0,0.0,0.0,0.0,0.0
1.5,0.3,2.0,0.4,12,test,0x261b0f5e05eb05c6496728f1ae4969810dbe8a80,1,0.0,0.0,0.0,0.0,0.0,0.0
1.5,0.3,2.0,0.4,12,test,0xe5e702641ea86f4ae6cc3cdaed2b886f976be044,15,13.333333333333334,0.0,-4.690061522420205,0.0,-20.18375758494139,0.0
1.5,0.3,2.0,0.4,12,train,0x0000000000000000000000000000000000000000,17,11.76470588235294,0.0,0.4181203168508837,0.0,0.0,5.88235294117647
1.5,0.3,2.0,0.4,12,train,0x00d18bc3fab01162f43f20c071559795fcaf4144,1,0.0,0.0,0.0,0.0,0.0,0.0
1.5,0.3,2.0,0.4,12,train,0x1e8bbf00d265e08a27e91bfbc1f9a4073c4b4144,1,100.0,0.0,-35.08425552517339,-35.08425552517339,-35.08425552517339,0.0
1.5,0.3,2.0,0.4,12,train,0x332f85e7e323214b2d55286414b059ebb1f2a044,1,100.0,0.0,-33.302156277507045,-33.302156277507045,-33.302156277507045,0.0
1.5,0.3,2.0,0.4,12,train,0x3ad9e44cb65e518e452bfcb78952ca45b66a8a80,1,0.0,0.0,0.0,0.0,0.0,0.0
1.5,0.3,2.0,0.4,12,train,0x3bf48564e102ddf0ffd19c998e6132eee8be5000,1,0.0,0.0,0.0,0.0,0.0,0.0
1.5,0.3,2.0,0.4,12,train,0x4e3468951d49f2eea976ed0d6e75ffcb44a9a544,2,0.0,0.0,0.0,0.0,0.0,0.0
1.5,0.3,2.0,0.4,12,train,0x6eaae6b721b6c896bbfc30d3a7f4999d5a94ca80,1,0.0,0.0,0.0,0.0,0.0,0.0
1.5,0.3,2.0,0.4,12,train,0x718793b91da00b21e5b11e89de3ec9b9b6234144,1,0.0,0.0,0.0,0.0,0.0,0.0
1.5,0.3,2.0,0.4,12,train,0x72cecfc6d9a07117d5d207537e0bfd4bdfdac0cc,1,100.0,0.0,10.610579427676736,10.610579427676736,10.610579427676736,100.0
1.5,0.3,2.0,0.4,12,train,0x75a54357d9c78a2db19004a5fdc76c50f9242aec,1,0.0,0.0,0.0,0.0,0.0,0.0
1.5,0.3,2.0,0.4,12,train,0xbc4397b7f01f347b7dfa35276ca73203f3348a80,1,0.0,0.0,0.0,0.0,0.0,0.0
1.5,0.3,2.0,0.4,12,train,0xbe3e194f0069013ae4a860b6c152131b2032c0cc,1,0.0,0.0,0.0,0.0,0.0,0.0
1.5,0.3,2.0,0.4,12,train,0xc7e90a703b7ca435089cb90b8b770353e52b0a80,1,0.0,0.0,0.0,0.0,0.0,0.0
1.5,0.3,2.0,0.4,12,train,0xe0a5a3ba19a680a72be08c39c5de4dddb1fe05c7,1,0.0,0.0,0.0,0.0,0.0,0.0
1.5,0.3,2.0,0.4,12,train,0xe5e702641ea86f4ae6cc3cdaed2b886f976be044,58,22.413793103448278,6.896551724137931,-0.30930869720060333,0.0,-32.39510310845493,8.620689655172415
1.5,0.3,2.0,0.4,12,train,0xf1ee073811b14359d850825e48d200483200edcd,1,0.0,0.0,0.0,0.0,0.0,0.0
1.5,0.3,2.0,0.4,24,test,0x0000000000000000000000000000000000000000,5,0.0,0.0,0.0,0.0,0.0,0.0
1.5,0.3,2.0,0.4,24,test,0x2565055891704afe3e844d5b34a318108ce64144,1,0.0,0.0,0.0,0.0,0.0,0.0
1.5,0.3,2.0,0.4,24,test,0x261b0f5e05eb05c6496728f1ae4969810dbe8a80,1,0.0,0.0,0.0,0.0,0.0,0.0
1.5,0.3,2.0,0.4,24,test,0xe5e702641ea86f4ae6cc3cdaed2b886f976be044,15,13.333333333333334,0.0,-4.690061522420205,0.0,-20.18375758494139,0.0
1.5,0.3,2.0,0.4,24,train,0x0000000000000000000000000000000000000000,17,11.76470588235294,0.0,0.4181203168508837,0.0,0.0,5.88235294117647
1.5,0.3,2.0,0.4,24,train,0x00d18bc3fab01162f43f20c071559795fcaf4144,1,0.0,0.0,0.0,0.0,0.0,0.0
1.5,0.3,2.0,0.4,24,train,0x1e8bbf00d265e08a27e91bfbc1f9a4073c4b4144,1,100.0,0.0,-35.08425552517339,-35.08425552517339,-35.08425552517339,0.0
1.5,0.3,2.0,0.4,24,train,0x332f85e7e323214b2d55286414b059ebb1f2a044,1,100.0,0.0,-33.302156277507045,-33.302156277507045,-33.302156277507045,0.0
1.5,0.3,2.0,0.4,24,train,0x3ad9e44cb65e518e452bfcb78952ca45b66a8a80,1,0.0,0.0,0.0,0.0,0.0,0.0
1.5,0.3,2.0,0.4,24,train,0x3bf48564e102ddf0ffd19c998e6132eee8be5000,1,0.0,0.0,0.0,0.0,0.0,0.0
1.5,0.3,2.0,0.4,24,train,0x4e3468951d49f2eea976ed0d6e75ffcb44a9a544,2,0.0,0.0,0.0,0.0,0.0,0.0
1.5,0.3,2.0,0.4,24,train,0x6eaae6b721b6c896bbfc30d3a7f4999d5a94ca80,1,0.0,0.0,0.0,0.0,0.0,0.0
1.5,0.3,2.0,0.4,24,train,0x718793b91da00b21e5b11e89de3ec9b9b6234144,1,0.0,0.0,0.0,0.0,0.0,0.0
1.5,0.3,2.0,0.4,24,train,0x72cecfc6d9a07117d5d207537e0bfd4bdfdac0cc,1,100.0,0.0,10.610579427676736,10.610579427676736,10.610579427676736,100.0
1.5,0.3,2.0,0.4,24,train,0x75a54357d9c78a2db19004a5fdc76c50f9242aec,1,0.0,0.0,0.0,0.0,0.0,0.0
1.5,0.3,2.0,0.4,24,train,0xbc4397b7f01f347b7dfa35276ca73203f3348a80,1,0.0,0.0,0.0,0.0,0.0,0.0
1.5,0.3,2.0,0.4,24,train,0xbe3e194f0069013ae4a860b6c152131b2032c0cc,1,0.0,0.0,0.0,0.0,0.0,0.0
1.5,0.3,2.0,0.4,24,train,0xc7e90a703b7ca435089cb90b8b770353e52b0a80,1,0.0,0.0,0.0,0.0,0.0,0.0
1.5,0.3,2.0,0.4,24,train,0xe0a5a3ba19a680a72be08c39c5de4dddb1fe05c7,1,0.0,0.0,0.0,0.0,0.0,0.0
1.5,0.3,2.0,0.4,24,train,0xe5e702641ea86f4ae6cc3cdaed2b886f976be044,58,22.413793103448278,6.896551724137931,-0.676714936469146,0.0,-32.39510310845493,8.620689655172415
1.5,0.3,2.0,0.4,24,train,0xf1ee073811b14359d850825e48d200483200edcd,1,0.0,0.0,0.0,0.0,0.0,0.0
1.5,0.3,2.0,0.55,6,test,0x0000000000000000000000000000000000000000,5,0.0,0.0,0.0,0.0,0.0,0.0
1.5,0.3,2.0,0.55,6,test,0x2565055891704afe3e844d5b34a318108ce64144,1,0.0,0.0,0.0,0.0,0.0,0.0
1.5,0.3,2.0,0.55,6,test,0x261b0f5e05eb05c6496728f1ae4969810dbe8a80,1,0.0,0.0,0.0,0.0,0.0,0.0
1.5,0.3,2.0,0.55,6,test,0xe5e702641ea86f4ae6cc3cdaed2b886f976be044,15,13.333333333333334,0.0,-4.690061522420205,0.0,-20.18375758494139,0.0
1.5,0.3,2.0,0.55,6,train,0x0000000000000000000000000000000000000000,17,11.76470588235294,0.0,0.4181203168508837,0.0,0.0,5.88235294117647
1.5,0.3,2.0,0.55,6,train,0x00d18bc3fab01162f43f20c071559795fcaf4144,1,0.0,0.0,0.0,0.0,0.0,0.0
1.5,0.3,2.0,0.55,6,train,0x1e8bbf00d265e08a27e91bfbc1f9a4073c4b4144,1,100.0,0.0,-35.08425552517339,-35.08425552517339,-35.08425552517339,0.0
1.5,0.3,2.0,0.55,6,train,0x332f85e7e323214b2d55286414b059ebb1f2a044,1,100.0,0.0,-33.302156277507045,-33.302156277507045,-33.302156277507045,0.0
1.5,0.3,2.0,0.55,6,train,0x3ad9e44cb65e518e452bfcb78952ca45b66a8a80,1,0.0,0.0,0.0,0.0,0.0,0.0
1.5,0.3,2.0,0.55,6,train,0x3bf48564e102ddf0ffd19c998e6132eee8be5000,1,0.0,0.0,0.0,0.0,0.0,0.0
1.5,0.3,2.0,0.55,6,train,0x4e3468951d49f2eea976ed0d6e75ffcb44a9a544,2,0.0,0.0,0.0,0.0,0.0,0.0
1.5,0.3,2.0,0.55,6,train,0x6eaae6b721b6c896bbfc30d3a7f4999d5a94ca80,1,0.0,0.0,0.0,0.0,0.0,0.0
1.5,0.3,2.0,0.55,6,train,0x718793b91da00b21e5b11e89de3ec9b9b6234144,1,0.0,0.0,0.0,0.0,0.0,0.0
1.5,0.3,2.0,0.55,6,train,0x72cecfc6d9a07117d5d207537e0bfd4bdfdac0cc,1,100.0,0.0,10.610579427676736,10.610579427676736,10.610579427676736,100.0
1.5,0.3,2.0,0.55,6,train,0x75a54357d9c78a2db19004a5fdc76c50f9242aec,1,0.0,0.0,0.0,0.0,0.0,0.0
1.5,0.3,2.0,0.55,6,train,0xbc4397b7f01f347b7dfa35276ca73203f3348a80,1,0.0,0.0,0.0,0.0,0.0,0.0
1.5,0.3,2.0,0.55,6,train,0xbe3e194f0069013ae4a860b6c152131b2032c0cc,1,0.0,0.0,0.0,0.0,0.0,0.0
1.5,0.3,2.0,0.55,6,train,0xc7e90a703b7ca435089cb90b8b770353e52b0a80,1,0.0,0.0,0.0,0.0,0.0,0.0
1.5,0.3,2.0,0.55,6,train,0xe0a5a3ba19a680a72be08c39c5de4dddb1fe05c7,1,0.0,0.0,0.0,0.0,0.0,0.0
1.5,0.3,2.0,0.55,6,train,0xe5e702641ea86f4ae6cc3cdaed2b886f976be044,58,22.413793103448278,5.172413793103448,-0.7260090550806658,0.0,-32.39510310845493,10.344827586206897
1.5,0.3,2.0,0.55,6,train,0xf1ee073811b14359d850825e48d200483200edcd,1,0.0,0.0,0.0,0.0,0.0,0.0
1.5,0.3,2.0,0.55,12,test,0x0000000000000000000000000000000000000000,5,0.0,0.0,0.0,0.0,0.0,0.0
1.5,0.3,2.0,0.55,12,test,0x2565055891704afe3e844d5b34a318108ce64144,1,0.0,0.0,0.0,0.0,0.0,0.0
1.5,0.3,2.0,0.55,12,test,0x261b0f5e05eb05c6496728f1ae4969810dbe8a80,1,0.0,0.0,0.0,0.0,0.0,0.0
1.5,0.3,2.0,0.55,12,test,0xe5e702641ea86f4ae6cc3cdaed2b886f976be044,15,13.333333333333334,0.0,-4.690061522420205,0.0,-20.18375758494139,0.0
1.5,0.3,2.0,0.55,12,train,0x0000000000000000000000000000000000000000,17,11.76470588235294,0.0,0.4181203168508837,0.0,0.0,5.88235294117647
1.5,0.3,2.0,0.55,12,train,0x00d18bc3fab01162f43f20c071559795fcaf4144,1,0.0,0.0,0.0,0.0,0.0,0.0
1.5,0.3,2.0,0.55,12,train,0x1e8bbf00d265e08a27e91bfbc1f9a4073c4b4144,1,100.0,0.0,-35.08425552517339,-35.08425552517339,-35.08425552517339,0.0
1.5,0.3,2.0,0.55,12,train,0x332f85e7e323214b2d55286414b059ebb1f2a044,1,100.0,0.0,-33.302156277507045,-33.302156277507045,-33.302156277507045,0.0
1.5,0.3,2.0,0.55,12,train,0x3ad9e44cb65e518e452bfcb78952ca45b66a8a80,1,0.0,0.0,0.0,0.0,0.0,0.0
1.5,0.3,2.0,0.55,12,train,0x3bf48564e102ddf0ffd19c998e6132eee8be5000,1,0.0,0.0,0.0,0.0,0.0,0.0
1.5,0.3,2.0,0.55,12,train,0x4e3468951d49f2eea976ed0d6e75ffcb44a9a544,2,0.0,0.0,0.0,0.0,0.0,0.0
1.5,0.3,2.0,0.55,12,train,0x6eaae6b721b6c896bbfc30d3a7f4999d5a94ca80,1,0.0,0.0,0.0,0.0,0.0,0.0
1.5,0.3,2.0,0.55,12,train,0x718793b91da00b21e5b11e89de3ec9b9b6234144,1,0.0,0.0,0.0,0.0,0.0,0.0
1.5,0.3,2.0,0.55,12,train,0x72cecfc6d9a07117d5d207537e0bfd4bdfdac0cc,1,100.0,0.0,10.610579427676736,10.610579427676736,10.610579427676736,100.0
1.5,0.3,2.0,0.55,12,train,0x75a54357d9c78a2db19004a5fdc76c50f9242aec,1,0.0,0.0,0.0,0.0,0.0,0.0
1.5,0.3,2.0,0.55,12,train,0xbc4397b7f01f347b7dfa35276ca73203f3348a80,1,0.0,0.0,0.0,0.0,0.0,0.0
1.5,0.3,2.0,0.55,12,train,0xbe3e194f0069013ae4a860b6c152131b2032c0cc,1,0.0,0.0,0.0,0.0,0.0,0.0
1.5,0.3,2.0,0.55,12,train,0xc7e90a703b7ca435089cb90b8b770353e52b0a80,1,0.0,0.0,0.0,0.0,0.0,0.0
1.5,0.3,2.0,0.55,12,train,0xe0a5a3ba19a680a72be08c39c5de4dddb1fe05c7,1,0.0,0.0,0.0,0.0,0.0,0.0
1.5,0.3,2.0,0.55,12,train,0xe5e702641ea86f4ae6cc3cdaed2b886f976be044,58,22.413793103448278,6.896551724137931,-1.5362597084001774,0.0,-32.39510310845493,8.620689655172415
1.5,0.3,2.0,0.55,12,train,0xf1ee073811b14359d850825e48d200483200edcd,1,0.0,0.0,0.0,0.0,0.0,0.0
1.5,0.3,2.0,0.55,24,test,0x0000000000000000000000000000000000000000,5,0.0,0.0,0.0,0.0,0.0,0.0
1.5,0.3,2.0,0.55,24,test,0x2565055891704afe3e844d5b34a318108ce64144,1,0.0,0.0,0.0,0.0,0.0,0.0
1.5,0.3,2.0,0.55,24,test,0x261b0f5e05eb05c6496728f1ae4969810dbe8a80,1,0.0,0.0,0.0,0.0,0.0,0.0
1.5,0.3,2.0,0.55,24,test,0xe5e702641ea86f4ae6cc3cdaed2b886f976be044,15,13.333333333333334,0.0,-4.690061522420205,0.0,-20.18375758494139,0.0
1.5,0.3,2.0,0.55,24,train,0x0000000000000000000000000000000000000000,17,11.76470588235294,0.0,0.4181203168508837,0.0,0.0,5.88235294117647
1.5,0.3,2.0,0.55,24,train,0x00d18bc3fab01162f43f20c071559795fcaf4144,1,0.0,0.0,0.0,0.0,0.0,0.0
1.5,0.3,2.0,0.55,24,train,0x1e8bbf00d265e08a27e91bfbc1f9a4073c4b4144,1,100.0,0.0,-35.08425552517339,-35.08425552517339,-35.08425552517339,0.0
1.5,0.3,2.0,0.55,24,train,0x332f85e7e323214b2d55286414b059ebb1f2a044,1,100.0,0.0,-33.302156277507045,-33.302156277507045,-33.302156277507045,0.0
1.5,0.3,2.0,0.55,24,train,0x3ad9e44cb65e518e452bfcb78952ca45b66a8a80,1,0.0,0.0,0.0,0.0,0.0,0.0
1.5,0.3,2.0,0.55,24,train,0x3bf48564e102ddf0ffd19c998e6132eee8be5000,1,0.0,0.0,0.0,0.0,0.0,0.0
1.5,0.3,2.0,0.55,24,train,0x4e3468951d49f2eea976ed0d6e75ffcb44a9a544,2,0.0,0.0,0.0,0.0,0.0,0.0
1.5,0.3,2.0,0.55,24,train,0x6eaae6b721b6c896bbfc30d3a7f4999d5a94ca80,1,0.0,0.0,0.0,0.0,0.0,0.0
1.5,0.3,2.0,0.55,24,train,0x718793b91da00b21e5b11e89de3ec9b9b6234144,1,0.0,0.0,0.0,0.0,0.0,0.0
1.5,0.3,2.0,0.55,24,train,0x72cecfc6d9a07117d5d207537e0bfd4bdfdac0cc,1,100.0,0.0,10.610579427676736,10.610579427676736,10.610579427676736,100.0
1.5,0.3,2.0,0.55,24,train,0x75a54357d9c78a2db19004a5fdc76c50f9242aec,1,0.0,0.0,0.0,0.0,0.0,0.0
1.5,0.3,2.0,0.55,24,train,0xbc4397b7f01f347b7dfa35276ca73203f3348a80,1,0.0,0.0,0.0,0.0,0.0,0.0
1.5,0.3,2.0,0.55,24,train,0xbe3e194f0069013ae4a860b6c152131b2032c0cc,1,0.0,0.0,0.0,0.0,0.0,0.0
1.5,0.3,2.0,0.55,24,train,0xc7e90a703b7ca435089cb90b8b770353e52b0a80,1,0.0,0.0,0.0,0.0,0.0,0.0
1.5,0.3,2.0,0.55,24,train,0xe0a5a3ba19a680a72be08c39c5de4dddb1fe05c7,1,0.0,0.0,0.0,0.0,0.0,0.0
1.5,0.3,2.0,0.55,24,train,0xe5e702641ea86f4ae6cc3cdaed2b886f976be044,58,22.413793103448278,6.896551724137931,-1.90366594766872,0.0,-32.39510310845493,8.620689655172415
1.5,0.3,2.0,0.55,24,train,0xf1ee073811b14359d850825e48d200483200edcd,1,0.0,0.0,0.0,0.0,0.0,0.0
1.5,0.3,2.0,0.7,6,test,0x0000000000000000000000000000000000000000,5,0.0,0.0,0.0,0.0,0.0,0.0
1.5,0.3,2.0,0.7,6,test,0x2565055891704afe3e844d5b34a318108ce64144,1,0.0,0.0,0.0,0.0,0.0,0.0
1.5,0.3,2.0,0.7,6,test,0x261b0f5e05eb05c6496728f1ae4969810dbe8a80,1,0.0,0.0,0.0,0.0,0.0,0.0
1.5,0.3,2.0,0.7,6,test,0xe5e702641ea86f4ae6cc3cdaed2b886f976be044,15,13.333333333333334,0.0,-4.690061522420205,0.0,-20.18375758494139,0.0
1.5,0.3,2.0,0.7,6,train,0x0000000000000000000000000000000000000000,17,11.76470588235294,0.0,0.4181203168508837,0.0,0.0,5.88235294117647
1.5,0.3,2.0,0.7,6,train,0x00d18bc3fab01162f43f20c071559795fcaf4144,1,0.0,0.0,0.0,0.0,0.0,0.0
1.5,0.3,2.0,0.7,6,train,0x1e8bbf00d265e08a27e91bfbc1f9a4073c4b4144,1,100.0,0.0,-35.08425552517339,-35.08425552517339,-35.08425552517339,0.0
1.5,0.3,2.0,0.7,6,train,0x332f85e7e323214b2d55286414b059ebb1f2a044,1,100.0,0.0,-33.302156277507045,-33.302156277507045,-33.302156277507045,0.0
1.5,0.3,2.0,0.7,6,train,0x3ad9e44cb65e518e452bfcb78952ca45b66a8a80,1,0.0,0.0,0.0,0.0,0.0,0.0
1.5,0.3,2.0,0.7,6,train,0x3bf48564e102ddf0ffd19c998e6132eee8be5000,1,0.0,0.0,0.0,0.0,0.0,0.0
1.5,0.3,2.0,0.7,6,train,0x4e3468951d49f2eea976ed0d6e75ffcb44a9a544,2,0.0,0.0,0.0,0.0,0.0,0.0
1.5,0.3,2.0,0.7,6,train,0x6eaae6b721b6c896bbfc30d3a7f4999d5a94ca80,1,0.0,0.0,0.0,0.0,0.0,0.0
1.5,0.3,2.0,0.7,6,train,0x718793b91da00b21e5b11e89de3ec9b9b6234144,1,0.0,0.0,0.0,0.0,0.0,0.0
1.5,0.3,2.0,0.7,6,train,0x72cecfc6d9a07117d5d207537e0bfd4bdfdac0cc,1,100.0,0.0,10.610579427676736,10.610579427676736,10.610579427676736,100.0
1.5,0.3,2.0,0.7,6,train,0x75a54357d9c78a2db19004a5fdc76c50f9242aec,1,0.0,0.0,0.0,0.0,0.0,0.0
1.5,0.3,2.0,0.7,6,train,0xbc4397b7f01f347b7dfa35276ca73203f3348a80,1,0.0,0.0,0.0,0.0,0.0,0.0
1.5,0.3,2.0,0.7,6,train,0xbe3e194f0069013ae4a860b6c152131b2032c0cc,1,0.0,0.0,0.0,0.0,0.0,0.0
1.5,0.3,2.0,0.7,6,train,0xc7e90a703b7ca435089cb90b8b770353e52b0a80,1,0.0,0.0,0.0,0.0,0.0,0.0
1.5,0.3,2.0,0.7,6,train,0xe0a5a3ba19a680a72be08c39c5de4dddb1fe05c7,1,0.0,0.0,0.0,0.0,0.0,0.0
1.5,0.3,2.0,0.7,6,train,0xe5e702641ea86f4ae6cc3cdaed2b886f976be044,58,22.413793103448278,5.172413793103448,-1.226690445907434,0.0,-32.39510310845493,10.344827586206897
1.5,0.3,2.0,0.7,6,train,0xf1ee073811b14359d850825e48d200483200edcd,1,0.0,0.0,0.0,0.0,0.0,0.0
1.5,0.3,2.0,0.7,12,test,0x0000000000000000000000000000000000000000,5,0.0,0.0,0.0,0.0,0.0,0.0
1.5,0.3,2.0,0.7,12,test,0x2565055891704afe3e844d5b34a318108ce64144,1,0.0,0.0,0.0,0.0,0.0,0.0
1.5,0.3,2.0,0.7,12,test,0x261b0f5e05eb05c6496728f1ae4969810dbe8a80,1,0.0,0.0,0.0,0.0,0.0,0.0
1.5,0.3,2.0,0.7,12,test,0xe5e702641ea86f4ae6cc3cdaed2b886f976be044,15,13.333333333333334,0.0,-4.690061522420205,0.0,-20.18375758494139,0.0
1.5,0.3,2.0,0.7,12,train,0x0000000000000000000000000000000000000000,17,11.76470588235294,0.0,0.4181203168508837,0.0,0.0,5.88235294117647
1.5,0.3,2.0,0.7,12,train,0x00d18bc3fab01162f43f20c071559795fcaf4144,1,0.0,0.0,0.0,0.0,0.0,0.0
1.5,0.3,2.0,0.7,12,train,0x1e8bbf00d265e08a27e91bfbc1f9a4073c4b4144,1,100.0,0.0,-35.08425552517339,-35.08425552517339,-35.08425552517339,0.0
1.5,0.3,2.0,0.7,12,train,0x332f85e7e323214b2d55286414b059ebb1f2a044,1,100.0,0.0,-33.302156277507045,-33.302156277507045,-33.302156277507045,0.0
1.5,0.3,2.0,0.7,12,train,0x3ad9e44cb65e518e452bfcb78952ca45b66a8a80,1,0.0,0.0,0.0,0.0,0.0,0.0
1.5,0.3,2.0,0.7,12,train,0x3bf48564e102ddf0ffd19c998e6132eee8be5000,1,0.0,0.0,0.0,0.0,0.0,0.0
1.5,0.3,2.0,0.7,12,train,0x4e3468951d49f2eea976ed0d6e75ffcb44a9a544,2,0.0,0.0,0.0,0.0,0.0,0.0
1.5,0.3,2.0,0.7,12,train,0x6eaae6b721b6c896bbfc30d3a7f4999d5a94ca80,1,0.0,0.0,0.0,0.0,0.0,0.0
1.5,0.3,2.0,0.7,12,train,0x718793b91da00b21e5b11e89de3ec9b9b6234144,1,0.0,0.0,0.0,0.0,0.0,0.0
1.5,0.3,2.0,0.7,12,train,0x72cecfc6d9a07117d5d207537e0bfd4bdfdac0cc,1,100.0,0.0,10.610579427676736,10.610579427676736,10.610579427676736,100.0
1.5,0.3,2.0,0.7,12,train,0x75a54357d9c78a2db19004a5fdc76c50f9242aec,1,0.0,0.0,0.0,0.0,0.0,0.0
1.5,0.3,2.0,0.7,12,train,0xbc4397b7f01f347b7dfa35276ca73203f3348a80,1,0.0,0.0,0.0,0.0,0.0,0.0
1.5,0.3,2.0,0.7,12,train,0xbe3e194f0069013ae4a860b6c152131b2032c0cc,1,0.0,0.0,0.0,0.0,0.0,0.0
1.5,0.3,2.0,0.7,12,train,0xc7e90a703b7ca435089cb90b8b770353e52b0a80,1,0.0,0.0,0.0,0.0,0.0,0.0
1.5,0.3,2.0,0.7,12,train,0xe0a5a3ba19a680a72be08c39c5de4dddb1fe05c7,1,0.0,0.0,0.0,0.0,0.0,0.0
1.5,0.3,2.0,0.7,12,train,0xe5e702641ea86f4ae6cc3cdaed2b886f976be044,58,22.413793103448278,6.896551724137931,-2.428281913888863,0.0,-32.39510310845493,8.620689655172415
1.5,0.3,2.0,0.7,12,train,0xf1ee073811b14359d850825e48d200483200edcd,1,0.0,0.0,0.0,0.0,0.0,0.0
1.5,0.3,2.0,0.7,24,test,0x0000000000000000000000000000000000000000,5,0.0,0.0,0.0,0.0,0.0,0.0
1.5,0.3,2.0,0.7,24,test,0x2565055891704afe3e844d5b34a318108ce64144,1,0.0,0.0,0.0,0.0,0.0,0.0
1.5,0.3,2.0,0.7,24,test,0x261b0f5e05eb05c6496728f1ae4969810dbe8a80,1,0.0,0.0,0.0,0.0,0.0,0.0
1.5,0.3,2.0,0.7,24,test,0xe5e702641ea86f4ae6cc3cdaed2b886f976be044,15,13.333333333333334,0.0,-4.690061522420205,0.0,-20.18375758494139,0.0
1.5,0.3,2.0,0.7,24,train,0x0000000000000000000000000000000000000000,17,11.76470588235294,0.0,0.4181203168508837,0.0,0.0,5.88235294117647
1.5,0.3,2.0,0.7,24,train,0x00d18bc3fab01162f43f20c071559795fcaf4144,1,0.0,0.0,0.0,0.0,0.0,0.0
1.5,0.3,2.0,0.7,24,train,0x1e8bbf00d265e08a27e91bfbc1f9a4073c4b4144,1,100.0,0.0,-35.08425552517339,-35.08425552517339,-35.08425552517339,0.0
1.5,0.3,2.0,0.7,24,train,0x332f85e7e323214b2d55286414b059ebb1f2a044,1,100.0,0.0,-33.302156277507045,-33.302156277507045,-33.302156277507045,0.0
1.5,0.3,2.0,0.7,24,train,0x3ad9e44cb65e518e452bfcb78952ca45b66a8a80,1,0.0,0.0,0.0,0.0,0.0,0.0
1.5,0.3,2.0,0.7,24,train,0x3bf48564e102ddf0ffd19c998e6132eee8be5000,1,0.0,0.0,0.0,0.0,0.0,0.0
1.5,0.3,2.0,0.7,24,train,0x4e3468951d49f2eea976ed0d6e75ffcb44a9a544,2,0.0,0.0,0.0,0.0,0.0,0.0
1.5,0.3,2.0,0.7,24,train,0x6eaae6b721b6c896bbfc30d3a7f4999d5a94ca80,1,0.0,0.0,0.0,0.0,0.0,0.0
1.5,0.3,2.0,0.7,24,train,0x718793b91da00b21e5b11e89de3ec9b9b6234144,1,0.0,0.0,0.0,0.0,0.0,0.0
1.5,0.3,2.0,0.7,24,train,0x72cecfc6d9a07117d5d207537e0bfd4bdfdac0cc,1,100.0,0.0,10.610579427676736,10.610579427676736,10.610579427676736,100.0
1.5,0.3,2.0,0.7,24,train,0x75a54357d9c78a2db19004a5fdc76c50f9242aec,1,0.0,0.0,0.0,0.0,0.0,0.0
1.5,0.3,2.0,0.7,24,train,0xbc4397b7f01f347b7dfa35276ca73203f3348a80,1,0.0,0.0,0.0,0.0,0.0,0.0
1.5,0.3,2.0,0.7,24,train,0xbe3e194f0069013ae4a860b6c152131b2032c0cc,1,0.0,0.0,0.0,0.0,0.0,0.0
1.5,0.3,2.0,0.7,24,train,0xc7e90a703b7ca435089cb90b8b770353e52b0a80,1,0.0,0.0,0.0,0.0,0.0,0.0
1.5,0.3,2.0,0.7,24,train,0xe0a5a3ba19a680a72be08c39c5de4dddb1fe05c7,1,0.0,0.0,0.0,0.0,0.0,0.0
1.5,0.3,2.0,0.7,24,train,0xe5e702641ea86f4ae6cc3cdaed2b886f976be044,58,22.413793103448278,6.896551724137931,-2.7956881531574056,0.0,-32.39510310845493,8.620689655172415
1.5,0.3,2.0,0.7,24,train,0xf1ee073811b14359d850825e48d200483200edcd,1,0.0,0.0,0.0,0.0,0.0,0.0
1.5,0.3,3.0,0.4,6,test,0x0000000000000000000000000000000000000000,5,0.0,0.0,0.0,0.0,0.0,0.0
1.5,0.3,3.0,0.4,6,test,0x2565055891704afe3e844d5b34a318108ce64144,1,0.0,0.0,0.0,0.0,0.0,0.0
1.5,0.3,3.0,0.4,6,test,0x261b0f5e05eb05c6496728f1ae4969810dbe8a80,1,0.0,0.0,0.0,0.0,0.0,0.0
1.5,0.3,3.0,0.4,6,test,0xe5e702641ea86f4ae6cc3cdaed2b886f976be044,15,13.333333333333334,0.0,-4.690061522420205,0.0,-20.18375758494139,0.0
1.5,0.3,3.0,0.4,6,train,0x0000000000000000000000000000000000000000,17,11.76470588235294,0.0,0.4181203168508837,0.0,0.0,5.88235294117647
1.5,0.3,3.0,0.4,6,train,0x00d18bc3fab01162f43f20c071559795fcaf4144,1,0.0,0.0,0.0,0.0,0.0,0.0
1.5,0.3,3.0,0.4,6,train,0x1e8bbf00d265e08a27e91bfbc1f9a4073c4b4144,1,100.0,0.0,-35.08425552517339,-35.08425552517339,-35.08425552517339,0.0
1.5,0.3,3.0,0.4,6,train,0x332f85e7e323214b2d55286414b059ebb1f2a044,1,100.0,0.0,-33.302156277507045,-33.302156277507045,-33.302156277507045,0.0
1.5,0.3,3.0,0.4,6,train,0x3ad9e44cb65e518e452bfcb78952ca45b66a8a80,1,0.0,0.0,0.0,0.0,0.0,0.0
1.5,0.3,3.0,0.4,6,train,0x3bf48564e102ddf0ffd19c998e6132eee8be5000,1,0.0,0.0,0.0,0.0,0.0,0.0
1.5,0.3,3.0,0.4,6,train,0x4e3468951d49f2eea976ed0d6e75ffcb44a9a544,2,0.0,0.0,0.0,0.0,0.0,0.0
1.5,0.3,3.0,0.4,6,train,0x6eaae6b721b6c896bbfc30d3a7f4999d5a94ca80,1,0.0,0.0,0.0,0.0,0.0,0.0
1.5,0.3,3.0,0.4,6,train,0x718793b91da00b21e5b11e89de3ec9b9b6234144,1,0.0,0.0,0.0,0.0,0.0,0.0
1.5,0.3,3.0,0.4,6,train,0x72cecfc6d9a07117d5d207537e0bfd4bdfdac0cc,1,100.0,0.0,10.610579427676736,10.610579427676736,10.610579427676736,100.0
1.5,0.3,3.0,0.4,6,train,0x75a54357d9c78a2db19004a5fdc76c50f9242aec,1,0.0,0.0,0.0,0.0,0.0,0.0
1.5,0.3,3.0,0.4,6,train,0xbc4397b7f01f347b7dfa35276ca73203f3348a80,1,0.0,0.0,0.0,0.0,0.0,0.0
1.5,0.3,3.0,0.4,6,train,0xbe3e194f0069013ae4a860b6c152131b2032c0cc,1,0.0,0.0,0.0,0.0,0.0,0.0
1.5,0.3,3.0,0.4,6,train,0xc7e90a703b7ca435089cb90b8b770353e52b0a80,1,0.0,0.0,0.0,0.0,0.0,0.0
1.5,0.3,3.0,0.4,6,train,0xe0a5a3ba19a680a72be08c39c5de4dddb1fe05c7,1,0.0,0.0,0.0,0.0,0.0,0.0
1.5,0.3,3.0,0.4,6,train,0xe5e702641ea86f4ae6cc3cdaed2b886f976be044,58,22.413793103448278,1.7241379310344827,2.5885303517295015,0.0,-32.39510310845493,10.344827586206897
1.5,0.3,3.0,0.4,6,train,0xf1ee073811b14359d850825e48d200483200edcd,1,0.0,0.0,0.0,0.0,0.0,0.0
1.5,0.3,3.0,0.4,12,test,0x0000000000000000000000000000000000000000,5,0.0,0.0,0.0,0.0,0.0,0.0
1.5,0.3,3.0,0.4,12,test,0x2565055891704afe3e844d5b34a318108ce64144,1,0.0,0.0,0.0,0.0,0.0,0.0
1.5,0.3,3.0,0.4,12,test,0x261b0f5e05eb05c6496728f1ae4969810dbe8a80,1,0.0,0.0,0.0,0.0,0.0,0.0
1.5,0.3,3.0,0.4,12,test,0xe5e702641ea86f4ae6cc3cdaed2b886f976be044,15,13.333333333333334,0.0,-4.690061522420205,0.0,-20.18375758494139,0.0
1.5,0.3,3.0,0.4,12,train,0x0000000000000000000000000000000000000000,17,11.76470588235294,0.0,0.4181203168508837,0.0,0.0,5.88235294117647
1.5,0.3,3.0,0.4,12,train,0x00d18bc3fab01162f43f20c071559795fcaf4144,1,0.0,0.0,0.0,0.0,0.0,0.0
1.5,0.3,3.0,0.4,12,train,0x1e8bbf00d265e08a27e91bfbc1f9a4073c4b4144,1,100.0,0.0,-35.08425552517339,-35.08425552517339,-35.08425552517339,0.0
1.5,0.3,3.0,0.4,12,train,0x332f85e7e323214b2d55286414b059ebb1f2a044,1,100.0,0.0,-33.302156277507045,-33.302156277507045,-33.302156277507045,0.0
1.5,0.3,3.0,0.4,12,train,0x3ad9e44cb65e518e452bfcb78952ca45b66a8a80,1,0.0,0.0,0.0,0.0,0.0,0.0
1.5,0.3,3.0,0.4,12,train,0x3bf48564e102ddf0ffd19c998e6132eee8be5000,1,0.0,0.0,0.0,0.0,0.0,0.0
1.5,0.3,3.0,0.4,12,train,0x4e3468951d49f2eea976ed0d6e75ffcb44a9a544,2,0.0,0.0,0.0,0.0,0.0,0.0
1.5,0.3,3.0,0.4,12,train,0x6eaae6b721b6c896bbfc30d3a7f4999d5a94ca80,1,0.0,0.0,0.0,0.0,0.0,0.0
1.5,0.3,3.0,0.4,12,train,0x718793b91da00b21e5b11e89de3ec9b9b6234144,1,0.0,0.0,0.0,0.0,0.0,0.0
1.5,0.3,3.0,0.4,12,train,0x72cecfc6d9a07117d5d207537e0bfd4bdfdac0cc,1,100.0,0.0,10.610579427676736,10.610579427676736,10.610579427676736,100.0
1.5,0.3,3.0,0.4,12,train,0x75a54357d9c78a2db19004a5fdc76c50f9242aec,1,0.0,0.0,0.0,0.0,0.0,0.0
1.5,0.3,3.0,0.4,12,train,0xbc4397b7f01f347b7dfa35276ca73203f3348a80,1,0.0,0.0,0.0,0.0,0.0,0.0
1.5,0.3,3.0,0.4,12,train,0xbe3e194f0069013ae4a860b6c152131b2032c0cc,1,0.0,0.0,0.0,0.0,0.0,0.0
1.5,0.3,3.0,0.4,12,train,0xc7e90a703b7ca435089cb90b8b770353e52b0a80,1,0.0,0.0,0.0,0.0,0.0,0.0
1.5,0.3,3.0,0.4,12,train,0xe0a5a3ba19a680a72be08c39c5de4dddb1fe05c7,1,0.0,0.0,0.0,0.0,0.0,0.0
1.5,0.3,3.0,0.4,12,train,0xe5e702641ea86f4ae6cc3cdaed2b886f976be044,58,22.413793103448278,1.7241379310344827,-3.107269527209885,0.0,-40.13818224031167,5.172413793103448
1.5,0.3,3.0,0.4,12,train,0xf1ee073811b14359d850825e48d200483200edcd,1,0.0,0.0,0.0,0.0,0.0,0.0
1.5,0.3,3.0,0.4,24,test,0x0000000000000000000000000000000000000000,5,0.0,0.0,0.0,0.0,0.0,0.0
1.5,0.3,3.0,0.4,24,test,0x2565055891704afe3e844d5b34a318108ce64144,1,0.0,0.0,0.0,0.0,0.0,0.0
1.5,0.3,3.0,0.4,24,test,0x261b0f5e05eb05c6496728f1ae4969810dbe8a80,1,0.0,0.0,0.0,0.0,0.0,0.0
1.5,0.3,3.0,0.4,24,test,0xe5e702641ea86f4ae6cc3cdaed2b886f976be044,15,13.333333333333334,0.0,-4.690061522420205,0.0,-20.18375758494139,0.0
1.5,0.3,3.0,0.4,24,train,0x0000000000000000000000000000000000000000,17,11.76470588235294,0.0,0.4181203168508837,0.0,0.0,5.88235294117647
1.5,0.3,3.0,0.4,24,train,0x00d18bc3fab01162f43f20c071559795fcaf4144,1,0.0,0.0,0.0,0.0,0.0,0.0
1.5,0.3,3.0,0.4,24,train,0x1e8bbf00d265e08a27e91bfbc1f9a4073c4b4144,1,100.0,0.0,-35.08425552517339,-35.08425552517339,-35.08425552517339,0.0
1.5,0.3,3.0,0.4,24,train,0x332f85e7e323214b2d55286414b059ebb1f2a044,1,100.0,0.0,-33.302156277507045,-33.302156277507045,-33.302156277507045,0.0
1.5,0.3,3.0,0.4,24,train,0x3ad9e44cb65e518e452bfcb78952ca45b66a8a80,1,0.0,0.0,0.0,0.0,0.0,0.0
1.5,0.3,3.0,0.4,24,train,0x3bf48564e102ddf0ffd19c998e6132eee8be5000,1,0.0,0.0,0.0,0.0,0.0,0.0
1.5,0.3,3.0,0.4,24,train,0x4e3468951d49f2eea976ed0d6e75ffcb44a9a544,2,0.0,0.0,0.0,0.0,0.0,0.0
1.5,0.3,3.0,0.4,24,train,0x6eaae6b721b6c896bbfc30d3a7f4999d5a94ca80,1,0.0,0.0,0.0,0.0,0.0,0.0
1.5,0.3,3.0,0.4,24,train,0x718793b91da00b21e5b11e89de3ec9b9b6234144,1,0.0,0.0,0.0,0.0,0.0,0.0
1.5,0.3,3.0,0.4,24,train,0x72cecfc6d9a07117d5d207537e0bfd4bdfdac0cc,1,100.0,0.0,10.610579427676736,10.610579427676736,10.610579427676736,100.0
1.5,0.3,3.0,0.4,24,train,0x75a54357d9c78a2db19004a5fdc76c50f9242aec,1,0.0,0.0,0.0,0.0,0.0,0.0
1.5,0.3,3.0,0.4,24,train,0xbc4397b7f01f347b7dfa35276ca73203f3348a80,1,0.0,0.0,0.0,0.0,0.0,0.0
1.5,0.3,3.0,0.4,24,train,0xbe3e194f0069013ae4a860b6c152131b2032c0cc,1,0.0,0.0,0.0,0.0,0.0,0.0
1.5,0.3,3.0,0.4,24,train,0xc7e90a703b7ca435089cb90b8b770353e52b0a80,1,0.0,0.0,0.0,0.0,0.0,0.0
1.5,0.3,3.0,0.4,24,train,0xe0a5a3ba19a680a72be08c39c5de4dddb1fe05c7,1,0.0,0.0,0.0,0.0,0.0,0.0
1.5,0.3,3.0,0.4,24,train,0xe5e702641ea86f4ae6cc3cdaed2b886f976be044,58,22.413793103448278,1.7241379310344827,-2.4797097937296977,0.0,-40.13818224031167,5.172413793103448
1.5,0.3,3.0,0.4,24,train,0xf1ee073811b14359d850825e48d200483200edcd,1,0.0,0.0,0.0,0.0,0.0,0.0
1.5,0.3,3.0,0.55,6,test,0x0000000000000000000000000000000000000000,5,0.0,0.0,0.0,0.0,0.0,0.0
1.5,0.3,3.0,0.55,6,test,0x2565055891704afe3e844d5b34a318108ce64144,1,0.0,0.0,0.0,0.0,0.0,0.0
1.5,0.3,3.0,0.55,6,test,0x261b0f5e05eb05c6496728f1ae4969810dbe8a80,1,0.0,0.0,0.0,0.0,0.0,0.0
1.5,0.3,3.0,0.55,6,test,0xe5e702641ea86f4ae6cc3cdaed2b886f976be044,15,13.333333333333334,0.0,-4.690061522420205,0.0,-20.18375758494139,0.0
1.5,0.3,3.0,0.55,6,train,0x0000000000000000000000000000000000000000,17,11.76470588235294,0.0,0.4181203168508837,0.0,0.0,5.88235294117647
1.5,0.3,3.0,0.55,6,train,0x00d18bc3fab01162f43f20c071559795fcaf4144,1,0.0,0.0,0.0,0.0,0.0,0.0
1.5,0.3,3.0,0.55,6,train,0x1e8bbf00d265e08a27e91bfbc1f9a4073c4b4144,1,100.0,0.0,-35.08425552517339,-35.08425552517339,-35.08425552517339,0.0
1.5,0.3,3.0,0.55,6,train,0x332f85e7e323214b2d55286414b059ebb1f2a044,1,100.0,0.0,-33.302156277507045,-33.302156277507045,-33.302156277507045,0.0
1.5,0.3,3.0,0.55,6,train,0x3ad9e44cb65e518e452bfcb78952ca45b66a8a80,1,0.0,0.0,0.0,0.0,0.0,0.0
1.5,0.3,3.0,0.55,6,train,0x3bf48564e102ddf0ffd19c998e6132eee8be5000,1,0.0,0.0,0.0,0.0,0.0,0.0
1.5,0.3,3.0,0.55,6,train,0x4e3468951d49f2eea976ed0d6e75ffcb44a9a544,2,0.0,0.0,0.0,0.0,0.0,0.0
1.5,0.3,3.0,0.55,6,train,0x6eaae6b721b6c896bbfc30d3a7f4999d5a94ca80,1,0.0,0.0,0.0,0.0,0.0,0.0
1.5,0.3,3.0,0.55,6,train,0x718793b91da00b21e5b11e89de3ec9b9b6234144,1,0.0,0.0,0.0,0.0,0.0,0.0
1.5,0.3,3.0,0.55,6,train,0x72cecfc6d9a07117d5d207537e0bfd4bdfdac0cc,1,100.0,0.0,10.610579427676736,10.610579427676736,10.610579427676736,100.0
1.5,0.3,3.0,0.55,6,train,0x75a54357d9c78a2db19004a5fdc76c50f9242aec,1,0.0,0.0,0.0,0.0,0.0,0.0
1.5,0.3,3.0,0.55,6,train,0xbc4397b7f01f347b7dfa35276ca73203f3348a80,1,0.0,0.0,0.0,0.0,0.0,0.0
1.5,0.3,3.0,0.55,6,train,0xbe3e194f0069013ae4a860b6c152131b2032c0cc,1,0.0,0.0,0.0,0.0,0.0,0.0
1.5,0.3,3.0,0.55,6,train,0xc7e90a703b7ca435089cb90b8b770353e52b0a80,1,0.0,0.0,0.0,0.0,0.0,0.0
1.5,0.3,3.0,0.55,6,train,0xe0a5a3ba19a680a72be08c39c5de4dddb1fe05c7,1,0.0,0.0,0.0,0.0,0.0,0.0
1.5,0.3,3.0,0.55,6,train,0xe5e702641ea86f4ae6cc3cdaed2b886f976be044,58,22.413793103448278,1.7241379310344827,1.6538624598500689,0.0,-32.39510310845493,10.344827586206897
1.5,0.3,3.0,0.55,6,train,0xf1ee073811b14359d850825e48d200483200edcd,1,0.0,0.0,0.0,0.0,0.0,0.0
1.5,0.3,3.0,0.55,12,test,0x0000000000000000000000000000000000000000,5,0.0,0.0,0.0,0.0,0.0,0.0
1.5,0.3,3.0,0.55,12,test,0x2565055891704afe3e844d5b34a318108ce64144,1,0.0,0.0,0.0,0.0,0.0,0.0
1.5,0.3,3.0,0.55,12,test,0x261b0f5e05eb05c6496728f1ae4969810dbe8a80,1,0.0,0.0,0.0,0.0,0.0,0.0
1.5,0.3,3.0,0.55,12,test,0xe5e702641ea86f4ae6cc3cdaed2b886f976be044,15,13.333333333333334,0.0,-4.690061522420205,0.0,-20.18375758494139,0.0
1.5,0.3,3.0,0.55,12,train,0x0000000000000000000000000000000000000000,17,11.76470588235294,0.0,0.4181203168508837,0.0,0.0,5.88235294117647
1.5,0.3,3.0,0.55,12,train,0x00d18bc3fab01162f43f20c071559795fcaf4144,1,0.0,0.0,0.0,0.0,0.0,0.0
1.5,0.3,3.0,0.55,12,train,0x1e8bbf00d265e08a27e91bfbc1f9a4073c4b4144,1,100.0,0.0,-35.08425552517339,-35.08425552517339,-35.08425552517339,0.0
1.5,0.3,3.0,0.55,12,train,0x332f85e7e323214b2d55286414b059ebb1f2a044,1,100.0,0.0,-33.302156277507045,-33.302156277507045,-33.302156277507045,0.0
1.5,0.3,3.0,0.55,12,train,0x3ad9e44cb65e518e452bfcb78952ca45b66a8a80,1,0.0,0.0,0.0,0.0,0.0,0.0
1.5,0.3,3.0,0.55,12,train,0x3bf48564e102ddf0ffd19c998e6132eee8be5000,1,0.0,0.0,0.0,0.0,0.0,0.0
1.5,0.3,3.0,0.55,12,train,0x4e3468951d49f2eea976ed0d6e75ffcb44a9a544,2,0.0,0.0,0.0,0.0,0.0,0.0
1.5,0.3,3.0,0.55,12,train,0x6eaae6b721b6c896bbfc30d3a7f4999d5a94ca80,1,0.0,0.0,0.0,0.0,0.0,0.0
1.5,0.3,3.0,0.55,12,train,0x718793b91da00b21e5b11e89de3ec9b9b6234144,1,0.0,0.0,0.0,0.0,0.0,0.0
1.5,0.3,3.0,0.55,12,train,0x72cecfc6d9a07117d5d207537e0bfd4bdfdac0cc,1,100.0,0.0,10.610579427676736,10.610579427676736,10.610579427676736,100.0
1.5,0.3,3.0,0.55,12,train,0x75a54357d9c78a2db19004a5fdc76c50f9242aec,1,0.0,0.0,0.0,0.0,0.0,0.0
1.5,0.3,3.0,0.55,12,train,0xbc4397b7f01f347b7dfa35276ca73203f3348a80,1,0.0,0.0,0.0,0.0,0.0,0.0
1.5,0.3,3.0,0.55,12,train,0xbe3e194f0069013ae4a860b6c152131b2032c0cc,1,0.0,0.0,0.0,0.0,0.0,0.0
1.5,0.3,3.0,0.55,12,train,0xc7e90a703b7ca435089cb90b8b770353e52b0a80,1,0.0,0.0,0.0,0.0,0.0,0.0
1.5,0.3,3.0,0.55,12,train,0xe0a5a3ba19a680a72be08c39c5de4dddb1fe05c7,1,0.0,0.0,0.0,0.0,0.0,0.0
1.5,0.3,3.0,0.55,12,train,0xe5e702641ea86f4ae6cc3cdaed2b886f976be044,58,22.413793103448278,1.7241379310344827,-4.041937419089318,0.0,-40.13818224031167,5.172413793103448
1.5,0.3,3.0,0.55,12,train,0xf1ee073811b14359d850825e48d200483200edcd,1,0.0,0.0,0.0,0.0,0.0,0.0
1.5,0.3,3.0,0.55,24,test,0x0000000000000000000000000000000000000000,5,0.0,0.0,0.0,0.0,0.0,0.0
1.5,0.3,3.0,0.55,24,test,0x2565055891704afe3e844d5b34a318108ce64144,1,0.0,0.0,0.0,0.0,0.0,0.0
1.5,0.3,3.0,0.55,24,test,0x261b0f5e05eb05c6496728f1ae4969810dbe8a80,1,0.0,0.0,0.0,0.0,0.0,0.0
1.5,0.3,3.0,0.55,24,test,0xe5e702641ea86f4ae6cc3cdaed2b886f976be044,15,13.333333333333334,0.0,-4.690061522420205,0.0,-20.18375758494139,0.0
1.5,0.3,3.0,0.55,24,train,0x0000000000000000000000000000000000000000,17,11.76470588235294,0.0,0.4181203168508837,0.0,0.0,5.88235294117647
1.5,0.3,3.0,0.55,24,train,0x00d18bc3fab01162f43f20c071559795fcaf4144,1,0.0,0.0,0.0,0.0,0.0,0.0
1.5,0.3,3.0,0.55,24,train,0x1e8bbf00d265e08a27e91bfbc1f9a4073c4b4144,1,100.0,0.0,-35.08425552517339,-35.08425552517339,-35.08425552517339,0.0
1.5,0.3,3.0,0.55,24,train,0x332f85e7e323214b2d55286414b059ebb1f2a044,1,100.0,0.0,-33.302156277507045,-33.302156277507045,-33.302156277507045,0.0
1.5,0.3,3.0,0.55,24,train,0x3ad9e44cb65e518e452bfcb78952ca45b66a8a80,1,0.0,0.0,0.0,0.0,0.0,0.0
1.5,0.3,3.0,0.55,24,train,0x3bf48564e102ddf0ffd19c998e6132eee8be5000,1,0.0,0.0,0.0,0.0,0.0,0.0
1.5,0.3,3.0,0.55,24,train,0x4e3468951d49f2eea976ed0d6e75ffcb44a9a544,2,0.0,0.0,0.0,0.0,0.0,0.0
1.5,0.3,3.0,0.55,24,train,0x6eaae6b721b6c896bbfc30d3a7f4999d5a94ca80,1,0.0,0.0,0.0,0.0,0.0,0.0
1.5,0.3,3.0,0.55,24,train,0x718793b91da00b21e5b11e89de3ec9b9b6234144,1,0.0,0.0,0.0,0.0,0.0,0.0
1.5,0.3,3.0,0.55,24,train,0x72cecfc6d9a07117d5d207537e0bfd4bdfdac0cc,1,100.0,0.0,10.610579427676736,10.610579427676736,10.610579427676736,100.0
1.5,0.3,3.0,0.55,24,train,0x75a54357d9c78a2db19004a5fdc76c50f9242aec,1,0.0,0.0,0.0,0.0,0.0,0.0
1.5,0.3,3.0,0.55,24,train,0xbc4397b7f01f347b7dfa35276ca73203f3348a80,1,0.0,0.0,0.0,0.0,0.0,0.0
1.5,0.3,3.0,0.55,24,train,0xbe3e194f0069013ae4a860b6c152131b2032c0cc,1,0.0,0.0,0.0,0.0,0.0,0.0
1.5,0.3,3.0,0.55,24,train,0xc7e90a703b7ca435089cb90b8b770353e52b0a80,1,0.0,0.0,0.0,0.0,0.0,0.0
1.5,0.3,3.0,0.55,24,train,0xe0a5a3ba19a680a72be08c39c5de4dddb1fe05c7,1,0.0,0.0,0.0,0.0,0.0,0.0
1.5,0.3,3.0,0.55,24,train,0xe5e702641ea86f4ae6cc3cdaed2b886f976be044,58,22.413793103448278,1.7241379310344827,-3.4143776856091304,0.0,-40.13818224031167,5.172413793103448
1.5,0.3,3.0,0.55,24,train,0xf1ee073811b14359d850825e48d200483200edcd,1,0.0,0.0,0.0,0.0,0.0,0.0
1.5,0.3,3.0,0.7,6,test,0x0000000000000000000000000000000000000000,5,0.0,0.0,0.0,0.0,0.0,0.0
1.5,0.3,3.0,0.7,6,test,0x2565055891704afe3e844d5b34a318108ce64144,1,0.0,0.0,0.0,0.0,0.0,0.0
1.5,0.3,3.0,0.7,6,test,0x261b0f5e05eb05c6496728f1ae4969810dbe8a80,1,0.0,0.0,0.0,0.0,0.0,0.0
1.5,0.3,3.0,0.7,6,test,0xe5e702641ea86f4ae6cc3cdaed2b886f976be044,15,13.333333333333334,0.0,-4.690061522420205,0.0,-20.18375758494139,0.0
1.5,0.3,3.0,0.7,6,train,0x0000000000000000000000000000000000000000,17,11.76470588235294,0.0,0.4181203168508837,0.0,0.0,5.88235294117647
1.5,0.3,3.0,0.7,6,train,0x00d18bc3fab01162f43f20c071559795fcaf4144,1,0.0,0.0,0.0,0.0,0.0,0.0
1.5,0.3,3.0,0.7,6,train,0x1e8bbf00d265e08a27e91bfbc1f9a4073c4b4144,1,100.0,0.0,-35.08425552517339,-35.08425552517339,-35.08425552517339,0.0
1.5,0.3,3.0,0.7,6,train,0x332f85e7e323214b2d55286414b059ebb1f2a044,1,100.0,0.0,-33.302156277507045,-33.302156277507045,-33.302156277507045,0.0
1.5,0.3,3.0,0.7,6,train,0x3ad9e44cb65e518e452bfcb78952ca45b66a8a80,1,0.0,0.0,0.0,0.0,0.0,0.0
1.5,0.3,3.0,0.7,6,train,0x3bf48564e102ddf0ffd19c998e6132eee8be5000,1,0.0,0.0,0.0,0.0,0.0,0.0
1.5,0.3,3.0,0.7,6,train,0x4e3468951d49f2eea976ed0d6e75ffcb44a9a544,2,0.0,0.0,0.0,0.0,0.0,0.0
1.5,0.3,3.0,0.7,6,train,0x6eaae6b721b6c896bbfc30d3a7f4999d5a94ca80,1,0.0,0.0,0.0,0.0,0.0,0.0
1.5,0.3,3.0,0.7,6,train,0x718793b91da00b21e5b11e89de3ec9b9b6234144,1,0.0,0.0,0.0,0.0,0.0,0.0
1.5,0.3,3.0,0.7,6,train,0x72cecfc6d9a07117d5d207537e0bfd4bdfdac0cc,1,100.0,0.0,10.610579427676736,10.610579427676736,10.610579427676736,100.0
1.5,0.3,3.0,0.7,6,train,0x75a54357d9c78a2db19004a5fdc76c50f9242aec,1,0.0,0.0,0.0,0.0,0.0,0.0
1.5,0.3,3.0,0.7,6,train,0xbc4397b7f01f347b7dfa35276ca73203f3348a80,1,0.0,0.0,0.0,0.0,0.0,0.0
1.5,0.3,3.0,0.7,6,train,0xbe3e194f0069013ae4a860b6c152131b2032c0cc,1,0.0,0.0,0.0,0.0,0.0,0.0
1.5,0.3,3.0,0.7,6,train,0xc7e90a703b7ca435089cb90b8b770353e52b0a80,1,0.0,0.0,0.0,0.0,0.0,0.0
1.5,0.3,3.0,0.7,6,train,0xe0a5a3ba19a680a72be08c39c5de4dddb1fe05c7,1,0.0,0.0,0.0,0.0,0.0,0.0
1.5,0.3,3.0,0.7,6,train,0xe5e702641ea86f4ae6cc3cdaed2b886f976be044,58,22.413793103448278,1.7241379310344827,0.6511216958770837,0.0,-32.39510310845493,10.344827586206897
1.5,0.3,3.0,0.7,6,train,0xf1ee073811b14359d850825e48d200483200edcd,1,0.0,0.0,0.0,0.0,0.0,0.0
1.5,0.3,3.0,0.7,12,test,0x0000000000000000000000000000000000000000,5,0.0,0.0,0.0,0.0,0.0,0.0
1.5,0.3,3.0,0.7,12,test,0x2565055891704afe3e844d5b34a318108ce64144,1,0.0,0.0,0.0,0.0,0.0,0.0
1.5,0.3,3.0,0.7,12,test,0x261b0f5e05eb05c6496728f1ae4969810dbe8a80,1,0.0,0.0,0.0,0.0,0.0,0.0
1.5,0.3,3.0,0.7,12,test,0xe5e702641ea86f4ae6cc3cdaed2b886f976be044,15,13.333333333333334,0.0,-4.690061522420205,0.0,-20.18375758494139,0.0
1.5,0.3,3.0,0.7,12,train,0x0000000000000000000000000000000000000000,17,11.76470588235294,0.0,0.4181203168508837,0.0,0.0,5.88235294117647
1.5,0.3,3.0,0.7,12,train,0x00d18bc3fab01162f43f20c071559795fcaf4144,1,0.0,0.0,0.0,0.0,0.0,0.0
1.5,0.3,3.0,0.7,12,train,0x1e8bbf00d265e08a27e91bfbc1f9a4073c4b4144,1,100.0,0.0,-35.08425552517339,-35.08425552517339,-35.08425552517339,0.0
1.5,0.3,3.0,0.7,12,train,0x332f85e7e323214b2d55286414b059ebb1f2a044,1,100.0,0.0,-33.302156277507045,-33.302156277507045,-33.302156277507045,0.0
1.5,0.3,3.0,0.7,12,train,0x3ad9e44cb65e518e452bfcb78952ca45b66a8a80,1,0.0,0.0,0.0,0.0,0.0,0.0
1.5,0.3,3.0,0.7,12,train,0x3bf48564e102ddf0ffd19c998e6132eee8be5000,1,0.0,0.0,0.0,0.0,0.0,0.0
1.5,0.3,3.0,0.7,12,train,0x4e3468951d49f2eea976ed0d6e75ffcb44a9a544,2,0.0,0.0,0.0,0.0,0.0,0.0
1.5,0.3,3.0,0.7,12,train,0x6eaae6b721b6c896bbfc30d3a7f4999d5a94ca80,1,0.0,0.0,0.0,0.0,0.0,0.0
1.5,0.3,3.0,0.7,12,train,0x718793b91da00b21e5b11e89de3ec9b9b6234144,1,0.0,0.0,0.0,0.0,0.0,0.0
1.5,0.3,3.0,0.7,12,train,0x72cecfc6d9a07117d5d207537e0bfd4bdfdac0cc,1,100.0,0.0,10.610579427676736,10.610579427676736,10.610579427676736,100.0
1.5,0.3,3.0,0.7,12,train,0x75a54357d9c78a2db19004a5fdc76c50f9242aec,1,0.0,0.0,0.0,0.0,0.0,0.0
1.5,0.3,3.0,0.7,12,train,0xbc4397b7f01f347b7dfa35276ca73203f3348a80,1,0.0,0.0,0.0,0.0,0.0,0.0
1.5,0.3,3.0,0.7,12,train,0xbe3e194f0069013ae4a860b6c152131b2032c0cc,1,0.0,0.0,0.0,0.0,0.0,0.0
1.5,0.3,3.0,0.7,12,train,0xc7e90a703b7ca435089cb90b8b770353e52b0a80,1,0.0,0.0,0.0,0.0,0.0,0.0
1.5,0.3,3.0,0.7,12,train,0xe0a5a3ba19a680a72be08c39c5de4dddb1fe05c7,1,0.0,0.0,0.0,0.0,0.0,0.0
1.5,0.3,3.0,0.7,12,train,0xe5e702641ea86f4ae6cc3cdaed2b886f976be044,58,22.413793103448278,1.7241379310344827,-5.044678183062302,0.0,-40.13818224031167,5.172413793103448
1.5,0.3,3.0,0.7,12,train,0xf1ee073811b14359d850825e48d200483200edcd,1,0.0,0.0,0.0,0.0,0.0,0.0
1.5,0.3,3.0,0.7,24,test,0x0000000000000000000000000000000000000000,5,0.0,0.0,0.0,0.0,0.0,0.0
1.5,0.3,3.0,0.7,24,test,0x2565055891704afe3e844d5b34a318108ce64144,1,0.0,0.0,0.0,0.0,0.0,0.0
1.5,0.3,3.0,0.7,24,test,0x261b0f5e05eb05c6496728f1ae4969810dbe8a80,1,0.0,0.0,0.0,0.0,0.0,0.0
1.5,0.3,3.0,0.7,24,test,0xe5e702641ea86f4ae6cc3cdaed2b886f976be044,15,13.333333333333334,0.0,-4.690061522420205,0.0,-20.18375758494139,0.0
1.5,0.3,3.0,0.7,24,train,0x0000000000000000000000000000000000000000,17,11.76470588235294,0.0,0.4181203168508837,0.0,0.0,5.88235294117647
1.5,0.3,3.0,0.7,24,train,0x00d18bc3fab01162f43f20c071559795fcaf4144,1,0.0,0.0,0.0,0.0,0.0,0.0
1.5,0.3,3.0,0.7,24,train,0x1e8bbf00d265e08a27e91bfbc1f9a4073c4b4144,1,100.0,0.0,-35.08425552517339,-35.08425552517339,-35.08425552517339,0.0
1.5,0.3,3.0,0.7,24,train,0x332f85e7e323214b2d55286414b059ebb1f2a044,1,100.0,0.0,-33.302156277507045,-33.302156277507045,-33.302156277507045,0.0
1.5,0.3,3.0,0.7,24,train,0x3ad9e44cb65e518e452bfcb78952ca45b66a8a80,1,0.0,0.0,0.0,0.0,0.0,0.0
1.5,0.3,3.0,0.7,24,train,0x3bf48564e102ddf0ffd19c998e6132eee8be5000,1,0.0,0.0,0.0,0.0,0.0,0.0
1.5,0.3,3.0,0.7,24,train,0x4e3468951d49f2eea976ed0d6e75ffcb44a9a544,2,0.0,0.0,0.0,0.0,0.0,0.0
1.5,0.3,3.0,0.7,24,train,0x6eaae6b721b6c896bbfc30d3a7f4999d5a94ca80,1,0.0,0.0,0.0,0.0,0.0,0.0
1.5,0.3,3.0,0.7,24,train,0x718793b91da00b21e5b11e89de3ec9b9b6234144,1,0.0,0.0,0.0,0.0,0.0,0.0
1.5,0.3,3.0,0.7,24,train,0x72cecfc6d9a07117d5d207537e0bfd4bdfdac0cc,1,100.0,0.0,10.610579427676736,10.610579427676736,10.610579427676736,100.0
1.5,0.3,3.0,0.7,24,train,0x75a54357d9c78a2db19004a5fdc76c50f9242aec,1,0.0,0.0,0.0,0.0,0.0,0.0
1.5,0.3,3.0,0.7,24,train,0xbc4397b7f01f347b7dfa35276ca73203f3348a80,1,0.0,0.0,0.0,0.0,0.0,0.0
1.5,0.3,3.0,0.7,24,train,0xbe3e194f0069013ae4a860b6c152131b2032c0cc,1,0.0,0.0,0.0,0.0,0.0,0.0
1.5,0.3,3.0,0.7,24,train,0xc7e90a703b7ca435089cb90b8b770353e52b0a80,1,0.0,0.0,0.0,0.0,0.0,0.0
1.5,0.3,3.0,0.7,24,train,0xe0a5a3ba19a680a72be08c39c5de4dddb1fe05c7,1,0.0,0.0,0.0,0.0,0.0,0.0
1.5,0.3,3.0,0.7,24,train,0xe5e702641ea86f4ae6cc3cdaed2b886f976be044,58,22.413793103448278,1.7241379310344827,-4.417118449582116,0.0,-40.13818224031167,5.172413793103448
1.5,0.3,3.0,0.7,24,train,0xf1ee073811b14359d850825e48d200483200edcd,1,0.0,0.0,0.0,0.0,0.0,0.0
1.5,0.4,1.5,0.4,6,test,0x0000000000000000000000000000000000000000,5,0.0,0.0,0.0,0.0,0.0,0.0
1.5,0.4,1.5,0.4,6,test,0x2565055891704afe3e844d5b34a318108ce64144,1,0.0,0.0,0.0,0.0,0.0,0.0
1.5,0.4,1.5,0.4,6,test,0x261b0f5e05eb05c6496728f1ae4969810dbe8a80,1,0.0,0.0,0.0,0.0,0.0,0.0
1.5,0.4,1.5,0.4,6,test,0xe5e702641ea86f4ae6cc3cdaed2b886f976be044,15,13.333333333333334,0.0,-5.654837658559834,0.0,-25.307250178040547,0.0
1.5,0.4,1.5,0.4,6,train,0x0000000000000000000000000000000000000000,17,11.76470588235294,0.0,0.7038496798168585,0.0,0.0,5.88235294117647
1.5,0.4,1.5,0.4,6,train,0x00d18bc3fab01162f43f20c071559795fcaf4144,1,0.0,0.0,0.0,0.0,0.0,0.0
1.5,0.4,1.5,0.4,6,train,0x1e8bbf00d265e08a27e91bfbc1f9a4073c4b4144,1,100.0,0.0,-44.536945030127974,-44.536945030127974,-44.536945030127974,0.0
1.5,0.4,1.5,0.4,6,train,0x332f85e7e323214b2d55286414b059ebb1f2a044,1,100.0,0.0,-24.582770307773195,-24.582770307773195,-24.582770307773195,0.0
1.5,0.4,1.5,0.4,6,train,0x3ad9e44cb65e518e452bfcb78952ca45b66a8a80,1,0.0,0.0,0.0,0.0,0.0,0.0
1.5,0.4,1.5,0.4,6,train,0x3bf48564e102ddf0ffd19c998e6132eee8be5000,1,0.0,0.0,0.0,0.0,0.0,0.0
1.5,0.4,1.5,0.4,6,train,0x4e3468951d49f2eea976ed0d6e75ffcb44a9a544,2,0.0,0.0,0.0,0.0,0.0,0.0
1.5,0.4,1.5,0.4,6,train,0x6eaae6b721b6c896bbfc30d3a7f4999d5a94ca80,1,0.0,0.0,0.0,0.0,0.0,0.0
1.5,0.4,1.5,0.4,6,train,0x718793b91da00b21e5b11e89de3ec9b9b6234144,1,0.0,0.0,0.0,0.0,0.0,0.0
1.5,0.4,1.5,0.4,6,train,0x72cecfc6d9a07117d5d207537e0bfd4bdfdac0cc,1,100.0,0.0,10.610579427676736,10.610579427676736,10.610579427676736,100.0
1.5,0.4,1.5,0.4,6,train,0x75a54357d9c78a2db19004a5fdc76c50f9242aec,1,0.0,0.0,0.0,0.0,0.0,0.0
1.5,0.4,1.5,0.4,6,train,0xbc4397b7f01f347b7dfa35276ca73203f3348a80,1,0.0,0.0,0.0,0.0,0.0,0.0
1.5,0.4,1.5,0.4,6,train,0xbe3e194f0069013ae4a860b6c152131b2032c0cc,1,0.0,0.0,0.0,0.0,0.0,0.0
1.5,0.4,1.5,0.4,6,train,0xc7e90a703b7ca435089cb90b8b770353e52b0a80,1,0.0,0.0,0.0,0.0,0.0,0.0
1.5,0.4,1.5,0.4,6,train,0xe0a5a3ba19a680a72be08c39c5de4dddb1fe05c7,1,0.0,0.0,0.0,0.0,0.0,0.0
1.5,0.4,1.5,0.4,6,train,0xe5e702641ea86f4ae6cc3cdaed2b886f976be044,58,22.413793103448278,10.344827586206897,-0.3272958086916662,0.0,-12.515631974347045,12.068965517241379
1.5,0.4,1.5,0.4,6,train,0xf1ee073811b14359d850825e48d200483200edcd,1,0.0,0.0,0.0,0.0,0.0,0.0
1.5,0.4,1.5,0.4,12,test,0x0000000000000000000000000000000000000000,5,0.0,0.0,0.0,0.0,0.0,0.0
1.5,0.4,1.5,0.4,12,test,0x2565055891704afe3e844d5b34a318108ce64144,1,0.0,0.0,0.0,0.0,0.0,0.0
1.5,0.4,1.5,0.4,12,test,0x261b0f5e05eb05c6496728f1ae4969810dbe8a80,1,0.0,0.0,0.0,0.0,0.0,0.0
1.5,0.4,1.5,0.4,12,test,0xe5e702641ea86f4ae6cc3cdaed2b886f976be044,15,13.333333333333334,0.0,-5.654837658559834,0.0,-25.307250178040547,0.0
1.5,0.4,1.5,0.4,12,train,0x0000000000000000000000000000000000000000,17,11.76470588235294,0.0,1.458610706843408,0.0,0.0,5.88235294117647
1.5,0.4,1.5,0.4,12,train,0x00d18bc3fab01162f43f20c071559795fcaf4144,1,0.0,0.0,0.0,0.0,0.0,0.0
1.5,0.4,1.5,0.4,12,train,0x1e8bbf00d265e08a27e91bfbc1f9a4073c4b4144,1,100.0,0.0,-44.536945030127974,-44.536945030127974,-44.536945030127974,0.0
1.5,0.4,1.5,0.4,12,train,0x332f85e7e323214b2d55286414b059ebb1f2a044,1,100.0,0.0,-28.479635600666818,-28.479635600666818,-28.479635600666818,0.0
1.5,0.4,1.5,0.4,12,train,0x3ad9e44cb65e518e452bfcb78952ca45b66a8a80,1,0.0,0.0,0.0,0.0,0.0,0.0
1.5,0.4,1.5,0.4,12,train,0x3bf48564e102ddf0ffd19c998e6132eee8be5000,1,0.0,0.0,0.0,0.0,0.0,0.0
1.5,0.4,1.5,0.4,12,train,0x4e3468951d49f2eea976ed0d6e75ffcb44a9a544,2,0.0,0.0,0.0,0.0,0.0,0.0
1.5,0.4,1.5,0.4,12,train,0x6eaae6b721b6c896bbfc30d3a7f4999d5a94ca80,1,0.0,0.0,0.0,0.0,0.0,0.0
1.5,0.4,1.5,0.4,12,train,0x718793b91da00b21e5b11e89de3ec9b9b6234144,1,0.0,0.0,0.0,0.0,0.0,0.0
1.5,0.4,1.5,0.4,12,train,0x72cecfc6d9a07117d5d207537e0bfd4bdfdac0cc,1,100.0,0.0,10.610579427676736,10.610579427676736,10.610579427676736,100.0
1.5,0.4,1.5,0.4,12,train,0x75a54357d9c78a2db19004a5fdc76c50f9242aec,1,0.0,0.0,0.0,0.0,0.0,0.0
1.5,0.4,1.5,0.4,12,train,0xbc4397b7f01f347b7dfa35276ca73203f3348a80,1,0.0,0.0,0.0,0.0,0.0,0.0
1.5,0.4,1.5,0.4,12,train,0xbe3e194f0069013ae4a860b6c152131b2032c0cc,1,0.0,0.0,0.0,0.0,0.0,0.0
1.5,0.4,1.5,0.4,12,train,0xc7e90a703b7ca435089cb90b8b770353e52b0a80,1,0.0,0.0,0.0,0.0,0.0,0.0
1.5,0.4,1.5,0.4,12,train,0xe0a5a3ba19a680a72be08c39c5de4dddb1fe05c7,1,0.0,0.0,0.0,0.0,0.0,0.0
1.5,0.4,1.5,0.4,12,train,0xe5e702641ea86f4ae6cc3cdaed2b886f976be044,58,22.413793103448278,10.344827586206897,-0.06994229453239793,0.0,-12.515631974347045,12.068965517241379
1.5,0.4,1.5,0.4,12,train,0xf1ee073811b14359d850825e48d200483200edcd,1,0.0,0.0,0.0,0.0,0.0,0.0
1.5,0.4,1.5,0.4,24,test,0x0000000000000000000000000000000000000000,5,0.0,0.0,0.0,0.0,0.0,0.0
1.5,0.4,1.5,0.4,24,test,0x2565055891704afe3e844d5b34a318108ce64144,1,0.0,0.0,0.0,0.0,0.0,0.0
1.5,0.4,1.5,0.4,24,test,0x261b0f5e05eb05c6496728f1ae4969810dbe8a80,1,0.0,0.0,0.0,0.0,0.0,0.0
1.5,0.4,1.5,0.4,24,test,0xe5e702641ea86f4ae6cc3cdaed2b886f976be044,15,13.333333333333334,0.0,-5.654837658559834,0.0,-25.307250178040547,0.0
1.5,0.4,1.5,0.4,24,train,0x0000000000000000000000000000000000000000,17,11.76470588235294,0.0,0.6084290689737495,0.0,0.0,5.88235294117647
1.5,0.4,1.5,0.4,24,train,0x00d18bc3fab01162f43f20c071559795fcaf4144,1,0.0,0.0,0.0,0.0,0.0,0.0
1.5,0.4,1.5,0.4,24,train,0x1e8bbf00d265e08a27e91bfbc1f9a4073c4b4144,1,100.0,0.0,-44.536945030127974,-44.536945030127974,-44.536945030127974,0.0
1.5,0.4,1.5,0.4,24,train,0x332f85e7e323214b2d55286414b059ebb1f2a044,1,100.0,0.0,-42.202894876575506,-42.202894876575506,-42.202894876575506,0.0
1.5,0.4,1.5,0.4,24,train,0x3ad9e44cb65e518e452bfcb78952ca45b66a8a80,1,0.0,0.0,0.0,0.0,0.0,0.0
1.5,0.4,1.5,0.4,24,train,0x3bf48564e102ddf0ffd19c998e6132eee8be5000,1,0.0,0.0,0.0,0.0,0.0,0.0
1.5,0.4,1.5,0.4,24,train,0x4e3468951d49f2eea976ed0d6e75ffcb44a9a544,2,0.0,0.0,0.0,0.0,0.0,0.0
1.5,0.4,1.5,0.4,24,train,0x6eaae6b721b6c896bbfc30d3a7f4999d5a94ca80,1,0.0,0.0,0.0,0.0,0.0,0.0
1.5,0.4,1.5,0.4,24,train,0x718793b91da00b21e5b11e89de3ec9b9b6234144,1,0.0,0.0,0.0,0.0,0.0,0.0
1.5,0.4,1.5,0.4,24,train,0x72cecfc6d9a07117d5d207537e0bfd4bdfdac0cc,1,100.0,0.0,10.610579427676736,10.610579427676736,10.610579427676736,100.0
1.5,0.4,1.5,0.4,24,train,0x75a54357d9c78a2db19004a5fdc76c50f9242aec,1,0.0,0.0,0.0,0.0,0.0,0.0
1.5,0.4,1.5,0.4,24,train,0xbc4397b7f01f347b7dfa35276ca73203f3348a80,1,0.0,0.0,0.0,0.0,0.0,0.0
1.5,0.4,1.5,0.4,24,train,0xbe3e194f0069013ae4a860b6c152131b2032c0cc,1,0.0,0.0,0.0,0.0,0.0,0.0
1.5,0.4,1.5,0.4,24,train,0xc7e90a703b7ca435089cb90b8b770353e52b0a80,1,0.0,0.0,0.0,0.0,0.0,0.0
1.5,0.4,1.5,0.4,24,train,0xe0a5a3ba19a680a72be08c39c5de4dddb1fe05c7,1,0.0,0.0,0.0,0.0,0.0,0.0
1.5,0.4,1.5,0.4,24,train,0xe5e702641ea86f4ae6cc3cdaed2b886f976be044,58,22.413793103448278,12.068965517241379,0.4466665700933293,0.0,-12.515631974347045,12.068965517241379
1.5,0.4,1.5,0.4,24,train,0xf1ee073811b14359d850825e48d200483200edcd,1,0.0,0.0,0.0,0.0,0.0,0.0
1.5,0.4,1.5,0.55,6,test,0x0000000000000000000000000000000000000000,5,0.0,0.0,0.0,0.0,0.0,0.0
1.5,0.4,1.5,0.55,6,test,0x2565055891704afe3e844d5b34a318108ce64144,1,0.0,0.0,0.0,0.0,0.0,0.0
1.5,0.4,1.5,0.55,6,test,0x261b0f5e05eb05c6496728f1ae4969810dbe8a80,1,0.0,0.0,0.0,0.0,0.0,0.0
1.5,0.4,1.5,0.55,6,test,0xe5e702641ea86f4ae6cc3cdaed2b886f976be044,15,13.333333333333334,0.0,-5.654837658559834,0.0,-25.307250178040547,0.0
1.5,0.4,1.5,0.55,6,train,0x0000000000000000000000000000000000000000,17,11.76470588235294,0.0,0.7038496798168585,0.0,0.0,5.88235294117647
1.5,0.4,1.5,0.55,6,train,0x00d18bc3fab01162f43f20c071559795fcaf4144,1,0.0,0.0,0.0,0.0,0.0,0.0
1.5,0.4,1.5,0.55,6,train,0x1e8bbf00d265e08a27e91bfbc1f9a4073c4b4144,1,100.0,0.0,-44.536945030127974,-44.536945030127974,-44.536945030127974,0.0
1.5,0.4,1.5,0.55,6,train,0x332f85e7e323214b2d55286414b059ebb1f2a044,1,100.0,0.0,-24.582770307773195,-24.582770307773195,-24.582770307773195,0.0
1.5,0.4,1.5,0.55,6,train,0x3ad9e44cb65e518e452bfcb78952ca45b66a8a80,1,0.0,0.0,0.0,0.0,0.0,0.0
1.5,0.4,1.5,0.55,6,train,0x3bf48564e102ddf0ffd19c998e6132eee8be5000,1,0.0,0.0,0.0,0.0,0.0,0.0
1.5,0.4,1.5,0.55,6,train,0x4e3468951d49f2eea976ed0d6e75ffcb44a9a544,2,0.0,0.0,0.0,0.0,0.0,0.0
1.5,0.4,1.5,0.55,6,train,0x6eaae6b721b6c896bbfc30d3a7f4999d5a94ca80,1,0.0,0.0,0.0,0.0,0.0,0.0
1.5,0.4,1.5,0.55,6,train,0x718793b91da00b21e5b11e89de3ec9b9b6234144,1,0.0,0.0,0.0,0.0,0.0,0.0
1.5,0.4,1.5,0.55,6,train,0x72cecfc6d9a07117d5d207537e0bfd4bdfdac0cc,1,100.0,0.0,10.610579427676736,10.610579427676736,10.610579427676736,100.0
1.5,0.4,1.5,0.55,6,train,0x75a54357d9c78a2db19004a5fdc76c50f9242aec,1,0.0,0.0,0.0,0.0,0.0,0.0
1.5,0.4,1.5,0.55,6,train,0xbc4397b7f01f347b7dfa35276ca73203f3348a80,1,0.0,0.0,0.0,0.0,0.0,0.0
1.5,0.4,1.5,0.55,6,train,0xbe3e194f0069013ae4a860b6c152131b2032c0cc,1,0.0,0.0,0.0,0.0,0.0,0.0
1.5,0.4,1.5,0.55,6,train,0xc7e90a703b7ca435089cb90b8b770353e52b0a80,1,0.0,0.0,0.0,0.0,0.0,0.0
1.5,0.4,1.5,0.55,6,train,0xe0a5a3ba19a680a72be08c39c5de4dddb1fe05c7,1,0.0,0.0,0.0,0.0,0.0,0.0
1.5,0.4,1.5,0.55,6,train,0xe5e702641ea86f4ae6cc3cdaed2b886f976be044,58,22.413793103448278,10.344827586206897,-1.3158008281704392,0.0,-12.515631974347045,12.068965517241379
1.5,0.4,1.5,0.55,6,train,0xf1ee073811b14359d850825e48d200483200edcd,1,0.0,0.0,0.0,0.0,0.0,0.0
1.5,0.4,1.5,0.55,12,test,0x0000000000000000000000000000000000000000,5,0.0,0.0,0.0,0.0,0.0,0.0
1.5,0.4,1.5,0.55,12,test,0x2565055891704afe3e844d5b34a318108ce64144,1,0.0,0.0,0.0,0.0,0.0,0.0
1.5,0.4,1.5,0.55,12,test,0x261b0f5e05eb05c6496728f1ae4969810dbe8a80,1,0.0,0.0,0.0,0.0,0.0,0.0
1.5,0.4,1.5,0.55,12,test,0xe5e702641ea86f4ae6cc3cdaed2b886f976be044,15,13.333333333333334,0.0,-5.654837658559834,0.0,-25.307250178040547,0.0
1.5,0.4,1.5,0.55,12,train,0x0000000000000000000000000000000000000000,17,11.76470588235294,0.0,1.458610706843408,0.0,0.0,5.88235294117647
1.5,0.4,1.5,0.55,12,train,0x00d18bc3fab01162f43f20c071559795fcaf4144,1,0.0,0.0,0.0,0.0,0.0,0.0
1.5,0.4,1.5,0.55,12,train,0x1e8bbf00d265e08a27e91bfbc1f9a4073c4b4144,1,100.0,0.0,-44.536945030127974,-44.536945030127974,-44.536945030127974,0.0
1.5,0.4,1.5,0.55,12,train,0x332f85e7e323214b2d55286414b059ebb1f2a044,1,100.0,0.0,-28.479635600666818,-28.479635600666818,-28.479635600666818,0.0
1.5,0.4,1.5,0.55,12,train,0x3ad9e44cb65e518e452bfcb78952ca45b66a8a80,1,0.0,0.0,0.0,0.0,0.0,0.0
1.5,0.4,1.5,0.55,12,train,0x3bf48564e102ddf0ffd19c998e6132eee8be5000,1,0.0,0.0,0.0,0.0,0.0,0.0
1.5,0.4,1.5,0.55,12,train,0x4e3468951d49f2eea976ed0d6e75ffcb44a9a544,2,0.0,0.0,0.0,0.0,0.0,0.0
1.5,0.4,1.5,0.55,12,train,0x6eaae6b721b6c896bbfc30d3a7f4999d5a94ca80,1,0.0,0.0,0.0,0.0,0.0,0.0
1.5,0.4,1.5,0.55,12,train,0x718793b91da00b21e5b11e89de3ec9b9b6234144,1,0.0,0.0,0.0,0.0,0.0,0.0
1.5,0.4,1.5,0.55,12,train,0x72cecfc6d9a07117d5d207537e0bfd4bdfdac0cc,1,100.0,0.0,10.610579427676736,10.610579427676736,10.610579427676736,100.0
1.5,0.4,1.5,0.55,12,train,0x75a54357d9c78a2db19004a5fdc76c50f9242aec,1,0.0,0.0,0.0,0.0,0.0,0.0
1.5,0.4,1.5,0.55,12,train,0xbc4397b7f01f347b7dfa35276ca73203f3348a80,1,0.0,0.0,0.0,0.0,0.0,0.0
1.5,0.4,1.5,0.55,12,train,0xbe3e194f0069013ae4a860b6c152131b2032c0cc,1,0.0,0.0,0.0,0.0,0.0,0.0
1.5,0.4,1.5,0.55,12,train,0xc7e90a703b7ca435089cb90b8b770353e52b0a80,1,0.0,0.0,0.0,0.0,0.0,0.0
1.5,0.4,1.5,0.55,12,train,0xe0a5a3ba19a680a72be08c39c5de4dddb1fe05c7,1,0.0,0.0,0.0,0.0,0.0,0.0
1.5,0.4,1.5,0.55,12,train,0xe5e702641ea86f4ae6cc3cdaed2b886f976be044,58,22.413793103448278,10.344827586206897,-1.0584473140111714,0.0,-12.515631974347045,12.068965517241379
1.5,0.4,1.5,0.55,12,train,0xf1ee073811b14359d850825e48d200483200edcd,1,0.0,0.0,0.0,0.0,0.0,0.0
1.5,0.4,1.5,0.55,24,test,0x0000000000000000000000000000000000000000,5,0.0,0.0,0.0,0.0,0.0,0.0
1.5,0.4,1.5,0.55,24,test,0x2565055891704afe3e844d5b34a318108ce64144,1,0.0,0.0,0.0,0.0,0.0,0.0
1.5,0.4,1.5,0.55,24,test,0x261b0f5e05eb05c6496728f1ae4969810dbe8a80,1,0.0,0.0,0.0,0.0,0.0,0.0
1.5,0.4,1.5,0.55,24,test,0xe5e702641ea86f4ae6cc3cdaed2b886f976be044,15,13.333333333333334,0.0,-5.654837658559834,0.0,-25.307250178040547,0.0
1.5,0.4,1.5,0.55,24,train,0x0000000000000000000000000000000000000000,17,11.76470588235294,0.0,0.6084290689737495,0.0,0.0,5.88235294117647
1.5,0.4,1.5,0.55,24,train,0x00d18bc3fab01162f43f20c071559795fcaf4144,1,0.0,0.0,0.0,0.0,0.0,0.0
1.5,0.4,1.5,0.55,24,train,0x1e8bbf00d265e08a27e91bfbc1f9a4073c4b4144,1,100.0,0.0,-44.536945030127974,-44.536945030127974,-44.536945030127974,0.0
1.5,0.4,1.5,0.55,24,train,0x332f85e7e323214b2d55286414b059ebb1f2a044,1,100.0,0.0,-42.202894876575506,-42.202894876575506,-42.202894876575506,0.0
1.5,0.4,1.5,0.55,24,train,0x3ad9e44cb65e518e452bfcb78952ca45b66a8a80,1,0.0,0.0,0.0,0.0,0.0,0.0
1.5,0.4,1.5,0.55,24,train,0x3bf48564e102ddf0ffd19c998e6132eee8be5000,1,0.0,0.0,0.0,0.0,0.0,0.0
1.5,0.4,1.5,0.55,24,train,0x4e3468951d49f2eea976ed0d6e75ffcb44a9a544,2,0.0,0.0,0.0,0.0,0.0,0.0
1.5,0.4,1.5,0.55,24,train,0x6eaae6b721b6c896bbfc30d3a7f4999d5a94ca80,1,0.0,0.0,0.0,0.0,0.0,0.0
1.5,0.4,1.5,0.55,24,train,0x718793b91da00b21e5b11e89de3ec9b9b6234144,1,0.0,0.0,0.0,0.0,0.0,0.0
1.5,0.4,1.5,0.55,24,train,0x72cecfc6d9a07117d5d207537e0bfd4bdfdac0cc,1,100.0,0.0,10.610579427676736,10.610579427676736,10.610579427676736,100.0
1.5,0.4,1.5,0.55,24,train,0x75a54357d9c78a2db19004a5fdc76c50f9242aec,1,0.0,0.0,0.0,0.0,0.0,0.0
1.5,0.4,1.5,0.55,24,train,0xbc4397b7f01f347b7dfa35276ca73203f3348a80,1,0.0,0.0,0.0,0.0,0.0,0.0
1.5,0.4,1.5,0.55,24,train,0xbe3e194f0069013ae4a860b6c152131b2032c0cc,1,0.0,0.0,0.0,0.0,0.0,0.0
1.5,0.4,1.5,0.55,24,train,0xc7e90a703b7ca435089cb90b8b770353e52b0a80,1,0.0,0.0,0.0,0.0,0.0,0.0
1.5,0.4,1.5,0.55,24,train,0xe0a5a3ba19a680a72be08c39c5de4dddb1fe05c7,1,0.0,0.0,0.0,0.0,0.0,0.0
1.5,0.4,1.5,0.55,24,train,0xe5e702641ea86f4ae6cc3cdaed2b886f976be044,58,22.413793103448278,12.068965517241379,-0.5418384493854439,0.0,-12.515631974347045,12.068965517241379
1.5,0.4,1.5,0.55,24,train,0xf1ee073811b14359d850825e48d200483200edcd,1,0.0,0.0,0.0,0.0,0.0,0.0
1.5,0.4,1.5,0.7,6,test,0x0000000000000000000000000000000000000000,5,0.0,0.0,0.0,0.0,0.0,0.0
1.5,0.4,1.5,0.7,6,test,0x2565055891704afe3e844d5b34a318108ce64144,1,0.0,0.0,0.0,0.0,0.0,0.0
1.5,0.4,1.5,0.7,6,test,0x261b0f5e05eb05c6496728f1ae4969810dbe8a80,1,0.0,0.0,0.0,0.0,0.0,0.0
1.5,0.4,1.5,0.7,6,test,0xe5e702641ea86f4ae6cc3cdaed2b886f976be044,15,13.333333333333334,0.0,-5.654837658559834,0.0,-25.307250178040547,0.0
1.5,0.4,1.5,0.7,6,train,0x0000000000000000000000000000000000000000,17,11.76470588235294,0.0,0.7038496798168585,0.0,0.0,5.88235294117647
1.5,0.4,1.5,0.7,6,train,0x00d18bc3fab01162f43f20c071559795fcaf4144,1,0.0,0.0,0.0,0.0,0.0,0.0
1.5,0.4,1.5,0.7,6,train,0x1e8bbf00d265e08a27e91bfbc1f9a4073c4b4144,1,100.0,0.0,-44.536945030127974,-44.536945030127974,-44.536945030127974,0.0
1.5,0.4,1.5,0.7,6,train,0x332f85e7e323214b2d55286414b059ebb1f2a044,1,100.0,0.0,-24.582770307773195,-24.582770307773195,-24.582770307773195,0.0
1.5,0.4,1.5,0.7,6,train,0x3ad9e44cb65e518e452bfcb78952ca45b66a8a80,1,0.0,0.0,0.0,0.0,0.0,0.0
1.5,0.4,1.5,0.7,6,train,0x3bf48564e102ddf0ffd19c998e6132eee8be5000,1,0.0,0.0,0.0,0.0,0.0,0.0
1.5,0.4,1.5,0.7,6,train,0x4e3468951d49f2eea976ed0d6e75ffcb44a9a544,2,0.0,0.0,0.0,0.0,0.0,0.0
1.5,0.4,1.5,0.7,6,train,0x6eaae6b721b6c896bbfc30d3a7f4999d5a94ca80,1,0.0,0.0,0.0,0.0,0.0,0.0
1.5,0.4,1.5,0.7,6,train,0x718793b91da00b21e5b11e89de3ec9b9b6234144,1,0.0,0.0,0.0,0.0,0.0,0.0
1.5,0.4,1.5,0.7,6,train,0x72cecfc6d9a07117d5d207537e0bfd4bdfdac0cc,1,100.0,0.0,10.610579427676736,10.610579427676736,10.610579427676736,100.0
1.5,0.4,1.5,0.7,6,train,0x75a54357d9c78a2db19004a5fdc76c50f9242aec,1,0.0,0.0,0.0,0.0,0.0,0.0
1.5,0.4,1.5,0.7,6,train,0xbc4397b7f01f347b7dfa35276ca73203f3348a80,1,0.0,0.0,0.0,0.0,0.0,0.0
1.5,0.4,1.5,0.7,6,train,0xbe3e194f0069013ae4a860b6c152131b2032c0cc,1,0.0,0.0,0.0,0.0,0.0,0.0
1.5,0.4,1.5,0.7,6,train,0xc7e90a703b7ca435089cb90b8b770353e52b0a80,1,0.0,0.0,0.0,0.0,0.0,0.0
1.5,0.4,1.5,0.7,6,train,0xe0a5a3ba19a680a72be08c39c5de4dddb1fe05c7,1,0.0,0.0,0.0,0.0,0.0,0.0
1.5,0.4,1.5,0.7,6,train,0xe5e702641ea86f4ae6cc3cdaed2b886f976be044,58,22.413793103448278,10.344827586206897,-2.252647625042068,0.0,-12.515631974347045,12.068965517241379
1.5,0.4,1.5,0.7,6,train,0xf1ee073811b14359d850825e48d200483200edcd,1,0.0,0.0,0.0,0.0,0.0,0.0
1.5,0.4,1.5,0.7,12,test,0x0000000000000000000000000000000000000000,5,0.0,0.0,0.0,0.0,0.0,0.0
1.5,0.4,1.5,0.7,12,test,0x2565055891704afe3e844d5b34a318108ce64144,1,0.0,0.0,0.0,0.0,0.0,0.0
1.5,0.4,1.5,0.7,12,test,0x261b0f5e05eb05c6496728f1ae4969810dbe8a80,1,0.0,0.0,0.0,0.0,0.0,0.0
1.5,0.4,1.5,0.7,12,test,0xe5e702641ea86f4ae6cc3cdaed2b886f976be044,15,13.333333333333334,0.0,-5.654837658559834,0.0,-25.307250178040547,0.0
1.5,0.4,1.5,0.7,12,train,0x0000000000000000000000000000000000000000,17,11.76470588235294,0.0,1.458610706843408,0.0,0.0,5.88235294117647
1.5,0.4,1.5,0.7,12,train,0x00d18bc3fab01162f43f20c071559795fcaf4144,1,0.0,0.0,0.0,0.0,0.0,0.0
1.5,0.4,1.5,0.7,12,train,0x1e8bbf00d265e08a27e91bfbc1f9a4073c4b4144,1,100.0,0.0,-44.536945030127974,-44.536945030127974,-44.536945030127974,0.0
1.5,0.4,1.5,0.7,12,train,0x332f85e7e323214b2d55286414b059ebb1f2a044,1,100.0,0.0,-28.479635600666818,-28.479635600666818,-28.479635600666818,0.0
1.5,0.4,1.5,0.7,12,train,0x3ad9e44cb65e518e452bfcb78952ca45b66a8a80,1,0.0,0.0,0.0,0.0,0.0,0.0
1.5,0.4,1.5,0.7,12,train,0x3bf48564e102ddf0ffd19c998e6132eee8be5000,1,0.0,0.0,0.0,0.0,0.0,0.0
1.5,0.4,1.5,0.7,12,train,0x4e3468951d49f2eea976ed0d6e75ffcb44a9a544,2,0.0,0.0,0.0,0.0,0.0,0.0
1.5,0.4,1.5,0.7,12,train,0x6eaae6b721b6c896bbfc30d3a7f4999d5a94ca80,1,0.0,0.0,0.0,0.0,0.0,0.0
1.5,0.4,1.5,0.7,12,train,0x718793b91da00b21e5b11e89de3ec9b9b6234144,1,0.0,0.0,0.0,0.0,0.0,0.0
1.5,0.4,1.5,0.7,12,train,0x72cecfc6d9a07117d5d207537e0bfd4bdfdac0cc,1,100.0,0.0,10.610579427676736,10.610579427676736,10.610579427676736,100.0
1.5,0.4,1.5,0.7,12,train,0x75a54357d9c78a2db19004a5fdc76c50f9242aec,1,0.0,0.0,0.0,0.0,0.0,0.0
1.5,0.4,1.5,0.7,12,train,0xbc4397b7f01f347b7dfa35276ca73203f3348a80,1,0.0,0.0,0.0,0.0,0.0,0.0
1.5,0.4,1.5,0.7,12,train,0xbe3e194f0069013ae4a860b6c152131b2032c0cc,1,0.0,0.0,0.0,0.0,0.0,0.0
1.5,0.4,1.5,0.7,12,train,0xc7e90a703b7ca435089cb90b8b770353e52b0a80,1,0.0,0.0,0.0,0.0,0.0,0.0
1.5,0.4,1.5,0.7,12,train,0xe0a5a3ba19a680a72be08c39c5de4dddb1fe05c7,1,0.0,0.0,0.0,0.0,0.0,0.0
1.5,0.4,1.5,0.7,12,train,0xe5e702641ea86f4ae6cc3cdaed2b886f976be044,58,22.413793103448278,10.344827586206897,-1.9952941108828002,0.0,-12.515631974347045,12.068965517241379
1.5,0.4,1.5,0.7,12,train,0xf1ee073811b14359d850825e48d200483200edcd,1,0.0,0.0,0.0,0.0,0.0,0.0
1.5,0.4,1.5,0.7,24,test,0x0000000000000000000000000000000000000000,5,0.0,0.0,0.0,0.0,0.0,0.0
1.5,0.4,1.5,0.7,24,test,0x2565055891704afe3e844d5b34a318108ce64144,1,0.0,0.0,0.0,0.0,0.0,0.0
1.5,0.4,1.5,0.7,24,test,0x261b0f5e05eb05c6496728f1ae4969810dbe8a80,1,0.0,0.0,0.0,0.0,0.0,0.0
1.5,0.4,1.5,0.7,24,test,0xe5e702641ea86f4ae6cc3cdaed2b886f976be044,15,13.333333333333334,0.0,-5.654837658559834,0.0,-25.307250178040547,0.0
1.5,0.4,1.5,0.7,24,train,0x0000000000000000000000000000000000000000,17,11.76470588235294,0.0,0.6084290689737495,0.0,0.0,5.88235294117647
1.5,0.4,1.5,0.7,24,train,0x00d18bc3fab01162f43f20c071559795fcaf4144,1,0.0,0.0,0.0,0.0,0.0,0.0
1.5,0.4,1.5,0.7,24,train,0x1e8bbf00d265e08a27e91bfbc1f9a4073c4b4144,1,100.0,0.0,-44.536945030127974,-44.536945030127974,-44.536945030127974,0.0
1.5,0.4,1.5,0.7,24,train,0x332f85e7e323214b2d55286414b059ebb1f2a044,1,100.0,0.0,-42.202894876575506,-42.202894876575506,-42.202894876575506,0.0
1.5,0.4,1.5,0.7,24,train,0x3ad9e44cb65e518e452bfcb78952ca45b66a8a80,1,0.0,0.0,0.0,0.0,0.0,0.0
1.5,0.4,1.5,0.7,24,train,0x3bf48564e102ddf0ffd19c998e6132eee8be5000,1,0.0,0.0,0.0,0.0,0.0,0.0
1.5,0.4,1.5,0.7,24,train,0x4e3468951d49f2eea976ed0d6e75ffcb44a9a544,2,0.0,0.0,0.0,0.0,0.0,0.0
1.5,0.4,1.5,0.7,24,train,0x6eaae6b721b6c896bbfc30d3a7f4999d5a94ca80,1,0.0,0.0,0.0,0.0,0.0,0.0
1.5,0.4,1.5,0.7,24,train,0x718793b91da00b21e5b11e89de3ec9b9b6234144,1,0.0,0.0,0.0,0.0,0.0,0.0
1.5,0.4,1.5,0.7,24,train,0x72cecfc6d9a07117d5d207537e0bfd4bdfdac0cc,1,100.0,0.0,10.610579427676736,10.610579427676736,10.610579427676736,100.0
1.5,0.4,1.5,0.7,24,train,0x75a54357d9c78a2db19004a5fdc76c50f9242aec,1,0.0,0.0,0.0,0.0,0.0,0.0
1.5,0.4,1.5,0.7,24,train,0xbc4397b7f01f347b7dfa35276ca73203f3348a80,1,0.0,0.0,0.0,0.0,0.0,0.0
1.5,0.4,1.5,0.7,24,train,0xbe3e194f0069013ae4a860b6c152131b2032c0cc,1,0.0,0.0,0.0,0.0,0.0,0.0
1.5,0.4,1.5,0.7,24,train,0xc7e90a703b7ca435089cb90b8b770353e52b0a80,1,0.0,0.0,0.0,0.0,0.0,0.0
1.5,0.4,1.5,0.7,24,train,0xe0a5a3ba19a680a72be08c39c5de4dddb1fe05c7,1,0.0,0.0,0.0,0.0,0.0,0.0
1.5,0.4,1.5,0.7,24,train,0xe5e702641ea86f4ae6cc3cdaed2b886f976be044,58,22.413793103448278,12.068965517241379,-1.4786852462570725,0.0,-12.515631974347045,12.068965517241379
1.5,0.4,1.5,0.7,24,train,0xf1ee073811b14359d850825e48d200483200edcd,1,0.0,0.0,0.0,0.0,0.0,0.0
1.5,0.4,2.0,0.4,6,test,0x0000000000000000000000000000000000000000,5,0.0,0.0,0.0,0.0,0.0,0.0
1.5,0.4,2.0,0.4,6,test,0x2565055891704afe3e844d5b34a318108ce64144,1,0.0,0.0,0.0,0.0,0.0,0.0
1.5,0.4,2.0,0.4,6,test,0x261b0f5e05eb05c6496728f1ae4969810dbe8a80,1,0.0,0.0,0.0,0.0,0.0,0.0
1.5,0.4,2.0,0.4,6,test,0xe5e702641ea86f4ae6cc3cdaed2b886f976be044,15,13.333333333333334,0.0,-5.654837658559834,0.0,-25.307250178040547,0.0
1.5,0.4,2.0,0.4,6,train,0x0000000000000000000000000000000000000000,17,11.76470588235294,0.0,0.7038496798168585,0.0,0.0,5.88235294117647
1.5,0.4,2.0,0.4,6,train,0x00d18bc3fab01162f43f20c071559795fcaf4144,1,0.0,0.0,0.0,0.0,0.0,0.0
1.5,0.4,2.0,0.4,6,train,0x1e8bbf00d265e08a27e91bfbc1f9a4073c4b4144,1,100.0,0.0,-44.536945030127974,-44.536945030127974,-44.536945030127974,0.0
1.5,0.4,2.0,0.4,6,train,0x332f85e7e323214b2d55286414b059ebb1f2a044,1,100.0,0.0,-24.582770307773195,-24.582770307773195,-24.582770307773195,0.0
1.5,0.4,2.0,0.4,6,train,0x3ad9e44cb65e518e452bfcb78952ca45b66a8a80,1,0.0,0.0,0.0,0.0,0.0,0.0
1.5,0.4,2.0,0.4,6,train,0x3bf48564e102ddf0ffd19c998e6132eee8be5000,1,0.0,0.0,0.0,0.0,0.0,0.0
1.5,0.4,2.0,0.4,6,train,0x4e3468951d49f2eea976ed0d6e75ffcb44a9a544,2,0.0,0.0,0.0,0.0,0.0,0.0
1.5,0.4,2.0,0.4,6,train,0x6eaae6b721b6c896bbfc30d3a7f4999d5a94ca80,1,0.0,0.0,0.0,0.0,0.0,0.0
1.5,0.4,2.0,0.4,6,train,0x718793b91da00b21e5b11e89de3ec9b9b6234144,1,0.0,0.0,0.0,0.0,0.0,0.0
1.5,0.4,2.0,0.4,6,train,0x72cecfc6d9a07117d5d207537e0bfd4bdfdac0cc,1,100.0,0.0,10.610579427676736,10.610579427676736,10.610579427676736,100.0
1.5,0.4,2.0,0.4,6,train,0x75a54357d9c78a2db19004a5fdc76c50f9242aec,1,0.0,0.0,0.0,0.0,0.0,0.0
1.5,0.4,2.0,0.4,6,train,0xbc4397b7f01f347b7dfa35276ca73203f3348a80,1,0.0,0.0,0.0,0.0,0.0,0.0
1.5,0.4,2.0,0.4,6,train,0xbe3e194f0069013ae4a860b6c152131b2032c0cc,1,0.0,0.0,0.0,0.0,0.0,0.0
1.5,0.4,2.0,0.4,6,train,0xc7e90a703b7ca435089cb90b8b770353e52b0a80,1,0.0,0.0,0.0,0.0,0.0,0.0
1.5,0.4,2.0,0.4,6,train,0xe0a5a3ba19a680a72be08c39c5de4dddb1fe05c7,1,0.0,0.0,0.0,0.0,0.0,0.0
1.5,0.4,2.0,0.4,6,train,0xe5e702641ea86f4ae6cc3cdaed2b886f976be044,58,22.413793103448278,5.172413793103448,-0.6176405916775942,0.0,-41.920105771883264,10.344827586206897
1.5,0.4,2.0,0.4,6,train,0xf1ee073811b14359d850825e48d200483200edcd,1,0.0,0.0,0.0,0.0,0.0,0.0
1.5,0.4,2.0,0.4,12,test,0x0000000000000000000000000000000000000000,5,0.0,0.0,0.0,0.0,0.0,0.0
1.5,0.4,2.0,0.4,12,test,0x2565055891704afe3e844d5b34a318108ce64144,1,0.0,0.0,0.0,0.0,0.0,0.0
1.5,0.4,2.0,0.4,12,test,0x261b0f5e05eb05c6496728f1ae4969810dbe8a80,1,0.0,0.0,0.0,0.0,0.0,0.0
1.5,0.4,2.0,0.4,12,test,0xe5e702641ea86f4ae6cc3cdaed2b886f976be044,15,13.333333333333334,0.0,-5.654837658559834,0.0,-25.307250178040547,0.0
1.5,0.4,2.0,0.4,12,train,0x0000000000000000000000000000000000000000,17,11.76470588235294,0.0,1.458610706843408,0.0,0.0,5.88235294117647
1.5,0.4,2.0,0.4,12,train,0x00d18bc3fab01162f43f20c071559795fcaf4144,1,0.0,0.0,0.0,0.0,0.0,0.0
1.5,0.4,2.0,0.4,12,train,0x1e8bbf00d265e08a27e91bfbc1f9a4073c4b4144,1,100.0,0.0,-44.536945030127974,-44.536945030127974,-44.536945030127974,0.0
1.5,0.4,2.0,0.4,12,train,0x332f85e7e323214b2d55286414b059ebb1f2a044,1,100.0,0.0,-28.479635600666818,-28.479635600666818,-28.479635600666818,0.0
1.5,0.4,2.0,0.4,12,train,0x3ad9e44cb65e518e452bfcb78952ca45b66a8a80,1,0.0,0.0,0.0,0.0,0.0,0.0
1.5,0.4,2.0,0.4,12,train,0x3bf48564e102ddf0ffd19c998e6132eee8be5000,1,0.0,0.0,0.0,0.0,0.0,0.0
1.5,0.4,2.0,0.4,12,train,0x4e3468951d49f2eea976ed0d6e75ffcb44a9a544,2,0.0,0.0,0.0,0.0,0.0,0.0
1.5,0.4,2.0,0.4,12,train,0x6eaae6b721b6c896bbfc30d3a7f4999d5a94ca80,1,0.0,0.0,0.0,0.0,0.0,0.0
1.5,0.4,2.0,0.4,12,train,0x718793b91da00b21e5b11e89de3ec9b9b6234144,1,0.0,0.0,0.0,0.0,0.0,0.0
1.5,0.4,2.0,0.4,12,train,0x72cecfc6d9a07117d5d207537e0bfd4bdfdac0cc,1,100.0,0.0,10.610579427676736,10.610579427676736,10.610579427676736,100.0
1.5,0.4,2.0,0.4,12,train,0x75a54357d9c78a2db19004a5fdc76c50f9242aec,1,0.0,0.0,0.0,0.0,0.0,0.0
1.5,0.4,2.0,0.4,12,train,0xbc4397b7f01f347b7dfa35276ca73203f3348a80,1,0.0,0.0,0.0,0.0,0.0,0.0
1.5,0.4,2.0,0.4,12,train,0xbe3e194f0069013ae4a860b6c152131b2032c0cc,1,0.0,0.0,0.0,0.0,0.0,0.0
1.5,0.4,2.0,0.4,12,train,0xc7e90a703b7ca435089cb90b8b770353e52b0a80,1,0.0,0.0,0.0,0.0,0.0,0.0
1.5,0.4,2.0,0.4,12,train,0xe0a5a3ba19a680a72be08c39c5de4dddb1fe05c7,1,0.0,0.0,0.0,0.0,0.0,0.0
1.5,0.4,2.0,0.4,12,train,0xe5e702641ea86f4ae6cc3cdaed2b886f976be044,58,22.413793103448278,6.896551724137931,-1.0198397842391662,0.0,-41.920105771883264,8.620689655172415
1.5,0.4,2.0,0.4,12,train,0xf1ee073811b14359d850825e48d200483200edcd,1,0.0,0.0,0.0,0.0,0.0,0.0
1.5,0.4,2.0,0.4,24,test,0x0000000000000000000000000000000000000000,5,0.0,0.0,0.0,0.0,0.0,0.0
1.5,0.4,2.0,0.4,24,test,0x2565055891704afe3e844d5b34a318108ce64144,1,0.0,0.0,0.0,0.0,0.0,0.0
1.5,0.4,2.0,0.4,24,test,0x261b0f5e05eb05c6496728f1ae4969810dbe8a80,1,0.0,0.0,0.0,0.0,0.0,0.0
1.5,0.4,2.0,0.4,24,test,0xe5e702641ea86f4ae6cc3cdaed2b886f976be044,15,13.333333333333334,0.0,-5.654837658559834,0.0,-25.307250178040547,0.0
1.5,0.4,2.0,0.4,24,train,0x0000000000000000000000000000000000000000,17,11.76470588235294,0.0,0.6084290689737495,0.0,0.0,5.88235294117647
1.5,0.4,2.0,0.4,24,train,0x00d18bc3fab01162f43f20c071559795fcaf4144,1,0.0,0.0,0.0,0.0,0.0,0.0
1.5,0.4,2.0,0.4,24,train,0x1e8bbf00d265e08a27e91bfbc1f9a4073c4b4144,1,100.0,0.0,-44.536945030127974,-44.536945030127974,-44.536945030127974,0.0
1.5,0.4,2.0,0.4,24,train,0x332f85e7e323214b2d55286414b059ebb1f2a044,1,100.0,0.0,-42.202894876575506,-42.202894876575506,-42.202894876575506,0.0
1.5,0.4,2.0,0.4,24,train,0x3ad9e44cb65e518e452bfcb78952ca45b66a8a80,1,0.0,0.0,0.0,0.0,0.0,0.0
1.5,0.4,2.0,0.4,24,train,0x3bf48564e102ddf0ffd19c998e6132eee8be5000,1,0.0,0.0,0.0,0.0,0.0,0.0
1.5,0.4,2.0,0.4,24,train,0x4e3468951d49f2eea976ed0d6e75ffcb44a9a544,2,0.0,0.0,0.0,0.0,0.0,0.0
1.5,0.4,2.0,0.4,24,train,0x6eaae6b721b6c896bbfc30d3a7f4999d5a94ca80,1,0.0,0.0,0.0,0.0,0.0,0.0
1.5,0.4,2.0,0.4,24,train,0x718793b91da00b21e5b11e89de3ec9b9b6234144,1,0.0,0.0,0.0,0.0,0.0,0.0
1.5,0.4,2.0,0.4,24,train,0x72cecfc6d9a07117d5d207537e0bfd4bdfdac0cc,1,100.0,0.0,10.610579427676736,10.610579427676736,10.610579427676736,100.0
1.5,0.4,2.0,0.4,24,train,0x75a54357d9c78a2db19004a5fdc76c50f9242aec,1,0.0,0.0,0.0,0.0,0.0,0.0
1.5,0.4,2.0,0.4,24,train,0xbc4397b7f01f347b7dfa35276ca73203f3348a80,1,0.0,0.0,0.0,0.0,0.0,0.0
1.5,0.4,2.0,0.4,24,train,0xbe3e194f0069013ae4a860b6c152131b2032c0cc,1,0.0,0.0,0.0,0.0,0.0,0.0
1.5,0.4,2.0,0.4,24,train,0xc7e90a703b7ca435089cb90b8b770353e52b0a80,1,0.0,0.0,0.0,0.0,0.0,0.0
1.5,0.4,2.0,0.4,24,train,0xe0a5a3ba19a680a72be08c39c5de4dddb1fe05c7,1,0.0,0.0,0.0,0.0,0.0,0.0
1.5,0.4,2.0,0.4,24,train,0xe5e702641ea86f4ae6cc3cdaed2b886f976be044,58,22.413793103448278,6.896551724137931,-1.3872460235077089,0.0,-41.920105771883264,8.620689655172415
1.5,0.4,2.0,0.4,24,train,0xf1ee073811b14359d850825e48d200483200edcd,1,0.0,0.0,0.0,0.0,0.0,0.0
1.5,0.4,2.0,0.55,6,test,0x0000000000000000000000000000000000000000,5,0.0,0.0,0.0,0.0,0.0,0.0
1.5,0.4,2.0,0.55,6,test,0x2565055891704afe3e844d5b34a318108ce64144,1,0.0,0.0,0.0,0.0,0.0,0.0
1.5,0.4,2.0,0.55,6,test,0x261b0f5e05eb05c6496728f1ae4969810dbe8a80,1,0.0,0.0,0.0,0.0,0.0,0.0
1.5,0.4,2.0,0.55,6,test,0xe5e702641ea86f4ae6cc3cdaed2b886f976be044,15,13.333333333333334,0.0,-5.654837658559834,0.0,-25.307250178040547,0.0
1.5,0.4,2.0,0.55,6,train,0x0000000000000000000000000000000000000000,17,11.76470588235294,0.0,0.7038496798168585,0.0,0.0,5.88235294117647
1.5,0.4,2.0,0.55,6,train,0x00d18bc3fab01162f43f20c071559795fcaf4144,1,0.0,0.0,0.0,0.0,0.0,0.0
1.5,0.4,2.0,0.55,6,train,0x1e8bbf00d265e08a27e91bfbc1f9a4073c4b4144,1,100.0,0.0,-44.536945030127974,-44.536945030127974,-44.536945030127974,0.0
1.5,0.4,2.0,0.55,6,train,0x332f85e7e323214b2d55286414b059ebb1f2a044,1,100.0,0.0,-24.582770307773195,-24.582770307773195,-24.582770307773195,0.0
1.5,0.4,2.0,0.55,6,train,0x3ad9e44cb65e518e452bfcb78952ca45b66a8a80,1,0.0,0.0,0.0,0.0,0.0,0.0
1.5,0.4,2.0,0.55,6,train,0x3bf48564e102ddf0ffd19c998e6132eee8be5000,1,0.0,0.0,0.0,0.0,0.0,0.0
1.5,0.4,2.0,0.55,6,train,0x4e3468951d49f2eea976ed0d6e75ffcb44a9a544,2,0.0,0.0,0.0,0.0,0.0,0.0
1.5,0.4,2.0,0.55,6,train,0x6eaae6b721b6c896bbfc30d3a7f4999d5a94ca80,1,0.0,0.0,0.0,0.0,0.0,0.0
1.5,0.4,2.0,0.55,6,train,0x718793b91da00b21e5b11e89de3ec9b9b6234144,1,0.0,0.0,0.0,0.0,0.0,0.0
1.5,0.4,2.0,0.55,6,train,0x72cecfc6d9a07117d5d207537e0bfd4bdfdac0cc,1,100.0,0.0,10.610579427676736,10.610579427676736,10.610579427676736,100.0
1.5,0.4,2.0,0.55,6,train,0x75a54357d9c78a2db19004a5fdc76c50f9242aec,1,0.0,0.0,0.0,0.0,0.0,0.0
1.5,0.4,2.0,0.55,6,train,0xbc4397b7f01f347b7dfa35276ca73203f3348a80,1,0.0,0.0,0.0,0.0,0.0,0.0
1.5,0.4,2.0,0.55,6,train,0xbe3e194f0069013ae4a860b6c152131b2032c0cc,1,0.0,0.0,0.0,0.0,0.0,0.0
1.5,0.4,2.0,0.55,6,train,0xc7e90a703b7ca435089cb90b8b770353e52b0a80,1,0.0,0.0,0.0,0.0,0.0,0.0
1.5,0.4,2.0,0.55,6,train,0xe0a5a3ba19a680a72be08c39c5de4dddb1fe05c7,1,0.0,0.0,0.0,0.0,0.0,0.0
1.5,0.4,2.0,0.55,6,train,0xe5e702641ea86f4ae6cc3cdaed2b886f976be044,58,22.413793103448278,5.172413793103448,-1.4365401421192288,0.0,-41.920105771883264,10.344827586206897
1.5,0.4,2.0,0.55,6,train,0xf1ee073811b14359d850825e48d200483200edcd,1,0.0,0.0,0.0,0.0,0.0,0.0
1.5,0.4,2.0,0.55,12,test,0x0000000000000000000000000000000000000000,5,0.0,0.0,0.0,0.0,0.0,0.0
1.5,0.4,2.0,0.55,12,test,0x2565055891704afe3e844d5b34a318108ce64144,1,0.0,0.0,0.0,0.0,0.0,0.0
1.5,0.4,2.0,0.55,12,test,0x261b0f5e05eb05c6496728f1ae4969810dbe8a80,1,0.0,0.0,0.0,0.0,0.0,0.0
1.5,0.4,2.0,0.55,12,test,0xe5e702641ea86f4ae6cc3cdaed2b886f976be044,15,13.333333333333334,0.0,-5.654837658559834,0.0,-25.307250178040547,0.0
1.5,0.4,2.0,0.55,12,train,0x0000000000000000000000000000000000000000,17,11.76470588235294,0.0,1.458610706843408,0.0,0.0,5.88235294117647
1.5,0.4,2.0,0.55,12,train,0x00d18bc3fab01162f43f20c071559795fcaf4144,1,0.0,0.0,0.0,0.0,0.0,0.0
1.5,0.4,2.0,0.55,12,train,0x1e8bbf00d265e08a27e91bfbc1f9a4073c4b4144,1,100.0,0.0,-44.536945030127974,-44.536945030127974,-44.536945030127974,0.0
1.5,0.4,2.0,0.55,12,train,0x332f85e7e323214b2d55286414b059ebb1f2a044,1,100.0,0.0,-28.479635600666818,-28.479635600666818,-28.479635600666818,0.0
1.5,0.4,2.0,0.55,12,train,0x3ad9e44cb65e518e452bfcb78952ca45b66a8a80,1,0.0,0.0,0.0,0.0,0.0,0.0
1.5,0.4,2.0,0.55,12,train,0x3bf48564e102ddf0ffd19c998e6132eee8be5000,1,0.0,0.0,0.0,0.0,0.0,0.0
1.5,0.4,2.0,0.55,12,train,0x4e3468951d49f2eea976ed0d6e75ffcb44a9a544,2,0.0,0.0,0.0,0.0,0.0,0.0
1.5,0.4,2.0,0.55,12,train,0x6eaae6b721b6c896bbfc30d3a7f4999d5a94ca80,1,0.0,0.0,0.0,0.0,0.0,0.0
1.5,0.4,2.0,0.55,12,train,0x718793b91da00b21e5b11e89de3ec9b9b6234144,1,0.0,0.0,0.0,0.0,0.0,0.0
1.5,0.4,2.0,0.55,12,train,0x72cecfc6d9a07117d5d207537e0bfd4bdfdac0cc,1,100.0,0.0,10.610579427676736,10.610579427676736,10.610579427676736,100.0
1.5,0.4,2.0,0.55,12,train,0x75a54357d9c78a2db19004a5fdc76c50f9242aec,1,0.0,0.0,0.0,0.0,0.0,0.0
1.5,0.4,2.0,0.55,12,train,0xbc4397b7f01f347b7dfa35276ca73203f3348a80,1,0.0,0.0,0.0,0.0,0.0,0.0
1.5,0.4,2.0,0.55,12,train,0xbe3e194f0069013ae4a860b6c152131b2032c0cc,1,0.0,0.0,0.0,0.0,0.0,0.0
1.5,0.4,2.0,0.55,12,train,0xc7e90a703b7ca435089cb90b8b770353e52b0a80,1,0.0,0.0,0.0,0.0,0.0,0.0
1.5,0.4,2.0,0.55,12,train,0xe0a5a3ba19a680a72be08c39c5de4dddb1fe05c7,1,0.0,0.0,0.0,0.0,0.0,0.0
1.5,0.4,2.0,0.55,12,train,0xe5e702641ea86f4ae6cc3cdaed2b886f976be044,58,22.413793103448278,6.896551724137931,-2.24679079543874,0.0,-41.920105771883264,8.620689655172415
1.5,0.4,2.0,0.55,12,train,0xf1ee073811b14359d850825e48d200483200edcd,1,0.0,0.0,0.0,0.0,0.0,0.0
1.5,0.4,2.0,0.55,24,test,0x0000000000000000000000000000000000000000,5,0.0,0.0,0.0,0.0,0.0,0.0
1.5,0.4,2.0,0.55,24,test,0x2565055891704afe3e844d5b34a318108ce64144,1,0.0,0.0,0.0,0.0,0.0,0.0
1.5,0.4,2.0,0.55,24,test,0x261b0f5e05eb05c6496728f1ae4969810dbe8a80,1,0.0,0.0,0.0,0.0,0.0,0.0
1.5,0.4,2.0,0.55,24,test,0xe5e702641ea86f4ae6cc3cdaed2b886f976be044,15,13.333333333333334,0.0,-5.654837658559834,0.0,-25.307250178040547,0.0
1.5,0.4,2.0,0.55,24,train,0x0000000000000000000000000000000000000000,17,11.76470588235294,0.0,0.6084290689737495,0.0,0.0,5.88235294117647
1.5,0.4,2.0,0.55,24,train,0x00d18bc3fab01162f43f20c071559795fcaf4144,1,0.0,0.0,0.0,0.0,0.0,0.0
1.5,0.4,2.0,0.55,24,train,0x1e8bbf00d265e08a27e91bfbc1f9a4073c4b4144,1,100.0,0.0,-44.536945030127974,-44.536945030127974,-44.536945030127974,0.0
1.5,0.4,2.0,0.55,24,train,0x332f85e7e323214b2d55286414b059ebb1f2a044,1,100.0,0.0,-42.202894876575506,-42.202894876575506,-42.202894876575506,0.0
1.5,0.4,2.0,0.55,24,train,0x3ad9e44cb65e518e452bfcb78952ca45b66a8a80,1,0.0,0.0,0.0,0.0,0.0,0.0
1.5,0.4,2.0,0.55,24,train,0x3bf48564e102ddf0ffd19c998e6132eee8be5000,1,0.0,0.0,0.0,0.0,0.0,0.0
1.5,0.4,2.0,0.55,24,train,0x4e3468951d49f2eea976ed0d6e75ffcb44a9a544,2,0.0,0.0,0.0,0.0,0.0,0.0
1.5,0.4,2.0,0.55,24,train,0x6eaae6b721b6c896bbfc30d3a7f4999d5a94ca80,1,0.0,0.0,0.0,0.0,0.0,0.0
1.5,0.4,2.0,0.55,24,train,0x718793b91da00b21e5b11e89de3ec9b9b6234144,1,0.0,0.0,0.0,0.0,0.0,0.0
1.5,0.4,2.0,0.55,24,train,0x72cecfc6d9a07117d5d207537e0bfd4bdfdac0cc,1,100.0,0.0,10.610579427676736,10.610579427676736,10.610579427676736,100.0
1.5,0.4,2.0,0.55,24,train,0x75a54357d9c78a2db19004a5fdc76c50f9242aec,1,0.0,0.0,0.0,0.0,0.0,0.0
1.5,0.4,2.0,0.55,24,train,0xbc4397b7f01f347b7dfa35276ca73203f3348a80,1,0.0,0.0,0.0,0.0,0.0,0.0
1.5,0.4,2.0,0.55,24,train,0xbe3e194f0069013ae4a860b6c152131b2032c0cc,1,0.0,0.0,0.0,0.0,0.0,0.0
1.5,0.4,2.0,0.55,24,train,0xc7e90a703b7ca435089cb90b8b770353e52b0a80,1,0.0,0.0,0.0,0.0,0.0,0.0
1.5,0.4,2.0,0.55,24,train,0xe0a5a3ba19a680a72be08c39c5de4dddb1fe05c7,1,0.0,0.0,0.0,0.0,0.0,0.0
1.5,0.4,2.0,0.55,24,train,0xe5e702641ea86f4ae6cc3cdaed2b886f976be044,58,22.413793103448278,6.896551724137931,-2.614197034707283,0.0,-41.920105771883264,8.620689655172415
1.5,0.4,2.0,0.55,24,train,0xf1ee073811b14359d850825e48d200483200edcd,1,0.0,0.0,0.0,0.0,0.0,0.0
1.5,0.4,2.0,0.7,6,test,0x0000000000000000000000000000000000000000,5,0.0,0.0,0.0,0.0,0.0,0.0
1.5,0.4,2.0,0.7,6,test,0x2565055891704afe3e844d5b34a318108ce64144,1,0.0,0.0,0.0,0.0,0.0,0.0
1.5,0.4,2.0,0.7,6,test,0x261b0f5e05eb05c6496728f1ae4969810dbe8a80,1,0.0,0.0,0.0,0.0,0.0,0.0
1.5,0.4,2.0,0.7,6,test,0xe5e702641ea86f4ae6cc3cdaed2b886f976be044,15,13.333333333333334,0.0,-5.654837658559834,0.0,-25.307250178040547,0.0
1.5,0.4,2.0,0.7,6,train,0x0000000000000000000000000000000000000000,17,11.76470588235294,0.0,0.7038496798168585,0.0,0.0,5.88235294117647
1.5,0.4,2.0,0.7,6,train,0x00d18bc3fab01162f43f20c071559795fcaf4144,1,0.0,0.0,0.0,0.0,0.0,0.0
1.5,0.4,2.0,0.7,6,train,0x1e8bbf00d265e08a27e91bfbc1f9a4073c4b4144,1,100.0,0.0,-44.536945030127974,-44.536945030127974,-44.536945030127974,0.0
1.5,0.4,2.0,0.7,6,train,0x332f85e7e323214b2d55286414b059ebb1f2a044,1,100.0,0.0,-24.582770307773195,-24.582770307773195,-24.582770307773195,0.0
1.5,0.4,2.0,0.7,6,train,0x3ad9e44cb65e518e452bfcb78952ca45b66a8a80,1,0.0,0.0,0.0,0.0,0.0,0.0
1.5,0.4,2.0,0.7,6,train,0x3bf48564e102ddf0ffd19c998e6132eee8be5000,1,0.0,0.0,0.0,0.0,0.0,0.0
1.5,0.4,2.0,0.7,6,train,0x4e3468951d49f2eea976ed0d6e75ffcb44a9a544,2,0.0,0.0,0.0,0.0,0.0,0.0
1.5,0.4,2.0,0.7,6,train,0x6eaae6b721b6c896bbfc30d3a7f4999d5a94ca80,1,0.0,0.0,0.0,0.0,0.0,0.0
1.5,0.4,2.0,0.7,6,train,0x718793b91da00b21e5b11e89de3ec9b9b6234144,1,0.0,0.0,0.0,0.0,0.0,0.0
1.5,0.4,2.0,0.7,6,train,0x72cecfc6d9a07117d5d207537e0bfd4bdfdac0cc,1,100.0,0.0,10.610579427676736,10.610579427676736,10.610579427676736,100.0
1.5,0.4,2.0,0.7,6,train,0x75a54357d9c78a2db19004a5fdc76c50f9242aec,1,0.0,0.0,0.0,0.0,0.0,0.0
1.5,0.4,2.0,0.7,6,train,0xbc4397b7f01f347b7dfa35276ca73203f3348a80,1,0.0,0.0,0.0,0.0,0.0,0.0
1.5,0.4,2.0,0.7,6,train,0xbe3e194f0069013ae4a860b6c152131b2032c0cc,1,0.0,0.0,0.0,0.0,0.0,0.0
1.5,0.4,2.0,0.7,6,train,0xc7e90a703b7ca435089cb90b8b770353e52b0a80,1,0.0,0.0,0.0,0.0,0.0,0.0
1.5,0.4,2.0,0.7,6,train,0xe0a5a3ba19a680a72be08c39c5de4dddb1fe05c7,1,0.0,0.0,0.0,0.0,0.0,0.0
1.5,0.4,2.0,0.7,6,train,0xe5e702641ea86f4ae6cc3cdaed2b886f976be044,58,22.413793103448278,5.172413793103448,-1.937221532945996,0.0,-41.920105771883264,10.344827586206897
1.5,0.4,2.0,0.7,6,train,0xf1ee073811b14359d850825e48d200483200edcd,1,0.0,0.0,0.0,0.0,0.0,0.0
1.5,0.4,2.0,0.7,12,test,0x0000000000000000000000000000000000000000,5,0.0,0.0,0.0,0.0,0.0,0.0
1.5,0.4,2.0,0.7,12,test,0x2565055891704afe3e844d5b34a318108ce64144,1,0.0,0.0,0.0,0.0,0.0,0.0
1.5,0.4,2.0,0.7,12,test,0x261b0f5e05eb05c6496728f1ae4969810dbe8a80,1,0.0,0.0,0.0,0.0,0.0,0.0
1.5,0.4,2.0,0.7,12,test,0xe5e702641ea86f4ae6cc3cdaed2b886f976be044,15,13.333333333333334,0.0,-5.654837658559834,0.0,-25.307250178040547,0.0
1.5,0.4,2.0,0.7,12,train,0x0000000000000000000000000000000000000000,17,11.76470588235294,0.0,1.458610706843408,0.0,0.0,5.88235294117647
1.5,0.4,2.0,0.7,12,train,0x00d18bc3fab01162f43f20c071559795fcaf4144,1,0.0,0.0,0.0,0.0,0.0,0.0
1.5,0.4,2.0,0.7,12,train,0x1e8bbf00d265e08a27e91bfbc1f9a4073c4b4144,1,100.0,0.0,-44.536945030127974,-44.536945030127974,-44.536945030127974,0.0
1.5,0.4,2.0,0.7,12,train,0x332f85e7e323214b2d55286414b059ebb1f2a044,1,100.0,0.0,-28.479635600666818,-28.479635600666818,-28.479635600666818,0.0
1.5,0.4,2.0,0.7,12,train,0x3ad9e44cb65e518e452bfcb78952ca45b66a8a80,1,0.0,0.0,0.0,0.0,0.0,0.0
1.5,0.4,2.0,0.7,12,train,0x3bf48564e102ddf0ffd19c998e6132eee8be5000,1,0.0,0.0,0.0,0.0,0.0,0.0
1.5,0.4,2.0,0.7,12,train,0x4e3468951d49f2eea976ed0d6e75ffcb44a9a544,2,0.0,0.0,0.0,0.0,0.0,0.0
1.5,0.4,2.0,0.7,12,train,0x6eaae6b721b6c896bbfc30d3a7f4999d5a94ca80,1,0.0,0.0,0.0,0.0,0.0,0.0
1.5,0.4,2.0,0.7,12,train,0x718793b91da00b21e5b11e89de3ec9b9b6234144,1,0.0,0.0,0.0,0.0,0.0,0.0
1.5,0.4,2.0,0.7,12,train,0x72cecfc6d9a07117d5d207537e0bfd4bdfdac0cc,1,100.0,0.0,10.610579427676736,10.610579427676736,10.610579427676736,100.0
1.5,0.4,2.0,0.7,12,train,0x75a54357d9c78a2db19004a5fdc76c50f9242aec,1,0.0,0.0,0.0,0.0,0.0,0.0
1.5,0.4,2.0,0.7,12,train,0xbc4397b7f01f347b7dfa35276ca73203f3348a80,1,0.0,0.0,0.0,0.0,0.0,0.0
1.5,0.4,2.0,0.7,12,train,0xbe3e194f0069013ae4a860b6c152131b2032c0cc,1,0.0,0.0,0.0,0.0,0.0,0.0
1.5,0.4,2.0,0.7,12,train,0xc7e90a703b7ca435089cb90b8b770353e52b0a80,1,0.0,0.0,0.0,0.0,0.0,0.0
1.5,0.4,2.0,0.7,12,train,0xe0a5a3ba19a680a72be08c39c5de4dddb1fe05c7,1,0.0,0.0,0.0,0.0,0.0,0.0
1.5,0.4,2.0,0.7,12,train,0xe5e702641ea86f4ae6cc3cdaed2b886f976be044,58,22.413793103448278,6.896551724137931,-3.138813000927426,0.0,-41.920105771883264,8.620689655172415
1.5,0.4,2.0,0.7,12,train,0xf1ee073811b14359d850825e48d200483200edcd,1,0.0,0.0,0.0,0.0,0.0,0.0
1.5,0.4,2.0,0.7,24,test,0x0000000000000000000000000000000000000000,5,0.0,0.0,0.0,0.0,0.0,0.0
1.5,0.4,2.0,0.7,24,test,0x2565055891704afe3e844d5b34a318108ce64144,1,0.0,0.0,0.0,0.0,0.0,0.0
1.5,0.4,2.0,0.7,24,test,0x261b0f5e05eb05c6496728f1ae4969810dbe8a80,1,0.0,0.0,0.0,0.0,0.0,0.0
1.5,0.4,2.0,0.7,24,test,0xe5e702641ea86f4ae6cc3cdaed2b886f976be044,15,13.333333333333334,0.0,-5.654837658559834,0.0,-25.307250178040547,0.0
1.5,0.4,2.0,0.7,24,train,0x0000000000000000000000000000000000000000,17,11.76470588235294,0.0,0.6084290689737495,0.0,0.0,5.88235294117647
1.5,0.4,2.0,0.7,24,train,0x00d18bc3fab01162f43f20c071559795fcaf4144,1,0.0,0.0,0.0,0.0,0.0,0.0
1.5,0.4,2.0,0.7,24,train,0x1e8bbf00d265e08a27e91bfbc1f9a4073c4b4144,1,100.0,0.0,-44.536945030127974,-44.536945030127974,-44.536945030127974,0.0
1.5,0.4,2.0,0.7,24,train,0x332f85e7e323214b2d55286414b059ebb1f2a044,1,100.0,0.0,-42.202894876575506,-42.202894876575506,-42.202894876575506,0.0
1.5,0.4,2.0,0.7,24,train,0x3ad9e44cb65e518e452bfcb78952ca45b66a8a80,1,0.0,0.0,0.0,0.0,0.0,0.0
1.5,0.4,2.0,0.7,24,train,0x3bf48564e102ddf0ffd19c998e6132eee8be5000,1,0.0,0.0,0.0,0.0,0.0,0.0
1.5,0.4,2.0,0.7,24,train,0x4e3468951d49f2eea976ed0d6e75ffcb44a9a544,2,0.0,0.0,0.0,0.0,0.0,0.0
1.5,0.4,2.0,0.7,24,train,0x6eaae6b721b6c896bbfc30d3a7f4999d5a94ca80,1,0.0,0.0,0.0,0.0,0.0,0.0
1.5,0.4,2.0,0.7,24,train,0x718793b91da00b21e5b11e89de3ec9b9b6234144,1,0.0,0.0,0.0,0.0,0.0,0.0
1.5,0.4,2.0,0.7,24,train,0x72cecfc6d9a07117d5d207537e0bfd4bdfdac0cc,1,100.0,0.0,10.610579427676736,10.610579427676736,10.610579427676736,100.0
1.5,0.4,2.0,0.7,24,train,0x75a54357d9c78a2db19004a5fdc76c50f9242aec,1,0.0,0.0,0.0,0.0,0.0,0.0
1.5,0.4,2.0,0.7,24,train,0xbc4397b7f01f347b7dfa35276ca73203f3348a80,1,0.0,0.0,0.0,0.0,0.0,0.0
1.5,0.4,2.0,0.7,24,train,0xbe3e194f0069013ae4a860b6c152131b2032c0cc,1,0.0,0.0,0.0,0.0,0.0,0.0
1.5,0.4,2.0,0.7,24,train,0xc7e90a703b7ca435089cb90b8b770353e52b0a80,1,0.0,0.0,0.0,0.0,0.0,0.0
1.5,0.4,2.0,0.7,24,train,0xe0a5a3ba19a680a72be08c39c5de4dddb1fe05c7,1,0.0,0.0,0.0,0.0,0.0,0.0
1.5,0.4,2.0,0.7,24,train,0xe5e702641ea86f4ae6cc3cdaed2b886f976be044,58,22.413793103448278,6.896551724137931,-3.5062192401959686,0.0,-41.920105771883264,8.620689655172415
1.5,0.4,2.0,0.7,24,train,0xf1ee073811b14359d850825e48d200483200edcd,1,0.0,0.0,0.0,0.0,0.0,0.0
1.5,0.4,3.0,0.4,6,test,0x0000000000000000000000000000000000000000,5,0.0,0.0,0.0,0.0,0.0,0.0
1.5,0.4,3.0,0.4,6,test,0x2565055891704afe3e844d5b34a318108ce64144,1,0.0,0.0,0.0,0.0,0.0,0.0
1.5,0.4,3.0,0.4,6,test,0x261b0f5e05eb05c6496728f1ae4969810dbe8a80,1,0.0,0.0,0.0,0.0,0.0,0.0
1.5,0.4,3.0,0.4,6,test,0xe5e702641ea86f4ae6cc3cdaed2b886f976be044,15,13.333333333333334,0.0,-5.654837658559834,0.0,-25.307250178040547,0.0
1.5,0.4,3.0,0.4,6,train,0x0000000000000000000000000000000000000000,17,11.76470588235294,0.0,0.7038496798168585,0.0,0.0,5.88235294117647
1.5,0.4,3.0,0.4,6,train,0x00d18bc3fab01162f43f20c071559795fcaf4144,1,0.0,0.0,0.0,0.0,0.0,0.0
1.5,0.4,3.0,0.4,6,train,0x1e8bbf00d265e08a27e91bfbc1f9a4073c4b4144,1,100.0,0.0,-44.536945030127974,-44.536945030127974,-44.536945030127974,0.0
1.5,0.4,3.0,0.4,6,train,0x332f85e7e323214b2d55286414b059ebb1f2a044,1,100.0,0.0,-24.582770307773195,-24.582770307773195,-24.582770307773195,0.0
1.5,0.4,3.0,0.4,6,train,0x3ad9e44cb65e518e452bfcb78952ca45b66a8a80,1,0.0,0.0,0.0,0.0,0.0,0.0
1.5,0.4,3.0,0.4,6,train,0x3bf48564e102ddf0ffd19c998e6132eee8be5000,1,0.0,0.0,0.0,0.0,0.0,0.0
1.5,0.4,3.0,0.4,6,train,0x4e3468951d49f2eea976ed0d6e75ffcb44a9a544,2,0.0,0.0,0.0,0.0,0.0,0.0
1.5,0.4,3.0,0.4,6,train,0x6eaae6b721b6c896bbfc30d3a7f4999d5a94ca80,1,0.0,0.0,0.0,0.0,0.0,0.0
1.5,0.4,3.0,0.4,6,train,0x718793b91da00b21e5b11e89de3ec9b9b6234144,1,0.0,0.0,0.0,0.0,0.0,0.0
1.5,0.4,3.0,0.4,6,train,0x72cecfc6d9a07117d5d207537e0bfd4bdfdac0cc,1,100.0,0.0,10.610579427676736,10.610579427676736,10.610579427676736,100.0
1.5,0.4,3.0,0.4,6,train,0x75a54357d9c78a2db19004a5fdc76c50f9242aec,1,0.0,0.0,0.0,0.0,0.0,0.0
1.5,0.4,3.0,0.4,6,train,0xbc4397b7f01f347b7dfa35276ca73203f3348a80,1,0.0,0.0,0.0,0.0,0.0,0.0
1.5,0.4,3.0,0.4,6,train,0xbe3e194f0069013ae4a860b6c152131b2032c0cc,1,0.0,0.0,0.0,0.0,0.0,0.0
1.5,0.4,3.0,0.4,6,train,0xc7e90a703b7ca435089cb90b8b770353e52b0a80,1,0.0,0.0,0.0,0.0,0.0,0.0
1.5,0.4,3.0,0.4,6,train,0xe0a5a3ba19a680a72be08c39c5de4dddb1fe05c7,1,0.0,0.0,0.0,0.0,0.0,0.0
1.5,0.4,3.0,0.4,6,train,0xe5e702641ea86f4ae6cc3cdaed2b886f976be044,58,22.413793103448278,1.7241379310344827,1.8779992646909387,0.0,-41.920105771883264,10.344827586206897
1.5,0.4,3.0,0.4,6,train,0xf1ee073811b14359d850825e48d200483200edcd,1,0.0,0.0,0.0,0.0,0.0,0.0
1.5,0.4,3.0,0.4,12,test,0x0000000000000000000000000000000000000000,5,0.0,0.0,0.0,0.0,0.0,0.0
1.5,0.4,3.0,0.4,12,test,0x2565055891704afe3e844d5b34a318108ce64144,1,0.0,0.0,0.0,0.0,0.0,0.0
1.5,0.4,3.0,0.4,12,test,0x261b0f5e05eb05c6496728f1ae4969810dbe8a80,1,0.0,0.0,0.0,0.0,0.0,0.0
1.5,0.4,3.0,0.4,12,test,0xe5e702641ea86f4ae6cc3cdaed2b886f976be044,15,13.333333333333334,0.0,-5.654837658559834,0.0,-25.307250178040547,0.0
1.5,0.4,3.0,0.4,12,train,0x0000000000000000000000000000000000000000,17,11.76470588235294,0.0,1.458610706843408,0.0,0.0,5.88235294117647
1.5,0.4,3.0,0.4,12,train,0x00d18bc3fab01162f43f20c071559795fcaf4144,1,0.0,0.0,0.0,0.0,0.0,0.0
1.5,0.4,3.0,0.4,12,train,0x1e8bbf00d265e08a27e91bfbc1f9a4073c4b4144,1,100.0,0.0,-44.536945030127974,-44.536945030127974,-44.536945030127974,0.0
1.5,0.4,3.0,0.4,12,train,0x332f85e7e323214b2d55286414b059ebb1f2a044,1,100.0,0.0,-28.479635600666818,-28.479635600666818,-28.479635600666818,0.0
1.5,0.4,3.0,0.4,12,train,0x3ad9e44cb65e518e452bfcb78952ca45b66a8a80,1,0.0,0.0,0.0,0.0,0.0,0.0
1.5,0.4,3.0,0.4,12,train,0x3bf48564e102ddf0ffd19c998e6132eee8be5000,1,0.0,0.0,0.0,0.0,0.0,0.0
1.5,0.4,3.0,0.4,12,train,0x4e3468951d49f2eea976ed0d6e75ffcb44a9a544,2,0.0,0.0,0.0,0.0,0.0,0.0
1.5,0.4,3.0,0.4,12,train,0x6eaae6b721b6c896bbfc30d3a7f4999d5a94ca80,1,0.0,0.0,0.0,0.0,0.0,0.0
1.5,0.4,3.0,0.4,12,train,0x718793b91da00b21e5b11e89de3ec9b9b6234144,1,0.0,0.0,0.0,0.0,0.0,0.0
1.5,0.4,3.0,0.4,12,train,0x72cecfc6d9a07117d5d207537e0bfd4bdfdac0cc,1,100.0,0.0,10.610579427676736,10.610579427676736,10.610579427676736,100.0
1.5,0.4,3.0,0.4,12,train,0x75a54357d9c78a2db19004a5fdc76c50f9242aec,1,0.0,0.0,0.0,0.0,0.0,0.0
1.5,0.4,3.0,0.4,12,train,0xbc4397b7f01f347b7dfa35276ca73203f3348a80,1,0.0,0.0,0.0,0.0,0.0,0.0
1.5,0.4,3.0,0.4,12,train,0xbe3e194f0069013ae4a860b6c152131b2032c0cc,1,0.0,0.0,0.0,0.0,0.0,0.0
1.5,0.4,3.0,0.4,12,train,0xc7e90a703b7ca435089cb90b8b770353e52b0a80,1,0.0,0.0,0.0,0.0,0.0,0.0
1.5,0.4,3.0,0.4,12,train,0xe0a5a3ba19a680a72be08c39c5de4dddb1fe05c7,1,0.0,0.0,0.0,0.0,0.0,0.0
1.5,0.4,3.0,0.4,12,train,0xe5e702641ea86f4ae6cc3cdaed2b886f976be044,58,22.413793103448278,1.7241379310344827,-3.817800614248448,0.0,-43.58197643755453,5.172413793103448
1.5,0.4,3.0,0.4,12,train,0xf1ee073811b14359d850825e48d200483200edcd,1,0.0,0.0,0.0,0.0,0.0,0.0
1.5,0.4,3.0,0.4,24,test,0x0000000000000000000000000000000000000000,5,0.0,0.0,0.0,0.0,0.0,0.0
1.5,0.4,3.0,0.4,24,test,0x2565055891704afe3e844d5b34a318108ce64144,1,0.0,0.0,0.0,0.0,0.0,0.0
1.5,0.4,3.0,0.4,24,test,0x261b0f5e05eb05c6496728f1ae4969810dbe8a80,1,0.0,0.0,0.0,0.0,0.0,0.0
1.5,0.4,3.0,0.4,24,test,0xe5e702641ea86f4ae6cc3cdaed2b886f976be044,15,13.333333333333334,0.0,-5.654837658559834,0.0,-25.307250178040547,0.0
1.5,0.4,3.0,0.4,24,train,0x0000000000000000000000000000000000000000,17,11.76470588235294,0.0,0.6084290689737495,0.0,0.0,5.88235294117647
1.5,0.4,3.0,0.4,24,train,0x00d18bc3fab01162f43f20c071559795fcaf4144,1,0.0,0.0,0.0,0.0,0.0,0.0
1.5,0.4,3.0,0.4,24,train,0x1e8bbf00d265e08a27e91bfbc1f9a4073c4b4144,1,100.0,0.0,-44.536945030127974,-44.536945030127974,-44.536945030127974,0.0
1.5,0.4,3.0,0.4,24,train,0x332f85e7e323214b2d55286414b059ebb1f2a044,1,100.0,0.0,-42.202894876575506,-42.202894876575506,-42.202894876575506,0.0
1.5,0.4,3.0,0.4,24,train,0x3ad9e44cb65e518e452bfcb78952ca45b66a8a80,1,0.0,0.0,0.0,0.0,0.0,0.0
1.5,0.4,3.0,0.4,24,train,0x3bf48564e102ddf0ffd19c998e6132eee8be5000,1,0.0,0.0,0.0,0.0,0.0,0.0
1.5,0.4,3.0,0.4,24,train,0x4e3468951d49f2eea976ed0d6e75ffcb44a9a544,2,0.0,0.0,0.0,0.0,0.0,0.0
1.5,0.4,3.0,0.4,24,train,0x6eaae6b721b6c896bbfc30d3a7f4999d5a94ca80,1,0.0,0.0,0.0,0.0,0.0,0.0
1.5,0.4,3.0,0.4,24,train,0x718793b91da00b21e5b11e89de3ec9b9b6234144,1,0.0,0.0,0.0,0.0,0.0,0.0
1.5,0.4,3.0,0.4,24,train,0x72cecfc6d9a07117d5d207537e0bfd4bdfdac0cc,1,100.0,0.0,10.610579427676736,10.610579427676736,10.610579427676736,100.0
1.5,0.4,3.0,0.4,24,train,0x75a54357d9c78a2db19004a5fdc76c50f9242aec,1,0.0,0.0,0.0,0.0,0.0,0.0
1.5,0.4,3.0,0.4,24,train,0xbc4397b7f01f347b7dfa35276ca73203f3348a80,1,0.0,0.0,0.0,0.0,0.0,0.0
1.5,0.4,3.0,0.4,24,train,0xbe3e194f0069013ae4a860b6c152131b2032c0cc,1,0.0,0.0,0.0,0.0,0.0,0.0
1.5,0.4,3.0,0.4,24,train,0xc7e90a703b7ca435089cb90b8b770353e52b0a80,1,0.0,0.0,0.0,0.0,0.0,0.0
1.5,0.4,3.0,0.4,24,train,0xe0a5a3ba19a680a72be08c39c5de4dddb1fe05c7,1,0.0,0.0,0.0,0.0,0.0,0.0
1.5,0.4,3.0,0.4,24,train,0xe5e702641ea86f4ae6cc3cdaed2b886f976be044,58,22.413793103448278,1.7241379310344827,-3.1902408807682607,0.0,-43.58197643755453,5.172413793103448
1.5,0.4,3.0,0.4,24,train,0xf1ee073811b14359d850825e48d200483200edcd,1,0.0,0.0,0.0,0.0,0.0,0.0
1.5,0.4,3.0,0.55,6,test,0x0000000000000000000000000000000000000000,5,0.0,0.0,0.0,0.0,0.0,0.0
1.5,0.4,3.0,0.55,6,test,0x2565055891704afe3e844d5b34a318108ce64144,1,0.0,0.0,0.0,0.0,0.0,0.0
1.5,0.4,3.0,0.55,6,test,0x261b0f5e05eb05c6496728f1ae4969810dbe8a80,1,0.0,0.0,0.0,0.0,0.0,0.0
1.5,0.4,3.0,0.55,6,test,0xe5e702641ea86f4ae6cc3cdaed2b886f976be044,15,13.333333333333334,0.0,-5.654837658559834,0.0,-25.307250178040547,0.0
1.5,0.4,3.0,0.55,6,train,0x0000000000000000000000000000000000000000,17,11.76470588235294,0.0,0.7038496798168585,0.0,0.0,5.88235294117647
1.5,0.4,3.0,0.55,6,train,0x00d18bc3fab01162f43f20c071559795fcaf4144,1,0.0,0.0,0.0,0.0,0.0,0.0
1.5,0.4,3.0,0.55,6,train,0x1e8bbf00d265e08a27e91bfbc1f9a4073c4b4144,1,100.0,0.0,-44.536945030127974,-44.536945030127974,-44.536945030127974,0.0
1.5,0.4,3.0,0.55,6,train,0x332f85e7e323214b2d55286414b059ebb1f2a044,1,100.0,0.0,-24.582770307773195,-24.582770307773195,-24.582770307773195,0.0
1.5,0.4,3.0,0.55,6,train,0x3ad9e44cb65e518e452bfcb78952ca45b66a8a80,1,0.0,0.0,0.0,0.0,0.0,0.0
1.5,0.4,3.0,0.55,6,train,0x3bf48564e102ddf0ffd19c998e6132eee8be5000,1,0.0,0.0,0.0,0.0,0.0,0.0
1.5,0.4,3.0,0.55,6,train,0x4e3468951d49f2eea976ed0d6e75ffcb44a9a544,2,0.0,0.0,0.0,0.0,0.0,0.0
1.5,0.4,3.0,0.55,6,train,0x6eaae6b721b6c896bbfc30d3a7f4999d5a94ca80,1,0.0,0.0,0.0,0.0,0.0,0.0
1.5,0.4,3.0,0.55,6,train,0x718793b91da00b21e5b11e89de3ec9b9b6234144,1,0.0,0.0,0.0,0.0,0.0,0.0
1.5,0.4,3.0,0.55,6,train,0x72cecfc6d9a07117d5d207537e0bfd4bdfdac0cc,1,100.0,0.0,10.610579427676736,10.610579427676736,10.610579427676736,100.0
1.5,0.4,3.0,0.55,6,train,0x75a54357d9c78a2db19004a5fdc76c50f9242aec,1,0.0,0.0,0.0,0.0,0.0,0.0
1.5,0.4,3.0,0.55,6,train,0xbc4397b7f01f347b7dfa35276ca73203f3348a80,1,0.0,0.0,0.0,0.0,0.0,0.0
1.5,0.4,3.0,0.55,6,train,0xbe3e194f0069013ae4a860b6c152131b2032c0cc,1,0.0,0.0,0.0,0.0,0.0,0.0
1.5,0.4,3.0,0.55,6,train,0xc7e90a703b7ca435089cb90b8b770353e52b0a80,1,0.0,0.0,0.0,0.0,0.0,0.0
1.5,0.4,3.0,0.55,6,train,0xe0a5a3ba19a680a72be08c39c5de4dddb1fe05c7,1,0.0,0.0,0.0,0.0,0.0,0.0
1.5,0.4,3.0,0.55,6,train,0xe5e702641ea86f4ae6cc3cdaed2b886f976be044,58,22.413793103448278,1.7241379310344827,0.9433313728115059,0.0,-41.920105771883264,10.344827586206897
1.5,0.4,3.0,0.55,6,train,0xf1ee073811b14359d850825e48d200483200edcd,1,0.0,0.0,0.0,0.0,0.0,0.0
1.5,0.4,3.0,0.55,12,test,0x0000000000000000000000000000000000000000,5,0.0,0.0,0.0,0.0,0.0,0.0
1.5,0.4,3.0,0.55,12,test,0x2565055891704afe3e844d5b34a318108ce64144,1,0.0,0.0,0.0,0.0,0.0,0.0
1.5,0.4,3.0,0.55,12,test,0x261b0f5e05eb05c6496728f1ae4969810dbe8a80,1,0.0,0.0,0.0,0.0,0.0,0.0
1.5,0.4,3.0,0.55,12,test,0xe5e702641ea86f4ae6cc3cdaed2b886f976be044,15,13.333333333333334,0.0,-5.654837658559834,0.0,-25.307250178040547,0.0
1.5,0.4,3.0,0.55,12,train,0x0000000000000000000000000000000000000000,17,11.76470588235294,0.0,1.458610706843408,0.0,0.0,5.88235294117647
1.5,0.4,3.0,0.55,12,train,0x00d18bc3fab01162f43f20c071559795fcaf4144,1,0.0,0.0,0.0,0.0,0.0,0.0
1.5,0.4,3.0,0.55,12,train,0x1e8bbf00d265e08a27e91bfbc1f9a4073c4b4144,1,100.0,0.0,-44.536945030127974,-44.536945030127974,-44.536945030127974,0.0
1.5,0.4,3.0,0.55,12,train,0x332f85e7e323214b2d55286414b059ebb1f2a044,1,100.0,0.0,-28.479635600666818,-28.479635600666818,-28.479635600666818,0.0
1.5,0.4,3.0,0.55,12,train,0x3ad9e44cb65e518e452bfcb78952ca45b66a8a80,1,0.0,0.0,0.0,0.0,0.0,0.0
1.5,0.4,3.0,0.55,12,train,0x3bf48564e102ddf0ffd19c998e6132eee8be5000,1,0.0,0.0,0.0,0.0,0.0,0.0
1.5,0.4,3.0,0.55,12,train,0x4e3468951d49f2eea976ed0d6e75ffcb44a9a544,2,0.0,0.0,0.0,0.0,0.0,0.0
1.5,0.4,3.0,0.55,12,train,0x6eaae6b721b6c896bbfc30d3a7f4999d5a94ca80,1,0.0,0.0,0.0,0.0,0.0,0.0
1.5,0.4,3.0,0.55,12,train,0x718793b91da00b21e5b11e89de3ec9b9b6234144,1,0.0,0.0,0.0,0.0,0.0,0.0
1.5,0.4,3.0,0.55,12,train,0x72cecfc6d9a07117d5d207537e0bfd4bdfdac0cc,1,100.0,0.0,10.610579427676736,10.610579427676736,10.610579427676736,100.0
1.5,0.4,3.0,0.55,12,train,0x75a54357d9c78a2db19004a5fdc76c50f9242aec,1,0.0,0.0,0.0,0.0,0.0,0.0
1.5,0.4,3.0,0.55,12,train,0xbc4397b7f01f347b7dfa35276ca73203f3348a80,1,0.0,0.0,0.0,0.0,0.0,0.0
1.5,0.4,3.0,0.55,12,train,0xbe3e194f0069013ae4a860b6c152131b2032c0cc,1,0.0,0.0,0.0,0.0,0.0,0.0
1.5,0.4,3.0,0.55,12,train,0xc7e90a703b7ca435089cb90b8b770353e52b0a80,1,0.0,0.0,0.0,0.0,0.0,0.0
1.5,0.4,3.0,0.55,12,train,0xe0a5a3ba19a680a72be08c39c5de4dddb1fe05c7,1,0.0,0.0,0.0,0.0,0.0,0.0
1.5,0.4,3.0,0.55,12,train,0xe5e702641ea86f4ae6cc3cdaed2b886f976be044,58,22.413793103448278,1.7241379310344827,-4.75246850612788,0.0,-43.58197643755453,5.172413793103448
1.5,0.4,3.0,0.55,12,train,0xf1ee073811b14359d850825e48d200483200edcd,1,0.0,0.0,0.0,0.0,0.0,0.0
1.5,0.4,3.0,0.55,24,test,0x0000000000000000000000000000000000000000,5,0.0,0.0,0.0,0.0,0.0,0.0
1.5,0.4,3.0,0.55,24,test,0x2565055891704afe3e844d5b34a318108ce64144,1,0.0,0.0,0.0,0.0,0.0,0.0
1.5,0.4,3.0,0.55,24,test,0x261b0f5e05eb05c6496728f1ae4969810dbe8a80,1,0.0,0.0,0.0,0.0,0.0,0.0
1.5,0.4,3.0,0.55,24,test,0xe5e702641ea86f4ae6cc3cdaed2b886f976be044,15,13.333333333333334,0.0,-5.654837658559834,0.0,-25.307250178040547,0.0
1.5,0.4,3.0,0.55,24,train,0x0000000000000000000000000000000000000000,17,11.76470588235294,0.0,0.6084290689737495,0.0,0.0,5.88235294117647
1.5,0.4,3.0,0.55,24,train,0x00d18bc3fab01162f43f20c071559795fcaf4144,1,0.0,0.0,0.0,0.0,0.0,0.0
1.5,0.4,3.0,0.55,24,train,0x1e8bbf00d265e08a27e91bfbc1f9a4073c4b4144,1,100.0,0.0,-44.536945030127974,-44.536945030127974,-44.536945030127974,0.0
1.5,0.4,3.0,0.55,24,train,0x332f85e7e323214b2d55286414b059ebb1f2a044,1,100.0,0.0,-42.202894876575506,-42.202894876575506,-42.202894876575506,0.0
1.5,0.4,3.0,0.55,24,train,0x3ad9e44cb65e518e452bfcb78952ca45b66a8a80,1,0.0,0.0,0.0,0.0,0.0,0.0
1.5,0.4,3.0,0.55,24,train,0x3bf48564e102ddf0ffd19c998e6132eee8be5000,1,0.0,0.0,0.0,0.0,0.0,0.0
1.5,0.4,3.0,0.55,24,train,0x4e3468951d49f2eea976ed0d6e75ffcb44a9a544,2,0.0,0.0,0.0,0.0,0.0,0.0
1.5,0.4,3.0,0.55,24,train,0x6eaae6b721b6c896bbfc30d3a7f4999d5a94ca80,1,0.0,0.0,0.0,0.0,0.0,0.0
1.5,0.4,3.0,0.55,24,train,0x718793b91da00b21e5b11e89de3ec9b9b6234144,1,0.0,0.0,0.0,0.0,0.0,0.0
1.5,0.4,3.0,0.55,24,train,0x72cecfc6d9a07117d5d207537e0bfd4bdfdac0cc,1,100.0,0.0,10.610579427676736,10.610579427676736,10.610579427676736,100.0
1.5,0.4,3.0,0.55,24,train,0x75a54357d9c78a2db19004a5fdc76c50f9242aec,1,0.0,0.0,0.0,0.0,0.0,0.0
1.5,0.4,3.0,0.55,24,train,0xbc4397b7f01f347b7dfa35276ca73203f3348a80,1,0.0,0.0,0.0,0.0,0.0,0.0
1.5,0.4,3.0,0.55,24,train,0xbe3e194f0069013ae4a860b6c152131b2032c0cc,1,0.0,0.0,0.0,0.0,0.0,0.0
1.5,0.4,3.0,0.55,24,train,0xc7e90a703b7ca435089cb90b8b770353e52b0a80,1,0.0,0.0,0.0,0.0,0.0,0.0
1.5,0.4,3.0,0.55,24,train,0xe0a5a3ba19a680a72be08c39c5de4dddb1fe05c7,1,0.0,0.0,0.0,0.0,0.0,0.0
1.5,0.4,3.0,0.55,24,train,0xe5e702641ea86f4ae6cc3cdaed2b886f976be044,58,22.413793103448278,1.7241379310344827,-4.124908772647693,0.0,-43.58197643755453,5.172413793103448
1.5,0.4,3.0,0.55,24,train,0xf1ee073811b14359d850825e48d200483200edcd,1,0.0,0.0,0.0,0.0,0.0,0.0
1.5,0.4,3.0,0.7,6,test,0x0000000000000000000000000000000000000000,5,0.0,0.0,0.0,0.0,0.0,0.0
1.5,0.4,3.0,0.7,6,test,0x2565055891704afe3e844d5b34a318108ce64144,1,0.0,0.0,0.0,0.0,0.0,0.0
1.5,0.4,3.0,0.7,6,test,0x261b0f5e05eb05c6496728f1ae4969810dbe8a80,1,0.0,0.0,0.0,0.0,0.0,0.0
1.5,0.4,3.0,0.7,6,test,0xe5e702641ea86f4ae6cc3cdaed2b886f976be044,15,13.333333333333334,0.0,-5.654837658559834,0.0,-25.307250178040547,0.0
1.5,0.4,3.0,0.7,6,train,0x0000000000000000000000000000000000000000,17,11.76470588235294,0.0,0.7038496798168585,0.0,0.0,5.88235294117647
1.5,0.4,3.0,0.7,6,train,0x00d18bc3fab01162f43f20c071559795fcaf4144,1,0.0,0.0,0.0,0.0,0.0,0.0
1.5,0.4,3.0,0.7,6,train,0x1e8bbf00d265e08a27e91bfbc1f9a4073c4b4144,1,100.0,0.0,-44.536945030127974,-44.536945030127974,-44.536945030127974,0.0
1.5,0.4,3.0,0.7,6,train,0x332f85e7e323214b2d55286414b059ebb1f2a044,1,100.0,0.0,-24.582770307773195,-24.582770307773195,-24.582770307773195,0.0
1.5,0.4,3.0,0.7,6,train,0x3ad9e44cb65e518e452bfcb78952ca45b66a8a80,1,0.0,0.0,0.0,0.0,0.0,0.0
1.5,0.4,3.0,0.7,6,train,0x3bf48564e102ddf0ffd19c998e6132eee8be5000,1,0.0,0.0,0.0,0.0,0.0,0.0
1.5,0.4,3.0,0.7,6,train,0x4e3468951d49f2eea976ed0d6e75ffcb44a9a544,2,0.0,0.0,0.0,0.0,0.0,0.0
1.5,0.4,3.0,0.7,6,train,0x6eaae6b721b6c896bbfc30d3a7f4999d5a94ca80,1,0.0,0.0,0.0,0.0,0.0,0.0
1.5,0.4,3.0,0.7,6,train,0x718793b91da00b21e5b11e89de3ec9b9b6234144,1,0.0,0.0,0.0,0.0,0.0,0.0
1.5,0.4,3.0,0.7,6,train,0x72cecfc6d9a07117d5d207537e0bfd4bdfdac0cc,1,100.0,0.0,10.610579427676736,10.610579427676736,10.610579427676736,100.0
1.5,0.4,3.0,0.7,6,train,0x75a54357d9c78a2db19004a5fdc76c50f9242aec,1,0.0,0.0,0.0,0.0,0.0,0.0
1.5,0.4,3.0,0.7,6,train,0xbc4397b7f01f347b7dfa35276ca73203f3348a80,1,0.0,0.0,0.0,0.0,0.0,0.0
1.5,0.4,3.0,0.7,6,train,0xbe3e194f0069013ae4a860b6c152131b2032c0cc,1,0.0,0.0,0.0,0.0,0.0,0.0
1.5,0.4,3.0,0.7,6,train,0xc7e90a703b7ca435089cb90b8b770353e52b0a80,1,0.0,0.0,0.0,0.0,0.0,0.0
1.5,0.4,3.0,0.7,6,train,0xe0a5a3ba19a680a72be08c39c5de4dddb1fe05c7,1,0.0,0.0,0.0,0.0,0.0,0.0
1.5,0.4,3.0,0.7,6,train,0xe5e702641ea86f4ae6cc3cdaed2b886f976be044,58,22.413793103448278,1.7241379310344827,-0.059409391161479114,0.0,-41.920105771883264,10.344827586206897
1.5,0.4,3.0,0.7,6,train,0xf1ee073811b14359d850825e48d200483200edcd,1,0.0,0.0,0.0,0.0,0.0,0.0
1.5,0.4,3.0,0.7,12,test,0x0000000000000000000000000000000000000000,5,0.0,0.0,0.0,0.0,0.0,0.0
1.5,0.4,3.0,0.7,12,test,0x2565055891704afe3e844d5b34a318108ce64144,1,0.0,0.0,0.0,0.0,0.0,0.0
1.5,0.4,3.0,0.7,12,test,0x261b0f5e05eb05c6496728f1ae4969810dbe8a80,1,0.0,0.0,0.0,0.0,0.0,0.0
1.5,0.4,3.0,0.7,12,test,0xe5e702641ea86f4ae6cc3cdaed2b886f976be044,15,13.333333333333334,0.0,-5.654837658559834,0.0,-25.307250178040547,0.0
1.5,0.4,3.0,0.7,12,train,0x0000000000000000000000000000000000000000,17,11.76470588235294,0.0,1.458610706843408,0.0,0.0,5.88235294117647
1.5,0.4,3.0,0.7,12,train,0x00d18bc3fab01162f43f20c071559795fcaf4144,1,0.0,0.0,0.0,0.0,0.0,0.0
1.5,0.4,3.0,0.7,12,train,0x1e8bbf00d265e08a27e91bfbc1f9a4073c4b4144,1,100.0,0.0,-44.536945030127974,-44.536945030127974,-44.536945030127974,0.0
1.5,0.4,3.0,0.7,12,train,0x332f85e7e323214b2d55286414b059ebb1f2a044,1,100.0,0.0,-28.479635600666818,-28.479635600666818,-28.479635600666818,0.0
1.5,0.4,3.0,0.7,12,train,0x3ad9e44cb65e518e452bfcb78952ca45b66a8a80,1,0.0,0.0,0.0,0.0,0.0,0.0
1.5,0.4,3.0,0.7,12,train,0x3bf48564e102ddf0ffd19c998e6132eee8be5000,1,0.0,0.0,0.0,0.0,0.0,0.0
1.5,0.4,3.0,0.7,12,train,0x4e3468951d49f2eea976ed0d6e75ffcb44a9a544,2,0.0,0.0,0.0,0.0,0.0,0.0
1.5,0.4,3.0,0.7,12,train,0x6eaae6b721b6c896bbfc30d3a7f4999d5a94ca80,1,0.0,0.0,0.0,0.0,0.0,0.0
1.5,0.4,3.0,0.7,12,train,0x718793b91da00b21e5b11e89de3ec9b9b6234144,1,0.0,0.0,0.0,0.0,0.0,0.0
1.5,0.4,3.0,0.7,12,train,0x72cecfc6d9a07117d5d207537e0bfd4bdfdac0cc,1,100.0,0.0,10.610579427676736,10.610579427676736,10.610579427676736,100.0
1.5,0.4,3.0,0.7,12,train,0x75a54357d9c78a2db19004a5fdc76c50f9242aec,1,0.0,0.0,0.0,0.0,0.0,0.0
1.5,0.4,3.0,0.7,12,train,0xbc4397b7f01f347b7dfa35276ca73203f3348a80,1,0.0,0.0,0.0,0.0,0.0,0.0
1.5,0.4,3.0,0.7,12,train,0xbe3e194f0069013ae4a860b6c152131b2032c0cc,1,0.0,0.0,0.0,0.0,0.0,0.0
1.5,0.4,3.0,0.7,12,train,0xc7e90a703b7ca435089cb90b8b770353e52b0a80,1,0.0,0.0,0.0,0.0,0.0,0.0
1.5,0.4,3.0,0.7,12,train,0xe0a5a3ba19a680a72be08c39c5de4dddb1fe05c7,1,0.0,0.0,0.0,0.0,0.0,0.0
1.5,0.4,3.0,0.7,12,train,0xe5e702641ea86f4ae6cc3cdaed2b886f976be044,58,22.413793103448278,1.7241379310344827,-5.755209270100865,0.0,-43.58197643755453,5.172413793103448
1.5,0.4,3.0,0.7,12,train,0xf1ee073811b14359d850825e48d200483200edcd,1,0.0,0.0,0.0,0.0,0.0,0.0
1.5,0.4,3.0,0.7,24,test,0x0000000000000000000000000000000000000000,5,0.0,0.0,0.0,0.0,0.0,0.0
1.5,0.4,3.0,0.7,24,test,0x2565055891704afe3e844d5b34a318108ce64144,1,0.0,0.0,0.0,0.0,0.0,0.0
1.5,0.4,3.0,0.7,24,test,0x261b0f5e05eb05c6496728f1ae4969810dbe8a80,1,0.0,0.0,0.0,0.0,0.0,0.0
1.5,0.4,3.0,0.7,24,test,0xe5e702641ea86f4ae6cc3cdaed2b886f976be044,15,13.333333333333334,0.0,-5.654837658559834,0.0,-25.307250178040547,0.0
1.5,0.4,3.0,0.7,24,train,0x0000000000000000000000000000000000000000,17,11.76470588235294,0.0,0.6084290689737495,0.0,0.0,5.88235294117647
1.5,0.4,3.0,0.7,24,train,0x00d18bc3fab01162f43f20c071559795fcaf4144,1,0.0,0.0,0.0,0.0,0.0,0.0
1.5,0.4,3.0,0.7,24,train,0x1e8bbf00d265e08a27e91bfbc1f9a4073c4b4144,1,100.0,0.0,-44.536945030127974,-44.536945030127974,-44.536945030127974,0.0
1.5,0.4,3.0,0.7,24,train,0x332f85e7e323214b2d55286414b059ebb1f2a044,1,100.0,0.0,-42.202894876575506,-42.202894876575506,-42.202894876575506,0.0
1.5,0.4,3.0,0.7,24,train,0x3ad9e44cb65e518e452bfcb78952ca45b66a8a80,1,0.0,0.0,0.0,0.0,0.0,0.0
1.5,0.4,3.0,0.7,24,train,0x3bf48564e102ddf0ffd19c998e6132eee8be5000,1,0.0,0.0,0.0,0.0,0.0,0.0
1.5,0.4,3.0,0.7,24,train,0x4e3468951d49f2eea976ed0d6e75ffcb44a9a544,2,0.0,0.0,0.0,0.0,0.0,0.0
1.5,0.4,3.0,0.7,24,train,0x6eaae6b721b6c896bbfc30d3a7f4999d5a94ca80,1,0.0,0.0,0.0,0.0,0.0,0.0
1.5,0.4,3.0,0.7,24,train,0x718793b91da00b21e5b11e89de3ec9b9b6234144,1,0.0,0.0,0.0,0.0,0.0,0.0
1.5,0.4,3.0,0.7,24,train,0x72cecfc6d9a07117d5d207537e0bfd4bdfdac0cc,1,100.0,0.0,10.610579427676736,10.610579427676736,10.610579427676736,100.0
1.5,0.4,3.0,0.7,24,train,0x75a54357d9c78a2db19004a5fdc76c50f9242aec,1,0.0,0.0,0.0,0.0,0.0,0.0
1.5,0.4,3.0,0.7,24,train,0xbc4397b7f01f347b7dfa35276ca73203f3348a80,1,0.0,0.0,0.0,0.0,0.0,0.0
1.5,0.4,3.0,0.7,24,train,0xbe3e194f0069013ae4a860b6c152131b2032c0cc,1,0.0,0.0,0.0,0.0,0.0,0.0
1.5,0.4,3.0,0.7,24,train,0xc7e90a703b7ca435089cb90b8b770353e52b0a80,1,0.0,0.0,0.0,0.0,0.0,0.0
1.5,0.4,3.0,0.7,24,train,0xe0a5a3ba19a680a72be08c39c5de4dddb1fe05c7,1,0.0,0.0,0.0,0.0,0.0,0.0
1.5,0.4,3.0,0.7,24,train,0xe5e702641ea86f4ae6cc3cdaed2b886f976be044,58,22.413793103448278,1.7241379310344827,-5.1276495366206785,0.0,-43.58197643755453,5.172413793103448
1.5,0.4,3.0,0.7,24,train,0xf1ee073811b14359d850825e48d200483200edcd,1,0.0,0.0,0.0,0.0,0.0,0.0
2.0,0.2,1.5,0.4,6,test,0x0000000000000000000000000000000000000000,5,0.0,0.0,0.0,0.0,0.0,0.0
2.0,0.2,1.5,0.4,6,test,0x2565055891704afe3e844d5b34a318108ce64144,1,0.0,0.0,0.0,0.0,0.0,0.0
2.0,0.2,1.5,0.4,6,test,0x261b0f5e05eb05c6496728f1ae4969810dbe8a80,1,0.0,0.0,0.0,0.0,0.0,0.0
2.0,0.2,1.5,0.4,6,test,0xe5e702641ea86f4ae6cc3cdaed2b886f976be044,15,13.333333333333334,0.0,-3.3651679346268826,0.0,-14.615119797594991,0.0
2.0,0.2,1.5,0.4,6,train,0x0000000000000000000000000000000000000000,17,5.88235294117647,0.0,-0.11705882352941194,0.0,0.0,0.0
2.0,0.2,1.5,0.4,6,train,0x00d18bc3fab01162f43f20c071559795fcaf4144,1,0.0,0.0,0.0,0.0,0.0,0.0
2.0,0.2,1.5,0.4,6,train,0x1e8bbf00d265e08a27e91bfbc1f9a4073c4b4144,1,0.0,0.0,0.0,0.0,0.0,0.0
2.0,0.2,1.5,0.4,6,train,0x332f85e7e323214b2d55286414b059ebb1f2a044,1,0.0,0.0,0.0,0.0,0.0,0.0
2.0,0.2,1.5,0.4,6,train,0x3ad9e44cb65e518e452bfcb78952ca45b66a8a80,1,0.0,0.0,0.0,0.0,0.0,0.0
2.0,0.2,1.5,0.4,6,train,0x3bf48564e102ddf0ffd19c998e6132eee8be5000,1,0.0,0.0,0.0,0.0,0.0,0.0
2.0,0.2,1.5,0.4,6,train,0x4e3468951d49f2eea976ed0d6e75ffcb44a9a544,2,0.0,0.0,0.0,0.0,0.0,0.0
2.0,0.2,1.5,0.4,6,train,0x6eaae6b721b6c896bbfc30d3a7f4999d5a94ca80,1,0.0,0.0,0.0,0.0,0.0,0.0
2.0,0.2,1.5,0.4,6,train,0x718793b91da00b21e5b11e89de3ec9b9b6234144,1,0.0,0.0,0.0,0.0,0.0,0.0
2.0,0.2,1.5,0.4,6,train,0x72cecfc6d9a07117d5d207537e0bfd4bdfdac0cc,1,0.0,0.0,0.0,0.0,0.0,0.0
2.0,0.2,1.5,0.4,6,train,0x75a54357d9c78a2db19004a5fdc76c50f9242aec,1,0.0,0.0,0.0,0.0,0.0,0.0
2.0,0.2,1.5,0.4,6,train,0xbc4397b7f01f347b7dfa35276ca73203f3348a80,1,0.0,0.0,0.0,0.0,0.0,0.0
2.0,0.2,1.5,0.4,6,train,0xbe3e194f0069013ae4a860b6c152131b2032c0cc,1,0.0,0.0,0.0,0.0,0.0,0.0
2.0,0.2,1.5,0.4,6,train,0xc7e90a703b7ca435089cb90b8b770353e52b0a80,1,0.0,0.0,0.0,0.0,0.0,0.0
2.0,0.2,1.5,0.4,6,train,0xe0a5a3ba19a680a72be08c39c5de4dddb1fe05c7,1,0.0,0.0,0.0,0.0,0.0,0.0
2.0,0.2,1.5,0.4,6,train,0xe5e702641ea86f4ae6cc3cdaed2b886f976be044,58,15.517241379310345,6.896551724137931,0.5245403581339354,0.0,0.0,6.896551724137931
2.0,0.2,1.5,0.4,6,train,0xf1ee073811b14359d850825e48d200483200edcd,1,0.0,0.0,0.0,0.0,0.0,0.0
2.0,0.2,1.5,0.4,12,test,0x0000000000000000000000000000000000000000,5,0.0,0.0,0.0,0.0,0.0,0.0
2.0,0.2,1.5,0.4,12,test,0x2565055891704afe3e844d5b34a318108ce64144,1,0.0,0.0,0.0,0.0,0.0,0.0
2.0,0.2,1.5,0.4,12,test,0x261b0f5e05eb05c6496728f1ae4969810dbe8a80,1,0.0,0.0,0.0,0.0,0.0,0.0
2.0,0.2,1.5,0.4,12,test,0xe5e702641ea86f4ae6cc3cdaed2b886f976be044,15,13.333333333333334,0.0,-3.3651679346268826,0.0,-14.615119797594991,0.0
2.0,0.2,1.5,0.4,12,train,0x0000000000000000000000000000000000000000,17,5.88235294117647,0.0,-0.11705882352941194,0.0,0.0,0.0
2.0,0.2,1.5,0.4,12,train,0x00d18bc3fab01162f43f20c071559795fcaf4144,1,0.0,0.0,0.0,0.0,0.0,0.0
2.0,0.2,1.5,0.4,12,train,0x1e8bbf00d265e08a27e91bfbc1f9a4073c4b4144,1,0.0,0.0,0.0,0.0,0.0,0.0
2.0,0.2,1.5,0.4,12,train,0x332f85e7e323214b2d55286414b059ebb1f2a044,1,0.0,0.0,0.0,0.0,0.0,0.0
2.0,0.2,1.5,0.4,12,train,0x3ad9e44cb65e518e452bfcb78952ca45b66a8a80,1,0.0,0.0,0.0,0.0,0.0,0.0
2.0,0.2,1.5,0.4,12,train,0x3bf48564e102ddf0ffd19c998e6132eee8be5000,1,0.0,0.0,0.0,0.0,0.0,0.0
2.0,0.2,1.5,0.4,12,train,0x4e3468951d49f2eea976ed0d6e75ffcb44a9a544,2,0.0,0.0,0.0,0.0,0.0,0.0
2.0,0.2,1.5,0.4,12,train,0x6eaae6b721b6c896bbfc30d3a7f4999d5a94ca80,1,0.0,0.0,0.0,0.0,0.0,0.0
2.0,0.2,1.5,0.4,12,train,0x718793b91da00b21e5b11e89de3ec9b9b6234144,1,0.0,0.0,0.0,0.0,0.0,0.0
2.0,0.2,1.5,0.4,12,train,0x72cecfc6d9a07117d5d207537e0bfd4bdfdac0cc,1,0.0,0.0,0.0,0.0,0.0,0.0
2.0,0.2,1.5,0.4,12,train,0x75a54357d9c78a2db19004a5fdc76c50f9242aec,1,0.0,0.0,0.0,0.0,0.0,0.0
2.0,0.2,1.5,0.4,12,train,0xbc4397b7f01f347b7dfa35276ca73203f3348a80,1,0.0,0.0,0.0,0.0,0.0,0.0
2.0,0.2,1.5,0.4,12,train,0xbe3e194f0069013ae4a860b6c152131b2032c0cc,1,0.0,0.0,0.0,0.0,0.0,0.0
2.0,0.2,1.5,0.4,12,train,0xc7e90a703b7ca435089cb90b8b770353e52b0a80,1,0.0,0.0,0.0,0.0,0.0,0.0
2.0,0.2,1.5,0.4,12,train,0xe0a5a3ba19a680a72be08c39c5de4dddb1fe05c7,1,0.0,0.0,0.0,0.0,0.0,0.0
2.0,0.2,1.5,0.4,12,train,0xe5e702641ea86f4ae6cc3cdaed2b886f976be044,58,15.517241379310345,6.896551724137931,0.5245403581339354,0.0,0.0,6.896551724137931
2.0,0.2,1.5,0.4,12,train,0xf1ee073811b14359d850825e48d200483200edcd,1,0.0,0.0,0.0,0.0,0.0,0.0
2.0,0.2,1.5,0.4,24,test,0x0000000000000000000000000000000000000000,5,0.0,0.0,0.0,0.0,0.0,0.0
2.0,0.2,1.5,0.4,24,test,0x2565055891704afe3e844d5b34a318108ce64144,1,0.0,0.0,0.0,0.0,0.0,0.0
2.0,0.2,1.5,0.4,24,test,0x261b0f5e05eb05c6496728f1ae4969810dbe8a80,1,0.0,0.0,0.0,0.0,0.0,0.0
2.0,0.2,1.5,0.4,24,test,0xe5e702641ea86f4ae6cc3cdaed2b886f976be044,15,13.333333333333334,0.0,-3.3651679346268826,0.0,-14.615119797594991,0.0
2.0,0.2,1.5,0.4,24,train,0x0000000000000000000000000000000000000000,17,5.88235294117647,0.0,-0.11705882352941194,0.0,0.0,0.0
2.0,0.2,1.5,0.4,24,train,0x00d18bc3fab01162f43f20c071559795fcaf4144,1,0.0,0.0,0.0,0.0,0.0,0.0
2.0,0.2,1.5,0.4,24,train,0x1e8bbf00d265e08a27e91bfbc1f9a4073c4b4144,1,0.0,0.0,0.0,0.0,0.0,0.0
2.0,0.2,1.5,0.4,24,train,0x332f85e7e323214b2d55286414b059ebb1f2a044,1,0.0,0.0,0.0,0.0,0.0,0.0
2.0,0.2,1.5,0.4,24,train,0x3ad9e44cb65e518e452bfcb78952ca45b66a8a80,1,0.0,0.0,0.0,0.0,0.0,0.0
2.0,0.2,1.5,0.4,24,train,0x3bf48564e102ddf0ffd19c998e6132eee8be5000,1,0.0,0.0,0.0,0.0,0.0,0.0
2.0,0.2,1.5,0.4,24,train,0x4e3468951d49f2eea976ed0d6e75ffcb44a9a544,2,0.0,0.0,0.0,0.0,0.0,0.0
2.0,0.2,1.5,0.4,24,train,0x6eaae6b721b6c896bbfc30d3a7f4999d5a94ca80,1,0.0,0.0,0.0,0.0,0.0,0.0
2.0,0.2,1.5,0.4,24,train,0x718793b91da00b21e5b11e89de3ec9b9b6234144,1,0.0,0.0,0.0,0.0,0.0,0.0
2.0,0.2,1.5,0.4,24,train,0x72cecfc6d9a07117d5d207537e0bfd4bdfdac0cc,1,0.0,0.0,0.0,0.0,0.0,0.0
2.0,0.2,1.5,0.4,24,train,0x75a54357d9c78a2db19004a5fdc76c50f9242aec,1,0.0,0.0,0.0,0.0,0.0,0.0
2.0,0.2,1.5,0.4,24,train,0xbc4397b7f01f347b7dfa35276ca73203f3348a80,1,0.0,0.0,0.0,0.0,0.0,0.0
2.0,0.2,1.5,0.4,24,train,0xbe3e194f0069013ae4a860b6c152131b2032c0cc,1,0.0,0.0,0.0,0.0,0.0,0.0
2.0,0.2,1.5,0.4,24,train,0xc7e90a703b7ca435089cb90b8b770353e52b0a80,1,0.0,0.0,0.0,0.0,0.0,0.0
2.0,0.2,1.5,0.4,24,train,0xe0a5a3ba19a680a72be08c39c5de4dddb1fe05c7,1,0.0,0.0,0.0,0.0,0.0,0.0
2.0,0.2,1.5,0.4,24,train,0xe5e702641ea86f4ae6cc3cdaed2b886f976be044,58,15.517241379310345,6.896551724137931,0.5245403581339354,0.0,0.0,6.896551724137931
2.0,0.2,1.5,0.4,24,train,0xf1ee073811b14359d850825e48d200483200edcd,1,0.0,0.0,0.0,0.0,0.0,0.0
2.0,0.2,1.5,0.55,6,test,0x0000000000000000000000000000000000000000,5,0.0,0.0,0.0,0.0,0.0,0.0
2.0,0.2,1.5,0.55,6,test,0x2565055891704afe3e844d5b34a318108ce64144,1,0.0,0.0,0.0,0.0,0.0,0.0
2.0,0.2,1.5,0.55,6,test,0x261b0f5e05eb05c6496728f1ae4969810dbe8a80,1,0.0,0.0,0.0,0.0,0.0,0.0
2.0,0.2,1.5,0.55,6,test,0xe5e702641ea86f4ae6cc3cdaed2b886f976be044,15,13.333333333333334,0.0,-3.3651679346268826,0.0,-14.615119797594991,0.0
2.0,0.2,1.5,0.55,6,train,0x0000000000000000000000000000000000000000,17,5.88235294117647,0.0,-0.11705882352941194,0.0,0.0,0.0
2.0,0.2,1.5,0.55,6,train,0x00d18bc3fab01162f43f20c071559795fcaf4144,1,0.0,0.0,0.0,0.0,0.0,0.0
2.0,0.2,1.5,0.55,6,train,0x1e8bbf00d265e08a27e91bfbc1f9a4073c4b4144,1,0.0,0.0,0.0,0.0,0.0,0.0
2.0,0.2,1.5,0.55,6,train,0x332f85e7e323214b2d55286414b059ebb1f2a044,1,0.0,0.0,0.0,0.0,0.0,0.0
2.0,0.2,1.5,0.55,6,train,0x3ad9e44cb65e518e452bfcb78952ca45b66a8a80,1,0.0,0.0,0.0,0.0,0.0,0.0
2.0,0.2,1.5,0.55,6,train,0x3bf48564e102ddf0ffd19c998e6132eee8be5000,1,0.0,0.0,0.0,0.0,0.0,0.0
2.0,0.2,1.5,0.55,6,train,0x4e3468951d49f2eea976ed0d6e75ffcb44a9a544,2,0.0,0.0,0.0,0.0,0.0,0.0
2.0,0.2,1.5,0.55,6,train,0x6eaae6b721b6c896bbfc30d3a7f4999d5a94ca80,1,0.0,0.0,0.0,0.0,0.0,0.0
2.0,0.2,1.5,0.55,6,train,0x718793b91da00b21e5b11e89de3ec9b9b6234144,1,0.0,0.0,0.0,0.0,0.0,0.0
2.0,0.2,1.5,0.55,6,train,0x72cecfc6d9a07117d5d207537e0bfd4bdfdac0cc,1,0.0,0.0,0.0,0.0,0.0,0.0
2.0,0.2,1.5,0.55,6,train,0x75a54357d9c78a2db19004a5fdc76c50f9242aec,1,0.0,0.0,0.0,0.0,0.0,0.0
2.0,0.2,1.5,0.55,6,train,0xbc4397b7f01f347b7dfa35276ca73203f3348a80,1,0.0,0.0,0.0,0.0,0.0,0.0
2.0,0.2,1.5,0.55,6,train,0xbe3e194f0069013ae4a860b6c152131b2032c0cc,1,0.0,0.0,0.0,0.0,0.0,0.0
2.0,0.2,1.5,0.55,6,train,0xc7e90a703b7ca435089cb90b8b770353e52b0a80,1,0.0,0.0,0.0,0.0,0.0,0.0
2.0,0.2,1.5,0.55,6,train,0xe0a5a3ba19a680a72be08c39c5de4dddb1fe05c7,1,0.0,0.0,0.0,0.0,0.0,0.0
2.0,0.2,1.5,0.55,6,train,0xe5e702641ea86f4ae6cc3cdaed2b886f976be044,58,15.517241379310345,6.896551724137931,0.12777771068433796,0.0,0.0,6.896551724137931
2.0,0.2,1.5,0.55,6,train,0xf1ee073811b14359d850825e48d200483200edcd,1,0.0,0.0,0.0,0.0,0.0,0.0
2.0,0.2,1.5,0.55,12,test,0x0000000000000000000000000000000000000000,5,0.0,0.0,0.0,0.0,0.0,0.0
2.0,0.2,1.5,0.55,12,test,0x2565055891704afe3e844d5b34a318108ce64144,1,0.0,0.0,0.0,0.0,0.0,0.0
2.0,0.2,1.5,0.55,12,test,0x261b0f5e05eb05c6496728f1ae4969810dbe8a80,1,0.0,0.0,0.0,0.0,0.0,0.0
2.0,0.2,1.5,0.55,12,test,0xe5e702641ea86f4ae6cc3cdaed2b886f976be044,15,13.333333333333334,0.0,-3.3651679346268826,0.0,-14.615119797594991,0.0
2.0,0.2,1.5,0.55,12,train,0x0000000000000000000000000000000000000000,17,5.88235294117647,0.0,-0.11705882352941194,0.0,0.0,0.0
2.0,0.2,1.5,0.55,12,train,0x00d18bc3fab01162f43f20c071559795fcaf4144,1,0.0,0.0,0.0,0.0,0.0,0.0
2.0,0.2,1.5,0.55,12,train,0x1e8bbf00d265e08a27e91bfbc1f9a4073c4b4144,1,0.0,0.0,0.0,0.0,0.0,0.0
2.0,0.2,1.5,0.55,12,train,0x332f85e7e323214b2d55286414b059ebb1f2a044,1,0.0,0.0,0.0,0.0,0.0,0.0
2.0,0.2,1.5,0.55,12,train,0x3ad9e44cb65e518e452bfcb78952ca45b66a8a80,1,0.0,0.0,0.0,0.0,0.0,0.0
2.0,0.2,1.5,0.55,12,train,0x3bf48564e102ddf0ffd19c998e6132eee8be5000,1,0.0,0.0,0.0,0.0,0.0,0.0
2.0,0.2,1.5,0.55,12,train,0x4e3468951d49f2eea976ed0d6e75ffcb44a9a544,2,0.0,0.0,0.0,0.0,0.0,0.0
2.0,0.2,1.5,0.55,12,train,0x6eaae6b721b6c896bbfc30d3a7f4999d5a94ca80,1,0.0,0.0,0.0,0.0,0.0,0.0
2.0,0.2,1.5,0.55,12,train,0x718793b91da00b21e5b11e89de3ec9b9b6234144,1,0.0,0.0,0.0,0.0,0.0,0.0
2.0,0.2,1.5,0.55,12,train,0x72cecfc6d9a07117d5d207537e0bfd4bdfdac0cc,1,0.0,0.0,0.0,0.0,0.0,0.0
2.0,0.2,1.5,0.55,12,train,0x75a54357d9c78a2db19004a5fdc76c50f9242aec,1,0.0,0.0,0.0,0.0,0.0,0.0
2.0,0.2,1.5,0.55,12,train,0xbc4397b7f01f347b7dfa35276ca73203f3348a80,1,0.0,0.0,0.0,0.0,0.0,0.0
2.0,0.2,1.5,0.55,12,train,0xbe3e194f0069013ae4a860b6c152131b2032c0cc,1,0.0,0.0,0.0,0.0,0.0,0.0
2.0,0.2,1.5,0.55,12,train,0xc7e90a703b7ca435089cb90b8b770353e52b0a80,1,0.0,0.0,0.0,0.0,0.0,0.0
2.0,0.2,1.5,0.55,12,train,0xe0a5a3ba19a680a72be08c39c5de4dddb1fe05c7,1,0.0,0.0,0.0,0.0,0.0,0.0
2.0,0.2,1.5,0.55,12,train,0xe5e702641ea86f4ae6cc3cdaed2b886f976be044,58,15.517241379310345,6.896551724137931,0.12777771068433796,0.0,0.0,6.896551724137931
2.0,0.2,1.5,0.55,12,train,0xf1ee073811b14359d850825e48d200483200edcd,1,0.0,0.0,0.0,0.0,0.0,0.0
2.0,0.2,1.5,0.55,24,test,0x0000000000000000000000000000000000000000,5,0.0,0.0,0.0,0.0,0.0,0.0
2.0,0.2,1.5,0.55,24,test,0x2565055891704afe3e844d5b34a318108ce64144,1,0.0,0.0,0.0,0.0,0.0,0.0
2.0,0.2,1.5,0.55,24,test,0x261b0f5e05eb05c6496728f1ae4969810dbe8a80,1,0.0,0.0,0.0,0.0,0.0,0.0
2.0,0.2,1.5,0.55,24,test,0xe5e702641ea86f4ae6cc3cdaed2b886f976be044,15,13.333333333333334,0.0,-3.3651679346268826,0.0,-14.615119797594991,0.0
2.0,0.2,1.5,0.55,24,train,0x0000000000000000000000000000000000000000,17,5.88235294117647,0.0,-0.11705882352941194,0.0,0.0,0.0
2.0,0.2,1.5,0.55,24,train,0x00d18bc3fab01162f43f20c071559795fcaf4144,1,0.0,0.0,0.0,0.0,0.0,0.0
2.0,0.2,1.5,0.55,24,train,0x1e8bbf00d265e08a27e91bfbc1f9a4073c4b4144,1,0.0,0.0,0.0,0.0,0.0,0.0
2.0,0.2,1.5,0.55,24,train,0x332f85e7e323214b2d55286414b059ebb1f2a044,1,0.0,0.0,0.0,0.0,0.0,0.0
2.0,0.2,1.5,0.55,24,train,0x3ad9e44cb65e518e452bfcb78952ca45b66a8a80,1,0.0,0.0,0.0,0.0,0.0,0.0
2.0,0.2,1.5,0.55,24,train,0x3bf48564e102ddf0ffd19c998e6132eee8be5000,1,0.0,0.0,0.0,0.0,0.0,0.0
2.0,0.2,1.5,0.55,24,train,0x4e3468951d49f2eea976ed0d6e75ffcb44a9a544,2,0.0,0.0,0.0,0.0,0.0,0.0
2.0,0.2,1.5,0.55,24,train,0x6eaae6b721b6c896bbfc30d3a7f4999d5a94ca80,1,0.0,0.0,0.0,0.0,0.0,0.0
2.0,0.2,1.5,0.55,24,train,0x718793b91da00b21e5b11e89de3ec9b9b6234144,1,0.0,0.0,0.0,0.0,0.0,0.0
2.0,0.2,1.5,0.55,24,train,0x72cecfc6d9a07117d5d207537e0bfd4bdfdac0cc,1,0.0,0.0,0.0,0.0,0.0,0.0
2.0,0.2,1.5,0.55,24,train,0x75a54357d9c78a2db19004a5fdc76c50f9242aec,1,0.0,0.0,0.0,0.0,0.0,0.0
2.0,0.2,1.5,0.55,24,train,0xbc4397b7f01f347b7dfa35276ca73203f3348a80,1,0.0,0.0,0.0,0.0,0.0,0.0
2.0,0.2,1.5,0.55,24,train,0xbe3e194f0069013ae4a860b6c152131b2032c0cc,1,0.0,0.0,0.0,0.0,0.0,0.0
2.0,0.2,1.5,0.55,24,train,0xc7e90a703b7ca435089cb90b8b770353e52b0a80,1,0.0,0.0,0.0,0.0,0.0,0.0
2.0,0.2,1.5,0.55,24,train,0xe0a5a3ba19a680a72be08c39c5de4dddb1fe05c7,1,0.0,0.0,0.0,0.0,0.0,0.0
2.0,0.2,1.5,0.55,24,train,0xe5e702641ea86f4ae6cc3cdaed2b886f976be044,58,15.517241379310345,6.896551724137931,0.12777771068433796,0.0,0.0,6.896551724137931
2.0,0.2,1.5,0.55,24,train,0xf1ee073811b14359d850825e48d200483200edcd,1,0.0,0.0,0.0,0.0,0.0,0.0
2.0,0.2,1.5,0.7,6,test,0x0000000000000000000000000000000000000000,5,0.0,0.0,0.0,0.0,0.0,0.0
2.0,0.2,1.5,0.7,6,test,0x2565055891704afe3e844d5b34a318108ce64144,1,0.0,0.0,0.0,0.0,0.0,0.0
2.0,0.2,1.5,0.7,6,test,0x261b0f5e05eb05c6496728f1ae4969810dbe8a80,1,0.0,0.0,0.0,0.0,0.0,0.0
2.0,0.2,1.5,0.7,6,test,0xe5e702641ea86f4ae6cc3cdaed2b886f976be044,15,13.333333333333334,0.0,-3.3651679346268826,0.0,-14.615119797594991,0.0
2.0,0.2,1.5,0.7,6,train,0x0000000000000000000000000000000000000000,17,5.88235294117647,0.0,-0.11705882352941194,0.0,0.0,0.0
2.0,0.2,1.5,0.7,6,train,0x00d18bc3fab01162f43f20c071559795fcaf4144,1,0.0,0.0,0.0,0.0,0.0,0.0
2.0,0.2,1.5,0.7,6,train,0x1e8bbf00d265e08a27e91bfbc1f9a4073c4b4144,1,0.0,0.0,0.0,0.0,0.0,0.0
2.0,0.2,1.5,0.7,6,train,0x332f85e7e323214b2d55286414b059ebb1f2a044,1,0.0,0.0,0.0,0.0,0.0,0.0
2.0,0.2,1.5,0.7,6,train,0x3ad9e44cb65e518e452bfcb78952ca45b66a8a80,1,0.0,0.0,0.0,0.0,0.0,0.0
2.0,0.2,1.5,0.7,6,train,0x3bf48564e102ddf0ffd19c998e6132eee8be5000,1,0.0,0.0,0.0,0.0,0.0,0.0
2.0,0.2,1.5,0.7,6,train,0x4e3468951d49f2eea976ed0d6e75ffcb44a9a544,2,0.0,0.0,0.0,0.0,0.0,0.0
2.0,0.2,1.5,0.7,6,train,0x6eaae6b721b6c896bbfc30d3a7f4999d5a94ca80,1,0.0,0.0,0.0,0.0,0.0,0.0
2.0,0.2,1.5,0.7,6,train,0x718793b91da00b21e5b11e89de3ec9b9b6234144,1,0.0,0.0,0.0,0.0,0.0,0.0
2.0,0.2,1.5,0.7,6,train,0x72cecfc6d9a07117d5d207537e0bfd4bdfdac0cc,1,0.0,0.0,0.0,0.0,0.0,0.0
2.0,0.2,1.5,0.7,6,train,0x75a54357d9c78a2db19004a5fdc76c50f9242aec,1,0.0,0.0,0.0,0.0,0.0,0.0
2.0,0.2,1.5,0.7,6,train,0xbc4397b7f01f347b7dfa35276ca73203f3348a80,1,0.0,0.0,0.0,0.0,0.0,0.0
2.0,0.2,1.5,0.7,6,train,0xbe3e194f0069013ae4a860b6c152131b2032c0cc,1,0.0,0.0,0.0,0.0,0.0,0.0
2.0,0.2,1.5,0.7,6,train,0xc7e90a703b7ca435089cb90b8b770353e52b0a80,1,0.0,0.0,0.0,0.0,0.0,0.0
2.0,0.2,1.5,0.7,6,train,0xe0a5a3ba19a680a72be08c39c5de4dddb1fe05c7,1,0.0,0.0,0.0,0.0,0.0,0.0
2.0,0.2,1.5,0.7,6,train,0xe5e702641ea86f4ae6cc3cdaed2b886f976be044,58,15.517241379310345,6.896551724137931,-0.2611692831179425,0.0,0.0,6.896551724137931
2.0,0.2,1.5,0.7,6,train,0xf1ee073811b14359d850825e48d200483200edcd,1,0.0,0.0,0.0,0.0,0.0,0.0
2.0,0.2,1.5,0.7,12,test,0x0000000000000000000000000000000000000000,5,0.0,0.0,0.0,0.0,0.0,0.0
2.0,0.2,1.5,0.7,12,test,0x2565055891704afe3e844d5b34a318108ce64144,1,0.0,0.0,0.0,0.0,0.0,0.0
2.0,0.2,1.5,0.7,12,test,0x261b0f5e05eb05c6496728f1ae4969810dbe8a80,1,0.0,0.0,0.0,0.0,0.0,0.0
2.0,0.2,1.5,0.7,12,test,0xe5e702641ea86f4ae6cc3cdaed2b886f976be044,15,13.333333333333334,0.0,-3.3651679346268826,0.0,-14.615119797594991,0.0
2.0,0.2,1.5,0.7,12,train,0x0000000000000000000000000000000000000000,17,5.88235294117647,0.0,-0.11705882352941194,0.0,0.0,0.0
2.0,0.2,1.5,0.7,12,train,0x00d18bc3fab01162f43f20c071559795fcaf4144,1,0.0,0.0,0.0,0.0,0.0,0.0
2.0,0.2,1.5,0.7,12,train,0x1e8bbf00d265e08a27e91bfbc1f9a4073c4b4144,1,0.0,0.0,0.0,0.0,0.0,0.0
2.0,0.2,1.5,0.7,12,train,0x332f85e7e323214b2d55286414b059ebb1f2a044,1,0.0,0.0,0.0,0.0,0.0,0.0
2.0,0.2,1.5,0.7,12,train,0x3ad9e44cb65e518e452bfcb78952ca45b66a8a80,1,0.0,0.0,0.0,0.0,0.0,0.0
2.0,0.2,1.5,0.7,12,train,0x3bf48564e102ddf0ffd19c998e6132eee8be5000,1,0.0,0.0,0.0,0.0,0.0,0.0
2.0,0.2,1.5,0.7,12,train,0x4e3468951d49f2eea976ed0d6e75ffcb44a9a544,2,0.0,0.0,0.0,0.0,0.0,0.0
2.0,0.2,1.5,0.7,12,train,0x6eaae6b721b6c896bbfc30d3a7f4999d5a94ca80,1,0.0,0.0,0.0,0.0,0.0,0.0
2.0,0.2,1.5,0.7,12,train,0x718793b91da00b21e5b11e89de3ec9b9b6234144,1,0.0,0.0,0.0,0.0,0.0,0.0
2.0,0.2,1.5,0.7,12,train,0x72cecfc6d9a07117d5d207537e0bfd4bdfdac0cc,1,0.0,0.0,0.0,0.0,0.0,0.0
2.0,0.2,1.5,0.7,12,train,0x75a54357d9c78a2db19004a5fdc76c50f9242aec,1,0.0,0.0,0.0,0.0,0.0,0.0
2.0,0.2,1.5,0.7,12,train,0xbc4397b7f01f347b7dfa35276ca73203f3348a80,1,0.0,0.0,0.0,0.0,0.0,0.0
2.0,0.2,1.5,0.7,12,train,0xbe3e194f0069013ae4a860b6c152131b2032c0cc,1,0.0,0.0,0.0,0.0,0.0,0.0
2.0,0.2,1.5,0.7,12,train,0xc7e90a703b7ca435089cb90b8b770353e52b0a80,1,0.0,0.0,0.0,0.0,0.0,0.0
2.0,0.2,1.5,0.7,12,train,0xe0a5a3ba19a680a72be08c39c5de4dddb1fe05c7,1,0.0,0.0,0.0,0.0,0.0,0.0
2.0,0.2,1.5,0.7,12,train,0xe5e702641ea86f4ae6cc3cdaed2b886f976be044,58,15.517241379310345,6.896551724137931,-0.2611692831179425,0.0,0.0,6.896551724137931
2.0,0.2,1.5,0.7,12,train,0xf1ee073811b14359d850825e48d200483200edcd,1,0.0,0.0,0.0,0.0,0.0,0.0
2.0,0.2,1.5,0.7,24,test,0x0000000000000000000000000000000000000000,5,0.0,0.0,0.0,0.0,0.0,0.0
2.0,0.2,1.5,0.7,24,test,0x2565055891704afe3e844d5b34a318108ce64144,1,0.0,0.0,0.0,0.0,0.0,0.0
2.0,0.2,1.5,0.7,24,test,0x261b0f5e05eb05c6496728f1ae4969810dbe8a80,1,0.0,0.0,0.0,0.0,0.0,0.0
2.0,0.2,1.5,0.7,24,test,0xe5e702641ea86f4ae6cc3cdaed2b886f976be044,15,13.333333333333334,0.0,-3.3651679346268826,0.0,-14.615119797594991,0.0
2.0,0.2,1.5,0.7,24,train,0x0000000000000000000000000000000000000000,17,5.88235294117647,0.0,-0.11705882352941194,0.0,0.0,0.0
2.0,0.2,1.5,0.7,24,train,0x00d18bc3fab01162f43f20c071559795fcaf4144,1,0.0,0.0,0.0,0.0,0.0,0.0
2.0,0.2,1.5,0.7,24,train,0x1e8bbf00d265e08a27e91bfbc1f9a4073c4b4144,1,0.0,0.0,0.0,0.0,0.0,0.0
2.0,0.2,1.5,0.7,24,train,0x332f85e7e323214b2d55286414b059ebb1f2a044,1,0.0,0.0,0.0,0.0,0.0,0.0
2.0,0.2,1.5,0.7,24,train,0x3ad9e44cb65e518e452bfcb78952ca45b66a8a80,1,0.0,0.0,0.0,0.0,0.0,0.0
2.0,0.2,1.5,0.7,24,train,0x3bf48564e102ddf0ffd19c998e6132eee8be5000,1,0.0,0.0,0.0,0.0,0.0,0.0
2.0,0.2,1.5,0.7,24,train,0x4e3468951d49f2eea976ed0d6e75ffcb44a9a544,2,0.0,0.0,0.0,0.0,0.0,0.0
2.0,0.2,1.5,0.7,24,train,0x6eaae6b721b6c896bbfc30d3a7f4999d5a94ca80,1,0.0,0.0,0.0,0.0,0.0,0.0
2.0,0.2,1.5,0.7,24,train,0x718793b91da00b21e5b11e89de3ec9b9b6234144,1,0.0,0.0,0.0,0.0,0.0,0.0
2.0,0.2,1.5,0.7,24,train,0x72cecfc6d9a07117d5d207537e0bfd4bdfdac0cc,1,0.0,0.0,0.0,0.0,0.0,0.0
2.0,0.2,1.5,0.7,24,train,0x75a54357d9c78a2db19004a5fdc76c50f9242aec,1,0.0,0.0,0.0,0.0,0.0,0.0
2.0,0.2,1.5,0.7,24,train,0xbc4397b7f01f347b7dfa35276ca73203f3348a80,1,0.0,0.0,0.0,0.0,0.0,0.0
2.0,0.2,1.5,0.7,24,train,0xbe3e194f0069013ae4a860b6c152131b2032c0cc,1,0.0,0.0,0.0,0.0,0.0,0.0
2.0,0.2,1.5,0.7,24,train,0xc7e90a703b7ca435089cb90b8b770353e52b0a80,1,0.0,0.0,0.0,0.0,0.0,0.0
2.0,0.2,1.5,0.7,24,train,0xe0a5a3ba19a680a72be08c39c5de4dddb1fe05c7,1,0.0,0.0,0.0,0.0,0.0,0.0
2.0,0.2,1.5,0.7,24,train,0xe5e702641ea86f4ae6cc3cdaed2b886f976be044,58,15.517241379310345,6.896551724137931,-0.2611692831179425,0.0,0.0,6.896551724137931
2.0,0.2,1.5,0.7,24,train,0xf1ee073811b14359d850825e48d200483200edcd,1,0.0,0.0,0.0,0.0,0.0,0.0
2.0,0.2,2.0,0.4,6,test,0x0000000000000000000000000000000000000000,5,0.0,0.0,0.0,0.0,0.0,0.0
2.0,0.2,2.0,0.4,6,test,0x2565055891704afe3e844d5b34a318108ce64144,1,0.0,0.0,0.0,0.0,0.0,0.0
2.0,0.2,2.0,0.4,6,test,0x261b0f5e05eb05c6496728f1ae4969810dbe8a80,1,0.0,0.0,0.0,0.0,0.0,0.0
2.0,0.2,2.0,0.4,6,test,0xe5e702641ea86f4ae6cc3cdaed2b886f976be044,15,13.333333333333334,0.0,-3.3651679346268826,0.0,-14.615119797594991,0.0
2.0,0.2,2.0,0.4,6,train,0x0000000000000000000000000000000000000000,17,5.88235294117647,0.0,-0.11705882352941194,0.0,0.0,0.0
2.0,0.2,2.0,0.4,6,train,0x00d18bc3fab01162f43f20c071559795fcaf4144,1,0.0,0.0,0.0,0.0,0.0,0.0
2.0,0.2,2.0,0.4,6,train,0x1e8bbf00d265e08a27e91bfbc1f9a4073c4b4144,1,0.0,0.0,0.0,0.0,0.0,0.0
2.0,0.2,2.0,0.4,6,train,0x332f85e7e323214b2d55286414b059ebb1f2a044,1,0.0,0.0,0.0,0.0,0.0,0.0
2.0,0.2,2.0,0.4,6,train,0x3ad9e44cb65e518e452bfcb78952ca45b66a8a80,1,0.0,0.0,0.0,0.0,0.0,0.0
2.0,0.2,2.0,0.4,6,train,0x3bf48564e102ddf0ffd19c998e6132eee8be5000,1,0.0,0.0,0.0,0.0,0.0,0.0
2.0,0.2,2.0,0.4,6,train,0x4e3468951d49f2eea976ed0d6e75ffcb44a9a544,2,0.0,0.0,0.0,0.0,0.0,0.0
2.0,0.2,2.0,0.4,6,train,0x6eaae6b721b6c896bbfc30d3a7f4999d5a94ca80,1,0.0,0.0,0.0,0.0,0.0,0.0
2.0,0.2,2.0,0.4,6,train,0x718793b91da00b21e5b11e89de3ec9b9b6234144,1,0.0,0.0,0.0,0.0,0.0,0.0
2.0,0.2,2.0,0.4,6,train,0x72cecfc6d9a07117d5d207537e0bfd4bdfdac0cc,1,0.0,0.0,0.0,0.0,0.0,0.0
2.0,0.2,2.0,0.4,6,train,0x75a54357d9c78a2db19004a5fdc76c50f9242aec,1,0.0,0.0,0.0,0.0,0.0,0.0
2.0,0.2,2.0,0.4,6,train,0xbc4397b7f01f347b7dfa35276ca73203f3348a80,1,0.0,0.0,0.0,0.0,0.0,0.0
2.0,0.2,2.0,0.4,6,train,0xbe3e194f0069013ae4a860b6c152131b2032c0cc,1,0.0,0.0,0.0,0.0,0.0,0.0
2.0,0.2,2.0,0.4,6,train,0xc7e90a703b7ca435089cb90b8b770353e52b0a80,1,0.0,0.0,0.0,0.0,0.0,0.0
2.0,0.2,2.0,0.4,6,train,0xe0a5a3ba19a680a72be08c39c5de4dddb1fe05c7,1,0.0,0.0,0.0,0.0,0.0,0.0
2.0,0.2,2.0,0.4,6,train,0xe5e702641ea86f4ae6cc3cdaed2b886f976be044,58,15.517241379310345,5.172413793103448,0.4328811481658571,0.0,-0.3429713156291634,5.172413793103448
2.0,0.2,2.0,0.4,6,train,0xf1ee073811b14359d850825e48d200483200edcd,1,0.0,0.0,0.0,0.0,0.0,0.0
2.0,0.2,2.0,0.4,12,test,0x0000000000000000000000000000000000000000,5,0.0,0.0,0.0,0.0,0.0,0.0
2.0,0.2,2.0,0.4,12,test,0x2565055891704afe3e844d5b34a318108ce64144,1,0.0,0.0,0.0,0.0,0.0,0.0
2.0,0.2,2.0,0.4,12,test,0x261b0f5e05eb05c6496728f1ae4969810dbe8a80,1,0.0,0.0,0.0,0.0,0.0,0.0
2.0,0.2,2.0,0.4,12,test,0xe5e702641ea86f4ae6cc3cdaed2b886f976be044,15,13.333333333333334,0.0,-3.3651679346268826,0.0,-14.615119797594991,0.0
2.0,0.2,2.0,0.4,12,train,0x0000000000000000000000000000000000000000,17,5.88235294117647,0.0,-0.11705882352941194,0.0,0.0,0.0
2.0,0.2,2.0,0.4,12,train,0x00d18bc3fab01162f43f20c071559795fcaf4144,1,0.0,0.0,0.0,0.0,0.0,0.0
2.0,0.2,2.0,0.4,12,train,0x1e8bbf00d265e08a27e91bfbc1f9a4073c4b4144,1,0.0,0.0,0.0,0.0,0.0,0.0
2.0,0.2,2.0,0.4,12,train,0x332f85e7e323214b2d55286414b059ebb1f2a044,1,0.0,0.0,0.0,0.0,0.0,0.0
2.0,0.2,2.0,0.4,12,train,0x3ad9e44cb65e518e452bfcb78952ca45b66a8a80,1,0.0,0.0,0.0,0.0,0.0,0.0
2.0,0.2,2.0,0.4,12,train,0x3bf48564e102ddf0ffd19c998e6132eee8be5000,1,0.0,0.0,0.0,0.0,0.0,0.0
2.0,0.2,2.0,0.4,12,train,0x4e3468951d49f2eea976ed0d6e75ffcb44a9a544,2,0.0,0.0,0.0,0.0,0.0,0.0
2.0,0.2,2.0,0.4,12,train,0x6eaae6b721b6c896bbfc30d3a7f4999d5a94ca80,1,0.0,0.0,0.0,0.0,0.0,0.0
2.0,0.2,2.0,0.4,12,train,0x718793b91da00b21e5b11e89de3ec9b9b6234144,1,0.0,0.0,0.0,0.0,0.0,0.0
2.0,0.2,2.0,0.4,12,train,0x72cecfc6d9a07117d5d207537e0bfd4bdfdac0cc,1,0.0,0.0,0.0,0.0,0.0,0.0
2.0,0.2,2.0,0.4,12,train,0x75a54357d9c78a2db19004a5fdc76c50f9242aec,1,0.0,0.0,0.0,0.0,0.0,0.0
2.0,0.2,2.0,0.4,12,train,0xbc4397b7f01f347b7dfa35276ca73203f3348a80,1,0.0,0.0,0.0,0.0,0.0,0.0
2.0,0.2,2.0,0.4,12,train,0xbe3e194f0069013ae4a860b6c152131b2032c0cc,1,0.0,0.0,0.0,0.0,0.0,0.0
2.0,0.2,2.0,0.4,12,train,0xc7e90a703b7ca435089cb90b8b770353e52b0a80,1,0.0,0.0,0.0,0.0,0.0,0.0
2.0,0.2,2.0,0.4,12,train,0xe0a5a3ba19a680a72be08c39c5de4dddb1fe05c7,1,0.0,0.0,0.0,0.0,0.0,0.0
2.0,0.2,2.0,0.4,12,train,0xe5e702641ea86f4ae6cc3cdaed2b886f976be044,58,15.517241379310345,5.172413793103448,0.04682213413792183,0.0,-6.680795732239614,5.172413793103448
2.0,0.2,2.0,0.4,12,train,0xf1ee073811b14359d850825e48d200483200edcd,1,0.0,0.0,0.0,0.0,0.0,0.0
2.0,0.2,2.0,0.4,24,test,0x0000000000000000000000000000000000000000,5,0.0,0.0,0.0,0.0,0.0,0.0
2.0,0.2,2.0,0.4,24,test,0x2565055891704afe3e844d5b34a318108ce64144,1,0.0,0.0,0.0,0.0,0.0,0.0
2.0,0.2,2.0,0.4,24,test,0x261b0f5e05eb05c6496728f1ae4969810dbe8a80,1,0.0,0.0,0.0,0.0,0.0,0.0
2.0,0.2,2.0,0.4,24,test,0xe5e702641ea86f4ae6cc3cdaed2b886f976be044,15,13.333333333333334,0.0,-3.3651679346268826,0.0,-14.615119797594991,0.0
2.0,0.2,2.0,0.4,24,train,0x0000000000000000000000000000000000000000,17,5.88235294117647,0.0,-0.11705882352941194,0.0,0.0,0.0
2.0,0.2,2.0,0.4,24,train,0x00d18bc3fab01162f43f20c071559795fcaf4144,1,0.0,0.0,0.0,0.0,0.0,0.0
2.0,0.2,2.0,0.4,24,train,0x1e8bbf00d265e08a27e91bfbc1f9a4073c4b4144,1,0.0,0.0,0.0,0.0,0.0,0.0
2.0,0.2,2.0,0.4,24,train,0x332f85e7e323214b2d55286414b059ebb1f2a044,1,0.0,0.0,0.0,0.0,0.0,0.0
2.0,0.2,2.0,0.4,24,train,0x3ad9e44cb65e518e452bfcb78952ca45b66a8a80,1,0.0,0.0,0.0,0.0,0.0,0.0
2.0,0.2,2.0,0.4,24,train,0x3bf48564e102ddf0ffd19c998e6132eee8be5000,1,0.0,0.0,0.0,0.0,0.0,0.0
2.0,0.2,2.0,0.4,24,train,0x4e3468951d49f2eea976ed0d6e75ffcb44a9a544,2,0.0,0.0,0.0,0.0,0.0,0.0
2.0,0.2,2.0,0.4,24,train,0x6eaae6b721b6c896bbfc30d3a7f4999d5a94ca80,1,0.0,0.0,0.0,0.0,0.0,0.0
2.0,0.2,2.0,0.4,24,train,0x718793b91da00b21e5b11e89de3ec9b9b6234144,1,0.0,0.0,0.0,0.0,0.0,0.0
2.0,0.2,2.0,0.4,24,train,0x72cecfc6d9a07117d5d207537e0bfd4bdfdac0cc,1,0.0,0.0,0.0,0.0,0.0,0.0
2.0,0.2,2.0,0.4,24,train,0x75a54357d9c78a2db19004a5fdc76c50f9242aec,1,0.0,0.0,0.0,0.0,0.0,0.0
2.0,0.2,2.0,0.4,24,train,0xbc4397b7f01f347b7dfa35276ca73203f3348a80,1,0.0,0.0,0.0,0.0,0.0,0.0
2.0,0.2,2.0,0.4,24,train,0xbe3e194f0069013ae4a860b6c152131b2032c0cc,1,0.0,0.0,0.0,0.0,0.0,0.0
2.0,0.2,2.0,0.4,24,train,0xc7e90a703b7ca435089cb90b8b770353e52b0a80,1,0.0,0.0,0.0,0.0,0.0,0.0
2.0,0.2,2.0,0.4,24,train,0xe0a5a3ba19a680a72be08c39c5de4dddb1fe05c7,1,0.0,0.0,0.0,0.0,0.0,0.0
2.0,0.2,2.0,0.4,24,train,0xe5e702641ea86f4ae6cc3cdaed2b886f976be044,58,15.517241379310345,5.172413793103448,0.04682213413792183,0.0,-6.680795732239614,5.172413793103448
2.0,0.2,2.0,0.4,24,train,0xf1ee073811b14359d850825e48d200483200edcd,1,0.0,0.0,0.0,0.0,0.0,0.0
2.0,0.2,2.0,0.55,6,test,0x0000000000000000000000000000000000000000,5,0.0,0.0,0.0,0.0,0.0,0.0
2.0,0.2,2.0,0.55,6,test,0x2565055891704afe3e844d5b34a318108ce64144,1,0.0,0.0,0.0,0.0,0.0,0.0
2.0,0.2,2.0,0.55,6,test,0x261b0f5e05eb05c6496728f1ae4969810dbe8a80,1,0.0,0.0,0.0,0.0,0.0,0.0
2.0,0.2,2.0,0.55,6,test,0xe5e702641ea86f4ae6cc3cdaed2b886f976be044,15,13.333333333333334,0.0,-3.3651679346268826,0.0,-14.615119797594991,0.0
2.0,0.2,2.0,0.55,6,train,0x0000000000000000000000000000000000000000,17,5.88235294117647,0.0,-0.11705882352941194,0.0,0.0,0.0
2.0,0.2,2.0,0.55,6,train,0x00d18bc3fab01162f43f20c071559795fcaf4144,1,0.0,0.0,0.0,0.0,0.0,0.0
2.0,0.2,2.0,0.55,6,train,0x1e8bbf00d265e08a27e91bfbc1f9a4073c4b4144,1,0.0,0.0,0.0,0.0,0.0,0.0
2.0,0.2,2.0,0.55,6,train,0x332f85e7e323214b2d55286414b059ebb1f2a044,1,0.0,0.0,0.0,0.0,0.0,0.0
2.0,0.2,2.0,0.55,6,train,0x3ad9e44cb65e518e452bfcb78952ca45b66a8a80,1,0.0,0.0,0.0,0.0,0.0,0.0
2.0,0.2,2.0,0.55,6,train,0x3bf48564e102ddf0ffd19c998e6132eee8be5000,1,0.0,0.0,0.0,0.0,0.0,0.0
2.0,0.2,2.0,0.55,6,train,0x4e3468951d49f2eea976ed0d6e75ffcb44a9a544,2,0.0,0.0,0.0,0.0,0.0,0.0
2.0,0.2,2.0,0.55,6,train,0x6eaae6b721b6c896bbfc30d3a7f4999d5a94ca80,1,0.0,0.0,0.0,0.0,0.0,0.0
2.0,0.2,2.0,0.55,6,train,0x718793b91da00b21e5b11e89de3ec9b9b6234144,1,0.0,0.0,0.0,0.0,0.0,0.0
2.0,0.2,2.0,0.55,6,train,0x72cecfc6d9a07117d5d207537e0bfd4bdfdac0cc,1,0.0,0.0,0.0,0.0,0.0,0.0
2.0,0.2,2.0,0.55,6,train,0x75a54357d9c78a2db19004a5fdc76c50f9242aec,1,0.0,0.0,0.0,0.0,0.0,0.0
2.0,0.2,2.0,0.55,6,train,0xbc4397b7f01f347b7dfa35276ca73203f3348a80,1,0.0,0.0,0.0,0.0,0.0,0.0
2.0,0.2,2.0,0.55,6,train,0xbe3e194f0069013ae4a860b6c152131b2032c0cc,1,0.0,0.0,0.0,0.0,0.0,0.0
2.0,0.2,2.0,0.55,6,train,0xc7e90a703b7ca435089cb90b8b770353e52b0a80,1,0.0,0.0,0.0,0.0,0.0,0.0
2.0,0.2,2.0,0.55,6,train,0xe0a5a3ba19a680a72be08c39c5de4dddb1fe05c7,1,0.0,0.0,0.0,0.0,0.0,0.0
2.0,0.2,2.0,0.55,6,train,0xe5e702641ea86f4ae6cc3cdaed2b886f976be044,58,15.517241379310345,5.172413793103448,-0.12997744035777223,0.0,-0.3429713156291634,5.172413793103448
2.0,0.2,2.0,0.55,6,train,0xf1ee073811b14359d850825e48d200483200edcd,1,0.0,0.0,0.0,0.0,0.0,0.0
2.0,0.2,2.0,0.55,12,test,0x0000000000000000000000000000000000000000,5,0.0,0.0,0.0,0.0,0.0,0.0
2.0,0.2,2.0,0.55,12,test,0x2565055891704afe3e844d5b34a318108ce64144,1,0.0,0.0,0.0,0.0,0.0,0.0
2.0,0.2,2.0,0.55,12,test,0x261b0f5e05eb05c6496728f1ae4969810dbe8a80,1,0.0,0.0,0.0,0.0,0.0,0.0
2.0,0.2,2.0,0.55,12,test,0xe5e702641ea86f4ae6cc3cdaed2b886f976be044,15,13.333333333333334,0.0,-3.3651679346268826,0.0,-14.615119797594991,0.0
2.0,0.2,2.0,0.55,12,train,0x0000000000000000000000000000000000000000,17,5.88235294117647,0.0,-0.11705882352941194,0.0,0.0,0.0
2.0,0.2,2.0,0.55,12,train,0x00d18bc3fab01162f43f20c071559795fcaf4144,1,0.0,0.0,0.0,0.0,0.0,0.0
2.0,0.2,2.0,0.55,12,train,0x1e8bbf00d265e08a27e91bfbc1f9a4073c4b4144,1,0.0,0.0,0.0,0.0,0.0,0.0
2.0,0.2,2.0,0.55,12,train,0x332f85e7e323214b2d55286414b059ebb1f2a044,1,0.0,0.0,0.0,0.0,0.0,0.0
2.0,0.2,2.0,0.55,12,train,0x3ad9e44cb65e518e452bfcb78952ca45b66a8a80,1,0.0,0.0,0.0,0.0,0.0,0.0
2.0,0.2,2.0,0.55,12,train,0x3bf48564e102ddf0ffd19c998e6132eee8be5000,1,0.0,0.0,0.0,0.0,0.0,0.0
2.0,0.2,2.0,0.55,12,train,0x4e3468951d49f2eea976ed0d6e75ffcb44a9a544,2,0.0,0.0,0.0,0.0,0.0,0.0
2.0,0.2,2.0,0.55,12,train,0x6eaae6b721b6c896bbfc30d3a7f4999d5a94ca80,1,0.0,0.0,0.0,0.0,0.0,0.0
2.0,0.2,2.0,0.55,12,train,0x718793b91da00b21e5b11e89de3ec9b9b6234144,1,0.0,0.0,0.0,0.0,0.0,0.0
2.0,0.2,2.0,0.55,12,train,0x72cecfc6d9a07117d5d207537e0bfd4bdfdac0cc,1,0.0,0.0,0.0,0.0,0.0,0.0
2.0,0.2,2.0,0.55,12,train,0x75a54357d9c78a2db19004a5fdc76c50f9242aec,1,0.0,0.0,0.0,0.0,0.0,0.0
2.0,0.2,2.0,0.55,12,train,0xbc4397b7f01f347b7dfa35276ca73203f3348a80,1,0.0,0.0,0.0,0.0,0.0,0.0
2.0,0.2,2.0,0.55,12,train,0xbe3e194f0069013ae4a860b6c152131b2032c0cc,1,0.0,0.0,0.0,0.0,0.0,0.0
2.0,0.2,2.0,0.55,12,train,0xc7e90a703b7ca435089cb90b8b770353e52b0a80,1,0.0,0.0,0.0,0.0,0.0,0.0
2.0,0.2,2.0,0.55,12,train,0xe0a5a3ba19a680a72be08c39c5de4dddb1fe05c7,1,0.0,0.0,0.0,0.0,0.0,0.0
2.0,0.2,2.0,0.55,12,train,0xe5e702641ea86f4ae6cc3cdaed2b886f976be044,58,15.517241379310345,5.172413793103448,-0.5160364543857073,0.0,-6.680795732239614,5.172413793103448
2.0,0.2,2.0,0.55,12,train,0xf1ee073811b14359d850825e48d200483200edcd,1,0.0,0.0,0.0,0.0,0.0,0.0
2.0,0.2,2.0,0.55,24,test,0x0000000000000000000000000000000000000000,5,0.0,0.0,0.0,0.0,0.0,0.0
2.0,0.2,2.0,0.55,24,test,0x2565055891704afe3e844d5b34a318108ce64144,1,0.0,0.0,0.0,0.0,0.0,0.0
2.0,0.2,2.0,0.55,24,test,0x261b0f5e05eb05c6496728f1ae4969810dbe8a80,1,0.0,0.0,0.0,0.0,0.0,0.0
2.0,0.2,2.0,0.55,24,test,0xe5e702641ea86f4ae6cc3cdaed2b886f976be044,15,13.333333333333334,0.0,-3.3651679346268826,0.0,-14.615119797594991,0.0
2.0,0.2,2.0,0.55,24,train,0x0000000000000000000000000000000000000000,17,5.88235294117647,0.0,-0.11705882352941194,0.0,0.0,0.0
2.0,0.2,2.0,0.55,24,train,0x00d18bc3fab01162f43f20c071559795fcaf4144,1,0.0,0.0,0.0,0.0,0.0,0.0
2.0,0.2,2.0,0.55,24,train,0x1e8bbf00d265e08a27e91bfbc1f9a4073c4b4144,1,0.0,0.0,0.0,0.0,0.0,0.0
2.0,0.2,2.0,0.55,24,train,0x332f85e7e323214b2d55286414b059ebb1f2a044,1,0.0,0.0,0.0,0.0,0.0,0.0
2.0,0.2,2.0,0.55,24,train,0x3ad9e44cb65e518e452bfcb78952ca45b66a8a80,1,0.0,0.0,0.0,0.0,0.0,0.0
2.0,0.2,2.0,0.55,24,train,0x3bf48564e102ddf0ffd19c998e6132eee8be5000,1,0.0,0.0,0.0,0.0,0.0,0.0
2.0,0.2,2.0,0.55,24,train,0x4e3468951d49f2eea976ed0d6e75ffcb44a9a544,2,0.0,0.0,0.0,0.0,0.0,0.0
2.0,0.2,2.0,0.55,24,train,0x6eaae6b721b6c896bbfc30d3a7f4999d5a94ca80,1,0.0,0.0,0.0,0.0,0.0,0.0
2.0,0.2,2.0,0.55,24,train,0x718793b91da00b21e5b11e89de3ec9b9b6234144,1,0.0,0.0,0.0,0.0,0.0,0.0
2.0,0.2,2.0,0.55,24,train,0x72cecfc6d9a07117d5d207537e0bfd4bdfdac0cc,1,0.0,0.0,0.0,0.0,0.0,0.0
2.0,0.2,2.0,0.55,24,train,0x75a54357d9c78a2db19004a5fdc76c50f9242aec,1,0.0,0.0,0.0,0.0,0.0,0.0
2.0,0.2,2.0,0.55,24,train,0xbc4397b7f01f347b7dfa35276ca73203f3348a80,1,0.0,0.0,0.0,0.0,0.0,0.0
2.0,0.2,2.0,0.55,24,train,0xbe3e194f0069013ae4a860b6c152131b2032c0cc,1,0.0,0.0,0.0,0.0,0.0,0.0
2.0,0.2,2.0,0.55,24,train,0xc7e90a703b7ca435089cb90b8b770353e52b0a80,1,0.0,0.0,0.0,0.0,0.0,0.0
2.0,0.2,2.0,0.55,24,train,0xe0a5a3ba19a680a72be08c39c5de4dddb1fe05c7,1,0.0,0.0,0.0,0.0,0.0,0.0
2.0,0.2,2.0,0.55,24,train,0xe5e702641ea86f4ae6cc3cdaed2b886f976be044,58,15.517241379310345,5.172413793103448,-0.5160364543857073,0.0,-6.680795732239614,5.172413793103448
2.0,0.2,2.0,0.55,24,train,0xf1ee073811b14359d850825e48d200483200edcd,1,0.0,0.0,0.0,0.0,0.0,0.0
2.0,0.2,2.0,0.7,6,test,0x0000000000000000000000000000000000000000,5,0.0,0.0,0.0,0.0,0.0,0.0
2.0,0.2,2.0,0.7,6,test,0x2565055891704afe3e844d5b34a318108ce64144,1,0.0,0.0,0.0,0.0,0.0,0.0
2.0,0.2,2.0,0.7,6,test,0x261b0f5e05eb05c6496728f1ae4969810dbe8a80,1,0.0,0.0,0.0,0.0,0.0,0.0
2.0,0.2,2.0,0.7,6,test,0xe5e702641ea86f4ae6cc3cdaed2b886f976be044,15,13.333333333333334,0.0,-3.3651679346268826,0.0,-14.615119797594991,0.0
2.0,0.2,2.0,0.7,6,train,0x0000000000000000000000000000000000000000,17,5.88235294117647,0.0,-0.11705882352941194,0.0,0.0,0.0
2.0,0.2,2.0,0.7,6,train,0x00d18bc3fab01162f43f20c071559795fcaf4144,1,0.0,0.0,0.0,0.0,0.0,0.0
2.0,0.2,2.0,0.7,6,train,0x1e8bbf00d265e08a27e91bfbc1f9a4073c4b4144,1,0.0,0.0,0.0,0.0,0.0,0.0
2.0,0.2,2.0,0.7,6,train,0x332f85e7e323214b2d55286414b059ebb1f2a044,1,0.0,0.0,0.0,0.0,0.0,0.0
2.0,0.2,2.0,0.7,6,train,0x3ad9e44cb65e518e452bfcb78952ca45b66a8a80,1,0.0,0.0,0.0,0.0,0.0,0.0
2.0,0.2,2.0,0.7,6,train,0x3bf48564e102ddf0ffd19c998e6132eee8be5000,1,0.0,0.0,0.0,0.0,0.0,0.0
2.0,0.2,2.0,0.7,6,train,0x4e3468951d49f2eea976ed0d6e75ffcb44a9a544,2,0.0,0.0,0.0,0.0,0.0,0.0
2.0,0.2,2.0,0.7,6,train,0x6eaae6b721b6c896bbfc30d3a7f4999d5a94ca80,1,0.0,0.0,0.0,0.0,0.0,0.0
2.0,0.2,2.0,0.7,6,train,0x718793b91da00b21e5b11e89de3ec9b9b6234144,1,0.0,0.0,0.0,0.0,0.0,0.0
2.0,0.2,2.0,0.7,6,train,0x72cecfc6d9a07117d5d207537e0bfd4bdfdac0cc,1,0.0,0.0,0.0,0.0,0.0,0.0
2.0,0.2,2.0,0.7,6,train,0x75a54357d9c78a2db19004a5fdc76c50f9242aec,1,0.0,0.0,0.0,0.0,0.0,0.0
2.0,0.2,2.0,0.7,6,train,0xbc4397b7f01f347b7dfa35276ca73203f3348a80,1,0.0,0.0,0.0,0.0,0.0,0.0
2.0,0.2,2.0,0.7,6,train,0xbe3e194f0069013ae4a860b6c152131b2032c0cc,1,0.0,0.0,0.0,0.0,0.0,0.0
2.0,0.2,2.0,0.7,6,train,0xc7e90a703b7ca435089cb90b8b770353e52b0a80,1,0.0,0.0,0.0,0.0,0.0,0.0
2.0,0.2,2.0,0.7,6,train,0xe0a5a3ba19a680a72be08c39c5de4dddb1fe05c7,1,0.0,0.0,0.0,0.0,0.0,0.0
2.0,0.2,2.0,0.7,6,train,0xe5e702641ea86f4ae6cc3cdaed2b886f976be044,58,15.517241379310345,5.172413793103448,-0.5613493435900887,0.0,-0.3429713156291634,5.172413793103448
2.0,0.2,2.0,0.7,6,train,0xf1ee073811b14359d850825e48d200483200edcd,1,0.0,0.0,0.0,0.0,0.0,0.0
2.0,0.2,2.0,0.7,12,test,0x0000000000000000000000000000000000000000,5,0.0,0.0,0.0,0.0,0.0,0.0
2.0,0.2,2.0,0.7,12,test,0x2565055891704afe3e844d5b34a318108ce64144,1,0.0,0.0,0.0,0.0,0.0,0.0
2.0,0.2,2.0,0.7,12,test,0x261b0f5e05eb05c6496728f1ae4969810dbe8a80,1,0.0,0.0,0.0,0.0,0.0,0.0
2.0,0.2,2.0,0.7,12,test,0xe5e702641ea86f4ae6cc3cdaed2b886f976be044,15,13.333333333333334,0.0,-3.3651679346268826,0.0,-14.615119797594991,0.0
2.0,0.2,2.0,0.7,12,train,0x0000000000000000000000000000000000000000,17,5.88235294117647,0.0,-0.11705882352941194,0.0,0.0,0.0
2.0,0.2,2.0,0.7,12,train,0x00d18bc3fab01162f43f20c071559795fcaf4144,1,0.0,0.0,0.0,0.0,0.0,0.0
2.0,0.2,2.0,0.7,12,train,0x1e8bbf00d265e08a27e91bfbc1f9a4073c4b4144,1,0.0,0.0,0.0,0.0,0.0,0.0
2.0,0.2,2.0,0.7,12,train,0x332f85e7e323214b2d55286414b059ebb1f2a044,1,0.0,0.0,0.0,0.0,0.0,0.0
2.0,0.2,2.0,0.7,12,train,0x3ad9e44cb65e518e452bfcb78952ca45b66a8a80,1,0.0,0.0,0.0,0.0,0.0,0.0
2.0,0.2,2.0,0.7,12,train,0x3bf48564e102ddf0ffd19c998e6132eee8be5000,1,0.0,0.0,0.0,0.0,0.0,0.0
2.0,0.2,2.0,0.7,12,train,0x4e3468951d49f2eea976ed0d6e75ffcb44a9a544,2,0.0,0.0,0.0,0.0,0.0,0.0
2.0,0.2,2.0,0.7,12,train,0x6eaae6b721b6c896bbfc30d3a7f4999d5a94ca80,1,0.0,0.0,0.0,0.0,0.0,0.0
2.0,0.2,2.0,0.7,12,train,0x718793b91da00b21e5b11e89de3ec9b9b6234144,1,0.0,0.0,0.0,0.0,0.0,0.0
2.0,0.2,2.0,0.7,12,train,0x72cecfc6d9a07117d5d207537e0bfd4bdfdac0cc,1,0.0,0.0,0.0,0.0,0.0,0.0
2.0,0.2,2.0,0.7,12,train,0x75a54357d9c78a2db19004a5fdc76c50f9242aec,1,0.0,0.0,0.0,0.0,0.0,0.0
2.0,0.2,2.0,0.7,12,train,0xbc4397b7f01f347b7dfa35276ca73203f3348a80,1,0.0,0.0,0.0,0.0,0.0,0.0
2.0,0.2,2.0,0.7,12,train,0xbe3e194f0069013ae4a860b6c152131b2032c0cc,1,0.0,0.0,0.0,0.0,0.0,0.0
2.0,0.2,2.0,0.7,12,train,0xc7e90a703b7ca435089cb90b8b770353e52b0a80,1,0.0,0.0,0.0,0.0,0.0,0.0
2.0,0.2,2.0,0.7,12,train,0xe0a5a3ba19a680a72be08c39c5de4dddb1fe05c7,1,0.0,0.0,0.0,0.0,0.0,0.0
2.0,0.2,2.0,0.7,12,train,0xe5e702641ea86f4ae6cc3cdaed2b886f976be044,58,15.517241379310345,5.172413793103448,-0.9474083576180239,0.0,-6.680795732239614,5.172413793103448
2.0,0.2,2.0,0.7,12,train,0xf1ee073811b14359d850825e48d200483200edcd,1,0.0,0.0,0.0,0.0,0.0,0.0
2.0,0.2,2.0,0.7,24,test,0x0000000000000000000000000000000000000000,5,0.0,0.0,0.0,0.0,0.0,0.0
2.0,0.2,2.0,0.7,24,test,0x2565055891704afe3e844d5b34a318108ce64144,1,0.0,0.0,0.0,0.0,0.0,0.0
2.0,0.2,2.0,0.7,24,test,0x261b0f5e05eb05c6496728f1ae4969810dbe8a80,1,0.0,0.0,0.0,0.0,0.0,0.0
2.0,0.2,2.0,0.7,24,test,0xe5e702641ea86f4ae6cc3cdaed2b886f976be044,15,13.333333333333334,0.0,-3.3651679346268826,0.0,-14.615119797594991,0.0
2.0,0.2,2.0,0.7,24,train,0x0000000000000000000000000000000000000000,17,5.88235294117647,0.0,-0.11705882352941194,0.0,0.0,0.0
2.0,0.2,2.0,0.7,24,train,0x00d18bc3fab01162f43f20c071559795fcaf4144,1,0.0,0.0,0.0,0.0,0.0,0.0
2.0,0.2,2.0,0.7,24,train,0x1e8bbf00d265e08a27e91bfbc1f9a4073c4b4144,1,0.0,0.0,0.0,0.0,0.0,0.0
2.0,0.2,2.0,0.7,24,train,0x332f85e7e323214b2d55286414b059ebb1f2a044,1,0.0,0.0,0.0,0.0,0.0,0.0
2.0,0.2,2.0,0.7,24,train,0x3ad9e44cb65e518e452bfcb78952ca45b66a8a80,1,0.0,0.0,0.0,0.0,0.0,0.0
2.0,0.2,2.0,0.7,24,train,0x3bf48564e102ddf0ffd19c998e6132eee8be5000,1,0.0,0.0,0.0,0.0,0.0,0.0
2.0,0.2,2.0,0.7,24,train,0x4e3468951d49f2eea976ed0d6e75ffcb44a9a544,2,0.0,0.0,0.0,0.0,0.0,0.0
2.0,0.2,2.0,0.7,24,train,0x6eaae6b721b6c896bbfc30d3a7f4999d5a94ca80,1,0.0,0.0,0.0,0.0,0.0,0.0
2.0,0.2,2.0,0.7,24,train,0x718793b91da00b21e5b11e89de3ec9b9b6234144,1,0.0,0.0,0.0,0.0,0.0,0.0
2.0,0.2,2.0,0.7,24,train,0x72cecfc6d9a07117d5d207537e0bfd4bdfdac0cc,1,0.0,0.0,0.0,0.0,0.0,0.0
2.0,0.2,2.0,0.7,24,train,0x75a54357d9c78a2db19004a5fdc76c50f9242aec,1,0.0,0.0,0.0,0.0,0.0,0.0
2.0,0.2,2.0,0.7,24,train,0xbc4397b7f01f347b7dfa35276ca73203f3348a80,1,0.0,0.0,0.0,0.0,0.0,0.0
2.0,0.2,2.0,0.7,24,train,0xbe3e194f0069013ae4a860b6c152131b2032c0cc,1,0.0,0.0,0.0,0.0,0.0,0.0
2.0,0.2,2.0,0.7,24,train,0xc7e90a703b7ca435089cb90b8b770353e52b0a80,1,0.0,0.0,0.0,0.0,0.0,0.0
2.0,0.2,2.0,0.7,24,train,0xe0a5a3ba19a680a72be08c39c5de4dddb1fe05c7,1,0.0,0.0,0.0,0.0,0.0,0.0
2.0,0.2,2.0,0.7,24,train,0xe5e702641ea86f4ae6cc3cdaed2b886f976be044,58,15.517241379310345,5.172413793103448,-0.9474083576180239,0.0,-6.680795732239614,5.172413793103448
2.0,0.2,2.0,0.7,24,train,0xf1ee073811b14359d850825e48d200483200edcd,1,0.0,0.0,0.0,0.0,0.0,0.0
2.0,0.2,3.0,0.4,6,test,0x0000000000000000000000000000000000000000,5,0.0,0.0,0.0,0.0,0.0,0.0
2.0,0.2,3.0,0.4,6,test,0x2565055891704afe3e844d5b34a318108ce64144,1,0.0,0.0,0.0,0.0,0.0,0.0
2.0,0.2,3.0,0.4,6,test,0x261b0f5e05eb05c6496728f1ae4969810dbe8a80,1,0.0,0.0,0.0,0.0,0.0,0.0
2.0,0.2,3.0,0.4,6,test,0xe5e702641ea86f4ae6cc3cdaed2b886f976be044,15,13.333333333333334,0.0,-3.3651679346268826,0.0,-14.615119797594991,0.0
2.0,0.2,3.0,0.4,6,train,0x0000000000000000000000000000000000000000,17,5.88235294117647,0.0,-0.11705882352941194,0.0,0.0,0.0
2.0,0.2,3.0,0.4,6,train,0x00d18bc3fab01162f43f20c071559795fcaf4144,1,0.0,0.0,0.0,0.0,0.0,0.0
2.0,0.2,3.0,0.4,6,train,0x1e8bbf00d265e08a27e91bfbc1f9a4073c4b4144,1,0.0,0.0,0.0,0.0,0.0,0.0
2.0,0.2,3.0,0.4,6,train,0x332f85e7e323214b2d55286414b059ebb1f2a044,1,0.0,0.0,0.0,0.0,0.0,0.0
2.0,0.2,3.0,0.4,6,train,0x3ad9e44cb65e518e452bfcb78952ca45b66a8a80,1,0.0,0.0,0.0,0.0,0.0,0.0
2.0,0.2,3.0,0.4,6,train,0x3bf48564e102ddf0ffd19c998e6132eee8be5000,1,0.0,0.0,0.0,0.0,0.0,0.0
2.0,0.2,3.0,0.4,6,train,0x4e3468951d49f2eea976ed0d6e75ffcb44a9a544,2,0.0,0.0,0.0,0.0,0.0,0.0
2.0,0.2,3.0,0.4,6,train,0x6eaae6b721b6c896bbfc30d3a7f4999d5a94ca80,1,0.0,0.0,0.0,0.0,0.0,0.0
2.0,0.2,3.0,0.4,6,train,0x718793b91da00b21e5b11e89de3ec9b9b6234144,1,0.0,0.0,0.0,0.0,0.0,0.0
2.0,0.2,3.0,0.4,6,train,0x72cecfc6d9a07117d5d207537e0bfd4bdfdac0cc,1,0.0,0.0,0.0,0.0,0.0,0.0
2.0,0.2,3.0,0.4,6,train,0x75a54357d9c78a2db19004a5fdc76c50f9242aec,1,0.0,0.0,0.0,0.0,0.0,0.0
2.0,0.2,3.0,0.4,6,train,0xbc4397b7f01f347b7dfa35276ca73203f3348a80,1,0.0,0.0,0.0,0.0,0.0,0.0
2.0,0.2,3.0,0.4,6,train,0xbe3e194f0069013ae4a860b6c152131b2032c0cc,1,0.0,0.0,0.0,0.0,0.0,0.0
2.0,0.2,3.0,0.4,6,train,0xc7e90a703b7ca435089cb90b8b770353e52b0a80,1,0.0,0.0,0.0,0.0,0.0,0.0
2.0,0.2,3.0,0.4,6,train,0xe0a5a3ba19a680a72be08c39c5de4dddb1fe05c7,1,0.0,0.0,0.0,0.0,0.0,0.0
2.0,0.2,3.0,0.4,6,train,0xe5e702641ea86f4ae6cc3cdaed2b886f976be044,58,15.517241379310345,3.4482758620689653,2.7278554283671292,0.0,-0.3429713156291634,5.172413793103448
2.0,0.2,3.0,0.4,6,train,0xf1ee073811b14359d850825e48d200483200edcd,1,0.0,0.0,0.0,0.0,0.0,0.0
2.0,0.2,3.0,0.4,12,test,0x0000000000000000000000000000000000000000,5,0.0,0.0,0.0,0.0,0.0,0.0
2.0,0.2,3.0,0.4,12,test,0x2565055891704afe3e844d5b34a318108ce64144,1,0.0,0.0,0.0,0.0,0.0,0.0
2.0,0.2,3.0,0.4,12,test,0x261b0f5e05eb05c6496728f1ae4969810dbe8a80,1,0.0,0.0,0.0,0.0,0.0,0.0
2.0,0.2,3.0,0.4,12,test,0xe5e702641ea86f4ae6cc3cdaed2b886f976be044,15,13.333333333333334,0.0,-3.3651679346268826,0.0,-14.615119797594991,0.0
2.0,0.2,3.0,0.4,12,train,0x0000000000000000000000000000000000000000,17,5.88235294117647,0.0,-0.11705882352941194,0.0,0.0,0.0
2.0,0.2,3.0,0.4,12,train,0x00d18bc3fab01162f43f20c071559795fcaf4144,1,0.0,0.0,0.0,0.0,0.0,0.0
2.0,0.2,3.0,0.4,12,train,0x1e8bbf00d265e08a27e91bfbc1f9a4073c4b4144,1,0.0,0.0,0.0,0.0,0.0,0.0
2.0,0.2,3.0,0.4,12,train,0x332f85e7e323214b2d55286414b059ebb1f2a044,1,0.0,0.0,0.0,0.0,0.0,0.0
2.0,0.2,3.0,0.4,12,train,0x3ad9e44cb65e518e452bfcb78952ca45b66a8a80,1,0.0,0.0,0.0,0.0,0.0,0.0
2.0,0.2,3.0,0.4,12,train,0x3bf48564e102ddf0ffd19c998e6132eee8be5000,1,0.0,0.0,0.0,0.0,0.0,0.0
2.0,0.2,3.0,0.4,12,train,0x4e3468951d49f2eea976ed0d6e75ffcb44a9a544,2,0.0,0.0,0.0,0.0,0.0,0.0
2.0,0.2,3.0,0.4,12,train,0x6eaae6b721b6c896bbfc30d3a7f4999d5a94ca80,1,0.0,0.0,0.0,0.0,0.0,0.0
2.0,0.2,3.0,0.4,12,train,0x718793b91da00b21e5b11e89de3ec9b9b6234144,1,0.0,0.0,0.0,0.0,0.0,0.0
2.0,0.2,3.0,0.4,12,train,0x72cecfc6d9a07117d5d207537e0bfd4bdfdac0cc,1,0.0,0.0,0.0,0.0,0.0,0.0
2.0,0.2,3.0,0.4,12,train,0x75a54357d9c78a2db19004a5fdc76c50f9242aec,1,0.0,0.0,0.0,0.0,0.0,0.0
2.0,0.2,3.0,0.4,12,train,0xbc4397b7f01f347b7dfa35276ca73203f3348a80,1,0.0,0.0,0.0,0.0,0.0,0.0
2.0,0.2,3.0,0.4,12,train,0xbe3e194f0069013ae4a860b6c152131b2032c0cc,1,0.0,0.0,0.0,0.0,0.0,0.0
2.0,0.2,3.0,0.4,12,train,0xc7e90a703b7ca435089cb90b8b770353e52b0a80,1,0.0,0.0,0.0,0.0,0.0,0.0
2.0,0.2,3.0,0.4,12,train,0xe0a5a3ba19a680a72be08c39c5de4dddb1fe05c7,1,0.0,0.0,0.0,0.0,0.0,0.0
2.0,0.2,3.0,0.4,12,train,0xe5e702641ea86f4ae6cc3cdaed2b886f976be044,58,15.517241379310345,3.4482758620689653,0.19272480701195996,0.0,-22.64892153494101,3.4482758620689653
2.0,0.2,3.0,0.4,12,train,0xf1ee073811b14359d850825e48d200483200edcd,1,0.0,0.0,0.0,0.0,0.0,0.0
2.0,0.2,3.0,0.4,24,test,0x0000000000000000000000000000000000000000,5,0.0,0.0,0.0,0.0,0.0,0.0
2.0,0.2,3.0,0.4,24,test,0x2565055891704afe3e844d5b34a318108ce64144,1,0.0,0.0,0.0,0.0,0.0,0.0
2.0,0.2,3.0,0.4,24,test,0x261b0f5e05eb05c6496728f1ae4969810dbe8a80,1,0.0,0.0,0.0,0.0,0.0,0.0
2.0,0.2,3.0,0.4,24,test,0xe5e702641ea86f4ae6cc3cdaed2b886f976be044,15,13.333333333333334,0.0,-3.3651679346268826,0.0,-14.615119797594991,0.0
2.0,0.2,3.0,0.4,24,train,0x0000000000000000000000000000000000000000,17,5.88235294117647,0.0,-0.11705882352941194,0.0,0.0,0.0
2.0,0.2,3.0,0.4,24,train,0x00d18bc3fab01162f43f20c071559795fcaf4144,1,0.0,0.0,0.0,0.0,0.0,0.0
2.0,0.2,3.0,0.4,24,train,0x1e8bbf00d265e08a27e91bfbc1f9a4073c4b4144,1,0.0,0.0,0.0,0.0,0.0,0.0
2.0,0.2,3.0,0.4,24,train,0x332f85e7e323214b2d55286414b059ebb1f2a044,1,0.0,0.0,0.0,0.0,0.0,0.0
2.0,0.2,3.0,0.4,24,train,0x3ad9e44cb65e518e452bfcb78952ca45b66a8a80,1,0.0,0.0,0.0,0.0,0.0,0.0
2.0,0.2,3.0,0.4,24,train,0x3bf48564e102ddf0ffd19c998e6132eee8be5000,1,0.0,0.0,0.0,0.0,0.0,0.0
2.0,0.2,3.0,0.4,24,train,0x4e3468951d49f2eea976ed0d6e75ffcb44a9a544,2,0.0,0.0,0.0,0.0,0.0,0.0
2.0,0.2,3.0,0.4,24,train,0x6eaae6b721b6c896bbfc30d3a7f4999d5a94ca80,1,0.0,0.0,0.0,0.0,0.0,0.0
2.0,0.2,3.0,0.4,24,train,0x718793b91da00b21e5b11e89de3ec9b9b6234144,1,0.0,0.0,0.0,0.0,0.0,0.0
2.0,0.2,3.0,0.4,24,train,0x72cecfc6d9a07117d5d207537e0bfd4bdfdac0cc,1,0.0,0.0,0.0,0.0,0.0,0.0
2.0,0.2,3.0,0.4,24,train,0x75a54357d9c78a2db19004a5fdc76c50f9242aec,1,0.0,0.0,0.0,0.0,0.0,0.0
2.0,0.2,3.0,0.4,24,train,0xbc4397b7f01f347b7dfa35276ca73203f3348a80,1,0.0,0.0,0.0,0.0,0.0,0.0
2.0,0.2,3.0,0.4,24,train,0xbe3e194f0069013ae4a860b6c152131b2032c0cc,1,0.0,0.0,0.0,0.0,0.0,0.0
2.0,0.2,3.0,0.4,24,train,0xc7e90a703b7ca435089cb90b8b770353e52b0a80,1,0.0,0.0,0.0,0.0,0.0,0.0
2.0,0.2,3.0,0.4,24,train,0xe0a5a3ba19a680a72be08c39c5de4dddb1fe05c7,1,0.0,0.0,0.0,0.0,0.0,0.0
2.0,0.2,3.0,0.4,24,train,0xe5e702641ea86f4ae6cc3cdaed2b886f976be044,58,15.517241379310345,3.4482758620689653,0.19272480701195996,0.0,-22.64892153494101,3.4482758620689653
2.0,0.2,3.0,0.4,24,train,0xf1ee073811b14359d850825e48d200483200edcd,1,0.0,0.0,0.0,0.0,0.0,0.0
2.0,0.2,3.0,0.55,6,test,0x0000000000000000000000000000000000000000,5,0.0,0.0,0.0,0.0,0.0,0.0
2.0,0.2,3.0,0.55,6,test,0x2565055891704afe3e844d5b34a318108ce64144,1,0.0,0.0,0.0,0.0,0.0,0.0
2.0,0.2,3.0,0.55,6,test,0x261b0f5e05eb05c6496728f1ae4969810dbe8a80,1,0.0,0.0,0.0,0.0,0.0,0.0
2.0,0.2,3.0,0.55,6,test,0xe5e702641ea86f4ae6cc3cdaed2b886f976be044,15,13.333333333333334,0.0,-3.3651679346268826,0.0,-14.615119797594991,0.0
2.0,0.2,3.0,0.55,6,train,0x0000000000000000000000000000000000000000,17,5.88235294117647,0.0,-0.11705882352941194,0.0,0.0,0.0
2.0,0.2,3.0,0.55,6,train,0x00d18bc3fab01162f43f20c071559795fcaf4144,1,0.0,0.0,0.0,0.0,0.0,0.0
2.0,0.2,3.0,0.55,6,train,0x1e8bbf00d265e08a27e91bfbc1f9a4073c4b4144,1,0.0,0.0,0.0,0.0,0.0,0.0
2.0,0.2,3.0,0.55,6,train,0x332f85e7e323214b2d55286414b059ebb1f2a044,1,0.0,0.0,0.0,0.0,0.0,0.0
2.0,0.2,3.0,0.55,6,train,0x3ad9e44cb65e518e452bfcb78952ca45b66a8a80,1,0.0,0.0,0.0,0.0,0.0,0.0
2.0,0.2,3.0,0.55,6,train,0x3bf48564e102ddf0ffd19c998e6132eee8be5000,1,0.0,0.0,0.0,0.0,0.0,0.0
2.0,0.2,3.0,0.55,6,train,0x4e3468951d49f2eea976ed0d6e75ffcb44a9a544,2,0.0,0.0,0.0,0.0,0.0,0.0
2.0,0.2,3.0,0.55,6,train,0x6eaae6b721b6c896bbfc30d3a7f4999d5a94ca80,1,0.0,0.0,0.0,0.0,0.0,0.0
2.0,0.2,3.0,0.55,6,train,0x718793b91da00b21e5b11e89de3ec9b9b6234144,1,0.0,0.0,0.0,0.0,0.0,0.0
2.0,0.2,3.0,0.55,6,train,0x72cecfc6d9a07117d5d207537e0bfd4bdfdac0cc,1,0.0,0.0,0.0,0.0,0.0,0.0
2.0,0.2,3.0,0.55,6,train,0x75a54357d9c78a2db19004a5fdc76c50f9242aec,1,0.0,0.0,0.0,0.0,0.0,0.0
2.0,0.2,3.0,0.55,6,train,0xbc4397b7f01f347b7dfa35276ca73203f3348a80,1,0.0,0.0,0.0,0.0,0.0,0.0
2.0,0.2,3.0,0.55,6,train,0xbe3e194f0069013ae4a860b6c152131b2032c0cc,1,0.0,0.0,0.0,0.0,0.0,0.0
2.0,0.2,3.0,0.55,6,train,0xc7e90a703b7ca435089cb90b8b770353e52b0a80,1,0.0,0.0,0.0,0.0,0.0,0.0
2.0,0.2,3.0,0.55,6,train,0xe0a5a3ba19a680a72be08c39c5de4dddb1fe05c7,1,0.0,0.0,0.0,0.0,0.0,0.0
2.0,0.2,3.0,0.55,6,train,0xe5e702641ea86f4ae6cc3cdaed2b886f976be044,58,15.517241379310345,3.4482758620689653,1.7931875364876961,0.0,-0.3429713156291634,5.172413793103448
2.0,0.2,3.0,0.55,6,train,0xf1ee073811b14359d850825e48d200483200edcd,1,0.0,0.0,0.0,0.0,0.0,0.0
2.0,0.2,3.0,0.55,12,test,0x0000000000000000000000000000000000000000,5,0.0,0.0,0.0,0.0,0.0,0.0
2.0,0.2,3.0,0.55,12,test,0x2565055891704afe3e844d5b34a318108ce64144,1,0.0,0.0,0.0,0.0,0.0,0.0
2.0,0.2,3.0,0.55,12,test,0x261b0f5e05eb05c6496728f1ae4969810dbe8a80,1,0.0,0.0,0.0,0.0,0.0,0.0
2.0,0.2,3.0,0.55,12,test,0xe5e702641ea86f4ae6cc3cdaed2b886f976be044,15,13.333333333333334,0.0,-3.3651679346268826,0.0,-14.615119797594991,0.0
2.0,0.2,3.0,0.55,12,train,0x0000000000000000000000000000000000000000,17,5.88235294117647,0.0,-0.11705882352941194,0.0,0.0,0.0
2.0,0.2,3.0,0.55,12,train,0x00d18bc3fab01162f43f20c071559795fcaf4144,1,0.0,0.0,0.0,0.0,0.0,0.0
2.0,0.2,3.0,0.55,12,train,0x1e8bbf00d265e08a27e91bfbc1f9a4073c4b4144,1,0.0,0.0,0.0,0.0,0.0,0.0
2.0,0.2,3.0,0.55,12,train,0x332f85e7e323214b2d55286414b059ebb1f2a044,1,0.0,0.0,0.0,0.0,0.0,0.0
2.0,0.2,3.0,0.55,12,train,0x3ad9e44cb65e518e452bfcb78952ca45b66a8a80,1,0.0,0.0,0.0,0.0,0.0,0.0
2.0,0.2,3.0,0.55,12,train,0x3bf48564e102ddf0ffd19c998e6132eee8be5000,1,0.0,0.0,0.0,0.0,0.0,0.0
2.0,0.2,3.0,0.55,12,train,0x4e3468951d49f2eea976ed0d6e75ffcb44a9a544,2,0.0,0.0,0.0,0.0,0.0,0.0
2.0,0.2,3.0,0.55,12,train,0x6eaae6b721b6c896bbfc30d3a7f4999d5a94ca80,1,0.0,0.0,0.0,0.0,0.0,0.0
2.0,0.2,3.0,0.55,12,train,0x718793b91da00b21e5b11e89de3ec9b9b6234144,1,0.0,0.0,0.0,0.0,0.0,0.0
2.0,0.2,3.0,0.55,12,train,0x72cecfc6d9a07117d5d207537e0bfd4bdfdac0cc,1,0.0,0.0,0.0,0.0,0.0,0.0
2.0,0.2,3.0,0.55,12,train,0x75a54357d9c78a2db19004a5fdc76c50f9242aec,1,0.0,0.0,0.0,0.0,0.0,0.0
2.0,0.2,3.0,0.55,12,train,0xbc4397b7f01f347b7dfa35276ca73203f3348a80,1,0.0,0.0,0.0,0.0,0.0,0.0
2.0,0.2,3.0,0.55,12,train,0xbe3e194f0069013ae4a860b6c152131b2032c0cc,1,0.0,0.0,0.0,0.0,0.0,0.0
2.0,0.2,3.0,0.55,12,train,0xc7e90a703b7ca435089cb90b8b770353e52b0a80,1,0.0,0.0,0.0,0.0,0.0,0.0
2.0,0.2,3.0,0.55,12,train,0xe0a5a3ba19a680a72be08c39c5de4dddb1fe05c7,1,0.0,0.0,0.0,0.0,0.0,0.0
2.0,0.2,3.0,0.55,12,train,0xe5e702641ea86f4ae6cc3cdaed2b886f976be044,58,15.517241379310345,3.4482758620689653,-0.7419430848674726,0.0,-22.64892153494101,3.4482758620689653
2.0,0.2,3.0,0.55,12,train,0xf1ee073811b14359d850825e48d200483200edcd,1,0.0,0.0,0.0,0.0,0.0,0.0
2.0,0.2,3.0,0.55,24,test,0x0000000000000000000000000000000000000000,5,0.0,0.0,0.0,0.0,0.0,0.0
2.0,0.2,3.0,0.55,24,test,0x2565055891704afe3e844d5b34a318108ce64144,1,0.0,0.0,0.0,0.0,0.0,0.0
2.0,0.2,3.0,0.55,24,test,0x261b0f5e05eb05c6496728f1ae4969810dbe8a80,1,0.0,0.0,0.0,0.0,0.0,0.0
2.0,0.2,3.0,0.55,24,test,0xe5e702641ea86f4ae6cc3cdaed2b886f976be044,15,13.333333333333334,0.0,-3.3651679346268826,0.0,-14.615119797594991,0.0
2.0,0.2,3.0,0.55,24,train,0x0000000000000000000000000000000000000000,17,5.88235294117647,0.0,-0.11705882352941194,0.0,0.0,0.0
2.0,0.2,3.0,0.55,24,train,0x00d18bc3fab01162f43f20c071559795fcaf4144,1,0.0,0.0,0.0,0.0,0.0,0.0
2.0,0.2,3.0,0.55,24,train,0x1e8bbf00d265e08a27e91bfbc1f9a4073c4b4144,1,0.0,0.0,0.0,0.0,0.0,0.0
2.0,0.2,3.0,0.55,24,train,0x332f85e7e323214b2d55286414b059ebb1f2a044,1,0.0,0.0,0.0,0.0,0.0,0.0
2.0,0.2,3.0,0.55,24,train,0x3ad9e44cb65e518e452bfcb78952ca45b66a8a80,1,0.0,0.0,0.0,0.0,0.0,0.0
2.0,0.2,3.0,0.55,24,train,0x3bf48564e102ddf0ffd19c998e6132eee8be5000,1,0.0,0.0,0.0,0.0,0.0,0.0
2.0,0.2,3.0,0.55,24,train,0x4e3468951d49f2eea976ed0d6e75ffcb44a9a544,2,0.0,0.0,0.0,0.0,0.0,0.0
2.0,0.2,3.0,0.55,24,train,0x6eaae6b721b6c896bbfc30d3a7f4999d5a94ca80,1,0.0,0.0,0.0,0.0,0.0,0.0
2.0,0.2,3.0,0.55,24,train,0x718793b91da00b21e5b11e89de3ec9b9b6234144,1,0.0,0.0,0.0,0.0,0.0,0.0
2.0,0.2,3.0,0.55,24,train,0x72cecfc6d9a07117d5d207537e0bfd4bdfdac0cc,1,0.0,0.0,0.0,0.0,0.0,0.0
2.0,0.2,3.0,0.55,24,train,0x75a54357d9c78a2db19004a5fdc76c50f9242aec,1,0.0,0.0,0.0,0.0,0.0,0.0
2.0,0.2,3.0,0.55,24,train,0xbc4397b7f01f347b7dfa35276ca73203f3348a80,1,0.0,0.0,0.0,0.0,0.0,0.0
2.0,0.2,3.0,0.55,24,train,0xbe3e194f0069013ae4a860b6c152131b2032c0cc,1,0.0,0.0,0.0,0.0,0.0,0.0
2.0,0.2,3.0,0.55,24,train,0xc7e90a703b7ca435089cb90b8b770353e52b0a80,1,0.0,0.0,0.0,0.0,0.0,0.0
2.0,0.2,3.0,0.55,24,train,0xe0a5a3ba19a680a72be08c39c5de4dddb1fe05c7,1,0.0,0.0,0.0,0.0,0.0,0.0
2.0,0.2,3.0,0.55,24,train,0xe5e702641ea86f4ae6cc3cdaed2b886f976be044,58,15.517241379310345,3.4482758620689653,-0.7419430848674726,0.0,-22.64892153494101,3.4482758620689653
2.0,0.2,3.0,0.55,24,train,0xf1ee073811b14359d850825e48d200483200edcd,1,0.0,0.0,0.0,0.0,0.0,0.0
2.0,0.2,3.0,0.7,6,test,0x0000000000000000000000000000000000000000,5,0.0,0.0,0.0,0.0,0.0,0.0
2.0,0.2,3.0,0.7,6,test,0x2565055891704afe3e844d5b34a318108ce64144,1,0.0,0.0,0.0,0.0,0.0,0.0
2.0,0.2,3.0,0.7,6,test,0x261b0f5e05eb05c6496728f1ae4969810dbe8a80,1,0.0,0.0,0.0,0.0,0.0,0.0
2.0,0.2,3.0,0.7,6,test,0xe5e702641ea86f4ae6cc3cdaed2b886f976be044,15,13.333333333333334,0.0,-3.3651679346268826,0.0,-14.615119797594991,0.0
2.0,0.2,3.0,0.7,6,train,0x0000000000000000000000000000000000000000,17,5.88235294117647,0.0,-0.11705882352941194,0.0,0.0,0.0
2.0,0.2,3.0,0.7,6,train,0x00d18bc3fab01162f43f20c071559795fcaf4144,1,0.0,0.0,0.0,0.0,0.0,0.0
2.0,0.2,3.0,0.7,6,train,0x1e8bbf00d265e08a27e91bfbc1f9a4073c4b4144,1,0.0,0.0,0.0,0.0,0.0,0.0
2.0,0.2,3.0,0.7,6,train,0x332f85e7e323214b2d55286414b059ebb1f2a044,1,0.0,0.0,0.0,0.0,0.0,0.0
2.0,0.2,3.0,0.7,6,train,0x3ad9e44cb65e518e452bfcb78952ca45b66a8a80,1,0.0,0.0,0.0,0.0,0.0,0.0
2.0,0.2,3.0,0.7,6,train,0x3bf48564e102ddf0ffd19c998e6132eee8be5000,1,0.0,0.0,0.0,0.0,0.0,0.0
2.0,0.2,3.0,0.7,6,train,0x4e3468951d49f2eea976ed0d6e75ffcb44a9a544,2,0.0,0.0,0.0,0.0,0.0,0.0
2.0,0.2,3.0,0.7,6,train,0x6eaae6b721b6c896bbfc30d3a7f4999d5a94ca80,1,0.0,0.0,0.0,0.0,0.0,0.0
2.0,0.2,3.0,0.7,6,train,0x718793b91da00b21e5b11e89de3ec9b9b6234144,1,0.0,0.0,0.0,0.0,0.0,0.0
2.0,0.2,3.0,0.7,6,train,0x72cecfc6d9a07117d5d207537e0bfd4bdfdac0cc,1,0.0,0.0,0.0,0.0,0.0,0.0
2.0,0.2,3.0,0.7,6,train,0x75a54357d9c78a2db19004a5fdc76c50f9242aec,1,0.0,0.0,0.0,0.0,0.0,0.0
2.0,0.2,3.0,0.7,6,train,0xbc4397b7f01f347b7dfa35276ca73203f3348a80,1,0.0,0.0,0.0,0.0,0.0,0.0
2.0,0.2,3.0,0.7,6,train,0xbe3e194f0069013ae4a860b6c152131b2032c0cc,1,0.0,0.0,0.0,0.0,0.0,0.0
2.0,0.2,3.0,0.7,6,train,0xc7e90a703b7ca435089cb90b8b770353e52b0a80,1,0.0,0.0,0.0,0.0,0.0,0.0
2.0,0.2,3.0,0.7,6,train,0xe0a5a3ba19a680a72be08c39c5de4dddb1fe05c7,1,0.0,0.0,0.0,0.0,0.0,0.0
2.0,0.2,3.0,0.7,6,train,0xe5e702641ea86f4ae6cc3cdaed2b886f976be044,58,15.517241379310345,3.4482758620689653,0.7904467725147112,0.0,-0.3429713156291634,5.172413793103448
2.0,0.2,3.0,0.7,6,train,0xf1ee073811b14359d850825e48d200483200edcd,1,0.0,0.0,0.0,0.0,0.0,0.0
2.0,0.2,3.0,0.7,12,test,0x0000000000000000000000000000000000000000,5,0.0,0.0,0.0,0.0,0.0,0.0
2.0,0.2,3.0,0.7,12,test,0x2565055891704afe3e844d5b34a318108ce64144,1,0.0,0.0,0.0,0.0,0.0,0.0
2.0,0.2,3.0,0.7,12,test,0x261b0f5e05eb05c6496728f1ae4969810dbe8a80,1,0.0,0.0,0.0,0.0,0.0,0.0
2.0,0.2,3.0,0.7,12,test,0xe5e702641ea86f4ae6cc3cdaed2b886f976be044,15,13.333333333333334,0.0,-3.3651679346268826,0.0,-14.615119797594991,0.0
2.0,0.2,3.0,0.7,12,train,0x0000000000000000000000000000000000000000,17,5.88235294117647,0.0,-0.11705882352941194,0.0,0.0,0.0
2.0,0.2,3.0,0.7,12,train,0x00d18bc3fab01162f43f20c071559795fcaf4144,1,0.0,0.0,0.0,0.0,0.0,0.0
2.0,0.2,3.0,0.7,12,train,0x1e8bbf00d265e08a27e91bfbc1f9a4073c4b4144,1,0.0,0.0,0.0,0.0,0.0,0.0
2.0,0.2,3.0,0.7,12,train,0x332f85e7e323214b2d55286414b059ebb1f2a044,1,0.0,0.0,0.0,0.0,0.0,0.0
2.0,0.2,3.0,0.7,12,train,0x3ad9e44cb65e518e452bfcb78952ca45b66a8a80,1,0.0,0.0,0.0,0.0,0.0,0.0
2.0,0.2,3.0,0.7,12,train,0x3bf48564e102ddf0ffd19c998e6132eee8be5000,1,0.0,0.0,0.0,0.0,0.0,0.0
2.0,0.2,3.0,0.7,12,train,0x4e3468951d49f2eea976ed0d6e75ffcb44a9a544,2,0.0,0.0,0.0,0.0,0.0,0.0
2.0,0.2,3.0,0.7,12,train,0x6eaae6b721b6c896bbfc30d3a7f4999d5a94ca80,1,0.0,0.0,0.0,0.0,0.0,0.0
2.0,0.2,3.0,0.7,12,train,0x718793b91da00b21e5b11e89de3ec9b9b6234144,1,0.0,0.0,0.0,0.0,0.0,0.0
2.0,0.2,3.0,0.7,12,train,0x72cecfc6d9a07117d5d207537e0bfd4bdfdac0cc,1,0.0,0.0,0.0,0.0,0.0,0.0
2.0,0.2,3.0,0.7,12,train,0x75a54357d9c78a2db19004a5fdc76c50f9242aec,1,0.0,0.0,0.0,0.0,0.0,0.0
2.0,0.2,3.0,0.7,12,train,0xbc4397b7f01f347b7dfa35276ca73203f3348a80,1,0.0,0.0,0.0,0.0,0.0,0.0
2.0,0.2,3.0,0.7,12,train,0xbe3e194f0069013ae4a860b6c152131b2032c0cc,1,0.0,0.0,0.0,0.0,0.0,0.0
2.0,0.2,3.0,0.7,12,train,0xc7e90a703b7ca435089cb90b8b770353e52b0a80,1,0.0,0.0,0.0,0.0,0.0,0.0
2.0,0.2,3.0,0.7,12,train,0xe0a5a3ba19a680a72be08c39c5de4dddb1fe05c7,1,0.0,0.0,0.0,0.0,0.0,0.0
2.0,0.2,3.0,0.7,12,train,0xe5e702641ea86f4ae6cc3cdaed2b886f976be044,58,15.517241379310345,3.4482758620689653,-1.7446838488404577,0.0,-22.64892153494101,3.4482758620689653
2.0,0.2,3.0,0.7,12,train,0xf1ee073811b14359d850825e48d200483200edcd,1,0.0,0.0,0.0,0.0,0.0,0.0
2.0,0.2,3.0,0.7,24,test,0x0000000000000000000000000000000000000000,5,0.0,0.0,0.0,0.0,0.0,0.0
2.0,0.2,3.0,0.7,24,test,0x2565055891704afe3e844d5b34a318108ce64144,1,0.0,0.0,0.0,0.0,0.0,0.0
2.0,0.2,3.0,0.7,24,test,0x261b0f5e05eb05c6496728f1ae4969810dbe8a80,1,0.0,0.0,0.0,0.0,0.0,0.0
2.0,0.2,3.0,0.7,24,test,0xe5e702641ea86f4ae6cc3cdaed2b886f976be044,15,13.333333333333334,0.0,-3.3651679346268826,0.0,-14.615119797594991,0.0
2.0,0.2,3.0,0.7,24,train,0x0000000000000000000000000000000000000000,17,5.88235294117647,0.0,-0.11705882352941194,0.0,0.0,0.0
2.0,0.2,3.0,0.7,24,train,0x00d18bc3fab01162f43f20c071559795fcaf4144,1,0.0,0.0,0.0,0.0,0.0,0.0
2.0,0.2,3.0,0.7,24,train,0x1e8bbf00d265e08a27e91bfbc1f9a4073c4b4144,1,0.0,0.0,0.0,0.0,0.0,0.0
2.0,0.2,3.0,0.7,24,train,0x332f85e7e323214b2d55286414b059ebb1f2a044,1,0.0,0.0,0.0,0.0,0.0,0.0
2.0,0.2,3.0,0.7,24,train,0x3ad9e44cb65e518e452bfcb78952ca45b66a8a80,1,0.0,0.0,0.0,0.0,0.0,0.0
2.0,0.2,3.0,0.7,24,train,0x3bf48564e102ddf0ffd19c998e6132eee8be5000,1,0.0,0.0,0.0,0.0,0.0,0.0
2.0,0.2,3.0,0.7,24,train,0x4e3468951d49f2eea976ed0d6e75ffcb44a9a544,2,0.0,0.0,0.0,0.0,0.0,0.0
2.0,0.2,3.0,0.7,24,train,0x6eaae6b721b6c896bbfc30d3a7f4999d5a94ca80,1,0.0,0.0,0.0,0.0,0.0,0.0
2.0,0.2,3.0,0.7,24,train,0x718793b91da00b21e5b11e89de3ec9b9b6234144,1,0.0,0.0,0.0,0.0,0.0,0.0
2.0,0.2,3.0,0.7,24,train,0x72cecfc6d9a07117d5d207537e0bfd4bdfdac0cc,1,0.0,0.0,0.0,0.0,0.0,0.0
2.0,0.2,3.0,0.7,24,train,0x75a54357d9c78a2db19004a5fdc76c50f9242aec,1,0.0,0.0,0.0,0.0,0.0,0.0
2.0,0.2,3.0,0.7,24,train,0xbc4397b7f01f347b7dfa35276ca73203f3348a80,1,0.0,0.0,0.0,0.0,0.0,0.0
2.0,0.2,3.0,0.7,24,train,0xbe3e194f0069013ae4a860b6c152131b2032c0cc,1,0.0,0.0,0.0,0.0,0.0,0.0
2.0,0.2,3.0,0.7,24,train,0xc7e90a703b7ca435089cb90b8b770353e52b0a80,1,0.0,0.0,0.0,0.0,0.0,0.0
2.0,0.2,3.0,0.7,24,train,0xe0a5a3ba19a680a72be08c39c5de4dddb1fe05c7,1,0.0,0.0,0.0,0.0,0.0,0.0
2.0,0.2,3.0,0.7,24,train,0xe5e702641ea86f4ae6cc3cdaed2b886f976be044,58,15.517241379310345,3.4482758620689653,-1.7446838488404577,0.0,-22.64892153494101,3.4482758620689653
2.0,0.2,3.0,0.7,24,train,0xf1ee073811b14359d850825e48d200483200edcd,1,0.0,0.0,0.0,0.0,0.0,0.0
2.0,0.3,1.5,0.4,6,test,0x0000000000000000000000000000000000000000,5,0.0,0.0,0.0,0.0,0.0,0.0
2.0,0.3,1.5,0.4,6,test,0x2565055891704afe3e844d5b34a318108ce64144,1,0.0,0.0,0.0,0.0,0.0,0.0
2.0,0.3,1.5,0.4,6,test,0x261b0f5e05eb05c6496728f1ae4969810dbe8a80,1,0.0,0.0,0.0,0.0,0.0,0.0
2.0,0.3,1.5,0.4,6,test,0xe5e702641ea86f4ae6cc3cdaed2b886f976be044,15,13.333333333333334,0.0,-4.71916290644271,0.0,-19.396725575320566,0.0
2.0,0.3,1.5,0.4,6,train,0x0000000000000000000000000000000000000000,17,5.88235294117647,0.0,-0.11705882352941194,0.0,0.0,0.0
2.0,0.3,1.5,0.4,6,train,0x00d18bc3fab01162f43f20c071559795fcaf4144,1,0.0,0.0,0.0,0.0,0.0,0.0
2.0,0.3,1.5,0.4,6,train,0x1e8bbf00d265e08a27e91bfbc1f9a4073c4b4144,1,0.0,0.0,0.0,0.0,0.0,0.0
2.0,0.3,1.5,0.4,6,train,0x332f85e7e323214b2d55286414b059ebb1f2a044,1,0.0,0.0,0.0,0.0,0.0,0.0
2.0,0.3,1.5,0.4,6,train,0x3ad9e44cb65e518e452bfcb78952ca45b66a8a80,1,0.0,0.0,0.0,0.0,0.0,0.0
2.0,0.3,1.5,0.4,6,train,0x3bf48564e102ddf0ffd19c998e6132eee8be5000,1,0.0,0.0,0.0,0.0,0.0,0.0
2.0,0.3,1.5,0.4,6,train,0x4e3468951d49f2eea976ed0d6e75ffcb44a9a544,2,0.0,0.0,0.0,0.0,0.0,0.0
2.0,0.3,1.5,0.4,6,train,0x6eaae6b721b6c896bbfc30d3a7f4999d5a94ca80,1,0.0,0.0,0.0,0.0,0.0,0.0
2.0,0.3,1.5,0.4,6,train,0x718793b91da00b21e5b11e89de3ec9b9b6234144,1,0.0,0.0,0.0,0.0,0.0,0.0
2.0,0.3,1.5,0.4,6,train,0x72cecfc6d9a07117d5d207537e0bfd4bdfdac0cc,1,0.0,0.0,0.0,0.0,0.0,0.0
2.0,0.3,1.5,0.4,6,train,0x75a54357d9c78a2db19004a5fdc76c50f9242aec,1,0.0,0.0,0.0,0.0,0.0,0.0
2.0,0.3,1.5,0.4,6,train,0xbc4397b7f01f347b7dfa35276ca73203f3348a80,1,0.0,0.0,0.0,0.0,0.0,0.0
2.0,0.3,1.5,0.4,6,train,0xbe3e194f0069013ae4a860b6c152131b2032c0cc,1,0.0,0.0,0.0,0.0,0.0,0.0
2.0,0.3,1.5,0.4,6,train,0xc7e90a703b7ca435089cb90b8b770353e52b0a80,1,0.0,0.0,0.0,0.0,0.0,0.0
2.0,0.3,1.5,0.4,6,train,0xe0a5a3ba19a680a72be08c39c5de4dddb1fe05c7,1,0.0,0.0,0.0,0.0,0.0,0.0
2.0,0.3,1.5,0.4,6,train,0xe5e702641ea86f4ae6cc3cdaed2b886f976be044,58,15.517241379310345,6.896551724137931,-0.29223687456596315,0.0,0.0,6.896551724137931
2.0,0.3,1.5,0.4,6,train,0xf1ee073811b14359d850825e48d200483200edcd,1,0.0,0.0,0.0,0.0,0.0,0.0
2.0,0.3,1.5,0.4,12,test,0x0000000000000000000000000000000000000000,5,0.0,0.0,0.0,0.0,0.0,0.0
2.0,0.3,1.5,0.4,12,test,0x2565055891704afe3e844d5b34a318108ce64144,1,0.0,0.0,0.0,0.0,0.0,0.0
2.0,0.3,1.5,0.4,12,test,0x261b0f5e05eb05c6496728f1ae4969810dbe8a80,1,0.0,0.0,0.0,0.0,0.0,0.0
2.0,0.3,1.5,0.4,12,test,0xe5e702641ea86f4ae6cc3cdaed2b886f976be044,15,13.333333333333334,0.0,-4.71916290644271,0.0,-19.396725575320566,0.0
2.0,0.3,1.5,0.4,12,train,0x0000000000000000000000000000000000000000,17,5.88235294117647,0.0,-0.11705882352941194,0.0,0.0,0.0
2.0,0.3,1.5,0.4,12,train,0x00d18bc3fab01162f43f20c071559795fcaf4144,1,0.0,0.0,0.0,0.0,0.0,0.0
2.0,0.3,1.5,0.4,12,train,0x1e8bbf00d265e08a27e91bfbc1f9a4073c4b4144,1,0.0,0.0,0.0,0.0,0.0,0.0
2.0,0.3,1.5,0.4,12,train,0x332f85e7e323214b2d55286414b059ebb1f2a044,1,0.0,0.0,0.0,0.0,0.0,0.0
2.0,0.3,1.5,0.4,12,train,0x3ad9e44cb65e518e452bfcb78952ca45b66a8a80,1,0.0,0.0,0.0,0.0,0.0,0.0
2.0,0.3,1.5,0.4,12,train,0x3bf48564e102ddf0ffd19c998e6132eee8be5000,1,0.0,0.0,0.0,0.0,0.0,0.0
2.0,0.3,1.5,0.4,12,train,0x4e3468951d49f2eea976ed0d6e75ffcb44a9a544,2,0.0,0.0,0.0,0.0,0.0,0.0
2.0,0.3,1.5,0.4,12,train,0x6eaae6b721b6c896bbfc30d3a7f4999d5a94ca80,1,0.0,0.0,0.0,0.0,0.0,0.0
2.0,0.3,1.5,0.4,12,train,0x718793b91da00b21e5b11e89de3ec9b9b6234144,1,0.0,0.0,0.0,0.0,0.0,0.0
2.0,0.3,1.5,0.4,12,train,0x72cecfc6d9a07117d5d207537e0bfd4bdfdac0cc,1,0.0,0.0,0.0,0.0,0.0,0.0
2.0,0.3,1.5,0.4,12,train,0x75a54357d9c78a2db19004a5fdc76c50f9242aec,1,0.0,0.0,0.0,0.0,0.0,0.0
2.0,0.3,1.5,0.4,12,train,0xbc4397b7f01f347b7dfa35276ca73203f3348a80,1,0.0,0.0,0.0,0.0,0.0,0.0
2.0,0.3,1.5,0.4,12,train,0xbe3e194f0069013ae4a860b6c152131b2032c0cc,1,0.0,0.0,0.0,0.0,0.0,0.0
2.0,0.3,1.5,0.4,12,train,0xc7e90a703b7ca435089cb90b8b770353e52b0a80,1,0.0,0.0,0.0,0.0,0.0,0.0
2.0,0.3,1.5,0.4,12,train,0xe0a5a3ba19a680a72be08c39c5de4dddb1fe05c7,1,0.0,0.0,0.0,0.0,0.0,0.0
2.0,0.3,1.5,0.4,12,train,0xe5e702641ea86f4ae6cc3cdaed2b886f976be044,58,15.517241379310345,6.896551724137931,-0.29223687456596315,0.0,0.0,6.896551724137931
2.0,0.3,1.5,0.4,12,train,0xf1ee073811b14359d850825e48d200483200edcd,1,0.0,0.0,0.0,0.0,0.0,0.0
2.0,0.3,1.5,0.4,24,test,0x0000000000000000000000000000000000000000,5,0.0,0.0,0.0,0.0,0.0,0.0
2.0,0.3,1.5,0.4,24,test,0x2565055891704afe3e844d5b34a318108ce64144,1,0.0,0.0,0.0,0.0,0.0,0.0
2.0,0.3,1.5,0.4,24,test,0x261b0f5e05eb05c6496728f1ae4969810dbe8a80,1,0.0,0.0,0.0,0.0,0.0,0.0
2.0,0.3,1.5,0.4,24,test,0xe5e702641ea86f4ae6cc3cdaed2b886f976be044,15,13.333333333333334,0.0,-4.71916290644271,0.0,-19.396725575320566,0.0
2.0,0.3,1.5,0.4,24,train,0x0000000000000000000000000000000000000000,17,5.88235294117647,0.0,-0.11705882352941194,0.0,0.0,0.0
2.0,0.3,1.5,0.4,24,train,0x00d18bc3fab01162f43f20c071559795fcaf4144,1,0.0,0.0,0.0,0.0,0.0,0.0
2.0,0.3,1.5,0.4,24,train,0x1e8bbf00d265e08a27e91bfbc1f9a4073c4b4144,1,0.0,0.0,0.0,0.0,0.0,0.0
2.0,0.3,1.5,0.4,24,train,0x332f85e7e323214b2d55286414b059ebb1f2a044,1,0.0,0.0,0.0,0.0,0.0,0.0
2.0,0.3,1.5,0.4,24,train,0x3ad9e44cb65e518e452bfcb78952ca45b66a8a80,1,0.0,0.0,0.0,0.0,0.0,0.0
2.0,0.3,1.5,0.4,24,train,0x3bf48564e102ddf0ffd19c998e6132eee8be5000,1,0.0,0.0,0.0,0.0,0.0,0.0
2.0,0.3,1.5,0.4,24,train,0x4e3468951d49f2eea976ed0d6e75ffcb44a9a544,2,0.0,0.0,0.0,0.0,0.0,0.0
2.0,0.3,1.5,0.4,24,train,0x6eaae6b721b6c896bbfc30d3a7f4999d5a94ca80,1,0.0,0.0,0.0,0.0,0.0,0.0
2.0,0.3,1.5,0.4,24,train,0x718793b91da00b21e5b11e89de3ec9b9b6234144,1,0.0,0.0,0.0,0.0,0.0,0.0
2.0,0.3,1.5,0.4,24,train,0x72cecfc6d9a07117d5d207537e0bfd4bdfdac0cc,1,0.0,0.0,0.0,0.0,0.0,0.0
2.0,0.3,1.5,0.4,24,train,0x75a54357d9c78a2db19004a5fdc76c50f9242aec,1,0.0,0.0,0.0,0.0,0.0,0.0
2.0,0.3,1.5,0.4,24,train,0xbc4397b7f01f347b7dfa35276ca73203f3348a80,1,0.0,0.0,0.0,0.0,0.0,0.0
2.0,0.3,1.5,0.4,24,train,0xbe3e194f0069013ae4a860b6c152131b2032c0cc,1,0.0,0.0,0.0,0.0,0.0,0.0
2.0,0.3,1.5,0.4,24,train,0xc7e90a703b7ca435089cb90b8b770353e52b0a80,1,0.0,0.0,0.0,0.0,0.0,0.0
2.0,0.3,1.5,0.4,24,train,0xe0a5a3ba19a680a72be08c39c5de4dddb1fe05c7,1,0.0,0.0,0.0,0.0,0.0,0.0
2.0,0.3,1.5,0.4,24,train,0xe5e702641ea86f4ae6cc3cdaed2b886f976be044,58,15.517241379310345,6.896551724137931,-0.29223687456596315,0.0,0.0,6.896551724137931
2.0,0.3,1.5,0.4,24,train,0xf1ee073811b14359d850825e48d200483200edcd,1,0.0,0.0,0.0,0.0,0.0,0.0
2.0,0.3,1.5,0.55,6,test,0x0000000000000000000000000000000000000000,5,0.0,0.0,0.0,0.0,0.0,0.0
2.0,0.3,1.5,0.55,6,test,0x2565055891704afe3e844d5b34a318108ce64144,1,0.0,0.0,0.0,0.0,0.0,0.0
2.0,0.3,1.5,0.55,6,test,0x261b0f5e05eb05c6496728f1ae4969810dbe8a80,1,0.0,0.0,0.0,0.0,0.0,0.0
2.0,0.3,1.5,0.55,6,test,0xe5e702641ea86f4ae6cc3cdaed2b886f976be044,15,13.333333333333334,0.0,-4.71916290644271,0.0,-19.396725575320566,0.0
2.0,0.3,1.5,0.55,6,train,0x0000000000000000000000000000000000000000,17,5.88235294117647,0.0,-0.11705882352941194,0.0,0.0,0.0
2.0,0.3,1.5,0.55,6,train,0x00d18bc3fab01162f43f20c071559795fcaf4144,1,0.0,0.0,0.0,0.0,0.0,0.0
2.0,0.3,1.5,0.55,6,train,0x1e8bbf00d265e08a27e91bfbc1f9a4073c4b4144,1,0.0,0.0,0.0,0.0,0.0,0.0
2.0,0.3,1.5,0.55,6,train,0x332f85e7e323214b2d55286414b059ebb1f2a044,1,0.0,0.0,0.0,0.0,0.0,0.0
2.0,0.3,1.5,0.55,6,train,0x3ad9e44cb65e518e452bfcb78952ca45b66a8a80,1,0.0,0.0,0.0,0.0,0.0,0.0
2.0,0.3,1.5,0.55,6,train,0x3bf48564e102ddf0ffd19c998e6132eee8be5000,1,0.0,0.0,0.0,0.0,0.0,0.0
2.0,0.3,1.5,0.55,6,train,0x4e3468951d49f2eea976ed0d6e75ffcb44a9a544,2,0.0,0.0,0.0,0.0,0.0,0.0
2.0,0.3,1.5,0.55,6,train,0x6eaae6b721b6c896bbfc30d3a7f4999d5a94ca80,1,0.0,0.0,0.0,0.0,0.0,0.0
2.0,0.3,1.5,0.55,6,train,0x718793b91da00b21e5b11e89de3ec9b9b6234144,1,0.0,0.0,0.0,0.0,0.0,0.0
2.0,0.3,1.5,0.55,6,train,0x72cecfc6d9a07117d5d207537e0bfd4bdfdac0cc,1,0.0,0.0,0.0,0.0,0.0,0.0
2.0,0.3,1.5,0.55,6,train,0x75a54357d9c78a2db19004a5fdc76c50f9242aec,1,0.0,0.0,0.0,0.0,0.0,0.0
2.0,0.3,1.5,0.55,6,train,0xbc4397b7f01f347b7dfa35276ca73203f3348a80,1,0.0,0.0,0.0,0.0,0.0,0.0
2.0,0.3,1.5,0.55,6,train,0xbe3e194f0069013ae4a860b6c152131b2032c0cc,1,0.0,0.0,0.0,0.0,0.0,0.0
2.0,0.3,1.5,0.55,6,train,0xc7e90a703b7ca435089cb90b8b770353e52b0a80,1,0.0,0.0,0.0,0.0,0.0,0.0
2.0,0.3,1.5,0.55,6,train,0xe0a5a3ba19a680a72be08c39c5de4dddb1fe05c7,1,0.0,0.0,0.0,0.0,0.0,0.0
2.0,0.3,1.5,0.55,6,train,0xe5e702641ea86f4ae6cc3cdaed2b886f976be044,58,15.517241379310345,6.896551724137931,-0.6889995220155608,0.0,0.0,6.896551724137931
2.0,0.3,1.5,0.55,6,train,0xf1ee073811b14359d850825e48d200483200edcd,1,0.0,0.0,0.0,0.0,0.0,0.0
2.0,0.3,1.5,0.55,12,test,0x0000000000000000000000000000000000000000,5,0.0,0.0,0.0,0.0,0.0,0.0
2.0,0.3,1.5,0.55,12,test,0x2565055891704afe3e844d5b34a318108ce64144,1,0.0,0.0,0.0,0.0,0.0,0.0
2.0,0.3,1.5,0.55,12,test,0x261b0f5e05eb05c6496728f1ae4969810dbe8a80,1,0.0,0.0,0.0,0.0,0.0,0.0
2.0,0.3,1.5,0.55,12,test,0xe5e702641ea86f4ae6cc3cdaed2b886f976be044,15,13.333333333333334,0.0,-4.71916290644271,0.0,-19.396725575320566,0.0
2.0,0.3,1.5,0.55,12,train,0x0000000000000000000000000000000000000000,17,5.88235294117647,0.0,-0.11705882352941194,0.0,0.0,0.0
2.0,0.3,1.5,0.55,12,train,0x00d18bc3fab01162f43f20c071559795fcaf4144,1,0.0,0.0,0.0,0.0,0.0,0.0
2.0,0.3,1.5,0.55,12,train,0x1e8bbf00d265e08a27e91bfbc1f9a4073c4b4144,1,0.0,0.0,0.0,0.0,0.0,0.0
2.0,0.3,1.5,0.55,12,train,0x332f85e7e323214b2d55286414b059ebb1f2a044,1,0.0,0.0,0.0,0.0,0.0,0.0
2.0,0.3,1.5,0.55,12,train,0x3ad9e44cb65e518e452bfcb78952ca45b66a8a80,1,0.0,0.0,0.0,0.0,0.0,0.0
2.0,0.3,1.5,0.55,12,train,0x3bf48564e102ddf0ffd19c998e6132eee8be5000,1,0.0,0.0,0.0,0.0,0.0,0.0
2.0,0.3,1.5,0.55,12,train,0x4e3468951d49f2eea976ed0d6e75ffcb44a9a544,2,0.0,0.0,0.0,0.0,0.0,0.0
2.0,0.3,1.5,0.55,12,train,0x6eaae6b721b6c896bbfc30d3a7f4999d5a94ca80,1,0.0,0.0,0.0,0.0,0.0,0.0
2.0,0.3,1.5,0.55,12,train,0x718793b91da00b21e5b11e89de3ec9b9b6234144,1,0.0,0.0,0.0,0.0,0.0,0.0
2.0,0.3,1.5,0.55,12,train,0x72cecfc6d9a07117d5d207537e0bfd4bdfdac0cc,1,0.0,0.0,0.0,0.0,0.0,0.0
2.0,0.3,1.5,0.55,12,train,0x75a54357d9c78a2db19004a5fdc76c50f9242aec,1,0.0,0.0,0.0,0.0,0.0,0.0
2.0,0.3,1.5,0.55,12,train,0xbc4397b7f01f347b7dfa35276ca73203f3348a80,1,0.0,0.0,0.0,0.0,0.0,0.0
2.0,0.3,1.5,0.55,12,train,0xbe3e194f0069013ae4a860b6c152131b2032c0cc,1,0.0,0.0,0.0,0.0,0.0,0.0
2.0,0.3,1.5,0.55,12,train,0xc7e90a703b7ca435089cb90b8b770353e52b0a80,1,0.0,0.0,0.0,0.0,0.0,0.0
2.0,0.3,1.5,0.55,12,train,0xe0a5a3ba19a680a72be08c39c5de4dddb1fe05c7,1,0.0,0.0,0.0,0.0,0.0,0.0
2.0,0.3,1.5,0.55,12,train,0xe5e702641ea86f4ae6cc3cdaed2b886f976be044,58,15.517241379310345,6.896551724137931,-0.6889995220155608,0.0,0.0,6.896551724137931
2.0,0.3,1.5,0.55,12,train,0xf1ee073811b14359d850825e48d200483200edcd,1,0.0,0.0,0.0,0.0,0.0,0.0
2.0,0.3,1.5,0.55,24,test,0x0000000000000000000000000000000000000000,5,0.0,0.0,0.0,0.0,0.0,0.0
2.0,0.3,1.5,0.55,24,test,0x2565055891704afe3e844d5b34a318108ce64144,1,0.0,0.0,0.0,0.0,0.0,0.0
2.0,0.3,1.5,0.55,24,test,0x261b0f5e05eb05c6496728f1ae4969810dbe8a80,1,0.0,0.0,0.0,0.0,0.0,0.0
2.0,0.3,1.5,0.55,24,test,0xe5e702641ea86f4ae6cc3cdaed2b886f976be044,15,13.333333333333334,0.0,-4.71916290644271,0.0,-19.396725575320566,0.0
2.0,0.3,1.5,0.55,24,train,0x0000000000000000000000000000000000000000,17,5.88235294117647,0.0,-0.11705882352941194,0.0,0.0,0.0
2.0,0.3,1.5,0.55,24,train,0x00d18bc3fab01162f43f20c071559795fcaf4144,1,0.0,0.0,0.0,0.0,0.0,0.0
2.0,0.3,1.5,0.55,24,train,0x1e8bbf00d265e08a27e91bfbc1f9a4073c4b4144,1,0.0,0.0,0.0,0.0,0.0,0.0
2.0,0.3,1.5,0.55,24,train,0x332f85e7e323214b2d55286414b059ebb1f2a044,1,0.0,0.0,0.0,0.0,0.0,0.0
2.0,0.3,1.5,0.55,24,train,0x3ad9e44cb65e518e452bfcb78952ca45b66a8a80,1,0.0,0.0,0.0,0.0,0.0,0.0
2.0,0.3,1.5,0.55,24,train,0x3bf48564e102ddf0ffd19c998e6132eee8be5000,1,0.0,0.0,0.0,0.0,0.0,0.0
2.0,0.3,1.5,0.55,24,train,0x4e3468951d49f2eea976ed0d6e75ffcb44a9a544,2,0.0,0.0,0.0,0.0,0.0,0.0
2.0,0.3,1.5,0.55,24,train,0x6eaae6b721b6c896bbfc30d3a7f4999d5a94ca80,1,0.0,0.0,0.0,0.0,0.0,0.0
2.0,0.3,1.5,0.55,24,train,0x718793b91da00b21e5b11e89de3ec9b9b6234144,1,0.0,0.0,0.0,0.0,0.0,0.0
2.0,0.3,1.5,0.55,24,train,0x72cecfc6d9a07117d5d207537e0bfd4bdfdac0cc,1,0.0,0.0,0.0,0.0,0.0,0.0
2.0,0.3,1.5,0.55,24,train,0x75a54357d9c78a2db19004a5fdc76c50f9242aec,1,0.0,0.0,0.0,0.0,0.0,0.0
2.0,0.3,1.5,0.55,24,train,0xbc4397b7f01f347b7dfa35276ca73203f3348a80,1,0.0,0.0,0.0,0.0,0.0,0.0
2.0,0.3,1.5,0.55,24,train,0xbe3e194f0069013ae4a860b6c152131b2032c0cc,1,0.0,0.0,0.0,0.0,0.0,0.0
2.0,0.3,1.5,0.55,24,train,0xc7e90a703b7ca435089cb90b8b770353e52b0a80,1,0.0,0.0,0.0,0.0,0.0,0.0
2.0,0.3,1.5,0.55,24,train,0xe0a5a3ba19a680a72be08c39c5de4dddb1fe05c7,1,0.0,0.0,0.0,0.0,0.0,0.0
2.0,0.3,1.5,0.55,24,train,0xe5e702641ea86f4ae6cc3cdaed2b886f976be044,58,15.517241379310345,6.896551724137931,-0.6889995220155608,0.0,0.0,6.896551724137931
2.0,0.3,1.5,0.55,24,train,0xf1ee073811b14359d850825e48d200483200edcd,1,0.0,0.0,0.0,0.0,0.0,0.0
2.0,0.3,1.5,0.7,6,test,0x0000000000000000000000000000000000000000,5,0.0,0.0,0.0,0.0,0.0,0.0
2.0,0.3,1.5,0.7,6,test,0x2565055891704afe3e844d5b34a318108ce64144,1,0.0,0.0,0.0,0.0,0.0,0.0
2.0,0.3,1.5,0.7,6,test,0x261b0f5e05eb05c6496728f1ae4969810dbe8a80,1,0.0,0.0,0.0,0.0,0.0,0.0
2.0,0.3,1.5,0.7,6,test,0xe5e702641ea86f4ae6cc3cdaed2b886f976be044,15,13.333333333333334,0.0,-4.71916290644271,0.0,-19.396725575320566,0.0
2.0,0.3,1.5,0.7,6,train,0x0000000000000000000000000000000000000000,17,5.88235294117647,0.0,-0.11705882352941194,0.0,0.0,0.0
2.0,0.3,1.5,0.7,6,train,0x00d18bc3fab01162f43f20c071559795fcaf4144,1,0.0,0.0,0.0,0.0,0.0,0.0
2.0,0.3,1.5,0.7,6,train,0x1e8bbf00d265e08a27e91bfbc1f9a4073c4b4144,1,0.0,0.0,0.0,0.0,0.0,0.0
2.0,0.3,1.5,0.7,6,train,0x332f85e7e323214b2d55286414b059ebb1f2a044,1,0.0,0.0,0.0,0.0,0.0,0.0
2.0,0.3,1.5,0.7,6,train,0x3ad9e44cb65e518e452bfcb78952ca45b66a8a80,1,0.0,0.0,0.0,0.0,0.0,0.0
2.0,0.3,1.5,0.7,6,train,0x3bf48564e102ddf0ffd19c998e6132eee8be5000,1,0.0,0.0,0.0,0.0,0.0,0.0
2.0,0.3,1.5,0.7,6,train,0x4e3468951d49f2eea976ed0d6e75ffcb44a9a544,2,0.0,0.0,0.0,0.0,0.0,0.0
2.0,0.3,1.5,0.7,6,train,0x6eaae6b721b6c896bbfc30d3a7f4999d5a94ca80,1,0.0,0.0,0.0,0.0,0.0,0.0
2.0,0.3,1.5,0.7,6,train,0x718793b91da00b21e5b11e89de3ec9b9b6234144,1,0.0,0.0,0.0,0.0,0.0,0.0
2.0,0.3,1.5,0.7,6,train,0x72cecfc6d9a07117d5d207537e0bfd4bdfdac0cc,1,0.0,0.0,0.0,0.0,0.0,0.0
2.0,0.3,1.5,0.7,6,train,0x75a54357d9c78a2db19004a5fdc76c50f9242aec,1,0.0,0.0,0.0,0.0,0.0,0.0
2.0,0.3,1.5,0.7,6,train,0xbc4397b7f01f347b7dfa35276ca73203f3348a80,1,0.0,0.0,0.0,0.0,0.0,0.0
2.0,0.3,1.5,0.7,6,train,0xbe3e194f0069013ae4a860b6c152131b2032c0cc,1,0.0,0.0,0.0,0.0,0.0,0.0
2.0,0.3,1.5,0.7,6,train,0xc7e90a703b7ca435089cb90b8b770353e52b0a80,1,0.0,0.0,0.0,0.0,0.0,0.0
2.0,0.3,1.5,0.7,6,train,0xe0a5a3ba19a680a72be08c39c5de4dddb1fe05c7,1,0.0,0.0,0.0,0.0,0.0,0.0
2.0,0.3,1.5,0.7,6,train,0xe5e702641ea86f4ae6cc3cdaed2b886f976be044,58,15.517241379310345,6.896551724137931,-1.077946515817841,0.0,0.0,6.896551724137931
2.0,0.3,1.5,0.7,6,train,0xf1ee073811b14359d850825e48d200483200edcd,1,0.0,0.0,0.0,0.0,0.0,0.0
2.0,0.3,1.5,0.7,12,test,0x0000000000000000000000000000000000000000,5,0.0,0.0,0.0,0.0,0.0,0.0
2.0,0.3,1.5,0.7,12,test,0x2565055891704afe3e844d5b34a318108ce64144,1,0.0,0.0,0.0,0.0,0.0,0.0
2.0,0.3,1.5,0.7,12,test,0x261b0f5e05eb05c6496728f1ae4969810dbe8a80,1,0.0,0.0,0.0,0.0,0.0,0.0
2.0,0.3,1.5,0.7,12,test,0xe5e702641ea86f4ae6cc3cdaed2b886f976be044,15,13.333333333333334,0.0,-4.71916290644271,0.0,-19.396725575320566,0.0
2.0,0.3,1.5,0.7,12,train,0x0000000000000000000000000000000000000000,17,5.88235294117647,0.0,-0.11705882352941194,0.0,0.0,0.0
2.0,0.3,1.5,0.7,12,train,0x00d18bc3fab01162f43f20c071559795fcaf4144,1,0.0,0.0,0.0,0.0,0.0,0.0
2.0,0.3,1.5,0.7,12,train,0x1e8bbf00d265e08a27e91bfbc1f9a4073c4b4144,1,0.0,0.0,0.0,0.0,0.0,0.0
2.0,0.3,1.5,0.7,12,train,0x332f85e7e323214b2d55286414b059ebb1f2a044,1,0.0,0.0,0.0,0.0,0.0,0.0
2.0,0.3,1.5,0.7,12,train,0x3ad9e44cb65e518e452bfcb78952ca45b66a8a80,1,0.0,0.0,0.0,0.0,0.0,0.0
2.0,0.3,1.5,0.7,12,train,0x3bf48564e102ddf0ffd19c998e6132eee8be5000,1,0.0,0.0,0.0,0.0,0.0,0.0
2.0,0.3,1.5,0.7,12,train,0x4e3468951d49f2eea976ed0d6e75ffcb44a9a544,2,0.0,0.0,0.0,0.0,0.0,0.0
2.0,0.3,1.5,0.7,12,train,0x6eaae6b721b6c896bbfc30d3a7f4999d5a94ca80,1,0.0,0.0,0.0,0.0,0.0,0.0
2.0,0.3,1.5,0.7,12,train,0x718793b91da00b21e5b11e89de3ec9b9b6234144,1,0.0,0.0,0.0,0.0,0.0,0.0
2.0,0.3,1.5,0.7,12,train,0x72cecfc6d9a07117d5d207537e0bfd4bdfdac0cc,1,0.0,0.0,0.0,0.0,0.0,0.0
2.0,0.3,1.5,0.7,12,train,0x75a54357d9c78a2db19004a5fdc76c50f9242aec,1,0.0,0.0,0.0,0.0,0.0,0.0
2.0,0.3,1.5,0.7,12,train,0xbc4397b7f01f347b7dfa35276ca73203f3348a80,1,0.0,0.0,0.0,0.0,0.0,0.0
2.0,0.3,1.5,0.7,12,train,0xbe3e194f0069013ae4a860b6c152131b2032c0cc,1,0.0,0.0,0.0,0.0,0.0,0.0
2.0,0.3,1.5,0.7,12,train,0xc7e90a703b7ca435089cb90b8b770353e52b0a80,1,0.0,0.0,0.0,0.0,0.0,0.0
2.0,0.3,1.5,0.7,12,train,0xe0a5a3ba19a680a72be08c39c5de4dddb1fe05c7,1,0.0,0.0,0.0,0.0,0.0,0.0
2.0,0.3,1.5,0.7,12,train,0xe5e702641ea86f4ae6cc3cdaed2b886f976be044,58,15.517241379310345,6.896551724137931,-1.077946515817841,0.0,0.0,6.896551724137931
2.0,0.3,1.5,0.7,12,train,0xf1ee073811b14359d850825e48d200483200edcd,1,0.0,0.0,0.0,0.0,0.0,0.0
2.0,0.3,1.5,0.7,24,test,0x0000000000000000000000000000000000000000,5,0.0,0.0,0.0,0.0,0.0,0.0
2.0,0.3,1.5,0.7,24,test,0x2565055891704afe3e844d5b34a318108ce64144,1,0.0,0.0,0.0,0.0,0.0,0.0
2.0,0.3,1.5,0.7,24,test,0x261b0f5e05eb05c6496728f1ae4969810dbe8a80,1,0.0,0.0,0.0,0.0,0.0,0.0
2.0,0.3,1.5,0.7,24,test,0xe5e702641ea86f4ae6cc3cdaed2b886f976be044,15,13.333333333333334,0.0,-4.71916290644271,0.0,-19.396725575320566,0.0
2.0,0.3,1.5,0.7,24,train,0x0000000000000000000000000000000000000000,17,5.88235294117647,0.0,-0.11705882352941194,0.0,0.0,0.0
2.0,0.3,1.5,0.7,24,train,0x00d18bc3fab01162f43f20c071559795fcaf4144,1,0.0,0.0,0.0,0.0,0.0,0.0
2.0,0.3,1.5,0.7,24,train,0x1e8bbf00d265e08a27e91bfbc1f9a4073c4b4144,1,0.0,0.0,0.0,0.0,0.0,0.0
2.0,0.3,1.5,0.7,24,train,0x332f85e7e323214b2d55286414b059ebb1f2a044,1,0.0,0.0,0.0,0.0,0.0,0.0
2.0,0.3,1.5,0.7,24,train,0x3ad9e44cb65e518e452bfcb78952ca45b66a8a80,1,0.0,0.0,0.0,0.0,0.0,0.0
2.0,0.3,1.5,0.7,24,train,0x3bf48564e102ddf0ffd19c998e6132eee8be5000,1,0.0,0.0,0.0,0.0,0.0,0.0
2.0,0.3,1.5,0.7,24,train,0x4e3468951d49f2eea976ed0d6e75ffcb44a9a544,2,0.0,0.0,0.0,0.0,0.0,0.0
2.0,0.3,1.5,0.7,24,train,0x6eaae6b721b6c896bbfc30d3a7f4999d5a94ca80,1,0.0,0.0,0.0,0.0,0.0,0.0
2.0,0.3,1.5,0.7,24,train,0x718793b91da00b21e5b11e89de3ec9b9b6234144,1,0.0,0.0,0.0,0.0,0.0,0.0
2.0,0.3,1.5,0.7,24,train,0x72cecfc6d9a07117d5d207537e0bfd4bdfdac0cc,1,0.0,0.0,0.0,0.0,0.0,0.0
2.0,0.3,1.5,0.7,24,train,0x75a54357d9c78a2db19004a5fdc76c50f9242aec,1,0.0,0.0,0.0,0.0,0.0,0.0
2.0,0.3,1.5,0.7,24,train,0xbc4397b7f01f347b7dfa35276ca73203f3348a80,1,0.0,0.0,0.0,0.0,0.0,0.0
2.0,0.3,1.5,0.7,24,train,0xbe3e194f0069013ae4a860b6c152131b2032c0cc,1,0.0,0.0,0.0,0.0,0.0,0.0
2.0,0.3,1.5,0.7,24,train,0xc7e90a703b7ca435089cb90b8b770353e52b0a80,1,0.0,0.0,0.0,0.0,0.0,0.0
2.0,0.3,1.5,0.7,24,train,0xe0a5a3ba19a680a72be08c39c5de4dddb1fe05c7,1,0.0,0.0,0.0,0.0,0.0,0.0
2.0,0.3,1.5,0.7,24,train,0xe5e702641ea86f4ae6cc3cdaed2b886f976be044,58,15.517241379310345,6.896551724137931,-1.077946515817841,0.0,0.0,6.896551724137931
2.0,0.3,1.5,0.7,24,train,0xf1ee073811b14359d850825e48d200483200edcd,1,0.0,0.0,0.0,0.0,0.0,0.0
2.0,0.3,2.0,0.4,6,test,0x0000000000000000000000000000000000000000,5,0.0,0.0,0.0,0.0,0.0,0.0
2.0,0.3,2.0,0.4,6,test,0x2565055891704afe3e844d5b34a318108ce64144,1,0.0,0.0,0.0,0.0,0.0,0.0
2.0,0.3,2.0,0.4,6,test,0x261b0f5e05eb05c6496728f1ae4969810dbe8a80,1,0.0,0.0,0.0,0.0,0.0,0.0
2.0,0.3,2.0,0.4,6,test,0xe5e702641ea86f4ae6cc3cdaed2b886f976be044,15,13.333333333333334,0.0,-4.71916290644271,0.0,-19.396725575320566,0.0
2.0,0.3,2.0,0.4,6,train,0x0000000000000000000000000000000000000000,17,5.88235294117647,0.0,-0.11705882352941194,0.0,0.0,0.0
2.0,0.3,2.0,0.4,6,train,0x00d18bc3fab01162f43f20c071559795fcaf4144,1,0.0,0.0,0.0,0.0,0.0,0.0
2.0,0.3,2.0,0.4,6,train,0x1e8bbf00d265e08a27e91bfbc1f9a4073c4b4144,1,0.0,0.0,0.0,0.0,0.0,0.0
2.0,0.3,2.0,0.4,6,train,0x332f85e7e323214b2d55286414b059ebb1f2a044,1,0.0,0.0,0.0,0.0,0.0,0.0
2.0,0.3,2.0,0.4,6,train,0x3ad9e44cb65e518e452bfcb78952ca45b66a8a80,1,0.0,0.0,0.0,0.0,0.0,0.0
2.0,0.3,2.0,0.4,6,train,0x3bf48564e102ddf0ffd19c998e6132eee8be5000,1,0.0,0.0,0.0,0.0,0.0,0.0
2.0,0.3,2.0,0.4,6,train,0x4e3468951d49f2eea976ed0d6e75ffcb44a9a544,2,0.0,0.0,0.0,0.0,0.0,0.0
2.0,0.3,2.0,0.4,6,train,0x6eaae6b721b6c896bbfc30d3a7f4999d5a94ca80,1,0.0,0.0,0.0,0.0,0.0,0.0
2.0,0.3,2.0,0.4,6,train,0x718793b91da00b21e5b11e89de3ec9b9b6234144,1,0.0,0.0,0.0,0.0,0.0,0.0
2.0,0.3,2.0,0.4,6,train,0x72cecfc6d9a07117d5d207537e0bfd4bdfdac0cc,1,0.0,0.0,0.0,0.0,0.0,0.0
2.0,0.3,2.0,0.4,6,train,0x75a54357d9c78a2db19004a5fdc76c50f9242aec,1,0.0,0.0,0.0,0.0,0.0,0.0
2.0,0.3,2.0,0.4,6,train,0xbc4397b7f01f347b7dfa35276ca73203f3348a80,1,0.0,0.0,0.0,0.0,0.0,0.0
2.0,0.3,2.0,0.4,6,train,0xbe3e194f0069013ae4a860b6c152131b2032c0cc,1,0.0,0.0,0.0,0.0,0.0,0.0
2.0,0.3,2.0,0.4,6,train,0xc7e90a703b7ca435089cb90b8b770353e52b0a80,1,0.0,0.0,0.0,0.0,0.0,0.0
2.0,0.3,2.0,0.4,6,train,0xe0a5a3ba19a680a72be08c39c5de4dddb1fe05c7,1,0.0,0.0,0.0,0.0,0.0,0.0
2.0,0.3,2.0,0.4,6,train,0xe5e702641ea86f4ae6cc3cdaed2b886f976be044,58,15.517241379310345,5.172413793103448,-0.38389608453404134,0.0,-0.3429713156291634,5.172413793103448
2.0,0.3,2.0,0.4,6,train,0xf1ee073811b14359d850825e48d200483200edcd,1,0.0,0.0,0.0,0.0,0.0,0.0
2.0,0.3,2.0,0.4,12,test,0x0000000000000000000000000000000000000000,5,0.0,0.0,0.0,0.0,0.0,0.0
2.0,0.3,2.0,0.4,12,test,0x2565055891704afe3e844d5b34a318108ce64144,1,0.0,0.0,0.0,0.0,0.0,0.0
2.0,0.3,2.0,0.4,12,test,0x261b0f5e05eb05c6496728f1ae4969810dbe8a80,1,0.0,0.0,0.0,0.0,0.0,0.0
2.0,0.3,2.0,0.4,12,test,0xe5e702641ea86f4ae6cc3cdaed2b886f976be044,15,13.333333333333334,0.0,-4.71916290644271,0.0,-19.396725575320566,0.0
2.0,0.3,2.0,0.4,12,train,0x0000000000000000000000000000000000000000,17,5.88235294117647,0.0,-0.11705882352941194,0.0,0.0,0.0
2.0,0.3,2.0,0.4,12,train,0x00d18bc3fab01162f43f20c071559795fcaf4144,1,0.0,0.0,0.0,0.0,0.0,0.0
2.0,0.3,2.0,0.4,12,train,0x1e8bbf00d265e08a27e91bfbc1f9a4073c4b4144,1,0.0,0.0,0.0,0.0,0.0,0.0
2.0,0.3,2.0,0.4,12,train,0x332f85e7e323214b2d55286414b059ebb1f2a044,1,0.0,0.0,0.0,0.0,0.0,0.0
2.0,0.3,2.0,0.4,12,train,0x3ad9e44cb65e518e452bfcb78952ca45b66a8a80,1,0.0,0.0,0.0,0.0,0.0,0.0
2.0,0.3,2.0,0.4,12,train,0x3bf48564e102ddf0ffd19c998e6132eee8be5000,1,0.0,0.0,0.0,0.0,0.0,0.0
2.0,0.3,2.0,0.4,12,train,0x4e3468951d49f2eea976ed0d6e75ffcb44a9a544,2,0.0,0.0,0.0,0.0,0.0,0.0
2.0,0.3,2.0,0.4,12,train,0x6eaae6b721b6c896bbfc30d3a7f4999d5a94ca80,1,0.0,0.0,0.0,0.0,0.0,0.0
2.0,0.3,2.0,0.4,12,train,0x718793b91da00b21e5b11e89de3ec9b9b6234144,1,0.0,0.0,0.0,0.0,0.0,0.0
2.0,0.3,2.0,0.4,12,train,0x72cecfc6d9a07117d5d207537e0bfd4bdfdac0cc,1,0.0,0.0,0.0,0.0,0.0,0.0
2.0,0.3,2.0,0.4,12,train,0x75a54357d9c78a2db19004a5fdc76c50f9242aec,1,0.0,0.0,0.0,0.0,0.0,0.0
2.0,0.3,2.0,0.4,12,train,0xbc4397b7f01f347b7dfa35276ca73203f3348a80,1,0.0,0.0,0.0,0.0,0.0,0.0
2.0,0.3,2.0,0.4,12,train,0xbe3e194f0069013ae4a860b6c152131b2032c0cc,1,0.0,0.0,0.0,0.0,0.0,0.0
2.0,0.3,2.0,0.4,12,train,0xc7e90a703b7ca435089cb90b8b770353e52b0a80,1,0.0,0.0,0.0,0.0,0.0,0.0
2.0,0.3,2.0,0.4,12,train,0xe0a5a3ba19a680a72be08c39c5de4dddb1fe05c7,1,0.0,0.0,0.0,0.0,0.0,0.0
2.0,0.3,2.0,0.4,12,train,0xe5e702641ea86f4ae6cc3cdaed2b886f976be044,58,15.517241379310345,5.172413793103448,-0.48726507026808547,0.0,-2.141591667401525,5.172413793103448
2.0,0.3,2.0,0.4,12,train,0xf1ee073811b14359d850825e48d200483200edcd,1,0.0,0.0,0.0,0.0,0.0,0.0
2.0,0.3,2.0,0.4,24,test,0x0000000000000000000000000000000000000000,5,0.0,0.0,0.0,0.0,0.0,0.0
2.0,0.3,2.0,0.4,24,test,0x2565055891704afe3e844d5b34a318108ce64144,1,0.0,0.0,0.0,0.0,0.0,0.0
2.0,0.3,2.0,0.4,24,test,0x261b0f5e05eb05c6496728f1ae4969810dbe8a80,1,0.0,0.0,0.0,0.0,0.0,0.0
2.0,0.3,2.0,0.4,24,test,0xe5e702641ea86f4ae6cc3cdaed2b886f976be044,15,13.333333333333334,0.0,-4.71916290644271,0.0,-19.396725575320566,0.0
2.0,0.3,2.0,0.4,24,train,0x0000000000000000000000000000000000000000,17,5.88235294117647,0.0,-0.11705882352941194,0.0,0.0,0.0
2.0,0.3,2.0,0.4,24,train,0x00d18bc3fab01162f43f20c071559795fcaf4144,1,0.0,0.0,0.0,0.0,0.0,0.0
2.0,0.3,2.0,0.4,24,train,0x1e8bbf00d265e08a27e91bfbc1f9a4073c4b4144,1,0.0,0.0,0.0,0.0,0.0,0.0
2.0,0.3,2.0,0.4,24,train,0x332f85e7e323214b2d55286414b059ebb1f2a044,1,0.0,0.0,0.0,0.0,0.0,0.0
2.0,0.3,2.0,0.4,24,train,0x3ad9e44cb65e518e452bfcb78952ca45b66a8a80,1,0.0,0.0,0.0,0.0,0.0,0.0
2.0,0.3,2.0,0.4,24,train,0x3bf48564e102ddf0ffd19c998e6132eee8be5000,1,0.0,0.0,0.0,0.0,0.0,0.0
2.0,0.3,2.0,0.4,24,train,0x4e3468951d49f2eea976ed0d6e75ffcb44a9a544,2,0.0,0.0,0.0,0.0,0.0,0.0
2.0,0.3,2.0,0.4,24,train,0x6eaae6b721b6c896bbfc30d3a7f4999d5a94ca80,1,0.0,0.0,0.0,0.0,0.0,0.0
2.0,0.3,2.0,0.4,24,train,0x718793b91da00b21e5b11e89de3ec9b9b6234144,1,0.0,0.0,0.0,0.0,0.0,0.0
2.0,0.3,2.0,0.4,24,train,0x72cecfc6d9a07117d5d207537e0bfd4bdfdac0cc,1,0.0,0.0,0.0,0.0,0.0,0.0
2.0,0.3,2.0,0.4,24,train,0x75a54357d9c78a2db19004a5fdc76c50f9242aec,1,0.0,0.0,0.0,0.0,0.0,0.0
2.0,0.3,2.0,0.4,24,train,0xbc4397b7f01f347b7dfa35276ca73203f3348a80,1,0.0,0.0,0.0,0.0,0.0,0.0
2.0,0.3,2.0,0.4,24,train,0xbe3e194f0069013ae4a860b6c152131b2032c0cc,1,0.0,0.0,0.0,0.0,0.0,0.0
2.0,0.3,2.0,0.4,24,train,0xc7e90a703b7ca435089cb90b8b770353e52b0a80,1,0.0,0.0,0.0,0.0,0.0,0.0
2.0,0.3,2.0,0.4,24,train,0xe0a5a3ba19a680a72be08c39c5de4dddb1fe05c7,1,0.0,0.0,0.0,0.0,0.0,0.0
2.0,0.3,2.0,0.4,24,train,0xe5e702641ea86f4ae6cc3cdaed2b886f976be044,58,15.517241379310345,6.896551724137931,0.9488648643435281,0.0,0.0,6.896551724137931
2.0,0.3,2.0,0.4,24,train,0xf1ee073811b14359d850825e48d200483200edcd,1,0.0,0.0,0.0,0.0,0.0,0.0
2.0,0.3,2.0,0.55,6,test,0x0000000000000000000000000000000000000000,5,0.0,0.0,0.0,0.0,0.0,0.0
2.0,0.3,2.0,0.55,6,test,0x2565055891704afe3e844d5b34a318108ce64144,1,0.0,0.0,0.0,0.0,0.0,0.0
2.0,0.3,2.0,0.55,6,test,0x261b0f5e05eb05c6496728f1ae4969810dbe8a80,1,0.0,0.0,0.0,0.0,0.0,0.0
2.0,0.3,2.0,0.55,6,test,0xe5e702641ea86f4ae6cc3cdaed2b886f976be044,15,13.333333333333334,0.0,-4.71916290644271,0.0,-19.396725575320566,0.0
2.0,0.3,2.0,0.55,6,train,0x0000000000000000000000000000000000000000,17,5.88235294117647,0.0,-0.11705882352941194,0.0,0.0,0.0
2.0,0.3,2.0,0.55,6,train,0x00d18bc3fab01162f43f20c071559795fcaf4144,1,0.0,0.0,0.0,0.0,0.0,0.0
2.0,0.3,2.0,0.55,6,train,0x1e8bbf00d265e08a27e91bfbc1f9a4073c4b4144,1,0.0,0.0,0.0,0.0,0.0,0.0
2.0,0.3,2.0,0.55,6,train,0x332f85e7e323214b2d55286414b059ebb1f2a044,1,0.0,0.0,0.0,0.0,0.0,0.0
2.0,0.3,2.0,0.55,6,train,0x3ad9e44cb65e518e452bfcb78952ca45b66a8a80,1,0.0,0.0,0.0,0.0,0.0,0.0
2.0,0.3,2.0,0.55,6,train,0x3bf48564e102ddf0ffd19c998e6132eee8be5000,1,0.0,0.0,0.0,0.0,0.0,0.0
2.0,0.3,2.0,0.55,6,train,0x4e3468951d49f2eea976ed0d6e75ffcb44a9a544,2,0.0,0.0,0.0,0.0,0.0,0.0
2.0,0.3,2.0,0.55,6,train,0x6eaae6b721b6c896bbfc30d3a7f4999d5a94ca80,1,0.0,0.0,0.0,0.0,0.0,0.0
2.0,0.3,2.0,0.55,6,train,0x718793b91da00b21e5b11e89de3ec9b9b6234144,1,0.0,0.0,0.0,0.0,0.0,0.0
2.0,0.3,2.0,0.55,6,train,0x72cecfc6d9a07117d5d207537e0bfd4bdfdac0cc,1,0.0,0.0,0.0,0.0,0.0,0.0
2.0,0.3,2.0,0.55,6,train,0x75a54357d9c78a2db19004a5fdc76c50f9242aec,1,0.0,0.0,0.0,0.0,0.0,0.0
2.0,0.3,2.0,0.55,6,train,0xbc4397b7f01f347b7dfa35276ca73203f3348a80,1,0.0,0.0,0.0,0.0,0.0,0.0
2.0,0.3,2.0,0.55,6,train,0xbe3e194f0069013ae4a860b6c152131b2032c0cc,1,0.0,0.0,0.0,0.0,0.0,0.0
2.0,0.3,2.0,0.55,6,train,0xc7e90a703b7ca435089cb90b8b770353e52b0a80,1,0.0,0.0,0.0,0.0,0.0,0.0
2.0,0.3,2.0,0.55,6,train,0xe0a5a3ba19a680a72be08c39c5de4dddb1fe05c7,1,0.0,0.0,0.0,0.0,0.0,0.0
2.0,0.3,2.0,0.55,6,train,0xe5e702641ea86f4ae6cc3cdaed2b886f976be044,58,15.517241379310345,5.172413793103448,-0.9467546730576708,0.0,-0.3429713156291634,5.172413793103448
2.0,0.3,2.0,0.55,6,train,0xf1ee073811b14359d850825e48d200483200edcd,1,0.0,0.0,0.0,0.0,0.0,0.0
2.0,0.3,2.0,0.55,12,test,0x0000000000000000000000000000000000000000,5,0.0,0.0,0.0,0.0,0.0,0.0
2.0,0.3,2.0,0.55,12,test,0x2565055891704afe3e844d5b34a318108ce64144,1,0.0,0.0,0.0,0.0,0.0,0.0
2.0,0.3,2.0,0.55,12,test,0x261b0f5e05eb05c6496728f1ae4969810dbe8a80,1,0.0,0.0,0.0,0.0,0.0,0.0
2.0,0.3,2.0,0.55,12,test,0xe5e702641ea86f4ae6cc3cdaed2b886f976be044,15,13.333333333333334,0.0,-4.71916290644271,0.0,-19.396725575320566,0.0
2.0,0.3,2.0,0.55,12,train,0x0000000000000000000000000000000000000000,17,5.88235294117647,0.0,-0.11705882352941194,0.0,0.0,0.0
2.0,0.3,2.0,0.55,12,train,0x00d18bc3fab01162f43f20c071559795fcaf4144,1,0.0,0.0,0.0,0.0,0.0,0.0
2.0,0.3,2.0,0.55,12,train,0x1e8bbf00d265e08a27e91bfbc1f9a4073c4b4144,1,0.0,0.0,0.0,0.0,0.0,0.0
2.0,0.3,2.0,0.55,12,train,0x332f85e7e323214b2d55286414b059ebb1f2a044,1,0.0,0.0,0.0,0.0,0.0,0.0
2.0,0.3,2.0,0.55,12,train,0x3ad9e44cb65e518e452bfcb78952ca45b66a8a80,1,0.0,0.0,0.0,0.0,0.0,0.0
2.0,0.3,2.0,0.55,12,train,0x3bf48564e102ddf0ffd19c998e6132eee8be5000,1,0.0,0.0,0.0,0.0,0.0,0.0
2.0,0.3,2.0,0.55,12,train,0x4e3468951d49f2eea976ed0d6e75ffcb44a9a544,2,0.0,0.0,0.0,0.0,0.0,0.0
2.0,0.3,2.0,0.55,12,train,0x6eaae6b721b6c896bbfc30d3a7f4999d5a94ca80,1,0.0,0.0,0.0,0.0,0.0,0.0
2.0,0.3,2.0,0.55,12,train,0x718793b91da00b21e5b11e89de3ec9b9b6234144,1,0.0,0.0,0.0,0.0,0.0,0.0
2.0,0.3,2.0,0.55,12,train,0x72cecfc6d9a07117d5d207537e0bfd4bdfdac0cc,1,0.0,0.0,0.0,0.0,0.0,0.0
2.0,0.3,2.0,0.55,12,train,0x75a54357d9c78a2db19004a5fdc76c50f9242aec,1,0.0,0.0,0.0,0.0,0.0,0.0
2.0,0.3,2.0,0.55,12,train,0xbc4397b7f01f347b7dfa35276ca73203f3348a80,1,0.0,0.0,0.0,0.0,0.0,0.0
2.0,0.3,2.0,0.55,12,train,0xbe3e194f0069013ae4a860b6c152131b2032c0cc,1,0.0,0.0,0.0,0.0,0.0,0.0
2.0,0.3,2.0,0.55,12,train,0xc7e90a703b7ca435089cb90b8b770353e52b0a80,1,0.0,0.0,0.0,0.0,0.0,0.0
2.0,0.3,2.0,0.55,12,train,0xe0a5a3ba19a680a72be08c39c5de4dddb1fe05c7,1,0.0,0.0,0.0,0.0,0.0,0.0
2.0,0.3,2.0,0.55,12,train,0xe5e702641ea86f4ae6cc3cdaed2b886f976be044,58,15.517241379310345,5.172413793103448,-1.0501236587917147,0.0,-2.141591667401525,5.172413793103448
2.0,0.3,2.0,0.55,12,train,0xf1ee073811b14359d850825e48d200483200edcd,1,0.0,0.0,0.0,0.0,0.0,0.0
2.0,0.3,2.0,0.55,24,test,0x0000000000000000000000000000000000000000,5,0.0,0.0,0.0,0.0,0.0,0.0
2.0,0.3,2.0,0.55,24,test,0x2565055891704afe3e844d5b34a318108ce64144,1,0.0,0.0,0.0,0.0,0.0,0.0
2.0,0.3,2.0,0.55,24,test,0x261b0f5e05eb05c6496728f1ae4969810dbe8a80,1,0.0,0.0,0.0,0.0,0.0,0.0
2.0,0.3,2.0,0.55,24,test,0xe5e702641ea86f4ae6cc3cdaed2b886f976be044,15,13.333333333333334,0.0,-4.71916290644271,0.0,-19.396725575320566,0.0
2.0,0.3,2.0,0.55,24,train,0x0000000000000000000000000000000000000000,17,5.88235294117647,0.0,-0.11705882352941194,0.0,0.0,0.0
2.0,0.3,2.0,0.55,24,train,0x00d18bc3fab01162f43f20c071559795fcaf4144,1,0.0,0.0,0.0,0.0,0.0,0.0
2.0,0.3,2.0,0.55,24,train,0x1e8bbf00d265e08a27e91bfbc1f9a4073c4b4144,1,0.0,0.0,0.0,0.0,0.0,0.0
2.0,0.3,2.0,0.55,24,train,0x332f85e7e323214b2d55286414b059ebb1f2a044,1,0.0,0.0,0.0,0.0,0.0,0.0
2.0,0.3,2.0,0.55,24,train,0x3ad9e44cb65e518e452bfcb78952ca45b66a8a80,1,0.0,0.0,0.0,0.0,0.0,0.0
2.0,0.3,2.0,0.55,24,train,0x3bf48564e102ddf0ffd19c998e6132eee8be5000,1,0.0,0.0,0.0,0.0,0.0,0.0
2.0,0.3,2.0,0.55,24,train,0x4e3468951d49f2eea976ed0d6e75ffcb44a9a544,2,0.0,0.0,0.0,0.0,0.0,0.0
2.0,0.3,2.0,0.55,24,train,0x6eaae6b721b6c896bbfc30d3a7f4999d5a94ca80,1,0.0,0.0,0.0,0.0,0.0,0.0
2.0,0.3,2.0,0.55,24,train,0x718793b91da00b21e5b11e89de3ec9b9b6234144,1,0.0,0.0,0.0,0.0,0.0,0.0
2.0,0.3,2.0,0.55,24,train,0x72cecfc6d9a07117d5d207537e0bfd4bdfdac0cc,1,0.0,0.0,0.0,0.0,0.0,0.0
2.0,0.3,2.0,0.55,24,train,0x75a54357d9c78a2db19004a5fdc76c50f9242aec,1,0.0,0.0,0.0,0.0,0.0,0.0
2.0,0.3,2.0,0.55,24,train,0xbc4397b7f01f347b7dfa35276ca73203f3348a80,1,0.0,0.0,0.0,0.0,0.0,0.0
2.0,0.3,2.0,0.55,24,train,0xbe3e194f0069013ae4a860b6c152131b2032c0cc,1,0.0,0.0,0.0,0.0,0.0,0.0
2.0,0.3,2.0,0.55,24,train,0xc7e90a703b7ca435089cb90b8b770353e52b0a80,1,0.0,0.0,0.0,0.0,0.0,0.0
2.0,0.3,2.0,0.55,24,train,0xe0a5a3ba19a680a72be08c39c5de4dddb1fe05c7,1,0.0,0.0,0.0,0.0,0.0,0.0
2.0,0.3,2.0,0.55,24,train,0xe5e702641ea86f4ae6cc3cdaed2b886f976be044,58,15.517241379310345,6.896551724137931,0.06296492574022482,0.0,0.0,6.896551724137931
2.0,0.3,2.0,0.55,24,train,0xf1ee073811b14359d850825e48d200483200edcd,1,0.0,0.0,0.0,0.0,0.0,0.0
2.0,0.3,2.0,0.7,6,test,0x0000000000000000000000000000000000000000,5,0.0,0.0,0.0,0.0,0.0,0.0
2.0,0.3,2.0,0.7,6,test,0x2565055891704afe3e844d5b34a318108ce64144,1,0.0,0.0,0.0,0.0,0.0,0.0
2.0,0.3,2.0,0.7,6,test,0x261b0f5e05eb05c6496728f1ae4969810dbe8a80,1,0.0,0.0,0.0,0.0,0.0,0.0
2.0,0.3,2.0,0.7,6,test,0xe5e702641ea86f4ae6cc3cdaed2b886f976be044,15,13.333333333333334,0.0,-4.71916290644271,0.0,-19.396725575320566,0.0
2.0,0.3,2.0,0.7,6,train,0x0000000000000000000000000000000000000000,17,5.88235294117647,0.0,-0.11705882352941194,0.0,0.0,0.0
2.0,0.3,2.0,0.7,6,train,0x00d18bc3fab01162f43f20c071559795fcaf4144,1,0.0,0.0,0.0,0.0,0.0,0.0
2.0,0.3,2.0,0.7,6,train,0x1e8bbf00d265e08a27e91bfbc1f9a4073c4b4144,1,0.0,0.0,0.0,0.0,0.0,0.0
2.0,0.3,2.0,0.7,6,train,0x332f85e7e323214b2d55286414b059ebb1f2a044,1,0.0,0.0,0.0,0.0,0.0,0.0
2.0,0.3,2.0,0.7,6,train,0x3ad9e44cb65e518e452bfcb78952ca45b66a8a80,1,0.0,0.0,0.0,0.0,0.0,0.0
2.0,0.3,2.0,0.7,6,train,0x3bf48564e102ddf0ffd19c998e6132eee8be5000,1,0.0,0.0,0.0,0.0,0.0,0.0
2.0,0.3,2.0,0.7,6,train,0x4e3468951d49f2eea976ed0d6e75ffcb44a9a544,2,0.0,0.0,0.0,0.0,0.0,0.0
2.0,0.3,2.0,0.7,6,train,0x6eaae6b721b6c896bbfc30d3a7f4999d5a94ca80,1,0.0,0.0,0.0,0.0,0.0,0.0
2.0,0.3,2.0,0.7,6,train,0x718793b91da00b21e5b11e89de3ec9b9b6234144,1,0.0,0.0,0.0,0.0,0.0,0.0
2.0,0.3,2.0,0.7,6,train,0x72cecfc6d9a07117d5d207537e0bfd4bdfdac0cc,1,0.0,0.0,0.0,0.0,0.0,0.0
2.0,0.3,2.0,0.7,6,train,0x75a54357d9c78a2db19004a5fdc76c50f9242aec,1,0.0,0.0,0.0,0.0,0.0,0.0
2.0,0.3,2.0,0.7,6,train,0xbc4397b7f01f347b7dfa35276ca73203f3348a80,1,0.0,0.0,0.0,0.0,0.0,0.0
2.0,0.3,2.0,0.7,6,train,0xbe3e194f0069013ae4a860b6c152131b2032c0cc,1,0.0,0.0,0.0,0.0,0.0,0.0
2.0,0.3,2.0,0.7,6,train,0xc7e90a703b7ca435089cb90b8b770353e52b0a80,1,0.0,0.0,0.0,0.0,0.0,0.0
2.0,0.3,2.0,0.7,6,train,0xe0a5a3ba19a680a72be08c39c5de4dddb1fe05c7,1,0.0,0.0,0.0,0.0,0.0,0.0
2.0,0.3,2.0,0.7,6,train,0xe5e702641ea86f4ae6cc3cdaed2b886f976be044,58,15.517241379310345,5.172413793103448,-1.3781265762899872,0.0,-0.3429713156291634,5.172413793103448
2.0,0.3,2.0,0.7,6,train,0xf1ee073811b14359d850825e48d200483200edcd,1,0.0,0.0,0.0,0.0,0.0,0.0
2.0,0.3,2.0,0.7,12,test,0x0000000000000000000000000000000000000000,5,0.0,0.0,0.0,0.0,0.0,0.0
2.0,0.3,2.0,0.7,12,test,0x2565055891704afe3e844d5b34a318108ce64144,1,0.0,0.0,0.0,0.0,0.0,0.0
2.0,0.3,2.0,0.7,12,test,0x261b0f5e05eb05c6496728f1ae4969810dbe8a80,1,0.0,0.0,0.0,0.0,0.0,0.0
2.0,0.3,2.0,0.7,12,test,0xe5e702641ea86f4ae6cc3cdaed2b886f976be044,15,13.333333333333334,0.0,-4.71916290644271,0.0,-19.396725575320566,0.0
2.0,0.3,2.0,0.7,12,train,0x0000000000000000000000000000000000000000,17,5.88235294117647,0.0,-0.11705882352941194,0.0,0.0,0.0
2.0,0.3,2.0,0.7,12,train,0x00d18bc3fab01162f43f20c071559795fcaf4144,1,0.0,0.0,0.0,0.0,0.0,0.0
2.0,0.3,2.0,0.7,12,train,0x1e8bbf00d265e08a27e91bfbc1f9a4073c4b4144,1,0.0,0.0,0.0,0.0,0.0,0.0
2.0,0.3,2.0,0.7,12,train,0x332f85e7e323214b2d55286414b059ebb1f2a044,1,0.0,0.0,0.0,0.0,0.0,0.0
2.0,0.3,2.0,0.7,12,train,0x3ad9e44cb65e518e452bfcb78952ca45b66a8a80,1,0.0,0.0,0.0,0.0,0.0,0.0
2.0,0.3,2.0,0.7,12,train,0x3bf48564e102ddf0ffd19c998e6132eee8be5000,1,0.0,0.0,0.0,0.0,0.0,0.0
2.0,0.3,2.0,0.7,12,train,0x4e3468951d49f2eea976ed0d6e75ffcb44a9a544,2,0.0,0.0,0.0,0.0,0.0,0.0
2.0,0.3,2.0,0.7,12,train,0x6eaae6b721b6c896bbfc30d3a7f4999d5a94ca80,1,0.0,0.0,0.0,0.0,0.0,0.0
2.0,0.3,2.0,0.7,12,train,0x718793b91da00b21e5b11e89de3ec9b9b6234144,1,0.0,0.0,0.0,0.0,0.0,0.0
2.0,0.3,2.0,0.7,12,train,0x72cecfc6d9a07117d5d207537e0bfd4bdfdac0cc,1,0.0,0.0,0.0,0.0,0.0,0.0
2.0,0.3,2.0,0.7,12,train,0x75a54357d9c78a2db19004a5fdc76c50f9242aec,1,0.0,0.0,0.0,0.0,0.0,0.0
2.0,0.3,2.0,0.7,12,train,0xbc4397b7f01f347b7dfa35276ca73203f3348a80,1,0.0,0.0,0.0,0.0,0.0,0.0
2.0,0.3,2.0,0.7,12,train,0xbe3e194f0069013ae4a860b6c152131b2032c0cc,1,0.0,0.0,0.0,0.0,0.0,0.0
2.0,0.3,2.0,0.7,12,train,0xc7e90a703b7ca435089cb90b8b770353e52b0a80,1,0.0,0.0,0.0,0.0,0.0,0.0
2.0,0.3,2.0,0.7,12,train,0xe0a5a3ba19a680a72be08c39c5de4dddb1fe05c7,1,0.0,0.0,0.0,0.0,0.0,0.0
2.0,0.3,2.0,0.7,12,train,0xe5e702641ea86f4ae6cc3cdaed2b886f976be044,58,15.517241379310345,5.172413793103448,-1.481495562024031,0.0,-2.141591667401525,5.172413793103448
2.0,0.3,2.0,0.7,12,train,0xf1ee073811b14359d850825e48d200483200edcd,1,0.0,0.0,0.0,0.0,0.0,0.0
2.0,0.3,2.0,0.7,24,test,0x0000000000000000000000000000000000000000,5,0.0,0.0,0.0,0.0,0.0,0.0
2.0,0.3,2.0,0.7,24,test,0x2565055891704afe3e844d5b34a318108ce64144,1,0.0,0.0,0.0,0.0,0.0,0.0
2.0,0.3,2.0,0.7,24,test,0x261b0f5e05eb05c6496728f1ae4969810dbe8a80,1,0.0,0.0,0.0,0.0,0.0,0.0
2.0,0.3,2.0,0.7,24,test,0xe5e702641ea86f4ae6cc3cdaed2b886f976be044,15,13.333333333333334,0.0,-4.71916290644271,0.0,-19.396725575320566,0.0
2.0,0.3,2.0,0.7,24,train,0x0000000000000000000000000000000000000000,17,5.88235294117647,0.0,-0.11705882352941194,0.0,0.0,0.0
2.0,0.3,2.0,0.7,24,train,0x00d18bc3fab01162f43f20c071559795fcaf4144,1,0.0,0.0,0.0,0.0,0.0,0.0
2.0,0.3,2.0,0.7,24,train,0x1e8bbf00d265e08a27e91bfbc1f9a4073c4b4144,1,0.0,0.0,0.0,0.0,0.0,0.0
2.0,0.3,2.0,0.7,24,train,0x332f85e7e323214b2d55286414b059ebb1f2a044,1,0.0,0.0,0.0,0.0,0.0,0.0
2.0,0.3,2.0,0.7,24,train,0x3ad9e44cb65e518e452bfcb78952ca45b66a8a80,1,0.0,0.0,0.0,0.0,0.0,0.0
2.0,0.3,2.0,0.7,24,train,0x3bf48564e102ddf0ffd19c998e6132eee8be5000,1,0.0,0.0,0.0,0.0,0.0,0.0
2.0,0.3,2.0,0.7,24,train,0x4e3468951d49f2eea976ed0d6e75ffcb44a9a544,2,0.0,0.0,0.0,0.0,0.0,0.0
2.0,0.3,2.0,0.7,24,train,0x6eaae6b721b6c896bbfc30d3a7f4999d5a94ca80,1,0.0,0.0,0.0,0.0,0.0,0.0
2.0,0.3,2.0,0.7,24,train,0x718793b91da00b21e5b11e89de3ec9b9b6234144,1,0.0,0.0,0.0,0.0,0.0,0.0
2.0,0.3,2.0,0.7,24,train,0x72cecfc6d9a07117d5d207537e0bfd4bdfdac0cc,1,0.0,0.0,0.0,0.0,0.0,0.0
2.0,0.3,2.0,0.7,24,train,0x75a54357d9c78a2db19004a5fdc76c50f9242aec,1,0.0,0.0,0.0,0.0,0.0,0.0
2.0,0.3,2.0,0.7,24,train,0xbc4397b7f01f347b7dfa35276ca73203f3348a80,1,0.0,0.0,0.0,0.0,0.0,0.0
2.0,0.3,2.0,0.7,24,train,0xbe3e194f0069013ae4a860b6c152131b2032c0cc,1,0.0,0.0,0.0,0.0,0.0,0.0
2.0,0.3,2.0,0.7,24,train,0xc7e90a703b7ca435089cb90b8b770353e52b0a80,1,0.0,0.0,0.0,0.0,0.0,0.0
2.0,0.3,2.0,0.7,24,train,0xe0a5a3ba19a680a72be08c39c5de4dddb1fe05c7,1,0.0,0.0,0.0,0.0,0.0,0.0
2.0,0.3,2.0,0.7,24,train,0xe5e702641ea86f4ae6cc3cdaed2b886f976be044,58,15.517241379310345,6.896551724137931,-0.6920080153669685,0.0,0.0,6.896551724137931
2.0,0.3,2.0,0.7,24,train,0xf1ee073811b14359d850825e48d200483200edcd,1,0.0,0.0,0.0,0.0,0.0,0.0
2.0,0.3,3.0,0.4,6,test,0x0000000000000000000000000000000000000000,5,0.0,0.0,0.0,0.0,0.0,0.0
2.0,0.3,3.0,0.4,6,test,0x2565055891704afe3e844d5b34a318108ce64144,1,0.0,0.0,0.0,0.0,0.0,0.0
2.0,0.3,3.0,0.4,6,test,0x261b0f5e05eb05c6496728f1ae4969810dbe8a80,1,0.0,0.0,0.0,0.0,0.0,0.0
2.0,0.3,3.0,0.4,6,test,0xe5e702641ea86f4ae6cc3cdaed2b886f976be044,15,13.333333333333334,0.0,-4.71916290644271,0.0,-19.396725575320566,0.0
2.0,0.3,3.0,0.4,6,train,0x0000000000000000000000000000000000000000,17,5.88235294117647,0.0,-0.11705882352941194,0.0,0.0,0.0
2.0,0.3,3.0,0.4,6,train,0x00d18bc3fab01162f43f20c071559795fcaf4144,1,0.0,0.0,0.0,0.0,0.0,0.0
2.0,0.3,3.0,0.4,6,train,0x1e8bbf00d265e08a27e91bfbc1f9a4073c4b4144,1,0.0,0.0,0.0,0.0,0.0,0.0
2.0,0.3,3.0,0.4,6,train,0x332f85e7e323214b2d55286414b059ebb1f2a044,1,0.0,0.0,0.0,0.0,0.0,0.0
2.0,0.3,3.0,0.4,6,train,0x3ad9e44cb65e518e452bfcb78952ca45b66a8a80,1,0.0,0.0,0.0,0.0,0.0,0.0
2.0,0.3,3.0,0.4,6,train,0x3bf48564e102ddf0ffd19c998e6132eee8be5000,1,0.0,0.0,0.0,0.0,0.0,0.0
2.0,0.3,3.0,0.4,6,train,0x4e3468951d49f2eea976ed0d6e75ffcb44a9a544,2,0.0,0.0,0.0,0.0,0.0,0.0
2.0,0.3,3.0,0.4,6,train,0x6eaae6b721b6c896bbfc30d3a7f4999d5a94ca80,1,0.0,0.0,0.0,0.0,0.0,0.0
2.0,0.3,3.0,0.4,6,train,0x718793b91da00b21e5b11e89de3ec9b9b6234144,1,0.0,0.0,0.0,0.0,0.0,0.0
2.0,0.3,3.0,0.4,6,train,0x72cecfc6d9a07117d5d207537e0bfd4bdfdac0cc,1,0.0,0.0,0.0,0.0,0.0,0.0
2.0,0.3,3.0,0.4,6,train,0x75a54357d9c78a2db19004a5fdc76c50f9242aec,1,0.0,0.0,0.0,0.0,0.0,0.0
2.0,0.3,3.0,0.4,6,train,0xbc4397b7f01f347b7dfa35276ca73203f3348a80,1,0.0,0.0,0.0,0.0,0.0,0.0
2.0,0.3,3.0,0.4,6,train,0xbe3e194f0069013ae4a860b6c152131b2032c0cc,1,0.0,0.0,0.0,0.0,0.0,0.0
2.0,0.3,3.0,0.4,6,train,0xc7e90a703b7ca435089cb90b8b770353e52b0a80,1,0.0,0.0,0.0,0.0,0.0,0.0
2.0,0.3,3.0,0.4,6,train,0xe0a5a3ba19a680a72be08c39c5de4dddb1fe05c7,1,0.0,0.0,0.0,0.0,0.0,0.0
2.0,0.3,3.0,0.4,6,train,0xe5e702641ea86f4ae6cc3cdaed2b886f976be044,58,15.517241379310345,3.4482758620689653,1.9110781956672303,0.0,-0.3429713156291634,5.172413793103448
2.0,0.3,3.0,0.4,6,train,0xf1ee073811b14359d850825e48d200483200edcd,1,0.0,0.0,0.0,0.0,0.0,0.0
2.0,0.3,3.0,0.4,12,test,0x0000000000000000000000000000000000000000,5,0.0,0.0,0.0,0.0,0.0,0.0
2.0,0.3,3.0,0.4,12,test,0x2565055891704afe3e844d5b34a318108ce64144,1,0.0,0.0,0.0,0.0,0.0,0.0
2.0,0.3,3.0,0.4,12,test,0x261b0f5e05eb05c6496728f1ae4969810dbe8a80,1,0.0,0.0,0.0,0.0,0.0,0.0
2.0,0.3,3.0,0.4,12,test,0xe5e702641ea86f4ae6cc3cdaed2b886f976be044,15,13.333333333333334,0.0,-4.71916290644271,0.0,-19.396725575320566,0.0
2.0,0.3,3.0,0.4,12,train,0x0000000000000000000000000000000000000000,17,5.88235294117647,0.0,-0.11705882352941194,0.0,0.0,0.0
2.0,0.3,3.0,0.4,12,train,0x00d18bc3fab01162f43f20c071559795fcaf4144,1,0.0,0.0,0.0,0.0,0.0,0.0
2.0,0.3,3.0,0.4,12,train,0x1e8bbf00d265e08a27e91bfbc1f9a4073c4b4144,1,0.0,0.0,0.0,0.0,0.0,0.0
2.0,0.3,3.0,0.4,12,train,0x332f85e7e323214b2d55286414b059ebb1f2a044,1,0.0,0.0,0.0,0.0,0.0,0.0
2.0,0.3,3.0,0.4,12,train,0x3ad9e44cb65e518e452bfcb78952ca45b66a8a80,1,0.0,0.0,0.0,0.0,0.0,0.0
2.0,0.3,3.0,0.4,12,train,0x3bf48564e102ddf0ffd19c998e6132eee8be5000,1,0.0,0.0,0.0,0.0,0.0,0.0
2.0,0.3,3.0,0.4,12,train,0x4e3468951d49f2eea976ed0d6e75ffcb44a9a544,2,0.0,0.0,0.0,0.0,0.0,0.0
2.0,0.3,3.0,0.4,12,train,0x6eaae6b721b6c896bbfc30d3a7f4999d5a94ca80,1,0.0,0.0,0.0,0.0,0.0,0.0
2.0,0.3,3.0,0.4,12,train,0x718793b91da00b21e5b11e89de3ec9b9b6234144,1,0.0,0.0,0.0,0.0,0.0,0.0
2.0,0.3,3.0,0.4,12,train,0x72cecfc6d9a07117d5d207537e0bfd4bdfdac0cc,1,0.0,0.0,0.0,0.0,0.0,0.0
2.0,0.3,3.0,0.4,12,train,0x75a54357d9c78a2db19004a5fdc76c50f9242aec,1,0.0,0.0,0.0,0.0,0.0,0.0
2.0,0.3,3.0,0.4,12,train,0xbc4397b7f01f347b7dfa35276ca73203f3348a80,1,0.0,0.0,0.0,0.0,0.0,0.0
2.0,0.3,3.0,0.4,12,train,0xbe3e194f0069013ae4a860b6c152131b2032c0cc,1,0.0,0.0,0.0,0.0,0.0,0.0
2.0,0.3,3.0,0.4,12,train,0xc7e90a703b7ca435089cb90b8b770353e52b0a80,1,0.0,0.0,0.0,0.0,0.0,0.0
2.0,0.3,3.0,0.4,12,train,0xe0a5a3ba19a680a72be08c39c5de4dddb1fe05c7,1,0.0,0.0,0.0,0.0,0.0,0.0
2.0,0.3,3.0,0.4,12,train,0xe5e702641ea86f4ae6cc3cdaed2b886f976be044,58,15.517241379310345,3.4482758620689653,-0.34136239739404733,0.0,-14.850145435405905,3.4482758620689653
2.0,0.3,3.0,0.4,12,train,0xf1ee073811b14359d850825e48d200483200edcd,1,0.0,0.0,0.0,0.0,0.0,0.0
2.0,0.3,3.0,0.4,24,test,0x0000000000000000000000000000000000000000,5,0.0,0.0,0.0,0.0,0.0,0.0
2.0,0.3,3.0,0.4,24,test,0x2565055891704afe3e844d5b34a318108ce64144,1,0.0,0.0,0.0,0.0,0.0,0.0
2.0,0.3,3.0,0.4,24,test,0x261b0f5e05eb05c6496728f1ae4969810dbe8a80,1,0.0,0.0,0.0,0.0,0.0,0.0
2.0,0.3,3.0,0.4,24,test,0xe5e702641ea86f4ae6cc3cdaed2b886f976be044,15,13.333333333333334,0.0,-4.71916290644271,0.0,-19.396725575320566,0.0
2.0,0.3,3.0,0.4,24,train,0x0000000000000000000000000000000000000000,17,5.88235294117647,0.0,-0.11705882352941194,0.0,0.0,0.0
2.0,0.3,3.0,0.4,24,train,0x00d18bc3fab01162f43f20c071559795fcaf4144,1,0.0,0.0,0.0,0.0,0.0,0.0
2.0,0.3,3.0,0.4,24,train,0x1e8bbf00d265e08a27e91bfbc1f9a4073c4b4144,1,0.0,0.0,0.0,0.0,0.0,0.0
2.0,0.3,3.0,0.4,24,train,0x332f85e7e323214b2d55286414b059ebb1f2a044,1,0.0,0.0,0.0,0.0,0.0,0.0
2.0,0.3,3.0,0.4,24,train,0x3ad9e44cb65e518e452bfcb78952ca45b66a8a80,1,0.0,0.0,0.0,0.0,0.0,0.0
2.0,0.3,3.0,0.4,24,train,0x3bf48564e102ddf0ffd19c998e6132eee8be5000,1,0.0,0.0,0.0,0.0,0.0,0.0
2.0,0.3,3.0,0.4,24,train,0x4e3468951d49f2eea976ed0d6e75ffcb44a9a544,2,0.0,0.0,0.0,0.0,0.0,0.0
2.0,0.3,3.0,0.4,24,train,0x6eaae6b721b6c896bbfc30d3a7f4999d5a94ca80,1,0.0,0.0,0.0,0.0,0.0,0.0
2.0,0.3,3.0,0.4,24,train,0x718793b91da00b21e5b11e89de3ec9b9b6234144,1,0.0,0.0,0.0,0.0,0.0,0.0
2.0,0.3,3.0,0.4,24,train,0x72cecfc6d9a07117d5d207537e0bfd4bdfdac0cc,1,0.0,0.0,0.0,0.0,0.0,0.0
2.0,0.3,3.0,0.4,24,train,0x75a54357d9c78a2db19004a5fdc76c50f9242aec,1,0.0,0.0,0.0,0.0,0.0,0.0
2.0,0.3,3.0,0.4,24,train,0xbc4397b7f01f347b7dfa35276ca73203f3348a80,1,0.0,0.0,0.0,0.0,0.0,0.0
2.0,0.3,3.0,0.4,24,train,0xbe3e194f0069013ae4a860b6c152131b2032c0cc,1,0.0,0.0,0.0,0.0,0.0,0.0
2.0,0.3,3.0,0.4,24,train,0xc7e90a703b7ca435089cb90b8b770353e52b0a80,1,0.0,0.0,0.0,0.0,0.0,0.0
2.0,0.3,3.0,0.4,24,train,0xe0a5a3ba19a680a72be08c39c5de4dddb1fe05c7,1,0.0,0.0,0.0,0.0,0.0,0.0
2.0,0.3,3.0,0.4,24,train,0xe5e702641ea86f4ae6cc3cdaed2b886f976be044,58,15.517241379310345,3.4482758620689653,1.3853248596123409,0.0,-9.853098211469009,5.172413793103448
2.0,0.3,3.0,0.4,24,train,0xf1ee073811b14359d850825e48d200483200edcd,1,0.0,0.0,0.0,0.0,0.0,0.0
2.0,0.3,3.0,0.55,6,test,0x0000000000000000000000000000000000000000,5,0.0,0.0,0.0,0.0,0.0,0.0
2.0,0.3,3.0,0.55,6,test,0x2565055891704afe3e844d5b34a318108ce64144,1,0.0,0.0,0.0,0.0,0.0,0.0
2.0,0.3,3.0,0.55,6,test,0x261b0f5e05eb05c6496728f1ae4969810dbe8a80,1,0.0,0.0,0.0,0.0,0.0,0.0
2.0,0.3,3.0,0.55,6,test,0xe5e702641ea86f4ae6cc3cdaed2b886f976be044,15,13.333333333333334,0.0,-4.71916290644271,0.0,-19.396725575320566,0.0
2.0,0.3,3.0,0.55,6,train,0x0000000000000000000000000000000000000000,17,5.88235294117647,0.0,-0.11705882352941194,0.0,0.0,0.0
2.0,0.3,3.0,0.55,6,train,0x00d18bc3fab01162f43f20c071559795fcaf4144,1,0.0,0.0,0.0,0.0,0.0,0.0
2.0,0.3,3.0,0.55,6,train,0x1e8bbf00d265e08a27e91bfbc1f9a4073c4b4144,1,0.0,0.0,0.0,0.0,0.0,0.0
2.0,0.3,3.0,0.55,6,train,0x332f85e7e323214b2d55286414b059ebb1f2a044,1,0.0,0.0,0.0,0.0,0.0,0.0
2.0,0.3,3.0,0.55,6,train,0x3ad9e44cb65e518e452bfcb78952ca45b66a8a80,1,0.0,0.0,0.0,0.0,0.0,0.0
2.0,0.3,3.0,0.55,6,train,0x3bf48564e102ddf0ffd19c998e6132eee8be5000,1,0.0,0.0,0.0,0.0,0.0,0.0
2.0,0.3,3.0,0.55,6,train,0x4e3468951d49f2eea976ed0d6e75ffcb44a9a544,2,0.0,0.0,0.0,0.0,0.0,0.0
2.0,0.3,3.0,0.55,6,train,0x6eaae6b721b6c896bbfc30d3a7f4999d5a94ca80,1,0.0,0.0,0.0,0.0,0.0,0.0
2.0,0.3,3.0,0.55,6,train,0x718793b91da00b21e5b11e89de3ec9b9b6234144,1,0.0,0.0,0.0,0.0,0.0,0.0
2.0,0.3,3.0,0.55,6,train,0x72cecfc6d9a07117d5d207537e0bfd4bdfdac0cc,1,0.0,0.0,0.0,0.0,0.0,0.0
2.0,0.3,3.0,0.55,6,train,0x75a54357d9c78a2db19004a5fdc76c50f9242aec,1,0.0,0.0,0.0,0.0,0.0,0.0
2.0,0.3,3.0,0.55,6,train,0xbc4397b7f01f347b7dfa35276ca73203f3348a80,1,0.0,0.0,0.0,0.0,0.0,0.0
2.0,0.3,3.0,0.55,6,train,0xbe3e194f0069013ae4a860b6c152131b2032c0cc,1,0.0,0.0,0.0,0.0,0.0,0.0
2.0,0.3,3.0,0.55,6,train,0xc7e90a703b7ca435089cb90b8b770353e52b0a80,1,0.0,0.0,0.0,0.0,0.0,0.0
2.0,0.3,3.0,0.55,6,train,0xe0a5a3ba19a680a72be08c39c5de4dddb1fe05c7,1,0.0,0.0,0.0,0.0,0.0,0.0
2.0,0.3,3.0,0.55,6,train,0xe5e702641ea86f4ae6cc3cdaed2b886f976be044,58,15.517241379310345,3.4482758620689653,0.9764103037877977,0.0,-0.3429713156291634,5.172413793103448
2.0,0.3,3.0,0.55,6,train,0xf1ee073811b14359d850825e48d200483200edcd,1,0.0,0.0,0.0,0.0,0.0,0.0
2.0,0.3,3.0,0.55,12,test,0x0000000000000000000000000000000000000000,5,0.0,0.0,0.0,0.0,0.0,0.0
2.0,0.3,3.0,0.55,12,test,0x2565055891704afe3e844d5b34a318108ce64144,1,0.0,0.0,0.0,0.0,0.0,0.0
2.0,0.3,3.0,0.55,12,test,0x261b0f5e05eb05c6496728f1ae4969810dbe8a80,1,0.0,0.0,0.0,0.0,0.0,0.0
2.0,0.3,3.0,0.55,12,test,0xe5e702641ea86f4ae6cc3cdaed2b886f976be044,15,13.333333333333334,0.0,-4.71916290644271,0.0,-19.396725575320566,0.0
2.0,0.3,3.0,0.55,12,train,0x0000000000000000000000000000000000000000,17,5.88235294117647,0.0,-0.11705882352941194,0.0,0.0,0.0
2.0,0.3,3.0,0.55,12,train,0x00d18bc3fab01162f43f20c071559795fcaf4144,1,0.0,0.0,0.0,0.0,0.0,0.0
2.0,0.3,3.0,0.55,12,train,0x1e8bbf00d265e08a27e91bfbc1f9a4073c4b4144,1,0.0,0.0,0.0,0.0,0.0,0.0
2.0,0.3,3.0,0.55,12,train,0x332f85e7e323214b2d55286414b059ebb1f2a044,1,0.0,0.0,0.0,0.0,0.0,0.0
2.0,0.3,3.0,0.55,12,train,0x3ad9e44cb65e518e452bfcb78952ca45b66a8a80,1,0.0,0.0,0.0,0.0,0.0,0.0
2.0,0.3,3.0,0.55,12,train,0x3bf48564e102ddf0ffd19c998e6132eee8be5000,1,0.0,0.0,0.0,0.0,0.0,0.0
2.0,0.3,3.0,0.55,12,train,0x4e3468951d49f2eea976ed0d6e75ffcb44a9a544,2,0.0,0.0,0.0,0.0,0.0,0.0
2.0,0.3,3.0,0.55,12,train,0x6eaae6b721b6c896bbfc30d3a7f4999d5a94ca80,1,0.0,0.0,0.0,0.0,0.0,0.0
2.0,0.3,3.0,0.55,12,train,0x718793b91da00b21e5b11e89de3ec9b9b6234144,1,0.0,0.0,0.0,0.0,0.0,0.0
2.0,0.3,3.0,0.55,12,train,0x72cecfc6d9a07117d5d207537e0bfd4bdfdac0cc,1,0.0,0.0,0.0,0.0,0.0,0.0
2.0,0.3,3.0,0.55,12,train,0x75a54357d9c78a2db19004a5fdc76c50f9242aec,1,0.0,0.0,0.0,0.0,0.0,0.0
2.0,0.3,3.0,0.55,12,train,0xbc4397b7f01f347b7dfa35276ca73203f3348a80,1,0.0,0.0,0.0,0.0,0.0,0.0
2.0,0.3,3.0,0.55,12,train,0xbe3e194f0069013ae4a860b6c152131b2032c0cc,1,0.0,0.0,0.0,0.0,0.0,0.0
2.0,0.3,3.0,0.55,12,train,0xc7e90a703b7ca435089cb90b8b770353e52b0a80,1,0.0,0.0,0.0,0.0,0.0,0.0
2.0,0.3,3.0,0.55,12,train,0xe0a5a3ba19a680a72be08c39c5de4dddb1fe05c7,1,0.0,0.0,0.0,0.0,0.0,0.0
2.0,0.3,3.0,0.55,12,train,0xe5e702641ea86f4ae6cc3cdaed2b886f976be044,58,15.517241379310345,3.4482758620689653,-1.27603028927348,0.0,-14.850145435405905,3.4482758620689653
2.0,0.3,3.0,0.55,12,train,0xf1ee073811b14359d850825e48d200483200edcd,1,0.0,0.0,0.0,0.0,0.0,0.0
2.0,0.3,3.0,0.55,24,test,0x0000000000000000000000000000000000000000,5,0.0,0.0,0.0,0.0,0.0,0.0
2.0,0.3,3.0,0.55,24,test,0x2565055891704afe3e844d5b34a318108ce64144,1,0.0,0.0,0.0,0.0,0.0,0.0
2.0,0.3,3.0,0.55,24,test,0x261b0f5e05eb05c6496728f1ae4969810dbe8a80,1,0.0,0.0,0.0,0.0,0.0,0.0
2.0,0.3,3.0,0.55,24,test,0xe5e702641ea86f4ae6cc3cdaed2b886f976be044,15,13.333333333333334,0.0,-4.71916290644271,0.0,-19.396725575320566,0.0
2.0,0.3,3.0,0.55,24,train,0x0000000000000000000000000000000000000000,17,5.88235294117647,0.0,-0.11705882352941194,0.0,0.0,0.0
2.0,0.3,3.0,0.55,24,train,0x00d18bc3fab01162f43f20c071559795fcaf4144,1,0.0,0.0,0.0,0.0,0.0,0.0
2.0,0.3,3.0,0.55,24,train,0x1e8bbf00d265e08a27e91bfbc1f9a4073c4b4144,1,0.0,0.0,0.0,0.0,0.0,0.0
2.0,0.3,3.0,0.55,24,train,0x332f85e7e323214b2d55286414b059ebb1f2a044,1,0.0,0.0,0.0,0.0,0.0,0.0
2.0,0.3,3.0,0.55,24,train,0x3ad9e44cb65e518e452bfcb78952ca45b66a8a80,1,0.0,0.0,0.0,0.0,0.0,0.0
2.0,0.3,3.0,0.55,24,train,0x3bf48564e102ddf0ffd19c998e6132eee8be5000,1,0.0,0.0,0.0,0.0,0.0,0.0
2.0,0.3,3.0,0.55,24,train,0x4e3468951d49f2eea976ed0d6e75ffcb44a9a544,2,0.0,0.0,0.0,0.0,0.0,0.0
2.0,0.3,3.0,0.55,24,train,0x6eaae6b721b6c896bbfc30d3a7f4999d5a94ca80,1,0.0,0.0,0.0,0.0,0.0,0.0
2.0,0.3,3.0,0.55,24,train,0x718793b91da00b21e5b11e89de3ec9b9b6234144,1,0.0,0.0,0.0,0.0,0.0,0.0
2.0,0.3,3.0,0.55,24,train,0x72cecfc6d9a07117d5d207537e0bfd4bdfdac0cc,1,0.0,0.0,0.0,0.0,0.0,0.0
2.0,0.3,3.0,0.55,24,train,0x75a54357d9c78a2db19004a5fdc76c50f9242aec,1,0.0,0.0,0.0,0.0,0.0,0.0
2.0,0.3,3.0,0.55,24,train,0xbc4397b7f01f347b7dfa35276ca73203f3348a80,1,0.0,0.0,0.0,0.0,0.0,0.0
2.0,0.3,3.0,0.55,24,train,0xbe3e194f0069013ae4a860b6c152131b2032c0cc,1,0.0,0.0,0.0,0.0,0.0,0.0
2.0,0.3,3.0,0.55,24,train,0xc7e90a703b7ca435089cb90b8b770353e52b0a80,1,0.0,0.0,0.0,0.0,0.0,0.0
2.0,0.3,3.0,0.55,24,train,0xe0a5a3ba19a680a72be08c39c5de4dddb1fe05c7,1,0.0,0.0,0.0,0.0,0.0,0.0
2.0,0.3,3.0,0.55,24,train,0xe5e702641ea86f4ae6cc3cdaed2b886f976be044,58,15.517241379310345,3.4482758620689653,0.45065696773290814,0.0,-9.853098211469009,5.172413793103448
2.0,0.3,3.0,0.55,24,train,0xf1ee073811b14359d850825e48d200483200edcd,1,0.0,0.0,0.0,0.0,0.0,0.0
2.0,0.3,3.0,0.7,6,test,0x0000000000000000000000000000000000000000,5,0.0,0.0,0.0,0.0,0.0,0.0
2.0,0.3,3.0,0.7,6,test,0x2565055891704afe3e844d5b34a318108ce64144,1,0.0,0.0,0.0,0.0,0.0,0.0
2.0,0.3,3.0,0.7,6,test,0x261b0f5e05eb05c6496728f1ae4969810dbe8a80,1,0.0,0.0,0.0,0.0,0.0,0.0
2.0,0.3,3.0,0.7,6,test,0xe5e702641ea86f4ae6cc3cdaed2b886f976be044,15,13.333333333333334,0.0,-4.71916290644271,0.0,-19.396725575320566,0.0
2.0,0.3,3.0,0.7,6,train,0x0000000000000000000000000000000000000000,17,5.88235294117647,0.0,-0.11705882352941194,0.0,0.0,0.0
2.0,0.3,3.0,0.7,6,train,0x00d18bc3fab01162f43f20c071559795fcaf4144,1,0.0,0.0,0.0,0.0,0.0,0.0
2.0,0.3,3.0,0.7,6,train,0x1e8bbf00d265e08a27e91bfbc1f9a4073c4b4144,1,0.0,0.0,0.0,0.0,0.0,0.0
2.0,0.3,3.0,0.7,6,train,0x332f85e7e323214b2d55286414b059ebb1f2a044,1,0.0,0.0,0.0,0.0,0.0,0.0
2.0,0.3,3.0,0.7,6,train,0x3ad9e44cb65e518e452bfcb78952ca45b66a8a80,1,0.0,0.0,0.0,0.0,0.0,0.0
2.0,0.3,3.0,0.7,6,train,0x3bf48564e102ddf0ffd19c998e6132eee8be5000,1,0.0,0.0,0.0,0.0,0.0,0.0
2.0,0.3,3.0,0.7,6,train,0x4e3468951d49f2eea976ed0d6e75ffcb44a9a544,2,0.0,0.0,0.0,0.0,0.0,0.0
2.0,0.3,3.0,0.7,6,train,0x6eaae6b721b6c896bbfc30d3a7f4999d5a94ca80,1,0.0,0.0,0.0,0.0,0.0,0.0
2.0,0.3,3.0,0.7,6,train,0x718793b91da00b21e5b11e89de3ec9b9b6234144,1,0.0,0.0,0.0,0.0,0.0,0.0
2.0,0.3,3.0,0.7,6,train,0x72cecfc6d9a07117d5d207537e0bfd4bdfdac0cc,1,0.0,0.0,0.0,0.0,0.0,0.0
2.0,0.3,3.0,0.7,6,train,0x75a54357d9c78a2db19004a5fdc76c50f9242aec,1,0.0,0.0,0.0,0.0,0.0,0.0
2.0,0.3,3.0,0.7,6,train,0xbc4397b7f01f347b7dfa35276ca73203f3348a80,1,0.0,0.0,0.0,0.0,0.0,0.0
2.0,0.3,3.0,0.7,6,train,0xbe3e194f0069013ae4a860b6c152131b2032c0cc,1,0.0,0.0,0.0,0.0,0.0,0.0
2.0,0.3,3.0,0.7,6,train,0xc7e90a703b7ca435089cb90b8b770353e52b0a80,1,0.0,0.0,0.0,0.0,0.0,0.0
2.0,0.3,3.0,0.7,6,train,0xe0a5a3ba19a680a72be08c39c5de4dddb1fe05c7,1,0.0,0.0,0.0,0.0,0.0,0.0
2.0,0.3,3.0,0.7,6,train,0xe5e702641ea86f4ae6cc3cdaed2b886f976be044,58,15.517241379310345,3.4482758620689653,-0.026330460185187414,0.0,-0.3429713156291634,5.172413793103448
2.0,0.3,3.0,0.7,6,train,0xf1ee073811b14359d850825e48d200483200edcd,1,0.0,0.0,0.0,0.0,0.0,0.0
2.0,0.3,3.0,0.7,12,test,0x0000000000000000000000000000000000000000,5,0.0,0.0,0.0,0.0,0.0,0.0
2.0,0.3,3.0,0.7,12,test,0x2565055891704afe3e844d5b34a318108ce64144,1,0.0,0.0,0.0,0.0,0.0,0.0
2.0,0.3,3.0,0.7,12,test,0x261b0f5e05eb05c6496728f1ae4969810dbe8a80,1,0.0,0.0,0.0,0.0,0.0,0.0
2.0,0.3,3.0,0.7,12,test,0xe5e702641ea86f4ae6cc3cdaed2b886f976be044,15,13.333333333333334,0.0,-4.71916290644271,0.0,-19.396725575320566,0.0
2.0,0.3,3.0,0.7,12,train,0x0000000000000000000000000000000000000000,17,5.88235294117647,0.0,-0.11705882352941194,0.0,0.0,0.0
2.0,0.3,3.0,0.7,12,train,0x00d18bc3fab01162f43f20c071559795fcaf4144,1,0.0,0.0,0.0,0.0,0.0,0.0
2.0,0.3,3.0,0.7,12,train,0x1e8bbf00d265e08a27e91bfbc1f9a4073c4b4144,1,0.0,0.0,0.0,0.0,0.0,0.0
2.0,0.3,3.0,0.7,12,train,0x332f85e7e323214b2d55286414b059ebb1f2a044,1,0.0,0.0,0.0,0.0,0.0,0.0
2.0,0.3,3.0,0.7,12,train,0x3ad9e44cb65e518e452bfcb78952ca45b66a8a80,1,0.0,0.0,0.0,0.0,0.0,0.0
2.0,0.3,3.0,0.7,12,train,0x3bf48564e102ddf0ffd19c998e6132eee8be5000,1,0.0,0.0,0.0,0.0,0.0,0.0
2.0,0.3,3.0,0.7,12,train,0x4e3468951d49f2eea976ed0d6e75ffcb44a9a544,2,0.0,0.0,0.0,0.0,0.0,0.0
2.0,0.3,3.0,0.7,12,train,0x6eaae6b721b6c896bbfc30d3a7f4999d5a94ca80,1,0.0,0.0,0.0,0.0,0.0,0.0
2.0,0.3,3.0,0.7,12,train,0x718793b91da00b21e5b11e89de3ec9b9b6234144,1,0.0,0.0,0.0,0.0,0.0,0.0
2.0,0.3,3.0,0.7,12,train,0x72cecfc6d9a07117d5d207537e0bfd4bdfdac0cc,1,0.0,0.0,0.0,0.0,0.0,0.0
2.0,0.3,3.0,0.7,12,train,0x75a54357d9c78a2db19004a5fdc76c50f9242aec,1,0.0,0.0,0.0,0.0,0.0,0.0
2.0,0.3,3.0,0.7,12,train,0xbc4397b7f01f347b7dfa35276ca73203f3348a80,1,0.0,0.0,0.0,0.0,0.0,0.0
2.0,0.3,3.0,0.7,12,train,0xbe3e194f0069013ae4a860b6c152131b2032c0cc,1,0.0,0.0,0.0,0.0,0.0,0.0
2.0,0.3,3.0,0.7,12,train,0xc7e90a703b7ca435089cb90b8b770353e52b0a80,1,0.0,0.0,0.0,0.0,0.0,0.0
2.0,0.3,3.0,0.7,12,train,0xe0a5a3ba19a680a72be08c39c5de4dddb1fe05c7,1,0.0,0.0,0.0,0.0,0.0,0.0
2.0,0.3,3.0,0.7,12,train,0xe5e702641ea86f4ae6cc3cdaed2b886f976be044,58,15.517241379310345,3.4482758620689653,-2.278771053246465,0.0,-14.850145435405905,3.4482758620689653
2.0,0.3,3.0,0.7,12,train,0xf1ee073811b14359d850825e48d200483200edcd,1,0.0,0.0,0.0,0.0,0.0,0.0
2.0,0.3,3.0,0.7,24,test,0x0000000000000000000000000000000000000000,5,0.0,0.0,0.0,0.0,0.0,0.0
2.0,0.3,3.0,0.7,24,test,0x2565055891704afe3e844d5b34a318108ce64144,1,0.0,0.0,0.0,0.0,0.0,0.0
2.0,0.3,3.0,0.7,24,test,0x261b0f5e05eb05c6496728f1ae4969810dbe8a80,1,0.0,0.0,0.0,0.0,0.0,0.0
2.0,0.3,3.0,0.7,24,test,0xe5e702641ea86f4ae6cc3cdaed2b886f976be044,15,13.333333333333334,0.0,-4.71916290644271,0.0,-19.396725575320566,0.0
2.0,0.3,3.0,0.7,24,train,0x0000000000000000000000000000000000000000,17,5.88235294117647,0.0,-0.11705882352941194,0.0,0.0,0.0
2.0,0.3,3.0,0.7,24,train,0x00d18bc3fab01162f43f20c071559795fcaf4144,1,0.0,0.0,0.0,0.0,0.0,0.0
2.0,0.3,3.0,0.7,24,train,0x1e8bbf00d265e08a27e91bfbc1f9a4073c4b4144,1,0.0,0.0,0.0,0.0,0.0,0.0
2.0,0.3,3.0,0.7,24,train,0x332f85e7e323214b2d55286414b059ebb1f2a044,1,0.0,0.0,0.0,0.0,0.0,0.0
2.0,0.3,3.0,0.7,24,train,0x3ad9e44cb65e518e452bfcb78952ca45b66a8a80,1,0.0,0.0,0.0,0.0,0.0,0.0
2.0,0.3,3.0,0.7,24,train,0x3bf48564e102ddf0ffd19c998e6132eee8be5000,1,0.0,0.0,0.0,0.0,0.0,0.0
2.0,0.3,3.0,0.7,24,train,0x4e3468951d49f2eea976ed0d6e75ffcb44a9a544,2,0.0,0.0,0.0,0.0,0.0,0.0
2.0,0.3,3.0,0.7,24,train,0x6eaae6b721b6c896bbfc30d3a7f4999d5a94ca80,1,0.0,0.0,0.0,0.0,0.0,0.0
2.0,0.3,3.0,0.7,24,train,0x718793b91da00b21e5b11e89de3ec9b9b6234144,1,0.0,0.0,0.0,0.0,0.0,0.0
2.0,0.3,3.0,0.7,24,train,0x72cecfc6d9a07117d5d207537e0bfd4bdfdac0cc,1,0.0,0.0,0.0,0.0,0.0,0.0
2.0,0.3,3.0,0.7,24,train,0x75a54357d9c78a2db19004a5fdc76c50f9242aec,1,0.0,0.0,0.0,0.0,0.0,0.0
2.0,0.3,3.0,0.7,24,train,0xbc4397b7f01f347b7dfa35276ca73203f3348a80,1,0.0,0.0,0.0,0.0,0.0,0.0
2.0,0.3,3.0,0.7,24,train,0xbe3e194f0069013ae4a860b6c152131b2032c0cc,1,0.0,0.0,0.0,0.0,0.0,0.0
2.0,0.3,3.0,0.7,24,train,0xc7e90a703b7ca435089cb90b8b770353e52b0a80,1,0.0,0.0,0.0,0.0,0.0,0.0
2.0,0.3,3.0,0.7,24,train,0xe0a5a3ba19a680a72be08c39c5de4dddb1fe05c7,1,0.0,0.0,0.0,0.0,0.0,0.0
2.0,0.3,3.0,0.7,24,train,0xe5e702641ea86f4ae6cc3cdaed2b886f976be044,58,15.517241379310345,3.4482758620689653,-0.552083796240077,0.0,-9.853098211469009,5.172413793103448
2.0,0.3,3.0,0.7,24,train,0xf1ee073811b14359d850825e48d200483200edcd,1,0.0,0.0,0.0,0.0,0.0,0.0
2.0,0.4,1.5,0.4,6,test,0x0000000000000000000000000000000000000000,5,0.0,0.0,0.0,0.0,0.0,0.0
2.0,0.4,1.5,0.4,6,test,0x2565055891704afe3e844d5b34a318108ce64144,1,0.0,0.0,0.0,0.0,0.0,0.0
2.0,0.4,1.5,0.4,6,test,0x261b0f5e05eb05c6496728f1ae4969810dbe8a80,1,0.0,0.0,0.0,0.0,0.0,0.0
2.0,0.4,1.5,0.4,6,test,0xe5e702641ea86f4ae6cc3cdaed2b886f976be044,15,13.333333333333334,0.0,-6.8879344674669944,0.0,-28.37115555614108,0.0
2.0,0.4,1.5,0.4,6,train,0x0000000000000000000000000000000000000000,17,5.88235294117647,0.0,-0.11705882352941194,0.0,0.0,0.0
2.0,0.4,1.5,0.4,6,train,0x00d18bc3fab01162f43f20c071559795fcaf4144,1,0.0,0.0,0.0,0.0,0.0,0.0
2.0,0.4,1.5,0.4,6,train,0x1e8bbf00d265e08a27e91bfbc1f9a4073c4b4144,1,0.0,0.0,0.0,0.0,0.0,0.0
2.0,0.4,1.5,0.4,6,train,0x332f85e7e323214b2d55286414b059ebb1f2a044,1,0.0,0.0,0.0,0.0,0.0,0.0
2.0,0.4,1.5,0.4,6,train,0x3ad9e44cb65e518e452bfcb78952ca45b66a8a80,1,0.0,0.0,0.0,0.0,0.0,0.0
2.0,0.4,1.5,0.4,6,train,0x3bf48564e102ddf0ffd19c998e6132eee8be5000,1,0.0,0.0,0.0,0.0,0.0,0.0
2.0,0.4,1.5,0.4,6,train,0x4e3468951d49f2eea976ed0d6e75ffcb44a9a544,2,0.0,0.0,0.0,0.0,0.0,0.0
2.0,0.4,1.5,0.4,6,train,0x6eaae6b721b6c896bbfc30d3a7f4999d5a94ca80,1,0.0,0.0,0.0,0.0,0.0,0.0
2.0,0.4,1.5,0.4,6,train,0x718793b91da00b21e5b11e89de3ec9b9b6234144,1,0.0,0.0,0.0,0.0,0.0,0.0
2.0,0.4,1.5,0.4,6,train,0x72cecfc6d9a07117d5d207537e0bfd4bdfdac0cc,1,0.0,0.0,0.0,0.0,0.0,0.0
2.0,0.4,1.5,0.4,6,train,0x75a54357d9c78a2db19004a5fdc76c50f9242aec,1,0.0,0.0,0.0,0.0,0.0,0.0
2.0,0.4,1.5,0.4,6,train,0xbc4397b7f01f347b7dfa35276ca73203f3348a80,1,0.0,0.0,0.0,0.0,0.0,0.0
2.0,0.4,1.5,0.4,6,train,0xbe3e194f0069013ae4a860b6c152131b2032c0cc,1,0.0,0.0,0.0,0.0,0.0,0.0
2.0,0.4,1.5,0.4,6,train,0xc7e90a703b7ca435089cb90b8b770353e52b0a80,1,0.0,0.0,0.0,0.0,0.0,0.0
2.0,0.4,1.5,0.4,6,train,0xe0a5a3ba19a680a72be08c39c5de4dddb1fe05c7,1,0.0,0.0,0.0,0.0,0.0,0.0
2.0,0.4,1.5,0.4,6,train,0xe5e702641ea86f4ae6cc3cdaed2b886f976be044,58,15.517241379310345,8.620689655172415,1.7100850944911936,0.0,0.0,8.620689655172415
2.0,0.4,1.5,0.4,6,train,0xf1ee073811b14359d850825e48d200483200edcd,1,0.0,0.0,0.0,0.0,0.0,0.0
2.0,0.4,1.5,0.4,12,test,0x0000000000000000000000000000000000000000,5,0.0,0.0,0.0,0.0,0.0,0.0
2.0,0.4,1.5,0.4,12,test,0x2565055891704afe3e844d5b34a318108ce64144,1,0.0,0.0,0.0,0.0,0.0,0.0
2.0,0.4,1.5,0.4,12,test,0x261b0f5e05eb05c6496728f1ae4969810dbe8a80,1,0.0,0.0,0.0,0.0,0.0,0.0
2.0,0.4,1.5,0.4,12,test,0xe5e702641ea86f4ae6cc3cdaed2b886f976be044,15,13.333333333333334,0.0,-6.8879344674669944,0.0,-28.37115555614108,0.0
2.0,0.4,1.5,0.4,12,train,0x0000000000000000000000000000000000000000,17,5.88235294117647,0.0,-0.11705882352941194,0.0,0.0,0.0
2.0,0.4,1.5,0.4,12,train,0x00d18bc3fab01162f43f20c071559795fcaf4144,1,0.0,0.0,0.0,0.0,0.0,0.0
2.0,0.4,1.5,0.4,12,train,0x1e8bbf00d265e08a27e91bfbc1f9a4073c4b4144,1,0.0,0.0,0.0,0.0,0.0,0.0
2.0,0.4,1.5,0.4,12,train,0x332f85e7e323214b2d55286414b059ebb1f2a044,1,0.0,0.0,0.0,0.0,0.0,0.0
2.0,0.4,1.5,0.4,12,train,0x3ad9e44cb65e518e452bfcb78952ca45b66a8a80,1,0.0,0.0,0.0,0.0,0.0,0.0
2.0,0.4,1.5,0.4,12,train,0x3bf48564e102ddf0ffd19c998e6132eee8be5000,1,0.0,0.0,0.0,0.0,0.0,0.0
2.0,0.4,1.5,0.4,12,train,0x4e3468951d49f2eea976ed0d6e75ffcb44a9a544,2,0.0,0.0,0.0,0.0,0.0,0.0
2.0,0.4,1.5,0.4,12,train,0x6eaae6b721b6c896bbfc30d3a7f4999d5a94ca80,1,0.0,0.0,0.0,0.0,0.0,0.0
2.0,0.4,1.5,0.4,12,train,0x718793b91da00b21e5b11e89de3ec9b9b6234144,1,0.0,0.0,0.0,0.0,0.0,0.0
2.0,0.4,1.5,0.4,12,train,0x72cecfc6d9a07117d5d207537e0bfd4bdfdac0cc,1,0.0,0.0,0.0,0.0,0.0,0.0
2.0,0.4,1.5,0.4,12,train,0x75a54357d9c78a2db19004a5fdc76c50f9242aec,1,0.0,0.0,0.0,0.0,0.0,0.0
2.0,0.4,1.5,0.4,12,train,0xbc4397b7f01f347b7dfa35276ca73203f3348a80,1,0.0,0.0,0.0,0.0,0.0,0.0
2.0,0.4,1.5,0.4,12,train,0xbe3e194f0069013ae4a860b6c152131b2032c0cc,1,0.0,0.0,0.0,0.0,0.0,0.0
2.0,0.4,1.5,0.4,12,train,0xc7e90a703b7ca435089cb90b8b770353e52b0a80,1,0.0,0.0,0.0,0.0,0.0,0.0
2.0,0.4,1.5,0.4,12,train,0xe0a5a3ba19a680a72be08c39c5de4dddb1fe05c7,1,0.0,0.0,0.0,0.0,0.0,0.0
2.0,0.4,1.5,0.4,12,train,0xe5e702641ea86f4ae6cc3cdaed2b886f976be044,58,15.517241379310345,8.620689655172415,1.7100850944911936,0.0,0.0,8.620689655172415
2.0,0.4,1.5,0.4,12,train,0xf1ee073811b14359d850825e48d200483200edcd,1,0.0,0.0,0.0,0.0,0.0,0.0
2.0,0.4,1.5,0.4,24,test,0x0000000000000000000000000000000000000000,5,0.0,0.0,0.0,0.0,0.0,0.0
2.0,0.4,1.5,0.4,24,test,0x2565055891704afe3e844d5b34a318108ce64144,1,0.0,0.0,0.0,0.0,0.0,0.0
2.0,0.4,1.5,0.4,24,test,0x261b0f5e05eb05c6496728f1ae4969810dbe8a80,1,0.0,0.0,0.0,0.0,0.0,0.0
2.0,0.4,1.5,0.4,24,test,0xe5e702641ea86f4ae6cc3cdaed2b886f976be044,15,13.333333333333334,0.0,-6.8879344674669944,0.0,-28.37115555614108,0.0
2.0,0.4,1.5,0.4,24,train,0x0000000000000000000000000000000000000000,17,5.88235294117647,0.0,-0.11705882352941194,0.0,0.0,0.0
2.0,0.4,1.5,0.4,24,train,0x00d18bc3fab01162f43f20c071559795fcaf4144,1,0.0,0.0,0.0,0.0,0.0,0.0
2.0,0.4,1.5,0.4,24,train,0x1e8bbf00d265e08a27e91bfbc1f9a4073c4b4144,1,0.0,0.0,0.0,0.0,0.0,0.0
2.0,0.4,1.5,0.4,24,train,0x332f85e7e323214b2d55286414b059ebb1f2a044,1,0.0,0.0,0.0,0.0,0.0,0.0
2.0,0.4,1.5,0.4,24,train,0x3ad9e44cb65e518e452bfcb78952ca45b66a8a80,1,0.0,0.0,0.0,0.0,0.0,0.0
2.0,0.4,1.5,0.4,24,train,0x3bf48564e102ddf0ffd19c998e6132eee8be5000,1,0.0,0.0,0.0,0.0,0.0,0.0
2.0,0.4,1.5,0.4,24,train,0x4e3468951d49f2eea976ed0d6e75ffcb44a9a544,2,0.0,0.0,0.0,0.0,0.0,0.0
2.0,0.4,1.5,0.4,24,train,0x6eaae6b721b6c896bbfc30d3a7f4999d5a94ca80,1,0.0,0.0,0.0,0.0,0.0,0.0
2.0,0.4,1.5,0.4,24,train,0x718793b91da00b21e5b11e89de3ec9b9b6234144,1,0.0,0.0,0.0,0.0,0.0,0.0
2.0,0.4,1.5,0.4,24,train,0x72cecfc6d9a07117d5d207537e0bfd4bdfdac0cc,1,0.0,0.0,0.0,0.0,0.0,0.0
2.0,0.4,1.5,0.4,24,train,0x75a54357d9c78a2db19004a5fdc76c50f9242aec,1,0.0,0.0,0.0,0.0,0.0,0.0
2.0,0.4,1.5,0.4,24,train,0xbc4397b7f01f347b7dfa35276ca73203f3348a80,1,0.0,0.0,0.0,0.0,0.0,0.0
2.0,0.4,1.5,0.4,24,train,0xbe3e194f0069013ae4a860b6c152131b2032c0cc,1,0.0,0.0,0.0,0.0,0.0,0.0
2.0,0.4,1.5,0.4,24,train,0xc7e90a703b7ca435089cb90b8b770353e52b0a80,1,0.0,0.0,0.0,0.0,0.0,0.0
2.0,0.4,1.5,0.4,24,train,0xe0a5a3ba19a680a72be08c39c5de4dddb1fe05c7,1,0.0,0.0,0.0,0.0,0.0,0.0
2.0,0.4,1.5,0.4,24,train,0xe5e702641ea86f4ae6cc3cdaed2b886f976be044,58,15.517241379310345,8.620689655172415,1.7100850944911936,0.0,0.0,8.620689655172415
2.0,0.4,1.5,0.4,24,train,0xf1ee073811b14359d850825e48d200483200edcd,1,0.0,0.0,0.0,0.0,0.0,0.0
2.0,0.4,1.5,0.55,6,test,0x0000000000000000000000000000000000000000,5,0.0,0.0,0.0,0.0,0.0,0.0
2.0,0.4,1.5,0.55,6,test,0x2565055891704afe3e844d5b34a318108ce64144,1,0.0,0.0,0.0,0.0,0.0,0.0
2.0,0.4,1.5,0.55,6,test,0x261b0f5e05eb05c6496728f1ae4969810dbe8a80,1,0.0,0.0,0.0,0.0,0.0,0.0
2.0,0.4,1.5,0.55,6,test,0xe5e702641ea86f4ae6cc3cdaed2b886f976be044,15,13.333333333333334,0.0,-6.8879344674669944,0.0,-28.37115555614108,0.0
2.0,0.4,1.5,0.55,6,train,0x0000000000000000000000000000000000000000,17,5.88235294117647,0.0,-0.11705882352941194,0.0,0.0,0.0
2.0,0.4,1.5,0.55,6,train,0x00d18bc3fab01162f43f20c071559795fcaf4144,1,0.0,0.0,0.0,0.0,0.0,0.0
2.0,0.4,1.5,0.55,6,train,0x1e8bbf00d265e08a27e91bfbc1f9a4073c4b4144,1,0.0,0.0,0.0,0.0,0.0,0.0
2.0,0.4,1.5,0.55,6,train,0x332f85e7e323214b2d55286414b059ebb1f2a044,1,0.0,0.0,0.0,0.0,0.0,0.0
2.0,0.4,1.5,0.55,6,train,0x3ad9e44cb65e518e452bfcb78952ca45b66a8a80,1,0.0,0.0,0.0,0.0,0.0,0.0
2.0,0.4,1.5,0.55,6,train,0x3bf48564e102ddf0ffd19c998e6132eee8be5000,1,0.0,0.0,0.0,0.0,0.0,0.0
2.0,0.4,1.5,0.55,6,train,0x4e3468951d49f2eea976ed0d6e75ffcb44a9a544,2,0.0,0.0,0.0,0.0,0.0,0.0
2.0,0.4,1.5,0.55,6,train,0x6eaae6b721b6c896bbfc30d3a7f4999d5a94ca80,1,0.0,0.0,0.0,0.0,0.0,0.0
2.0,0.4,1.5,0.55,6,train,0x718793b91da00b21e5b11e89de3ec9b9b6234144,1,0.0,0.0,0.0,0.0,0.0,0.0
2.0,0.4,1.5,0.55,6,train,0x72cecfc6d9a07117d5d207537e0bfd4bdfdac0cc,1,0.0,0.0,0.0,0.0,0.0,0.0
2.0,0.4,1.5,0.55,6,train,0x75a54357d9c78a2db19004a5fdc76c50f9242aec,1,0.0,0.0,0.0,0.0,0.0,0.0
2.0,0.4,1.5,0.55,6,train,0xbc4397b7f01f347b7dfa35276ca73203f3348a80,1,0.0,0.0,0.0,0.0,0.0,0.0
2.0,0.4,1.5,0.55,6,train,0xbe3e194f0069013ae4a860b6c152131b2032c0cc,1,0.0,0.0,0.0,0.0,0.0,0.0
2.0,0.4,1.5,0.55,6,train,0xc7e90a703b7ca435089cb90b8b770353e52b0a80,1,0.0,0.0,0.0,0.0,0.0,0.0
2.0,0.4,1.5,0.55,6,train,0xe0a5a3ba19a680a72be08c39c5de4dddb1fe05c7,1,0.0,0.0,0.0,0.0,0.0,0.0
2.0,0.4,1.5,0.55,6,train,0xe5e702641ea86f4ae6cc3cdaed2b886f976be044,58,15.517241379310345,8.620689655172415,1.1807372698783007,0.0,0.0,8.620689655172415
2.0,0.4,1.5,0.55,6,train,0xf1ee073811b14359d850825e48d200483200edcd,1,0.0,0.0,0.0,0.0,0.0,0.0
2.0,0.4,1.5,0.55,12,test,0x0000000000000000000000000000000000000000,5,0.0,0.0,0.0,0.0,0.0,0.0
2.0,0.4,1.5,0.55,12,test,0x2565055891704afe3e844d5b34a318108ce64144,1,0.0,0.0,0.0,0.0,0.0,0.0
2.0,0.4,1.5,0.55,12,test,0x261b0f5e05eb05c6496728f1ae4969810dbe8a80,1,0.0,0.0,0.0,0.0,0.0,0.0
2.0,0.4,1.5,0.55,12,test,0xe5e702641ea86f4ae6cc3cdaed2b886f976be044,15,13.333333333333334,0.0,-6.8879344674669944,0.0,-28.37115555614108,0.0
2.0,0.4,1.5,0.55,12,train,0x0000000000000000000000000000000000000000,17,5.88235294117647,0.0,-0.11705882352941194,0.0,0.0,0.0
2.0,0.4,1.5,0.55,12,train,0x00d18bc3fab01162f43f20c071559795fcaf4144,1,0.0,0.0,0.0,0.0,0.0,0.0
2.0,0.4,1.5,0.55,12,train,0x1e8bbf00d265e08a27e91bfbc1f9a4073c4b4144,1,0.0,0.0,0.0,0.0,0.0,0.0
2.0,0.4,1.5,0.55,12,train,0x332f85e7e323214b2d55286414b059ebb1f2a044,1,0.0,0.0,0.0,0.0,0.0,0.0
2.0,0.4,1.5,0.55,12,train,0x3ad9e44cb65e518e452bfcb78952ca45b66a8a80,1,0.0,0.0,0.0,0.0,0.0,0.0
2.0,0.4,1.5,0.55,12,train,0x3bf48564e102ddf0ffd19c998e6132eee8be5000,1,0.0,0.0,0.0,0.0,0.0,0.0
2.0,0.4,1.5,0.55,12,train,0x4e3468951d49f2eea976ed0d6e75ffcb44a9a544,2,0.0,0.0,0.0,0.0,0.0,0.0
2.0,0.4,1.5,0.55,12,train,0x6eaae6b721b6c896bbfc30d3a7f4999d5a94ca80,1,0.0,0.0,0.0,0.0,0.0,0.0
2.0,0.4,1.5,0.55,12,train,0x718793b91da00b21e5b11e89de3ec9b9b6234144,1,0.0,0.0,0.0,0.0,0.0,0.0
2.0,0.4,1.5,0.55,12,train,0x72cecfc6d9a07117d5d207537e0bfd4bdfdac0cc,1,0.0,0.0,0.0,0.0,0.0,0.0
2.0,0.4,1.5,0.55,12,train,0x75a54357d9c78a2db19004a5fdc76c50f9242aec,1,0.0,0.0,0.0,0.0,0.0,0.0
2.0,0.4,1.5,0.55,12,train,0xbc4397b7f01f347b7dfa35276ca73203f3348a80,1,0.0,0.0,0.0,0.0,0.0,0.0
2.0,0.4,1.5,0.55,12,train,0xbe3e194f0069013ae4a860b6c152131b2032c0cc,1,0.0,0.0,0.0,0.0,0.0,0.0
2.0,0.4,1.5,0.55,12,train,0xc7e90a703b7ca435089cb90b8b770353e52b0a80,1,0.0,0.0,0.0,0.0,0.0,0.0
2.0,0.4,1.5,0.55,12,train,0xe0a5a3ba19a680a72be08c39c5de4dddb1fe05c7,1,0.0,0.0,0.0,0.0,0.0,0.0
2.0,0.4,1.5,0.55,12,train,0xe5e702641ea86f4ae6cc3cdaed2b886f976be044,58,15.517241379310345,8.620689655172415,1.1807372698783007,0.0,0.0,8.620689655172415
2.0,0.4,1.5,0.55,12,train,0xf1ee073811b14359d850825e48d200483200edcd,1,0.0,0.0,0.0,0.0,0.0,0.0
2.0,0.4,1.5,0.55,24,test,0x0000000000000000000000000000000000000000,5,0.0,0.0,0.0,0.0,0.0,0.0
2.0,0.4,1.5,0.55,24,test,0x2565055891704afe3e844d5b34a318108ce64144,1,0.0,0.0,0.0,0.0,0.0,0.0
2.0,0.4,1.5,0.55,24,test,0x261b0f5e05eb05c6496728f1ae4969810dbe8a80,1,0.0,0.0,0.0,0.0,0.0,0.0
2.0,0.4,1.5,0.55,24,test,0xe5e702641ea86f4ae6cc3cdaed2b886f976be044,15,13.333333333333334,0.0,-6.8879344674669944,0.0,-28.37115555614108,0.0
2.0,0.4,1.5,0.55,24,train,0x0000000000000000000000000000000000000000,17,5.88235294117647,0.0,-0.11705882352941194,0.0,0.0,0.0
2.0,0.4,1.5,0.55,24,train,0x00d18bc3fab01162f43f20c071559795fcaf4144,1,0.0,0.0,0.0,0.0,0.0,0.0
2.0,0.4,1.5,0.55,24,train,0x1e8bbf00d265e08a27e91bfbc1f9a4073c4b4144,1,0.0,0.0,0.0,0.0,0.0,0.0
2.0,0.4,1.5,0.55,24,train,0x332f85e7e323214b2d55286414b059ebb1f2a044,1,0.0,0.0,0.0,0.0,0.0,0.0
2.0,0.4,1.5,0.55,24,train,0x3ad9e44cb65e518e452bfcb78952ca45b66a8a80,1,0.0,0.0,0.0,0.0,0.0,0.0
2.0,0.4,1.5,0.55,24,train,0x3bf48564e102ddf0ffd19c998e6132eee8be5000,1,0.0,0.0,0.0,0.0,0.0,0.0
2.0,0.4,1.5,0.55,24,train,0x4e3468951d49f2eea976ed0d6e75ffcb44a9a544,2,0.0,0.0,0.0,0.0,0.0,0.0
2.0,0.4,1.5,0.55,24,train,0x6eaae6b721b6c896bbfc30d3a7f4999d5a94ca80,1,0.0,0.0,0.0,0.0,0.0,0.0
2.0,0.4,1.5,0.55,24,train,0x718793b91da00b21e5b11e89de3ec9b9b6234144,1,0.0,0.0,0.0,0.0,0.0,0.0
2.0,0.4,1.5,0.55,24,train,0x72cecfc6d9a07117d5d207537e0bfd4bdfdac0cc,1,0.0,0.0,0.0,0.0,0.0,0.0
2.0,0.4,1.5,0.55,24,train,0x75a54357d9c78a2db19004a5fdc76c50f9242aec,1,0.0,0.0,0.0,0.0,0.0,0.0
2.0,0.4,1.5,0.55,24,train,0xbc4397b7f01f347b7dfa35276ca73203f3348a80,1,0.0,0.0,0.0,0.0,0.0,0.0
2.0,0.4,1.5,0.55,24,train,0xbe3e194f0069013ae4a860b6c152131b2032c0cc,1,0.0,0.0,0.0,0.0,0.0,0.0
2.0,0.4,1.5,0.55,24,train,0xc7e90a703b7ca435089cb90b8b770353e52b0a80,1,0.0,0.0,0.0,0.0,0.0,0.0
2.0,0.4,1.5,0.55,24,train,0xe0a5a3ba19a680a72be08c39c5de4dddb1fe05c7,1,0.0,0.0,0.0,0.0,0.0,0.0
2.0,0.4,1.5,0.55,24,train,0xe5e702641ea86f4ae6cc3cdaed2b886f976be044,58,15.517241379310345,8.620689655172415,1.1807372698783007,0.0,0.0,8.620689655172415
2.0,0.4,1.5,0.55,24,train,0xf1ee073811b14359d850825e48d200483200edcd,1,0.0,0.0,0.0,0.0,0.0,0.0
2.0,0.4,1.5,0.7,6,test,0x0000000000000000000000000000000000000000,5,0.0,0.0,0.0,0.0,0.0,0.0
2.0,0.4,1.5,0.7,6,test,0x2565055891704afe3e844d5b34a318108ce64144,1,0.0,0.0,0.0,0.0,0.0,0.0
2.0,0.4,1.5,0.7,6,test,0x261b0f5e05eb05c6496728f1ae4969810dbe8a80,1,0.0,0.0,0.0,0.0,0.0,0.0
2.0,0.4,1.5,0.7,6,test,0xe5e702641ea86f4ae6cc3cdaed2b886f976be044,15,13.333333333333334,0.0,-6.8879344674669944,0.0,-28.37115555614108,0.0
2.0,0.4,1.5,0.7,6,train,0x0000000000000000000000000000000000000000,17,5.88235294117647,0.0,-0.11705882352941194,0.0,0.0,0.0
2.0,0.4,1.5,0.7,6,train,0x00d18bc3fab01162f43f20c071559795fcaf4144,1,0.0,0.0,0.0,0.0,0.0,0.0
2.0,0.4,1.5,0.7,6,train,0x1e8bbf00d265e08a27e91bfbc1f9a4073c4b4144,1,0.0,0.0,0.0,0.0,0.0,0.0
2.0,0.4,1.5,0.7,6,train,0x332f85e7e323214b2d55286414b059ebb1f2a044,1,0.0,0.0,0.0,0.0,0.0,0.0
2.0,0.4,1.5,0.7,6,train,0x3ad9e44cb65e518e452bfcb78952ca45b66a8a80,1,0.0,0.0,0.0,0.0,0.0,0.0
2.0,0.4,1.5,0.7,6,train,0x3bf48564e102ddf0ffd19c998e6132eee8be5000,1,0.0,0.0,0.0,0.0,0.0,0.0
2.0,0.4,1.5,0.7,6,train,0x4e3468951d49f2eea976ed0d6e75ffcb44a9a544,2,0.0,0.0,0.0,0.0,0.0,0.0
2.0,0.4,1.5,0.7,6,train,0x6eaae6b721b6c896bbfc30d3a7f4999d5a94ca80,1,0.0,0.0,0.0,0.0,0.0,0.0
2.0,0.4,1.5,0.7,6,train,0x718793b91da00b21e5b11e89de3ec9b9b6234144,1,0.0,0.0,0.0,0.0,0.0,0.0
2.0,0.4,1.5,0.7,6,train,0x72cecfc6d9a07117d5d207537e0bfd4bdfdac0cc,1,0.0,0.0,0.0,0.0,0.0,0.0
2.0,0.4,1.5,0.7,6,train,0x75a54357d9c78a2db19004a5fdc76c50f9242aec,1,0.0,0.0,0.0,0.0,0.0,0.0
2.0,0.4,1.5,0.7,6,train,0xbc4397b7f01f347b7dfa35276ca73203f3348a80,1,0.0,0.0,0.0,0.0,0.0,0.0
2.0,0.4,1.5,0.7,6,train,0xbe3e194f0069013ae4a860b6c152131b2032c0cc,1,0.0,0.0,0.0,0.0,0.0,0.0
2.0,0.4,1.5,0.7,6,train,0xc7e90a703b7ca435089cb90b8b770353e52b0a80,1,0.0,0.0,0.0,0.0,0.0,0.0
2.0,0.4,1.5,0.7,6,train,0xe0a5a3ba19a680a72be08c39c5de4dddb1fe05c7,1,0.0,0.0,0.0,0.0,0.0,0.0
2.0,0.4,1.5,0.7,6,train,0xe5e702641ea86f4ae6cc3cdaed2b886f976be044,58,15.517241379310345,8.620689655172415,0.29525125446959444,0.0,0.0,8.620689655172415
2.0,0.4,1.5,0.7,6,train,0xf1ee073811b14359d850825e48d200483200edcd,1,0.0,0.0,0.0,0.0,0.0,0.0
2.0,0.4,1.5,0.7,12,test,0x0000000000000000000000000000000000000000,5,0.0,0.0,0.0,0.0,0.0,0.0
2.0,0.4,1.5,0.7,12,test,0x2565055891704afe3e844d5b34a318108ce64144,1,0.0,0.0,0.0,0.0,0.0,0.0
2.0,0.4,1.5,0.7,12,test,0x261b0f5e05eb05c6496728f1ae4969810dbe8a80,1,0.0,0.0,0.0,0.0,0.0,0.0
2.0,0.4,1.5,0.7,12,test,0xe5e702641ea86f4ae6cc3cdaed2b886f976be044,15,13.333333333333334,0.0,-6.8879344674669944,0.0,-28.37115555614108,0.0
2.0,0.4,1.5,0.7,12,train,0x0000000000000000000000000000000000000000,17,5.88235294117647,0.0,-0.11705882352941194,0.0,0.0,0.0
2.0,0.4,1.5,0.7,12,train,0x00d18bc3fab01162f43f20c071559795fcaf4144,1,0.0,0.0,0.0,0.0,0.0,0.0
2.0,0.4,1.5,0.7,12,train,0x1e8bbf00d265e08a27e91bfbc1f9a4073c4b4144,1,0.0,0.0,0.0,0.0,0.0,0.0
2.0,0.4,1.5,0.7,12,train,0x332f85e7e323214b2d55286414b059ebb1f2a044,1,0.0,0.0,0.0,0.0,0.0,0.0
2.0,0.4,1.5,0.7,12,train,0x3ad9e44cb65e518e452bfcb78952ca45b66a8a80,1,0.0,0.0,0.0,0.0,0.0,0.0
2.0,0.4,1.5,0.7,12,train,0x3bf48564e102ddf0ffd19c998e6132eee8be5000,1,0.0,0.0,0.0,0.0,0.0,0.0
2.0,0.4,1.5,0.7,12,train,0x4e3468951d49f2eea976ed0d6e75ffcb44a9a544,2,0.0,0.0,0.0,0.0,0.0,0.0
2.0,0.4,1.5,0.7,12,train,0x6eaae6b721b6c896bbfc30d3a7f4999d5a94ca80,1,0.0,0.0,0.0,0.0,0.0,0.0
2.0,0.4,1.5,0.7,12,train,0x718793b91da00b21e5b11e89de3ec9b9b6234144,1,0.0,0.0,0.0,0.0,0.0,0.0
2.0,0.4,1.5,0.7,12,train,0x72cecfc6d9a07117d5d207537e0bfd4bdfdac0cc,1,0.0,0.0,0.0,0.0,0.0,0.0
2.0,0.4,1.5,0.7,12,train,0x75a54357d9c78a2db19004a5fdc76c50f9242aec,1,0.0,0.0,0.0,0.0,0.0,0.0
2.0,0.4,1.5,0.7,12,train,0xbc4397b7f01f347b7dfa35276ca73203f3348a80,1,0.0,0.0,0.0,0.0,0.0,0.0
2.0,0.4,1.5,0.7,12,train,0xbe3e194f0069013ae4a860b6c152131b2032c0cc,1,0.0,0.0,0.0,0.0,0.0,0.0
2.0,0.4,1.5,0.7,12,train,0xc7e90a703b7ca435089cb90b8b770353e52b0a80,1,0.0,0.0,0.0,0.0,0.0,0.0
2.0,0.4,1.5,0.7,12,train,0xe0a5a3ba19a680a72be08c39c5de4dddb1fe05c7,1,0.0,0.0,0.0,0.0,0.0,0.0
2.0,0.4,1.5,0.7,12,train,0xe5e702641ea86f4ae6cc3cdaed2b886f976be044,58,15.517241379310345,8.620689655172415,0.29525125446959444,0.0,0.0,8.620689655172415
2.0,0.4,1.5,0.7,12,train,0xf1ee073811b14359d850825e48d200483200edcd,1,0.0,0.0,0.0,0.0,0.0,0.0
2.0,0.4,1.5,0.7,24,test,0x0000000000000000000000000000000000000000,5,0.0,0.0,0.0,0.0,0.0,0.0
2.0,0.4,1.5,0.7,24,test,0x2565055891704afe3e844d5b34a318108ce64144,1,0.0,0.0,0.0,0.0,0.0,0.0
2.0,0.4,1.5,0.7,24,test,0x261b0f5e05eb05c6496728f1ae4969810dbe8a80,1,0.0,0.0,0.0,0.0,0.0,0.0
2.0,0.4,1.5,0.7,24,test,0xe5e702641ea86f4ae6cc3cdaed2b886f976be044,15,13.333333333333334,0.0,-6.8879344674669944,0.0,-28.37115555614108,0.0
2.0,0.4,1.5,0.7,24,train,0x0000000000000000000000000000000000000000,17,5.88235294117647,0.0,-0.11705882352941194,0.0,0.0,0.0
2.0,0.4,1.5,0.7,24,train,0x00d18bc3fab01162f43f20c071559795fcaf4144,1,0.0,0.0,0.0,0.0,0.0,0.0
2.0,0.4,1.5,0.7,24,train,0x1e8bbf00d265e08a27e91bfbc1f9a4073c4b4144,1,0.0,0.0,0.0,0.0,0.0,0.0
2.0,0.4,1.5,0.7,24,train,0x332f85e7e323214b2d55286414b059ebb1f2a044,1,0.0,0.0,0.0,0.0,0.0,0.0
2.0,0.4,1.5,0.7,24,train,0x3ad9e44cb65e518e452bfcb78952ca45b66a8a80,1,0.0,0.0,0.0,0.0,0.0,0.0
2.0,0.4,1.5,0.7,24,train,0x3bf48564e102ddf0ffd19c998e6132eee8be5000,1,0.0,0.0,0.0,0.0,0.0,0.0
2.0,0.4,1.5,0.7,24,train,0x4e3468951d49f2eea976ed0d6e75ffcb44a9a544,2,0.0,0.0,0.0,0.0,0.0,0.0
2.0,0.4,1.5,0.7,24,train,0x6eaae6b721b6c896bbfc30d3a7f4999d5a94ca80,1,0.0,0.0,0.0,0.0,0.0,0.0
2.0,0.4,1.5,0.7,24,train,0x718793b91da00b21e5b11e89de3ec9b9b6234144,1,0.0,0.0,0.0,0.0,0.0,0.0
2.0,0.4,1.5,0.7,24,train,0x72cecfc6d9a07117d5d207537e0bfd4bdfdac0cc,1,0.0,0.0,0.0,0.0,0.0,0.0
2.0,0.4,1.5,0.7,24,train,0x75a54357d9c78a2db19004a5fdc76c50f9242aec,1,0.0,0.0,0.0,0.0,0.0,0.0
2.0,0.4,1.5,0.7,24,train,0xbc4397b7f01f347b7dfa35276ca73203f3348a80,1,0.0,0.0,0.0,0.0,0.0,0.0
2.0,0.4,1.5,0.7,24,train,0xbe3e194f0069013ae4a860b6c152131b2032c0cc,1,0.0,0.0,0.0,0.0,0.0,0.0
2.0,0.4,1.5,0.7,24,train,0xc7e90a703b7ca435089cb90b8b770353e52b0a80,1,0.0,0.0,0.0,0.0,0.0,0.0
2.0,0.4,1.5,0.7,24,train,0xe0a5a3ba19a680a72be08c39c5de4dddb1fe05c7,1,0.0,0.0,0.0,0.0,0.0,0.0
2.0,0.4,1.5,0.7,24,train,0xe5e702641ea86f4ae6cc3cdaed2b886f976be044,58,15.517241379310345,8.620689655172415,0.29525125446959444,0.0,0.0,8.620689655172415
2.0,0.4,1.5,0.7,24,train,0xf1ee073811b14359d850825e48d200483200edcd,1,0.0,0.0,0.0,0.0,0.0,0.0
2.0,0.4,2.0,0.4,6,test,0x0000000000000000000000000000000000000000,5,0.0,0.0,0.0,0.0,0.0,0.0
2.0,0.4,2.0,0.4,6,test,0x2565055891704afe3e844d5b34a318108ce64144,1,0.0,0.0,0.0,0.0,0.0,0.0
2.0,0.4,2.0,0.4,6,test,0x261b0f5e05eb05c6496728f1ae4969810dbe8a80,1,0.0,0.0,0.0,0.0,0.0,0.0
2.0,0.4,2.0,0.4,6,test,0xe5e702641ea86f4ae6cc3cdaed2b886f976be044,15,13.333333333333334,0.0,-6.8879344674669944,0.0,-28.37115555614108,0.0
2.0,0.4,2.0,0.4,6,train,0x0000000000000000000000000000000000000000,17,5.88235294117647,0.0,-0.11705882352941194,0.0,0.0,0.0
2.0,0.4,2.0,0.4,6,train,0x00d18bc3fab01162f43f20c071559795fcaf4144,1,0.0,0.0,0.0,0.0,0.0,0.0
2.0,0.4,2.0,0.4,6,train,0x1e8bbf00d265e08a27e91bfbc1f9a4073c4b4144,1,0.0,0.0,0.0,0.0,0.0,0.0
2.0,0.4,2.0,0.4,6,train,0x332f85e7e323214b2d55286414b059ebb1f2a044,1,0.0,0.0,0.0,0.0,0.0,0.0
2.0,0.4,2.0,0.4,6,train,0x3ad9e44cb65e518e452bfcb78952ca45b66a8a80,1,0.0,0.0,0.0,0.0,0.0,0.0
2.0,0.4,2.0,0.4,6,train,0x3bf48564e102ddf0ffd19c998e6132eee8be5000,1,0.0,0.0,0.0,0.0,0.0,0.0
2.0,0.4,2.0,0.4,6,train,0x4e3468951d49f2eea976ed0d6e75ffcb44a9a544,2,0.0,0.0,0.0,0.0,0.0,0.0
2.0,0.4,2.0,0.4,6,train,0x6eaae6b721b6c896bbfc30d3a7f4999d5a94ca80,1,0.0,0.0,0.0,0.0,0.0,0.0
2.0,0.4,2.0,0.4,6,train,0x718793b91da00b21e5b11e89de3ec9b9b6234144,1,0.0,0.0,0.0,0.0,0.0,0.0
2.0,0.4,2.0,0.4,6,train,0x72cecfc6d9a07117d5d207537e0bfd4bdfdac0cc,1,0.0,0.0,0.0,0.0,0.0,0.0
2.0,0.4,2.0,0.4,6,train,0x75a54357d9c78a2db19004a5fdc76c50f9242aec,1,0.0,0.0,0.0,0.0,0.0,0.0
2.0,0.4,2.0,0.4,6,train,0xbc4397b7f01f347b7dfa35276ca73203f3348a80,1,0.0,0.0,0.0,0.0,0.0,0.0
2.0,0.4,2.0,0.4,6,train,0xbe3e194f0069013ae4a860b6c152131b2032c0cc,1,0.0,0.0,0.0,0.0,0.0,0.0
2.0,0.4,2.0,0.4,6,train,0xc7e90a703b7ca435089cb90b8b770353e52b0a80,1,0.0,0.0,0.0,0.0,0.0,0.0
2.0,0.4,2.0,0.4,6,train,0xe0a5a3ba19a680a72be08c39c5de4dddb1fe05c7,1,0.0,0.0,0.0,0.0,0.0,0.0
2.0,0.4,2.0,0.4,6,train,0xe5e702641ea86f4ae6cc3cdaed2b886f976be044,58,15.517241379310345,6.896551724137931,2.0181646518063054,0.0,0.0,6.896551724137931
2.0,0.4,2.0,0.4,6,train,0xf1ee073811b14359d850825e48d200483200edcd,1,0.0,0.0,0.0,0.0,0.0,0.0
2.0,0.4,2.0,0.4,12,test,0x0000000000000000000000000000000000000000,5,0.0,0.0,0.0,0.0,0.0,0.0
2.0,0.4,2.0,0.4,12,test,0x2565055891704afe3e844d5b34a318108ce64144,1,0.0,0.0,0.0,0.0,0.0,0.0
2.0,0.4,2.0,0.4,12,test,0x261b0f5e05eb05c6496728f1ae4969810dbe8a80,1,0.0,0.0,0.0,0.0,0.0,0.0
2.0,0.4,2.0,0.4,12,test,0xe5e702641ea86f4ae6cc3cdaed2b886f976be044,15,13.333333333333334,0.0,-6.8879344674669944,0.0,-28.37115555614108,0.0
2.0,0.4,2.0,0.4,12,train,0x0000000000000000000000000000000000000000,17,5.88235294117647,0.0,-0.11705882352941194,0.0,0.0,0.0
2.0,0.4,2.0,0.4,12,train,0x00d18bc3fab01162f43f20c071559795fcaf4144,1,0.0,0.0,0.0,0.0,0.0,0.0
2.0,0.4,2.0,0.4,12,train,0x1e8bbf00d265e08a27e91bfbc1f9a4073c4b4144,1,0.0,0.0,0.0,0.0,0.0,0.0
2.0,0.4,2.0,0.4,12,train,0x332f85e7e323214b2d55286414b059ebb1f2a044,1,0.0,0.0,0.0,0.0,0.0,0.0
2.0,0.4,2.0,0.4,12,train,0x3ad9e44cb65e518e452bfcb78952ca45b66a8a80,1,0.0,0.0,0.0,0.0,0.0,0.0
2.0,0.4,2.0,0.4,12,train,0x3bf48564e102ddf0ffd19c998e6132eee8be5000,1,0.0,0.0,0.0,0.0,0.0,0.0
2.0,0.4,2.0,0.4,12,train,0x4e3468951d49f2eea976ed0d6e75ffcb44a9a544,2,0.0,0.0,0.0,0.0,0.0,0.0
2.0,0.4,2.0,0.4,12,train,0x6eaae6b721b6c896bbfc30d3a7f4999d5a94ca80,1,0.0,0.0,0.0,0.0,0.0,0.0
2.0,0.4,2.0,0.4,12,train,0x718793b91da00b21e5b11e89de3ec9b9b6234144,1,0.0,0.0,0.0,0.0,0.0,0.0
2.0,0.4,2.0,0.4,12,train,0x72cecfc6d9a07117d5d207537e0bfd4bdfdac0cc,1,0.0,0.0,0.0,0.0,0.0,0.0
2.0,0.4,2.0,0.4,12,train,0x75a54357d9c78a2db19004a5fdc76c50f9242aec,1,0.0,0.0,0.0,0.0,0.0,0.0
2.0,0.4,2.0,0.4,12,train,0xbc4397b7f01f347b7dfa35276ca73203f3348a80,1,0.0,0.0,0.0,0.0,0.0,0.0
2.0,0.4,2.0,0.4,12,train,0xbe3e194f0069013ae4a860b6c152131b2032c0cc,1,0.0,0.0,0.0,0.0,0.0,0.0
2.0,0.4,2.0,0.4,12,train,0xc7e90a703b7ca435089cb90b8b770353e52b0a80,1,0.0,0.0,0.0,0.0,0.0,0.0
2.0,0.4,2.0,0.4,12,train,0xe0a5a3ba19a680a72be08c39c5de4dddb1fe05c7,1,0.0,0.0,0.0,0.0,0.0,0.0
2.0,0.4,2.0,0.4,12,train,0xe5e702641ea86f4ae6cc3cdaed2b886f976be044,58,15.517241379310345,6.896551724137931,1.9147956660722611,0.0,0.0,6.896551724137931
2.0,0.4,2.0,0.4,12,train,0xf1ee073811b14359d850825e48d200483200edcd,1,0.0,0.0,0.0,0.0,0.0,0.0
2.0,0.4,2.0,0.4,24,test,0x0000000000000000000000000000000000000000,5,0.0,0.0,0.0,0.0,0.0,0.0
2.0,0.4,2.0,0.4,24,test,0x2565055891704afe3e844d5b34a318108ce64144,1,0.0,0.0,0.0,0.0,0.0,0.0
2.0,0.4,2.0,0.4,24,test,0x261b0f5e05eb05c6496728f1ae4969810dbe8a80,1,0.0,0.0,0.0,0.0,0.0,0.0
2.0,0.4,2.0,0.4,24,test,0xe5e702641ea86f4ae6cc3cdaed2b886f976be044,15,13.333333333333334,0.0,-6.8879344674669944,0.0,-28.37115555614108,0.0
2.0,0.4,2.0,0.4,24,train,0x0000000000000000000000000000000000000000,17,5.88235294117647,0.0,-0.11705882352941194,0.0,0.0,0.0
2.0,0.4,2.0,0.4,24,train,0x00d18bc3fab01162f43f20c071559795fcaf4144,1,0.0,0.0,0.0,0.0,0.0,0.0
2.0,0.4,2.0,0.4,24,train,0x1e8bbf00d265e08a27e91bfbc1f9a4073c4b4144,1,0.0,0.0,0.0,0.0,0.0,0.0
2.0,0.4,2.0,0.4,24,train,0x332f85e7e323214b2d55286414b059ebb1f2a044,1,0.0,0.0,0.0,0.0,0.0,0.0
2.0,0.4,2.0,0.4,24,train,0x3ad9e44cb65e518e452bfcb78952ca45b66a8a80,1,0.0,0.0,0.0,0.0,0.0,0.0
2.0,0.4,2.0,0.4,24,train,0x3bf48564e102ddf0ffd19c998e6132eee8be5000,1,0.0,0.0,0.0,0.0,0.0,0.0
2.0,0.4,2.0,0.4,24,train,0x4e3468951d49f2eea976ed0d6e75ffcb44a9a544,2,0.0,0.0,0.0,0.0,0.0,0.0
2.0,0.4,2.0,0.4,24,train,0x6eaae6b721b6c896bbfc30d3a7f4999d5a94ca80,1,0.0,0.0,0.0,0.0,0.0,0.0
2.0,0.4,2.0,0.4,24,train,0x718793b91da00b21e5b11e89de3ec9b9b6234144,1,0.0,0.0,0.0,0.0,0.0,0.0
2.0,0.4,2.0,0.4,24,train,0x72cecfc6d9a07117d5d207537e0bfd4bdfdac0cc,1,0.0,0.0,0.0,0.0,0.0,0.0
2.0,0.4,2.0,0.4,24,train,0x75a54357d9c78a2db19004a5fdc76c50f9242aec,1,0.0,0.0,0.0,0.0,0.0,0.0
2.0,0.4,2.0,0.4,24,train,0xbc4397b7f01f347b7dfa35276ca73203f3348a80,1,0.0,0.0,0.0,0.0,0.0,0.0
2.0,0.4,2.0,0.4,24,train,0xbe3e194f0069013ae4a860b6c152131b2032c0cc,1,0.0,0.0,0.0,0.0,0.0,0.0
2.0,0.4,2.0,0.4,24,train,0xc7e90a703b7ca435089cb90b8b770353e52b0a80,1,0.0,0.0,0.0,0.0,0.0,0.0
2.0,0.4,2.0,0.4,24,train,0xe0a5a3ba19a680a72be08c39c5de4dddb1fe05c7,1,0.0,0.0,0.0,0.0,0.0,0.0
2.0,0.4,2.0,0.4,24,train,0xe5e702641ea86f4ae6cc3cdaed2b886f976be044,58,15.517241379310345,8.620689655172415,3.350925600683875,0.0,0.0,8.620689655172415
2.0,0.4,2.0,0.4,24,train,0xf1ee073811b14359d850825e48d200483200edcd,1,0.0,0.0,0.0,0.0,0.0,0.0
2.0,0.4,2.0,0.55,6,test,0x0000000000000000000000000000000000000000,5,0.0,0.0,0.0,0.0,0.0,0.0
2.0,0.4,2.0,0.55,6,test,0x2565055891704afe3e844d5b34a318108ce64144,1,0.0,0.0,0.0,0.0,0.0,0.0
2.0,0.4,2.0,0.55,6,test,0x261b0f5e05eb05c6496728f1ae4969810dbe8a80,1,0.0,0.0,0.0,0.0,0.0,0.0
2.0,0.4,2.0,0.55,6,test,0xe5e702641ea86f4ae6cc3cdaed2b886f976be044,15,13.333333333333334,0.0,-6.8879344674669944,0.0,-28.37115555614108,0.0
2.0,0.4,2.0,0.55,6,train,0x0000000000000000000000000000000000000000,17,5.88235294117647,0.0,-0.11705882352941194,0.0,0.0,0.0
2.0,0.4,2.0,0.55,6,train,0x00d18bc3fab01162f43f20c071559795fcaf4144,1,0.0,0.0,0.0,0.0,0.0,0.0
2.0,0.4,2.0,0.55,6,train,0x1e8bbf00d265e08a27e91bfbc1f9a4073c4b4144,1,0.0,0.0,0.0,0.0,0.0,0.0
2.0,0.4,2.0,0.55,6,train,0x332f85e7e323214b2d55286414b059ebb1f2a044,1,0.0,0.0,0.0,0.0,0.0,0.0
2.0,0.4,2.0,0.55,6,train,0x3ad9e44cb65e518e452bfcb78952ca45b66a8a80,1,0.0,0.0,0.0,0.0,0.0,0.0
2.0,0.4,2.0,0.55,6,train,0x3bf48564e102ddf0ffd19c998e6132eee8be5000,1,0.0,0.0,0.0,0.0,0.0,0.0
2.0,0.4,2.0,0.55,6,train,0x4e3468951d49f2eea976ed0d6e75ffcb44a9a544,2,0.0,0.0,0.0,0.0,0.0,0.0
2.0,0.4,2.0,0.55,6,train,0x6eaae6b721b6c896bbfc30d3a7f4999d5a94ca80,1,0.0,0.0,0.0,0.0,0.0,0.0
2.0,0.4,2.0,0.55,6,train,0x718793b91da00b21e5b11e89de3ec9b9b6234144,1,0.0,0.0,0.0,0.0,0.0,0.0
2.0,0.4,2.0,0.55,6,train,0x72cecfc6d9a07117d5d207537e0bfd4bdfdac0cc,1,0.0,0.0,0.0,0.0,0.0,0.0
2.0,0.4,2.0,0.55,6,train,0x75a54357d9c78a2db19004a5fdc76c50f9242aec,1,0.0,0.0,0.0,0.0,0.0,0.0
2.0,0.4,2.0,0.55,6,train,0xbc4397b7f01f347b7dfa35276ca73203f3348a80,1,0.0,0.0,0.0,0.0,0.0,0.0
2.0,0.4,2.0,0.55,6,train,0xbe3e194f0069013ae4a860b6c152131b2032c0cc,1,0.0,0.0,0.0,0.0,0.0,0.0
2.0,0.4,2.0,0.55,6,train,0xc7e90a703b7ca435089cb90b8b770353e52b0a80,1,0.0,0.0,0.0,0.0,0.0,0.0
2.0,0.4,2.0,0.55,6,train,0xe0a5a3ba19a680a72be08c39c5de4dddb1fe05c7,1,0.0,0.0,0.0,0.0,0.0,0.0
2.0,0.4,2.0,0.55,6,train,0xe5e702641ea86f4ae6cc3cdaed2b886f976be044,58,15.517241379310345,6.896551724137931,1.2899316965293957,0.0,0.0,6.896551724137931
2.0,0.4,2.0,0.55,6,train,0xf1ee073811b14359d850825e48d200483200edcd,1,0.0,0.0,0.0,0.0,0.0,0.0
2.0,0.4,2.0,0.55,12,test,0x0000000000000000000000000000000000000000,5,0.0,0.0,0.0,0.0,0.0,0.0
2.0,0.4,2.0,0.55,12,test,0x2565055891704afe3e844d5b34a318108ce64144,1,0.0,0.0,0.0,0.0,0.0,0.0
2.0,0.4,2.0,0.55,12,test,0x261b0f5e05eb05c6496728f1ae4969810dbe8a80,1,0.0,0.0,0.0,0.0,0.0,0.0
2.0,0.4,2.0,0.55,12,test,0xe5e702641ea86f4ae6cc3cdaed2b886f976be044,15,13.333333333333334,0.0,-6.8879344674669944,0.0,-28.37115555614108,0.0
2.0,0.4,2.0,0.55,12,train,0x0000000000000000000000000000000000000000,17,5.88235294117647,0.0,-0.11705882352941194,0.0,0.0,0.0
2.0,0.4,2.0,0.55,12,train,0x00d18bc3fab01162f43f20c071559795fcaf4144,1,0.0,0.0,0.0,0.0,0.0,0.0
2.0,0.4,2.0,0.55,12,train,0x1e8bbf00d265e08a27e91bfbc1f9a4073c4b4144,1,0.0,0.0,0.0,0.0,0.0,0.0
2.0,0.4,2.0,0.55,12,train,0x332f85e7e323214b2d55286414b059ebb1f2a044,1,0.0,0.0,0.0,0.0,0.0,0.0
2.0,0.4,2.0,0.55,12,train,0x3ad9e44cb65e518e452bfcb78952ca45b66a8a80,1,0.0,0.0,0.0,0.0,0.0,0.0
2.0,0.4,2.0,0.55,12,train,0x3bf48564e102ddf0ffd19c998e6132eee8be5000,1,0.0,0.0,0.0,0.0,0.0,0.0
2.0,0.4,2.0,0.55,12,train,0x4e3468951d49f2eea976ed0d6e75ffcb44a9a544,2,0.0,0.0,0.0,0.0,0.0,0.0
2.0,0.4,2.0,0.55,12,train,0x6eaae6b721b6c896bbfc30d3a7f4999d5a94ca80,1,0.0,0.0,0.0,0.0,0.0,0.0
2.0,0.4,2.0,0.55,12,train,0x718793b91da00b21e5b11e89de3ec9b9b6234144,1,0.0,0.0,0.0,0.0,0.0,0.0
2.0,0.4,2.0,0.55,12,train,0x72cecfc6d9a07117d5d207537e0bfd4bdfdac0cc,1,0.0,0.0,0.0,0.0,0.0,0.0
2.0,0.4,2.0,0.55,12,train,0x75a54357d9c78a2db19004a5fdc76c50f9242aec,1,0.0,0.0,0.0,0.0,0.0,0.0
2.0,0.4,2.0,0.55,12,train,0xbc4397b7f01f347b7dfa35276ca73203f3348a80,1,0.0,0.0,0.0,0.0,0.0,0.0
2.0,0.4,2.0,0.55,12,train,0xbe3e194f0069013ae4a860b6c152131b2032c0cc,1,0.0,0.0,0.0,0.0,0.0,0.0
2.0,0.4,2.0,0.55,12,train,0xc7e90a703b7ca435089cb90b8b770353e52b0a80,1,0.0,0.0,0.0,0.0,0.0,0.0
2.0,0.4,2.0,0.55,12,train,0xe0a5a3ba19a680a72be08c39c5de4dddb1fe05c7,1,0.0,0.0,0.0,0.0,0.0,0.0
2.0,0.4,2.0,0.55,12,train,0xe5e702641ea86f4ae6cc3cdaed2b886f976be044,58,15.517241379310345,6.896551724137931,1.186562710795352,0.0,0.0,6.896551724137931
2.0,0.4,2.0,0.55,12,train,0xf1ee073811b14359d850825e48d200483200edcd,1,0.0,0.0,0.0,0.0,0.0,0.0
2.0,0.4,2.0,0.55,24,test,0x0000000000000000000000000000000000000000,5,0.0,0.0,0.0,0.0,0.0,0.0
2.0,0.4,2.0,0.55,24,test,0x2565055891704afe3e844d5b34a318108ce64144,1,0.0,0.0,0.0,0.0,0.0,0.0
2.0,0.4,2.0,0.55,24,test,0x261b0f5e05eb05c6496728f1ae4969810dbe8a80,1,0.0,0.0,0.0,0.0,0.0,0.0
2.0,0.4,2.0,0.55,24,test,0xe5e702641ea86f4ae6cc3cdaed2b886f976be044,15,13.333333333333334,0.0,-6.8879344674669944,0.0,-28.37115555614108,0.0
2.0,0.4,2.0,0.55,24,train,0x0000000000000000000000000000000000000000,17,5.88235294117647,0.0,-0.11705882352941194,0.0,0.0,0.0
2.0,0.4,2.0,0.55,24,train,0x00d18bc3fab01162f43f20c071559795fcaf4144,1,0.0,0.0,0.0,0.0,0.0,0.0
2.0,0.4,2.0,0.55,24,train,0x1e8bbf00d265e08a27e91bfbc1f9a4073c4b4144,1,0.0,0.0,0.0,0.0,0.0,0.0
2.0,0.4,2.0,0.55,24,train,0x332f85e7e323214b2d55286414b059ebb1f2a044,1,0.0,0.0,0.0,0.0,0.0,0.0
2.0,0.4,2.0,0.55,24,train,0x3ad9e44cb65e518e452bfcb78952ca45b66a8a80,1,0.0,0.0,0.0,0.0,0.0,0.0
2.0,0.4,2.0,0.55,24,train,0x3bf48564e102ddf0ffd19c998e6132eee8be5000,1,0.0,0.0,0.0,0.0,0.0,0.0
2.0,0.4,2.0,0.55,24,train,0x4e3468951d49f2eea976ed0d6e75ffcb44a9a544,2,0.0,0.0,0.0,0.0,0.0,0.0
2.0,0.4,2.0,0.55,24,train,0x6eaae6b721b6c896bbfc30d3a7f4999d5a94ca80,1,0.0,0.0,0.0,0.0,0.0,0.0
2.0,0.4,2.0,0.55,24,train,0x718793b91da00b21e5b11e89de3ec9b9b6234144,1,0.0,0.0,0.0,0.0,0.0,0.0
2.0,0.4,2.0,0.55,24,train,0x72cecfc6d9a07117d5d207537e0bfd4bdfdac0cc,1,0.0,0.0,0.0,0.0,0.0,0.0
2.0,0.4,2.0,0.55,24,train,0x75a54357d9c78a2db19004a5fdc76c50f9242aec,1,0.0,0.0,0.0,0.0,0.0,0.0
2.0,0.4,2.0,0.55,24,train,0xbc4397b7f01f347b7dfa35276ca73203f3348a80,1,0.0,0.0,0.0,0.0,0.0,0.0
2.0,0.4,2.0,0.55,24,train,0xbe3e194f0069013ae4a860b6c152131b2032c0cc,1,0.0,0.0,0.0,0.0,0.0,0.0
2.0,0.4,2.0,0.55,24,train,0xc7e90a703b7ca435089cb90b8b770353e52b0a80,1,0.0,0.0,0.0,0.0,0.0,0.0
2.0,0.4,2.0,0.55,24,train,0xe0a5a3ba19a680a72be08c39c5de4dddb1fe05c7,1,0.0,0.0,0.0,0.0,0.0,0.0
2.0,0.4,2.0,0.55,24,train,0xe5e702641ea86f4ae6cc3cdaed2b886f976be044,58,15.517241379310345,8.620689655172415,2.2996512953272914,0.0,0.0,8.620689655172415
2.0,0.4,2.0,0.55,24,train,0xf1ee073811b14359d850825e48d200483200edcd,1,0.0,0.0,0.0,0.0,0.0,0.0
2.0,0.4,2.0,0.7,6,test,0x0000000000000000000000000000000000000000,5,0.0,0.0,0.0,0.0,0.0,0.0
2.0,0.4,2.0,0.7,6,test,0x2565055891704afe3e844d5b34a318108ce64144,1,0.0,0.0,0.0,0.0,0.0,0.0
2.0,0.4,2.0,0.7,6,test,0x261b0f5e05eb05c6496728f1ae4969810dbe8a80,1,0.0,0.0,0.0,0.0,0.0,0.0
2.0,0.4,2.0,0.7,6,test,0xe5e702641ea86f4ae6cc3cdaed2b886f976be044,15,13.333333333333334,0.0,-6.8879344674669944,0.0,-28.37115555614108,0.0
2.0,0.4,2.0,0.7,6,train,0x0000000000000000000000000000000000000000,17,5.88235294117647,0.0,-0.11705882352941194,0.0,0.0,0.0
2.0,0.4,2.0,0.7,6,train,0x00d18bc3fab01162f43f20c071559795fcaf4144,1,0.0,0.0,0.0,0.0,0.0,0.0
2.0,0.4,2.0,0.7,6,train,0x1e8bbf00d265e08a27e91bfbc1f9a4073c4b4144,1,0.0,0.0,0.0,0.0,0.0,0.0
2.0,0.4,2.0,0.7,6,train,0x332f85e7e323214b2d55286414b059ebb1f2a044,1,0.0,0.0,0.0,0.0,0.0,0.0
2.0,0.4,2.0,0.7,6,train,0x3ad9e44cb65e518e452bfcb78952ca45b66a8a80,1,0.0,0.0,0.0,0.0,0.0,0.0
2.0,0.4,2.0,0.7,6,train,0x3bf48564e102ddf0ffd19c998e6132eee8be5000,1,0.0,0.0,0.0,0.0,0.0,0.0
2.0,0.4,2.0,0.7,6,train,0x4e3468951d49f2eea976ed0d6e75ffcb44a9a544,2,0.0,0.0,0.0,0.0,0.0,0.0
2.0,0.4,2.0,0.7,6,train,0x6eaae6b721b6c896bbfc30d3a7f4999d5a94ca80,1,0.0,0.0,0.0,0.0,0.0,0.0
2.0,0.4,2.0,0.7,6,train,0x718793b91da00b21e5b11e89de3ec9b9b6234144,1,0.0,0.0,0.0,0.0,0.0,0.0
2.0,0.4,2.0,0.7,6,train,0x72cecfc6d9a07117d5d207537e0bfd4bdfdac0cc,1,0.0,0.0,0.0,0.0,0.0,0.0
2.0,0.4,2.0,0.7,6,train,0x75a54357d9c78a2db19004a5fdc76c50f9242aec,1,0.0,0.0,0.0,0.0,0.0,0.0
2.0,0.4,2.0,0.7,6,train,0xbc4397b7f01f347b7dfa35276ca73203f3348a80,1,0.0,0.0,0.0,0.0,0.0,0.0
2.0,0.4,2.0,0.7,6,train,0xbe3e194f0069013ae4a860b6c152131b2032c0cc,1,0.0,0.0,0.0,0.0,0.0,0.0
2.0,0.4,2.0,0.7,6,train,0xc7e90a703b7ca435089cb90b8b770353e52b0a80,1,0.0,0.0,0.0,0.0,0.0,0.0
2.0,0.4,2.0,0.7,6,train,0xe0a5a3ba19a680a72be08c39c5de4dddb1fe05c7,1,0.0,0.0,0.0,0.0,0.0,0.0
2.0,0.4,2.0,0.7,6,train,0xe5e702641ea86f4ae6cc3cdaed2b886f976be044,58,15.517241379310345,6.896551724137931,0.2392233936834087,0.0,0.0,6.896551724137931
2.0,0.4,2.0,0.7,6,train,0xf1ee073811b14359d850825e48d200483200edcd,1,0.0,0.0,0.0,0.0,0.0,0.0
2.0,0.4,2.0,0.7,12,test,0x0000000000000000000000000000000000000000,5,0.0,0.0,0.0,0.0,0.0,0.0
2.0,0.4,2.0,0.7,12,test,0x2565055891704afe3e844d5b34a318108ce64144,1,0.0,0.0,0.0,0.0,0.0,0.0
2.0,0.4,2.0,0.7,12,test,0x261b0f5e05eb05c6496728f1ae4969810dbe8a80,1,0.0,0.0,0.0,0.0,0.0,0.0
2.0,0.4,2.0,0.7,12,test,0xe5e702641ea86f4ae6cc3cdaed2b886f976be044,15,13.333333333333334,0.0,-6.8879344674669944,0.0,-28.37115555614108,0.0
2.0,0.4,2.0,0.7,12,train,0x0000000000000000000000000000000000000000,17,5.88235294117647,0.0,-0.11705882352941194,0.0,0.0,0.0
2.0,0.4,2.0,0.7,12,train,0x00d18bc3fab01162f43f20c071559795fcaf4144,1,0.0,0.0,0.0,0.0,0.0,0.0
2.0,0.4,2.0,0.7,12,train,0x1e8bbf00d265e08a27e91bfbc1f9a4073c4b4144,1,0.0,0.0,0.0,0.0,0.0,0.0
2.0,0.4,2.0,0.7,12,train,0x332f85e7e323214b2d55286414b059ebb1f2a044,1,0.0,0.0,0.0,0.0,0.0,0.0
2.0,0.4,2.0,0.7,12,train,0x3ad9e44cb65e518e452bfcb78952ca45b66a8a80,1,0.0,0.0,0.0,0.0,0.0,0.0
2.0,0.4,2.0,0.7,12,train,0x3bf48564e102ddf0ffd19c998e6132eee8be5000,1,0.0,0.0,0.0,0.0,0.0,0.0
2.0,0.4,2.0,0.7,12,train,0x4e3468951d49f2eea976ed0d6e75ffcb44a9a544,2,0.0,0.0,0.0,0.0,0.0,0.0
2.0,0.4,2.0,0.7,12,train,0x6eaae6b721b6c896bbfc30d3a7f4999d5a94ca80,1,0.0,0.0,0.0,0.0,0.0,0.0
2.0,0.4,2.0,0.7,12,train,0x718793b91da00b21e5b11e89de3ec9b9b6234144,1,0.0,0.0,0.0,0.0,0.0,0.0
2.0,0.4,2.0,0.7,12,train,0x72cecfc6d9a07117d5d207537e0bfd4bdfdac0cc,1,0.0,0.0,0.0,0.0,0.0,0.0
2.0,0.4,2.0,0.7,12,train,0x75a54357d9c78a2db19004a5fdc76c50f9242aec,1,0.0,0.0,0.0,0.0,0.0,0.0
2.0,0.4,2.0,0.7,12,train,0xbc4397b7f01f347b7dfa35276ca73203f3348a80,1,0.0,0.0,0.0,0.0,0.0,0.0
2.0,0.4,2.0,0.7,12,train,0xbe3e194f0069013ae4a860b6c152131b2032c0cc,1,0.0,0.0,0.0,0.0,0.0,0.0
2.0,0.4,2.0,0.7,12,train,0xc7e90a703b7ca435089cb90b8b770353e52b0a80,1,0.0,0.0,0.0,0.0,0.0,0.0
2.0,0.4,2.0,0.7,12,train,0xe0a5a3ba19a680a72be08c39c5de4dddb1fe05c7,1,0.0,0.0,0.0,0.0,0.0,0.0
2.0,0.4,2.0,0.7,12,train,0xe5e702641ea86f4ae6cc3cdaed2b886f976be044,58,15.517241379310345,6.896551724137931,0.13585440794936504,0.0,0.0,6.896551724137931
2.0,0.4,2.0,0.7,12,train,0xf1ee073811b14359d850825e48d200483200edcd,1,0.0,0.0,0.0,0.0,0.0,0.0
2.0,0.4,2.0,0.7,24,test,0x0000000000000000000000000000000000000000,5,0.0,0.0,0.0,0.0,0.0,0.0
2.0,0.4,2.0,0.7,24,test,0x2565055891704afe3e844d5b34a318108ce64144,1,0.0,0.0,0.0,0.0,0.0,0.0
2.0,0.4,2.0,0.7,24,test,0x261b0f5e05eb05c6496728f1ae4969810dbe8a80,1,0.0,0.0,0.0,0.0,0.0,0.0
2.0,0.4,2.0,0.7,24,test,0xe5e702641ea86f4ae6cc3cdaed2b886f976be044,15,13.333333333333334,0.0,-6.8879344674669944,0.0,-28.37115555614108,0.0
2.0,0.4,2.0,0.7,24,train,0x0000000000000000000000000000000000000000,17,5.88235294117647,0.0,-0.11705882352941194,0.0,0.0,0.0
2.0,0.4,2.0,0.7,24,train,0x00d18bc3fab01162f43f20c071559795fcaf4144,1,0.0,0.0,0.0,0.0,0.0,0.0
2.0,0.4,2.0,0.7,24,train,0x1e8bbf00d265e08a27e91bfbc1f9a4073c4b4144,1,0.0,0.0,0.0,0.0,0.0,0.0
2.0,0.4,2.0,0.7,24,train,0x332f85e7e323214b2d55286414b059ebb1f2a044,1,0.0,0.0,0.0,0.0,0.0,0.0
2.0,0.4,2.0,0.7,24,train,0x3ad9e44cb65e518e452bfcb78952ca45b66a8a80,1,0.0,0.0,0.0,0.0,0.0,0.0
2.0,0.4,2.0,0.7,24,train,0x3bf48564e102ddf0ffd19c998e6132eee8be5000,1,0.0,0.0,0.0,0.0,0.0,0.0
2.0,0.4,2.0,0.7,24,train,0x4e3468951d49f2eea976ed0d6e75ffcb44a9a544,2,0.0,0.0,0.0,0.0,0.0,0.0
2.0,0.4,2.0,0.7,24,train,0x6eaae6b721b6c896bbfc30d3a7f4999d5a94ca80,1,0.0,0.0,0.0,0.0,0.0,0.0
2.0,0.4,2.0,0.7,24,train,0x718793b91da00b21e5b11e89de3ec9b9b6234144,1,0.0,0.0,0.0,0.0,0.0,0.0
2.0,0.4,2.0,0.7,24,train,0x72cecfc6d9a07117d5d207537e0bfd4bdfdac0cc,1,0.0,0.0,0.0,0.0,0.0,0.0
2.0,0.4,2.0,0.7,24,train,0x75a54357d9c78a2db19004a5fdc76c50f9242aec,1,0.0,0.0,0.0,0.0,0.0,0.0
2.0,0.4,2.0,0.7,24,train,0xbc4397b7f01f347b7dfa35276ca73203f3348a80,1,0.0,0.0,0.0,0.0,0.0,0.0
2.0,0.4,2.0,0.7,24,train,0xbe3e194f0069013ae4a860b6c152131b2032c0cc,1,0.0,0.0,0.0,0.0,0.0,0.0
2.0,0.4,2.0,0.7,24,train,0xc7e90a703b7ca435089cb90b8b770353e52b0a80,1,0.0,0.0,0.0,0.0,0.0,0.0
2.0,0.4,2.0,0.7,24,train,0xe0a5a3ba19a680a72be08c39c5de4dddb1fe05c7,1,0.0,0.0,0.0,0.0,0.0,0.0
2.0,0.4,2.0,0.7,24,train,0xe5e702641ea86f4ae6cc3cdaed2b886f976be044,58,15.517241379310345,8.620689655172415,0.9253419546064274,0.0,0.0,8.620689655172415
2.0,0.4,2.0,0.7,24,train,0xf1ee073811b14359d850825e48d200483200edcd,1,0.0,0.0,0.0,0.0,0.0,0.0
2.0,0.4,3.0,0.4,6,test,0x0000000000000000000000000000000000000000,5,0.0,0.0,0.0,0.0,0.0,0.0
2.0,0.4,3.0,0.4,6,test,0x2565055891704afe3e844d5b34a318108ce64144,1,0.0,0.0,0.0,0.0,0.0,0.0
2.0,0.4,3.0,0.4,6,test,0x261b0f5e05eb05c6496728f1ae4969810dbe8a80,1,0.0,0.0,0.0,0.0,0.0,0.0
2.0,0.4,3.0,0.4,6,test,0xe5e702641ea86f4ae6cc3cdaed2b886f976be044,15,13.333333333333334,0.0,-6.8879344674669944,0.0,-28.37115555614108,0.0
2.0,0.4,3.0,0.4,6,train,0x0000000000000000000000000000000000000000,17,5.88235294117647,0.0,-0.11705882352941194,0.0,0.0,0.0
2.0,0.4,3.0,0.4,6,train,0x00d18bc3fab01162f43f20c071559795fcaf4144,1,0.0,0.0,0.0,0.0,0.0,0.0
2.0,0.4,3.0,0.4,6,train,0x1e8bbf00d265e08a27e91bfbc1f9a4073c4b4144,1,0.0,0.0,0.0,0.0,0.0,0.0
2.0,0.4,3.0,0.4,6,train,0x332f85e7e323214b2d55286414b059ebb1f2a044,1,0.0,0.0,0.0,0.0,0.0,0.0
2.0,0.4,3.0,0.4,6,train,0x3ad9e44cb65e518e452bfcb78952ca45b66a8a80,1,0.0,0.0,0.0,0.0,0.0,0.0
2.0,0.4,3.0,0.4,6,train,0x3bf48564e102ddf0ffd19c998e6132eee8be5000,1,0.0,0.0,0.0,0.0,0.0,0.0
2.0,0.4,3.0,0.4,6,train,0x4e3468951d49f2eea976ed0d6e75ffcb44a9a544,2,0.0,0.0,0.0,0.0,0.0,0.0
2.0,0.4,3.0,0.4,6,train,0x6eaae6b721b6c896bbfc30d3a7f4999d5a94ca80,1,0.0,0.0,0.0,0.0,0.0,0.0
2.0,0.4,3.0,0.4,6,train,0x718793b91da00b21e5b11e89de3ec9b9b6234144,1,0.0,0.0,0.0,0.0,0.0,0.0
2.0,0.4,3.0,0.4,6,train,0x72cecfc6d9a07117d5d207537e0bfd4bdfdac0cc,1,0.0,0.0,0.0,0.0,0.0,0.0
2.0,0.4,3.0,0.4,6,train,0x75a54357d9c78a2db19004a5fdc76c50f9242aec,1,0.0,0.0,0.0,0.0,0.0,0.0
2.0,0.4,3.0,0.4,6,train,0xbc4397b7f01f347b7dfa35276ca73203f3348a80,1,0.0,0.0,0.0,0.0,0.0,0.0
2.0,0.4,3.0,0.4,6,train,0xbe3e194f0069013ae4a860b6c152131b2032c0cc,1,0.0,0.0,0.0,0.0,0.0,0.0
2.0,0.4,3.0,0.4,6,train,0xc7e90a703b7ca435089cb90b8b770353e52b0a80,1,0.0,0.0,0.0,0.0,0.0,0.0
2.0,0.4,3.0,0.4,6,train,0xe0a5a3ba19a680a72be08c39c5de4dddb1fe05c7,1,0.0,0.0,0.0,0.0,0.0,0.0
2.0,0.4,3.0,0.4,6,train,0xe5e702641ea86f4ae6cc3cdaed2b886f976be044,58,15.517241379310345,5.172413793103448,4.812345434088065,0.0,0.0,6.896551724137931
2.0,0.4,3.0,0.4,6,train,0xf1ee073811b14359d850825e48d200483200edcd,1,0.0,0.0,0.0,0.0,0.0,0.0
2.0,0.4,3.0,0.4,12,test,0x0000000000000000000000000000000000000000,5,0.0,0.0,0.0,0.0,0.0,0.0
2.0,0.4,3.0,0.4,12,test,0x2565055891704afe3e844d5b34a318108ce64144,1,0.0,0.0,0.0,0.0,0.0,0.0
2.0,0.4,3.0,0.4,12,test,0x261b0f5e05eb05c6496728f1ae4969810dbe8a80,1,0.0,0.0,0.0,0.0,0.0,0.0
2.0,0.4,3.0,0.4,12,test,0xe5e702641ea86f4ae6cc3cdaed2b886f976be044,15,13.333333333333334,0.0,-6.8879344674669944,0.0,-28.37115555614108,0.0
2.0,0.4,3.0,0.4,12,train,0x0000000000000000000000000000000000000000,17,5.88235294117647,0.0,-0.11705882352941194,0.0,0.0,0.0
2.0,0.4,3.0,0.4,12,train,0x00d18bc3fab01162f43f20c071559795fcaf4144,1,0.0,0.0,0.0,0.0,0.0,0.0
2.0,0.4,3.0,0.4,12,train,0x1e8bbf00d265e08a27e91bfbc1f9a4073c4b4144,1,0.0,0.0,0.0,0.0,0.0,0.0
2.0,0.4,3.0,0.4,12,train,0x332f85e7e323214b2d55286414b059ebb1f2a044,1,0.0,0.0,0.0,0.0,0.0,0.0
2.0,0.4,3.0,0.4,12,train,0x3ad9e44cb65e518e452bfcb78952ca45b66a8a80,1,0.0,0.0,0.0,0.0,0.0,0.0
2.0,0.4,3.0,0.4,12,train,0x3bf48564e102ddf0ffd19c998e6132eee8be5000,1,0.0,0.0,0.0,0.0,0.0,0.0
2.0,0.4,3.0,0.4,12,train,0x4e3468951d49f2eea976ed0d6e75ffcb44a9a544,2,0.0,0.0,0.0,0.0,0.0,0.0
2.0,0.4,3.0,0.4,12,train,0x6eaae6b721b6c896bbfc30d3a7f4999d5a94ca80,1,0.0,0.0,0.0,0.0,0.0,0.0
2.0,0.4,3.0,0.4,12,train,0x718793b91da00b21e5b11e89de3ec9b9b6234144,1,0.0,0.0,0.0,0.0,0.0,0.0
2.0,0.4,3.0,0.4,12,train,0x72cecfc6d9a07117d5d207537e0bfd4bdfdac0cc,1,0.0,0.0,0.0,0.0,0.0,0.0
2.0,0.4,3.0,0.4,12,train,0x75a54357d9c78a2db19004a5fdc76c50f9242aec,1,0.0,0.0,0.0,0.0,0.0,0.0
2.0,0.4,3.0,0.4,12,train,0xbc4397b7f01f347b7dfa35276ca73203f3348a80,1,0.0,0.0,0.0,0.0,0.0,0.0
2.0,0.4,3.0,0.4,12,train,0xbe3e194f0069013ae4a860b6c152131b2032c0cc,1,0.0,0.0,0.0,0.0,0.0,0.0
2.0,0.4,3.0,0.4,12,train,0xc7e90a703b7ca435089cb90b8b770353e52b0a80,1,0.0,0.0,0.0,0.0,0.0,0.0
2.0,0.4,3.0,0.4,12,train,0xe0a5a3ba19a680a72be08c39c5de4dddb1fe05c7,1,0.0,0.0,0.0,0.0,0.0,0.0
2.0,0.4,3.0,0.4,12,train,0xe5e702641ea86f4ae6cc3cdaed2b886f976be044,58,15.517241379310345,5.172413793103448,2.5599048410267864,0.0,-2.141591667401525,5.172413793103448
2.0,0.4,3.0,0.4,12,train,0xf1ee073811b14359d850825e48d200483200edcd,1,0.0,0.0,0.0,0.0,0.0,0.0
2.0,0.4,3.0,0.4,24,test,0x0000000000000000000000000000000000000000,5,0.0,0.0,0.0,0.0,0.0,0.0
2.0,0.4,3.0,0.4,24,test,0x2565055891704afe3e844d5b34a318108ce64144,1,0.0,0.0,0.0,0.0,0.0,0.0
2.0,0.4,3.0,0.4,24,test,0x261b0f5e05eb05c6496728f1ae4969810dbe8a80,1,0.0,0.0,0.0,0.0,0.0,0.0
2.0,0.4,3.0,0.4,24,test,0xe5e702641ea86f4ae6cc3cdaed2b886f976be044,15,13.333333333333334,0.0,-6.8879344674669944,0.0,-28.37115555614108,0.0
2.0,0.4,3.0,0.4,24,train,0x0000000000000000000000000000000000000000,17,5.88235294117647,0.0,-0.11705882352941194,0.0,0.0,0.0
2.0,0.4,3.0,0.4,24,train,0x00d18bc3fab01162f43f20c071559795fcaf4144,1,0.0,0.0,0.0,0.0,0.0,0.0
2.0,0.4,3.0,0.4,24,train,0x1e8bbf00d265e08a27e91bfbc1f9a4073c4b4144,1,0.0,0.0,0.0,0.0,0.0,0.0
2.0,0.4,3.0,0.4,24,train,0x332f85e7e323214b2d55286414b059ebb1f2a044,1,0.0,0.0,0.0,0.0,0.0,0.0
2.0,0.4,3.0,0.4,24,train,0x3ad9e44cb65e518e452bfcb78952ca45b66a8a80,1,0.0,0.0,0.0,0.0,0.0,0.0
2.0,0.4,3.0,0.4,24,train,0x3bf48564e102ddf0ffd19c998e6132eee8be5000,1,0.0,0.0,0.0,0.0,0.0,0.0
2.0,0.4,3.0,0.4,24,train,0x4e3468951d49f2eea976ed0d6e75ffcb44a9a544,2,0.0,0.0,0.0,0.0,0.0,0.0
2.0,0.4,3.0,0.4,24,train,0x6eaae6b721b6c896bbfc30d3a7f4999d5a94ca80,1,0.0,0.0,0.0,0.0,0.0,0.0
2.0,0.4,3.0,0.4,24,train,0x718793b91da00b21e5b11e89de3ec9b9b6234144,1,0.0,0.0,0.0,0.0,0.0,0.0
2.0,0.4,3.0,0.4,24,train,0x72cecfc6d9a07117d5d207537e0bfd4bdfdac0cc,1,0.0,0.0,0.0,0.0,0.0,0.0
2.0,0.4,3.0,0.4,24,train,0x75a54357d9c78a2db19004a5fdc76c50f9242aec,1,0.0,0.0,0.0,0.0,0.0,0.0
2.0,0.4,3.0,0.4,24,train,0xbc4397b7f01f347b7dfa35276ca73203f3348a80,1,0.0,0.0,0.0,0.0,0.0,0.0
2.0,0.4,3.0,0.4,24,train,0xbe3e194f0069013ae4a860b6c152131b2032c0cc,1,0.0,0.0,0.0,0.0,0.0,0.0
2.0,0.4,3.0,0.4,24,train,0xc7e90a703b7ca435089cb90b8b770353e52b0a80,1,0.0,0.0,0.0,0.0,0.0,0.0
2.0,0.4,3.0,0.4,24,train,0xe0a5a3ba19a680a72be08c39c5de4dddb1fe05c7,1,0.0,0.0,0.0,0.0,0.0,0.0
2.0,0.4,3.0,0.4,24,train,0xe5e702641ea86f4ae6cc3cdaed2b886f976be044,58,15.517241379310345,5.172413793103448,4.286592098033174,0.0,0.0,6.896551724137931
2.0,0.4,3.0,0.4,24,train,0xf1ee073811b14359d850825e48d200483200edcd,1,0.0,0.0,0.0,0.0,0.0,0.0
2.0,0.4,3.0,0.55,6,test,0x0000000000000000000000000000000000000000,5,0.0,0.0,0.0,0.0,0.0,0.0
2.0,0.4,3.0,0.55,6,test,0x2565055891704afe3e844d5b34a318108ce64144,1,0.0,0.0,0.0,0.0,0.0,0.0
2.0,0.4,3.0,0.55,6,test,0x261b0f5e05eb05c6496728f1ae4969810dbe8a80,1,0.0,0.0,0.0,0.0,0.0,0.0
2.0,0.4,3.0,0.55,6,test,0xe5e702641ea86f4ae6cc3cdaed2b886f976be044,15,13.333333333333334,0.0,-6.8879344674669944,0.0,-28.37115555614108,0.0
2.0,0.4,3.0,0.55,6,train,0x0000000000000000000000000000000000000000,17,5.88235294117647,0.0,-0.11705882352941194,0.0,0.0,0.0
2.0,0.4,3.0,0.55,6,train,0x00d18bc3fab01162f43f20c071559795fcaf4144,1,0.0,0.0,0.0,0.0,0.0,0.0
2.0,0.4,3.0,0.55,6,train,0x1e8bbf00d265e08a27e91bfbc1f9a4073c4b4144,1,0.0,0.0,0.0,0.0,0.0,0.0
2.0,0.4,3.0,0.55,6,train,0x332f85e7e323214b2d55286414b059ebb1f2a044,1,0.0,0.0,0.0,0.0,0.0,0.0
2.0,0.4,3.0,0.55,6,train,0x3ad9e44cb65e518e452bfcb78952ca45b66a8a80,1,0.0,0.0,0.0,0.0,0.0,0.0
2.0,0.4,3.0,0.55,6,train,0x3bf48564e102ddf0ffd19c998e6132eee8be5000,1,0.0,0.0,0.0,0.0,0.0,0.0
2.0,0.4,3.0,0.55,6,train,0x4e3468951d49f2eea976ed0d6e75ffcb44a9a544,2,0.0,0.0,0.0,0.0,0.0,0.0
2.0,0.4,3.0,0.55,6,train,0x6eaae6b721b6c896bbfc30d3a7f4999d5a94ca80,1,0.0,0.0,0.0,0.0,0.0,0.0
2.0,0.4,3.0,0.55,6,train,0x718793b91da00b21e5b11e89de3ec9b9b6234144,1,0.0,0.0,0.0,0.0,0.0,0.0
2.0,0.4,3.0,0.55,6,train,0x72cecfc6d9a07117d5d207537e0bfd4bdfdac0cc,1,0.0,0.0,0.0,0.0,0.0,0.0
2.0,0.4,3.0,0.55,6,train,0x75a54357d9c78a2db19004a5fdc76c50f9242aec,1,0.0,0.0,0.0,0.0,0.0,0.0
2.0,0.4,3.0,0.55,6,train,0xbc4397b7f01f347b7dfa35276ca73203f3348a80,1,0.0,0.0,0.0,0.0,0.0,0.0
2.0,0.4,3.0,0.55,6,train,0xbe3e194f0069013ae4a860b6c152131b2032c0cc,1,0.0,0.0,0.0,0.0,0.0,0.0
2.0,0.4,3.0,0.55,6,train,0xc7e90a703b7ca435089cb90b8b770353e52b0a80,1,0.0,0.0,0.0,0.0,0.0,0.0
2.0,0.4,3.0,0.55,6,train,0xe0a5a3ba19a680a72be08c39c5de4dddb1fe05c7,1,0.0,0.0,0.0,0.0,0.0,0.0
2.0,0.4,3.0,0.55,6,train,0xe5e702641ea86f4ae6cc3cdaed2b886f976be044,58,15.517241379310345,5.172413793103448,3.671354991338713,0.0,0.0,6.896551724137931
2.0,0.4,3.0,0.55,6,train,0xf1ee073811b14359d850825e48d200483200edcd,1,0.0,0.0,0.0,0.0,0.0,0.0
2.0,0.4,3.0,0.55,12,test,0x0000000000000000000000000000000000000000,5,0.0,0.0,0.0,0.0,0.0,0.0
2.0,0.4,3.0,0.55,12,test,0x2565055891704afe3e844d5b34a318108ce64144,1,0.0,0.0,0.0,0.0,0.0,0.0
2.0,0.4,3.0,0.55,12,test,0x261b0f5e05eb05c6496728f1ae4969810dbe8a80,1,0.0,0.0,0.0,0.0,0.0,0.0
2.0,0.4,3.0,0.55,12,test,0xe5e702641ea86f4ae6cc3cdaed2b886f976be044,15,13.333333333333334,0.0,-6.8879344674669944,0.0,-28.37115555614108,0.0
2.0,0.4,3.0,0.55,12,train,0x0000000000000000000000000000000000000000,17,5.88235294117647,0.0,-0.11705882352941194,0.0,0.0,0.0
2.0,0.4,3.0,0.55,12,train,0x00d18bc3fab01162f43f20c071559795fcaf4144,1,0.0,0.0,0.0,0.0,0.0,0.0
2.0,0.4,3.0,0.55,12,train,0x1e8bbf00d265e08a27e91bfbc1f9a4073c4b4144,1,0.0,0.0,0.0,0.0,0.0,0.0
2.0,0.4,3.0,0.55,12,train,0x332f85e7e323214b2d55286414b059ebb1f2a044,1,0.0,0.0,0.0,0.0,0.0,0.0
2.0,0.4,3.0,0.55,12,train,0x3ad9e44cb65e518e452bfcb78952ca45b66a8a80,1,0.0,0.0,0.0,0.0,0.0,0.0
2.0,0.4,3.0,0.55,12,train,0x3bf48564e102ddf0ffd19c998e6132eee8be5000,1,0.0,0.0,0.0,0.0,0.0,0.0
2.0,0.4,3.0,0.55,12,train,0x4e3468951d49f2eea976ed0d6e75ffcb44a9a544,2,0.0,0.0,0.0,0.0,0.0,0.0
2.0,0.4,3.0,0.55,12,train,0x6eaae6b721b6c896bbfc30d3a7f4999d5a94ca80,1,0.0,0.0,0.0,0.0,0.0,0.0
2.0,0.4,3.0,0.55,12,train,0x718793b91da00b21e5b11e89de3ec9b9b6234144,1,0.0,0.0,0.0,0.0,0.0,0.0
2.0,0.4,3.0,0.55,12,train,0x72cecfc6d9a07117d5d207537e0bfd4bdfdac0cc,1,0.0,0.0,0.0,0.0,0.0,0.0
2.0,0.4,3.0,0.55,12,train,0x75a54357d9c78a2db19004a5fdc76c50f9242aec,1,0.0,0.0,0.0,0.0,0.0,0.0
2.0,0.4,3.0,0.55,12,train,0xbc4397b7f01f347b7dfa35276ca73203f3348a80,1,0.0,0.0,0.0,0.0,0.0,0.0
2.0,0.4,3.0,0.55,12,train,0xbe3e194f0069013ae4a860b6c152131b2032c0cc,1,0.0,0.0,0.0,0.0,0.0,0.0
2.0,0.4,3.0,0.55,12,train,0xc7e90a703b7ca435089cb90b8b770353e52b0a80,1,0.0,0.0,0.0,0.0,0.0,0.0
2.0,0.4,3.0,0.55,12,train,0xe0a5a3ba19a680a72be08c39c5de4dddb1fe05c7,1,0.0,0.0,0.0,0.0,0.0,0.0
2.0,0.4,3.0,0.55,12,train,0xe5e702641ea86f4ae6cc3cdaed2b886f976be044,58,15.517241379310345,5.172413793103448,1.4189143982774353,0.0,-2.141591667401525,5.172413793103448
2.0,0.4,3.0,0.55,12,train,0xf1ee073811b14359d850825e48d200483200edcd,1,0.0,0.0,0.0,0.0,0.0,0.0
2.0,0.4,3.0,0.55,24,test,0x0000000000000000000000000000000000000000,5,0.0,0.0,0.0,0.0,0.0,0.0
2.0,0.4,3.0,0.55,24,test,0x2565055891704afe3e844d5b34a318108ce64144,1,0.0,0.0,0.0,0.0,0.0,0.0
2.0,0.4,3.0,0.55,24,test,0x261b0f5e05eb05c6496728f1ae4969810dbe8a80,1,0.0,0.0,0.0,0.0,0.0,0.0
2.0,0.4,3.0,0.55,24,test,0xe5e702641ea86f4ae6cc3cdaed2b886f976be044,15,13.333333333333334,0.0,-6.8879344674669944,0.0,-28.37115555614108,0.0
2.0,0.4,3.0,0.55,24,train,0x0000000000000000000000000000000000000000,17,5.88235294117647,0.0,-0.11705882352941194,0.0,0.0,0.0
2.0,0.4,3.0,0.55,24,train,0x00d18bc3fab01162f43f20c071559795fcaf4144,1,0.0,0.0,0.0,0.0,0.0,0.0
2.0,0.4,3.0,0.55,24,train,0x1e8bbf00d265e08a27e91bfbc1f9a4073c4b4144,1,0.0,0.0,0.0,0.0,0.0,0.0
2.0,0.4,3.0,0.55,24,train,0x332f85e7e323214b2d55286414b059ebb1f2a044,1,0.0,0.0,0.0,0.0,0.0,0.0
2.0,0.4,3.0,0.55,24,train,0x3ad9e44cb65e518e452bfcb78952ca45b66a8a80,1,0.0,0.0,0.0,0.0,0.0,0.0
2.0,0.4,3.0,0.55,24,train,0x3bf48564e102ddf0ffd19c998e6132eee8be5000,1,0.0,0.0,0.0,0.0,0.0,0.0
2.0,0.4,3.0,0.55,24,train,0x4e3468951d49f2eea976ed0d6e75ffcb44a9a544,2,0.0,0.0,0.0,0.0,0.0,0.0
2.0,0.4,3.0,0.55,24,train,0x6eaae6b721b6c896bbfc30d3a7f4999d5a94ca80,1,0.0,0.0,0.0,0.0,0.0,0.0
2.0,0.4,3.0,0.55,24,train,0x718793b91da00b21e5b11e89de3ec9b9b6234144,1,0.0,0.0,0.0,0.0,0.0,0.0
2.0,0.4,3.0,0.55,24,train,0x72cecfc6d9a07117d5d207537e0bfd4bdfdac0cc,1,0.0,0.0,0.0,0.0,0.0,0.0
2.0,0.4,3.0,0.55,24,train,0x75a54357d9c78a2db19004a5fdc76c50f9242aec,1,0.0,0.0,0.0,0.0,0.0,0.0
2.0,0.4,3.0,0.55,24,train,0xbc4397b7f01f347b7dfa35276ca73203f3348a80,1,0.0,0.0,0.0,0.0,0.0,0.0
2.0,0.4,3.0,0.55,24,train,0xbe3e194f0069013ae4a860b6c152131b2032c0cc,1,0.0,0.0,0.0,0.0,0.0,0.0
2.0,0.4,3.0,0.55,24,train,0xc7e90a703b7ca435089cb90b8b770353e52b0a80,1,0.0,0.0,0.0,0.0,0.0,0.0
2.0,0.4,3.0,0.55,24,train,0xe0a5a3ba19a680a72be08c39c5de4dddb1fe05c7,1,0.0,0.0,0.0,0.0,0.0,0.0
2.0,0.4,3.0,0.55,24,train,0xe5e702641ea86f4ae6cc3cdaed2b886f976be044,58,15.517241379310345,5.172413793103448,3.1456016552838233,0.0,0.0,6.896551724137931
2.0,0.4,3.0,0.55,24,train,0xf1ee073811b14359d850825e48d200483200edcd,1,0.0,0.0,0.0,0.0,0.0,0.0
2.0,0.4,3.0,0.7,6,test,0x0000000000000000000000000000000000000000,5,0.0,0.0,0.0,0.0,0.0,0.0
2.0,0.4,3.0,0.7,6,test,0x2565055891704afe3e844d5b34a318108ce64144,1,0.0,0.0,0.0,0.0,0.0,0.0
2.0,0.4,3.0,0.7,6,test,0x261b0f5e05eb05c6496728f1ae4969810dbe8a80,1,0.0,0.0,0.0,0.0,0.0,0.0
2.0,0.4,3.0,0.7,6,test,0xe5e702641ea86f4ae6cc3cdaed2b886f976be044,15,13.333333333333334,0.0,-6.8879344674669944,0.0,-28.37115555614108,0.0
2.0,0.4,3.0,0.7,6,train,0x0000000000000000000000000000000000000000,17,5.88235294117647,0.0,-0.11705882352941194,0.0,0.0,0.0
2.0,0.4,3.0,0.7,6,train,0x00d18bc3fab01162f43f20c071559795fcaf4144,1,0.0,0.0,0.0,0.0,0.0,0.0
2.0,0.4,3.0,0.7,6,train,0x1e8bbf00d265e08a27e91bfbc1f9a4073c4b4144,1,0.0,0.0,0.0,0.0,0.0,0.0
2.0,0.4,3.0,0.7,6,train,0x332f85e7e323214b2d55286414b059ebb1f2a044,1,0.0,0.0,0.0,0.0,0.0,0.0
2.0,0.4,3.0,0.7,6,train,0x3ad9e44cb65e518e452bfcb78952ca45b66a8a80,1,0.0,0.0,0.0,0.0,0.0,0.0
2.0,0.4,3.0,0.7,6,train,0x3bf48564e102ddf0ffd19c998e6132eee8be5000,1,0.0,0.0,0.0,0.0,0.0,0.0
2.0,0.4,3.0,0.7,6,train,0x4e3468951d49f2eea976ed0d6e75ffcb44a9a544,2,0.0,0.0,0.0,0.0,0.0,0.0
2.0,0.4,3.0,0.7,6,train,0x6eaae6b721b6c896bbfc30d3a7f4999d5a94ca80,1,0.0,0.0,0.0,0.0,0.0,0.0
2.0,0.4,3.0,0.7,6,train,0x718793b91da00b21e5b11e89de3ec9b9b6234144,1,0.0,0.0,0.0,0.0,0.0,0.0
2.0,0.4,3.0,0.7,6,train,0x72cecfc6d9a07117d5d207537e0bfd4bdfdac0cc,1,0.0,0.0,0.0,0.0,0.0,0.0
2.0,0.4,3.0,0.7,6,train,0x75a54357d9c78a2db19004a5fdc76c50f9242aec,1,0.0,0.0,0.0,0.0,0.0,0.0
2.0,0.4,3.0,0.7,6,train,0xbc4397b7f01f347b7dfa35276ca73203f3348a80,1,0.0,0.0,0.0,0.0,0.0,0.0
2.0,0.4,3.0,0.7,6,train,0xbe3e194f0069013ae4a860b6c152131b2032c0cc,1,0.0,0.0,0.0,0.0,0.0,0.0
2.0,0.4,3.0,0.7,6,train,0xc7e90a703b7ca435089cb90b8b770353e52b0a80,1,0.0,0.0,0.0,0.0,0.0,0.0
2.0,0.4,3.0,0.7,6,train,0xe0a5a3ba19a680a72be08c39c5de4dddb1fe05c7,1,0.0,0.0,0.0,0.0,0.0,0.0
2.0,0.4,3.0,0.7,6,train,0xe5e702641ea86f4ae6cc3cdaed2b886f976be044,58,15.517241379310345,5.172413793103448,1.895924551670571,0.0,0.0,6.896551724137931
2.0,0.4,3.0,0.7,6,train,0xf1ee073811b14359d850825e48d200483200edcd,1,0.0,0.0,0.0,0.0,0.0,0.0
2.0,0.4,3.0,0.7,12,test,0x0000000000000000000000000000000000000000,5,0.0,0.0,0.0,0.0,0.0,0.0
2.0,0.4,3.0,0.7,12,test,0x2565055891704afe3e844d5b34a318108ce64144,1,0.0,0.0,0.0,0.0,0.0,0.0
2.0,0.4,3.0,0.7,12,test,0x261b0f5e05eb05c6496728f1ae4969810dbe8a80,1,0.0,0.0,0.0,0.0,0.0,0.0
2.0,0.4,3.0,0.7,12,test,0xe5e702641ea86f4ae6cc3cdaed2b886f976be044,15,13.333333333333334,0.0,-6.8879344674669944,0.0,-28.37115555614108,0.0
2.0,0.4,3.0,0.7,12,train,0x0000000000000000000000000000000000000000,17,5.88235294117647,0.0,-0.11705882352941194,0.0,0.0,0.0
2.0,0.4,3.0,0.7,12,train,0x00d18bc3fab01162f43f20c071559795fcaf4144,1,0.0,0.0,0.0,0.0,0.0,0.0
2.0,0.4,3.0,0.7,12,train,0x1e8bbf00d265e08a27e91bfbc1f9a4073c4b4144,1,0.0,0.0,0.0,0.0,0.0,0.0
2.0,0.4,3.0,0.7,12,train,0x332f85e7e323214b2d55286414b059ebb1f2a044,1,0.0,0.0,0.0,0.0,0.0,0.0
2.0,0.4,3.0,0.7,12,train,0x3ad9e44cb65e518e452bfcb78952ca45b66a8a80,1,0.0,0.0,0.0,0.0,0.0,0.0
2.0,0.4,3.0,0.7,12,train,0x3bf48564e102ddf0ffd19c998e6132eee8be5000,1,0.0,0.0,0.0,0.0,0.0,0.0
2.0,0.4,3.0,0.7,12,train,0x4e3468951d49f2eea976ed0d6e75ffcb44a9a544,2,0.0,0.0,0.0,0.0,0.0,0.0
2.0,0.4,3.0,0.7,12,train,0x6eaae6b721b6c896bbfc30d3a7f4999d5a94ca80,1,0.0,0.0,0.0,0.0,0.0,0.0
2.0,0.4,3.0,0.7,12,train,0x718793b91da00b21e5b11e89de3ec9b9b6234144,1,0.0,0.0,0.0,0.0,0.0,0.0
2.0,0.4,3.0,0.7,12,train,0x72cecfc6d9a07117d5d207537e0bfd4bdfdac0cc,1,0.0,0.0,0.0,0.0,0.0,0.0
2.0,0.4,3.0,0.7,12,train,0x75a54357d9c78a2db19004a5fdc76c50f9242aec,1,0.0,0.0,0.0,0.0,0.0,0.0
2.0,0.4,3.0,0.7,12,train,0xbc4397b7f01f347b7dfa35276ca73203f3348a80,1,0.0,0.0,0.0,0.0,0.0,0.0
2.0,0.4,3.0,0.7,12,train,0xbe3e194f0069013ae4a860b6c152131b2032c0cc,1,0.0,0.0,0.0,0.0,0.0,0.0
2.0,0.4,3.0,0.7,12,train,0xc7e90a703b7ca435089cb90b8b770353e52b0a80,1,0.0,0.0,0.0,0.0,0.0,0.0
2.0,0.4,3.0,0.7,12,train,0xe0a5a3ba19a680a72be08c39c5de4dddb1fe05c7,1,0.0,0.0,0.0,0.0,0.0,0.0
2.0,0.4,3.0,0.7,12,train,0xe5e702641ea86f4ae6cc3cdaed2b886f976be044,58,15.517241379310345,5.172413793103448,-0.3565160413907066,0.0,-2.141591667401525,5.172413793103448
2.0,0.4,3.0,0.7,12,train,0xf1ee073811b14359d850825e48d200483200edcd,1,0.0,0.0,0.0,0.0,0.0,0.0
2.0,0.4,3.0,0.7,24,test,0x0000000000000000000000000000000000000000,5,0.0,0.0,0.0,0.0,0.0,0.0
2.0,0.4,3.0,0.7,24,test,0x2565055891704afe3e844d5b34a318108ce64144,1,0.0,0.0,0.0,0.0,0.0,0.0
2.0,0.4,3.0,0.7,24,test,0x261b0f5e05eb05c6496728f1ae4969810dbe8a80,1,0.0,0.0,0.0,0.0,0.0,0.0
2.0,0.4,3.0,0.7,24,test,0xe5e702641ea86f4ae6cc3cdaed2b886f976be044,15,13.333333333333334,0.0,-6.8879344674669944,0.0,-28.37115555614108,0.0
2.0,0.4,3.0,0.7,24,train,0x0000000000000000000000000000000000000000,17,5.88235294117647,0.0,-0.11705882352941194,0.0,0.0,0.0
2.0,0.4,3.0,0.7,24,train,0x00d18bc3fab01162f43f20c071559795fcaf4144,1,0.0,0.0,0.0,0.0,0.0,0.0
2.0,0.4,3.0,0.7,24,train,0x1e8bbf00d265e08a27e91bfbc1f9a4073c4b4144,1,0.0,0.0,0.0,0.0,0.0,0.0
2.0,0.4,3.0,0.7,24,train,0x332f85e7e323214b2d55286414b059ebb1f2a044,1,0.0,0.0,0.0,0.0,0.0,0.0
2.0,0.4,3.0,0.7,24,train,0x3ad9e44cb65e518e452bfcb78952ca45b66a8a80,1,0.0,0.0,0.0,0.0,0.0,0.0
2.0,0.4,3.0,0.7,24,train,0x3bf48564e102ddf0ffd19c998e6132eee8be5000,1,0.0,0.0,0.0,0.0,0.0,0.0
2.0,0.4,3.0,0.7,24,train,0x4e3468951d49f2eea976ed0d6e75ffcb44a9a544,2,0.0,0.0,0.0,0.0,0.0,0.0
2.0,0.4,3.0,0.7,24,train,0x6eaae6b721b6c896bbfc30d3a7f4999d5a94ca80,1,0.0,0.0,0.0,0.0,0.0,0.0
2.0,0.4,3.0,0.7,24,train,0x718793b91da00b21e5b11e89de3ec9b9b6234144,1,0.0,0.0,0.0,0.0,0.0,0.0
2.0,0.4,3.0,0.7,24,train,0x72cecfc6d9a07117d5d207537e0bfd4bdfdac0cc,1,0.0,0.0,0.0,0.0,0.0,0.0
2.0,0.4,3.0,0.7,24,train,0x75a54357d9c78a2db19004a5fdc76c50f9242aec,1,0.0,0.0,0.0,0.0,0.0,0.0
2.0,0.4,3.0,0.7,24,train,0xbc4397b7f01f347b7dfa35276ca73203f3348a80,1,0.0,0.0,0.0,0.0,0.0,0.0
2.0,0.4,3.0,0.7,24,train,0xbe3e194f0069013ae4a860b6c152131b2032c0cc,1,0.0,0.0,0.0,0.0,0.0,0.0
2.0,0.4,3.0,0.7,24,train,0xc7e90a703b7ca435089cb90b8b770353e52b0a80,1,0.0,0.0,0.0,0.0,0.0,0.0
2.0,0.4,3.0,0.7,24,train,0xe0a5a3ba19a680a72be08c39c5de4dddb1fe05c7,1,0.0,0.0,0.0,0.0,0.0,0.0
2.0,0.4,3.0,0.7,24,train,0xe5e702641ea86f4ae6cc3cdaed2b886f976be044,58,15.517241379310345,5.172413793103448,1.3701712156156816,0.0,0.0,6.896551724137931
2.0,0.4,3.0,0.7,24,train,0xf1ee073811b14359d850825e48d200483200edcd,1,0.0,0.0,0.0,0.0,0.0,0.0
