decision_hours,min_multiple,min_volume_6h,stop,recovery,trail,max_hold_hours,positions,active_days,mean_vault_return_pct,median_vault_return_pct,worst_vault_return_pct,best_vault_return_pct
12,1.0,1,0.2,1.5,0.4,12,8,4,-0.2564720598632013,-0.28327294064009606,-0.326632768701465,-0.13270958947114808
12,1.0,1,0.2,1.5,0.4,24,8,4,2.8899250118119486,-0.22906786544214214,-0.326632768701465,12.344468546833545
12,1.0,1,0.2,1.5,0.4,48,8,4,2.8899250118119486,-0.22906786544214214,-0.326632768701465,12.344468546833545
12,1.0,1,0.2,1.5,0.4,96,8,4,2.8899250118119486,-0.22906786544214214,-0.326632768701465,12.344468546833545
12,1.0,1,0.2,1.5,0.55,12,8,4,-0.2564720598632013,-0.28327294064009606,-0.326632768701465,-0.13270958947114808
12,1.0,1,0.2,1.5,0.55,24,8,4,5.121965999887593,-0.22906786544214214,-0.326632768701465,21.27263249913612
12,1.0,1,0.2,1.5,0.55,48,8,4,2.682790295330027,-0.22906786544214214,-0.326632768701465,11.515929680905856
12,1.0,1,0.2,1.5,0.55,96,8,4,2.682790295330027,-0.22906786544214214,-0.326632768701465,11.515929680905856
12,1.0,1,0.2,2.0,0.4,12,8,4,-0.2564720598632013,-0.28327294064009606,-0.326632768701465,-0.13270958947114808
12,1.0,1,0.2,2.0,0.4,24,8,4,2.8899250118119486,-0.22906786544214214,-0.326632768701465,12.344468546833545
12,1.0,1,0.2,2.0,0.4,48,8,4,2.8899250118119486,-0.22906786544214214,-0.326632768701465,12.344468546833545
12,1.0,1,0.2,2.0,0.4,96,8,4,2.8899250118119486,-0.22906786544214214,-0.326632768701465,12.344468546833545
12,1.0,1,0.2,2.0,0.55,12,8,4,-0.2564720598632013,-0.28327294064009606,-0.326632768701465,-0.13270958947114808
12,1.0,1,0.2,2.0,0.55,24,8,4,5.121965999887593,-0.22906786544214214,-0.326632768701465,21.27263249913612
12,1.0,1,0.2,2.0,0.55,48,8,4,2.682790295330027,-0.22906786544214214,-0.326632768701465,11.515929680905856
12,1.0,1,0.2,2.0,0.55,96,8,4,2.682790295330027,-0.22906786544214214,-0.326632768701465,11.515929680905856
12,1.0,1,0.3,1.5,0.4,12,8,4,-0.33794669882563255,-0.3148644606142914,-0.5599506598234595,-0.16210721425048785
12,1.0,1,0.3,1.5,0.4,24,8,4,2.8084503728495176,-0.2547994628143885,-0.5599506598234595,12.303351076850307
12,1.0,1,0.3,1.5,0.4,48,8,4,2.8084503728495176,-0.2547994628143885,-0.5599506598234595,12.303351076850307
12,1.0,1,0.3,1.5,0.4,96,8,4,2.8084503728495176,-0.2547994628143885,-0.5599506598234595,12.303351076850307
12,1.0,1,0.3,1.5,0.55,12,8,4,-0.33794669882563255,-0.3148644606142914,-0.5599506598234595,-0.16210721425048785
12,1.0,1,0.3,1.5,0.55,24,8,4,5.040491360925161,-0.2547994628143885,-0.5599506598234595,21.23151502915288
12,1.0,1,0.3,1.5,0.55,48,8,4,2.6013156563675954,-0.2547994628143885,-0.5599506598234595,11.474812210922618
12,1.0,1,0.3,1.5,0.55,96,8,4,2.6013156563675954,-0.2547994628143885,-0.5599506598234595,11.474812210922618
12,1.0,1,0.3,2.0,0.4,12,8,4,-0.33794669882563255,-0.3148644606142914,-0.5599506598234595,-0.16210721425048785
12,1.0,1,0.3,2.0,0.4,24,8,4,2.8084503728495176,-0.2547994628143885,-0.5599506598234595,12.303351076850307
12,1.0,1,0.3,2.0,0.4,48,8,4,2.8084503728495176,-0.2547994628143885,-0.5599506598234595,12.303351076850307
12,1.0,1,0.3,2.0,0.4,96,8,4,2.8084503728495176,-0.2547994628143885,-0.5599506598234595,12.303351076850307
12,1.0,1,0.3,2.0,0.55,12,8,4,-0.33794669882563255,-0.3148644606142914,-0.5599506598234595,-0.16210721425048785
12,1.0,1,0.3,2.0,0.55,24,8,4,5.040491360925161,-0.2547994628143885,-0.5599506598234595,21.23151502915288
12,1.0,1,0.3,2.0,0.55,48,8,4,2.6013156563675954,-0.2547994628143885,-0.5599506598234595,11.474812210922618
12,1.0,1,0.3,2.0,0.55,96,8,4,2.6013156563675954,-0.2547994628143885,-0.5599506598234595,11.474812210922618
12,1.0,5,0.2,1.5,0.4,12,8,4,-0.2564720598632013,-0.28327294064009606,-0.326632768701465,-0.13270958947114808
12,1.0,5,0.2,1.5,0.4,24,8,4,2.8899250118119486,-0.22906786544214214,-0.326632768701465,12.344468546833545
12,1.0,5,0.2,1.5,0.4,48,8,4,2.8899250118119486,-0.22906786544214214,-0.326632768701465,12.344468546833545
12,1.0,5,0.2,1.5,0.4,96,8,4,2.8899250118119486,-0.22906786544214214,-0.326632768701465,12.344468546833545
12,1.0,5,0.2,1.5,0.55,12,8,4,-0.2564720598632013,-0.28327294064009606,-0.326632768701465,-0.13270958947114808
12,1.0,5,0.2,1.5,0.55,24,8,4,5.121965999887593,-0.22906786544214214,-0.326632768701465,21.27263249913612
12,1.0,5,0.2,1.5,0.55,48,8,4,2.682790295330027,-0.22906786544214214,-0.326632768701465,11.515929680905856
12,1.0,5,0.2,1.5,0.55,96,8,4,2.682790295330027,-0.22906786544214214,-0.326632768701465,11.515929680905856
12,1.0,5,0.2,2.0,0.4,12,8,4,-0.2564720598632013,-0.28327294064009606,-0.326632768701465,-0.13270958947114808
12,1.0,5,0.2,2.0,0.4,24,8,4,2.8899250118119486,-0.22906786544214214,-0.326632768701465,12.344468546833545
12,1.0,5,0.2,2.0,0.4,48,8,4,2.8899250118119486,-0.22906786544214214,-0.326632768701465,12.344468546833545
12,1.0,5,0.2,2.0,0.4,96,8,4,2.8899250118119486,-0.22906786544214214,-0.326632768701465,12.344468546833545
12,1.0,5,0.2,2.0,0.55,12,8,4,-0.2564720598632013,-0.28327294064009606,-0.326632768701465,-0.13270958947114808
12,1.0,5,0.2,2.0,0.55,24,8,4,5.121965999887593,-0.22906786544214214,-0.326632768701465,21.27263249913612
12,1.0,5,0.2,2.0,0.55,48,8,4,2.682790295330027,-0.22906786544214214,-0.326632768701465,11.515929680905856
12,1.0,5,0.2,2.0,0.55,96,8,4,2.682790295330027,-0.22906786544214214,-0.326632768701465,11.515929680905856
12,1.0,5,0.3,1.5,0.4,12,8,4,-0.33794669882563255,-0.3148644606142914,-0.5599506598234595,-0.16210721425048785
12,1.0,5,0.3,1.5,0.4,24,8,4,2.8084503728495176,-0.2547994628143885,-0.5599506598234595,12.303351076850307
12,1.0,5,0.3,1.5,0.4,48,8,4,2.8084503728495176,-0.2547994628143885,-0.5599506598234595,12.303351076850307
12,1.0,5,0.3,1.5,0.4,96,8,4,2.8084503728495176,-0.2547994628143885,-0.5599506598234595,12.303351076850307
12,1.0,5,0.3,1.5,0.55,12,8,4,-0.33794669882563255,-0.3148644606142914,-0.5599506598234595,-0.16210721425048785
12,1.0,5,0.3,1.5,0.55,24,8,4,5.040491360925161,-0.2547994628143885,-0.5599506598234595,21.23151502915288
12,1.0,5,0.3,1.5,0.55,48,8,4,2.6013156563675954,-0.2547994628143885,-0.5599506598234595,11.474812210922618
12,1.0,5,0.3,1.5,0.55,96,8,4,2.6013156563675954,-0.2547994628143885,-0.5599506598234595,11.474812210922618
12,1.0,5,0.3,2.0,0.4,12,8,4,-0.33794669882563255,-0.3148644606142914,-0.5599506598234595,-0.16210721425048785
12,1.0,5,0.3,2.0,0.4,24,8,4,2.8084503728495176,-0.2547994628143885,-0.5599506598234595,12.303351076850307
12,1.0,5,0.3,2.0,0.4,48,8,4,2.8084503728495176,-0.2547994628143885,-0.5599506598234595,12.303351076850307
12,1.0,5,0.3,2.0,0.4,96,8,4,2.8084503728495176,-0.2547994628143885,-0.5599506598234595,12.303351076850307
12,1.0,5,0.3,2.0,0.55,12,8,4,-0.33794669882563255,-0.3148644606142914,-0.5599506598234595,-0.16210721425048785
12,1.0,5,0.3,2.0,0.55,24,8,4,5.040491360925161,-0.2547994628143885,-0.5599506598234595,21.23151502915288
12,1.0,5,0.3,2.0,0.55,48,8,4,2.6013156563675954,-0.2547994628143885,-0.5599506598234595,11.474812210922618
12,1.0,5,0.3,2.0,0.55,96,8,4,2.6013156563675954,-0.2547994628143885,-0.5599506598234595,11.474812210922618
12,1.0,20,0.2,1.5,0.4,12,6,4,-0.2393852051768255,-0.2490992312673444,-0.326632768701465,-0.13270958947114808
12,1.0,20,0.2,1.5,0.4,24,6,4,-0.2393852051768255,-0.2490992312673444,-0.326632768701465,-0.13270958947114808
12,1.0,20,0.2,1.5,0.4,48,6,4,-0.2393852051768255,-0.2490992312673444,-0.326632768701465,-0.13270958947114808
12,1.0,20,0.2,1.5,0.4,96,6,4,-0.2393852051768255,-0.2490992312673444,-0.326632768701465,-0.13270958947114808
12,1.0,20,0.2,1.5,0.55,12,6,4,-0.2393852051768255,-0.2490992312673444,-0.326632768701465,-0.13270958947114808
12,1.0,20,0.2,1.5,0.55,24,6,4,-0.2393852051768255,-0.2490992312673444,-0.326632768701465,-0.13270958947114808
12,1.0,20,0.2,1.5,0.55,48,6,4,-0.2393852051768255,-0.2490992312673444,-0.326632768701465,-0.13270958947114808
12,1.0,20,0.2,1.5,0.55,96,6,4,-0.2393852051768255,-0.2490992312673444,-0.326632768701465,-0.13270958947114808
12,1.0,20,0.2,2.0,0.4,12,6,4,-0.2393852051768255,-0.2490992312673444,-0.326632768701465,-0.13270958947114808
12,1.0,20,0.2,2.0,0.4,24,6,4,-0.2393852051768255,-0.2490992312673444,-0.326632768701465,-0.13270958947114808
12,1.0,20,0.2,2.0,0.4,48,6,4,-0.2393852051768255,-0.2490992312673444,-0.326632768701465,-0.13270958947114808
12,1.0,20,0.2,2.0,0.4,96,6,4,-0.2393852051768255,-0.2490992312673444,-0.326632768701465,-0.13270958947114808
12,1.0,20,0.2,2.0,0.55,12,6,4,-0.2393852051768255,-0.2490992312673444,-0.326632768701465,-0.13270958947114808
12,1.0,20,0.2,2.0,0.55,24,6,4,-0.2393852051768255,-0.2490992312673444,-0.326632768701465,-0.13270958947114808
12,1.0,20,0.2,2.0,0.55,48,6,4,-0.2393852051768255,-0.2490992312673444,-0.326632768701465,-0.13270958947114808
12,1.0,20,0.2,2.0,0.55,96,6,4,-0.2393852051768255,-0.2490992312673444,-0.326632768701465,-0.13270958947114808
12,1.0,20,0.3,1.5,0.4,12,6,4,-0.31058047664344723,-0.2601320162499208,-0.5599506598234595,-0.16210721425048785
12,1.0,20,0.3,1.5,0.4,24,6,4,-0.31058047664344723,-0.2601320162499208,-0.5599506598234595,-0.16210721425048785
12,1.0,20,0.3,1.5,0.4,48,6,4,-0.31058047664344723,-0.2601320162499208,-0.5599506598234595,-0.16210721425048785
12,1.0,20,0.3,1.5,0.4,96,6,4,-0.31058047664344723,-0.2601320162499208,-0.5599506598234595,-0.16210721425048785
12,1.0,20,0.3,1.5,0.55,12,6,4,-0.31058047664344723,-0.2601320162499208,-0.5599506598234595,-0.16210721425048785
12,1.0,20,0.3,1.5,0.55,24,6,4,-0.31058047664344723,-0.2601320162499208,-0.5599506598234595,-0.16210721425048785
12,1.0,20,0.3,1.5,0.55,48,6,4,-0.31058047664344723,-0.2601320162499208,-0.5599506598234595,-0.16210721425048785
12,1.0,20,0.3,1.5,0.55,96,6,4,-0.31058047664344723,-0.2601320162499208,-0.5599506598234595,-0.16210721425048785
12,1.0,20,0.3,2.0,0.4,12,6,4,-0.31058047664344723,-0.2601320162499208,-0.5599506598234595,-0.16210721425048785
12,1.0,20,0.3,2.0,0.4,24,6,4,-0.31058047664344723,-0.2601320162499208,-0.5599506598234595,-0.16210721425048785
12,1.0,20,0.3,2.0,0.4,48,6,4,-0.31058047664344723,-0.2601320162499208,-0.5599506598234595,-0.16210721425048785
12,1.0,20,0.3,2.0,0.4,96,6,4,-0.31058047664344723,-0.2601320162499208,-0.5599506598234595,-0.16210721425048785
12,1.0,20,0.3,2.0,0.55,12,6,4,-0.31058047664344723,-0.2601320162499208,-0.5599506598234595,-0.16210721425048785
12,1.0,20,0.3,2.0,0.55,24,6,4,-0.31058047664344723,-0.2601320162499208,-0.5599506598234595,-0.16210721425048785
12,1.0,20,0.3,2.0,0.55,48,6,4,-0.31058047664344723,-0.2601320162499208,-0.5599506598234595,-0.16210721425048785
12,1.0,20,0.3,2.0,0.55,96,6,4,-0.31058047664344723,-0.2601320162499208,-0.5599506598234595,-0.16210721425048785
12,1.25,1,0.2,1.5,0.4,12,6,4,-0.1747693919596588,-0.22906786544214214,-0.326632768701465,0.08569093174711417
12,1.25,1,0.2,1.5,0.4,24,6,4,2.9716276797154917,-0.22906786544214214,-0.326632768701465,12.671279218447715
12,1.25,1,0.2,1.5,0.4,48,6,4,2.9716276797154917,-0.22906786544214214,-0.326632768701465,12.671279218447715
12,1.25,1,0.2,1.5,0.4,96,6,4,2.9716276797154917,-0.22906786544214214,-0.326632768701465,12.671279218447715
12,1.25,1,0.2,1.5,0.55,12,6,4,-0.1747693919596588,-0.22906786544214214,-0.326632768701465,0.08569093174711417
12,1.25,1,0.2,1.5,0.55,24,6,4,5.203668667791135,-0.22906786544214214,-0.326632768701465,21.599443170750288
12,1.25,1,0.2,1.5,0.55,48,6,4,2.764492963233569,-0.22906786544214214,-0.326632768701465,11.842740352520027
12,1.25,1,0.2,1.5,0.55,96,6,4,2.764492963233569,-0.22906786544214214,-0.326632768701465,11.842740352520027
12,1.25,1,0.2,2.0,0.4,12,6,4,-0.1747693919596588,-0.22906786544214214,-0.326632768701465,0.08569093174711417
12,1.25,1,0.2,2.0,0.4,24,6,4,2.9716276797154917,-0.22906786544214214,-0.326632768701465,12.671279218447715
12,1.25,1,0.2,2.0,0.4,48,6,4,2.9716276797154917,-0.22906786544214214,-0.326632768701465,12.671279218447715
12,1.25,1,0.2,2.0,0.4,96,6,4,2.9716276797154917,-0.22906786544214214,-0.326632768701465,12.671279218447715
12,1.25,1,0.2,2.0,0.55,12,6,4,-0.1747693919596588,-0.22906786544214214,-0.326632768701465,0.08569093174711417
12,1.25,1,0.2,2.0,0.55,24,6,4,5.203668667791135,-0.22906786544214214,-0.326632768701465,21.599443170750288
12,1.25,1,0.2,2.0,0.55,48,6,4,2.764492963233569,-0.22906786544214214,-0.326632768701465,11.842740352520027
12,1.25,1,0.2,2.0,0.55,96,6,4,2.764492963233569,-0.22906786544214214,-0.326632768701465,11.842740352520027
12,1.25,1,0.3,1.5,0.4,12,6,4,-0.24596466342628054,-0.2547994628143885,-0.5599506598234595,0.08569093174711417
12,1.25,1,0.3,1.5,0.4,24,6,4,2.9004324082488697,-0.2547994628143885,-0.5599506598234595,12.671279218447715
12,1.25,1,0.3,1.5,0.4,48,6,4,2.9004324082488697,-0.2547994628143885,-0.5599506598234595,12.671279218447715
12,1.25,1,0.3,1.5,0.4,96,6,4,2.9004324082488697,-0.2547994628143885,-0.5599506598234595,12.671279218447715
12,1.25,1,0.3,1.5,0.55,12,6,4,-0.24596466342628054,-0.2547994628143885,-0.5599506598234595,0.08569093174711417
12,1.25,1,0.3,1.5,0.55,24,6,4,5.132473396324513,-0.2547994628143885,-0.5599506598234595,21.599443170750288
12,1.25,1,0.3,1.5,0.55,48,6,4,2.6932976917669476,-0.2547994628143885,-0.5599506598234595,11.842740352520027
12,1.25,1,0.3,1.5,0.55,96,6,4,2.6932976917669476,-0.2547994628143885,-0.5599506598234595,11.842740352520027
12,1.25,1,0.3,2.0,0.4,12,6,4,-0.24596466342628054,-0.2547994628143885,-0.5599506598234595,0.08569093174711417
12,1.25,1,0.3,2.0,0.4,24,6,4,2.9004324082488697,-0.2547994628143885,-0.5599506598234595,12.671279218447715
12,1.25,1,0.3,2.0,0.4,48,6,4,2.9004324082488697,-0.2547994628143885,-0.5599506598234595,12.671279218447715
12,1.25,1,0.3,2.0,0.4,96,6,4,2.9004324082488697,-0.2547994628143885,-0.5599506598234595,12.671279218447715
12,1.25,1,0.3,2.0,0.55,12,6,4,-0.24596466342628054,-0.2547994628143885,-0.5599506598234595,0.08569093174711417
12,1.25,1,0.3,2.0,0.55,24,6,4,5.132473396324513,-0.2547994628143885,-0.5599506598234595,21.599443170750288
12,1.25,1,0.3,2.0,0.55,48,6,4,2.6932976917669476,-0.2547994628143885,-0.5599506598234595,11.842740352520027
12,1.25,1,0.3,2.0,0.55,96,6,4,2.6932976917669476,-0.2547994628143885,-0.5599506598234595,11.842740352520027
12,1.25,5,0.2,1.5,0.4,12,6,4,-0.1747693919596588,-0.22906786544214214,-0.326632768701465,0.08569093174711417
12,1.25,5,0.2,1.5,0.4,24,6,4,2.9716276797154917,-0.22906786544214214,-0.326632768701465,12.671279218447715
12,1.25,5,0.2,1.5,0.4,48,6,4,2.9716276797154917,-0.22906786544214214,-0.326632768701465,12.671279218447715
12,1.25,5,0.2,1.5,0.4,96,6,4,2.9716276797154917,-0.22906786544214214,-0.326632768701465,12.671279218447715
12,1.25,5,0.2,1.5,0.55,12,6,4,-0.1747693919596588,-0.22906786544214214,-0.326632768701465,0.08569093174711417
12,1.25,5,0.2,1.5,0.55,24,6,4,5.203668667791135,-0.22906786544214214,-0.326632768701465,21.599443170750288
12,1.25,5,0.2,1.5,0.55,48,6,4,2.764492963233569,-0.22906786544214214,-0.326632768701465,11.842740352520027
12,1.25,5,0.2,1.5,0.55,96,6,4,2.764492963233569,-0.22906786544214214,-0.326632768701465,11.842740352520027
12,1.25,5,0.2,2.0,0.4,12,6,4,-0.1747693919596588,-0.22906786544214214,-0.326632768701465,0.08569093174711417
12,1.25,5,0.2,2.0,0.4,24,6,4,2.9716276797154917,-0.22906786544214214,-0.326632768701465,12.671279218447715
12,1.25,5,0.2,2.0,0.4,48,6,4,2.9716276797154917,-0.22906786544214214,-0.326632768701465,12.671279218447715
12,1.25,5,0.2,2.0,0.4,96,6,4,2.9716276797154917,-0.22906786544214214,-0.326632768701465,12.671279218447715
12,1.25,5,0.2,2.0,0.55,12,6,4,-0.1747693919596588,-0.22906786544214214,-0.326632768701465,0.08569093174711417
12,1.25,5,0.2,2.0,0.55,24,6,4,5.203668667791135,-0.22906786544214214,-0.326632768701465,21.599443170750288
12,1.25,5,0.2,2.0,0.55,48,6,4,2.764492963233569,-0.22906786544214214,-0.326632768701465,11.842740352520027
12,1.25,5,0.2,2.0,0.55,96,6,4,2.764492963233569,-0.22906786544214214,-0.326632768701465,11.842740352520027
12,1.25,5,0.3,1.5,0.4,12,6,4,-0.24596466342628054,-0.2547994628143885,-0.5599506598234595,0.08569093174711417
12,1.25,5,0.3,1.5,0.4,24,6,4,2.9004324082488697,-0.2547994628143885,-0.5599506598234595,12.671279218447715
12,1.25,5,0.3,1.5,0.4,48,6,4,2.9004324082488697,-0.2547994628143885,-0.5599506598234595,12.671279218447715
12,1.25,5,0.3,1.5,0.4,96,6,4,2.9004324082488697,-0.2547994628143885,-0.5599506598234595,12.671279218447715
12,1.25,5,0.3,1.5,0.55,12,6,4,-0.24596466342628054,-0.2547994628143885,-0.5599506598234595,0.08569093174711417
12,1.25,5,0.3,1.5,0.55,24,6,4,5.132473396324513,-0.2547994628143885,-0.5599506598234595,21.599443170750288
12,1.25,5,0.3,1.5,0.55,48,6,4,2.6932976917669476,-0.2547994628143885,-0.5599506598234595,11.842740352520027
12,1.25,5,0.3,1.5,0.55,96,6,4,2.6932976917669476,-0.2547994628143885,-0.5599506598234595,11.842740352520027
12,1.25,5,0.3,2.0,0.4,12,6,4,-0.24596466342628054,-0.2547994628143885,-0.5599506598234595,0.08569093174711417
12,1.25,5,0.3,2.0,0.4,24,6,4,2.9004324082488697,-0.2547994628143885,-0.5599506598234595,12.671279218447715
12,1.25,5,0.3,2.0,0.4,48,6,4,2.9004324082488697,-0.2547994628143885,-0.5599506598234595,12.671279218447715
12,1.25,5,0.3,2.0,0.4,96,6,4,2.9004324082488697,-0.2547994628143885,-0.5599506598234595,12.671279218447715
12,1.25,5,0.3,2.0,0.55,12,6,4,-0.24596466342628054,-0.2547994628143885,-0.5599506598234595,0.08569093174711417
12,1.25,5,0.3,2.0,0.55,24,6,4,5.132473396324513,-0.2547994628143885,-0.5599506598234595,21.599443170750288
12,1.25,5,0.3,2.0,0.55,48,6,4,2.6932976917669476,-0.2547994628143885,-0.5599506598234595,11.842740352520027
12,1.25,5,0.3,2.0,0.55,96,6,4,2.6932976917669476,-0.2547994628143885,-0.5599506598234595,11.842740352520027
12,1.25,20,0.2,1.5,0.4,12,5,3,-0.19619212489643734,-0.22906786544214214,-0.326632768701465,0.0
12,1.25,20,0.2,1.5,0.4,24,5,3,-0.19619212489643734,-0.22906786544214214,-0.326632768701465,0.0
12,1.25,20,0.2,1.5,0.4,48,5,3,-0.19619212489643734,-0.22906786544214214,-0.326632768701465,0.0
12,1.25,20,0.2,1.5,0.4,96,5,3,-0.19619212489643734,-0.22906786544214214,-0.326632768701465,0.0
12,1.25,20,0.2,1.5,0.55,12,5,3,-0.19619212489643734,-0.22906786544214214,-0.326632768701465,0.0
12,1.25,20,0.2,1.5,0.55,24,5,3,-0.19619212489643734,-0.22906786544214214,-0.326632768701465,0.0
12,1.25,20,0.2,1.5,0.55,48,5,3,-0.19619212489643734,-0.22906786544214214,-0.326632768701465,0.0
12,1.25,20,0.2,1.5,0.55,96,5,3,-0.19619212489643734,-0.22906786544214214,-0.326632768701465,0.0
12,1.25,20,0.2,2.0,0.4,12,5,3,-0.19619212489643734,-0.22906786544214214,-0.326632768701465,0.0
12,1.25,20,0.2,2.0,0.4,24,5,3,-0.19619212489643734,-0.22906786544214214,-0.326632768701465,0.0
12,1.25,20,0.2,2.0,0.4,48,5,3,-0.19619212489643734,-0.22906786544214214,-0.326632768701465,0.0
12,1.25,20,0.2,2.0,0.4,96,5,3,-0.19619212489643734,-0.22906786544214214,-0.326632768701465,0.0
12,1.25,20,0.2,2.0,0.55,12,5,3,-0.19619212489643734,-0.22906786544214214,-0.326632768701465,0.0
12,1.25,20,0.2,2.0,0.55,24,5,3,-0.19619212489643734,-0.22906786544214214,-0.326632768701465,0.0
12,1.25,20,0.2,2.0,0.55,48,5,3,-0.19619212489643734,-0.22906786544214214,-0.326632768701465,0.0
12,1.25,20,0.2,2.0,0.55,96,5,3,-0.19619212489643734,-0.22906786544214214,-0.326632768701465,0.0
12,1.25,20,0.3,1.5,0.4,12,5,3,-0.2673873963630591,-0.2547994628143885,-0.5599506598234595,0.0
12,1.25,20,0.3,1.5,0.4,24,5,3,-0.2673873963630591,-0.2547994628143885,-0.5599506598234595,0.0
12,1.25,20,0.3,1.5,0.4,48,5,3,-0.2673873963630591,-0.2547994628143885,-0.5599506598234595,0.0
12,1.25,20,0.3,1.5,0.4,96,5,3,-0.2673873963630591,-0.2547994628143885,-0.5599506598234595,0.0
12,1.25,20,0.3,1.5,0.55,12,5,3,-0.2673873963630591,-0.2547994628143885,-0.5599506598234595,0.0
12,1.25,20,0.3,1.5,0.55,24,5,3,-0.2673873963630591,-0.2547994628143885,-0.5599506598234595,0.0
12,1.25,20,0.3,1.5,0.55,48,5,3,-0.2673873963630591,-0.2547994628143885,-0.5599506598234595,0.0
12,1.25,20,0.3,1.5,0.55,96,5,3,-0.2673873963630591,-0.2547994628143885,-0.5599506598234595,0.0
12,1.25,20,0.3,2.0,0.4,12,5,3,-0.2673873963630591,-0.2547994628143885,-0.5599506598234595,0.0
12,1.25,20,0.3,2.0,0.4,24,5,3,-0.2673873963630591,-0.2547994628143885,-0.5599506598234595,0.0
12,1.25,20,0.3,2.0,0.4,48,5,3,-0.2673873963630591,-0.2547994628143885,-0.5599506598234595,0.0
12,1.25,20,0.3,2.0,0.4,96,5,3,-0.2673873963630591,-0.2547994628143885,-0.5599506598234595,0.0
12,1.25,20,0.3,2.0,0.55,12,5,3,-0.2673873963630591,-0.2547994628143885,-0.5599506598234595,0.0
12,1.25,20,0.3,2.0,0.55,24,5,3,-0.2673873963630591,-0.2547994628143885,-0.5599506598234595,0.0
12,1.25,20,0.3,2.0,0.55,48,5,3,-0.2673873963630591,-0.2547994628143885,-0.5599506598234595,0.0
12,1.25,20,0.3,2.0,0.55,96,5,3,-0.2673873963630591,-0.2547994628143885,-0.5599506598234595,0.0
12,1.5,1,0.2,1.5,0.4,12,5,3,-0.19619212489643734,-0.22906786544214214,-0.326632768701465,0.0
12,1.5,1,0.2,1.5,0.4,24,5,3,-0.19619212489643734,-0.22906786544214214,-0.326632768701465,0.0
12,1.5,1,0.2,1.5,0.4,48,5,3,-0.19619212489643734,-0.22906786544214214,-0.326632768701465,0.0
12,1.5,1,0.2,1.5,0.4,96,5,3,-0.19619212489643734,-0.22906786544214214,-0.326632768701465,0.0
12,1.5,1,0.2,1.5,0.55,12,5,3,-0.19619212489643734,-0.22906786544214214,-0.326632768701465,0.0
12,1.5,1,0.2,1.5,0.55,24,5,3,-0.19619212489643734,-0.22906786544214214,-0.326632768701465,0.0
12,1.5,1,0.2,1.5,0.55,48,5,3,-0.19619212489643734,-0.22906786544214214,-0.326632768701465,0.0
12,1.5,1,0.2,1.5,0.55,96,5,3,-0.19619212489643734,-0.22906786544214214,-0.326632768701465,0.0
12,1.5,1,0.2,2.0,0.4,12,5,3,-0.19619212489643734,-0.22906786544214214,-0.326632768701465,0.0
12,1.5,1,0.2,2.0,0.4,24,5,3,-0.19619212489643734,-0.22906786544214214,-0.326632768701465,0.0
12,1.5,1,0.2,2.0,0.4,48,5,3,-0.19619212489643734,-0.22906786544214214,-0.326632768701465,0.0
12,1.5,1,0.2,2.0,0.4,96,5,3,-0.19619212489643734,-0.22906786544214214,-0.326632768701465,0.0
12,1.5,1,0.2,2.0,0.55,12,5,3,-0.19619212489643734,-0.22906786544214214,-0.326632768701465,0.0
12,1.5,1,0.2,2.0,0.55,24,5,3,-0.19619212489643734,-0.22906786544214214,-0.326632768701465,0.0
12,1.5,1,0.2,2.0,0.55,48,5,3,-0.19619212489643734,-0.22906786544214214,-0.326632768701465,0.0
12,1.5,1,0.2,2.0,0.55,96,5,3,-0.19619212489643734,-0.22906786544214214,-0.326632768701465,0.0
12,1.5,1,0.3,1.5,0.4,12,5,3,-0.2673873963630591,-0.2547994628143885,-0.5599506598234595,0.0
12,1.5,1,0.3,1.5,0.4,24,5,3,-0.2673873963630591,-0.2547994628143885,-0.5599506598234595,0.0
12,1.5,1,0.3,1.5,0.4,48,5,3,-0.2673873963630591,-0.2547994628143885,-0.5599506598234595,0.0
12,1.5,1,0.3,1.5,0.4,96,5,3,-0.2673873963630591,-0.2547994628143885,-0.5599506598234595,0.0
12,1.5,1,0.3,1.5,0.55,12,5,3,-0.2673873963630591,-0.2547994628143885,-0.5599506598234595,0.0
12,1.5,1,0.3,1.5,0.55,24,5,3,-0.2673873963630591,-0.2547994628143885,-0.5599506598234595,0.0
12,1.5,1,0.3,1.5,0.55,48,5,3,-0.2673873963630591,-0.2547994628143885,-0.5599506598234595,0.0
12,1.5,1,0.3,1.5,0.55,96,5,3,-0.2673873963630591,-0.2547994628143885,-0.5599506598234595,0.0
12,1.5,1,0.3,2.0,0.4,12,5,3,-0.2673873963630591,-0.2547994628143885,-0.5599506598234595,0.0
12,1.5,1,0.3,2.0,0.4,24,5,3,-0.2673873963630591,-0.2547994628143885,-0.5599506598234595,0.0
12,1.5,1,0.3,2.0,0.4,48,5,3,-0.2673873963630591,-0.2547994628143885,-0.5599506598234595,0.0
12,1.5,1,0.3,2.0,0.4,96,5,3,-0.2673873963630591,-0.2547994628143885,-0.5599506598234595,0.0
12,1.5,1,0.3,2.0,0.55,12,5,3,-0.2673873963630591,-0.2547994628143885,-0.5599506598234595,0.0
12,1.5,1,0.3,2.0,0.55,24,5,3,-0.2673873963630591,-0.2547994628143885,-0.5599506598234595,0.0
12,1.5,1,0.3,2.0,0.55,48,5,3,-0.2673873963630591,-0.2547994628143885,-0.5599506598234595,0.0
12,1.5,1,0.3,2.0,0.55,96,5,3,-0.2673873963630591,-0.2547994628143885,-0.5599506598234595,0.0
12,1.5,5,0.2,1.5,0.4,12,5,3,-0.19619212489643734,-0.22906786544214214,-0.326632768701465,0.0
12,1.5,5,0.2,1.5,0.4,24,5,3,-0.19619212489643734,-0.22906786544214214,-0.326632768701465,0.0
12,1.5,5,0.2,1.5,0.4,48,5,3,-0.19619212489643734,-0.22906786544214214,-0.326632768701465,0.0
12,1.5,5,0.2,1.5,0.4,96,5,3,-0.19619212489643734,-0.22906786544214214,-0.326632768701465,0.0
12,1.5,5,0.2,1.5,0.55,12,5,3,-0.19619212489643734,-0.22906786544214214,-0.326632768701465,0.0
12,1.5,5,0.2,1.5,0.55,24,5,3,-0.19619212489643734,-0.22906786544214214,-0.326632768701465,0.0
12,1.5,5,0.2,1.5,0.55,48,5,3,-0.19619212489643734,-0.22906786544214214,-0.326632768701465,0.0
12,1.5,5,0.2,1.5,0.55,96,5,3,-0.19619212489643734,-0.22906786544214214,-0.326632768701465,0.0
12,1.5,5,0.2,2.0,0.4,12,5,3,-0.19619212489643734,-0.22906786544214214,-0.326632768701465,0.0
12,1.5,5,0.2,2.0,0.4,24,5,3,-0.19619212489643734,-0.22906786544214214,-0.326632768701465,0.0
12,1.5,5,0.2,2.0,0.4,48,5,3,-0.19619212489643734,-0.22906786544214214,-0.326632768701465,0.0
12,1.5,5,0.2,2.0,0.4,96,5,3,-0.19619212489643734,-0.22906786544214214,-0.326632768701465,0.0
12,1.5,5,0.2,2.0,0.55,12,5,3,-0.19619212489643734,-0.22906786544214214,-0.326632768701465,0.0
12,1.5,5,0.2,2.0,0.55,24,5,3,-0.19619212489643734,-0.22906786544214214,-0.326632768701465,0.0
12,1.5,5,0.2,2.0,0.55,48,5,3,-0.19619212489643734,-0.22906786544214214,-0.326632768701465,0.0
12,1.5,5,0.2,2.0,0.55,96,5,3,-0.19619212489643734,-0.22906786544214214,-0.326632768701465,0.0
12,1.5,5,0.3,1.5,0.4,12,5,3,-0.2673873963630591,-0.2547994628143885,-0.5599506598234595,0.0
12,1.5,5,0.3,1.5,0.4,24,5,3,-0.2673873963630591,-0.2547994628143885,-0.5599506598234595,0.0
12,1.5,5,0.3,1.5,0.4,48,5,3,-0.2673873963630591,-0.2547994628143885,-0.5599506598234595,0.0
12,1.5,5,0.3,1.5,0.4,96,5,3,-0.2673873963630591,-0.2547994628143885,-0.5599506598234595,0.0
12,1.5,5,0.3,1.5,0.55,12,5,3,-0.2673873963630591,-0.2547994628143885,-0.5599506598234595,0.0
12,1.5,5,0.3,1.5,0.55,24,5,3,-0.2673873963630591,-0.2547994628143885,-0.5599506598234595,0.0
12,1.5,5,0.3,1.5,0.55,48,5,3,-0.2673873963630591,-0.2547994628143885,-0.5599506598234595,0.0
12,1.5,5,0.3,1.5,0.55,96,5,3,-0.2673873963630591,-0.2547994628143885,-0.5599506598234595,0.0
12,1.5,5,0.3,2.0,0.4,12,5,3,-0.2673873963630591,-0.2547994628143885,-0.5599506598234595,0.0
12,1.5,5,0.3,2.0,0.4,24,5,3,-0.2673873963630591,-0.2547994628143885,-0.5599506598234595,0.0
12,1.5,5,0.3,2.0,0.4,48,5,3,-0.2673873963630591,-0.2547994628143885,-0.5599506598234595,0.0
12,1.5,5,0.3,2.0,0.4,96,5,3,-0.2673873963630591,-0.2547994628143885,-0.5599506598234595,0.0
12,1.5,5,0.3,2.0,0.55,12,5,3,-0.2673873963630591,-0.2547994628143885,-0.5599506598234595,0.0
12,1.5,5,0.3,2.0,0.55,24,5,3,-0.2673873963630591,-0.2547994628143885,-0.5599506598234595,0.0
12,1.5,5,0.3,2.0,0.55,48,5,3,-0.2673873963630591,-0.2547994628143885,-0.5599506598234595,0.0
12,1.5,5,0.3,2.0,0.55,96,5,3,-0.2673873963630591,-0.2547994628143885,-0.5599506598234595,0.0
12,1.5,20,0.2,1.5,0.4,12,5,3,-0.19619212489643734,-0.22906786544214214,-0.326632768701465,0.0
12,1.5,20,0.2,1.5,0.4,24,5,3,-0.19619212489643734,-0.22906786544214214,-0.326632768701465,0.0
12,1.5,20,0.2,1.5,0.4,48,5,3,-0.19619212489643734,-0.22906786544214214,-0.326632768701465,0.0
12,1.5,20,0.2,1.5,0.4,96,5,3,-0.19619212489643734,-0.22906786544214214,-0.326632768701465,0.0
12,1.5,20,0.2,1.5,0.55,12,5,3,-0.19619212489643734,-0.22906786544214214,-0.326632768701465,0.0
12,1.5,20,0.2,1.5,0.55,24,5,3,-0.19619212489643734,-0.22906786544214214,-0.326632768701465,0.0
12,1.5,20,0.2,1.5,0.55,48,5,3,-0.19619212489643734,-0.22906786544214214,-0.326632768701465,0.0
12,1.5,20,0.2,1.5,0.55,96,5,3,-0.19619212489643734,-0.22906786544214214,-0.326632768701465,0.0
12,1.5,20,0.2,2.0,0.4,12,5,3,-0.19619212489643734,-0.22906786544214214,-0.326632768701465,0.0
12,1.5,20,0.2,2.0,0.4,24,5,3,-0.19619212489643734,-0.22906786544214214,-0.326632768701465,0.0
12,1.5,20,0.2,2.0,0.4,48,5,3,-0.19619212489643734,-0.22906786544214214,-0.326632768701465,0.0
12,1.5,20,0.2,2.0,0.4,96,5,3,-0.19619212489643734,-0.22906786544214214,-0.326632768701465,0.0
12,1.5,20,0.2,2.0,0.55,12,5,3,-0.19619212489643734,-0.22906786544214214,-0.326632768701465,0.0
12,1.5,20,0.2,2.0,0.55,24,5,3,-0.19619212489643734,-0.22906786544214214,-0.326632768701465,0.0
12,1.5,20,0.2,2.0,0.55,48,5,3,-0.19619212489643734,-0.22906786544214214,-0.326632768701465,0.0
12,1.5,20,0.2,2.0,0.55,96,5,3,-0.19619212489643734,-0.22906786544214214,-0.326632768701465,0.0
12,1.5,20,0.3,1.5,0.4,12,5,3,-0.2673873963630591,-0.2547994628143885,-0.5599506598234595,0.0
12,1.5,20,0.3,1.5,0.4,24,5,3,-0.2673873963630591,-0.2547994628143885,-0.5599506598234595,0.0
12,1.5,20,0.3,1.5,0.4,48,5,3,-0.2673873963630591,-0.2547994628143885,-0.5599506598234595,0.0
12,1.5,20,0.3,1.5,0.4,96,5,3,-0.2673873963630591,-0.2547994628143885,-0.5599506598234595,0.0
12,1.5,20,0.3,1.5,0.55,12,5,3,-0.2673873963630591,-0.2547994628143885,-0.5599506598234595,0.0
12,1.5,20,0.3,1.5,0.55,24,5,3,-0.2673873963630591,-0.2547994628143885,-0.5599506598234595,0.0
12,1.5,20,0.3,1.5,0.55,48,5,3,-0.2673873963630591,-0.2547994628143885,-0.5599506598234595,0.0
12,1.5,20,0.3,1.5,0.55,96,5,3,-0.2673873963630591,-0.2547994628143885,-0.5599506598234595,0.0
12,1.5,20,0.3,2.0,0.4,12,5,3,-0.2673873963630591,-0.2547994628143885,-0.5599506598234595,0.0
12,1.5,20,0.3,2.0,0.4,24,5,3,-0.2673873963630591,-0.2547994628143885,-0.5599506598234595,0.0
12,1.5,20,0.3,2.0,0.4,48,5,3,-0.2673873963630591,-0.2547994628143885,-0.5599506598234595,0.0
12,1.5,20,0.3,2.0,0.4,96,5,3,-0.2673873963630591,-0.2547994628143885,-0.5599506598234595,0.0
12,1.5,20,0.3,2.0,0.55,12,5,3,-0.2673873963630591,-0.2547994628143885,-0.5599506598234595,0.0
12,1.5,20,0.3,2.0,0.55,24,5,3,-0.2673873963630591,-0.2547994628143885,-0.5599506598234595,0.0
12,1.5,20,0.3,2.0,0.55,48,5,3,-0.2673873963630591,-0.2547994628143885,-0.5599506598234595,0.0
12,1.5,20,0.3,2.0,0.55,96,5,3,-0.2673873963630591,-0.2547994628143885,-0.5599506598234595,0.0
12,2.0,1,0.2,1.5,0.4,12,4,2,-0.16301472752865032,-0.1627130707065681,-0.326632768701465,0.0
12,2.0,1,0.2,1.5,0.4,24,4,2,-0.16301472752865032,-0.1627130707065681,-0.326632768701465,0.0
12,2.0,1,0.2,1.5,0.4,48,4,2,-0.16301472752865032,-0.1627130707065681,-0.326632768701465,0.0
12,2.0,1,0.2,1.5,0.4,96,4,2,-0.16301472752865032,-0.1627130707065681,-0.326632768701465,0.0
12,2.0,1,0.2,1.5,0.55,12,4,2,-0.16301472752865032,-0.1627130707065681,-0.326632768701465,0.0
12,2.0,1,0.2,1.5,0.55,24,4,2,-0.16301472752865032,-0.1627130707065681,-0.326632768701465,0.0
12,2.0,1,0.2,1.5,0.55,48,4,2,-0.16301472752865032,-0.1627130707065681,-0.326632768701465,0.0
12,2.0,1,0.2,1.5,0.55,96,4,2,-0.16301472752865032,-0.1627130707065681,-0.326632768701465,0.0
12,2.0,1,0.2,2.0,0.4,12,4,2,-0.16301472752865032,-0.1627130707065681,-0.326632768701465,0.0
12,2.0,1,0.2,2.0,0.4,24,4,2,-0.16301472752865032,-0.1627130707065681,-0.326632768701465,0.0
12,2.0,1,0.2,2.0,0.4,48,4,2,-0.16301472752865032,-0.1627130707065681,-0.326632768701465,0.0
12,2.0,1,0.2,2.0,0.4,96,4,2,-0.16301472752865032,-0.1627130707065681,-0.326632768701465,0.0
12,2.0,1,0.2,2.0,0.55,12,4,2,-0.16301472752865032,-0.1627130707065681,-0.326632768701465,0.0
12,2.0,1,0.2,2.0,0.55,24,4,2,-0.16301472752865032,-0.1627130707065681,-0.326632768701465,0.0
12,2.0,1,0.2,2.0,0.55,48,4,2,-0.16301472752865032,-0.1627130707065681,-0.326632768701465,0.0
12,2.0,1,0.2,2.0,0.55,96,4,2,-0.16301472752865032,-0.1627130707065681,-0.326632768701465,0.0
12,2.0,1,0.3,1.5,0.4,12,4,2,-0.22686059280043713,-0.17374585568914452,-0.5599506598234595,0.0
12,2.0,1,0.3,1.5,0.4,24,4,2,-0.22686059280043713,-0.17374585568914452,-0.5599506598234595,0.0
12,2.0,1,0.3,1.5,0.4,48,4,2,-0.22686059280043713,-0.17374585568914452,-0.5599506598234595,0.0
12,2.0,1,0.3,1.5,0.4,96,4,2,-0.22686059280043713,-0.17374585568914452,-0.5599506598234595,0.0
12,2.0,1,0.3,1.5,0.55,12,4,2,-0.22686059280043713,-0.17374585568914452,-0.5599506598234595,0.0
12,2.0,1,0.3,1.5,0.55,24,4,2,-0.22686059280043713,-0.17374585568914452,-0.5599506598234595,0.0
12,2.0,1,0.3,1.5,0.55,48,4,2,-0.22686059280043713,-0.17374585568914452,-0.5599506598234595,0.0
12,2.0,1,0.3,1.5,0.55,96,4,2,-0.22686059280043713,-0.17374585568914452,-0.5599506598234595,0.0
12,2.0,1,0.3,2.0,0.4,12,4,2,-0.22686059280043713,-0.17374585568914452,-0.5599506598234595,0.0
12,2.0,1,0.3,2.0,0.4,24,4,2,-0.22686059280043713,-0.17374585568914452,-0.5599506598234595,0.0
12,2.0,1,0.3,2.0,0.4,48,4,2,-0.22686059280043713,-0.17374585568914452,-0.5599506598234595,0.0
12,2.0,1,0.3,2.0,0.4,96,4,2,-0.22686059280043713,-0.17374585568914452,-0.5599506598234595,0.0
12,2.0,1,0.3,2.0,0.55,12,4,2,-0.22686059280043713,-0.17374585568914452,-0.5599506598234595,0.0
12,2.0,1,0.3,2.0,0.55,24,4,2,-0.22686059280043713,-0.17374585568914452,-0.5599506598234595,0.0
12,2.0,1,0.3,2.0,0.55,48,4,2,-0.22686059280043713,-0.17374585568914452,-0.5599506598234595,0.0
12,2.0,1,0.3,2.0,0.55,96,4,2,-0.22686059280043713,-0.17374585568914452,-0.5599506598234595,0.0
12,2.0,5,0.2,1.5,0.4,12,4,2,-0.16301472752865032,-0.1627130707065681,-0.326632768701465,0.0
12,2.0,5,0.2,1.5,0.4,24,4,2,-0.16301472752865032,-0.1627130707065681,-0.326632768701465,0.0
12,2.0,5,0.2,1.5,0.4,48,4,2,-0.16301472752865032,-0.1627130707065681,-0.326632768701465,0.0
12,2.0,5,0.2,1.5,0.4,96,4,2,-0.16301472752865032,-0.1627130707065681,-0.326632768701465,0.0
12,2.0,5,0.2,1.5,0.55,12,4,2,-0.16301472752865032,-0.1627130707065681,-0.326632768701465,0.0
12,2.0,5,0.2,1.5,0.55,24,4,2,-0.16301472752865032,-0.1627130707065681,-0.326632768701465,0.0
12,2.0,5,0.2,1.5,0.55,48,4,2,-0.16301472752865032,-0.1627130707065681,-0.326632768701465,0.0
12,2.0,5,0.2,1.5,0.55,96,4,2,-0.16301472752865032,-0.1627130707065681,-0.326632768701465,0.0
12,2.0,5,0.2,2.0,0.4,12,4,2,-0.16301472752865032,-0.1627130707065681,-0.326632768701465,0.0
12,2.0,5,0.2,2.0,0.4,24,4,2,-0.16301472752865032,-0.1627130707065681,-0.326632768701465,0.0
12,2.0,5,0.2,2.0,0.4,48,4,2,-0.16301472752865032,-0.1627130707065681,-0.326632768701465,0.0
12,2.0,5,0.2,2.0,0.4,96,4,2,-0.16301472752865032,-0.1627130707065681,-0.326632768701465,0.0
12,2.0,5,0.2,2.0,0.55,12,4,2,-0.16301472752865032,-0.1627130707065681,-0.326632768701465,0.0
12,2.0,5,0.2,2.0,0.55,24,4,2,-0.16301472752865032,-0.1627130707065681,-0.326632768701465,0.0
12,2.0,5,0.2,2.0,0.55,48,4,2,-0.16301472752865032,-0.1627130707065681,-0.326632768701465,0.0
12,2.0,5,0.2,2.0,0.55,96,4,2,-0.16301472752865032,-0.1627130707065681,-0.326632768701465,0.0
12,2.0,5,0.3,1.5,0.4,12,4,2,-0.22686059280043713,-0.17374585568914452,-0.5599506598234595,0.0
12,2.0,5,0.3,1.5,0.4,24,4,2,-0.22686059280043713,-0.17374585568914452,-0.5599506598234595,0.0
12,2.0,5,0.3,1.5,0.4,48,4,2,-0.22686059280043713,-0.17374585568914452,-0.5599506598234595,0.0
12,2.0,5,0.3,1.5,0.4,96,4,2,-0.22686059280043713,-0.17374585568914452,-0.5599506598234595,0.0
12,2.0,5,0.3,1.5,0.55,12,4,2,-0.22686059280043713,-0.17374585568914452,-0.5599506598234595,0.0
12,2.0,5,0.3,1.5,0.55,24,4,2,-0.22686059280043713,-0.17374585568914452,-0.5599506598234595,0.0
12,2.0,5,0.3,1.5,0.55,48,4,2,-0.22686059280043713,-0.17374585568914452,-0.5599506598234595,0.0
12,2.0,5,0.3,1.5,0.55,96,4,2,-0.22686059280043713,-0.17374585568914452,-0.5599506598234595,0.0
12,2.0,5,0.3,2.0,0.4,12,4,2,-0.22686059280043713,-0.17374585568914452,-0.5599506598234595,0.0
12,2.0,5,0.3,2.0,0.4,24,4,2,-0.22686059280043713,-0.17374585568914452,-0.5599506598234595,0.0
12,2.0,5,0.3,2.0,0.4,48,4,2,-0.22686059280043713,-0.17374585568914452,-0.5599506598234595,0.0
12,2.0,5,0.3,2.0,0.4,96,4,2,-0.22686059280043713,-0.17374585568914452,-0.5599506598234595,0.0
12,2.0,5,0.3,2.0,0.55,12,4,2,-0.22686059280043713,-0.17374585568914452,-0.5599506598234595,0.0
12,2.0,5,0.3,2.0,0.55,24,4,2,-0.22686059280043713,-0.17374585568914452,-0.5599506598234595,0.0
12,2.0,5,0.3,2.0,0.55,48,4,2,-0.22686059280043713,-0.17374585568914452,-0.5599506598234595,0.0
12,2.0,5,0.3,2.0,0.55,96,4,2,-0.22686059280043713,-0.17374585568914452,-0.5599506598234595,0.0
12,2.0,20,0.2,1.5,0.4,12,4,2,-0.16301472752865032,-0.1627130707065681,-0.326632768701465,0.0
12,2.0,20,0.2,1.5,0.4,24,4,2,-0.16301472752865032,-0.1627130707065681,-0.326632768701465,0.0
12,2.0,20,0.2,1.5,0.4,48,4,2,-0.16301472752865032,-0.1627130707065681,-0.326632768701465,0.0
12,2.0,20,0.2,1.5,0.4,96,4,2,-0.16301472752865032,-0.1627130707065681,-0.326632768701465,0.0
12,2.0,20,0.2,1.5,0.55,12,4,2,-0.16301472752865032,-0.1627130707065681,-0.326632768701465,0.0
12,2.0,20,0.2,1.5,0.55,24,4,2,-0.16301472752865032,-0.1627130707065681,-0.326632768701465,0.0
12,2.0,20,0.2,1.5,0.55,48,4,2,-0.16301472752865032,-0.1627130707065681,-0.326632768701465,0.0
12,2.0,20,0.2,1.5,0.55,96,4,2,-0.16301472752865032,-0.1627130707065681,-0.326632768701465,0.0
12,2.0,20,0.2,2.0,0.4,12,4,2,-0.16301472752865032,-0.1627130707065681,-0.326632768701465,0.0
12,2.0,20,0.2,2.0,0.4,24,4,2,-0.16301472752865032,-0.1627130707065681,-0.326632768701465,0.0
12,2.0,20,0.2,2.0,0.4,48,4,2,-0.16301472752865032,-0.1627130707065681,-0.326632768701465,0.0
12,2.0,20,0.2,2.0,0.4,96,4,2,-0.16301472752865032,-0.1627130707065681,-0.326632768701465,0.0
12,2.0,20,0.2,2.0,0.55,12,4,2,-0.16301472752865032,-0.1627130707065681,-0.326632768701465,0.0
12,2.0,20,0.2,2.0,0.55,24,4,2,-0.16301472752865032,-0.1627130707065681,-0.326632768701465,0.0
12,2.0,20,0.2,2.0,0.55,48,4,2,-0.16301472752865032,-0.1627130707065681,-0.326632768701465,0.0
12,2.0,20,0.2,2.0,0.55,96,4,2,-0.16301472752865032,-0.1627130707065681,-0.326632768701465,0.0
12,2.0,20,0.3,1.5,0.4,12,4,2,-0.22686059280043713,-0.17374585568914452,-0.5599506598234595,0.0
12,2.0,20,0.3,1.5,0.4,24,4,2,-0.22686059280043713,-0.17374585568914452,-0.5599506598234595,0.0
12,2.0,20,0.3,1.5,0.4,48,4,2,-0.22686059280043713,-0.17374585568914452,-0.5599506598234595,0.0
12,2.0,20,0.3,1.5,0.4,96,4,2,-0.22686059280043713,-0.17374585568914452,-0.5599506598234595,0.0
12,2.0,20,0.3,1.5,0.55,12,4,2,-0.22686059280043713,-0.17374585568914452,-0.5599506598234595,0.0
12,2.0,20,0.3,1.5,0.55,24,4,2,-0.22686059280043713,-0.17374585568914452,-0.5599506598234595,0.0
12,2.0,20,0.3,1.5,0.55,48,4,2,-0.22686059280043713,-0.17374585568914452,-0.5599506598234595,0.0
12,2.0,20,0.3,1.5,0.55,96,4,2,-0.22686059280043713,-0.17374585568914452,-0.5599506598234595,0.0
12,2.0,20,0.3,2.0,0.4,12,4,2,-0.22686059280043713,-0.17374585568914452,-0.5599506598234595,0.0
12,2.0,20,0.3,2.0,0.4,24,4,2,-0.22686059280043713,-0.17374585568914452,-0.5599506598234595,0.0
12,2.0,20,0.3,2.0,0.4,48,4,2,-0.22686059280043713,-0.17374585568914452,-0.5599506598234595,0.0
12,2.0,20,0.3,2.0,0.4,96,4,2,-0.22686059280043713,-0.17374585568914452,-0.5599506598234595,0.0
12,2.0,20,0.3,2.0,0.55,12,4,2,-0.22686059280043713,-0.17374585568914452,-0.5599506598234595,0.0
12,2.0,20,0.3,2.0,0.55,24,4,2,-0.22686059280043713,-0.17374585568914452,-0.5599506598234595,0.0
12,2.0,20,0.3,2.0,0.55,48,4,2,-0.22686059280043713,-0.17374585568914452,-0.5599506598234595,0.0
12,2.0,20,0.3,2.0,0.55,96,4,2,-0.22686059280043713,-0.17374585568914452,-0.5599506598234595,0.0
24,1.0,1,0.2,1.5,0.4,12,6,4,0.3407354426959985,-0.11652474767573537,-0.24198804571748467,1.8379793118529493
24,1.0,1,0.2,1.5,0.4,24,6,4,0.3407354426959985,-0.11652474767573537,-0.24198804571748467,1.8379793118529493
24,1.0,1,0.2,1.5,0.4,48,6,4,0.3407354426959985,-0.11652474767573537,-0.24198804571748467,1.8379793118529493
24,1.0,1,0.2,1.5,0.4,96,6,4,0.3407354426959985,-0.11652474767573537,-0.24198804571748467,1.8379793118529493
24,1.0,1,0.2,1.5,0.55,12,6,4,0.299530096695544,-0.11652474767573537,-0.24198804571748467,1.6731579278511313
24,1.0,1,0.2,1.5,0.55,24,6,4,0.299530096695544,-0.11652474767573537,-0.24198804571748467,1.6731579278511313
24,1.0,1,0.2,1.5,0.55,48,6,4,0.299530096695544,-0.11652474767573537,-0.24198804571748467,1.6731579278511313
24,1.0,1,0.2,1.5,0.55,96,6,4,0.299530096695544,-0.11652474767573537,-0.24198804571748467,1.6731579278511313
24,1.0,1,0.2,2.0,0.4,12,6,4,0.3407354426959985,-0.11652474767573537,-0.24198804571748467,1.8379793118529493
24,1.0,1,0.2,2.0,0.4,24,6,4,0.3407354426959985,-0.11652474767573537,-0.24198804571748467,1.8379793118529493
24,1.0,1,0.2,2.0,0.4,48,6,4,0.3407354426959985,-0.11652474767573537,-0.24198804571748467,1.8379793118529493
24,1.0,1,0.2,2.0,0.4,96,6,4,0.3407354426959985,-0.11652474767573537,-0.24198804571748467,1.8379793118529493
24,1.0,1,0.2,2.0,0.55,12,6,4,0.299530096695544,-0.11652474767573537,-0.24198804571748467,1.6731579278511313
24,1.0,1,0.2,2.0,0.55,24,6,4,0.299530096695544,-0.11652474767573537,-0.24198804571748467,1.6731579278511313
24,1.0,1,0.2,2.0,0.55,48,6,4,0.299530096695544,-0.11652474767573537,-0.24198804571748467,1.6731579278511313
24,1.0,1,0.2,2.0,0.55,96,6,4,0.299530096695544,-0.11652474767573537,-0.24198804571748467,1.6731579278511313
24,1.0,1,0.3,1.5,0.4,12,6,4,0.34083400572804984,-0.13019969711191143,-0.21424389471692706,1.8379793118529493
24,1.0,1,0.3,1.5,0.4,24,6,4,0.3225067963243415,-0.0960023220483142,-0.3559474824589549,1.8379793118529493
24,1.0,1,0.3,1.5,0.4,48,6,4,0.3022740195949066,-0.13646787550718403,-0.3559474824589549,1.8379793118529493
24,1.0,1,0.3,1.5,0.4,96,6,4,0.5881339571756661,0.435251999654335,-0.3559474824589549,1.8379793118529493
24,1.0,1,0.3,1.5,0.55,12,6,4,0.29962865972759534,-0.13019969711191143,-0.21424389471692706,1.6731579278511313
24,1.0,1,0.3,1.5,0.55,24,6,4,0.281301450323887,-0.0960023220483142,-0.3559474824589549,1.6731579278511313
24,1.0,1,0.3,1.5,0.55,48,6,4,0.26106867359445207,-0.13646787550718403,-0.3559474824589549,1.6731579278511313
24,1.0,1,0.3,1.5,0.55,96,6,4,0.5469286111752116,0.435251999654335,-0.3559474824589549,1.6731579278511313
24,1.0,1,0.3,2.0,0.4,12,6,4,0.34083400572804984,-0.13019969711191143,-0.21424389471692706,1.8379793118529493
24,1.0,1,0.3,2.0,0.4,24,6,4,0.3225067963243415,-0.0960023220483142,-0.3559474824589549,1.8379793118529493
24,1.0,1,0.3,2.0,0.4,48,6,4,0.3022740195949066,-0.13646787550718403,-0.3559474824589549,1.8379793118529493
24,1.0,1,0.3,2.0,0.4,96,6,4,0.7555790204000927,0.7701421261031883,-0.3559474824589549,1.8379793118529493
24,1.0,1,0.3,2.0,0.55,12,6,4,0.29962865972759534,-0.13019969711191143,-0.21424389471692706,1.6731579278511313
24,1.0,1,0.3,2.0,0.55,24,6,4,0.281301450323887,-0.0960023220483142,-0.3559474824589549,1.6731579278511313
24,1.0,1,0.3,2.0,0.55,48,6,4,0.26106867359445207,-0.13646787550718403,-0.3559474824589549,1.6731579278511313
24,1.0,1,0.3,2.0,0.55,96,6,4,0.7143736743996383,0.7484734769813758,-0.3559474824589549,1.7164952260947564
24,1.0,5,0.2,1.5,0.4,12,6,4,0.3407354426959985,-0.11652474767573537,-0.24198804571748467,1.8379793118529493
24,1.0,5,0.2,1.5,0.4,24,6,4,0.3407354426959985,-0.11652474767573537,-0.24198804571748467,1.8379793118529493
24,1.0,5,0.2,1.5,0.4,48,6,4,0.3407354426959985,-0.11652474767573537,-0.24198804571748467,1.8379793118529493
24,1.0,5,0.2,1.5,0.4,96,6,4,0.3407354426959985,-0.11652474767573537,-0.24198804571748467,1.8379793118529493
24,1.0,5,0.2,1.5,0.55,12,6,4,0.299530096695544,-0.11652474767573537,-0.24198804571748467,1.6731579278511313
24,1.0,5,0.2,1.5,0.55,24,6,4,0.299530096695544,-0.11652474767573537,-0.24198804571748467,1.6731579278511313
24,1.0,5,0.2,1.5,0.55,48,6,4,0.299530096695544,-0.11652474767573537,-0.24198804571748467,1.6731579278511313
24,1.0,5,0.2,1.5,0.55,96,6,4,0.299530096695544,-0.11652474767573537,-0.24198804571748467,1.6731579278511313
24,1.0,5,0.2,2.0,0.4,12,6,4,0.3407354426959985,-0.11652474767573537,-0.24198804571748467,1.8379793118529493
24,1.0,5,0.2,2.0,0.4,24,6,4,0.3407354426959985,-0.11652474767573537,-0.24198804571748467,1.8379793118529493
24,1.0,5,0.2,2.0,0.4,48,6,4,0.3407354426959985,-0.11652474767573537,-0.24198804571748467,1.8379793118529493
24,1.0,5,0.2,2.0,0.4,96,6,4,0.3407354426959985,-0.11652474767573537,-0.24198804571748467,1.8379793118529493
24,1.0,5,0.2,2.0,0.55,12,6,4,0.299530096695544,-0.11652474767573537,-0.24198804571748467,1.6731579278511313
24,1.0,5,0.2,2.0,0.55,24,6,4,0.299530096695544,-0.11652474767573537,-0.24198804571748467,1.6731579278511313
24,1.0,5,0.2,2.0,0.55,48,6,4,0.299530096695544,-0.11652474767573537,-0.24198804571748467,1.6731579278511313
24,1.0,5,0.2,2.0,0.55,96,6,4,0.299530096695544,-0.11652474767573537,-0.24198804571748467,1.6731579278511313
24,1.0,5,0.3,1.5,0.4,12,6,4,0.34083400572804984,-0.13019969711191143,-0.21424389471692706,1.8379793118529493
24,1.0,5,0.3,1.5,0.4,24,6,4,0.3225067963243415,-0.0960023220483142,-0.3559474824589549,1.8379793118529493
24,1.0,5,0.3,1.5,0.4,48,6,4,0.3022740195949066,-0.13646787550718403,-0.3559474824589549,1.8379793118529493
24,1.0,5,0.3,1.5,0.4,96,6,4,0.5881339571756661,0.435251999654335,-0.3559474824589549,1.8379793118529493
24,1.0,5,0.3,1.5,0.55,12,6,4,0.29962865972759534,-0.13019969711191143,-0.21424389471692706,1.6731579278511313
24,1.0,5,0.3,1.5,0.55,24,6,4,0.281301450323887,-0.0960023220483142,-0.3559474824589549,1.6731579278511313
24,1.0,5,0.3,1.5,0.55,48,6,4,0.26106867359445207,-0.13646787550718403,-0.3559474824589549,1.6731579278511313
24,1.0,5,0.3,1.5,0.55,96,6,4,0.5469286111752116,0.435251999654335,-0.3559474824589549,1.6731579278511313
24,1.0,5,0.3,2.0,0.4,12,6,4,0.34083400572804984,-0.13019969711191143,-0.21424389471692706,1.8379793118529493
24,1.0,5,0.3,2.0,0.4,24,6,4,0.3225067963243415,-0.0960023220483142,-0.3559474824589549,1.8379793118529493
24,1.0,5,0.3,2.0,0.4,48,6,4,0.3022740195949066,-0.13646787550718403,-0.3559474824589549,1.8379793118529493
24,1.0,5,0.3,2.0,0.4,96,6,4,0.7555790204000927,0.7701421261031883,-0.3559474824589549,1.8379793118529493
24,1.0,5,0.3,2.0,0.55,12,6,4,0.29962865972759534,-0.13019969711191143,-0.21424389471692706,1.6731579278511313
24,1.0,5,0.3,2.0,0.55,24,6,4,0.281301450323887,-0.0960023220483142,-0.3559474824589549,1.6731579278511313
24,1.0,5,0.3,2.0,0.55,48,6,4,0.26106867359445207,-0.13646787550718403,-0.3559474824589549,1.6731579278511313
24,1.0,5,0.3,2.0,0.55,96,6,4,0.7143736743996383,0.7484734769813758,-0.3559474824589549,1.7164952260947564
24,1.0,20,0.2,1.5,0.4,12,5,4,0.36808016844994523,-0.11652474767573537,-0.1326091427016976,1.8379793118529493
24,1.0,20,0.2,1.5,0.4,24,5,4,0.36808016844994523,-0.11652474767573537,-0.1326091427016976,1.8379793118529493
24,1.0,20,0.2,1.5,0.4,48,5,4,0.36808016844994523,-0.11652474767573537,-0.1326091427016976,1.8379793118529493
24,1.0,20,0.2,1.5,0.4,96,5,4,0.36808016844994523,-0.11652474767573537,-0.1326091427016976,1.8379793118529493
24,1.0,20,0.2,1.5,0.55,12,5,4,0.32687482244949073,-0.11652474767573537,-0.1326091427016976,1.6731579278511313
24,1.0,20,0.2,1.5,0.55,24,5,4,0.32687482244949073,-0.11652474767573537,-0.1326091427016976,1.6731579278511313
24,1.0,20,0.2,1.5,0.55,48,5,4,0.32687482244949073,-0.11652474767573537,-0.1326091427016976,1.6731579278511313
24,1.0,20,0.2,1.5,0.55,96,5,4,0.32687482244949073,-0.11652474767573537,-0.1326091427016976,1.6731579278511313
24,1.0,20,0.2,2.0,0.4,12,5,4,0.36808016844994523,-0.11652474767573537,-0.1326091427016976,1.8379793118529493
24,1.0,20,0.2,2.0,0.4,24,5,4,0.36808016844994523,-0.11652474767573537,-0.1326091427016976,1.8379793118529493
24,1.0,20,0.2,2.0,0.4,48,5,4,0.36808016844994523,-0.11652474767573537,-0.1326091427016976,1.8379793118529493
24,1.0,20,0.2,2.0,0.4,96,5,4,0.36808016844994523,-0.11652474767573537,-0.1326091427016976,1.8379793118529493
24,1.0,20,0.2,2.0,0.55,12,5,4,0.32687482244949073,-0.11652474767573537,-0.1326091427016976,1.6731579278511313
24,1.0,20,0.2,2.0,0.55,24,5,4,0.32687482244949073,-0.11652474767573537,-0.1326091427016976,1.6731579278511313
24,1.0,20,0.2,2.0,0.55,48,5,4,0.32687482244949073,-0.11652474767573537,-0.1326091427016976,1.6731579278511313
24,1.0,20,0.2,2.0,0.55,96,5,4,0.32687482244949073,-0.11652474767573537,-0.1326091427016976,1.6731579278511313
24,1.0,20,0.3,1.5,0.4,12,5,4,0.34466837922301663,-0.13019969711191143,-0.19890640073705984,1.8379793118529493
24,1.0,20,0.3,1.5,0.4,24,5,4,0.3617670667548153,-0.0960023220483142,-0.19890640073705984,1.8379793118529493
24,1.0,20,0.3,1.5,0.4,48,5,4,0.3415342900253804,-0.13646787550718403,-0.19890640073705984,1.8379793118529493
24,1.0,20,0.3,1.5,0.4,96,5,4,0.6273942276061398,0.435251999654335,-0.19890640073705984,1.8379793118529493
24,1.0,20,0.3,1.5,0.55,12,5,4,0.30346303322256213,-0.13019969711191143,-0.19890640073705984,1.6731579278511313
24,1.0,20,0.3,1.5,0.55,24,5,4,0.32056172075436073,-0.0960023220483142,-0.19890640073705984,1.6731579278511313
24,1.0,20,0.3,1.5,0.55,48,5,4,0.3003289440249258,-0.13646787550718403,-0.19890640073705984,1.6731579278511313
24,1.0,20,0.3,1.5,0.55,96,5,4,0.5861888816056853,0.435251999654335,-0.19890640073705984,1.6731579278511313
24,1.0,20,0.3,2.0,0.4,12,5,4,0.34466837922301663,-0.13019969711191143,-0.19890640073705984,1.8379793118529493
24,1.0,20,0.3,2.0,0.4,24,5,4,0.3617670667548153,-0.0960023220483142,-0.19890640073705984,1.8379793118529493
24,1.0,20,0.3,2.0,0.4,48,5,4,0.3415342900253804,-0.13646787550718403,-0.19890640073705984,1.8379793118529493
24,1.0,20,0.3,2.0,0.4,96,5,4,0.7948392908305666,0.7701421261031883,-0.19890640073705984,1.8379793118529493
24,1.0,20,0.3,2.0,0.55,12,5,4,0.30346303322256213,-0.13019969711191143,-0.19890640073705984,1.6731579278511313
24,1.0,20,0.3,2.0,0.55,24,5,4,0.32056172075436073,-0.0960023220483142,-0.19890640073705984,1.6731579278511313
24,1.0,20,0.3,2.0,0.55,48,5,4,0.3003289440249258,-0.13646787550718403,-0.19890640073705984,1.6731579278511313
24,1.0,20,0.3,2.0,0.55,96,5,4,0.753633944830112,0.7484734769813758,-0.19890640073705984,1.7164952260947564
24,1.25,1,0.2,1.5,0.4,12,5,4,0.3826151114527924,-0.11845896975070977,-0.24198804571748467,2.009366431030074
24,1.25,1,0.2,1.5,0.4,24,5,4,0.3826151114527924,-0.11845896975070977,-0.24198804571748467,2.009366431030074
24,1.25,1,0.2,1.5,0.4,48,5,4,0.3826151114527924,-0.11845896975070977,-0.24198804571748467,2.009366431030074
24,1.25,1,0.2,1.5,0.4,96,5,4,0.3826151114527924,-0.11845896975070977,-0.24198804571748467,2.009366431030074
24,1.25,1,0.2,1.5,0.55,12,5,4,0.3414097654523379,-0.11845896975070977,-0.24198804571748467,1.8445450470282558
24,1.25,1,0.2,1.5,0.55,24,5,4,0.3414097654523379,-0.11845896975070977,-0.24198804571748467,1.8445450470282558
24,1.25,1,0.2,1.5,0.55,48,5,4,0.3414097654523379,-0.11845896975070977,-0.24198804571748467,1.8445450470282558
24,1.25,1,0.2,1.5,0.55,96,5,4,0.3414097654523379,-0.11845896975070977,-0.24198804571748467,1.8445450470282558
24,1.25,1,0.2,2.0,0.4,12,5,4,0.3826151114527924,-0.11845896975070977,-0.24198804571748467,2.009366431030074
24,1.25,1,0.2,2.0,0.4,24,5,4,0.3826151114527924,-0.11845896975070977,-0.24198804571748467,2.009366431030074
24,1.25,1,0.2,2.0,0.4,48,5,4,0.3826151114527924,-0.11845896975070977,-0.24198804571748467,2.009366431030074
24,1.25,1,0.2,2.0,0.4,96,5,4,0.3826151114527924,-0.11845896975070977,-0.24198804571748467,2.009366431030074
24,1.25,1,0.2,2.0,0.55,12,5,4,0.3414097654523379,-0.11845896975070977,-0.24198804571748467,1.8445450470282558
24,1.25,1,0.2,2.0,0.55,24,5,4,0.3414097654523379,-0.11845896975070977,-0.24198804571748467,1.8445450470282558
24,1.25,1,0.2,2.0,0.55,48,5,4,0.3414097654523379,-0.11845896975070977,-0.24198804571748467,1.8445450470282558
24,1.25,1,0.2,2.0,0.55,96,5,4,0.3414097654523379,-0.11845896975070977,-0.24198804571748467,1.8445450470282558
24,1.25,1,0.3,1.5,0.4,12,5,4,0.3713089199920173,-0.1549434281725388,-0.21424389471692706,2.009366431030074
24,1.25,1,0.3,1.5,0.4,24,5,4,0.37006396639338135,-0.08658154149879684,-0.3559474824589549,2.009366431030074
24,1.25,1,0.3,1.5,0.4,48,5,4,0.2515781164754133,-0.26607922817366725,-0.4708955087810862,2.009366431030074
24,1.25,1,0.3,1.5,0.4,96,5,4,0.2515781164754133,-0.26607922817366725,-0.4708955087810862,2.009366431030074
24,1.25,1,0.3,1.5,0.55,12,5,4,0.33010357399156276,-0.1549434281725388,-0.21424389471692706,1.8445450470282558
24,1.25,1,0.3,1.5,0.55,24,5,4,0.3288586203929268,-0.08658154149879684,-0.3559474824589549,1.8445450470282558
24,1.25,1,0.3,1.5,0.55,48,5,4,0.21037277047495878,-0.26607922817366725,-0.4708955087810862,1.8445450470282558
24,1.25,1,0.3,1.5,0.55,96,5,4,0.21037277047495878,-0.26607922817366725,-0.4708955087810862,1.8445450470282558
24,1.25,1,0.3,2.0,0.4,12,5,4,0.3713089199920173,-0.1549434281725388,-0.21424389471692706,2.009366431030074
24,1.25,1,0.3,2.0,0.4,24,5,4,0.37006396639338135,-0.08658154149879684,-0.3559474824589549,2.009366431030074
24,1.25,1,0.3,2.0,0.4,48,5,4,0.2515781164754133,-0.26607922817366725,-0.4708955087810862,2.009366431030074
24,1.25,1,0.3,2.0,0.4,96,5,4,0.2515781164754133,-0.26607922817366725,-0.4708955087810862,2.009366431030074
24,1.25,1,0.3,2.0,0.55,12,5,4,0.33010357399156276,-0.1549434281725388,-0.21424389471692706,1.8445450470282558
24,1.25,1,0.3,2.0,0.55,24,5,4,0.3288586203929268,-0.08658154149879684,-0.3559474824589549,1.8445450470282558
24,1.25,1,0.3,2.0,0.55,48,5,4,0.21037277047495878,-0.26607922817366725,-0.4708955087810862,1.8445450470282558
24,1.25,1,0.3,2.0,0.55,96,5,4,0.21037277047495878,-0.26607922817366725,-0.4708955087810862,1.8445450470282558
24,1.25,5,0.2,1.5,0.4,12,5,4,0.3826151114527924,-0.11845896975070977,-0.24198804571748467,2.009366431030074
24,1.25,5,0.2,1.5,0.4,24,5,4,0.3826151114527924,-0.11845896975070977,-0.24198804571748467,2.009366431030074
24,1.25,5,0.2,1.5,0.4,48,5,4,0.3826151114527924,-0.11845896975070977,-0.24198804571748467,2.009366431030074
24,1.25,5,0.2,1.5,0.4,96,5,4,0.3826151114527924,-0.11845896975070977,-0.24198804571748467,2.009366431030074
24,1.25,5,0.2,1.5,0.55,12,5,4,0.3414097654523379,-0.11845896975070977,-0.24198804571748467,1.8445450470282558
24,1.25,5,0.2,1.5,0.55,24,5,4,0.3414097654523379,-0.11845896975070977,-0.24198804571748467,1.8445450470282558
24,1.25,5,0.2,1.5,0.55,48,5,4,0.3414097654523379,-0.11845896975070977,-0.24198804571748467,1.8445450470282558
24,1.25,5,0.2,1.5,0.55,96,5,4,0.3414097654523379,-0.11845896975070977,-0.24198804571748467,1.8445450470282558
24,1.25,5,0.2,2.0,0.4,12,5,4,0.3826151114527924,-0.11845896975070977,-0.24198804571748467,2.009366431030074
24,1.25,5,0.2,2.0,0.4,24,5,4,0.3826151114527924,-0.11845896975070977,-0.24198804571748467,2.009366431030074
24,1.25,5,0.2,2.0,0.4,48,5,4,0.3826151114527924,-0.11845896975070977,-0.24198804571748467,2.009366431030074
24,1.25,5,0.2,2.0,0.4,96,5,4,0.3826151114527924,-0.11845896975070977,-0.24198804571748467,2.009366431030074
24,1.25,5,0.2,2.0,0.55,12,5,4,0.3414097654523379,-0.11845896975070977,-0.24198804571748467,1.8445450470282558
24,1.25,5,0.2,2.0,0.55,24,5,4,0.3414097654523379,-0.11845896975070977,-0.24198804571748467,1.8445450470282558
24,1.25,5,0.2,2.0,0.55,48,5,4,0.3414097654523379,-0.11845896975070977,-0.24198804571748467,1.8445450470282558
24,1.25,5,0.2,2.0,0.55,96,5,4,0.3414097654523379,-0.11845896975070977,-0.24198804571748467,1.8445450470282558
24,1.25,5,0.3,1.5,0.4,12,5,4,0.3713089199920173,-0.1549434281725388,-0.21424389471692706,2.009366431030074
24,1.25,5,0.3,1.5,0.4,24,5,4,0.37006396639338135,-0.08658154149879684,-0.3559474824589549,2.009366431030074
24,1.25,5,0.3,1.5,0.4,48,5,4,0.2515781164754133,-0.26607922817366725,-0.4708955087810862,2.009366431030074
24,1.25,5,0.3,1.5,0.4,96,5,4,0.2515781164754133,-0.26607922817366725,-0.4708955087810862,2.009366431030074
24,1.25,5,0.3,1.5,0.55,12,5,4,0.33010357399156276,-0.1549434281725388,-0.21424389471692706,1.8445450470282558
24,1.25,5,0.3,1.5,0.55,24,5,4,0.3288586203929268,-0.08658154149879684,-0.3559474824589549,1.8445450470282558
24,1.25,5,0.3,1.5,0.55,48,5,4,0.21037277047495878,-0.26607922817366725,-0.4708955087810862,1.8445450470282558
24,1.25,5,0.3,1.5,0.55,96,5,4,0.21037277047495878,-0.26607922817366725,-0.4708955087810862,1.8445450470282558
24,1.25,5,0.3,2.0,0.4,12,5,4,0.3713089199920173,-0.1549434281725388,-0.21424389471692706,2.009366431030074
24,1.25,5,0.3,2.0,0.4,24,5,4,0.37006396639338135,-0.08658154149879684,-0.3559474824589549,2.009366431030074
24,1.25,5,0.3,2.0,0.4,48,5,4,0.2515781164754133,-0.26607922817366725,-0.4708955087810862,2.009366431030074
24,1.25,5,0.3,2.0,0.4,96,5,4,0.2515781164754133,-0.26607922817366725,-0.4708955087810862,2.009366431030074
24,1.25,5,0.3,2.0,0.55,12,5,4,0.33010357399156276,-0.1549434281725388,-0.21424389471692706,1.8445450470282558
24,1.25,5,0.3,2.0,0.55,24,5,4,0.3288586203929268,-0.08658154149879684,-0.3559474824589549,1.8445450470282558
24,1.25,5,0.3,2.0,0.55,48,5,4,0.21037277047495878,-0.26607922817366725,-0.4708955087810862,1.8445450470282558
24,1.25,5,0.3,2.0,0.55,96,5,4,0.21037277047495878,-0.26607922817366725,-0.4708955087810862,1.8445450470282558
24,1.25,20,0.2,1.5,0.4,12,4,4,0.4099598372067392,-0.11845896975070977,-0.1326091427016976,2.009366431030074
24,1.25,20,0.2,1.5,0.4,24,4,4,0.4099598372067392,-0.11845896975070977,-0.1326091427016976,2.009366431030074
24,1.25,20,0.2,1.5,0.4,48,4,4,0.4099598372067392,-0.11845896975070977,-0.1326091427016976,2.009366431030074
24,1.25,20,0.2,1.5,0.4,96,4,4,0.4099598372067392,-0.11845896975070977,-0.1326091427016976,2.009366431030074
24,1.25,20,0.2,1.5,0.55,12,4,4,0.3687544912062847,-0.11845896975070977,-0.1326091427016976,1.8445450470282558
24,1.25,20,0.2,1.5,0.55,24,4,4,0.3687544912062847,-0.11845896975070977,-0.1326091427016976,1.8445450470282558
24,1.25,20,0.2,1.5,0.55,48,4,4,0.3687544912062847,-0.11845896975070977,-0.1326091427016976,1.8445450470282558
24,1.25,20,0.2,1.5,0.55,96,4,4,0.3687544912062847,-0.11845896975070977,-0.1326091427016976,1.8445450470282558
24,1.25,20,0.2,2.0,0.4,12,4,4,0.4099598372067392,-0.11845896975070977,-0.1326091427016976,2.009366431030074
24,1.25,20,0.2,2.0,0.4,24,4,4,0.4099598372067392,-0.11845896975070977,-0.1326091427016976,2.009366431030074
24,1.25,20,0.2,2.0,0.4,48,4,4,0.4099598372067392,-0.11845896975070977,-0.1326091427016976,2.009366431030074
24,1.25,20,0.2,2.0,0.4,96,4,4,0.4099598372067392,-0.11845896975070977,-0.1326091427016976,2.009366431030074
24,1.25,20,0.2,2.0,0.55,12,4,4,0.3687544912062847,-0.11845896975070977,-0.1326091427016976,1.8445450470282558
24,1.25,20,0.2,2.0,0.55,24,4,4,0.3687544912062847,-0.11845896975070977,-0.1326091427016976,1.8445450470282558
24,1.25,20,0.2,2.0,0.55,48,4,4,0.3687544912062847,-0.11845896975070977,-0.1326091427016976,1.8445450470282558
24,1.25,20,0.2,2.0,0.55,96,4,4,0.3687544912062847,-0.11845896975070977,-0.1326091427016976,1.8445450470282558
24,1.25,20,0.3,1.5,0.4,12,4,4,0.3751432934869841,-0.1549434281725388,-0.19890640073705984,2.009366431030074
24,1.25,20,0.3,1.5,0.4,24,4,4,0.4093242368238551,-0.08658154149879684,-0.19890640073705984,2.009366431030074
24,1.25,20,0.3,1.5,0.4,48,4,4,0.29083838690588704,-0.18755868731271974,-0.4708955087810862,2.009366431030074
24,1.25,20,0.3,1.5,0.4,96,4,4,0.29083838690588704,-0.18755868731271974,-0.4708955087810862,2.009366431030074
24,1.25,20,0.3,1.5,0.55,12,4,4,0.3339379474865296,-0.1549434281725388,-0.19890640073705984,1.8445450470282558
24,1.25,20,0.3,1.5,0.55,24,4,4,0.36811889082340055,-0.08658154149879684,-0.19890640073705984,1.8445450470282558
24,1.25,20,0.3,1.5,0.55,48,4,4,0.24963304090543253,-0.18755868731271974,-0.4708955087810862,1.8445450470282558
24,1.25,20,0.3,1.5,0.55,96,4,4,0.24963304090543253,-0.18755868731271974,-0.4708955087810862,1.8445450470282558
24,1.25,20,0.3,2.0,0.4,12,4,4,0.3751432934869841,-0.1549434281725388,-0.19890640073705984,2.009366431030074
24,1.25,20,0.3,2.0,0.4,24,4,4,0.4093242368238551,-0.08658154149879684,-0.19890640073705984,2.009366431030074
24,1.25,20,0.3,2.0,0.4,48,4,4,0.29083838690588704,-0.18755868731271974,-0.4708955087810862,2.009366431030074
24,1.25,20,0.3,2.0,0.4,96,4,4,0.29083838690588704,-0.18755868731271974,-0.4708955087810862,2.009366431030074
24,1.25,20,0.3,2.0,0.55,12,4,4,0.3339379474865296,-0.1549434281725388,-0.19890640073705984,1.8445450470282558
24,1.25,20,0.3,2.0,0.55,24,4,4,0.36811889082340055,-0.08658154149879684,-0.19890640073705984,1.8445450470282558
24,1.25,20,0.3,2.0,0.55,48,4,4,0.24963304090543253,-0.18755868731271974,-0.4708955087810862,1.8445450470282558
24,1.25,20,0.3,2.0,0.55,96,4,4,0.24963304090543253,-0.18755868731271974,-0.4708955087810862,1.8445450470282558
24,1.5,1,0.2,1.5,0.4,12,5,4,0.3826151114527924,-0.11845896975070977,-0.24198804571748467,2.009366431030074
24,1.5,1,0.2,1.5,0.4,24,5,4,0.3826151114527924,-0.11845896975070977,-0.24198804571748467,2.009366431030074
24,1.5,1,0.2,1.5,0.4,48,5,4,0.3826151114527924,-0.11845896975070977,-0.24198804571748467,2.009366431030074
24,1.5,1,0.2,1.5,0.4,96,5,4,0.3826151114527924,-0.11845896975070977,-0.24198804571748467,2.009366431030074
24,1.5,1,0.2,1.5,0.55,12,5,4,0.3414097654523379,-0.11845896975070977,-0.24198804571748467,1.8445450470282558
24,1.5,1,0.2,1.5,0.55,24,5,4,0.3414097654523379,-0.11845896975070977,-0.24198804571748467,1.8445450470282558
24,1.5,1,0.2,1.5,0.55,48,5,4,0.3414097654523379,-0.11845896975070977,-0.24198804571748467,1.8445450470282558
24,1.5,1,0.2,1.5,0.55,96,5,4,0.3414097654523379,-0.11845896975070977,-0.24198804571748467,1.8445450470282558
24,1.5,1,0.2,2.0,0.4,12,5,4,0.3826151114527924,-0.11845896975070977,-0.24198804571748467,2.009366431030074
24,1.5,1,0.2,2.0,0.4,24,5,4,0.3826151114527924,-0.11845896975070977,-0.24198804571748467,2.009366431030074
24,1.5,1,0.2,2.0,0.4,48,5,4,0.3826151114527924,-0.11845896975070977,-0.24198804571748467,2.009366431030074
24,1.5,1,0.2,2.0,0.4,96,5,4,0.3826151114527924,-0.11845896975070977,-0.24198804571748467,2.009366431030074
24,1.5,1,0.2,2.0,0.55,12,5,4,0.3414097654523379,-0.11845896975070977,-0.24198804571748467,1.8445450470282558
24,1.5,1,0.2,2.0,0.55,24,5,4,0.3414097654523379,-0.11845896975070977,-0.24198804571748467,1.8445450470282558
24,1.5,1,0.2,2.0,0.55,48,5,4,0.3414097654523379,-0.11845896975070977,-0.24198804571748467,1.8445450470282558
24,1.5,1,0.2,2.0,0.55,96,5,4,0.3414097654523379,-0.11845896975070977,-0.24198804571748467,1.8445450470282558
24,1.5,1,0.3,1.5,0.4,12,5,4,0.3713089199920173,-0.1549434281725388,-0.21424389471692706,2.009366431030074
24,1.5,1,0.3,1.5,0.4,24,5,4,0.37006396639338135,-0.08658154149879684,-0.3559474824589549,2.009366431030074
24,1.5,1,0.3,1.5,0.4,48,5,4,0.2515781164754133,-0.26607922817366725,-0.4708955087810862,2.009366431030074
24,1.5,1,0.3,1.5,0.4,96,5,4,0.2515781164754133,-0.26607922817366725,-0.4708955087810862,2.009366431030074
24,1.5,1,0.3,1.5,0.55,12,5,4,0.33010357399156276,-0.1549434281725388,-0.21424389471692706,1.8445450470282558
24,1.5,1,0.3,1.5,0.55,24,5,4,0.3288586203929268,-0.08658154149879684,-0.3559474824589549,1.8445450470282558
24,1.5,1,0.3,1.5,0.55,48,5,4,0.21037277047495878,-0.26607922817366725,-0.4708955087810862,1.8445450470282558
24,1.5,1,0.3,1.5,0.55,96,5,4,0.21037277047495878,-0.26607922817366725,-0.4708955087810862,1.8445450470282558
24,1.5,1,0.3,2.0,0.4,12,5,4,0.3713089199920173,-0.1549434281725388,-0.21424389471692706,2.009366431030074
24,1.5,1,0.3,2.0,0.4,24,5,4,0.37006396639338135,-0.08658154149879684,-0.3559474824589549,2.009366431030074
24,1.5,1,0.3,2.0,0.4,48,5,4,0.2515781164754133,-0.26607922817366725,-0.4708955087810862,2.009366431030074
24,1.5,1,0.3,2.0,0.4,96,5,4,0.2515781164754133,-0.26607922817366725,-0.4708955087810862,2.009366431030074
24,1.5,1,0.3,2.0,0.55,12,5,4,0.33010357399156276,-0.1549434281725388,-0.21424389471692706,1.8445450470282558
24,1.5,1,0.3,2.0,0.55,24,5,4,0.3288586203929268,-0.08658154149879684,-0.3559474824589549,1.8445450470282558
24,1.5,1,0.3,2.0,0.55,48,5,4,0.21037277047495878,-0.26607922817366725,-0.4708955087810862,1.8445450470282558
24,1.5,1,0.3,2.0,0.55,96,5,4,0.21037277047495878,-0.26607922817366725,-0.4708955087810862,1.8445450470282558
24,1.5,5,0.2,1.5,0.4,12,5,4,0.3826151114527924,-0.11845896975070977,-0.24198804571748467,2.009366431030074
24,1.5,5,0.2,1.5,0.4,24,5,4,0.3826151114527924,-0.11845896975070977,-0.24198804571748467,2.009366431030074
24,1.5,5,0.2,1.5,0.4,48,5,4,0.3826151114527924,-0.11845896975070977,-0.24198804571748467,2.009366431030074
24,1.5,5,0.2,1.5,0.4,96,5,4,0.3826151114527924,-0.11845896975070977,-0.24198804571748467,2.009366431030074
24,1.5,5,0.2,1.5,0.55,12,5,4,0.3414097654523379,-0.11845896975070977,-0.24198804571748467,1.8445450470282558
24,1.5,5,0.2,1.5,0.55,24,5,4,0.3414097654523379,-0.11845896975070977,-0.24198804571748467,1.8445450470282558
24,1.5,5,0.2,1.5,0.55,48,5,4,0.3414097654523379,-0.11845896975070977,-0.24198804571748467,1.8445450470282558
24,1.5,5,0.2,1.5,0.55,96,5,4,0.3414097654523379,-0.11845896975070977,-0.24198804571748467,1.8445450470282558
24,1.5,5,0.2,2.0,0.4,12,5,4,0.3826151114527924,-0.11845896975070977,-0.24198804571748467,2.009366431030074
24,1.5,5,0.2,2.0,0.4,24,5,4,0.3826151114527924,-0.11845896975070977,-0.24198804571748467,2.009366431030074
24,1.5,5,0.2,2.0,0.4,48,5,4,0.3826151114527924,-0.11845896975070977,-0.24198804571748467,2.009366431030074
24,1.5,5,0.2,2.0,0.4,96,5,4,0.3826151114527924,-0.11845896975070977,-0.24198804571748467,2.009366431030074
24,1.5,5,0.2,2.0,0.55,12,5,4,0.3414097654523379,-0.11845896975070977,-0.24198804571748467,1.8445450470282558
24,1.5,5,0.2,2.0,0.55,24,5,4,0.3414097654523379,-0.11845896975070977,-0.24198804571748467,1.8445450470282558
24,1.5,5,0.2,2.0,0.55,48,5,4,0.3414097654523379,-0.11845896975070977,-0.24198804571748467,1.8445450470282558
24,1.5,5,0.2,2.0,0.55,96,5,4,0.3414097654523379,-0.11845896975070977,-0.24198804571748467,1.8445450470282558
24,1.5,5,0.3,1.5,0.4,12,5,4,0.3713089199920173,-0.1549434281725388,-0.21424389471692706,2.009366431030074
24,1.5,5,0.3,1.5,0.4,24,5,4,0.37006396639338135,-0.08658154149879684,-0.3559474824589549,2.009366431030074
24,1.5,5,0.3,1.5,0.4,48,5,4,0.2515781164754133,-0.26607922817366725,-0.4708955087810862,2.009366431030074
24,1.5,5,0.3,1.5,0.4,96,5,4,0.2515781164754133,-0.26607922817366725,-0.4708955087810862,2.009366431030074
24,1.5,5,0.3,1.5,0.55,12,5,4,0.33010357399156276,-0.1549434281725388,-0.21424389471692706,1.8445450470282558
24,1.5,5,0.3,1.5,0.55,24,5,4,0.3288586203929268,-0.08658154149879684,-0.3559474824589549,1.8445450470282558
24,1.5,5,0.3,1.5,0.55,48,5,4,0.21037277047495878,-0.26607922817366725,-0.4708955087810862,1.8445450470282558
24,1.5,5,0.3,1.5,0.55,96,5,4,0.21037277047495878,-0.26607922817366725,-0.4708955087810862,1.8445450470282558
24,1.5,5,0.3,2.0,0.4,12,5,4,0.3713089199920173,-0.1549434281725388,-0.21424389471692706,2.009366431030074
24,1.5,5,0.3,2.0,0.4,24,5,4,0.37006396639338135,-0.08658154149879684,-0.3559474824589549,2.009366431030074
24,1.5,5,0.3,2.0,0.4,48,5,4,0.2515781164754133,-0.26607922817366725,-0.4708955087810862,2.009366431030074
24,1.5,5,0.3,2.0,0.4,96,5,4,0.2515781164754133,-0.26607922817366725,-0.4708955087810862,2.009366431030074
24,1.5,5,0.3,2.0,0.55,12,5,4,0.33010357399156276,-0.1549434281725388,-0.21424389471692706,1.8445450470282558
24,1.5,5,0.3,2.0,0.55,24,5,4,0.3288586203929268,-0.08658154149879684,-0.3559474824589549,1.8445450470282558
24,1.5,5,0.3,2.0,0.55,48,5,4,0.21037277047495878,-0.26607922817366725,-0.4708955087810862,1.8445450470282558
24,1.5,5,0.3,2.0,0.55,96,5,4,0.21037277047495878,-0.26607922817366725,-0.4708955087810862,1.8445450470282558
24,1.5,20,0.2,1.5,0.4,12,4,4,0.4099598372067392,-0.11845896975070977,-0.1326091427016976,2.009366431030074
24,1.5,20,0.2,1.5,0.4,24,4,4,0.4099598372067392,-0.11845896975070977,-0.1326091427016976,2.009366431030074
24,1.5,20,0.2,1.5,0.4,48,4,4,0.4099598372067392,-0.11845896975070977,-0.1326091427016976,2.009366431030074
24,1.5,20,0.2,1.5,0.4,96,4,4,0.4099598372067392,-0.11845896975070977,-0.1326091427016976,2.009366431030074
24,1.5,20,0.2,1.5,0.55,12,4,4,0.3687544912062847,-0.11845896975070977,-0.1326091427016976,1.8445450470282558
24,1.5,20,0.2,1.5,0.55,24,4,4,0.3687544912062847,-0.11845896975070977,-0.1326091427016976,1.8445450470282558
24,1.5,20,0.2,1.5,0.55,48,4,4,0.3687544912062847,-0.11845896975070977,-0.1326091427016976,1.8445450470282558
24,1.5,20,0.2,1.5,0.55,96,4,4,0.3687544912062847,-0.11845896975070977,-0.1326091427016976,1.8445450470282558
24,1.5,20,0.2,2.0,0.4,12,4,4,0.4099598372067392,-0.11845896975070977,-0.1326091427016976,2.009366431030074
24,1.5,20,0.2,2.0,0.4,24,4,4,0.4099598372067392,-0.11845896975070977,-0.1326091427016976,2.009366431030074
24,1.5,20,0.2,2.0,0.4,48,4,4,0.4099598372067392,-0.11845896975070977,-0.1326091427016976,2.009366431030074
24,1.5,20,0.2,2.0,0.4,96,4,4,0.4099598372067392,-0.11845896975070977,-0.1326091427016976,2.009366431030074
24,1.5,20,0.2,2.0,0.55,12,4,4,0.3687544912062847,-0.11845896975070977,-0.1326091427016976,1.8445450470282558
24,1.5,20,0.2,2.0,0.55,24,4,4,0.3687544912062847,-0.11845896975070977,-0.1326091427016976,1.8445450470282558
24,1.5,20,0.2,2.0,0.55,48,4,4,0.3687544912062847,-0.11845896975070977,-0.1326091427016976,1.8445450470282558
24,1.5,20,0.2,2.0,0.55,96,4,4,0.3687544912062847,-0.11845896975070977,-0.1326091427016976,1.8445450470282558
24,1.5,20,0.3,1.5,0.4,12,4,4,0.3751432934869841,-0.1549434281725388,-0.19890640073705984,2.009366431030074
24,1.5,20,0.3,1.5,0.4,24,4,4,0.4093242368238551,-0.08658154149879684,-0.19890640073705984,2.009366431030074
24,1.5,20,0.3,1.5,0.4,48,4,4,0.29083838690588704,-0.18755868731271974,-0.4708955087810862,2.009366431030074
24,1.5,20,0.3,1.5,0.4,96,4,4,0.29083838690588704,-0.18755868731271974,-0.4708955087810862,2.009366431030074
24,1.5,20,0.3,1.5,0.55,12,4,4,0.3339379474865296,-0.1549434281725388,-0.19890640073705984,1.8445450470282558
24,1.5,20,0.3,1.5,0.55,24,4,4,0.36811889082340055,-0.08658154149879684,-0.19890640073705984,1.8445450470282558
24,1.5,20,0.3,1.5,0.55,48,4,4,0.24963304090543253,-0.18755868731271974,-0.4708955087810862,1.8445450470282558
24,1.5,20,0.3,1.5,0.55,96,4,4,0.24963304090543253,-0.18755868731271974,-0.4708955087810862,1.8445450470282558
24,1.5,20,0.3,2.0,0.4,12,4,4,0.3751432934869841,-0.1549434281725388,-0.19890640073705984,2.009366431030074
24,1.5,20,0.3,2.0,0.4,24,4,4,0.4093242368238551,-0.08658154149879684,-0.19890640073705984,2.009366431030074
24,1.5,20,0.3,2.0,0.4,48,4,4,0.29083838690588704,-0.18755868731271974,-0.4708955087810862,2.009366431030074
24,1.5,20,0.3,2.0,0.4,96,4,4,0.29083838690588704,-0.18755868731271974,-0.4708955087810862,2.009366431030074
24,1.5,20,0.3,2.0,0.55,12,4,4,0.3339379474865296,-0.1549434281725388,-0.19890640073705984,1.8445450470282558
24,1.5,20,0.3,2.0,0.55,24,4,4,0.36811889082340055,-0.08658154149879684,-0.19890640073705984,1.8445450470282558
24,1.5,20,0.3,2.0,0.55,48,4,4,0.24963304090543253,-0.18755868731271974,-0.4708955087810862,1.8445450470282558
24,1.5,20,0.3,2.0,0.55,96,4,4,0.24963304090543253,-0.18755868731271974,-0.4708955087810862,1.8445450470282558
24,2.0,1,0.2,1.5,0.4,12,4,4,0.4099598372067392,-0.11845896975070977,-0.1326091427016976,2.009366431030074
24,2.0,1,0.2,1.5,0.4,24,4,4,0.4099598372067392,-0.11845896975070977,-0.1326091427016976,2.009366431030074
24,2.0,1,0.2,1.5,0.4,48,4,4,0.4099598372067392,-0.11845896975070977,-0.1326091427016976,2.009366431030074
24,2.0,1,0.2,1.5,0.4,96,4,4,0.4099598372067392,-0.11845896975070977,-0.1326091427016976,2.009366431030074
24,2.0,1,0.2,1.5,0.55,12,4,4,0.3687544912062847,-0.11845896975070977,-0.1326091427016976,1.8445450470282558
24,2.0,1,0.2,1.5,0.55,24,4,4,0.3687544912062847,-0.11845896975070977,-0.1326091427016976,1.8445450470282558
24,2.0,1,0.2,1.5,0.55,48,4,4,0.3687544912062847,-0.11845896975070977,-0.1326091427016976,1.8445450470282558
24,2.0,1,0.2,1.5,0.55,96,4,4,0.3687544912062847,-0.11845896975070977,-0.1326091427016976,1.8445450470282558
24,2.0,1,0.2,2.0,0.4,12,4,4,0.4099598372067392,-0.11845896975070977,-0.1326091427016976,2.009366431030074
24,2.0,1,0.2,2.0,0.4,24,4,4,0.4099598372067392,-0.11845896975070977,-0.1326091427016976,2.009366431030074
24,2.0,1,0.2,2.0,0.4,48,4,4,0.4099598372067392,-0.11845896975070977,-0.1326091427016976,2.009366431030074
24,2.0,1,0.2,2.0,0.4,96,4,4,0.4099598372067392,-0.11845896975070977,-0.1326091427016976,2.009366431030074
24,2.0,1,0.2,2.0,0.55,12,4,4,0.3687544912062847,-0.11845896975070977,-0.1326091427016976,1.8445450470282558
24,2.0,1,0.2,2.0,0.55,24,4,4,0.3687544912062847,-0.11845896975070977,-0.1326091427016976,1.8445450470282558
24,2.0,1,0.2,2.0,0.55,48,4,4,0.3687544912062847,-0.11845896975070977,-0.1326091427016976,1.8445450470282558
24,2.0,1,0.2,2.0,0.55,96,4,4,0.3687544912062847,-0.11845896975070977,-0.1326091427016976,1.8445450470282558
24,2.0,1,0.3,1.5,0.4,12,4,4,0.3751432934869841,-0.1549434281725388,-0.19890640073705984,2.009366431030074
24,2.0,1,0.3,1.5,0.4,24,4,4,0.4093242368238551,-0.08658154149879684,-0.19890640073705984,2.009366431030074
24,2.0,1,0.3,1.5,0.4,48,4,4,0.29083838690588704,-0.18755868731271974,-0.4708955087810862,2.009366431030074
24,2.0,1,0.3,1.5,0.4,96,4,4,0.29083838690588704,-0.18755868731271974,-0.4708955087810862,2.009366431030074
24,2.0,1,0.3,1.5,0.55,12,4,4,0.3339379474865296,-0.1549434281725388,-0.19890640073705984,1.8445450470282558
24,2.0,1,0.3,1.5,0.55,24,4,4,0.36811889082340055,-0.08658154149879684,-0.19890640073705984,1.8445450470282558
24,2.0,1,0.3,1.5,0.55,48,4,4,0.24963304090543253,-0.18755868731271974,-0.4708955087810862,1.8445450470282558
24,2.0,1,0.3,1.5,0.55,96,4,4,0.24963304090543253,-0.18755868731271974,-0.4708955087810862,1.8445450470282558
24,2.0,1,0.3,2.0,0.4,12,4,4,0.3751432934869841,-0.1549434281725388,-0.19890640073705984,2.009366431030074
24,2.0,1,0.3,2.0,0.4,24,4,4,0.4093242368238551,-0.08658154149879684,-0.19890640073705984,2.009366431030074
24,2.0,1,0.3,2.0,0.4,48,4,4,0.29083838690588704,-0.18755868731271974,-0.4708955087810862,2.009366431030074
24,2.0,1,0.3,2.0,0.4,96,4,4,0.29083838690588704,-0.18755868731271974,-0.4708955087810862,2.009366431030074
24,2.0,1,0.3,2.0,0.55,12,4,4,0.3339379474865296,-0.1549434281725388,-0.19890640073705984,1.8445450470282558
24,2.0,1,0.3,2.0,0.55,24,4,4,0.36811889082340055,-0.08658154149879684,-0.19890640073705984,1.8445450470282558
24,2.0,1,0.3,2.0,0.55,48,4,4,0.24963304090543253,-0.18755868731271974,-0.4708955087810862,1.8445450470282558
24,2.0,1,0.3,2.0,0.55,96,4,4,0.24963304090543253,-0.18755868731271974,-0.4708955087810862,1.8445450470282558
24,2.0,5,0.2,1.5,0.4,12,4,4,0.4099598372067392,-0.11845896975070977,-0.1326091427016976,2.009366431030074
24,2.0,5,0.2,1.5,0.4,24,4,4,0.4099598372067392,-0.11845896975070977,-0.1326091427016976,2.009366431030074
24,2.0,5,0.2,1.5,0.4,48,4,4,0.4099598372067392,-0.11845896975070977,-0.1326091427016976,2.009366431030074
24,2.0,5,0.2,1.5,0.4,96,4,4,0.4099598372067392,-0.11845896975070977,-0.1326091427016976,2.009366431030074
24,2.0,5,0.2,1.5,0.55,12,4,4,0.3687544912062847,-0.11845896975070977,-0.1326091427016976,1.8445450470282558
24,2.0,5,0.2,1.5,0.55,24,4,4,0.3687544912062847,-0.11845896975070977,-0.1326091427016976,1.8445450470282558
24,2.0,5,0.2,1.5,0.55,48,4,4,0.3687544912062847,-0.11845896975070977,-0.1326091427016976,1.8445450470282558
24,2.0,5,0.2,1.5,0.55,96,4,4,0.3687544912062847,-0.11845896975070977,-0.1326091427016976,1.8445450470282558
24,2.0,5,0.2,2.0,0.4,12,4,4,0.4099598372067392,-0.11845896975070977,-0.1326091427016976,2.009366431030074
24,2.0,5,0.2,2.0,0.4,24,4,4,0.4099598372067392,-0.11845896975070977,-0.1326091427016976,2.009366431030074
24,2.0,5,0.2,2.0,0.4,48,4,4,0.4099598372067392,-0.11845896975070977,-0.1326091427016976,2.009366431030074
24,2.0,5,0.2,2.0,0.4,96,4,4,0.4099598372067392,-0.11845896975070977,-0.1326091427016976,2.009366431030074
24,2.0,5,0.2,2.0,0.55,12,4,4,0.3687544912062847,-0.11845896975070977,-0.1326091427016976,1.8445450470282558
24,2.0,5,0.2,2.0,0.55,24,4,4,0.3687544912062847,-0.11845896975070977,-0.1326091427016976,1.8445450470282558
24,2.0,5,0.2,2.0,0.55,48,4,4,0.3687544912062847,-0.11845896975070977,-0.1326091427016976,1.8445450470282558
24,2.0,5,0.2,2.0,0.55,96,4,4,0.3687544912062847,-0.11845896975070977,-0.1326091427016976,1.8445450470282558
24,2.0,5,0.3,1.5,0.4,12,4,4,0.3751432934869841,-0.1549434281725388,-0.19890640073705984,2.009366431030074
24,2.0,5,0.3,1.5,0.4,24,4,4,0.4093242368238551,-0.08658154149879684,-0.19890640073705984,2.009366431030074
24,2.0,5,0.3,1.5,0.4,48,4,4,0.29083838690588704,-0.18755868731271974,-0.4708955087810862,2.009366431030074
24,2.0,5,0.3,1.5,0.4,96,4,4,0.29083838690588704,-0.18755868731271974,-0.4708955087810862,2.009366431030074
24,2.0,5,0.3,1.5,0.55,12,4,4,0.3339379474865296,-0.1549434281725388,-0.19890640073705984,1.8445450470282558
24,2.0,5,0.3,1.5,0.55,24,4,4,0.36811889082340055,-0.08658154149879684,-0.19890640073705984,1.8445450470282558
24,2.0,5,0.3,1.5,0.55,48,4,4,0.24963304090543253,-0.18755868731271974,-0.4708955087810862,1.8445450470282558
24,2.0,5,0.3,1.5,0.55,96,4,4,0.24963304090543253,-0.18755868731271974,-0.4708955087810862,1.8445450470282558
24,2.0,5,0.3,2.0,0.4,12,4,4,0.3751432934869841,-0.1549434281725388,-0.19890640073705984,2.009366431030074
24,2.0,5,0.3,2.0,0.4,24,4,4,0.4093242368238551,-0.08658154149879684,-0.19890640073705984,2.009366431030074
24,2.0,5,0.3,2.0,0.4,48,4,4,0.29083838690588704,-0.18755868731271974,-0.4708955087810862,2.009366431030074
24,2.0,5,0.3,2.0,0.4,96,4,4,0.29083838690588704,-0.18755868731271974,-0.4708955087810862,2.009366431030074
24,2.0,5,0.3,2.0,0.55,12,4,4,0.3339379474865296,-0.1549434281725388,-0.19890640073705984,1.8445450470282558
24,2.0,5,0.3,2.0,0.55,24,4,4,0.36811889082340055,-0.08658154149879684,-0.19890640073705984,1.8445450470282558
24,2.0,5,0.3,2.0,0.55,48,4,4,0.24963304090543253,-0.18755868731271974,-0.4708955087810862,1.8445450470282558
24,2.0,5,0.3,2.0,0.55,96,4,4,0.24963304090543253,-0.18755868731271974,-0.4708955087810862,1.8445450470282558
24,2.0,20,0.2,1.5,0.4,12,4,4,0.4099598372067392,-0.11845896975070977,-0.1326091427016976,2.009366431030074
24,2.0,20,0.2,1.5,0.4,24,4,4,0.4099598372067392,-0.11845896975070977,-0.1326091427016976,2.009366431030074
24,2.0,20,0.2,1.5,0.4,48,4,4,0.4099598372067392,-0.11845896975070977,-0.1326091427016976,2.009366431030074
24,2.0,20,0.2,1.5,0.4,96,4,4,0.4099598372067392,-0.11845896975070977,-0.1326091427016976,2.009366431030074
24,2.0,20,0.2,1.5,0.55,12,4,4,0.3687544912062847,-0.11845896975070977,-0.1326091427016976,1.8445450470282558
24,2.0,20,0.2,1.5,0.55,24,4,4,0.3687544912062847,-0.11845896975070977,-0.1326091427016976,1.8445450470282558
24,2.0,20,0.2,1.5,0.55,48,4,4,0.3687544912062847,-0.11845896975070977,-0.1326091427016976,1.8445450470282558
24,2.0,20,0.2,1.5,0.55,96,4,4,0.3687544912062847,-0.11845896975070977,-0.1326091427016976,1.8445450470282558
24,2.0,20,0.2,2.0,0.4,12,4,4,0.4099598372067392,-0.11845896975070977,-0.1326091427016976,2.009366431030074
24,2.0,20,0.2,2.0,0.4,24,4,4,0.4099598372067392,-0.11845896975070977,-0.1326091427016976,2.009366431030074
24,2.0,20,0.2,2.0,0.4,48,4,4,0.4099598372067392,-0.11845896975070977,-0.1326091427016976,2.009366431030074
24,2.0,20,0.2,2.0,0.4,96,4,4,0.4099598372067392,-0.11845896975070977,-0.1326091427016976,2.009366431030074
24,2.0,20,0.2,2.0,0.55,12,4,4,0.3687544912062847,-0.11845896975070977,-0.1326091427016976,1.8445450470282558
24,2.0,20,0.2,2.0,0.55,24,4,4,0.3687544912062847,-0.11845896975070977,-0.1326091427016976,1.8445450470282558
24,2.0,20,0.2,2.0,0.55,48,4,4,0.3687544912062847,-0.11845896975070977,-0.1326091427016976,1.8445450470282558
24,2.0,20,0.2,2.0,0.55,96,4,4,0.3687544912062847,-0.11845896975070977,-0.1326091427016976,1.8445450470282558
24,2.0,20,0.3,1.5,0.4,12,4,4,0.3751432934869841,-0.1549434281725388,-0.19890640073705984,2.009366431030074
24,2.0,20,0.3,1.5,0.4,24,4,4,0.4093242368238551,-0.08658154149879684,-0.19890640073705984,2.009366431030074
24,2.0,20,0.3,1.5,0.4,48,4,4,0.29083838690588704,-0.18755868731271974,-0.4708955087810862,2.009366431030074
24,2.0,20,0.3,1.5,0.4,96,4,4,0.29083838690588704,-0.18755868731271974,-0.4708955087810862,2.009366431030074
24,2.0,20,0.3,1.5,0.55,12,4,4,0.3339379474865296,-0.1549434281725388,-0.19890640073705984,1.8445450470282558
24,2.0,20,0.3,1.5,0.55,24,4,4,0.36811889082340055,-0.08658154149879684,-0.19890640073705984,1.8445450470282558
24,2.0,20,0.3,1.5,0.55,48,4,4,0.24963304090543253,-0.18755868731271974,-0.4708955087810862,1.8445450470282558
24,2.0,20,0.3,1.5,0.55,96,4,4,0.24963304090543253,-0.18755868731271974,-0.4708955087810862,1.8445450470282558
24,2.0,20,0.3,2.0,0.4,12,4,4,0.3751432934869841,-0.1549434281725388,-0.19890640073705984,2.009366431030074
24,2.0,20,0.3,2.0,0.4,24,4,4,0.4093242368238551,-0.08658154149879684,-0.19890640073705984,2.009366431030074
24,2.0,20,0.3,2.0,0.4,48,4,4,0.29083838690588704,-0.18755868731271974,-0.4708955087810862,2.009366431030074
24,2.0,20,0.3,2.0,0.4,96,4,4,0.29083838690588704,-0.18755868731271974,-0.4708955087810862,2.009366431030074
24,2.0,20,0.3,2.0,0.55,12,4,4,0.3339379474865296,-0.1549434281725388,-0.19890640073705984,1.8445450470282558
24,2.0,20,0.3,2.0,0.55,24,4,4,0.36811889082340055,-0.08658154149879684,-0.19890640073705984,1.8445450470282558
24,2.0,20,0.3,2.0,0.55,48,4,4,0.24963304090543253,-0.18755868731271974,-0.4708955087810862,1.8445450470282558
24,2.0,20,0.3,2.0,0.55,96,4,4,0.24963304090543253,-0.18755868731271974,-0.4708955087810862,1.8445450470282558
48,1.0,1,0.2,1.5,0.4,12,7,4,-0.009950955359136662,-0.1219160956371381,-0.20848524133797358,0.4125136111757031
48,1.0,1,0.2,1.5,0.4,24,7,4,-0.13203634318271532,-0.1219160956371381,-0.20848524133797358,-0.07582794011861149
48,1.0,1,0.2,1.5,0.4,48,7,4,-0.13203634318271532,-0.1219160956371381,-0.20848524133797358,-0.07582794011861149
48,1.0,1,0.2,1.5,0.4,96,7,4,-0.13203634318271532,-0.1219160956371381,-0.20848524133797358,-0.07582794011861149
48,1.0,1,0.2,1.5,0.55,12,7,4,-0.009950955359136662,-0.1219160956371381,-0.20848524133797358,0.4125136111757031
48,1.0,1,0.2,1.5,0.55,24,7,4,-0.15249863109667014,-0.14198539328845647,-0.20848524133797358,-0.11753849647179404
48,1.0,1,0.2,1.5,0.55,48,7,4,-0.15249863109667014,-0.14198539328845647,-0.20848524133797358,-0.11753849647179404
48,1.0,1,0.2,1.5,0.55,96,7,4,-0.15249863109667014,-0.14198539328845647,-0.20848524133797358,-0.11753849647179404
48,1.0,1,0.2,2.0,0.4,12,7,4,0.00882675320288849,-0.1219160956371381,-0.20848524133797358,0.48762444542380373
48,1.0,1,0.2,2.0,0.4,24,7,4,-0.11985087453182967,-0.1219160956371381,-0.20848524133797358,-0.027086065515068924
48,1.0,1,0.2,2.0,0.4,48,7,4,-0.11985087453182967,-0.1219160956371381,-0.20848524133797358,-0.027086065515068924
48,1.0,1,0.2,2.0,0.4,96,7,4,-0.11985087453182967,-0.1219160956371381,-0.20848524133797358,-0.027086065515068924
48,1.0,1,0.2,2.0,0.55,12,7,4,0.00882675320288849,-0.1219160956371381,-0.20848524133797358,0.48762444542380373
48,1.0,1,0.2,2.0,0.55,24,7,4,-0.14382798040139055,-0.1246440918978973,-0.20848524133797358,-0.11753849647179404
48,1.0,1,0.2,2.0,0.55,48,7,4,-0.14382798040139055,-0.1246440918978973,-0.20848524133797358,-0.11753849647179404
48,1.0,1,0.2,2.0,0.55,96,7,4,-0.14382798040139055,-0.1246440918978973,-0.20848524133797358,-0.11753849647179404
48,1.0,1,0.3,1.5,0.4,12,7,4,-0.12832038069352092,-0.1887433550535199,-0.4714386372698396,0.33564382460279574
48,1.0,1,0.3,1.5,0.4,24,7,4,-0.2780256731765922,-0.23583129333373157,-0.4714386372698396,-0.16900146876906624
48,1.0,1,0.3,1.5,0.4,48,7,4,-0.2780256731765922,-0.23583129333373157,-0.4714386372698396,-0.16900146876906624
48,1.0,1,0.3,1.5,0.4,96,7,4,-0.2780256731765922,-0.23583129333373157,-0.4714386372698396,-0.16900146876906624
48,1.0,1,0.3,1.5,0.55,12,7,4,-0.12832038069352092,-0.1887433550535199,-0.4714386372698396,0.33564382460279574
48,1.0,1,0.3,1.5,0.55,24,7,4,-0.2984879610905471,-0.2767558691616412,-0.4714386372698396,-0.16900146876906624
48,1.0,1,0.3,1.5,0.55,48,7,4,-0.2984879610905471,-0.2767558691616412,-0.4714386372698396,-0.16900146876906624
48,1.0,1,0.3,1.5,0.55,96,7,4,-0.2984879610905471,-0.2767558691616412,-0.4714386372698396,-0.16900146876906624
48,1.0,1,0.3,2.0,0.4,12,7,4,-0.10954267213149577,-0.1887433550535199,-0.4714386372698396,0.41075465885089635
48,1.0,1,0.3,2.0,0.4,24,7,4,-0.2658402045257066,-0.21146035603196028,-0.4714386372698396,-0.16900146876906624
48,1.0,1,0.3,2.0,0.4,48,7,4,-0.2658402045257066,-0.21146035603196028,-0.4714386372698396,-0.16900146876906624
48,1.0,1,0.3,2.0,0.4,96,7,4,-0.2658402045257066,-0.21146035603196028,-0.4714386372698396,-0.16900146876906624
48,1.0,1,0.3,2.0,0.55,12,7,4,-0.10954267213149577,-0.1887433550535199,-0.4714386372698396,0.41075465885089635
48,1.0,1,0.3,2.0,0.55,24,7,4,-0.2898173103952675,-0.25941456777108207,-0.4714386372698396,-0.16900146876906624
48,1.0,1,0.3,2.0,0.55,48,7,4,-0.2898173103952675,-0.25941456777108207,-0.4714386372698396,-0.16900146876906624
48,1.0,1,0.3,2.0,0.55,96,7,4,-0.2898173103952675,-0.25941456777108207,-0.4714386372698396,-0.16900146876906624
48,1.0,5,0.2,1.5,0.4,12,7,4,-0.009950955359136662,-0.1219160956371381,-0.20848524133797358,0.4125136111757031
48,1.0,5,0.2,1.5,0.4,24,7,4,-0.13203634318271532,-0.1219160956371381,-0.20848524133797358,-0.07582794011861149
48,1.0,5,0.2,1.5,0.4,48,7,4,-0.13203634318271532,-0.1219160956371381,-0.20848524133797358,-0.07582794011861149
48,1.0,5,0.2,1.5,0.4,96,7,4,-0.13203634318271532,-0.1219160956371381,-0.20848524133797358,-0.07582794011861149
48,1.0,5,0.2,1.5,0.55,12,7,4,-0.009950955359136662,-0.1219160956371381,-0.20848524133797358,0.4125136111757031
48,1.0,5,0.2,1.5,0.55,24,7,4,-0.15249863109667014,-0.14198539328845647,-0.20848524133797358,-0.11753849647179404
48,1.0,5,0.2,1.5,0.55,48,7,4,-0.15249863109667014,-0.14198539328845647,-0.20848524133797358,-0.11753849647179404
48,1.0,5,0.2,1.5,0.55,96,7,4,-0.15249863109667014,-0.14198539328845647,-0.20848524133797358,-0.11753849647179404
48,1.0,5,0.2,2.0,0.4,12,7,4,0.00882675320288849,-0.1219160956371381,-0.20848524133797358,0.48762444542380373
48,1.0,5,0.2,2.0,0.4,24,7,4,-0.11985087453182967,-0.1219160956371381,-0.20848524133797358,-0.027086065515068924
48,1.0,5,0.2,2.0,0.4,48,7,4,-0.11985087453182967,-0.1219160956371381,-0.20848524133797358,-0.027086065515068924
48,1.0,5,0.2,2.0,0.4,96,7,4,-0.11985087453182967,-0.1219160956371381,-0.20848524133797358,-0.027086065515068924
48,1.0,5,0.2,2.0,0.55,12,7,4,0.00882675320288849,-0.1219160956371381,-0.20848524133797358,0.48762444542380373
48,1.0,5,0.2,2.0,0.55,24,7,4,-0.14382798040139055,-0.1246440918978973,-0.20848524133797358,-0.11753849647179404
48,1.0,5,0.2,2.0,0.55,48,7,4,-0.14382798040139055,-0.1246440918978973,-0.20848524133797358,-0.11753849647179404
48,1.0,5,0.2,2.0,0.55,96,7,4,-0.14382798040139055,-0.1246440918978973,-0.20848524133797358,-0.11753849647179404
48,1.0,5,0.3,1.5,0.4,12,7,4,-0.12832038069352092,-0.1887433550535199,-0.4714386372698396,0.33564382460279574
48,1.0,5,0.3,1.5,0.4,24,7,4,-0.2780256731765922,-0.23583129333373157,-0.4714386372698396,-0.16900146876906624
48,1.0,5,0.3,1.5,0.4,48,7,4,-0.2780256731765922,-0.23583129333373157,-0.4714386372698396,-0.16900146876906624
48,1.0,5,0.3,1.5,0.4,96,7,4,-0.2780256731765922,-0.23583129333373157,-0.4714386372698396,-0.16900146876906624
48,1.0,5,0.3,1.5,0.55,12,7,4,-0.12832038069352092,-0.1887433550535199,-0.4714386372698396,0.33564382460279574
48,1.0,5,0.3,1.5,0.55,24,7,4,-0.2984879610905471,-0.2767558691616412,-0.4714386372698396,-0.16900146876906624
48,1.0,5,0.3,1.5,0.55,48,7,4,-0.2984879610905471,-0.2767558691616412,-0.4714386372698396,-0.16900146876906624
48,1.0,5,0.3,1.5,0.55,96,7,4,-0.2984879610905471,-0.2767558691616412,-0.4714386372698396,-0.16900146876906624
48,1.0,5,0.3,2.0,0.4,12,7,4,-0.10954267213149577,-0.1887433550535199,-0.4714386372698396,0.41075465885089635
48,1.0,5,0.3,2.0,0.4,24,7,4,-0.2658402045257066,-0.21146035603196028,-0.4714386372698396,-0.16900146876906624
48,1.0,5,0.3,2.0,0.4,48,7,4,-0.2658402045257066,-0.21146035603196028,-0.4714386372698396,-0.16900146876906624
48,1.0,5,0.3,2.0,0.4,96,7,4,-0.2658402045257066,-0.21146035603196028,-0.4714386372698396,-0.16900146876906624
48,1.0,5,0.3,2.0,0.55,12,7,4,-0.10954267213149577,-0.1887433550535199,-0.4714386372698396,0.41075465885089635
48,1.0,5,0.3,2.0,0.55,24,7,4,-0.2898173103952675,-0.25941456777108207,-0.4714386372698396,-0.16900146876906624
48,1.0,5,0.3,2.0,0.55,48,7,4,-0.2898173103952675,-0.25941456777108207,-0.4714386372698396,-0.16900146876906624
48,1.0,5,0.3,2.0,0.55,96,7,4,-0.2898173103952675,-0.25941456777108207,-0.4714386372698396,-0.16900146876906624
48,1.0,20,0.2,1.5,0.4,12,6,4,0.01709156284679872,-0.1219160956371381,-0.20848524133797358,0.5206836839994446
48,1.0,20,0.2,1.5,0.4,24,6,4,-0.10499382497677993,-0.1219160956371381,-0.20848524133797358,0.03234213270513003
48,1.0,20,0.2,1.5,0.4,48,6,4,-0.10499382497677993,-0.1219160956371381,-0.20848524133797358,0.03234213270513003
48,1.0,20,0.2,1.5,0.4,96,6,4,-0.10499382497677993,-0.1219160956371381,-0.20848524133797358,0.03234213270513003
48,1.0,20,0.2,1.5,0.55,12,6,4,0.01709156284679872,-0.1219160956371381,-0.20848524133797358,0.5206836839994446
48,1.0,20,0.2,1.5,0.55,24,6,4,-0.12545611289073477,-0.1219160956371381,-0.20848524133797358,-0.04950701895068926
48,1.0,20,0.2,1.5,0.55,48,6,4,-0.12545611289073477,-0.1219160956371381,-0.20848524133797358,-0.04950701895068926
48,1.0,20,0.2,1.5,0.55,96,6,4,-0.12545611289073477,-0.1219160956371381,-0.20848524133797358,-0.04950701895068926
48,1.0,20,0.2,2.0,0.4,12,6,4,0.03586927140882387,-0.1219160956371381,-0.20848524133797358,0.5957945182475453
48,1.0,20,0.2,2.0,0.4,24,6,4,-0.09280835632589429,-0.1219160956371381,-0.20848524133797358,0.0810840073086726
48,1.0,20,0.2,2.0,0.4,48,6,4,-0.09280835632589429,-0.1219160956371381,-0.20848524133797358,0.0810840073086726
48,1.0,20,0.2,2.0,0.4,96,6,4,-0.09280835632589429,-0.1219160956371381,-0.20848524133797358,0.0810840073086726
48,1.0,20,0.2,2.0,0.55,12,6,4,0.03586927140882387,-0.1219160956371381,-0.20848524133797358,0.5957945182475453
48,1.0,20,0.2,2.0,0.55,24,6,4,-0.11678546219545517,-0.1219160956371381,-0.20848524133797358,-0.01482441616957092
48,1.0,20,0.2,2.0,0.55,48,6,4,-0.11678546219545517,-0.1219160956371381,-0.20848524133797358,-0.01482441616957092
48,1.0,20,0.2,2.0,0.55,96,6,4,-0.11678546219545517,-0.1219160956371381,-0.20848524133797358,-0.01482441616957092
48,1.0,20,0.3,1.5,0.4,12,6,4,-0.08206041584435869,-0.1887433550535199,-0.4714386372698396,0.5206836839994446
48,1.0,20,0.3,1.5,0.4,24,6,4,-0.23176570832743001,-0.1887433550535199,-0.4714386372698396,-0.07813748593284064
48,1.0,20,0.3,1.5,0.4,48,6,4,-0.23176570832743001,-0.1887433550535199,-0.4714386372698396,-0.07813748593284064
48,1.0,20,0.3,1.5,0.4,96,6,4,-0.23176570832743001,-0.1887433550535199,-0.4714386372698396,-0.07813748593284064
48,1.0,20,0.3,1.5,0.55,12,6,4,-0.08206041584435869,-0.1887433550535199,-0.4714386372698396,0.5206836839994446
48,1.0,20,0.3,1.5,0.55,24,6,4,-0.2522279962413848,-0.1887433550535199,-0.4714386372698396,-0.15998663758865994
48,1.0,20,0.3,1.5,0.55,48,6,4,-0.2522279962413848,-0.1887433550535199,-0.4714386372698396,-0.15998663758865994
48,1.0,20,0.3,1.5,0.55,96,6,4,-0.2522279962413848,-0.1887433550535199,-0.4714386372698396,-0.15998663758865994
48,1.0,20,0.3,2.0,0.4,12,6,4,-0.06328270728233354,-0.1887433550535199,-0.4714386372698396,0.5957945182475453
48,1.0,20,0.3,2.0,0.4,24,6,4,-0.2195802396765444,-0.1887433550535199,-0.4714386372698396,-0.029395611329298077
48,1.0,20,0.3,2.0,0.4,48,6,4,-0.2195802396765444,-0.1887433550535199,-0.4714386372698396,-0.029395611329298077
48,1.0,20,0.3,2.0,0.4,96,6,4,-0.2195802396765444,-0.1887433550535199,-0.4714386372698396,-0.029395611329298077
48,1.0,20,0.3,2.0,0.55,12,6,4,-0.06328270728233354,-0.1887433550535199,-0.4714386372698396,0.5957945182475453
48,1.0,20,0.3,2.0,0.55,24,6,4,-0.24355734554610525,-0.1887433550535199,-0.4714386372698396,-0.1253040348075416
48,1.0,20,0.3,2.0,0.55,48,6,4,-0.24355734554610525,-0.1887433550535199,-0.4714386372698396,-0.1253040348075416
48,1.0,20,0.3,2.0,0.55,96,6,4,-0.24355734554610525,-0.1887433550535199,-0.4714386372698396,-0.1253040348075416
48,1.25,1,0.2,1.5,0.4,12,6,4,0.0053392287409158995,-0.1219160956371381,-0.20848524133797358,0.47367434757591337
48,1.25,1,0.2,1.5,0.4,24,6,4,-0.0969928019202493,-0.1219160956371381,-0.20848524133797358,0.06434622493125258
48,1.25,1,0.2,1.5,0.4,48,6,4,-0.0969928019202493,-0.1219160956371381,-0.20848524133797358,0.06434622493125258
48,1.25,1,0.2,1.5,0.4,96,6,4,-0.0969928019202493,-0.1219160956371381,-0.20848524133797358,0.06434622493125258
48,1.25,1,0.2,1.5,0.55,12,6,4,0.0053392287409158995,-0.1219160956371381,-0.20848524133797358,0.47367434757591337
48,1.25,1,0.2,1.5,0.55,24,6,4,-0.11745508983420412,-0.1219160956371381,-0.20848524133797358,-0.017502926724566714
48,1.25,1,0.2,1.5,0.55,48,6,4,-0.11745508983420412,-0.1219160956371381,-0.20848524133797358,-0.017502926724566714
48,1.25,1,0.2,1.5,0.55,96,6,4,-0.11745508983420412,-0.1219160956371381,-0.20848524133797358,-0.017502926724566714
48,1.25,1,0.2,2.0,0.4,12,6,4,0.02411693730294104,-0.1219160956371381,-0.20848524133797358,0.5487851818240139
48,1.25,1,0.2,2.0,0.4,24,6,4,-0.08480733326936366,-0.1219160956371381,-0.20848524133797358,0.11308809953479515
48,1.25,1,0.2,2.0,0.4,48,6,4,-0.08480733326936366,-0.1219160956371381,-0.20848524133797358,0.11308809953479515
48,1.25,1,0.2,2.0,0.4,96,6,4,-0.08480733326936366,-0.1219160956371381,-0.20848524133797358,0.11308809953479515
48,1.25,1,0.2,2.0,0.55,12,6,4,0.02411693730294104,-0.1219160956371381,-0.20848524133797358,0.5487851818240139
48,1.25,1,0.2,2.0,0.55,24,6,4,-0.10878443913892454,-0.1219160956371381,-0.20848524133797358,0.01717967605655163
48,1.25,1,0.2,2.0,0.55,48,6,4,-0.10878443913892454,-0.1219160956371381,-0.20848524133797358,0.01717967605655163
48,1.25,1,0.2,2.0,0.55,96,6,4,-0.10878443913892454,-0.1219160956371381,-0.20848524133797358,0.01717967605655163
48,1.25,1,0.3,1.5,0.4,12,6,4,-0.11303019659346836,-0.1887433550535199,-0.4714386372698396,0.396804561003006
48,1.25,1,0.3,1.5,0.4,24,6,4,-0.23852936711031242,-0.1887433550535199,-0.4714386372698396,-0.10519212106437023
48,1.25,1,0.3,1.5,0.4,48,6,4,-0.23852936711031242,-0.1887433550535199,-0.4714386372698396,-0.10519212106437023
48,1.25,1,0.3,1.5,0.4,96,6,4,-0.23852936711031242,-0.1887433550535199,-0.4714386372698396,-0.10519212106437023
48,1.25,1,0.3,1.5,0.55,12,6,4,-0.11303019659346836,-0.1887433550535199,-0.4714386372698396,0.396804561003006
48,1.25,1,0.3,1.5,0.55,24,6,4,-0.25899165502426724,-0.19776325702908154,-0.4714386372698396,-0.16900146876906624
48,1.25,1,0.3,1.5,0.55,48,6,4,-0.25899165502426724,-0.19776325702908154,-0.4714386372698396,-0.16900146876906624
48,1.25,1,0.3,1.5,0.55,96,6,4,-0.25899165502426724,-0.19776325702908154,-0.4714386372698396,-0.16900146876906624
48,1.25,1,0.3,2.0,0.4,12,6,4,-0.0942524880314432,-0.1887433550535199,-0.4714386372698396,0.4719153952511066
48,1.25,1,0.3,2.0,0.4,24,6,4,-0.22634389845942676,-0.1887433550535199,-0.4714386372698396,-0.05645024646082766
48,1.25,1,0.3,2.0,0.4,48,6,4,-0.22634389845942676,-0.1887433550535199,-0.4714386372698396,-0.05645024646082766
48,1.25,1,0.3,2.0,0.4,96,6,4,-0.22634389845942676,-0.1887433550535199,-0.4714386372698396,-0.05645024646082766
48,1.25,1,0.3,2.0,0.55,12,6,4,-0.0942524880314432,-0.1887433550535199,-0.4714386372698396,0.4719153952511066
48,1.25,1,0.3,2.0,0.55,24,6,4,-0.25032100432898763,-0.1887433550535199,-0.4714386372698396,-0.15235866993907118
48,1.25,1,0.3,2.0,0.55,48,6,4,-0.25032100432898763,-0.1887433550535199,-0.4714386372698396,-0.15235866993907118
48,1.25,1,0.3,2.0,0.55,96,6,4,-0.25032100432898763,-0.1887433550535199,-0.4714386372698396,-0.15235866993907118
48,1.25,5,0.2,1.5,0.4,12,6,4,0.0053392287409158995,-0.1219160956371381,-0.20848524133797358,0.47367434757591337
48,1.25,5,0.2,1.5,0.4,24,6,4,-0.0969928019202493,-0.1219160956371381,-0.20848524133797358,0.06434622493125258
48,1.25,5,0.2,1.5,0.4,48,6,4,-0.0969928019202493,-0.1219160956371381,-0.20848524133797358,0.06434622493125258
48,1.25,5,0.2,1.5,0.4,96,6,4,-0.0969928019202493,-0.1219160956371381,-0.20848524133797358,0.06434622493125258
48,1.25,5,0.2,1.5,0.55,12,6,4,0.0053392287409158995,-0.1219160956371381,-0.20848524133797358,0.47367434757591337
48,1.25,5,0.2,1.5,0.55,24,6,4,-0.11745508983420412,-0.1219160956371381,-0.20848524133797358,-0.017502926724566714
48,1.25,5,0.2,1.5,0.55,48,6,4,-0.11745508983420412,-0.1219160956371381,-0.20848524133797358,-0.017502926724566714
48,1.25,5,0.2,1.5,0.55,96,6,4,-0.11745508983420412,-0.1219160956371381,-0.20848524133797358,-0.017502926724566714
48,1.25,5,0.2,2.0,0.4,12,6,4,0.02411693730294104,-0.1219160956371381,-0.20848524133797358,0.5487851818240139
48,1.25,5,0.2,2.0,0.4,24,6,4,-0.08480733326936366,-0.1219160956371381,-0.20848524133797358,0.11308809953479515
48,1.25,5,0.2,2.0,0.4,48,6,4,-0.08480733326936366,-0.1219160956371381,-0.20848524133797358,0.11308809953479515
48,1.25,5,0.2,2.0,0.4,96,6,4,-0.08480733326936366,-0.1219160956371381,-0.20848524133797358,0.11308809953479515
48,1.25,5,0.2,2.0,0.55,12,6,4,0.02411693730294104,-0.1219160956371381,-0.20848524133797358,0.5487851818240139
48,1.25,5,0.2,2.0,0.55,24,6,4,-0.10878443913892454,-0.1219160956371381,-0.20848524133797358,0.01717967605655163
48,1.25,5,0.2,2.0,0.55,48,6,4,-0.10878443913892454,-0.1219160956371381,-0.20848524133797358,0.01717967605655163
48,1.25,5,0.2,2.0,0.55,96,6,4,-0.10878443913892454,-0.1219160956371381,-0.20848524133797358,0.01717967605655163
48,1.25,5,0.3,1.5,0.4,12,6,4,-0.11303019659346836,-0.1887433550535199,-0.4714386372698396,0.396804561003006
48,1.25,5,0.3,1.5,0.4,24,6,4,-0.23852936711031242,-0.1887433550535199,-0.4714386372698396,-0.10519212106437023
48,1.25,5,0.3,1.5,0.4,48,6,4,-0.23852936711031242,-0.1887433550535199,-0.4714386372698396,-0.10519212106437023
48,1.25,5,0.3,1.5,0.4,96,6,4,-0.23852936711031242,-0.1887433550535199,-0.4714386372698396,-0.10519212106437023
48,1.25,5,0.3,1.5,0.55,12,6,4,-0.11303019659346836,-0.1887433550535199,-0.4714386372698396,0.396804561003006
48,1.25,5,0.3,1.5,0.55,24,6,4,-0.25899165502426724,-0.19776325702908154,-0.4714386372698396,-0.16900146876906624
48,1.25,5,0.3,1.5,0.55,48,6,4,-0.25899165502426724,-0.19776325702908154,-0.4714386372698396,-0.16900146876906624
48,1.25,5,0.3,1.5,0.55,96,6,4,-0.25899165502426724,-0.19776325702908154,-0.4714386372698396,-0.16900146876906624
48,1.25,5,0.3,2.0,0.4,12,6,4,-0.0942524880314432,-0.1887433550535199,-0.4714386372698396,0.4719153952511066
48,1.25,5,0.3,2.0,0.4,24,6,4,-0.22634389845942676,-0.1887433550535199,-0.4714386372698396,-0.05645024646082766
48,1.25,5,0.3,2.0,0.4,48,6,4,-0.22634389845942676,-0.1887433550535199,-0.4714386372698396,-0.05645024646082766
48,1.25,5,0.3,2.0,0.4,96,6,4,-0.22634389845942676,-0.1887433550535199,-0.4714386372698396,-0.05645024646082766
48,1.25,5,0.3,2.0,0.55,12,6,4,-0.0942524880314432,-0.1887433550535199,-0.4714386372698396,0.4719153952511066
48,1.25,5,0.3,2.0,0.55,24,6,4,-0.25032100432898763,-0.1887433550535199,-0.4714386372698396,-0.15235866993907118
48,1.25,5,0.3,2.0,0.55,48,6,4,-0.25032100432898763,-0.1887433550535199,-0.4714386372698396,-0.15235866993907118
48,1.25,5,0.3,2.0,0.55,96,6,4,-0.25032100432898763,-0.1887433550535199,-0.4714386372698396,-0.15235866993907118
48,1.25,20,0.2,1.5,0.4,12,5,4,0.03238174694685128,-0.1219160956371381,-0.20848524133797358,0.5818444203996549
48,1.25,20,0.2,1.5,0.4,24,5,4,-0.06995028371431392,-0.1219160956371381,-0.20848524133797358,0.1725162977549941
48,1.25,20,0.2,1.5,0.4,48,5,4,-0.06995028371431392,-0.1219160956371381,-0.20848524133797358,0.1725162977549941
48,1.25,20,0.2,1.5,0.4,96,5,4,-0.06995028371431392,-0.1219160956371381,-0.20848524133797358,0.1725162977549941
48,1.25,20,0.2,1.5,0.55,12,5,4,0.03238174694685128,-0.1219160956371381,-0.20848524133797358,0.5818444203996549
48,1.25,20,0.2,1.5,0.55,24,5,4,-0.09041257162826874,-0.1219160956371381,-0.20848524133797358,0.09066714609917481
48,1.25,20,0.2,1.5,0.55,48,5,4,-0.09041257162826874,-0.1219160956371381,-0.20848524133797358,0.09066714609917481
48,1.25,20,0.2,1.5,0.55,96,5,4,-0.09041257162826874,-0.1219160956371381,-0.20848524133797358,0.09066714609917481
48,1.25,20,0.2,2.0,0.4,12,5,4,0.051159455508876434,-0.1219160956371381,-0.20848524133797358,0.6569552546477555
48,1.25,20,0.2,2.0,0.4,24,5,4,-0.057764815063428274,-0.1219160956371381,-0.20848524133797358,0.22125817235853668
48,1.25,20,0.2,2.0,0.4,48,5,4,-0.057764815063428274,-0.1219160956371381,-0.20848524133797358,0.22125817235853668
48,1.25,20,0.2,2.0,0.4,96,5,4,-0.057764815063428274,-0.1219160956371381,-0.20848524133797358,0.22125817235853668
48,1.25,20,0.2,2.0,0.55,12,5,4,0.051159455508876434,-0.1219160956371381,-0.20848524133797358,0.6569552546477555
48,1.25,20,0.2,2.0,0.55,24,5,4,-0.08174192093298915,-0.1219160956371381,-0.20848524133797358,0.12534974888029315
48,1.25,20,0.2,2.0,0.55,48,5,4,-0.08174192093298915,-0.1219160956371381,-0.20848524133797358,0.12534974888029315
48,1.25,20,0.2,2.0,0.55,96,5,4,-0.08174192093298915,-0.1219160956371381,-0.20848524133797358,0.12534974888029315
48,1.25,20,0.3,1.5,0.4,12,5,4,-0.06677023174430613,-0.1887433550535199,-0.4714386372698396,0.5818444203996549
48,1.25,20,0.3,1.5,0.4,24,5,4,-0.1922694022611502,-0.1887433550535199,-0.4714386372698396,0.07984773833227865
48,1.25,20,0.3,1.5,0.4,48,5,4,-0.1922694022611502,-0.1887433550535199,-0.4714386372698396,0.07984773833227865
48,1.25,20,0.3,1.5,0.4,96,5,4,-0.1922694022611502,-0.1887433550535199,-0.4714386372698396,0.07984773833227865
48,1.25,20,0.3,1.5,0.55,12,5,4,-0.06677023174430613,-0.1887433550535199,-0.4714386372698396,0.5818444203996549
48,1.25,20,0.3,1.5,0.55,24,5,4,-0.21273169017510501,-0.1887433550535199,-0.4714386372698396,-0.002001413323540646
48,1.25,20,0.3,1.5,0.55,48,5,4,-0.21273169017510501,-0.1887433550535199,-0.4714386372698396,-0.002001413323540646
48,1.25,20,0.3,1.5,0.55,96,5,4,-0.21273169017510501,-0.1887433550535199,-0.4714386372698396,-0.002001413323540646
48,1.25,20,0.3,2.0,0.4,12,5,4,-0.04799252318228098,-0.1887433550535199,-0.4714386372698396,0.6569552546477555
48,1.25,20,0.3,2.0,0.4,24,5,4,-0.18008393361026453,-0.1887433550535199,-0.4714386372698396,0.12858961293582122
48,1.25,20,0.3,2.0,0.4,48,5,4,-0.18008393361026453,-0.1887433550535199,-0.4714386372698396,0.12858961293582122
48,1.25,20,0.3,2.0,0.4,96,5,4,-0.18008393361026453,-0.1887433550535199,-0.4714386372698396,0.12858961293582122
48,1.25,20,0.3,2.0,0.55,12,5,4,-0.04799252318228098,-0.1887433550535199,-0.4714386372698396,0.6569552546477555
48,1.25,20,0.3,2.0,0.55,24,5,4,-0.20406103947982543,-0.1887433550535199,-0.4714386372698396,0.0326811894575777
48,1.25,20,0.3,2.0,0.55,48,5,4,-0.20406103947982543,-0.1887433550535199,-0.4714386372698396,0.0326811894575777
48,1.25,20,0.3,2.0,0.55,96,5,4,-0.20406103947982543,-0.1887433550535199,-0.4714386372698396,0.0326811894575777
48,1.5,1,0.2,1.5,0.4,12,6,4,0.0053392287409158995,-0.1219160956371381,-0.20848524133797358,0.47367434757591337
48,1.5,1,0.2,1.5,0.4,24,6,4,-0.0969928019202493,-0.1219160956371381,-0.20848524133797358,0.06434622493125258
48,1.5,1,0.2,1.5,0.4,48,6,4,-0.0969928019202493,-0.1219160956371381,-0.20848524133797358,0.06434622493125258
48,1.5,1,0.2,1.5,0.4,96,6,4,-0.0969928019202493,-0.1219160956371381,-0.20848524133797358,0.06434622493125258
48,1.5,1,0.2,1.5,0.55,12,6,4,0.0053392287409158995,-0.1219160956371381,-0.20848524133797358,0.47367434757591337
48,1.5,1,0.2,1.5,0.55,24,6,4,-0.11745508983420412,-0.1219160956371381,-0.20848524133797358,-0.017502926724566714
48,1.5,1,0.2,1.5,0.55,48,6,4,-0.11745508983420412,-0.1219160956371381,-0.20848524133797358,-0.017502926724566714
48,1.5,1,0.2,1.5,0.55,96,6,4,-0.11745508983420412,-0.1219160956371381,-0.20848524133797358,-0.017502926724566714
48,1.5,1,0.2,2.0,0.4,12,6,4,0.02411693730294104,-0.1219160956371381,-0.20848524133797358,0.5487851818240139
48,1.5,1,0.2,2.0,0.4,24,6,4,-0.08480733326936366,-0.1219160956371381,-0.20848524133797358,0.11308809953479515
48,1.5,1,0.2,2.0,0.4,48,6,4,-0.08480733326936366,-0.1219160956371381,-0.20848524133797358,0.11308809953479515
48,1.5,1,0.2,2.0,0.4,96,6,4,-0.08480733326936366,-0.1219160956371381,-0.20848524133797358,0.11308809953479515
48,1.5,1,0.2,2.0,0.55,12,6,4,0.02411693730294104,-0.1219160956371381,-0.20848524133797358,0.5487851818240139
48,1.5,1,0.2,2.0,0.55,24,6,4,-0.10878443913892454,-0.1219160956371381,-0.20848524133797358,0.01717967605655163
48,1.5,1,0.2,2.0,0.55,48,6,4,-0.10878443913892454,-0.1219160956371381,-0.20848524133797358,0.01717967605655163
48,1.5,1,0.2,2.0,0.55,96,6,4,-0.10878443913892454,-0.1219160956371381,-0.20848524133797358,0.01717967605655163
48,1.5,1,0.3,1.5,0.4,12,6,4,-0.11303019659346836,-0.1887433550535199,-0.4714386372698396,0.396804561003006
48,1.5,1,0.3,1.5,0.4,24,6,4,-0.23852936711031242,-0.1887433550535199,-0.4714386372698396,-0.10519212106437023
48,1.5,1,0.3,1.5,0.4,48,6,4,-0.23852936711031242,-0.1887433550535199,-0.4714386372698396,-0.10519212106437023
48,1.5,1,0.3,1.5,0.4,96,6,4,-0.23852936711031242,-0.1887433550535199,-0.4714386372698396,-0.10519212106437023
48,1.5,1,0.3,1.5,0.55,12,6,4,-0.11303019659346836,-0.1887433550535199,-0.4714386372698396,0.396804561003006
48,1.5,1,0.3,1.5,0.55,24,6,4,-0.25899165502426724,-0.19776325702908154,-0.4714386372698396,-0.16900146876906624
48,1.5,1,0.3,1.5,0.55,48,6,4,-0.25899165502426724,-0.19776325702908154,-0.4714386372698396,-0.16900146876906624
48,1.5,1,0.3,1.5,0.55,96,6,4,-0.25899165502426724,-0.19776325702908154,-0.4714386372698396,-0.16900146876906624
48,1.5,1,0.3,2.0,0.4,12,6,4,-0.0942524880314432,-0.1887433550535199,-0.4714386372698396,0.4719153952511066
48,1.5,1,0.3,2.0,0.4,24,6,4,-0.22634389845942676,-0.1887433550535199,-0.4714386372698396,-0.05645024646082766
48,1.5,1,0.3,2.0,0.4,48,6,4,-0.22634389845942676,-0.1887433550535199,-0.4714386372698396,-0.05645024646082766
48,1.5,1,0.3,2.0,0.4,96,6,4,-0.22634389845942676,-0.1887433550535199,-0.4714386372698396,-0.05645024646082766
48,1.5,1,0.3,2.0,0.55,12,6,4,-0.0942524880314432,-0.1887433550535199,-0.4714386372698396,0.4719153952511066
48,1.5,1,0.3,2.0,0.55,24,6,4,-0.25032100432898763,-0.1887433550535199,-0.4714386372698396,-0.15235866993907118
48,1.5,1,0.3,2.0,0.55,48,6,4,-0.25032100432898763,-0.1887433550535199,-0.4714386372698396,-0.15235866993907118
48,1.5,1,0.3,2.0,0.55,96,6,4,-0.25032100432898763,-0.1887433550535199,-0.4714386372698396,-0.15235866993907118
48,1.5,5,0.2,1.5,0.4,12,6,4,0.0053392287409158995,-0.1219160956371381,-0.20848524133797358,0.47367434757591337
48,1.5,5,0.2,1.5,0.4,24,6,4,-0.0969928019202493,-0.1219160956371381,-0.20848524133797358,0.06434622493125258
48,1.5,5,0.2,1.5,0.4,48,6,4,-0.0969928019202493,-0.1219160956371381,-0.20848524133797358,0.06434622493125258
48,1.5,5,0.2,1.5,0.4,96,6,4,-0.0969928019202493,-0.1219160956371381,-0.20848524133797358,0.06434622493125258
48,1.5,5,0.2,1.5,0.55,12,6,4,0.0053392287409158995,-0.1219160956371381,-0.20848524133797358,0.47367434757591337
48,1.5,5,0.2,1.5,0.55,24,6,4,-0.11745508983420412,-0.1219160956371381,-0.20848524133797358,-0.017502926724566714
48,1.5,5,0.2,1.5,0.55,48,6,4,-0.11745508983420412,-0.1219160956371381,-0.20848524133797358,-0.017502926724566714
48,1.5,5,0.2,1.5,0.55,96,6,4,-0.11745508983420412,-0.1219160956371381,-0.20848524133797358,-0.017502926724566714
48,1.5,5,0.2,2.0,0.4,12,6,4,0.02411693730294104,-0.1219160956371381,-0.20848524133797358,0.5487851818240139
48,1.5,5,0.2,2.0,0.4,24,6,4,-0.08480733326936366,-0.1219160956371381,-0.20848524133797358,0.11308809953479515
48,1.5,5,0.2,2.0,0.4,48,6,4,-0.08480733326936366,-0.1219160956371381,-0.20848524133797358,0.11308809953479515
48,1.5,5,0.2,2.0,0.4,96,6,4,-0.08480733326936366,-0.1219160956371381,-0.20848524133797358,0.11308809953479515
48,1.5,5,0.2,2.0,0.55,12,6,4,0.02411693730294104,-0.1219160956371381,-0.20848524133797358,0.5487851818240139
48,1.5,5,0.2,2.0,0.55,24,6,4,-0.10878443913892454,-0.1219160956371381,-0.20848524133797358,0.01717967605655163
48,1.5,5,0.2,2.0,0.55,48,6,4,-0.10878443913892454,-0.1219160956371381,-0.20848524133797358,0.01717967605655163
48,1.5,5,0.2,2.0,0.55,96,6,4,-0.10878443913892454,-0.1219160956371381,-0.20848524133797358,0.01717967605655163
48,1.5,5,0.3,1.5,0.4,12,6,4,-0.11303019659346836,-0.1887433550535199,-0.4714386372698396,0.396804561003006
48,1.5,5,0.3,1.5,0.4,24,6,4,-0.23852936711031242,-0.1887433550535199,-0.4714386372698396,-0.10519212106437023
48,1.5,5,0.3,1.5,0.4,48,6,4,-0.23852936711031242,-0.1887433550535199,-0.4714386372698396,-0.10519212106437023
48,1.5,5,0.3,1.5,0.4,96,6,4,-0.23852936711031242,-0.1887433550535199,-0.4714386372698396,-0.10519212106437023
48,1.5,5,0.3,1.5,0.55,12,6,4,-0.11303019659346836,-0.1887433550535199,-0.4714386372698396,0.396804561003006
48,1.5,5,0.3,1.5,0.55,24,6,4,-0.25899165502426724,-0.19776325702908154,-0.4714386372698396,-0.16900146876906624
48,1.5,5,0.3,1.5,0.55,48,6,4,-0.25899165502426724,-0.19776325702908154,-0.4714386372698396,-0.16900146876906624
48,1.5,5,0.3,1.5,0.55,96,6,4,-0.25899165502426724,-0.19776325702908154,-0.4714386372698396,-0.16900146876906624
48,1.5,5,0.3,2.0,0.4,12,6,4,-0.0942524880314432,-0.1887433550535199,-0.4714386372698396,0.4719153952511066
48,1.5,5,0.3,2.0,0.4,24,6,4,-0.22634389845942676,-0.1887433550535199,-0.4714386372698396,-0.05645024646082766
48,1.5,5,0.3,2.0,0.4,48,6,4,-0.22634389845942676,-0.1887433550535199,-0.4714386372698396,-0.05645024646082766
48,1.5,5,0.3,2.0,0.4,96,6,4,-0.22634389845942676,-0.1887433550535199,-0.4714386372698396,-0.05645024646082766
48,1.5,5,0.3,2.0,0.55,12,6,4,-0.0942524880314432,-0.1887433550535199,-0.4714386372698396,0.4719153952511066
48,1.5,5,0.3,2.0,0.55,24,6,4,-0.25032100432898763,-0.1887433550535199,-0.4714386372698396,-0.15235866993907118
48,1.5,5,0.3,2.0,0.55,48,6,4,-0.25032100432898763,-0.1887433550535199,-0.4714386372698396,-0.15235866993907118
48,1.5,5,0.3,2.0,0.55,96,6,4,-0.25032100432898763,-0.1887433550535199,-0.4714386372698396,-0.15235866993907118
48,1.5,20,0.2,1.5,0.4,12,5,4,0.03238174694685128,-0.1219160956371381,-0.20848524133797358,0.5818444203996549
48,1.5,20,0.2,1.5,0.4,24,5,4,-0.06995028371431392,-0.1219160956371381,-0.20848524133797358,0.1725162977549941
48,1.5,20,0.2,1.5,0.4,48,5,4,-0.06995028371431392,-0.1219160956371381,-0.20848524133797358,0.1725162977549941
48,1.5,20,0.2,1.5,0.4,96,5,4,-0.06995028371431392,-0.1219160956371381,-0.20848524133797358,0.1725162977549941
48,1.5,20,0.2,1.5,0.55,12,5,4,0.03238174694685128,-0.1219160956371381,-0.20848524133797358,0.5818444203996549
48,1.5,20,0.2,1.5,0.55,24,5,4,-0.09041257162826874,-0.1219160956371381,-0.20848524133797358,0.09066714609917481
48,1.5,20,0.2,1.5,0.55,48,5,4,-0.09041257162826874,-0.1219160956371381,-0.20848524133797358,0.09066714609917481
48,1.5,20,0.2,1.5,0.55,96,5,4,-0.09041257162826874,-0.1219160956371381,-0.20848524133797358,0.09066714609917481
48,1.5,20,0.2,2.0,0.4,12,5,4,0.051159455508876434,-0.1219160956371381,-0.20848524133797358,0.6569552546477555
48,1.5,20,0.2,2.0,0.4,24,5,4,-0.057764815063428274,-0.1219160956371381,-0.20848524133797358,0.22125817235853668
48,1.5,20,0.2,2.0,0.4,48,5,4,-0.057764815063428274,-0.1219160956371381,-0.20848524133797358,0.22125817235853668
48,1.5,20,0.2,2.0,0.4,96,5,4,-0.057764815063428274,-0.1219160956371381,-0.20848524133797358,0.22125817235853668
48,1.5,20,0.2,2.0,0.55,12,5,4,0.051159455508876434,-0.1219160956371381,-0.20848524133797358,0.6569552546477555
48,1.5,20,0.2,2.0,0.55,24,5,4,-0.08174192093298915,-0.1219160956371381,-0.20848524133797358,0.12534974888029315
48,1.5,20,0.2,2.0,0.55,48,5,4,-0.08174192093298915,-0.1219160956371381,-0.20848524133797358,0.12534974888029315
48,1.5,20,0.2,2.0,0.55,96,5,4,-0.08174192093298915,-0.1219160956371381,-0.20848524133797358,0.12534974888029315
48,1.5,20,0.3,1.5,0.4,12,5,4,-0.06677023174430613,-0.1887433550535199,-0.4714386372698396,0.5818444203996549
48,1.5,20,0.3,1.5,0.4,24,5,4,-0.1922694022611502,-0.1887433550535199,-0.4714386372698396,0.07984773833227865
48,1.5,20,0.3,1.5,0.4,48,5,4,-0.1922694022611502,-0.1887433550535199,-0.4714386372698396,0.07984773833227865
48,1.5,20,0.3,1.5,0.4,96,5,4,-0.1922694022611502,-0.1887433550535199,-0.4714386372698396,0.07984773833227865
48,1.5,20,0.3,1.5,0.55,12,5,4,-0.06677023174430613,-0.1887433550535199,-0.4714386372698396,0.5818444203996549
48,1.5,20,0.3,1.5,0.55,24,5,4,-0.21273169017510501,-0.1887433550535199,-0.4714386372698396,-0.002001413323540646
48,1.5,20,0.3,1.5,0.55,48,5,4,-0.21273169017510501,-0.1887433550535199,-0.4714386372698396,-0.002001413323540646
48,1.5,20,0.3,1.5,0.55,96,5,4,-0.21273169017510501,-0.1887433550535199,-0.4714386372698396,-0.002001413323540646
48,1.5,20,0.3,2.0,0.4,12,5,4,-0.04799252318228098,-0.1887433550535199,-0.4714386372698396,0.6569552546477555
48,1.5,20,0.3,2.0,0.4,24,5,4,-0.18008393361026453,-0.1887433550535199,-0.4714386372698396,0.12858961293582122
48,1.5,20,0.3,2.0,0.4,48,5,4,-0.18008393361026453,-0.1887433550535199,-0.4714386372698396,0.12858961293582122
48,1.5,20,0.3,2.0,0.4,96,5,4,-0.18008393361026453,-0.1887433550535199,-0.4714386372698396,0.12858961293582122
48,1.5,20,0.3,2.0,0.55,12,5,4,-0.04799252318228098,-0.1887433550535199,-0.4714386372698396,0.6569552546477555
48,1.5,20,0.3,2.0,0.55,24,5,4,-0.20406103947982543,-0.1887433550535199,-0.4714386372698396,0.0326811894575777
48,1.5,20,0.3,2.0,0.55,48,5,4,-0.20406103947982543,-0.1887433550535199,-0.4714386372698396,0.0326811894575777
48,1.5,20,0.3,2.0,0.55,96,5,4,-0.20406103947982543,-0.1887433550535199,-0.4714386372698396,0.0326811894575777
48,2.0,1,0.2,1.5,0.4,12,5,4,0.03238174694685128,-0.1219160956371381,-0.20848524133797358,0.5818444203996549
48,2.0,1,0.2,1.5,0.4,24,5,4,-0.06995028371431392,-0.1219160956371381,-0.20848524133797358,0.1725162977549941
48,2.0,1,0.2,1.5,0.4,48,5,4,-0.06995028371431392,-0.1219160956371381,-0.20848524133797358,0.1725162977549941
48,2.0,1,0.2,1.5,0.4,96,5,4,-0.06995028371431392,-0.1219160956371381,-0.20848524133797358,0.1725162977549941
48,2.0,1,0.2,1.5,0.55,12,5,4,0.03238174694685128,-0.1219160956371381,-0.20848524133797358,0.5818444203996549
48,2.0,1,0.2,1.5,0.55,24,5,4,-0.09041257162826874,-0.1219160956371381,-0.20848524133797358,0.09066714609917481
48,2.0,1,0.2,1.5,0.55,48,5,4,-0.09041257162826874,-0.1219160956371381,-0.20848524133797358,0.09066714609917481
48,2.0,1,0.2,1.5,0.55,96,5,4,-0.09041257162826874,-0.1219160956371381,-0.20848524133797358,0.09066714609917481
48,2.0,1,0.2,2.0,0.4,12,5,4,0.051159455508876434,-0.1219160956371381,-0.20848524133797358,0.6569552546477555
48,2.0,1,0.2,2.0,0.4,24,5,4,-0.057764815063428274,-0.1219160956371381,-0.20848524133797358,0.22125817235853668
48,2.0,1,0.2,2.0,0.4,48,5,4,-0.057764815063428274,-0.1219160956371381,-0.20848524133797358,0.22125817235853668
48,2.0,1,0.2,2.0,0.4,96,5,4,-0.057764815063428274,-0.1219160956371381,-0.20848524133797358,0.22125817235853668
48,2.0,1,0.2,2.0,0.55,12,5,4,0.051159455508876434,-0.1219160956371381,-0.20848524133797358,0.6569552546477555
48,2.0,1,0.2,2.0,0.55,24,5,4,-0.08174192093298915,-0.1219160956371381,-0.20848524133797358,0.12534974888029315
48,2.0,1,0.2,2.0,0.55,48,5,4,-0.08174192093298915,-0.1219160956371381,-0.20848524133797358,0.12534974888029315
48,2.0,1,0.2,2.0,0.55,96,5,4,-0.08174192093298915,-0.1219160956371381,-0.20848524133797358,0.12534974888029315
48,2.0,1,0.3,1.5,0.4,12,5,4,-0.06677023174430613,-0.1887433550535199,-0.4714386372698396,0.5818444203996549
48,2.0,1,0.3,1.5,0.4,24,5,4,-0.1922694022611502,-0.1887433550535199,-0.4714386372698396,0.07984773833227865
48,2.0,1,0.3,1.5,0.4,48,5,4,-0.1922694022611502,-0.1887433550535199,-0.4714386372698396,0.07984773833227865
48,2.0,1,0.3,1.5,0.4,96,5,4,-0.1922694022611502,-0.1887433550535199,-0.4714386372698396,0.07984773833227865
48,2.0,1,0.3,1.5,0.55,12,5,4,-0.06677023174430613,-0.1887433550535199,-0.4714386372698396,0.5818444203996549
48,2.0,1,0.3,1.5,0.55,24,5,4,-0.21273169017510501,-0.1887433550535199,-0.4714386372698396,-0.002001413323540646
48,2.0,1,0.3,1.5,0.55,48,5,4,-0.21273169017510501,-0.1887433550535199,-0.4714386372698396,-0.002001413323540646
48,2.0,1,0.3,1.5,0.55,96,5,4,-0.21273169017510501,-0.1887433550535199,-0.4714386372698396,-0.002001413323540646
48,2.0,1,0.3,2.0,0.4,12,5,4,-0.04799252318228098,-0.1887433550535199,-0.4714386372698396,0.6569552546477555
48,2.0,1,0.3,2.0,0.4,24,5,4,-0.18008393361026453,-0.1887433550535199,-0.4714386372698396,0.12858961293582122
48,2.0,1,0.3,2.0,0.4,48,5,4,-0.18008393361026453,-0.1887433550535199,-0.4714386372698396,0.12858961293582122
48,2.0,1,0.3,2.0,0.4,96,5,4,-0.18008393361026453,-0.1887433550535199,-0.4714386372698396,0.12858961293582122
48,2.0,1,0.3,2.0,0.55,12,5,4,-0.04799252318228098,-0.1887433550535199,-0.4714386372698396,0.6569552546477555
48,2.0,1,0.3,2.0,0.55,24,5,4,-0.20406103947982543,-0.1887433550535199,-0.4714386372698396,0.0326811894575777
48,2.0,1,0.3,2.0,0.55,48,5,4,-0.20406103947982543,-0.1887433550535199,-0.4714386372698396,0.0326811894575777
48,2.0,1,0.3,2.0,0.55,96,5,4,-0.20406103947982543,-0.1887433550535199,-0.4714386372698396,0.0326811894575777
48,2.0,5,0.2,1.5,0.4,12,5,4,0.03238174694685128,-0.1219160956371381,-0.20848524133797358,0.5818444203996549
48,2.0,5,0.2,1.5,0.4,24,5,4,-0.06995028371431392,-0.1219160956371381,-0.20848524133797358,0.1725162977549941
48,2.0,5,0.2,1.5,0.4,48,5,4,-0.06995028371431392,-0.1219160956371381,-0.20848524133797358,0.1725162977549941
48,2.0,5,0.2,1.5,0.4,96,5,4,-0.06995028371431392,-0.1219160956371381,-0.20848524133797358,0.1725162977549941
48,2.0,5,0.2,1.5,0.55,12,5,4,0.03238174694685128,-0.1219160956371381,-0.20848524133797358,0.5818444203996549
48,2.0,5,0.2,1.5,0.55,24,5,4,-0.09041257162826874,-0.1219160956371381,-0.20848524133797358,0.09066714609917481
48,2.0,5,0.2,1.5,0.55,48,5,4,-0.09041257162826874,-0.1219160956371381,-0.20848524133797358,0.09066714609917481
48,2.0,5,0.2,1.5,0.55,96,5,4,-0.09041257162826874,-0.1219160956371381,-0.20848524133797358,0.09066714609917481
48,2.0,5,0.2,2.0,0.4,12,5,4,0.051159455508876434,-0.1219160956371381,-0.20848524133797358,0.6569552546477555
48,2.0,5,0.2,2.0,0.4,24,5,4,-0.057764815063428274,-0.1219160956371381,-0.20848524133797358,0.22125817235853668
48,2.0,5,0.2,2.0,0.4,48,5,4,-0.057764815063428274,-0.1219160956371381,-0.20848524133797358,0.22125817235853668
48,2.0,5,0.2,2.0,0.4,96,5,4,-0.057764815063428274,-0.1219160956371381,-0.20848524133797358,0.22125817235853668
48,2.0,5,0.2,2.0,0.55,12,5,4,0.051159455508876434,-0.1219160956371381,-0.20848524133797358,0.6569552546477555
48,2.0,5,0.2,2.0,0.55,24,5,4,-0.08174192093298915,-0.1219160956371381,-0.20848524133797358,0.12534974888029315
48,2.0,5,0.2,2.0,0.55,48,5,4,-0.08174192093298915,-0.1219160956371381,-0.20848524133797358,0.12534974888029315
48,2.0,5,0.2,2.0,0.55,96,5,4,-0.08174192093298915,-0.1219160956371381,-0.20848524133797358,0.12534974888029315
48,2.0,5,0.3,1.5,0.4,12,5,4,-0.06677023174430613,-0.1887433550535199,-0.4714386372698396,0.5818444203996549
48,2.0,5,0.3,1.5,0.4,24,5,4,-0.1922694022611502,-0.1887433550535199,-0.4714386372698396,0.07984773833227865
48,2.0,5,0.3,1.5,0.4,48,5,4,-0.1922694022611502,-0.1887433550535199,-0.4714386372698396,0.07984773833227865
48,2.0,5,0.3,1.5,0.4,96,5,4,-0.1922694022611502,-0.1887433550535199,-0.4714386372698396,0.07984773833227865
48,2.0,5,0.3,1.5,0.55,12,5,4,-0.06677023174430613,-0.1887433550535199,-0.4714386372698396,0.5818444203996549
48,2.0,5,0.3,1.5,0.55,24,5,4,-0.21273169017510501,-0.1887433550535199,-0.4714386372698396,-0.002001413323540646
48,2.0,5,0.3,1.5,0.55,48,5,4,-0.21273169017510501,-0.1887433550535199,-0.4714386372698396,-0.002001413323540646
48,2.0,5,0.3,1.5,0.55,96,5,4,-0.21273169017510501,-0.1887433550535199,-0.4714386372698396,-0.002001413323540646
48,2.0,5,0.3,2.0,0.4,12,5,4,-0.04799252318228098,-0.1887433550535199,-0.4714386372698396,0.6569552546477555
48,2.0,5,0.3,2.0,0.4,24,5,4,-0.18008393361026453,-0.1887433550535199,-0.4714386372698396,0.12858961293582122
48,2.0,5,0.3,2.0,0.4,48,5,4,-0.18008393361026453,-0.1887433550535199,-0.4714386372698396,0.12858961293582122
48,2.0,5,0.3,2.0,0.4,96,5,4,-0.18008393361026453,-0.1887433550535199,-0.4714386372698396,0.12858961293582122
48,2.0,5,0.3,2.0,0.55,12,5,4,-0.04799252318228098,-0.1887433550535199,-0.4714386372698396,0.6569552546477555
48,2.0,5,0.3,2.0,0.55,24,5,4,-0.20406103947982543,-0.1887433550535199,-0.4714386372698396,0.0326811894575777
48,2.0,5,0.3,2.0,0.55,48,5,4,-0.20406103947982543,-0.1887433550535199,-0.4714386372698396,0.0326811894575777
48,2.0,5,0.3,2.0,0.55,96,5,4,-0.20406103947982543,-0.1887433550535199,-0.4714386372698396,0.0326811894575777
48,2.0,20,0.2,1.5,0.4,12,5,4,0.03238174694685128,-0.1219160956371381,-0.20848524133797358,0.5818444203996549
48,2.0,20,0.2,1.5,0.4,24,5,4,-0.06995028371431392,-0.1219160956371381,-0.20848524133797358,0.1725162977549941
48,2.0,20,0.2,1.5,0.4,48,5,4,-0.06995028371431392,-0.1219160956371381,-0.20848524133797358,0.1725162977549941
48,2.0,20,0.2,1.5,0.4,96,5,4,-0.06995028371431392,-0.1219160956371381,-0.20848524133797358,0.1725162977549941
48,2.0,20,0.2,1.5,0.55,12,5,4,0.03238174694685128,-0.1219160956371381,-0.20848524133797358,0.5818444203996549
48,2.0,20,0.2,1.5,0.55,24,5,4,-0.09041257162826874,-0.1219160956371381,-0.20848524133797358,0.09066714609917481
48,2.0,20,0.2,1.5,0.55,48,5,4,-0.09041257162826874,-0.1219160956371381,-0.20848524133797358,0.09066714609917481
48,2.0,20,0.2,1.5,0.55,96,5,4,-0.09041257162826874,-0.1219160956371381,-0.20848524133797358,0.09066714609917481
48,2.0,20,0.2,2.0,0.4,12,5,4,0.051159455508876434,-0.1219160956371381,-0.20848524133797358,0.6569552546477555
48,2.0,20,0.2,2.0,0.4,24,5,4,-0.057764815063428274,-0.1219160956371381,-0.20848524133797358,0.22125817235853668
48,2.0,20,0.2,2.0,0.4,48,5,4,-0.057764815063428274,-0.1219160956371381,-0.20848524133797358,0.22125817235853668
48,2.0,20,0.2,2.0,0.4,96,5,4,-0.057764815063428274,-0.1219160956371381,-0.20848524133797358,0.22125817235853668
48,2.0,20,0.2,2.0,0.55,12,5,4,0.051159455508876434,-0.1219160956371381,-0.20848524133797358,0.6569552546477555
48,2.0,20,0.2,2.0,0.55,24,5,4,-0.08174192093298915,-0.1219160956371381,-0.20848524133797358,0.12534974888029315
48,2.0,20,0.2,2.0,0.55,48,5,4,-0.08174192093298915,-0.1219160956371381,-0.20848524133797358,0.12534974888029315
48,2.0,20,0.2,2.0,0.55,96,5,4,-0.08174192093298915,-0.1219160956371381,-0.20848524133797358,0.12534974888029315
48,2.0,20,0.3,1.5,0.4,12,5,4,-0.06677023174430613,-0.1887433550535199,-0.4714386372698396,0.5818444203996549
48,2.0,20,0.3,1.5,0.4,24,5,4,-0.1922694022611502,-0.1887433550535199,-0.4714386372698396,0.07984773833227865
48,2.0,20,0.3,1.5,0.4,48,5,4,-0.1922694022611502,-0.1887433550535199,-0.4714386372698396,0.07984773833227865
48,2.0,20,0.3,1.5,0.4,96,5,4,-0.1922694022611502,-0.1887433550535199,-0.4714386372698396,0.07984773833227865
48,2.0,20,0.3,1.5,0.55,12,5,4,-0.06677023174430613,-0.1887433550535199,-0.4714386372698396,0.5818444203996549
48,2.0,20,0.3,1.5,0.55,24,5,4,-0.21273169017510501,-0.1887433550535199,-0.4714386372698396,-0.002001413323540646
48,2.0,20,0.3,1.5,0.55,48,5,4,-0.21273169017510501,-0.1887433550535199,-0.4714386372698396,-0.002001413323540646
48,2.0,20,0.3,1.5,0.55,96,5,4,-0.21273169017510501,-0.1887433550535199,-0.4714386372698396,-0.002001413323540646
48,2.0,20,0.3,2.0,0.4,12,5,4,-0.04799252318228098,-0.1887433550535199,-0.4714386372698396,0.6569552546477555
48,2.0,20,0.3,2.0,0.4,24,5,4,-0.18008393361026453,-0.1887433550535199,-0.4714386372698396,0.12858961293582122
48,2.0,20,0.3,2.0,0.4,48,5,4,-0.18008393361026453,-0.1887433550535199,-0.4714386372698396,0.12858961293582122
48,2.0,20,0.3,2.0,0.4,96,5,4,-0.18008393361026453,-0.1887433550535199,-0.4714386372698396,0.12858961293582122
48,2.0,20,0.3,2.0,0.55,12,5,4,-0.04799252318228098,-0.1887433550535199,-0.4714386372698396,0.6569552546477555
48,2.0,20,0.3,2.0,0.55,24,5,4,-0.20406103947982543,-0.1887433550535199,-0.4714386372698396,0.0326811894575777
48,2.0,20,0.3,2.0,0.55,48,5,4,-0.20406103947982543,-0.1887433550535199,-0.4714386372698396,0.0326811894575777
48,2.0,20,0.3,2.0,0.55,96,5,4,-0.20406103947982543,-0.1887433550535199,-0.4714386372698396,0.0326811894575777
