decision_hours,min_multiple,min_volume_6h,stop,recovery,trail,max_hold_hours,selections,active_days,mean_day_return_pct,median_day_return_pct,worst_day_return_pct,best_day_return_pct
12,1.0,1,0.2,1.5,0.4,12,11,4,-19.816279279302503,-21.308283609350006,-28.069093786058183,-8.579456112451815
12,1.0,1,0.2,1.5,0.4,24,11,4,189.94352549904082,-17.560687003340718,-28.069093786058183,822.9645697889028
12,1.0,1,0.2,1.5,0.4,48,11,4,189.94352549904082,-17.560687003340718,-28.069093786058183,822.9645697889028
12,1.0,1,0.2,1.5,0.4,96,11,4,189.94352549904082,-17.560687003340718,-28.069093786058183,822.9645697889028
12,1.0,1,0.2,1.5,0.55,12,11,4,-19.64329469179485,-21.308283609350006,-28.069093786058183,-7.8875177624212
12,1.0,1,0.2,1.5,0.55,24,11,4,338.04772321916363,-18.95775663984748,-28.069093786058183,1418.1754999424077
12,1.0,1,0.2,1.5,0.55,48,11,4,175.3216075575909,-19.186560688650946,-28.069093786058183,767.7286453937237
12,1.0,1,0.2,1.5,0.55,96,11,4,175.3216075575909,-19.186560688650946,-28.069093786058183,767.7286453937237
12,1.0,1,0.2,2.0,0.4,12,11,4,-21.877169498672238,-21.68246744208019,-28.069093786058183,-16.074649324470396
12,1.0,1,0.2,2.0,0.4,24,11,4,185.471148750772,-26.505440499878326,-28.069093786058183,822.9645697889028
12,1.0,1,0.2,2.0,0.4,48,11,4,178.89854995402268,-27.3055058401439,-52.7593582925243,822.9645697889028
12,1.0,1,0.2,2.0,0.4,96,11,4,178.89854995402268,-27.3055058401439,-52.7593582925243,822.9645697889028
12,1.0,1,0.2,2.0,0.55,12,11,4,-21.877169498672238,-21.68246744208019,-28.069093786058183,-16.074649324470396
12,1.0,1,0.2,2.0,0.55,24,11,4,334.2738812891482,-26.505440499878326,-28.069093786058183,1418.1754999424077
12,1.0,1,0.2,2.0,0.55,48,11,4,165.0895688552279,-27.3055058401439,-52.7593582925243,767.7286453937237
12,1.0,1,0.2,2.0,0.55,96,11,4,165.0895688552279,-27.3055058401439,-52.7593582925243,767.7286453937237
12,1.0,1,0.3,1.5,0.4,12,11,4,-25.610302779390754,-25.618628420058574,-41.153460167317185,-10.05049411012868
12,1.0,1,0.3,1.5,0.4,24,11,4,183.09925257905945,-21.235968480113126,-45.35445784688959,820.2234051233537
12,1.0,1,0.3,1.5,0.4,48,11,4,183.09925257905945,-21.235968480113126,-45.35445784688959,820.2234051233537
12,1.0,1,0.3,1.5,0.4,96,11,4,183.09925257905945,-21.235968480113126,-45.35445784688959,820.2234051233537
12,1.0,1,0.3,1.5,0.55,12,11,4,-25.4373181918831,-25.618628420058574,-41.153460167317185,-9.358555760098064
12,1.0,1,0.3,1.5,0.55,24,11,4,331.2034502991823,-22.633038116619893,-45.35445784688959,1415.4343352768585
12,1.0,1,0.3,1.5,0.55,48,11,4,168.47733463760957,-22.861842165423354,-45.35445784688959,764.9874807281745
12,1.0,1,0.3,1.5,0.55,96,11,4,168.47733463760957,-22.861842165423354,-45.35445784688959,764.9874807281745
12,1.0,1,0.3,2.0,0.4,12,11,4,-27.67119299876049,-25.618628420058574,-41.153460167317185,-18.29405498760762
12,1.0,1,0.3,2.0,0.4,24,11,4,178.62687583079065,-30.180721976650737,-45.35445784688959,820.2234051233537
12,1.0,1,0.3,2.0,0.4,48,11,4,172.05427703404135,-38.887950348493575,-54.230396290201156,820.2234051233537
12,1.0,1,0.3,2.0,0.4,96,11,4,172.05427703404135,-38.887950348493575,-54.230396290201156,820.2234051233537
12,1.0,1,0.3,2.0,0.55,12,11,4,-27.67119299876049,-25.618628420058574,-41.153460167317185,-18.29405498760762
12,1.0,1,0.3,2.0,0.55,24,11,4,327.4296083691669,-30.180721976650737,-45.35445784688959,1415.4343352768585
12,1.0,1,0.3,2.0,0.55,48,11,4,158.24529593524656,-38.887950348493575,-54.230396290201156,764.9874807281745
12,1.0,1,0.3,2.0,0.55,96,11,4,158.24529593524656,-38.887950348493575,-54.230396290201156,764.9874807281745
12,1.0,5,0.2,1.5,0.4,12,11,4,-19.816279279302503,-21.308283609350006,-28.069093786058183,-8.579456112451815
12,1.0,5,0.2,1.5,0.4,24,11,4,189.94352549904082,-17.560687003340718,-28.069093786058183,822.9645697889028
12,1.0,5,0.2,1.5,0.4,48,11,4,189.94352549904082,-17.560687003340718,-28.069093786058183,822.9645697889028
12,1.0,5,0.2,1.5,0.4,96,11,4,189.94352549904082,-17.560687003340718,-28.069093786058183,822.9645697889028
12,1.0,5,0.2,1.5,0.55,12,11,4,-19.64329469179485,-21.308283609350006,-28.069093786058183,-7.8875177624212
12,1.0,5,0.2,1.5,0.55,24,11,4,338.04772321916363,-18.95775663984748,-28.069093786058183,1418.1754999424077
12,1.0,5,0.2,1.5,0.55,48,11,4,175.3216075575909,-19.186560688650946,-28.069093786058183,767.7286453937237
12,1.0,5,0.2,1.5,0.55,96,11,4,175.3216075575909,-19.186560688650946,-28.069093786058183,767.7286453937237
12,1.0,5,0.2,2.0,0.4,12,11,4,-21.877169498672238,-21.68246744208019,-28.069093786058183,-16.074649324470396
12,1.0,5,0.2,2.0,0.4,24,11,4,185.471148750772,-26.505440499878326,-28.069093786058183,822.9645697889028
12,1.0,5,0.2,2.0,0.4,48,11,4,178.89854995402268,-27.3055058401439,-52.7593582925243,822.9645697889028
12,1.0,5,0.2,2.0,0.4,96,11,4,178.89854995402268,-27.3055058401439,-52.7593582925243,822.9645697889028
12,1.0,5,0.2,2.0,0.55,12,11,4,-21.877169498672238,-21.68246744208019,-28.069093786058183,-16.074649324470396
12,1.0,5,0.2,2.0,0.55,24,11,4,334.2738812891482,-26.505440499878326,-28.069093786058183,1418.1754999424077
12,1.0,5,0.2,2.0,0.55,48,11,4,165.0895688552279,-27.3055058401439,-52.7593582925243,767.7286453937237
12,1.0,5,0.2,2.0,0.55,96,11,4,165.0895688552279,-27.3055058401439,-52.7593582925243,767.7286453937237
12,1.0,5,0.3,1.5,0.4,12,11,4,-25.610302779390754,-25.618628420058574,-41.153460167317185,-10.05049411012868
12,1.0,5,0.3,1.5,0.4,24,11,4,183.09925257905945,-21.235968480113126,-45.35445784688959,820.2234051233537
12,1.0,5,0.3,1.5,0.4,48,11,4,183.09925257905945,-21.235968480113126,-45.35445784688959,820.2234051233537
12,1.0,5,0.3,1.5,0.4,96,11,4,183.09925257905945,-21.235968480113126,-45.35445784688959,820.2234051233537
12,1.0,5,0.3,1.5,0.55,12,11,4,-25.4373181918831,-25.618628420058574,-41.153460167317185,-9.358555760098064
12,1.0,5,0.3,1.5,0.55,24,11,4,331.2034502991823,-22.633038116619893,-45.35445784688959,1415.4343352768585
12,1.0,5,0.3,1.5,0.55,48,11,4,168.47733463760957,-22.861842165423354,-45.35445784688959,764.9874807281745
12,1.0,5,0.3,1.5,0.55,96,11,4,168.47733463760957,-22.861842165423354,-45.35445784688959,764.9874807281745
12,1.0,5,0.3,2.0,0.4,12,11,4,-27.67119299876049,-25.618628420058574,-41.153460167317185,-18.29405498760762
12,1.0,5,0.3,2.0,0.4,24,11,4,178.62687583079065,-30.180721976650737,-45.35445784688959,820.2234051233537
12,1.0,5,0.3,2.0,0.4,48,11,4,172.05427703404135,-38.887950348493575,-54.230396290201156,820.2234051233537
12,1.0,5,0.3,2.0,0.4,96,11,4,172.05427703404135,-38.887950348493575,-54.230396290201156,820.2234051233537
12,1.0,5,0.3,2.0,0.55,12,11,4,-27.67119299876049,-25.618628420058574,-41.153460167317185,-18.29405498760762
12,1.0,5,0.3,2.0,0.55,24,11,4,327.4296083691669,-30.180721976650737,-45.35445784688959,1415.4343352768585
12,1.0,5,0.3,2.0,0.55,48,11,4,158.24529593524656,-38.887950348493575,-54.230396290201156,764.9874807281745
12,1.0,5,0.3,2.0,0.55,96,11,4,158.24529593524656,-38.887950348493575,-54.230396290201156,764.9874807281745
12,1.0,20,0.2,1.5,0.4,12,8,4,-30.427022511477983,-30.305853963685898,-34.55446422431052,-26.541917894229616
12,1.0,20,0.2,1.5,0.4,24,8,4,-30.427022511477983,-30.305853963685898,-34.55446422431052,-26.541917894229616
12,1.0,20,0.2,1.5,0.4,48,8,4,-30.427022511477983,-30.305853963685898,-34.55446422431052,-26.541917894229616
12,1.0,20,0.2,1.5,0.4,96,8,4,-30.427022511477983,-30.305853963685898,-34.55446422431052,-26.541917894229616
12,1.0,20,0.2,1.5,0.55,12,8,4,-30.427022511477983,-30.305853963685898,-34.55446422431052,-26.541917894229616
12,1.0,20,0.2,1.5,0.55,24,8,4,-30.427022511477983,-30.305853963685898,-34.55446422431052,-26.541917894229616
12,1.0,20,0.2,1.5,0.55,48,8,4,-30.427022511477983,-30.305853963685898,-34.55446422431052,-26.541917894229616
12,1.0,20,0.2,1.5,0.55,96,8,4,-30.427022511477983,-30.305853963685898,-34.55446422431052,-26.541917894229616
12,1.0,20,0.2,2.0,0.4,12,8,4,-30.427022511477983,-30.305853963685898,-34.55446422431052,-26.541917894229616
12,1.0,20,0.2,2.0,0.4,24,8,4,-30.427022511477983,-30.305853963685898,-34.55446422431052,-26.541917894229616
12,1.0,20,0.2,2.0,0.4,48,8,4,-30.427022511477983,-30.305853963685898,-34.55446422431052,-26.541917894229616
12,1.0,20,0.2,2.0,0.4,96,8,4,-30.427022511477983,-30.305853963685898,-34.55446422431052,-26.541917894229616
12,1.0,20,0.2,2.0,0.55,12,8,4,-30.427022511477983,-30.305853963685898,-34.55446422431052,-26.541917894229616
12,1.0,20,0.2,2.0,0.55,24,8,4,-30.427022511477983,-30.305853963685898,-34.55446422431052,-26.541917894229616
12,1.0,20,0.2,2.0,0.55,48,8,4,-30.427022511477983,-30.305853963685898,-34.55446422431052,-26.541917894229616
12,1.0,20,0.2,2.0,0.55,96,8,4,-30.427022511477983,-30.305853963685898,-34.55446422431052,-26.541917894229616
12,1.0,20,0.3,1.5,0.4,12,8,4,-35.71963459488855,-34.651817681069716,-41.153460167317185,-32.42144285009757
12,1.0,20,0.3,1.5,0.4,24,8,4,-36.769884014781645,-34.651817681069716,-45.35445784688959,-32.42144285009757
12,1.0,20,0.3,1.5,0.4,48,8,4,-36.769884014781645,-34.651817681069716,-45.35445784688959,-32.42144285009757
12,1.0,20,0.3,1.5,0.4,96,8,4,-36.769884014781645,-34.651817681069716,-45.35445784688959,-32.42144285009757
12,1.0,20,0.3,1.5,0.55,12,8,4,-35.71963459488855,-34.651817681069716,-41.153460167317185,-32.42144285009757
12,1.0,20,0.3,1.5,0.55,24,8,4,-36.769884014781645,-34.651817681069716,-45.35445784688959,-32.42144285009757
12,1.0,20,0.3,1.5,0.55,48,8,4,-36.769884014781645,-34.651817681069716,-45.35445784688959,-32.42144285009757
12,1.0,20,0.3,1.5,0.55,96,8,4,-36.769884014781645,-34.651817681069716,-45.35445784688959,-32.42144285009757
12,1.0,20,0.3,2.0,0.4,12,8,4,-35.71963459488855,-34.651817681069716,-41.153460167317185,-32.42144285009757
12,1.0,20,0.3,2.0,0.4,24,8,4,-36.769884014781645,-34.651817681069716,-45.35445784688959,-32.42144285009757
12,1.0,20,0.3,2.0,0.4,48,8,4,-36.769884014781645,-34.651817681069716,-45.35445784688959,-32.42144285009757
12,1.0,20,0.3,2.0,0.4,96,8,4,-36.769884014781645,-34.651817681069716,-45.35445784688959,-32.42144285009757
12,1.0,20,0.3,2.0,0.55,12,8,4,-35.71963459488855,-34.651817681069716,-41.153460167317185,-32.42144285009757
12,1.0,20,0.3,2.0,0.55,24,8,4,-36.769884014781645,-34.651817681069716,-45.35445784688959,-32.42144285009757
12,1.0,20,0.3,2.0,0.55,48,8,4,-36.769884014781645,-34.651817681069716,-45.35445784688959,-32.42144285009757
12,1.0,20,0.3,2.0,0.55,96,8,4,-36.769884014781645,-34.651817681069716,-45.35445784688959,-32.42144285009757
12,1.25,1,0.2,1.5,0.4,12,9,4,-11.513070360829195,-17.560687003340718,-28.069093786058183,17.138186349422835
12,1.25,1,0.2,1.5,0.4,24,9,4,617.7663439742008,-17.560687003340718,-28.069093786058183,2534.255843689543
12,1.25,1,0.2,1.5,0.4,48,9,4,617.7663439742008,-17.560687003340718,-28.069093786058183,2534.255843689543
12,1.25,1,0.2,1.5,0.4,96,9,4,617.7663439742008,-17.560687003340718,-28.069093786058183,2534.255843689543
12,1.25,1,0.2,1.5,0.55,12,9,4,-11.34008577332154,-17.21471782832541,-28.069093786058183,17.138186349422835
12,1.25,1,0.2,1.5,0.55,24,9,4,1063.476006771076,-18.95775663984748,-28.069093786058183,4319.888634150057
12,1.25,1,0.2,1.5,0.55,48,9,4,575.5264638351613,-19.186560688650946,-28.069093786058183,2368.5480705040054
12,1.25,1,0.2,1.5,0.55,96,9,4,575.5264638351613,-19.186560688650946,-28.069093786058183,2368.5480705040054
12,1.25,1,0.2,2.0,0.4,12,9,4,-13.57396058019893,-21.68246744208019,-28.069093786058183,17.138186349422835
12,1.25,1,0.2,2.0,0.4,24,9,4,613.293967225932,-26.505440499878326,-28.069093786058183,2534.255843689543
12,1.25,1,0.2,2.0,0.4,48,9,4,606.7213684291827,-27.3055058401439,-52.7593582925243,2534.255843689543
12,1.25,1,0.2,2.0,0.4,96,9,4,606.7213684291827,-27.3055058401439,-52.7593582925243,2534.255843689543
12,1.25,1,0.2,2.0,0.55,12,9,4,-13.57396058019893,-21.68246744208019,-28.069093786058183,17.138186349422835
12,1.25,1,0.2,2.0,0.55,24,9,4,1059.7021648410607,-26.505440499878326,-28.069093786058183,4319.888634150057
12,1.25,1,0.2,2.0,0.55,48,9,4,565.2944251327983,-27.3055058401439,-52.7593582925243,2368.5480705040054
12,1.25,1,0.2,2.0,0.55,96,9,4,565.2944251327983,-27.3055058401439,-52.7593582925243,2368.5480705040054
12,1.25,1,0.3,1.5,0.4,12,9,4,-16.62180269453015,-21.235968480113126,-41.153460167317185,17.138186349422835
12,1.25,1,0.3,1.5,0.4,24,9,4,611.6073622206068,-21.235968480113126,-45.35445784688959,2534.255843689543
12,1.25,1,0.3,1.5,0.4,48,9,4,611.6073622206068,-21.235968480113126,-45.35445784688959,2534.255843689543
12,1.25,1,0.3,1.5,0.4,96,9,4,611.6073622206068,-21.235968480113126,-45.35445784688959,2534.255843689543
12,1.25,1,0.3,1.5,0.55,12,9,4,-16.448818107022497,-20.889999305097817,-41.153460167317185,17.138186349422835
12,1.25,1,0.3,1.5,0.55,24,9,4,1057.317025017482,-22.633038116619893,-45.35445784688959,4319.888634150057
12,1.25,1,0.3,1.5,0.55,48,9,4,569.3674820815672,-22.861842165423354,-45.35445784688959,2368.5480705040054
12,1.25,1,0.3,1.5,0.55,96,9,4,569.3674820815672,-22.861842165423354,-45.35445784688959,2368.5480705040054
12,1.25,1,0.3,2.0,0.4,12,9,4,-18.682692913899885,-25.357748918852593,-41.153460167317185,17.138186349422835
12,1.25,1,0.3,2.0,0.4,24,9,4,607.1349854723379,-30.180721976650737,-45.35445784688959,2534.255843689543
12,1.25,1,0.3,2.0,0.4,48,9,4,600.5623866755886,-38.887950348493575,-54.230396290201156,2534.255843689543
12,1.25,1,0.3,2.0,0.4,96,9,4,600.5623866755886,-38.887950348493575,-54.230396290201156,2534.255843689543
12,1.25,1,0.3,2.0,0.55,12,9,4,-18.682692913899885,-25.357748918852593,-41.153460167317185,17.138186349422835
12,1.25,1,0.3,2.0,0.55,24,9,4,1053.5431830874666,-30.180721976650737,-45.35445784688959,4319.888634150057
12,1.25,1,0.3,2.0,0.55,48,9,4,559.1354433792043,-38.887950348493575,-54.230396290201156,2368.5480705040054
12,1.25,1,0.3,2.0,0.55,96,9,4,559.1354433792043,-38.887950348493575,-54.230396290201156,2368.5480705040054
12,1.25,5,0.2,1.5,0.4,12,9,4,-11.513070360829195,-17.560687003340718,-28.069093786058183,17.138186349422835
12,1.25,5,0.2,1.5,0.4,24,9,4,617.7663439742008,-17.560687003340718,-28.069093786058183,2534.255843689543
12,1.25,5,0.2,1.5,0.4,48,9,4,617.7663439742008,-17.560687003340718,-28.069093786058183,2534.255843689543
12,1.25,5,0.2,1.5,0.4,96,9,4,617.7663439742008,-17.560687003340718,-28.069093786058183,2534.255843689543
12,1.25,5,0.2,1.5,0.55,12,9,4,-11.34008577332154,-17.21471782832541,-28.069093786058183,17.138186349422835
12,1.25,5,0.2,1.5,0.55,24,9,4,1063.476006771076,-18.95775663984748,-28.069093786058183,4319.888634150057
12,1.25,5,0.2,1.5,0.55,48,9,4,575.5264638351613,-19.186560688650946,-28.069093786058183,2368.5480705040054
12,1.25,5,0.2,1.5,0.55,96,9,4,575.5264638351613,-19.186560688650946,-28.069093786058183,2368.5480705040054
12,1.25,5,0.2,2.0,0.4,12,9,4,-13.57396058019893,-21.68246744208019,-28.069093786058183,17.138186349422835
12,1.25,5,0.2,2.0,0.4,24,9,4,613.293967225932,-26.505440499878326,-28.069093786058183,2534.255843689543
12,1.25,5,0.2,2.0,0.4,48,9,4,606.7213684291827,-27.3055058401439,-52.7593582925243,2534.255843689543
12,1.25,5,0.2,2.0,0.4,96,9,4,606.7213684291827,-27.3055058401439,-52.7593582925243,2534.255843689543
12,1.25,5,0.2,2.0,0.55,12,9,4,-13.57396058019893,-21.68246744208019,-28.069093786058183,17.138186349422835
12,1.25,5,0.2,2.0,0.55,24,9,4,1059.7021648410607,-26.505440499878326,-28.069093786058183,4319.888634150057
12,1.25,5,0.2,2.0,0.55,48,9,4,565.2944251327983,-27.3055058401439,-52.7593582925243,2368.5480705040054
12,1.25,5,0.2,2.0,0.55,96,9,4,565.2944251327983,-27.3055058401439,-52.7593582925243,2368.5480705040054
12,1.25,5,0.3,1.5,0.4,12,9,4,-16.62180269453015,-21.235968480113126,-41.153460167317185,17.138186349422835
12,1.25,5,0.3,1.5,0.4,24,9,4,611.6073622206068,-21.235968480113126,-45.35445784688959,2534.255843689543
12,1.25,5,0.3,1.5,0.4,48,9,4,611.6073622206068,-21.235968480113126,-45.35445784688959,2534.255843689543
12,1.25,5,0.3,1.5,0.4,96,9,4,611.6073622206068,-21.235968480113126,-45.35445784688959,2534.255843689543
12,1.25,5,0.3,1.5,0.55,12,9,4,-16.448818107022497,-20.889999305097817,-41.153460167317185,17.138186349422835
12,1.25,5,0.3,1.5,0.55,24,9,4,1057.317025017482,-22.633038116619893,-45.35445784688959,4319.888634150057
12,1.25,5,0.3,1.5,0.55,48,9,4,569.3674820815672,-22.861842165423354,-45.35445784688959,2368.5480705040054
12,1.25,5,0.3,1.5,0.55,96,9,4,569.3674820815672,-22.861842165423354,-45.35445784688959,2368.5480705040054
12,1.25,5,0.3,2.0,0.4,12,9,4,-18.682692913899885,-25.357748918852593,-41.153460167317185,17.138186349422835
12,1.25,5,0.3,2.0,0.4,24,9,4,607.1349854723379,-30.180721976650737,-45.35445784688959,2534.255843689543
12,1.25,5,0.3,2.0,0.4,48,9,4,600.5623866755886,-38.887950348493575,-54.230396290201156,2534.255843689543
12,1.25,5,0.3,2.0,0.4,96,9,4,600.5623866755886,-38.887950348493575,-54.230396290201156,2534.255843689543
12,1.25,5,0.3,2.0,0.55,12,9,4,-18.682692913899885,-25.357748918852593,-41.153460167317185,17.138186349422835
12,1.25,5,0.3,2.0,0.55,24,9,4,1053.5431830874666,-30.180721976650737,-45.35445784688959,4319.888634150057
12,1.25,5,0.3,2.0,0.55,48,9,4,559.1354433792043,-38.887950348493575,-54.230396290201156,2368.5480705040054
12,1.25,5,0.3,2.0,0.55,96,9,4,559.1354433792043,-38.887950348493575,-54.230396290201156,2368.5480705040054
12,1.25,20,0.2,1.5,0.4,12,7,3,-21.788406455400352,-27.3055058401439,-32.542614141313614,0.0
12,1.25,20,0.2,1.5,0.4,24,7,3,-21.788406455400352,-27.3055058401439,-32.542614141313614,0.0
12,1.25,20,0.2,1.5,0.4,48,7,3,-21.788406455400352,-27.3055058401439,-32.542614141313614,0.0
12,1.25,20,0.2,1.5,0.4,96,7,3,-21.788406455400352,-27.3055058401439,-32.542614141313614,0.0
12,1.25,20,0.2,1.5,0.55,12,7,3,-21.788406455400352,-27.3055058401439,-32.542614141313614,0.0
12,1.25,20,0.2,1.5,0.55,24,7,3,-21.788406455400352,-27.3055058401439,-32.542614141313614,0.0
12,1.25,20,0.2,1.5,0.55,48,7,3,-21.788406455400352,-27.3055058401439,-32.542614141313614,0.0
12,1.25,20,0.2,1.5,0.55,96,7,3,-21.788406455400352,-27.3055058401439,-32.542614141313614,0.0
12,1.25,20,0.2,2.0,0.4,12,7,3,-21.788406455400352,-27.3055058401439,-32.542614141313614,0.0
12,1.25,20,0.2,2.0,0.4,24,7,3,-21.788406455400352,-27.3055058401439,-32.542614141313614,0.0
12,1.25,20,0.2,2.0,0.4,48,7,3,-21.788406455400352,-27.3055058401439,-32.542614141313614,0.0
12,1.25,20,0.2,2.0,0.4,96,7,3,-21.788406455400352,-27.3055058401439,-32.542614141313614,0.0
12,1.25,20,0.2,2.0,0.55,12,7,3,-21.788406455400352,-27.3055058401439,-32.542614141313614,0.0
12,1.25,20,0.2,2.0,0.55,24,7,3,-21.788406455400352,-27.3055058401439,-32.542614141313614,0.0
12,1.25,20,0.2,2.0,0.55,48,7,3,-21.788406455400352,-27.3055058401439,-32.542614141313614,0.0
12,1.25,20,0.2,2.0,0.55,96,7,3,-21.788406455400352,-27.3055058401439,-32.542614141313614,0.0
12,1.25,20,0.3,1.5,0.4,12,7,3,-27.081018538810916,-33.58530699396324,-41.153460167317185,0.0
12,1.25,20,0.3,1.5,0.4,24,7,3,-28.131267958704015,-33.58530699396324,-45.35445784688959,0.0
12,1.25,20,0.3,1.5,0.4,48,7,3,-28.131267958704015,-33.58530699396324,-45.35445784688959,0.0
12,1.25,20,0.3,1.5,0.4,96,7,3,-28.131267958704015,-33.58530699396324,-45.35445784688959,0.0
12,1.25,20,0.3,1.5,0.55,12,7,3,-27.081018538810916,-33.58530699396324,-41.153460167317185,0.0
12,1.25,20,0.3,1.5,0.55,24,7,3,-28.131267958704015,-33.58530699396324,-45.35445784688959,0.0
12,1.25,20,0.3,1.5,0.55,48,7,3,-28.131267958704015,-33.58530699396324,-45.35445784688959,0.0
12,1.25,20,0.3,1.5,0.55,96,7,3,-28.131267958704015,-33.58530699396324,-45.35445784688959,0.0
12,1.25,20,0.3,2.0,0.4,12,7,3,-27.081018538810916,-33.58530699396324,-41.153460167317185,0.0
12,1.25,20,0.3,2.0,0.4,24,7,3,-28.131267958704015,-33.58530699396324,-45.35445784688959,0.0
12,1.25,20,0.3,2.0,0.4,48,7,3,-28.131267958704015,-33.58530699396324,-45.35445784688959,0.0
12,1.25,20,0.3,2.0,0.4,96,7,3,-28.131267958704015,-33.58530699396324,-45.35445784688959,0.0
12,1.25,20,0.3,2.0,0.55,12,7,3,-27.081018538810916,-33.58530699396324,-41.153460167317185,0.0
12,1.25,20,0.3,2.0,0.55,24,7,3,-28.131267958704015,-33.58530699396324,-45.35445784688959,0.0
12,1.25,20,0.3,2.0,0.55,48,7,3,-28.131267958704015,-33.58530699396324,-45.35445784688959,0.0
12,1.25,20,0.3,2.0,0.55,96,7,3,-28.131267958704015,-33.58530699396324,-45.35445784688959,0.0
12,1.5,1,0.2,1.5,0.4,12,7,3,-16.32103078333219,-17.560687003340718,-30.16274912664733,0.0
12,1.5,1,0.2,1.5,0.4,24,7,3,-16.32103078333219,-17.560687003340718,-30.16274912664733,0.0
12,1.5,1,0.2,1.5,0.4,48,7,3,-16.32103078333219,-17.560687003340718,-30.16274912664733,0.0
12,1.5,1,0.2,1.5,0.4,96,7,3,-16.32103078333219,-17.560687003340718,-30.16274912664733,0.0
12,1.5,1,0.2,1.5,0.55,12,7,3,-16.148046195824538,-17.21471782832541,-30.16274912664733,0.0
12,1.5,1,0.2,1.5,0.55,24,7,3,-17.019565601585576,-18.95775663984748,-30.16274912664733,0.0
12,1.5,1,0.2,1.5,0.55,48,7,3,-17.133967625987307,-19.186560688650946,-30.16274912664733,0.0
12,1.5,1,0.2,1.5,0.55,96,7,3,-17.133967625987307,-19.186560688650946,-30.16274912664733,0.0
12,1.5,1,0.2,2.0,0.4,12,7,3,-18.381921002701926,-21.68246744208019,-30.16274912664733,0.0
12,1.5,1,0.2,2.0,0.4,24,7,3,-20.793407531600998,-26.505440499878326,-30.16274912664733,0.0
12,1.5,1,0.2,2.0,0.4,48,7,3,-27.36600632835031,-28.352333510438473,-52.7593582925243,0.0
12,1.5,1,0.2,2.0,0.4,96,7,3,-27.36600632835031,-28.352333510438473,-52.7593582925243,0.0
12,1.5,1,0.2,2.0,0.55,12,7,3,-18.381921002701926,-21.68246744208019,-30.16274912664733,0.0
12,1.5,1,0.2,2.0,0.55,24,7,3,-20.793407531600998,-26.505440499878326,-30.16274912664733,0.0
12,1.5,1,0.2,2.0,0.55,48,7,3,-27.36600632835031,-28.352333510438473,-52.7593582925243,0.0
12,1.5,1,0.2,2.0,0.55,96,7,3,-27.36600632835031,-28.352333510438473,-52.7593582925243,0.0
12,1.5,1,0.3,1.5,0.4,12,7,3,-23.009772475564283,-21.235968480113126,-49.56715294203088,0.0
12,1.5,1,0.3,1.5,0.4,24,7,3,-23.009772475564283,-21.235968480113126,-49.56715294203088,0.0
12,1.5,1,0.3,1.5,0.4,48,7,3,-23.009772475564283,-21.235968480113126,-49.56715294203088,0.0
12,1.5,1,0.3,1.5,0.4,96,7,3,-23.009772475564283,-21.235968480113126,-49.56715294203088,0.0
12,1.5,1,0.3,1.5,0.55,12,7,3,-22.836787888056627,-20.889999305097817,-49.56715294203088,0.0
12,1.5,1,0.3,1.5,0.55,24,7,3,-23.708307293817665,-22.633038116619893,-49.56715294203088,0.0
12,1.5,1,0.3,1.5,0.55,48,7,3,-23.8227093182194,-22.861842165423354,-49.56715294203088,0.0
12,1.5,1,0.3,1.5,0.55,96,7,3,-23.8227093182194,-22.861842165423354,-49.56715294203088,0.0
12,1.5,1,0.3,2.0,0.4,12,7,3,-25.07066269493402,-25.357748918852593,-49.56715294203088,0.0
12,1.5,1,0.3,2.0,0.4,24,7,3,-27.482149223833087,-30.180721976650737,-49.56715294203088,0.0
12,1.5,1,0.3,2.0,0.4,48,7,3,-34.0547480205824,-40.994297896064225,-54.230396290201156,0.0
12,1.5,1,0.3,2.0,0.4,96,7,3,-34.0547480205824,-40.994297896064225,-54.230396290201156,0.0
12,1.5,1,0.3,2.0,0.55,12,7,3,-25.07066269493402,-25.357748918852593,-49.56715294203088,0.0
12,1.5,1,0.3,2.0,0.55,24,7,3,-27.482149223833087,-30.180721976650737,-49.56715294203088,0.0
12,1.5,1,0.3,2.0,0.55,48,7,3,-34.0547480205824,-40.994297896064225,-54.230396290201156,0.0
12,1.5,1,0.3,2.0,0.55,96,7,3,-34.0547480205824,-40.994297896064225,-54.230396290201156,0.0
12,1.5,5,0.2,1.5,0.4,12,7,3,-16.32103078333219,-17.560687003340718,-30.16274912664733,0.0
12,1.5,5,0.2,1.5,0.4,24,7,3,-16.32103078333219,-17.560687003340718,-30.16274912664733,0.0
12,1.5,5,0.2,1.5,0.4,48,7,3,-16.32103078333219,-17.560687003340718,-30.16274912664733,0.0
12,1.5,5,0.2,1.5,0.4,96,7,3,-16.32103078333219,-17.560687003340718,-30.16274912664733,0.0
12,1.5,5,0.2,1.5,0.55,12,7,3,-16.148046195824538,-17.21471782832541,-30.16274912664733,0.0
12,1.5,5,0.2,1.5,0.55,24,7,3,-17.019565601585576,-18.95775663984748,-30.16274912664733,0.0
12,1.5,5,0.2,1.5,0.55,48,7,3,-17.133967625987307,-19.186560688650946,-30.16274912664733,0.0
12,1.5,5,0.2,1.5,0.55,96,7,3,-17.133967625987307,-19.186560688650946,-30.16274912664733,0.0
12,1.5,5,0.2,2.0,0.4,12,7,3,-18.381921002701926,-21.68246744208019,-30.16274912664733,0.0
12,1.5,5,0.2,2.0,0.4,24,7,3,-20.793407531600998,-26.505440499878326,-30.16274912664733,0.0
12,1.5,5,0.2,2.0,0.4,48,7,3,-27.36600632835031,-28.352333510438473,-52.7593582925243,0.0
12,1.5,5,0.2,2.0,0.4,96,7,3,-27.36600632835031,-28.352333510438473,-52.7593582925243,0.0
12,1.5,5,0.2,2.0,0.55,12,7,3,-18.381921002701926,-21.68246744208019,-30.16274912664733,0.0
12,1.5,5,0.2,2.0,0.55,24,7,3,-20.793407531600998,-26.505440499878326,-30.16274912664733,0.0
12,1.5,5,0.2,2.0,0.55,48,7,3,-27.36600632835031,-28.352333510438473,-52.7593582925243,0.0
12,1.5,5,0.2,2.0,0.55,96,7,3,-27.36600632835031,-28.352333510438473,-52.7593582925243,0.0
12,1.5,5,0.3,1.5,0.4,12,7,3,-23.009772475564283,-21.235968480113126,-49.56715294203088,0.0
12,1.5,5,0.3,1.5,0.4,24,7,3,-23.009772475564283,-21.235968480113126,-49.56715294203088,0.0
12,1.5,5,0.3,1.5,0.4,48,7,3,-23.009772475564283,-21.235968480113126,-49.56715294203088,0.0
12,1.5,5,0.3,1.5,0.4,96,7,3,-23.009772475564283,-21.235968480113126,-49.56715294203088,0.0
12,1.5,5,0.3,1.5,0.55,12,7,3,-22.836787888056627,-20.889999305097817,-49.56715294203088,0.0
12,1.5,5,0.3,1.5,0.55,24,7,3,-23.708307293817665,-22.633038116619893,-49.56715294203088,0.0
12,1.5,5,0.3,1.5,0.55,48,7,3,-23.8227093182194,-22.861842165423354,-49.56715294203088,0.0
12,1.5,5,0.3,1.5,0.55,96,7,3,-23.8227093182194,-22.861842165423354,-49.56715294203088,0.0
12,1.5,5,0.3,2.0,0.4,12,7,3,-25.07066269493402,-25.357748918852593,-49.56715294203088,0.0
12,1.5,5,0.3,2.0,0.4,24,7,3,-27.482149223833087,-30.180721976650737,-49.56715294203088,0.0
12,1.5,5,0.3,2.0,0.4,48,7,3,-34.0547480205824,-40.994297896064225,-54.230396290201156,0.0
12,1.5,5,0.3,2.0,0.4,96,7,3,-34.0547480205824,-40.994297896064225,-54.230396290201156,0.0
12,1.5,5,0.3,2.0,0.55,12,7,3,-25.07066269493402,-25.357748918852593,-49.56715294203088,0.0
12,1.5,5,0.3,2.0,0.55,24,7,3,-27.482149223833087,-30.180721976650737,-49.56715294203088,0.0
12,1.5,5,0.3,2.0,0.55,48,7,3,-34.0547480205824,-40.994297896064225,-54.230396290201156,0.0
12,1.5,5,0.3,2.0,0.55,96,7,3,-34.0547480205824,-40.994297896064225,-54.230396290201156,0.0
12,1.5,20,0.2,1.5,0.4,12,6,3,-22.31182029054764,-28.352333510438473,-32.542614141313614,0.0
12,1.5,20,0.2,1.5,0.4,24,6,3,-22.31182029054764,-28.352333510438473,-32.542614141313614,0.0
12,1.5,20,0.2,1.5,0.4,48,6,3,-22.31182029054764,-28.352333510438473,-32.542614141313614,0.0
12,1.5,20,0.2,1.5,0.4,96,6,3,-22.31182029054764,-28.352333510438473,-32.542614141313614,0.0
12,1.5,20,0.2,1.5,0.55,12,6,3,-22.31182029054764,-28.352333510438473,-32.542614141313614,0.0
12,1.5,20,0.2,1.5,0.55,24,6,3,-22.31182029054764,-28.352333510438473,-32.542614141313614,0.0
12,1.5,20,0.2,1.5,0.55,48,6,3,-22.31182029054764,-28.352333510438473,-32.542614141313614,0.0
12,1.5,20,0.2,1.5,0.55,96,6,3,-22.31182029054764,-28.352333510438473,-32.542614141313614,0.0
12,1.5,20,0.2,2.0,0.4,12,6,3,-22.31182029054764,-28.352333510438473,-32.542614141313614,0.0
12,1.5,20,0.2,2.0,0.4,24,6,3,-22.31182029054764,-28.352333510438473,-32.542614141313614,0.0
12,1.5,20,0.2,2.0,0.4,48,6,3,-22.31182029054764,-28.352333510438473,-32.542614141313614,0.0
12,1.5,20,0.2,2.0,0.4,96,6,3,-22.31182029054764,-28.352333510438473,-32.542614141313614,0.0
12,1.5,20,0.2,2.0,0.55,12,6,3,-22.31182029054764,-28.352333510438473,-32.542614141313614,0.0
12,1.5,20,0.2,2.0,0.55,24,6,3,-22.31182029054764,-28.352333510438473,-32.542614141313614,0.0
12,1.5,20,0.2,2.0,0.55,48,6,3,-22.31182029054764,-28.352333510438473,-32.542614141313614,0.0
12,1.5,20,0.2,2.0,0.55,96,6,3,-22.31182029054764,-28.352333510438473,-32.542614141313614,0.0
12,1.5,20,0.3,1.5,0.4,12,6,3,-29.18444173248934,-33.58530699396324,-49.56715294203088,0.0
12,1.5,20,0.3,1.5,0.4,24,6,3,-29.18444173248934,-33.58530699396324,-49.56715294203088,0.0
12,1.5,20,0.3,1.5,0.4,48,6,3,-29.18444173248934,-33.58530699396324,-49.56715294203088,0.0
12,1.5,20,0.3,1.5,0.4,96,6,3,-29.18444173248934,-33.58530699396324,-49.56715294203088,0.0
12,1.5,20,0.3,1.5,0.55,12,6,3,-29.18444173248934,-33.58530699396324,-49.56715294203088,0.0
12,1.5,20,0.3,1.5,0.55,24,6,3,-29.18444173248934,-33.58530699396324,-49.56715294203088,0.0
12,1.5,20,0.3,1.5,0.55,48,6,3,-29.18444173248934,-33.58530699396324,-49.56715294203088,0.0
12,1.5,20,0.3,1.5,0.55,96,6,3,-29.18444173248934,-33.58530699396324,-49.56715294203088,0.0
12,1.5,20,0.3,2.0,0.4,12,6,3,-29.18444173248934,-33.58530699396324,-49.56715294203088,0.0
12,1.5,20,0.3,2.0,0.4,24,6,3,-29.18444173248934,-33.58530699396324,-49.56715294203088,0.0
12,1.5,20,0.3,2.0,0.4,48,6,3,-29.18444173248934,-33.58530699396324,-49.56715294203088,0.0
12,1.5,20,0.3,2.0,0.4,96,6,3,-29.18444173248934,-33.58530699396324,-49.56715294203088,0.0
12,1.5,20,0.3,2.0,0.55,12,6,3,-29.18444173248934,-33.58530699396324,-49.56715294203088,0.0
12,1.5,20,0.3,2.0,0.55,24,6,3,-29.18444173248934,-33.58530699396324,-49.56715294203088,0.0
12,1.5,20,0.3,2.0,0.55,48,6,3,-29.18444173248934,-33.58530699396324,-49.56715294203088,0.0
12,1.5,20,0.3,2.0,0.55,96,6,3,-29.18444173248934,-33.58530699396324,-49.56715294203088,0.0
12,2.0,1,0.2,1.5,0.4,12,5,2,-15.676340816990235,-15.081374563323665,-32.542614141313614,0.0
12,2.0,1,0.2,1.5,0.4,24,5,2,-15.676340816990235,-15.081374563323665,-32.542614141313614,0.0
12,2.0,1,0.2,1.5,0.4,48,5,2,-15.676340816990235,-15.081374563323665,-32.542614141313614,0.0
12,2.0,1,0.2,1.5,0.4,96,5,2,-15.676340816990235,-15.081374563323665,-32.542614141313614,0.0
12,2.0,1,0.2,1.5,0.55,12,5,2,-15.676340816990235,-15.081374563323665,-32.542614141313614,0.0
12,2.0,1,0.2,1.5,0.55,24,5,2,-15.676340816990235,-15.081374563323665,-32.542614141313614,0.0
12,2.0,1,0.2,1.5,0.55,48,5,2,-15.676340816990235,-15.081374563323665,-32.542614141313614,0.0
12,2.0,1,0.2,1.5,0.55,96,5,2,-15.676340816990235,-15.081374563323665,-32.542614141313614,0.0
12,2.0,1,0.2,2.0,0.4,12,5,2,-15.676340816990235,-15.081374563323665,-32.542614141313614,0.0
12,2.0,1,0.2,2.0,0.4,24,5,2,-15.676340816990235,-15.081374563323665,-32.542614141313614,0.0
12,2.0,1,0.2,2.0,0.4,48,5,2,-15.676340816990235,-15.081374563323665,-32.542614141313614,0.0
12,2.0,1,0.2,2.0,0.4,96,5,2,-15.676340816990235,-15.081374563323665,-32.542614141313614,0.0
12,2.0,1,0.2,2.0,0.55,12,5,2,-15.676340816990235,-15.081374563323665,-32.542614141313614,0.0
12,2.0,1,0.2,2.0,0.55,24,5,2,-15.676340816990235,-15.081374563323665,-32.542614141313614,0.0
12,2.0,1,0.2,2.0,0.55,48,5,2,-15.676340816990235,-15.081374563323665,-32.542614141313614,0.0
12,2.0,1,0.2,2.0,0.55,96,5,2,-15.676340816990235,-15.081374563323665,-32.542614141313614,0.0
12,2.0,1,0.3,1.5,0.4,12,5,2,-21.079081019964946,-17.374585568914455,-49.56715294203088,0.0
12,2.0,1,0.3,1.5,0.4,24,5,2,-21.079081019964946,-17.374585568914455,-49.56715294203088,0.0
12,2.0,1,0.3,1.5,0.4,48,5,2,-21.079081019964946,-17.374585568914455,-49.56715294203088,0.0
12,2.0,1,0.3,1.5,0.4,96,5,2,-21.079081019964946,-17.374585568914455,-49.56715294203088,0.0
12,2.0,1,0.3,1.5,0.55,12,5,2,-21.079081019964946,-17.374585568914455,-49.56715294203088,0.0
12,2.0,1,0.3,1.5,0.55,24,5,2,-21.079081019964946,-17.374585568914455,-49.56715294203088,0.0
12,2.0,1,0.3,1.5,0.55,48,5,2,-21.079081019964946,-17.374585568914455,-49.56715294203088,0.0
12,2.0,1,0.3,1.5,0.55,96,5,2,-21.079081019964946,-17.374585568914455,-49.56715294203088,0.0
12,2.0,1,0.3,2.0,0.4,12,5,2,-21.079081019964946,-17.374585568914455,-49.56715294203088,0.0
12,2.0,1,0.3,2.0,0.4,24,5,2,-21.079081019964946,-17.374585568914455,-49.56715294203088,0.0
12,2.0,1,0.3,2.0,0.4,48,5,2,-21.079081019964946,-17.374585568914455,-49.56715294203088,0.0
12,2.0,1,0.3,2.0,0.4,96,5,2,-21.079081019964946,-17.374585568914455,-49.56715294203088,0.0
12,2.0,1,0.3,2.0,0.55,12,5,2,-21.079081019964946,-17.374585568914455,-49.56715294203088,0.0
12,2.0,1,0.3,2.0,0.55,24,5,2,-21.079081019964946,-17.374585568914455,-49.56715294203088,0.0
12,2.0,1,0.3,2.0,0.55,48,5,2,-21.079081019964946,-17.374585568914455,-49.56715294203088,0.0
12,2.0,1,0.3,2.0,0.55,96,5,2,-21.079081019964946,-17.374585568914455,-49.56715294203088,0.0
12,2.0,5,0.2,1.5,0.4,12,5,2,-15.676340816990235,-15.081374563323665,-32.542614141313614,0.0
12,2.0,5,0.2,1.5,0.4,24,5,2,-15.676340816990235,-15.081374563323665,-32.542614141313614,0.0
12,2.0,5,0.2,1.5,0.4,48,5,2,-15.676340816990235,-15.081374563323665,-32.542614141313614,0.0
12,2.0,5,0.2,1.5,0.4,96,5,2,-15.676340816990235,-15.081374563323665,-32.542614141313614,0.0
12,2.0,5,0.2,1.5,0.55,12,5,2,-15.676340816990235,-15.081374563323665,-32.542614141313614,0.0
12,2.0,5,0.2,1.5,0.55,24,5,2,-15.676340816990235,-15.081374563323665,-32.542614141313614,0.0
12,2.0,5,0.2,1.5,0.55,48,5,2,-15.676340816990235,-15.081374563323665,-32.542614141313614,0.0
12,2.0,5,0.2,1.5,0.55,96,5,2,-15.676340816990235,-15.081374563323665,-32.542614141313614,0.0
12,2.0,5,0.2,2.0,0.4,12,5,2,-15.676340816990235,-15.081374563323665,-32.542614141313614,0.0
12,2.0,5,0.2,2.0,0.4,24,5,2,-15.676340816990235,-15.081374563323665,-32.542614141313614,0.0
12,2.0,5,0.2,2.0,0.4,48,5,2,-15.676340816990235,-15.081374563323665,-32.542614141313614,0.0
12,2.0,5,0.2,2.0,0.4,96,5,2,-15.676340816990235,-15.081374563323665,-32.542614141313614,0.0
12,2.0,5,0.2,2.0,0.55,12,5,2,-15.676340816990235,-15.081374563323665,-32.542614141313614,0.0
12,2.0,5,0.2,2.0,0.55,24,5,2,-15.676340816990235,-15.081374563323665,-32.542614141313614,0.0
12,2.0,5,0.2,2.0,0.55,48,5,2,-15.676340816990235,-15.081374563323665,-32.542614141313614,0.0
12,2.0,5,0.2,2.0,0.55,96,5,2,-15.676340816990235,-15.081374563323665,-32.542614141313614,0.0
12,2.0,5,0.3,1.5,0.4,12,5,2,-21.079081019964946,-17.374585568914455,-49.56715294203088,0.0
12,2.0,5,0.3,1.5,0.4,24,5,2,-21.079081019964946,-17.374585568914455,-49.56715294203088,0.0
12,2.0,5,0.3,1.5,0.4,48,5,2,-21.079081019964946,-17.374585568914455,-49.56715294203088,0.0
12,2.0,5,0.3,1.5,0.4,96,5,2,-21.079081019964946,-17.374585568914455,-49.56715294203088,0.0
12,2.0,5,0.3,1.5,0.55,12,5,2,-21.079081019964946,-17.374585568914455,-49.56715294203088,0.0
12,2.0,5,0.3,1.5,0.55,24,5,2,-21.079081019964946,-17.374585568914455,-49.56715294203088,0.0
12,2.0,5,0.3,1.5,0.55,48,5,2,-21.079081019964946,-17.374585568914455,-49.56715294203088,0.0
12,2.0,5,0.3,1.5,0.55,96,5,2,-21.079081019964946,-17.374585568914455,-49.56715294203088,0.0
12,2.0,5,0.3,2.0,0.4,12,5,2,-21.079081019964946,-17.374585568914455,-49.56715294203088,0.0
12,2.0,5,0.3,2.0,0.4,24,5,2,-21.079081019964946,-17.374585568914455,-49.56715294203088,0.0
12,2.0,5,0.3,2.0,0.4,48,5,2,-21.079081019964946,-17.374585568914455,-49.56715294203088,0.0
12,2.0,5,0.3,2.0,0.4,96,5,2,-21.079081019964946,-17.374585568914455,-49.56715294203088,0.0
12,2.0,5,0.3,2.0,0.55,12,5,2,-21.079081019964946,-17.374585568914455,-49.56715294203088,0.0
12,2.0,5,0.3,2.0,0.55,24,5,2,-21.079081019964946,-17.374585568914455,-49.56715294203088,0.0
12,2.0,5,0.3,2.0,0.55,48,5,2,-21.079081019964946,-17.374585568914455,-49.56715294203088,0.0
12,2.0,5,0.3,2.0,0.55,96,5,2,-21.079081019964946,-17.374585568914455,-49.56715294203088,0.0
12,2.0,20,0.2,1.5,0.4,12,5,2,-15.676340816990235,-15.081374563323665,-32.542614141313614,0.0
12,2.0,20,0.2,1.5,0.4,24,5,2,-15.676340816990235,-15.081374563323665,-32.542614141313614,0.0
12,2.0,20,0.2,1.5,0.4,48,5,2,-15.676340816990235,-15.081374563323665,-32.542614141313614,0.0
12,2.0,20,0.2,1.5,0.4,96,5,2,-15.676340816990235,-15.081374563323665,-32.542614141313614,0.0
12,2.0,20,0.2,1.5,0.55,12,5,2,-15.676340816990235,-15.081374563323665,-32.542614141313614,0.0
12,2.0,20,0.2,1.5,0.55,24,5,2,-15.676340816990235,-15.081374563323665,-32.542614141313614,0.0
12,2.0,20,0.2,1.5,0.55,48,5,2,-15.676340816990235,-15.081374563323665,-32.542614141313614,0.0
12,2.0,20,0.2,1.5,0.55,96,5,2,-15.676340816990235,-15.081374563323665,-32.542614141313614,0.0
12,2.0,20,0.2,2.0,0.4,12,5,2,-15.676340816990235,-15.081374563323665,-32.542614141313614,0.0
12,2.0,20,0.2,2.0,0.4,24,5,2,-15.676340816990235,-15.081374563323665,-32.542614141313614,0.0
12,2.0,20,0.2,2.0,0.4,48,5,2,-15.676340816990235,-15.081374563323665,-32.542614141313614,0.0
12,2.0,20,0.2,2.0,0.4,96,5,2,-15.676340816990235,-15.081374563323665,-32.542614141313614,0.0
12,2.0,20,0.2,2.0,0.55,12,5,2,-15.676340816990235,-15.081374563323665,-32.542614141313614,0.0
12,2.0,20,0.2,2.0,0.55,24,5,2,-15.676340816990235,-15.081374563323665,-32.542614141313614,0.0
12,2.0,20,0.2,2.0,0.55,48,5,2,-15.676340816990235,-15.081374563323665,-32.542614141313614,0.0
12,2.0,20,0.2,2.0,0.55,96,5,2,-15.676340816990235,-15.081374563323665,-32.542614141313614,0.0
12,2.0,20,0.3,1.5,0.4,12,5,2,-21.079081019964946,-17.374585568914455,-49.56715294203088,0.0
12,2.0,20,0.3,1.5,0.4,24,5,2,-21.079081019964946,-17.374585568914455,-49.56715294203088,0.0
12,2.0,20,0.3,1.5,0.4,48,5,2,-21.079081019964946,-17.374585568914455,-49.56715294203088,0.0
12,2.0,20,0.3,1.5,0.4,96,5,2,-21.079081019964946,-17.374585568914455,-49.56715294203088,0.0
12,2.0,20,0.3,1.5,0.55,12,5,2,-21.079081019964946,-17.374585568914455,-49.56715294203088,0.0
12,2.0,20,0.3,1.5,0.55,24,5,2,-21.079081019964946,-17.374585568914455,-49.56715294203088,0.0
12,2.0,20,0.3,1.5,0.55,48,5,2,-21.079081019964946,-17.374585568914455,-49.56715294203088,0.0
12,2.0,20,0.3,1.5,0.55,96,5,2,-21.079081019964946,-17.374585568914455,-49.56715294203088,0.0
12,2.0,20,0.3,2.0,0.4,12,5,2,-21.079081019964946,-17.374585568914455,-49.56715294203088,0.0
12,2.0,20,0.3,2.0,0.4,24,5,2,-21.079081019964946,-17.374585568914455,-49.56715294203088,0.0
12,2.0,20,0.3,2.0,0.4,48,5,2,-21.079081019964946,-17.374585568914455,-49.56715294203088,0.0
12,2.0,20,0.3,2.0,0.4,96,5,2,-21.079081019964946,-17.374585568914455,-49.56715294203088,0.0
12,2.0,20,0.3,2.0,0.55,12,5,2,-21.079081019964946,-17.374585568914455,-49.56715294203088,0.0
12,2.0,20,0.3,2.0,0.55,24,5,2,-21.079081019964946,-17.374585568914455,-49.56715294203088,0.0
12,2.0,20,0.3,2.0,0.55,48,5,2,-21.079081019964946,-17.374585568914455,-49.56715294203088,0.0
12,2.0,20,0.3,2.0,0.55,96,5,2,-21.079081019964946,-17.374585568914455,-49.56715294203088,0.0
24,1.0,1,0.2,1.5,0.4,12,9,4,32.231812417844196,-15.179071073598918,-24.512539366720276,183.7979311852949
24,1.0,1,0.2,1.5,0.4,24,9,4,32.231812417844196,-15.179071073598918,-24.512539366720276,183.7979311852949
24,1.0,1,0.2,1.5,0.4,48,9,4,32.231812417844196,-15.179071073598918,-24.512539366720276,183.7979311852949
24,1.0,1,0.2,1.5,0.4,96,9,4,32.231812417844196,-15.179071073598918,-24.512539366720276,183.7979311852949
24,1.0,1,0.2,1.5,0.55,12,9,4,28.098371134017952,-15.204884441160507,-24.512539366720276,167.3157927851131
24,1.0,1,0.2,1.5,0.55,24,9,4,26.758993912310252,-17.88363888457591,-24.512539366720276,167.3157927851131
24,1.0,1,0.2,1.5,0.55,48,9,4,26.758993912310252,-17.88363888457591,-24.512539366720276,167.3157927851131
24,1.0,1,0.2,1.5,0.55,96,9,4,26.758993912310252,-17.88363888457591,-24.512539366720276,167.3157927851131
24,1.0,1,0.2,2.0,0.4,12,9,4,29.984284739487066,-19.67412643031319,-24.512539366720276,183.7979311852949
24,1.0,1,0.2,2.0,0.4,24,9,4,26.403492845998453,-23.498371742644515,-31.18721631601207,183.7979311852949
24,1.0,1,0.2,2.0,0.4,48,9,4,26.403492845998453,-23.498371742644515,-31.18721631601207,183.7979311852949
24,1.0,1,0.2,2.0,0.4,96,9,4,26.403492845998453,-23.498371742644515,-31.18721631601207,183.7979311852949
24,1.0,1,0.2,2.0,0.55,12,9,4,25.863750139441613,-19.67412643031319,-24.512539366720276,167.3157927851131
24,1.0,1,0.2,2.0,0.55,24,9,4,22.282958245953,-23.498371742644515,-31.18721631601207,167.3157927851131
24,1.0,1,0.2,2.0,0.55,48,9,4,22.282958245953,-23.498371742644515,-31.18721631601207,167.3157927851131
24,1.0,1,0.2,2.0,0.55,96,9,4,22.282958245953,-23.498371742644515,-31.18721631601207,167.3157927851131
24,1.0,1,0.3,1.5,0.4,12,9,4,29.39501742414425,-15.487833355521003,-35.24219477767592,183.7979311852949
24,1.0,1,0.3,1.5,0.4,24,9,4,32.75168566423586,-8.774496875337782,-35.24219477767592,183.7979311852949
24,1.0,1,0.3,1.5,0.4,48,9,4,18.879822999495566,-25.7583052983026,-56.76202859070746,183.7979311852949
24,1.0,1,0.3,1.5,0.4,96,9,4,47.46581675757152,20.65376531133353,-35.24219477767592,183.7979311852949
24,1.0,1,0.3,1.5,0.55,12,9,4,25.261576140318,-15.513646723082593,-35.24219477767592,167.3157927851131
24,1.0,1,0.3,1.5,0.55,24,9,4,27.278867158701907,-11.479064686314775,-35.24219477767592,167.3157927851131
24,1.0,1,0.3,1.5,0.55,48,9,4,13.407004493961615,-28.46287310927959,-56.76202859070746,167.3157927851131
24,1.0,1,0.3,1.5,0.55,96,9,4,41.992998252037566,17.949197500356536,-35.24219477767592,167.3157927851131
24,1.0,1,0.3,2.0,0.4,12,9,4,27.147489745787112,-19.982888712235276,-35.24219477767592,183.7979311852949
24,1.0,1,0.3,2.0,0.4,24,9,4,26.92336609239011,-18.258386354711103,-39.58769410631226,183.7979311852949
24,1.0,1,0.3,2.0,0.4,48,9,4,13.05150342764982,-37.414944441994095,-56.76202859070746,183.7979311852949
24,1.0,1,0.3,2.0,0.4,96,9,4,58.38200350816844,44.658888476845554,-39.58769410631226,183.7979311852949
24,1.0,1,0.3,2.0,0.55,12,9,4,23.02695514574166,-19.982888712235276,-35.24219477767592,167.3157927851131
24,1.0,1,0.3,2.0,0.55,24,9,4,22.80283149234466,-18.258386354711103,-39.58769410631226,167.3157927851131
24,1.0,1,0.3,2.0,0.55,48,9,4,8.930968827604367,-37.414944441994095,-56.76202859070746,167.3157927851131
24,1.0,1,0.3,2.0,0.55,96,9,4,54.261468908122986,44.658888476845554,-39.58769410631226,167.3157927851131
24,1.0,5,0.2,1.5,0.4,12,8,4,33.38360553728631,-12.875484834714705,-24.512539366720276,183.7979311852949
24,1.0,5,0.2,1.5,0.4,24,8,4,33.38360553728631,-12.875484834714705,-24.512539366720276,183.7979311852949
24,1.0,5,0.2,1.5,0.4,48,8,4,33.38360553728631,-12.875484834714705,-24.512539366720276,183.7979311852949
24,1.0,5,0.2,1.5,0.4,96,8,4,33.38360553728631,-12.875484834714705,-24.512539366720276,183.7979311852949
24,1.0,5,0.2,1.5,0.55,12,8,4,29.24586202553313,-12.909902658130157,-24.512539366720276,167.3157927851131
24,1.0,5,0.2,1.5,0.55,24,8,4,27.460025729922858,-16.481575249350694,-24.512539366720276,167.3157927851131
24,1.0,5,0.2,1.5,0.55,48,8,4,27.460025729922858,-16.481575249350694,-24.512539366720276,167.3157927851131
24,1.0,5,0.2,1.5,0.55,96,8,4,27.460025729922858,-16.481575249350694,-24.512539366720276,167.3157927851131
24,1.0,5,0.2,2.0,0.4,12,8,4,30.38690196614346,-18.868891977000402,-24.512539366720276,183.7979311852949
24,1.0,5,0.2,2.0,0.4,24,8,4,25.612512774825312,-23.498371742644515,-34.35113660070464,183.7979311852949
24,1.0,5,0.2,2.0,0.4,48,8,4,25.612512774825312,-23.498371742644515,-34.35113660070464,183.7979311852949
24,1.0,5,0.2,2.0,0.4,96,8,4,25.612512774825312,-23.498371742644515,-34.35113660070464,183.7979311852949
24,1.0,5,0.2,2.0,0.55,12,8,4,26.266367366098006,-18.868891977000402,-24.512539366720276,167.3157927851131
24,1.0,5,0.2,2.0,0.55,24,8,4,21.49197817477986,-23.498371742644515,-34.35113660070464,167.3157927851131
24,1.0,5,0.2,2.0,0.55,48,8,4,21.49197817477986,-23.498371742644515,-34.35113660070464,167.3157927851131
24,1.0,5,0.2,2.0,0.55,96,8,4,21.49197817477986,-23.498371742644515,-34.35113660070464,167.3157927851131
24,1.0,5,0.3,1.5,0.4,12,8,4,31.338037661062014,-11.601792881685471,-35.24219477767592,183.7979311852949
24,1.0,5,0.3,1.5,0.4,24,8,4,34.10427428556184,-6.069319632685813,-35.24219477767592,183.7979311852949
24,1.0,5,0.3,1.5,0.4,48,8,4,20.232411620821548,-23.05312805565063,-56.76202859070746,183.7979311852949
24,1.0,5,0.3,1.5,0.4,96,8,4,48.818405378897495,23.358942553985496,-35.24219477767592,183.7979311852949
24,1.0,5,0.3,1.5,0.55,12,8,4,27.200294149308835,-11.636210705100924,-35.24219477767592,167.3157927851131
24,1.0,5,0.3,1.5,0.55,24,8,4,28.180694478198394,-9.675410047321805,-35.24219477767592,167.3157927851131
24,1.0,5,0.3,1.5,0.55,48,8,4,14.308831813458099,-26.65921847028662,-56.76202859070746,167.3157927851131
24,1.0,5,0.3,1.5,0.55,96,8,4,42.89482557153405,19.752852139349507,-35.24219477767592,167.3157927851131
24,1.0,5,0.3,2.0,0.4,12,8,4,28.341334089919165,-17.595200023971167,-35.24219477767592,183.7979311852949
24,1.0,5,0.3,2.0,0.4,24,8,4,26.333181523100848,-18.258386354711103,-41.94843238346932,183.7979311852949
24,1.0,5,0.3,2.0,0.4,48,8,4,12.461318858360556,-38.59531358057262,-56.76202859070746,183.7979311852949
24,1.0,5,0.3,2.0,0.4,96,8,4,57.791818938879175,44.658888476845554,-41.94843238346932,183.7979311852949
24,1.0,5,0.3,2.0,0.55,12,8,4,24.220799489873713,-17.595200023971167,-35.24219477767592,167.3157927851131
24,1.0,5,0.3,2.0,0.55,24,8,4,22.212646923055395,-18.258386354711103,-41.94843238346932,167.3157927851131
24,1.0,5,0.3,2.0,0.55,48,8,4,8.340784258315104,-38.59531358057262,-56.76202859070746,167.3157927851131
24,1.0,5,0.3,2.0,0.55,96,8,4,53.67128433883372,44.658888476845554,-41.94843238346932,167.3157927851131
24,1.0,20,0.2,1.5,0.4,12,6,4,27.569839789916593,-23.498371742644515,-26.52182854033952,183.7979311852949
24,1.0,20,0.2,1.5,0.4,24,6,4,27.569839789916593,-23.498371742644515,-26.52182854033952,183.7979311852949
24,1.0,20,0.2,1.5,0.4,48,6,4,27.569839789916593,-23.498371742644515,-26.52182854033952,183.7979311852949
24,1.0,20,0.2,1.5,0.4,96,6,4,27.569839789916593,-23.498371742644515,-26.52182854033952,183.7979311852949
24,1.0,20,0.2,1.5,0.55,12,6,4,23.44930518987114,-23.498371742644515,-26.52182854033952,167.3157927851131
24,1.0,20,0.2,1.5,0.55,24,6,4,23.44930518987114,-23.498371742644515,-26.52182854033952,167.3157927851131
24,1.0,20,0.2,1.5,0.55,48,6,4,23.44930518987114,-23.498371742644515,-26.52182854033952,167.3157927851131
24,1.0,20,0.2,1.5,0.55,96,6,4,23.44930518987114,-23.498371742644515,-26.52182854033952,167.3157927851131
24,1.0,20,0.2,2.0,0.4,12,6,4,27.569839789916593,-23.498371742644515,-26.52182854033952,183.7979311852949
24,1.0,20,0.2,2.0,0.4,24,6,4,27.569839789916593,-23.498371742644515,-26.52182854033952,183.7979311852949
24,1.0,20,0.2,2.0,0.4,48,6,4,27.569839789916593,-23.498371742644515,-26.52182854033952,183.7979311852949
24,1.0,20,0.2,2.0,0.4,96,6,4,27.569839789916593,-23.498371742644515,-26.52182854033952,183.7979311852949
24,1.0,20,0.2,2.0,0.55,12,6,4,23.44930518987114,-23.498371742644515,-26.52182854033952,167.3157927851131
24,1.0,20,0.2,2.0,0.55,24,6,4,23.44930518987114,-23.498371742644515,-26.52182854033952,167.3157927851131
24,1.0,20,0.2,2.0,0.55,48,6,4,23.44930518987114,-23.498371742644515,-26.52182854033952,167.3157927851131
24,1.0,20,0.2,2.0,0.55,96,6,4,23.44930518987114,-23.498371742644515,-26.52182854033952,167.3157927851131
24,1.0,20,0.3,1.5,0.4,12,6,4,21.747006495248225,-28.51431252844502,-39.78128014741197,183.7979311852949
24,1.0,20,0.3,1.5,0.4,24,6,4,26.874969582115185,-18.258386354711103,-39.78128014741197,183.7979311852949
24,1.0,20,0.3,1.5,0.4,48,6,4,13.003106917374893,-37.51173746254395,-56.76202859070746,183.7979311852949
24,1.0,20,0.3,1.5,0.4,96,6,4,41.58910067545084,11.169875831960209,-39.78128014741197,183.7979311852949
24,1.0,20,0.3,1.5,0.55,12,6,4,17.626471895202773,-28.51431252844502,-39.78128014741197,167.3157927851131
24,1.0,20,0.3,1.5,0.55,24,6,4,22.754434982069732,-18.258386354711103,-39.78128014741197,167.3157927851131
24,1.0,20,0.3,1.5,0.55,48,6,4,8.88257231732944,-37.51173746254395,-56.76202859070746,167.3157927851131
24,1.0,20,0.3,1.5,0.55,96,6,4,37.46856607540539,11.169875831960209,-39.78128014741197,167.3157927851131
24,1.0,20,0.3,2.0,0.4,12,6,4,21.747006495248225,-28.51431252844502,-39.78128014741197,183.7979311852949
24,1.0,20,0.3,2.0,0.4,24,6,4,26.874969582115185,-18.258386354711103,-39.78128014741197,183.7979311852949
24,1.0,20,0.3,2.0,0.4,48,6,4,13.003106917374893,-37.51173746254395,-56.76202859070746,183.7979311852949
24,1.0,20,0.3,2.0,0.4,96,6,4,58.33360699789351,44.658888476845554,-39.78128014741197,183.7979311852949
24,1.0,20,0.3,2.0,0.55,12,6,4,17.626471895202773,-28.51431252844502,-39.78128014741197,167.3157927851131
24,1.0,20,0.3,2.0,0.55,24,6,4,22.754434982069732,-18.258386354711103,-39.78128014741197,167.3157927851131
24,1.0,20,0.3,2.0,0.55,48,6,4,8.88257231732944,-37.51173746254395,-56.76202859070746,167.3157927851131
24,1.0,20,0.3,2.0,0.55,96,6,4,54.21307239784806,44.658888476845554,-39.78128014741197,167.3157927851131
24,1.25,1,0.2,1.5,0.4,12,5,4,82.5727234334956,-23.53492655265605,-24.512539366720276,401.87328620601477
24,1.25,1,0.2,1.5,0.4,24,5,4,82.5727234334956,-23.53492655265605,-24.512539366720276,401.87328620601477
24,1.25,1,0.2,1.5,0.4,48,5,4,82.5727234334956,-23.53492655265605,-24.512539366720276,401.87328620601477
24,1.25,1,0.2,1.5,0.4,96,5,4,82.5727234334956,-23.53492655265605,-24.512539366720276,401.87328620601477
24,1.25,1,0.2,1.5,0.55,12,5,4,74.33165423340469,-23.53492655265605,-24.512539366720276,368.90900940565115
24,1.25,1,0.2,1.5,0.55,24,5,4,74.33165423340469,-23.53492655265605,-24.512539366720276,368.90900940565115
24,1.25,1,0.2,1.5,0.55,48,5,4,74.33165423340469,-23.53492655265605,-24.512539366720276,368.90900940565115
24,1.25,1,0.2,1.5,0.55,96,5,4,74.33165423340469,-23.53492655265605,-24.512539366720276,368.90900940565115
24,1.25,1,0.2,2.0,0.4,12,5,4,82.5727234334956,-23.53492655265605,-24.512539366720276,401.87328620601477
24,1.25,1,0.2,2.0,0.4,24,5,4,82.5727234334956,-23.53492655265605,-24.512539366720276,401.87328620601477
24,1.25,1,0.2,2.0,0.4,48,5,4,82.5727234334956,-23.53492655265605,-24.512539366720276,401.87328620601477
24,1.25,1,0.2,2.0,0.4,96,5,4,82.5727234334956,-23.53492655265605,-24.512539366720276,401.87328620601477
24,1.25,1,0.2,2.0,0.55,12,5,4,74.33165423340469,-23.53492655265605,-24.512539366720276,368.90900940565115
24,1.25,1,0.2,2.0,0.55,24,5,4,74.33165423340469,-23.53492655265605,-24.512539366720276,368.90900940565115
24,1.25,1,0.2,2.0,0.55,48,5,4,74.33165423340469,-23.53492655265605,-24.512539366720276,368.90900940565115
24,1.25,1,0.2,2.0,0.55,96,5,4,74.33165423340469,-23.53492655265605,-24.512539366720276,368.90900940565115
24,1.25,1,0.3,1.5,0.4,12,5,4,79.61788136632663,-24.079782981516153,-35.24219477767592,401.87328620601477
24,1.25,1,0.3,1.5,0.4,24,5,4,82.91148034015013,-17.316308299759367,-35.59474824589549,401.87328620601477
24,1.25,1,0.3,1.5,0.4,48,5,4,59.21431035655653,-35.418471511785704,-94.17910175621724,401.87328620601477
24,1.25,1,0.3,1.5,0.4,96,5,4,59.21431035655653,-35.418471511785704,-94.17910175621724,401.87328620601477
24,1.25,1,0.3,1.5,0.55,12,5,4,71.37681216623574,-24.079782981516153,-35.24219477767592,368.90900940565115
24,1.25,1,0.3,1.5,0.55,24,5,4,74.67041114005923,-17.316308299759367,-35.59474824589549,368.90900940565115
24,1.25,1,0.3,1.5,0.55,48,5,4,50.973241156465626,-35.418471511785704,-94.17910175621724,368.90900940565115
24,1.25,1,0.3,1.5,0.55,96,5,4,50.973241156465626,-35.418471511785704,-94.17910175621724,368.90900940565115
24,1.25,1,0.3,2.0,0.4,12,5,4,79.61788136632663,-24.079782981516153,-35.24219477767592,401.87328620601477
24,1.25,1,0.3,2.0,0.4,24,5,4,82.91148034015013,-17.316308299759367,-35.59474824589549,401.87328620601477
24,1.25,1,0.3,2.0,0.4,48,5,4,59.21431035655653,-35.418471511785704,-94.17910175621724,401.87328620601477
24,1.25,1,0.3,2.0,0.4,96,5,4,59.21431035655653,-35.418471511785704,-94.17910175621724,401.87328620601477
24,1.25,1,0.3,2.0,0.55,12,5,4,71.37681216623574,-24.079782981516153,-35.24219477767592,368.90900940565115
24,1.25,1,0.3,2.0,0.55,24,5,4,74.67041114005923,-17.316308299759367,-35.59474824589549,368.90900940565115
24,1.25,1,0.3,2.0,0.55,48,5,4,50.973241156465626,-35.418471511785704,-94.17910175621724,368.90900940565115
24,1.25,1,0.3,2.0,0.55,96,5,4,50.973241156465626,-35.418471511785704,-94.17910175621724,368.90900940565115
24,1.25,5,0.2,1.5,0.4,12,5,4,82.5727234334956,-23.53492655265605,-24.512539366720276,401.87328620601477
24,1.25,5,0.2,1.5,0.4,24,5,4,82.5727234334956,-23.53492655265605,-24.512539366720276,401.87328620601477
24,1.25,5,0.2,1.5,0.4,48,5,4,82.5727234334956,-23.53492655265605,-24.512539366720276,401.87328620601477
24,1.25,5,0.2,1.5,0.4,96,5,4,82.5727234334956,-23.53492655265605,-24.512539366720276,401.87328620601477
24,1.25,5,0.2,1.5,0.55,12,5,4,74.33165423340469,-23.53492655265605,-24.512539366720276,368.90900940565115
24,1.25,5,0.2,1.5,0.55,24,5,4,74.33165423340469,-23.53492655265605,-24.512539366720276,368.90900940565115
24,1.25,5,0.2,1.5,0.55,48,5,4,74.33165423340469,-23.53492655265605,-24.512539366720276,368.90900940565115
24,1.25,5,0.2,1.5,0.55,96,5,4,74.33165423340469,-23.53492655265605,-24.512539366720276,368.90900940565115
24,1.25,5,0.2,2.0,0.4,12,5,4,82.5727234334956,-23.53492655265605,-24.512539366720276,401.87328620601477
24,1.25,5,0.2,2.0,0.4,24,5,4,82.5727234334956,-23.53492655265605,-24.512539366720276,401.87328620601477
24,1.25,5,0.2,2.0,0.4,48,5,4,82.5727234334956,-23.53492655265605,-24.512539366720276,401.87328620601477
24,1.25,5,0.2,2.0,0.4,96,5,4,82.5727234334956,-23.53492655265605,-24.512539366720276,401.87328620601477
24,1.25,5,0.2,2.0,0.55,12,5,4,74.33165423340469,-23.53492655265605,-24.512539366720276,368.90900940565115
24,1.25,5,0.2,2.0,0.55,24,5,4,74.33165423340469,-23.53492655265605,-24.512539366720276,368.90900940565115
24,1.25,5,0.2,2.0,0.55,48,5,4,74.33165423340469,-23.53492655265605,-24.512539366720276,368.90900940565115
24,1.25,5,0.2,2.0,0.55,96,5,4,74.33165423340469,-23.53492655265605,-24.512539366720276,368.90900940565115
24,1.25,5,0.3,1.5,0.4,12,5,4,79.61788136632663,-24.079782981516153,-35.24219477767592,401.87328620601477
24,1.25,5,0.3,1.5,0.4,24,5,4,82.91148034015013,-17.316308299759367,-35.59474824589549,401.87328620601477
24,1.25,5,0.3,1.5,0.4,48,5,4,59.21431035655653,-35.418471511785704,-94.17910175621724,401.87328620601477
24,1.25,5,0.3,1.5,0.4,96,5,4,59.21431035655653,-35.418471511785704,-94.17910175621724,401.87328620601477
24,1.25,5,0.3,1.5,0.55,12,5,4,71.37681216623574,-24.079782981516153,-35.24219477767592,368.90900940565115
24,1.25,5,0.3,1.5,0.55,24,5,4,74.67041114005923,-17.316308299759367,-35.59474824589549,368.90900940565115
24,1.25,5,0.3,1.5,0.55,48,5,4,50.973241156465626,-35.418471511785704,-94.17910175621724,368.90900940565115
24,1.25,5,0.3,1.5,0.55,96,5,4,50.973241156465626,-35.418471511785704,-94.17910175621724,368.90900940565115
24,1.25,5,0.3,2.0,0.4,12,5,4,79.61788136632663,-24.079782981516153,-35.24219477767592,401.87328620601477
24,1.25,5,0.3,2.0,0.4,24,5,4,82.91148034015013,-17.316308299759367,-35.59474824589549,401.87328620601477
24,1.25,5,0.3,2.0,0.4,48,5,4,59.21431035655653,-35.418471511785704,-94.17910175621724,401.87328620601477
24,1.25,5,0.3,2.0,0.4,96,5,4,59.21431035655653,-35.418471511785704,-94.17910175621724,401.87328620601477
24,1.25,5,0.3,2.0,0.55,12,5,4,71.37681216623574,-24.079782981516153,-35.24219477767592,368.90900940565115
24,1.25,5,0.3,2.0,0.55,24,5,4,74.67041114005923,-17.316308299759367,-35.59474824589549,368.90900940565115
24,1.25,5,0.3,2.0,0.55,48,5,4,50.973241156465626,-35.418471511785704,-94.17910175621724,368.90900940565115
24,1.25,5,0.3,2.0,0.55,96,5,4,50.973241156465626,-35.418471511785704,-94.17910175621724,368.90900940565115
24,1.25,20,0.2,1.5,0.4,12,4,4,81.99196744134784,-23.691793950141953,-26.52182854033952,401.87328620601477
24,1.25,20,0.2,1.5,0.4,24,4,4,81.99196744134784,-23.691793950141953,-26.52182854033952,401.87328620601477
24,1.25,20,0.2,1.5,0.4,48,4,4,81.99196744134784,-23.691793950141953,-26.52182854033952,401.87328620601477
24,1.25,20,0.2,1.5,0.4,96,4,4,81.99196744134784,-23.691793950141953,-26.52182854033952,401.87328620601477
24,1.25,20,0.2,1.5,0.55,12,4,4,73.75089824125693,-23.691793950141953,-26.52182854033952,368.90900940565115
24,1.25,20,0.2,1.5,0.55,24,4,4,73.75089824125693,-23.691793950141953,-26.52182854033952,368.90900940565115
24,1.25,20,0.2,1.5,0.55,48,4,4,73.75089824125693,-23.691793950141953,-26.52182854033952,368.90900940565115
24,1.25,20,0.2,1.5,0.55,96,4,4,73.75089824125693,-23.691793950141953,-26.52182854033952,368.90900940565115
24,1.25,20,0.2,2.0,0.4,12,4,4,81.99196744134784,-23.691793950141953,-26.52182854033952,401.87328620601477
24,1.25,20,0.2,2.0,0.4,24,4,4,81.99196744134784,-23.691793950141953,-26.52182854033952,401.87328620601477
24,1.25,20,0.2,2.0,0.4,48,4,4,81.99196744134784,-23.691793950141953,-26.52182854033952,401.87328620601477
24,1.25,20,0.2,2.0,0.4,96,4,4,81.99196744134784,-23.691793950141953,-26.52182854033952,401.87328620601477
24,1.25,20,0.2,2.0,0.55,12,4,4,73.75089824125693,-23.691793950141953,-26.52182854033952,368.90900940565115
24,1.25,20,0.2,2.0,0.55,24,4,4,73.75089824125693,-23.691793950141953,-26.52182854033952,368.90900940565115
24,1.25,20,0.2,2.0,0.55,48,4,4,73.75089824125693,-23.691793950141953,-26.52182854033952,368.90900940565115
24,1.25,20,0.2,2.0,0.55,96,4,4,73.75089824125693,-23.691793950141953,-26.52182854033952,368.90900940565115
24,1.25,20,0.3,1.5,0.4,12,4,4,75.02865869739682,-30.98868563450776,-39.78128014741197,401.87328620601477
24,1.25,20,0.3,1.5,0.4,24,4,4,81.86484736477101,-17.316308299759367,-39.78128014741197,401.87328620601477
24,1.25,20,0.3,1.5,0.4,48,4,4,58.16767738117741,-37.51173746254395,-94.17910175621724,401.87328620601477
24,1.25,20,0.3,1.5,0.4,96,4,4,58.16767738117741,-37.51173746254395,-94.17910175621724,401.87328620601477
24,1.25,20,0.3,1.5,0.55,12,4,4,66.78758949730592,-30.98868563450776,-39.78128014741197,368.90900940565115
24,1.25,20,0.3,1.5,0.55,24,4,4,73.62377816468012,-17.316308299759367,-39.78128014741197,368.90900940565115
24,1.25,20,0.3,1.5,0.55,48,4,4,49.92660818108651,-37.51173746254395,-94.17910175621724,368.90900940565115
24,1.25,20,0.3,1.5,0.55,96,4,4,49.92660818108651,-37.51173746254395,-94.17910175621724,368.90900940565115
24,1.25,20,0.3,2.0,0.4,12,4,4,75.02865869739682,-30.98868563450776,-39.78128014741197,401.87328620601477
24,1.25,20,0.3,2.0,0.4,24,4,4,81.86484736477101,-17.316308299759367,-39.78128014741197,401.87328620601477
24,1.25,20,0.3,2.0,0.4,48,4,4,58.16767738117741,-37.51173746254395,-94.17910175621724,401.87328620601477
24,1.25,20,0.3,2.0,0.4,96,4,4,58.16767738117741,-37.51173746254395,-94.17910175621724,401.87328620601477
24,1.25,20,0.3,2.0,0.55,12,4,4,66.78758949730592,-30.98868563450776,-39.78128014741197,368.90900940565115
24,1.25,20,0.3,2.0,0.55,24,4,4,73.62377816468012,-17.316308299759367,-39.78128014741197,368.90900940565115
24,1.25,20,0.3,2.0,0.55,48,4,4,49.92660818108651,-37.51173746254395,-94.17910175621724,368.90900940565115
24,1.25,20,0.3,2.0,0.55,96,4,4,49.92660818108651,-37.51173746254395,-94.17910175621724,368.90900940565115
24,1.5,1,0.2,1.5,0.4,12,5,4,82.5727234334956,-23.53492655265605,-24.512539366720276,401.87328620601477
24,1.5,1,0.2,1.5,0.4,24,5,4,82.5727234334956,-23.53492655265605,-24.512539366720276,401.87328620601477
24,1.5,1,0.2,1.5,0.4,48,5,4,82.5727234334956,-23.53492655265605,-24.512539366720276,401.87328620601477
24,1.5,1,0.2,1.5,0.4,96,5,4,82.5727234334956,-23.53492655265605,-24.512539366720276,401.87328620601477
24,1.5,1,0.2,1.5,0.55,12,5,4,74.33165423340469,-23.53492655265605,-24.512539366720276,368.90900940565115
24,1.5,1,0.2,1.5,0.55,24,5,4,74.33165423340469,-23.53492655265605,-24.512539366720276,368.90900940565115
24,1.5,1,0.2,1.5,0.55,48,5,4,74.33165423340469,-23.53492655265605,-24.512539366720276,368.90900940565115
24,1.5,1,0.2,1.5,0.55,96,5,4,74.33165423340469,-23.53492655265605,-24.512539366720276,368.90900940565115
24,1.5,1,0.2,2.0,0.4,12,5,4,82.5727234334956,-23.53492655265605,-24.512539366720276,401.87328620601477
24,1.5,1,0.2,2.0,0.4,24,5,4,82.5727234334956,-23.53492655265605,-24.512539366720276,401.87328620601477
24,1.5,1,0.2,2.0,0.4,48,5,4,82.5727234334956,-23.53492655265605,-24.512539366720276,401.87328620601477
24,1.5,1,0.2,2.0,0.4,96,5,4,82.5727234334956,-23.53492655265605,-24.512539366720276,401.87328620601477
24,1.5,1,0.2,2.0,0.55,12,5,4,74.33165423340469,-23.53492655265605,-24.512539366720276,368.90900940565115
24,1.5,1,0.2,2.0,0.55,24,5,4,74.33165423340469,-23.53492655265605,-24.512539366720276,368.90900940565115
24,1.5,1,0.2,2.0,0.55,48,5,4,74.33165423340469,-23.53492655265605,-24.512539366720276,368.90900940565115
24,1.5,1,0.2,2.0,0.55,96,5,4,74.33165423340469,-23.53492655265605,-24.512539366720276,368.90900940565115
24,1.5,1,0.3,1.5,0.4,12,5,4,79.61788136632663,-24.079782981516153,-35.24219477767592,401.87328620601477
24,1.5,1,0.3,1.5,0.4,24,5,4,82.91148034015013,-17.316308299759367,-35.59474824589549,401.87328620601477
24,1.5,1,0.3,1.5,0.4,48,5,4,59.21431035655653,-35.418471511785704,-94.17910175621724,401.87328620601477
24,1.5,1,0.3,1.5,0.4,96,5,4,59.21431035655653,-35.418471511785704,-94.17910175621724,401.87328620601477
24,1.5,1,0.3,1.5,0.55,12,5,4,71.37681216623574,-24.079782981516153,-35.24219477767592,368.90900940565115
24,1.5,1,0.3,1.5,0.55,24,5,4,74.67041114005923,-17.316308299759367,-35.59474824589549,368.90900940565115
24,1.5,1,0.3,1.5,0.55,48,5,4,50.973241156465626,-35.418471511785704,-94.17910175621724,368.90900940565115
24,1.5,1,0.3,1.5,0.55,96,5,4,50.973241156465626,-35.418471511785704,-94.17910175621724,368.90900940565115
24,1.5,1,0.3,2.0,0.4,12,5,4,79.61788136632663,-24.079782981516153,-35.24219477767592,401.87328620601477
24,1.5,1,0.3,2.0,0.4,24,5,4,82.91148034015013,-17.316308299759367,-35.59474824589549,401.87328620601477
24,1.5,1,0.3,2.0,0.4,48,5,4,59.21431035655653,-35.418471511785704,-94.17910175621724,401.87328620601477
24,1.5,1,0.3,2.0,0.4,96,5,4,59.21431035655653,-35.418471511785704,-94.17910175621724,401.87328620601477
24,1.5,1,0.3,2.0,0.55,12,5,4,71.37681216623574,-24.079782981516153,-35.24219477767592,368.90900940565115
24,1.5,1,0.3,2.0,0.55,24,5,4,74.67041114005923,-17.316308299759367,-35.59474824589549,368.90900940565115
24,1.5,1,0.3,2.0,0.55,48,5,4,50.973241156465626,-35.418471511785704,-94.17910175621724,368.90900940565115
24,1.5,1,0.3,2.0,0.55,96,5,4,50.973241156465626,-35.418471511785704,-94.17910175621724,368.90900940565115
24,1.5,5,0.2,1.5,0.4,12,5,4,82.5727234334956,-23.53492655265605,-24.512539366720276,401.87328620601477
24,1.5,5,0.2,1.5,0.4,24,5,4,82.5727234334956,-23.53492655265605,-24.512539366720276,401.87328620601477
24,1.5,5,0.2,1.5,0.4,48,5,4,82.5727234334956,-23.53492655265605,-24.512539366720276,401.87328620601477
24,1.5,5,0.2,1.5,0.4,96,5,4,82.5727234334956,-23.53492655265605,-24.512539366720276,401.87328620601477
24,1.5,5,0.2,1.5,0.55,12,5,4,74.33165423340469,-23.53492655265605,-24.512539366720276,368.90900940565115
24,1.5,5,0.2,1.5,0.55,24,5,4,74.33165423340469,-23.53492655265605,-24.512539366720276,368.90900940565115
24,1.5,5,0.2,1.5,0.55,48,5,4,74.33165423340469,-23.53492655265605,-24.512539366720276,368.90900940565115
24,1.5,5,0.2,1.5,0.55,96,5,4,74.33165423340469,-23.53492655265605,-24.512539366720276,368.90900940565115
24,1.5,5,0.2,2.0,0.4,12,5,4,82.5727234334956,-23.53492655265605,-24.512539366720276,401.87328620601477
24,1.5,5,0.2,2.0,0.4,24,5,4,82.5727234334956,-23.53492655265605,-24.512539366720276,401.87328620601477
24,1.5,5,0.2,2.0,0.4,48,5,4,82.5727234334956,-23.53492655265605,-24.512539366720276,401.87328620601477
24,1.5,5,0.2,2.0,0.4,96,5,4,82.5727234334956,-23.53492655265605,-24.512539366720276,401.87328620601477
24,1.5,5,0.2,2.0,0.55,12,5,4,74.33165423340469,-23.53492655265605,-24.512539366720276,368.90900940565115
24,1.5,5,0.2,2.0,0.55,24,5,4,74.33165423340469,-23.53492655265605,-24.512539366720276,368.90900940565115
24,1.5,5,0.2,2.0,0.55,48,5,4,74.33165423340469,-23.53492655265605,-24.512539366720276,368.90900940565115
24,1.5,5,0.2,2.0,0.55,96,5,4,74.33165423340469,-23.53492655265605,-24.512539366720276,368.90900940565115
24,1.5,5,0.3,1.5,0.4,12,5,4,79.61788136632663,-24.079782981516153,-35.24219477767592,401.87328620601477
24,1.5,5,0.3,1.5,0.4,24,5,4,82.91148034015013,-17.316308299759367,-35.59474824589549,401.87328620601477
24,1.5,5,0.3,1.5,0.4,48,5,4,59.21431035655653,-35.418471511785704,-94.17910175621724,401.87328620601477
24,1.5,5,0.3,1.5,0.4,96,5,4,59.21431035655653,-35.418471511785704,-94.17910175621724,401.87328620601477
24,1.5,5,0.3,1.5,0.55,12,5,4,71.37681216623574,-24.079782981516153,-35.24219477767592,368.90900940565115
24,1.5,5,0.3,1.5,0.55,24,5,4,74.67041114005923,-17.316308299759367,-35.59474824589549,368.90900940565115
24,1.5,5,0.3,1.5,0.55,48,5,4,50.973241156465626,-35.418471511785704,-94.17910175621724,368.90900940565115
24,1.5,5,0.3,1.5,0.55,96,5,4,50.973241156465626,-35.418471511785704,-94.17910175621724,368.90900940565115
24,1.5,5,0.3,2.0,0.4,12,5,4,79.61788136632663,-24.079782981516153,-35.24219477767592,401.87328620601477
24,1.5,5,0.3,2.0,0.4,24,5,4,82.91148034015013,-17.316308299759367,-35.59474824589549,401.87328620601477
24,1.5,5,0.3,2.0,0.4,48,5,4,59.21431035655653,-35.418471511785704,-94.17910175621724,401.87328620601477
24,1.5,5,0.3,2.0,0.4,96,5,4,59.21431035655653,-35.418471511785704,-94.17910175621724,401.87328620601477
24,1.5,5,0.3,2.0,0.55,12,5,4,71.37681216623574,-24.079782981516153,-35.24219477767592,368.90900940565115
24,1.5,5,0.3,2.0,0.55,24,5,4,74.67041114005923,-17.316308299759367,-35.59474824589549,368.90900940565115
24,1.5,5,0.3,2.0,0.55,48,5,4,50.973241156465626,-35.418471511785704,-94.17910175621724,368.90900940565115
24,1.5,5,0.3,2.0,0.55,96,5,4,50.973241156465626,-35.418471511785704,-94.17910175621724,368.90900940565115
24,1.5,20,0.2,1.5,0.4,12,4,4,81.99196744134784,-23.691793950141953,-26.52182854033952,401.87328620601477
24,1.5,20,0.2,1.5,0.4,24,4,4,81.99196744134784,-23.691793950141953,-26.52182854033952,401.87328620601477
24,1.5,20,0.2,1.5,0.4,48,4,4,81.99196744134784,-23.691793950141953,-26.52182854033952,401.87328620601477
24,1.5,20,0.2,1.5,0.4,96,4,4,81.99196744134784,-23.691793950141953,-26.52182854033952,401.87328620601477
24,1.5,20,0.2,1.5,0.55,12,4,4,73.75089824125693,-23.691793950141953,-26.52182854033952,368.90900940565115
24,1.5,20,0.2,1.5,0.55,24,4,4,73.75089824125693,-23.691793950141953,-26.52182854033952,368.90900940565115
24,1.5,20,0.2,1.5,0.55,48,4,4,73.75089824125693,-23.691793950141953,-26.52182854033952,368.90900940565115
24,1.5,20,0.2,1.5,0.55,96,4,4,73.75089824125693,-23.691793950141953,-26.52182854033952,368.90900940565115
24,1.5,20,0.2,2.0,0.4,12,4,4,81.99196744134784,-23.691793950141953,-26.52182854033952,401.87328620601477
24,1.5,20,0.2,2.0,0.4,24,4,4,81.99196744134784,-23.691793950141953,-26.52182854033952,401.87328620601477
24,1.5,20,0.2,2.0,0.4,48,4,4,81.99196744134784,-23.691793950141953,-26.52182854033952,401.87328620601477
24,1.5,20,0.2,2.0,0.4,96,4,4,81.99196744134784,-23.691793950141953,-26.52182854033952,401.87328620601477
24,1.5,20,0.2,2.0,0.55,12,4,4,73.75089824125693,-23.691793950141953,-26.52182854033952,368.90900940565115
24,1.5,20,0.2,2.0,0.55,24,4,4,73.75089824125693,-23.691793950141953,-26.52182854033952,368.90900940565115
24,1.5,20,0.2,2.0,0.55,48,4,4,73.75089824125693,-23.691793950141953,-26.52182854033952,368.90900940565115
24,1.5,20,0.2,2.0,0.55,96,4,4,73.75089824125693,-23.691793950141953,-26.52182854033952,368.90900940565115
24,1.5,20,0.3,1.5,0.4,12,4,4,75.02865869739682,-30.98868563450776,-39.78128014741197,401.87328620601477
24,1.5,20,0.3,1.5,0.4,24,4,4,81.86484736477101,-17.316308299759367,-39.78128014741197,401.87328620601477
24,1.5,20,0.3,1.5,0.4,48,4,4,58.16767738117741,-37.51173746254395,-94.17910175621724,401.87328620601477
24,1.5,20,0.3,1.5,0.4,96,4,4,58.16767738117741,-37.51173746254395,-94.17910175621724,401.87328620601477
24,1.5,20,0.3,1.5,0.55,12,4,4,66.78758949730592,-30.98868563450776,-39.78128014741197,368.90900940565115
24,1.5,20,0.3,1.5,0.55,24,4,4,73.62377816468012,-17.316308299759367,-39.78128014741197,368.90900940565115
24,1.5,20,0.3,1.5,0.55,48,4,4,49.92660818108651,-37.51173746254395,-94.17910175621724,368.90900940565115
24,1.5,20,0.3,1.5,0.55,96,4,4,49.92660818108651,-37.51173746254395,-94.17910175621724,368.90900940565115
24,1.5,20,0.3,2.0,0.4,12,4,4,75.02865869739682,-30.98868563450776,-39.78128014741197,401.87328620601477
24,1.5,20,0.3,2.0,0.4,24,4,4,81.86484736477101,-17.316308299759367,-39.78128014741197,401.87328620601477
24,1.5,20,0.3,2.0,0.4,48,4,4,58.16767738117741,-37.51173746254395,-94.17910175621724,401.87328620601477
24,1.5,20,0.3,2.0,0.4,96,4,4,58.16767738117741,-37.51173746254395,-94.17910175621724,401.87328620601477
24,1.5,20,0.3,2.0,0.55,12,4,4,66.78758949730592,-30.98868563450776,-39.78128014741197,368.90900940565115
24,1.5,20,0.3,2.0,0.55,24,4,4,73.62377816468012,-17.316308299759367,-39.78128014741197,368.90900940565115
24,1.5,20,0.3,2.0,0.55,48,4,4,49.92660818108651,-37.51173746254395,-94.17910175621724,368.90900940565115
24,1.5,20,0.3,2.0,0.55,96,4,4,49.92660818108651,-37.51173746254395,-94.17910175621724,368.90900940565115
24,2.0,1,0.2,1.5,0.4,12,4,4,81.99196744134784,-23.691793950141953,-26.52182854033952,401.87328620601477
24,2.0,1,0.2,1.5,0.4,24,4,4,81.99196744134784,-23.691793950141953,-26.52182854033952,401.87328620601477
24,2.0,1,0.2,1.5,0.4,48,4,4,81.99196744134784,-23.691793950141953,-26.52182854033952,401.87328620601477
24,2.0,1,0.2,1.5,0.4,96,4,4,81.99196744134784,-23.691793950141953,-26.52182854033952,401.87328620601477
24,2.0,1,0.2,1.5,0.55,12,4,4,73.75089824125693,-23.691793950141953,-26.52182854033952,368.90900940565115
24,2.0,1,0.2,1.5,0.55,24,4,4,73.75089824125693,-23.691793950141953,-26.52182854033952,368.90900940565115
24,2.0,1,0.2,1.5,0.55,48,4,4,73.75089824125693,-23.691793950141953,-26.52182854033952,368.90900940565115
24,2.0,1,0.2,1.5,0.55,96,4,4,73.75089824125693,-23.691793950141953,-26.52182854033952,368.90900940565115
24,2.0,1,0.2,2.0,0.4,12,4,4,81.99196744134784,-23.691793950141953,-26.52182854033952,401.87328620601477
24,2.0,1,0.2,2.0,0.4,24,4,4,81.99196744134784,-23.691793950141953,-26.52182854033952,401.87328620601477
24,2.0,1,0.2,2.0,0.4,48,4,4,81.99196744134784,-23.691793950141953,-26.52182854033952,401.87328620601477
24,2.0,1,0.2,2.0,0.4,96,4,4,81.99196744134784,-23.691793950141953,-26.52182854033952,401.87328620601477
24,2.0,1,0.2,2.0,0.55,12,4,4,73.75089824125693,-23.691793950141953,-26.52182854033952,368.90900940565115
24,2.0,1,0.2,2.0,0.55,24,4,4,73.75089824125693,-23.691793950141953,-26.52182854033952,368.90900940565115
24,2.0,1,0.2,2.0,0.55,48,4,4,73.75089824125693,-23.691793950141953,-26.52182854033952,368.90900940565115
24,2.0,1,0.2,2.0,0.55,96,4,4,73.75089824125693,-23.691793950141953,-26.52182854033952,368.90900940565115
24,2.0,1,0.3,1.5,0.4,12,4,4,75.02865869739682,-30.98868563450776,-39.78128014741197,401.87328620601477
24,2.0,1,0.3,1.5,0.4,24,4,4,81.86484736477101,-17.316308299759367,-39.78128014741197,401.87328620601477
24,2.0,1,0.3,1.5,0.4,48,4,4,58.16767738117741,-37.51173746254395,-94.17910175621724,401.87328620601477
24,2.0,1,0.3,1.5,0.4,96,4,4,58.16767738117741,-37.51173746254395,-94.17910175621724,401.87328620601477
24,2.0,1,0.3,1.5,0.55,12,4,4,66.78758949730592,-30.98868563450776,-39.78128014741197,368.90900940565115
24,2.0,1,0.3,1.5,0.55,24,4,4,73.62377816468012,-17.316308299759367,-39.78128014741197,368.90900940565115
24,2.0,1,0.3,1.5,0.55,48,4,4,49.92660818108651,-37.51173746254395,-94.17910175621724,368.90900940565115
24,2.0,1,0.3,1.5,0.55,96,4,4,49.92660818108651,-37.51173746254395,-94.17910175621724,368.90900940565115
24,2.0,1,0.3,2.0,0.4,12,4,4,75.02865869739682,-30.98868563450776,-39.78128014741197,401.87328620601477
24,2.0,1,0.3,2.0,0.4,24,4,4,81.86484736477101,-17.316308299759367,-39.78128014741197,401.87328620601477
24,2.0,1,0.3,2.0,0.4,48,4,4,58.16767738117741,-37.51173746254395,-94.17910175621724,401.87328620601477
24,2.0,1,0.3,2.0,0.4,96,4,4,58.16767738117741,-37.51173746254395,-94.17910175621724,401.87328620601477
24,2.0,1,0.3,2.0,0.55,12,4,4,66.78758949730592,-30.98868563450776,-39.78128014741197,368.90900940565115
24,2.0,1,0.3,2.0,0.55,24,4,4,73.62377816468012,-17.316308299759367,-39.78128014741197,368.90900940565115
24,2.0,1,0.3,2.0,0.55,48,4,4,49.92660818108651,-37.51173746254395,-94.17910175621724,368.90900940565115
24,2.0,1,0.3,2.0,0.55,96,4,4,49.92660818108651,-37.51173746254395,-94.17910175621724,368.90900940565115
24,2.0,5,0.2,1.5,0.4,12,4,4,81.99196744134784,-23.691793950141953,-26.52182854033952,401.87328620601477
24,2.0,5,0.2,1.5,0.4,24,4,4,81.99196744134784,-23.691793950141953,-26.52182854033952,401.87328620601477
24,2.0,5,0.2,1.5,0.4,48,4,4,81.99196744134784,-23.691793950141953,-26.52182854033952,401.87328620601477
24,2.0,5,0.2,1.5,0.4,96,4,4,81.99196744134784,-23.691793950141953,-26.52182854033952,401.87328620601477
24,2.0,5,0.2,1.5,0.55,12,4,4,73.75089824125693,-23.691793950141953,-26.52182854033952,368.90900940565115
24,2.0,5,0.2,1.5,0.55,24,4,4,73.75089824125693,-23.691793950141953,-26.52182854033952,368.90900940565115
24,2.0,5,0.2,1.5,0.55,48,4,4,73.75089824125693,-23.691793950141953,-26.52182854033952,368.90900940565115
24,2.0,5,0.2,1.5,0.55,96,4,4,73.75089824125693,-23.691793950141953,-26.52182854033952,368.90900940565115
24,2.0,5,0.2,2.0,0.4,12,4,4,81.99196744134784,-23.691793950141953,-26.52182854033952,401.87328620601477
24,2.0,5,0.2,2.0,0.4,24,4,4,81.99196744134784,-23.691793950141953,-26.52182854033952,401.87328620601477
24,2.0,5,0.2,2.0,0.4,48,4,4,81.99196744134784,-23.691793950141953,-26.52182854033952,401.87328620601477
24,2.0,5,0.2,2.0,0.4,96,4,4,81.99196744134784,-23.691793950141953,-26.52182854033952,401.87328620601477
24,2.0,5,0.2,2.0,0.55,12,4,4,73.75089824125693,-23.691793950141953,-26.52182854033952,368.90900940565115
24,2.0,5,0.2,2.0,0.55,24,4,4,73.75089824125693,-23.691793950141953,-26.52182854033952,368.90900940565115
24,2.0,5,0.2,2.0,0.55,48,4,4,73.75089824125693,-23.691793950141953,-26.52182854033952,368.90900940565115
24,2.0,5,0.2,2.0,0.55,96,4,4,73.75089824125693,-23.691793950141953,-26.52182854033952,368.90900940565115
24,2.0,5,0.3,1.5,0.4,12,4,4,75.02865869739682,-30.98868563450776,-39.78128014741197,401.87328620601477
24,2.0,5,0.3,1.5,0.4,24,4,4,81.86484736477101,-17.316308299759367,-39.78128014741197,401.87328620601477
24,2.0,5,0.3,1.5,0.4,48,4,4,58.16767738117741,-37.51173746254395,-94.17910175621724,401.87328620601477
24,2.0,5,0.3,1.5,0.4,96,4,4,58.16767738117741,-37.51173746254395,-94.17910175621724,401.87328620601477
24,2.0,5,0.3,1.5,0.55,12,4,4,66.78758949730592,-30.98868563450776,-39.78128014741197,368.90900940565115
24,2.0,5,0.3,1.5,0.55,24,4,4,73.62377816468012,-17.316308299759367,-39.78128014741197,368.90900940565115
24,2.0,5,0.3,1.5,0.55,48,4,4,49.92660818108651,-37.51173746254395,-94.17910175621724,368.90900940565115
24,2.0,5,0.3,1.5,0.55,96,4,4,49.92660818108651,-37.51173746254395,-94.17910175621724,368.90900940565115
24,2.0,5,0.3,2.0,0.4,12,4,4,75.02865869739682,-30.98868563450776,-39.78128014741197,401.87328620601477
24,2.0,5,0.3,2.0,0.4,24,4,4,81.86484736477101,-17.316308299759367,-39.78128014741197,401.87328620601477
24,2.0,5,0.3,2.0,0.4,48,4,4,58.16767738117741,-37.51173746254395,-94.17910175621724,401.87328620601477
24,2.0,5,0.3,2.0,0.4,96,4,4,58.16767738117741,-37.51173746254395,-94.17910175621724,401.87328620601477
24,2.0,5,0.3,2.0,0.55,12,4,4,66.78758949730592,-30.98868563450776,-39.78128014741197,368.90900940565115
24,2.0,5,0.3,2.0,0.55,24,4,4,73.62377816468012,-17.316308299759367,-39.78128014741197,368.90900940565115
24,2.0,5,0.3,2.0,0.55,48,4,4,49.92660818108651,-37.51173746254395,-94.17910175621724,368.90900940565115
24,2.0,5,0.3,2.0,0.55,96,4,4,49.92660818108651,-37.51173746254395,-94.17910175621724,368.90900940565115
24,2.0,20,0.2,1.5,0.4,12,4,4,81.99196744134784,-23.691793950141953,-26.52182854033952,401.87328620601477
24,2.0,20,0.2,1.5,0.4,24,4,4,81.99196744134784,-23.691793950141953,-26.52182854033952,401.87328620601477
24,2.0,20,0.2,1.5,0.4,48,4,4,81.99196744134784,-23.691793950141953,-26.52182854033952,401.87328620601477
24,2.0,20,0.2,1.5,0.4,96,4,4,81.99196744134784,-23.691793950141953,-26.52182854033952,401.87328620601477
24,2.0,20,0.2,1.5,0.55,12,4,4,73.75089824125693,-23.691793950141953,-26.52182854033952,368.90900940565115
24,2.0,20,0.2,1.5,0.55,24,4,4,73.75089824125693,-23.691793950141953,-26.52182854033952,368.90900940565115
24,2.0,20,0.2,1.5,0.55,48,4,4,73.75089824125693,-23.691793950141953,-26.52182854033952,368.90900940565115
24,2.0,20,0.2,1.5,0.55,96,4,4,73.75089824125693,-23.691793950141953,-26.52182854033952,368.90900940565115
24,2.0,20,0.2,2.0,0.4,12,4,4,81.99196744134784,-23.691793950141953,-26.52182854033952,401.87328620601477
24,2.0,20,0.2,2.0,0.4,24,4,4,81.99196744134784,-23.691793950141953,-26.52182854033952,401.87328620601477
24,2.0,20,0.2,2.0,0.4,48,4,4,81.99196744134784,-23.691793950141953,-26.52182854033952,401.87328620601477
24,2.0,20,0.2,2.0,0.4,96,4,4,81.99196744134784,-23.691793950141953,-26.52182854033952,401.87328620601477
24,2.0,20,0.2,2.0,0.55,12,4,4,73.75089824125693,-23.691793950141953,-26.52182854033952,368.90900940565115
24,2.0,20,0.2,2.0,0.55,24,4,4,73.75089824125693,-23.691793950141953,-26.52182854033952,368.90900940565115
24,2.0,20,0.2,2.0,0.55,48,4,4,73.75089824125693,-23.691793950141953,-26.52182854033952,368.90900940565115
24,2.0,20,0.2,2.0,0.55,96,4,4,73.75089824125693,-23.691793950141953,-26.52182854033952,368.90900940565115
24,2.0,20,0.3,1.5,0.4,12,4,4,75.02865869739682,-30.98868563450776,-39.78128014741197,401.87328620601477
24,2.0,20,0.3,1.5,0.4,24,4,4,81.86484736477101,-17.316308299759367,-39.78128014741197,401.87328620601477
24,2.0,20,0.3,1.5,0.4,48,4,4,58.16767738117741,-37.51173746254395,-94.17910175621724,401.87328620601477
24,2.0,20,0.3,1.5,0.4,96,4,4,58.16767738117741,-37.51173746254395,-94.17910175621724,401.87328620601477
24,2.0,20,0.3,1.5,0.55,12,4,4,66.78758949730592,-30.98868563450776,-39.78128014741197,368.90900940565115
24,2.0,20,0.3,1.5,0.55,24,4,4,73.62377816468012,-17.316308299759367,-39.78128014741197,368.90900940565115
24,2.0,20,0.3,1.5,0.55,48,4,4,49.92660818108651,-37.51173746254395,-94.17910175621724,368.90900940565115
24,2.0,20,0.3,1.5,0.55,96,4,4,49.92660818108651,-37.51173746254395,-94.17910175621724,368.90900940565115
24,2.0,20,0.3,2.0,0.4,12,4,4,75.02865869739682,-30.98868563450776,-39.78128014741197,401.87328620601477
24,2.0,20,0.3,2.0,0.4,24,4,4,81.86484736477101,-17.316308299759367,-39.78128014741197,401.87328620601477
24,2.0,20,0.3,2.0,0.4,48,4,4,58.16767738117741,-37.51173746254395,-94.17910175621724,401.87328620601477
24,2.0,20,0.3,2.0,0.4,96,4,4,58.16767738117741,-37.51173746254395,-94.17910175621724,401.87328620601477
24,2.0,20,0.3,2.0,0.55,12,4,4,66.78758949730592,-30.98868563450776,-39.78128014741197,368.90900940565115
24,2.0,20,0.3,2.0,0.55,24,4,4,73.62377816468012,-17.316308299759367,-39.78128014741197,368.90900940565115
24,2.0,20,0.3,2.0,0.55,48,4,4,49.92660818108651,-37.51173746254395,-94.17910175621724,368.90900940565115
24,2.0,20,0.3,2.0,0.55,96,4,4,49.92660818108651,-37.51173746254395,-94.17910175621724,368.90900940565115
48,1.0,1,0.2,1.5,0.4,12,9,4,-22.46222887103123,-33.47789361404557,-43.51880881481893,20.625680558785156
48,1.0,1,0.2,1.5,0.4,24,9,4,-28.70553016150983,-33.47789361404557,-44.0749364120176,-3.791397005930574
48,1.0,1,0.2,1.5,0.4,48,9,4,-28.886156684695713,-33.47789361404557,-44.797442504761136,-3.791397005930574
48,1.0,1,0.2,1.5,0.4,96,9,4,-28.983986544213554,-33.47789361404557,-45.18876194283249,-3.791397005930574
48,1.0,1,0.2,1.5,0.55,12,9,4,-22.46222887103123,-33.47789361404557,-43.51880881481893,20.625680558785156
48,1.0,1,0.2,1.5,0.55,24,9,4,-29.72864455720757,-33.47789361404557,-44.0749364120176,-7.883854588721539
48,1.0,1,0.2,1.5,0.55,48,9,4,-29.909271080393456,-33.47789361404557,-44.797442504761136,-7.883854588721539
48,1.0,1,0.2,1.5,0.55,96,9,4,-30.007100939911293,-33.47789361404557,-45.18876194283249,-7.883854588721539
48,1.0,1,0.2,2.0,0.4,12,9,4,-21.52334344292997,-33.47789361404557,-43.51880881481893,24.38122227119019
48,1.0,1,0.2,2.0,0.4,24,9,4,-28.09625672896555,-33.47789361404557,-44.0749364120176,-1.3543032757534474
48,1.0,1,0.2,2.0,0.4,48,9,4,-28.276883252151432,-33.47789361404557,-44.797442504761136,-1.3543032757534474
48,1.0,1,0.2,2.0,0.4,96,9,4,-28.374713111669273,-33.47789361404557,-45.18876194283249,-1.3543032757534474
48,1.0,1,0.2,2.0,0.55,12,9,4,-21.52334344292997,-33.47789361404557,-43.51880881481893,24.38122227119019
48,1.0,1,0.2,2.0,0.55,24,9,4,-29.295112022443593,-33.47789361404557,-44.0749364120176,-6.149724449665622
48,1.0,1,0.2,2.0,0.55,48,9,4,-29.475738545629476,-33.47789361404557,-44.797442504761136,-6.149724449665622
48,1.0,1,0.2,2.0,0.55,96,9,4,-29.573568405147316,-33.47789361404557,-45.18876194283249,-6.149724449665622
48,1.0,1,0.3,1.5,0.4,12,9,4,-31.456825581489202,-37.74867101070399,-67.11215153468864,16.782191230139787
48,1.0,1,0.3,1.5,0.4,24,9,4,-39.08112210494244,-37.74867101070399,-67.6682791318873,-13.158867266474475
48,1.0,1,0.3,1.5,0.4,48,9,4,-39.26174862812832,-37.74867101070399,-68.39078522463085,-13.158867266474475
48,1.0,1,0.3,1.5,0.4,96,9,4,-25.553627441941124,-23.67929711684765,-41.69704826759472,-13.158867266474475
48,1.0,1,0.3,1.5,0.55,12,9,4,-31.456825581489202,-37.74867101070399,-67.11215153468864,16.782191230139787
48,1.0,1,0.3,1.5,0.55,24,9,4,-40.10423650064018,-37.74867101070399,-67.6682791318873,-17.25132484926544
48,1.0,1,0.3,1.5,0.55,48,9,4,-40.28486302382606,-37.74867101070399,-68.39078522463085,-17.25132484926544
48,1.0,1,0.3,1.5,0.55,96,9,4,-30.067512151318326,-30.660837744206567,-41.69704826759472,-17.25132484926544
48,1.0,1,0.3,2.0,0.4,12,9,4,-30.517940153387944,-37.74867101070399,-67.11215153468864,20.53773294254482
48,1.0,1,0.3,2.0,0.4,24,9,4,-38.47184867239815,-37.74867101070399,-67.6682791318873,-10.721773536297349
48,1.0,1,0.3,2.0,0.4,48,9,4,-38.65247519558404,-37.74867101070399,-68.39078522463085,-10.721773536297349
48,1.0,1,0.3,2.0,0.4,96,9,4,-17.54018807677749,-22.2610336450553,-41.69704826759472,16.058363250595352
48,1.0,1,0.3,2.0,0.55,12,9,4,-30.517940153387944,-37.74867101070399,-67.11215153468864,20.53773294254482
48,1.0,1,0.3,2.0,0.55,24,9,4,-39.6707039658762,-37.74867101070399,-67.6682791318873,-15.517194710209523
48,1.0,1,0.3,2.0,0.55,48,9,4,-39.85133048906208,-37.74867101070399,-68.39078522463085,-15.517194710209523
48,1.0,1,0.3,2.0,0.55,96,9,4,-24.384290085718085,-24.658744232011387,-41.69704826759472,-6.5226236112548435
48,1.0,5,0.2,1.5,0.4,12,8,4,-25.81418211316199,-33.47789361404557,-56.92662178334197,20.625680558785156
48,1.0,5,0.2,1.5,0.4,24,8,4,-31.918451504340922,-33.47789361404557,-56.92662178334197,-3.791397005930574
48,1.0,5,0.2,1.5,0.4,48,8,4,-31.918451504340922,-33.47789361404557,-56.92662178334197,-3.791397005930574
48,1.0,5,0.2,1.5,0.4,96,8,4,-31.918451504340922,-33.47789361404557,-56.92662178334197,-3.791397005930574
48,1.0,5,0.2,1.5,0.55,12,8,4,-25.81418211316199,-33.47789361404557,-56.92662178334197,20.625680558785156
48,1.0,5,0.2,1.5,0.55,24,8,4,-32.94156590003866,-33.47789361404557,-56.92662178334197,-7.883854588721539
48,1.0,5,0.2,1.5,0.55,48,8,4,-32.94156590003866,-33.47789361404557,-56.92662178334197,-7.883854588721539
48,1.0,5,0.2,1.5,0.55,96,8,4,-32.94156590003866,-33.47789361404557,-56.92662178334197,-7.883854588721539
48,1.0,5,0.2,2.0,0.4,12,8,4,-24.875296685060732,-33.47789361404557,-56.92662178334197,24.38122227119019
48,1.0,5,0.2,2.0,0.4,24,8,4,-31.30917807179664,-33.47789361404557,-56.92662178334197,-1.3543032757534474
48,1.0,5,0.2,2.0,0.4,48,8,4,-31.30917807179664,-33.47789361404557,-56.92662178334197,-1.3543032757534474
48,1.0,5,0.2,2.0,0.4,96,8,4,-31.30917807179664,-33.47789361404557,-56.92662178334197,-1.3543032757534474
48,1.0,5,0.2,2.0,0.55,12,8,4,-24.875296685060732,-33.47789361404557,-56.92662178334197,24.38122227119019
48,1.0,5,0.2,2.0,0.55,24,8,4,-32.508033365274684,-33.47789361404557,-56.92662178334197,-6.149724449665622
48,1.0,5,0.2,2.0,0.55,48,8,4,-32.508033365274684,-33.47789361404557,-56.92662178334197,-6.149724449665622
48,1.0,5,0.2,2.0,0.55,96,8,4,-32.508033365274684,-33.47789361404557,-56.92662178334197,-6.149724449665622
48,1.0,5,0.3,1.5,0.4,12,8,4,-37.757946663603676,-37.74867101070399,-92.31663586314653,16.782191230139787
48,1.0,5,0.3,1.5,0.4,24,8,4,-45.24321128775725,-37.74867101070399,-92.31663586314653,-13.158867266474475
48,1.0,5,0.3,1.5,0.4,48,8,4,-45.24321128775725,-37.74867101070399,-92.31663586314653,-13.158867266474475
48,1.0,5,0.3,1.5,0.4,96,8,4,-45.24321128775725,-37.74867101070399,-92.31663586314653,-13.158867266474475
48,1.0,5,0.3,1.5,0.55,12,8,4,-37.757946663603676,-37.74867101070399,-92.31663586314653,16.782191230139787
48,1.0,5,0.3,1.5,0.55,24,8,4,-46.26632568345499,-37.74867101070399,-92.31663586314653,-17.25132484926544
48,1.0,5,0.3,1.5,0.55,48,8,4,-46.26632568345499,-37.74867101070399,-92.31663586314653,-17.25132484926544
48,1.0,5,0.3,1.5,0.55,96,8,4,-46.26632568345499,-37.74867101070399,-92.31663586314653,-17.25132484926544
48,1.0,5,0.3,2.0,0.4,12,8,4,-36.81906123550242,-37.74867101070399,-92.31663586314653,20.53773294254482
48,1.0,5,0.3,2.0,0.4,24,8,4,-44.63393785521296,-37.74867101070399,-92.31663586314653,-10.721773536297349
48,1.0,5,0.3,2.0,0.4,48,8,4,-44.63393785521296,-37.74867101070399,-92.31663586314653,-10.721773536297349
48,1.0,5,0.3,2.0,0.4,96,8,4,-44.63393785521296,-37.74867101070399,-92.31663586314653,-10.721773536297349
48,1.0,5,0.3,2.0,0.55,12,8,4,-36.81906123550242,-37.74867101070399,-92.31663586314653,20.53773294254482
48,1.0,5,0.3,2.0,0.55,24,8,4,-45.83279314869101,-37.74867101070399,-92.31663586314653,-15.517194710209523
48,1.0,5,0.3,2.0,0.55,48,8,4,-45.83279314869101,-37.74867101070399,-92.31663586314653,-15.517194710209523
48,1.0,5,0.3,2.0,0.55,96,8,4,-45.83279314869101,-37.74867101070399,-92.31663586314653,-15.517194710209523
48,1.0,20,0.2,1.5,0.4,12,7,4,-22.292540852867536,-33.47789361404557,-56.92662178334197,34.712245599962976
48,1.0,20,0.2,1.5,0.4,24,7,4,-30.431566707772777,-33.47789361404557,-56.92662178334197,2.156142180342003
48,1.0,20,0.2,1.5,0.4,48,7,4,-30.431566707772777,-33.47789361404557,-56.92662178334197,2.156142180342003
48,1.0,20,0.2,1.5,0.4,96,7,4,-30.431566707772777,-33.47789361404557,-56.92662178334197,2.156142180342003
48,1.0,20,0.2,1.5,0.55,12,7,4,-22.292540852867536,-33.47789361404557,-56.92662178334197,34.712245599962976
48,1.0,20,0.2,1.5,0.55,24,7,4,-31.795719235369766,-33.47789361404557,-56.92662178334197,-3.3004679300459507
48,1.0,20,0.2,1.5,0.55,48,7,4,-31.795719235369766,-33.47789361404557,-56.92662178334197,-3.3004679300459507
48,1.0,20,0.2,1.5,0.55,96,7,4,-31.795719235369766,-33.47789361404557,-56.92662178334197,-3.3004679300459507
48,1.0,20,0.2,2.0,0.4,12,7,4,-21.040693615399192,-33.47789361404557,-56.92662178334197,39.71963454983635
48,1.0,20,0.2,2.0,0.4,24,7,4,-29.61920213104707,-33.47789361404557,-56.92662178334197,5.405600487244839
48,1.0,20,0.2,2.0,0.4,48,7,4,-29.61920213104707,-33.47789361404557,-56.92662178334197,5.405600487244839
48,1.0,20,0.2,2.0,0.4,96,7,4,-29.61920213104707,-33.47789361404557,-56.92662178334197,5.405600487244839
48,1.0,20,0.2,2.0,0.55,12,7,4,-21.040693615399192,-33.47789361404557,-56.92662178334197,39.71963454983635
48,1.0,20,0.2,2.0,0.55,24,7,4,-31.217675855684462,-33.47789361404557,-56.92662178334197,-0.9882944113047275
48,1.0,20,0.2,2.0,0.55,48,7,4,-31.217675855684462,-33.47789361404557,-56.92662178334197,-0.9882944113047275
48,1.0,20,0.2,2.0,0.55,96,7,4,-31.217675855684462,-33.47789361404557,-56.92662178334197,-0.9882944113047275
48,1.0,20,0.3,1.5,0.4,12,7,4,-33.27543307114788,-37.74867101070399,-92.31663586314653,34.712245599962976
48,1.0,20,0.3,1.5,0.4,24,7,4,-43.25578590335264,-37.74867101070399,-92.31663586314653,-5.209165728856043
48,1.0,20,0.3,1.5,0.4,48,7,4,-43.25578590335264,-37.74867101070399,-92.31663586314653,-5.209165728856043
48,1.0,20,0.3,1.5,0.4,96,7,4,-43.25578590335264,-37.74867101070399,-92.31663586314653,-5.209165728856043
48,1.0,20,0.3,1.5,0.55,12,7,4,-33.27543307114788,-37.74867101070399,-92.31663586314653,34.712245599962976
48,1.0,20,0.3,1.5,0.55,24,7,4,-44.619938430949624,-37.74867101070399,-92.31663586314653,-10.665775839243997
48,1.0,20,0.3,1.5,0.55,48,7,4,-44.619938430949624,-37.74867101070399,-92.31663586314653,-10.665775839243997
48,1.0,20,0.3,1.5,0.55,96,7,4,-44.619938430949624,-37.74867101070399,-92.31663586314653,-10.665775839243997
48,1.0,20,0.3,2.0,0.4,12,7,4,-32.02358583367954,-37.74867101070399,-92.31663586314653,39.71963454983635
48,1.0,20,0.3,2.0,0.4,24,7,4,-42.443421326626925,-37.74867101070399,-92.31663586314653,-1.9597074219532071
48,1.0,20,0.3,2.0,0.4,48,7,4,-42.443421326626925,-37.74867101070399,-92.31663586314653,-1.9597074219532071
48,1.0,20,0.3,2.0,0.4,96,7,4,-42.443421326626925,-37.74867101070399,-92.31663586314653,-1.9597074219532071
48,1.0,20,0.3,2.0,0.55,12,7,4,-32.02358583367954,-37.74867101070399,-92.31663586314653,39.71963454983635
48,1.0,20,0.3,2.0,0.55,24,7,4,-44.04189505126432,-37.74867101070399,-92.31663586314653,-8.353602320502773
48,1.0,20,0.3,2.0,0.55,48,7,4,-44.04189505126432,-37.74867101070399,-92.31663586314653,-8.353602320502773
48,1.0,20,0.3,2.0,0.55,96,7,4,-44.04189505126432,-37.74867101070399,-92.31663586314653,-8.353602320502773
48,1.25,1,0.2,1.5,0.4,12,7,4,-23.07602979325972,-33.47789361404557,-56.92662178334197,31.578289838394227
48,1.25,1,0.2,1.5,0.4,24,7,4,-29.898165170670737,-33.47789361404557,-56.92662178334197,4.289748328750172
48,1.25,1,0.2,1.5,0.4,48,7,4,-29.898165170670737,-33.47789361404557,-56.92662178334197,4.289748328750172
48,1.25,1,0.2,1.5,0.4,96,7,4,-29.898165170670737,-33.47789361404557,-56.92662178334197,4.289748328750172
48,1.25,1,0.2,1.5,0.55,12,7,4,-23.07602979325972,-33.47789361404557,-56.92662178334197,31.578289838394227
48,1.25,1,0.2,1.5,0.55,24,7,4,-31.262317698267726,-33.47789361404557,-56.92662178334197,-1.166861781637781
48,1.25,1,0.2,1.5,0.55,48,7,4,-31.262317698267726,-33.47789361404557,-56.92662178334197,-1.166861781637781
48,1.25,1,0.2,1.5,0.55,96,7,4,-31.262317698267726,-33.47789361404557,-56.92662178334197,-1.166861781637781
48,1.25,1,0.2,2.0,0.4,12,7,4,-21.82418255579138,-33.47789361404557,-56.92662178334197,36.58567878826759
48,1.25,1,0.2,2.0,0.4,24,7,4,-29.085800593945027,-33.47789361404557,-56.92662178334197,7.5392066356530085
48,1.25,1,0.2,2.0,0.4,48,7,4,-29.085800593945027,-33.47789361404557,-56.92662178334197,7.5392066356530085
48,1.25,1,0.2,2.0,0.4,96,7,4,-29.085800593945027,-33.47789361404557,-56.92662178334197,7.5392066356530085
48,1.25,1,0.2,2.0,0.55,12,7,4,-21.82418255579138,-33.47789361404557,-56.92662178334197,36.58567878826759
48,1.25,1,0.2,2.0,0.55,24,7,4,-30.684274318582418,-33.47789361404557,-56.92662178334197,1.145311737103442
48,1.25,1,0.2,2.0,0.55,48,7,4,-30.684274318582418,-33.47789361404557,-56.92662178334197,1.145311737103442
48,1.25,1,0.2,2.0,0.55,96,7,4,-30.684274318582418,-33.47789361404557,-56.92662178334197,1.145311737103442
48,1.25,1,0.3,1.5,0.4,12,7,4,-35.34008512108853,-37.74867101070399,-92.31663586314653,26.453637400200403
48,1.25,1,0.3,1.5,0.4,24,7,4,-43.70669648887813,-37.74867101070399,-92.31663586314653,-7.012808070958013
48,1.25,1,0.3,1.5,0.4,48,7,4,-43.70669648887813,-37.74867101070399,-92.31663586314653,-7.012808070958013
48,1.25,1,0.3,1.5,0.4,96,7,4,-43.70669648887813,-37.74867101070399,-92.31663586314653,-7.012808070958013
48,1.25,1,0.3,1.5,0.55,12,7,4,-35.34008512108853,-37.74867101070399,-92.31663586314653,26.453637400200403
48,1.25,1,0.3,1.5,0.55,24,7,4,-45.070849016475115,-37.74867101070399,-92.31663586314653,-12.469418181345967
48,1.25,1,0.3,1.5,0.55,48,7,4,-45.070849016475115,-37.74867101070399,-92.31663586314653,-12.469418181345967
48,1.25,1,0.3,1.5,0.55,96,7,4,-45.070849016475115,-37.74867101070399,-92.31663586314653,-12.469418181345967
48,1.25,1,0.3,2.0,0.4,12,7,4,-34.08823788362018,-37.74867101070399,-92.31663586314653,31.46102635007378
48,1.25,1,0.3,2.0,0.4,24,7,4,-42.894331912152424,-37.74867101070399,-92.31663586314653,-3.763349764055178
48,1.25,1,0.3,2.0,0.4,48,7,4,-42.894331912152424,-37.74867101070399,-92.31663586314653,-3.763349764055178
48,1.25,1,0.3,2.0,0.4,96,7,4,-42.894331912152424,-37.74867101070399,-92.31663586314653,-3.763349764055178
48,1.25,1,0.3,2.0,0.55,12,7,4,-34.08823788362018,-37.74867101070399,-92.31663586314653,31.46102635007378
48,1.25,1,0.3,2.0,0.55,24,7,4,-44.49280563678981,-37.74867101070399,-92.31663586314653,-10.157244662604745
48,1.25,1,0.3,2.0,0.55,48,7,4,-44.49280563678981,-37.74867101070399,-92.31663586314653,-10.157244662604745
48,1.25,1,0.3,2.0,0.55,96,7,4,-44.49280563678981,-37.74867101070399,-92.31663586314653,-10.157244662604745
48,1.25,5,0.2,1.5,0.4,12,7,4,-23.07602979325972,-33.47789361404557,-56.92662178334197,31.578289838394227
48,1.25,5,0.2,1.5,0.4,24,7,4,-29.898165170670737,-33.47789361404557,-56.92662178334197,4.289748328750172
48,1.25,5,0.2,1.5,0.4,48,7,4,-29.898165170670737,-33.47789361404557,-56.92662178334197,4.289748328750172
48,1.25,5,0.2,1.5,0.4,96,7,4,-29.898165170670737,-33.47789361404557,-56.92662178334197,4.289748328750172
48,1.25,5,0.2,1.5,0.55,12,7,4,-23.07602979325972,-33.47789361404557,-56.92662178334197,31.578289838394227
48,1.25,5,0.2,1.5,0.55,24,7,4,-31.262317698267726,-33.47789361404557,-56.92662178334197,-1.166861781637781
48,1.25,5,0.2,1.5,0.55,48,7,4,-31.262317698267726,-33.47789361404557,-56.92662178334197,-1.166861781637781
48,1.25,5,0.2,1.5,0.55,96,7,4,-31.262317698267726,-33.47789361404557,-56.92662178334197,-1.166861781637781
48,1.25,5,0.2,2.0,0.4,12,7,4,-21.82418255579138,-33.47789361404557,-56.92662178334197,36.58567878826759
48,1.25,5,0.2,2.0,0.4,24,7,4,-29.085800593945027,-33.47789361404557,-56.92662178334197,7.5392066356530085
48,1.25,5,0.2,2.0,0.4,48,7,4,-29.085800593945027,-33.47789361404557,-56.92662178334197,7.5392066356530085
48,1.25,5,0.2,2.0,0.4,96,7,4,-29.085800593945027,-33.47789361404557,-56.92662178334197,7.5392066356530085
48,1.25,5,0.2,2.0,0.55,12,7,4,-21.82418255579138,-33.47789361404557,-56.92662178334197,36.58567878826759
48,1.25,5,0.2,2.0,0.55,24,7,4,-30.684274318582418,-33.47789361404557,-56.92662178334197,1.145311737103442
48,1.25,5,0.2,2.0,0.55,48,7,4,-30.684274318582418,-33.47789361404557,-56.92662178334197,1.145311737103442
48,1.25,5,0.2,2.0,0.55,96,7,4,-30.684274318582418,-33.47789361404557,-56.92662178334197,1.145311737103442
48,1.25,5,0.3,1.5,0.4,12,7,4,-35.34008512108853,-37.74867101070399,-92.31663586314653,26.453637400200403
48,1.25,5,0.3,1.5,0.4,24,7,4,-43.70669648887813,-37.74867101070399,-92.31663586314653,-7.012808070958013
48,1.25,5,0.3,1.5,0.4,48,7,4,-43.70669648887813,-37.74867101070399,-92.31663586314653,-7.012808070958013
48,1.25,5,0.3,1.5,0.4,96,7,4,-43.70669648887813,-37.74867101070399,-92.31663586314653,-7.012808070958013
48,1.25,5,0.3,1.5,0.55,12,7,4,-35.34008512108853,-37.74867101070399,-92.31663586314653,26.453637400200403
48,1.25,5,0.3,1.5,0.55,24,7,4,-45.070849016475115,-37.74867101070399,-92.31663586314653,-12.469418181345967
48,1.25,5,0.3,1.5,0.55,48,7,4,-45.070849016475115,-37.74867101070399,-92.31663586314653,-12.469418181345967
48,1.25,5,0.3,1.5,0.55,96,7,4,-45.070849016475115,-37.74867101070399,-92.31663586314653,-12.469418181345967
48,1.25,5,0.3,2.0,0.4,12,7,4,-34.08823788362018,-37.74867101070399,-92.31663586314653,31.46102635007378
48,1.25,5,0.3,2.0,0.4,24,7,4,-42.894331912152424,-37.74867101070399,-92.31663586314653,-3.763349764055178
48,1.25,5,0.3,2.0,0.4,48,7,4,-42.894331912152424,-37.74867101070399,-92.31663586314653,-3.763349764055178
48,1.25,5,0.3,2.0,0.4,96,7,4,-42.894331912152424,-37.74867101070399,-92.31663586314653,-3.763349764055178
48,1.25,5,0.3,2.0,0.55,12,7,4,-34.08823788362018,-37.74867101070399,-92.31663586314653,31.46102635007378
48,1.25,5,0.3,2.0,0.55,24,7,4,-44.49280563678981,-37.74867101070399,-92.31663586314653,-10.157244662604745
48,1.25,5,0.3,2.0,0.55,48,7,4,-44.49280563678981,-37.74867101070399,-92.31663586314653,-10.157244662604745
48,1.25,5,0.3,2.0,0.55,96,7,4,-44.49280563678981,-37.74867101070399,-92.31663586314653,-10.157244662604745
48,1.25,20,0.2,1.5,0.4,12,6,4,-16.424491742866905,-33.47789361404557,-56.92662178334197,58.18444203996549
48,1.25,20,0.2,1.5,0.4,24,6,4,-26.65769480898343,-33.47789361404557,-56.92662178334197,17.25162977549941
48,1.25,20,0.2,1.5,0.4,48,6,4,-26.65769480898343,-33.47789361404557,-56.92662178334197,17.25162977549941
48,1.25,20,0.2,1.5,0.4,96,6,4,-26.65769480898343,-33.47789361404557,-56.92662178334197,17.25162977549941
48,1.25,20,0.2,1.5,0.55,12,6,4,-16.424491742866905,-33.47789361404557,-56.92662178334197,58.18444203996549
48,1.25,20,0.2,1.5,0.55,24,6,4,-28.70392360037891,-33.47789361404557,-56.92662178334197,9.066714609917481
48,1.25,20,0.2,1.5,0.55,48,6,4,-28.70392360037891,-33.47789361404557,-56.92662178334197,9.066714609917481
48,1.25,20,0.2,1.5,0.55,96,6,4,-28.70392360037891,-33.47789361404557,-56.92662178334197,9.066714609917481
48,1.25,20,0.2,2.0,0.4,12,6,4,-14.546720886664389,-33.47789361404557,-56.92662178334197,65.69552546477556
48,1.25,20,0.2,2.0,0.4,24,6,4,-25.439147943894863,-33.47789361404557,-56.92662178334197,22.125817235853667
48,1.25,20,0.2,2.0,0.4,48,6,4,-25.439147943894863,-33.47789361404557,-56.92662178334197,22.125817235853667
48,1.25,20,0.2,2.0,0.4,96,6,4,-25.439147943894863,-33.47789361404557,-56.92662178334197,22.125817235853667
48,1.25,20,0.2,2.0,0.55,12,6,4,-14.546720886664389,-33.47789361404557,-56.92662178334197,65.69552546477556
48,1.25,20,0.2,2.0,0.55,24,6,4,-27.83685853085095,-33.47789361404557,-56.92662178334197,12.534974888029316
48,1.25,20,0.2,2.0,0.55,48,6,4,-27.83685853085095,-33.47789361404557,-56.92662178334197,12.534974888029316
48,1.25,20,0.2,2.0,0.55,96,6,4,-27.83685853085095,-33.47789361404557,-56.92662178334197,12.534974888029316
48,1.25,20,0.3,1.5,0.4,12,6,4,-27.407383961147254,-37.74867101070399,-92.31663586314653,58.18444203996549
48,1.25,20,0.3,1.5,0.4,24,6,4,-39.95730101283166,-37.74867101070399,-92.31663586314653,7.984773833227866
48,1.25,20,0.3,1.5,0.4,48,6,4,-39.95730101283166,-37.74867101070399,-92.31663586314653,7.984773833227866
48,1.25,20,0.3,1.5,0.4,96,6,4,-39.95730101283166,-37.74867101070399,-92.31663586314653,7.984773833227866
48,1.25,20,0.3,1.5,0.55,12,6,4,-27.407383961147254,-37.74867101070399,-92.31663586314653,58.18444203996549
48,1.25,20,0.3,1.5,0.55,24,6,4,-42.00352980422714,-37.74867101070399,-92.31663586314653,-0.20014133235406462
48,1.25,20,0.3,1.5,0.55,48,6,4,-42.00352980422714,-37.74867101070399,-92.31663586314653,-0.20014133235406462
48,1.25,20,0.3,1.5,0.55,96,6,4,-42.00352980422714,-37.74867101070399,-92.31663586314653,-0.20014133235406462
48,1.25,20,0.3,2.0,0.4,12,6,4,-25.529613104944737,-37.74867101070399,-92.31663586314653,65.69552546477556
48,1.25,20,0.3,2.0,0.4,24,6,4,-38.738754147743094,-37.74867101070399,-92.31663586314653,12.85896129358212
48,1.25,20,0.3,2.0,0.4,48,6,4,-38.738754147743094,-37.74867101070399,-92.31663586314653,12.85896129358212
48,1.25,20,0.3,2.0,0.4,96,6,4,-38.738754147743094,-37.74867101070399,-92.31663586314653,12.85896129358212
48,1.25,20,0.3,2.0,0.55,12,6,4,-25.529613104944737,-37.74867101070399,-92.31663586314653,65.69552546477556
48,1.25,20,0.3,2.0,0.55,24,6,4,-41.13646473469918,-37.74867101070399,-92.31663586314653,3.26811894575777
48,1.25,20,0.3,2.0,0.55,48,6,4,-41.13646473469918,-37.74867101070399,-92.31663586314653,3.26811894575777
48,1.25,20,0.3,2.0,0.55,96,6,4,-41.13646473469918,-37.74867101070399,-92.31663586314653,3.26811894575777
48,1.5,1,0.2,1.5,0.4,12,7,4,-23.07602979325972,-33.47789361404557,-56.92662178334197,31.578289838394227
48,1.5,1,0.2,1.5,0.4,24,7,4,-29.898165170670737,-33.47789361404557,-56.92662178334197,4.289748328750172
48,1.5,1,0.2,1.5,0.4,48,7,4,-29.898165170670737,-33.47789361404557,-56.92662178334197,4.289748328750172
48,1.5,1,0.2,1.5,0.4,96,7,4,-29.898165170670737,-33.47789361404557,-56.92662178334197,4.289748328750172
48,1.5,1,0.2,1.5,0.55,12,7,4,-23.07602979325972,-33.47789361404557,-56.92662178334197,31.578289838394227
48,1.5,1,0.2,1.5,0.55,24,7,4,-31.262317698267726,-33.47789361404557,-56.92662178334197,-1.166861781637781
48,1.5,1,0.2,1.5,0.55,48,7,4,-31.262317698267726,-33.47789361404557,-56.92662178334197,-1.166861781637781
48,1.5,1,0.2,1.5,0.55,96,7,4,-31.262317698267726,-33.47789361404557,-56.92662178334197,-1.166861781637781
48,1.5,1,0.2,2.0,0.4,12,7,4,-21.82418255579138,-33.47789361404557,-56.92662178334197,36.58567878826759
48,1.5,1,0.2,2.0,0.4,24,7,4,-29.085800593945027,-33.47789361404557,-56.92662178334197,7.5392066356530085
48,1.5,1,0.2,2.0,0.4,48,7,4,-29.085800593945027,-33.47789361404557,-56.92662178334197,7.5392066356530085
48,1.5,1,0.2,2.0,0.4,96,7,4,-29.085800593945027,-33.47789361404557,-56.92662178334197,7.5392066356530085
48,1.5,1,0.2,2.0,0.55,12,7,4,-21.82418255579138,-33.47789361404557,-56.92662178334197,36.58567878826759
48,1.5,1,0.2,2.0,0.55,24,7,4,-30.684274318582418,-33.47789361404557,-56.92662178334197,1.145311737103442
48,1.5,1,0.2,2.0,0.55,48,7,4,-30.684274318582418,-33.47789361404557,-56.92662178334197,1.145311737103442
48,1.5,1,0.2,2.0,0.55,96,7,4,-30.684274318582418,-33.47789361404557,-56.92662178334197,1.145311737103442
48,1.5,1,0.3,1.5,0.4,12,7,4,-35.34008512108853,-37.74867101070399,-92.31663586314653,26.453637400200403
48,1.5,1,0.3,1.5,0.4,24,7,4,-43.70669648887813,-37.74867101070399,-92.31663586314653,-7.012808070958013
48,1.5,1,0.3,1.5,0.4,48,7,4,-43.70669648887813,-37.74867101070399,-92.31663586314653,-7.012808070958013
48,1.5,1,0.3,1.5,0.4,96,7,4,-43.70669648887813,-37.74867101070399,-92.31663586314653,-7.012808070958013
48,1.5,1,0.3,1.5,0.55,12,7,4,-35.34008512108853,-37.74867101070399,-92.31663586314653,26.453637400200403
48,1.5,1,0.3,1.5,0.55,24,7,4,-45.070849016475115,-37.74867101070399,-92.31663586314653,-12.469418181345967
48,1.5,1,0.3,1.5,0.55,48,7,4,-45.070849016475115,-37.74867101070399,-92.31663586314653,-12.469418181345967
48,1.5,1,0.3,1.5,0.55,96,7,4,-45.070849016475115,-37.74867101070399,-92.31663586314653,-12.469418181345967
48,1.5,1,0.3,2.0,0.4,12,7,4,-34.08823788362018,-37.74867101070399,-92.31663586314653,31.46102635007378
48,1.5,1,0.3,2.0,0.4,24,7,4,-42.894331912152424,-37.74867101070399,-92.31663586314653,-3.763349764055178
48,1.5,1,0.3,2.0,0.4,48,7,4,-42.894331912152424,-37.74867101070399,-92.31663586314653,-3.763349764055178
48,1.5,1,0.3,2.0,0.4,96,7,4,-42.894331912152424,-37.74867101070399,-92.31663586314653,-3.763349764055178
48,1.5,1,0.3,2.0,0.55,12,7,4,-34.08823788362018,-37.74867101070399,-92.31663586314653,31.46102635007378
48,1.5,1,0.3,2.0,0.55,24,7,4,-44.49280563678981,-37.74867101070399,-92.31663586314653,-10.157244662604745
48,1.5,1,0.3,2.0,0.55,48,7,4,-44.49280563678981,-37.74867101070399,-92.31663586314653,-10.157244662604745
48,1.5,1,0.3,2.0,0.55,96,7,4,-44.49280563678981,-37.74867101070399,-92.31663586314653,-10.157244662604745
48,1.5,5,0.2,1.5,0.4,12,7,4,-23.07602979325972,-33.47789361404557,-56.92662178334197,31.578289838394227
48,1.5,5,0.2,1.5,0.4,24,7,4,-29.898165170670737,-33.47789361404557,-56.92662178334197,4.289748328750172
48,1.5,5,0.2,1.5,0.4,48,7,4,-29.898165170670737,-33.47789361404557,-56.92662178334197,4.289748328750172
48,1.5,5,0.2,1.5,0.4,96,7,4,-29.898165170670737,-33.47789361404557,-56.92662178334197,4.289748328750172
48,1.5,5,0.2,1.5,0.55,12,7,4,-23.07602979325972,-33.47789361404557,-56.92662178334197,31.578289838394227
48,1.5,5,0.2,1.5,0.55,24,7,4,-31.262317698267726,-33.47789361404557,-56.92662178334197,-1.166861781637781
48,1.5,5,0.2,1.5,0.55,48,7,4,-31.262317698267726,-33.47789361404557,-56.92662178334197,-1.166861781637781
48,1.5,5,0.2,1.5,0.55,96,7,4,-31.262317698267726,-33.47789361404557,-56.92662178334197,-1.166861781637781
48,1.5,5,0.2,2.0,0.4,12,7,4,-21.82418255579138,-33.47789361404557,-56.92662178334197,36.58567878826759
48,1.5,5,0.2,2.0,0.4,24,7,4,-29.085800593945027,-33.47789361404557,-56.92662178334197,7.5392066356530085
48,1.5,5,0.2,2.0,0.4,48,7,4,-29.085800593945027,-33.47789361404557,-56.92662178334197,7.5392066356530085
48,1.5,5,0.2,2.0,0.4,96,7,4,-29.085800593945027,-33.47789361404557,-56.92662178334197,7.5392066356530085
48,1.5,5,0.2,2.0,0.55,12,7,4,-21.82418255579138,-33.47789361404557,-56.92662178334197,36.58567878826759
48,1.5,5,0.2,2.0,0.55,24,7,4,-30.684274318582418,-33.47789361404557,-56.92662178334197,1.145311737103442
48,1.5,5,0.2,2.0,0.55,48,7,4,-30.684274318582418,-33.47789361404557,-56.92662178334197,1.145311737103442
48,1.5,5,0.2,2.0,0.55,96,7,4,-30.684274318582418,-33.47789361404557,-56.92662178334197,1.145311737103442
48,1.5,5,0.3,1.5,0.4,12,7,4,-35.34008512108853,-37.74867101070399,-92.31663586314653,26.453637400200403
48,1.5,5,0.3,1.5,0.4,24,7,4,-43.70669648887813,-37.74867101070399,-92.31663586314653,-7.012808070958013
48,1.5,5,0.3,1.5,0.4,48,7,4,-43.70669648887813,-37.74867101070399,-92.31663586314653,-7.012808070958013
48,1.5,5,0.3,1.5,0.4,96,7,4,-43.70669648887813,-37.74867101070399,-92.31663586314653,-7.012808070958013
48,1.5,5,0.3,1.5,0.55,12,7,4,-35.34008512108853,-37.74867101070399,-92.31663586314653,26.453637400200403
48,1.5,5,0.3,1.5,0.55,24,7,4,-45.070849016475115,-37.74867101070399,-92.31663586314653,-12.469418181345967
48,1.5,5,0.3,1.5,0.55,48,7,4,-45.070849016475115,-37.74867101070399,-92.31663586314653,-12.469418181345967
48,1.5,5,0.3,1.5,0.55,96,7,4,-45.070849016475115,-37.74867101070399,-92.31663586314653,-12.469418181345967
48,1.5,5,0.3,2.0,0.4,12,7,4,-34.08823788362018,-37.74867101070399,-92.31663586314653,31.46102635007378
48,1.5,5,0.3,2.0,0.4,24,7,4,-42.894331912152424,-37.74867101070399,-92.31663586314653,-3.763349764055178
48,1.5,5,0.3,2.0,0.4,48,7,4,-42.894331912152424,-37.74867101070399,-92.31663586314653,-3.763349764055178
48,1.5,5,0.3,2.0,0.4,96,7,4,-42.894331912152424,-37.74867101070399,-92.31663586314653,-3.763349764055178
48,1.5,5,0.3,2.0,0.55,12,7,4,-34.08823788362018,-37.74867101070399,-92.31663586314653,31.46102635007378
48,1.5,5,0.3,2.0,0.55,24,7,4,-44.49280563678981,-37.74867101070399,-92.31663586314653,-10.157244662604745
48,1.5,5,0.3,2.0,0.55,48,7,4,-44.49280563678981,-37.74867101070399,-92.31663586314653,-10.157244662604745
48,1.5,5,0.3,2.0,0.55,96,7,4,-44.49280563678981,-37.74867101070399,-92.31663586314653,-10.157244662604745
48,1.5,20,0.2,1.5,0.4,12,6,4,-16.424491742866905,-33.47789361404557,-56.92662178334197,58.18444203996549
48,1.5,20,0.2,1.5,0.4,24,6,4,-26.65769480898343,-33.47789361404557,-56.92662178334197,17.25162977549941
48,1.5,20,0.2,1.5,0.4,48,6,4,-26.65769480898343,-33.47789361404557,-56.92662178334197,17.25162977549941
48,1.5,20,0.2,1.5,0.4,96,6,4,-26.65769480898343,-33.47789361404557,-56.92662178334197,17.25162977549941
48,1.5,20,0.2,1.5,0.55,12,6,4,-16.424491742866905,-33.47789361404557,-56.92662178334197,58.18444203996549
48,1.5,20,0.2,1.5,0.55,24,6,4,-28.70392360037891,-33.47789361404557,-56.92662178334197,9.066714609917481
48,1.5,20,0.2,1.5,0.55,48,6,4,-28.70392360037891,-33.47789361404557,-56.92662178334197,9.066714609917481
48,1.5,20,0.2,1.5,0.55,96,6,4,-28.70392360037891,-33.47789361404557,-56.92662178334197,9.066714609917481
48,1.5,20,0.2,2.0,0.4,12,6,4,-14.546720886664389,-33.47789361404557,-56.92662178334197,65.69552546477556
48,1.5,20,0.2,2.0,0.4,24,6,4,-25.439147943894863,-33.47789361404557,-56.92662178334197,22.125817235853667
48,1.5,20,0.2,2.0,0.4,48,6,4,-25.439147943894863,-33.47789361404557,-56.92662178334197,22.125817235853667
48,1.5,20,0.2,2.0,0.4,96,6,4,-25.439147943894863,-33.47789361404557,-56.92662178334197,22.125817235853667
48,1.5,20,0.2,2.0,0.55,12,6,4,-14.546720886664389,-33.47789361404557,-56.92662178334197,65.69552546477556
48,1.5,20,0.2,2.0,0.55,24,6,4,-27.83685853085095,-33.47789361404557,-56.92662178334197,12.534974888029316
48,1.5,20,0.2,2.0,0.55,48,6,4,-27.83685853085095,-33.47789361404557,-56.92662178334197,12.534974888029316
48,1.5,20,0.2,2.0,0.55,96,6,4,-27.83685853085095,-33.47789361404557,-56.92662178334197,12.534974888029316
48,1.5,20,0.3,1.5,0.4,12,6,4,-27.407383961147254,-37.74867101070399,-92.31663586314653,58.18444203996549
48,1.5,20,0.3,1.5,0.4,24,6,4,-39.95730101283166,-37.74867101070399,-92.31663586314653,7.984773833227866
48,1.5,20,0.3,1.5,0.4,48,6,4,-39.95730101283166,-37.74867101070399,-92.31663586314653,7.984773833227866
48,1.5,20,0.3,1.5,0.4,96,6,4,-39.95730101283166,-37.74867101070399,-92.31663586314653,7.984773833227866
48,1.5,20,0.3,1.5,0.55,12,6,4,-27.407383961147254,-37.74867101070399,-92.31663586314653,58.18444203996549
48,1.5,20,0.3,1.5,0.55,24,6,4,-42.00352980422714,-37.74867101070399,-92.31663586314653,-0.20014133235406462
48,1.5,20,0.3,1.5,0.55,48,6,4,-42.00352980422714,-37.74867101070399,-92.31663586314653,-0.20014133235406462
48,1.5,20,0.3,1.5,0.55,96,6,4,-42.00352980422714,-37.74867101070399,-92.31663586314653,-0.20014133235406462
48,1.5,20,0.3,2.0,0.4,12,6,4,-25.529613104944737,-37.74867101070399,-92.31663586314653,65.69552546477556
48,1.5,20,0.3,2.0,0.4,24,6,4,-38.738754147743094,-37.74867101070399,-92.31663586314653,12.85896129358212
48,1.5,20,0.3,2.0,0.4,48,6,4,-38.738754147743094,-37.74867101070399,-92.31663586314653,12.85896129358212
48,1.5,20,0.3,2.0,0.4,96,6,4,-38.738754147743094,-37.74867101070399,-92.31663586314653,12.85896129358212
48,1.5,20,0.3,2.0,0.55,12,6,4,-25.529613104944737,-37.74867101070399,-92.31663586314653,65.69552546477556
48,1.5,20,0.3,2.0,0.55,24,6,4,-41.13646473469918,-37.74867101070399,-92.31663586314653,3.26811894575777
48,1.5,20,0.3,2.0,0.55,48,6,4,-41.13646473469918,-37.74867101070399,-92.31663586314653,3.26811894575777
48,1.5,20,0.3,2.0,0.55,96,6,4,-41.13646473469918,-37.74867101070399,-92.31663586314653,3.26811894575777
48,2.0,1,0.2,1.5,0.4,12,5,4,-8.069761120621116,-24.38321912742762,-41.69704826759472,58.18444203996549
48,2.0,1,0.2,1.5,0.4,24,5,4,-18.302964186737636,-24.38321912742762,-41.69704826759472,17.25162977549941
48,2.0,1,0.2,1.5,0.4,48,5,4,-18.302964186737636,-24.38321912742762,-41.69704826759472,17.25162977549941
48,2.0,1,0.2,1.5,0.4,96,5,4,-18.302964186737636,-24.38321912742762,-41.69704826759472,17.25162977549941
48,2.0,1,0.2,1.5,0.55,12,5,4,-8.069761120621116,-24.38321912742762,-41.69704826759472,58.18444203996549
48,2.0,1,0.2,1.5,0.55,24,5,4,-20.349192978133118,-24.38321912742762,-41.69704826759472,9.066714609917481
48,2.0,1,0.2,1.5,0.55,48,5,4,-20.349192978133118,-24.38321912742762,-41.69704826759472,9.066714609917481
48,2.0,1,0.2,1.5,0.55,96,5,4,-20.349192978133118,-24.38321912742762,-41.69704826759472,9.066714609917481
48,2.0,1,0.2,2.0,0.4,12,5,4,-6.1919902644186,-24.38321912742762,-41.69704826759472,65.69552546477556
48,2.0,1,0.2,2.0,0.4,24,5,4,-17.08441732164907,-24.38321912742762,-41.69704826759472,22.125817235853667
48,2.0,1,0.2,2.0,0.4,48,5,4,-17.08441732164907,-24.38321912742762,-41.69704826759472,22.125817235853667
48,2.0,1,0.2,2.0,0.4,96,5,4,-17.08441732164907,-24.38321912742762,-41.69704826759472,22.125817235853667
48,2.0,1,0.2,2.0,0.55,12,5,4,-6.1919902644186,-24.38321912742762,-41.69704826759472,65.69552546477556
48,2.0,1,0.2,2.0,0.55,24,5,4,-19.48212790860516,-24.38321912742762,-41.69704826759472,12.534974888029316
48,2.0,1,0.2,2.0,0.55,48,5,4,-19.48212790860516,-24.38321912742762,-41.69704826759472,12.534974888029316
48,2.0,1,0.2,2.0,0.55,96,5,4,-19.48212790860516,-24.38321912742762,-41.69704826759472,12.534974888029316
48,2.0,1,0.3,1.5,0.4,12,5,4,-27.900156858852597,-37.74867101070399,-94.28772745396792,58.18444203996549
48,2.0,1,0.3,1.5,0.4,24,5,4,-40.450073910537,-37.74867101070399,-94.28772745396792,7.984773833227866
48,2.0,1,0.3,1.5,0.4,48,5,4,-40.450073910537,-37.74867101070399,-94.28772745396792,7.984773833227866
48,2.0,1,0.3,1.5,0.4,96,5,4,-40.450073910537,-37.74867101070399,-94.28772745396792,7.984773833227866
48,2.0,1,0.3,1.5,0.55,12,5,4,-27.900156858852597,-37.74867101070399,-94.28772745396792,58.18444203996549
48,2.0,1,0.3,1.5,0.55,24,5,4,-42.496302701932485,-37.74867101070399,-94.28772745396792,-0.20014133235406462
48,2.0,1,0.3,1.5,0.55,48,5,4,-42.496302701932485,-37.74867101070399,-94.28772745396792,-0.20014133235406462
48,2.0,1,0.3,1.5,0.55,96,5,4,-42.496302701932485,-37.74867101070399,-94.28772745396792,-0.20014133235406462
48,2.0,1,0.3,2.0,0.4,12,5,4,-26.02238600265008,-37.74867101070399,-94.28772745396792,65.69552546477556
48,2.0,1,0.3,2.0,0.4,24,5,4,-39.23152704544844,-37.74867101070399,-94.28772745396792,12.85896129358212
48,2.0,1,0.3,2.0,0.4,48,5,4,-39.23152704544844,-37.74867101070399,-94.28772745396792,12.85896129358212
48,2.0,1,0.3,2.0,0.4,96,5,4,-39.23152704544844,-37.74867101070399,-94.28772745396792,12.85896129358212
48,2.0,1,0.3,2.0,0.55,12,5,4,-26.02238600265008,-37.74867101070399,-94.28772745396792,65.69552546477556
48,2.0,1,0.3,2.0,0.55,24,5,4,-41.629237632404525,-37.74867101070399,-94.28772745396792,3.26811894575777
48,2.0,1,0.3,2.0,0.55,48,5,4,-41.629237632404525,-37.74867101070399,-94.28772745396792,3.26811894575777
48,2.0,1,0.3,2.0,0.55,96,5,4,-41.629237632404525,-37.74867101070399,-94.28772745396792,3.26811894575777
48,2.0,5,0.2,1.5,0.4,12,5,4,-8.069761120621116,-24.38321912742762,-41.69704826759472,58.18444203996549
48,2.0,5,0.2,1.5,0.4,24,5,4,-18.302964186737636,-24.38321912742762,-41.69704826759472,17.25162977549941
48,2.0,5,0.2,1.5,0.4,48,5,4,-18.302964186737636,-24.38321912742762,-41.69704826759472,17.25162977549941
48,2.0,5,0.2,1.5,0.4,96,5,4,-18.302964186737636,-24.38321912742762,-41.69704826759472,17.25162977549941
48,2.0,5,0.2,1.5,0.55,12,5,4,-8.069761120621116,-24.38321912742762,-41.69704826759472,58.18444203996549
48,2.0,5,0.2,1.5,0.55,24,5,4,-20.349192978133118,-24.38321912742762,-41.69704826759472,9.066714609917481
48,2.0,5,0.2,1.5,0.55,48,5,4,-20.349192978133118,-24.38321912742762,-41.69704826759472,9.066714609917481
48,2.0,5,0.2,1.5,0.55,96,5,4,-20.349192978133118,-24.38321912742762,-41.69704826759472,9.066714609917481
48,2.0,5,0.2,2.0,0.4,12,5,4,-6.1919902644186,-24.38321912742762,-41.69704826759472,65.69552546477556
48,2.0,5,0.2,2.0,0.4,24,5,4,-17.08441732164907,-24.38321912742762,-41.69704826759472,22.125817235853667
48,2.0,5,0.2,2.0,0.4,48,5,4,-17.08441732164907,-24.38321912742762,-41.69704826759472,22.125817235853667
48,2.0,5,0.2,2.0,0.4,96,5,4,-17.08441732164907,-24.38321912742762,-41.69704826759472,22.125817235853667
48,2.0,5,0.2,2.0,0.55,12,5,4,-6.1919902644186,-24.38321912742762,-41.69704826759472,65.69552546477556
48,2.0,5,0.2,2.0,0.55,24,5,4,-19.48212790860516,-24.38321912742762,-41.69704826759472,12.534974888029316
48,2.0,5,0.2,2.0,0.55,48,5,4,-19.48212790860516,-24.38321912742762,-41.69704826759472,12.534974888029316
48,2.0,5,0.2,2.0,0.55,96,5,4,-19.48212790860516,-24.38321912742762,-41.69704826759472,12.534974888029316
48,2.0,5,0.3,1.5,0.4,12,5,4,-27.900156858852597,-37.74867101070399,-94.28772745396792,58.18444203996549
48,2.0,5,0.3,1.5,0.4,24,5,4,-40.450073910537,-37.74867101070399,-94.28772745396792,7.984773833227866
48,2.0,5,0.3,1.5,0.4,48,5,4,-40.450073910537,-37.74867101070399,-94.28772745396792,7.984773833227866
48,2.0,5,0.3,1.5,0.4,96,5,4,-40.450073910537,-37.74867101070399,-94.28772745396792,7.984773833227866
48,2.0,5,0.3,1.5,0.55,12,5,4,-27.900156858852597,-37.74867101070399,-94.28772745396792,58.18444203996549
48,2.0,5,0.3,1.5,0.55,24,5,4,-42.496302701932485,-37.74867101070399,-94.28772745396792,-0.20014133235406462
48,2.0,5,0.3,1.5,0.55,48,5,4,-42.496302701932485,-37.74867101070399,-94.28772745396792,-0.20014133235406462
48,2.0,5,0.3,1.5,0.55,96,5,4,-42.496302701932485,-37.74867101070399,-94.28772745396792,-0.20014133235406462
48,2.0,5,0.3,2.0,0.4,12,5,4,-26.02238600265008,-37.74867101070399,-94.28772745396792,65.69552546477556
48,2.0,5,0.3,2.0,0.4,24,5,4,-39.23152704544844,-37.74867101070399,-94.28772745396792,12.85896129358212
48,2.0,5,0.3,2.0,0.4,48,5,4,-39.23152704544844,-37.74867101070399,-94.28772745396792,12.85896129358212
48,2.0,5,0.3,2.0,0.4,96,5,4,-39.23152704544844,-37.74867101070399,-94.28772745396792,12.85896129358212
48,2.0,5,0.3,2.0,0.55,12,5,4,-26.02238600265008,-37.74867101070399,-94.28772745396792,65.69552546477556
48,2.0,5,0.3,2.0,0.55,24,5,4,-41.629237632404525,-37.74867101070399,-94.28772745396792,3.26811894575777
48,2.0,5,0.3,2.0,0.55,48,5,4,-41.629237632404525,-37.74867101070399,-94.28772745396792,3.26811894575777
48,2.0,5,0.3,2.0,0.55,96,5,4,-41.629237632404525,-37.74867101070399,-94.28772745396792,3.26811894575777
48,2.0,20,0.2,1.5,0.4,12,5,4,-8.069761120621116,-24.38321912742762,-41.69704826759472,58.18444203996549
48,2.0,20,0.2,1.5,0.4,24,5,4,-18.302964186737636,-24.38321912742762,-41.69704826759472,17.25162977549941
48,2.0,20,0.2,1.5,0.4,48,5,4,-18.302964186737636,-24.38321912742762,-41.69704826759472,17.25162977549941
48,2.0,20,0.2,1.5,0.4,96,5,4,-18.302964186737636,-24.38321912742762,-41.69704826759472,17.25162977549941
48,2.0,20,0.2,1.5,0.55,12,5,4,-8.069761120621116,-24.38321912742762,-41.69704826759472,58.18444203996549
48,2.0,20,0.2,1.5,0.55,24,5,4,-20.349192978133118,-24.38321912742762,-41.69704826759472,9.066714609917481
48,2.0,20,0.2,1.5,0.55,48,5,4,-20.349192978133118,-24.38321912742762,-41.69704826759472,9.066714609917481
48,2.0,20,0.2,1.5,0.55,96,5,4,-20.349192978133118,-24.38321912742762,-41.69704826759472,9.066714609917481
48,2.0,20,0.2,2.0,0.4,12,5,4,-6.1919902644186,-24.38321912742762,-41.69704826759472,65.69552546477556
48,2.0,20,0.2,2.0,0.4,24,5,4,-17.08441732164907,-24.38321912742762,-41.69704826759472,22.125817235853667
48,2.0,20,0.2,2.0,0.4,48,5,4,-17.08441732164907,-24.38321912742762,-41.69704826759472,22.125817235853667
48,2.0,20,0.2,2.0,0.4,96,5,4,-17.08441732164907,-24.38321912742762,-41.69704826759472,22.125817235853667
48,2.0,20,0.2,2.0,0.55,12,5,4,-6.1919902644186,-24.38321912742762,-41.69704826759472,65.69552546477556
48,2.0,20,0.2,2.0,0.55,24,5,4,-19.48212790860516,-24.38321912742762,-41.69704826759472,12.534974888029316
48,2.0,20,0.2,2.0,0.55,48,5,4,-19.48212790860516,-24.38321912742762,-41.69704826759472,12.534974888029316
48,2.0,20,0.2,2.0,0.55,96,5,4,-19.48212790860516,-24.38321912742762,-41.69704826759472,12.534974888029316
48,2.0,20,0.3,1.5,0.4,12,5,4,-27.900156858852597,-37.74867101070399,-94.28772745396792,58.18444203996549
48,2.0,20,0.3,1.5,0.4,24,5,4,-40.450073910537,-37.74867101070399,-94.28772745396792,7.984773833227866
48,2.0,20,0.3,1.5,0.4,48,5,4,-40.450073910537,-37.74867101070399,-94.28772745396792,7.984773833227866
48,2.0,20,0.3,1.5,0.4,96,5,4,-40.450073910537,-37.74867101070399,-94.28772745396792,7.984773833227866
48,2.0,20,0.3,1.5,0.55,12,5,4,-27.900156858852597,-37.74867101070399,-94.28772745396792,58.18444203996549
48,2.0,20,0.3,1.5,0.55,24,5,4,-42.496302701932485,-37.74867101070399,-94.28772745396792,-0.20014133235406462
48,2.0,20,0.3,1.5,0.55,48,5,4,-42.496302701932485,-37.74867101070399,-94.28772745396792,-0.20014133235406462
48,2.0,20,0.3,1.5,0.55,96,5,4,-42.496302701932485,-37.74867101070399,-94.28772745396792,-0.20014133235406462
48,2.0,20,0.3,2.0,0.4,12,5,4,-26.02238600265008,-37.74867101070399,-94.28772745396792,65.69552546477556
48,2.0,20,0.3,2.0,0.4,24,5,4,-39.23152704544844,-37.74867101070399,-94.28772745396792,12.85896129358212
48,2.0,20,0.3,2.0,0.4,48,5,4,-39.23152704544844,-37.74867101070399,-94.28772745396792,12.85896129358212
48,2.0,20,0.3,2.0,0.4,96,5,4,-39.23152704544844,-37.74867101070399,-94.28772745396792,12.85896129358212
48,2.0,20,0.3,2.0,0.55,12,5,4,-26.02238600265008,-37.74867101070399,-94.28772745396792,65.69552546477556
48,2.0,20,0.3,2.0,0.55,24,5,4,-41.629237632404525,-37.74867101070399,-94.28772745396792,3.26811894575777
48,2.0,20,0.3,2.0,0.55,48,5,4,-41.629237632404525,-37.74867101070399,-94.28772745396792,3.26811894575777
48,2.0,20,0.3,2.0,0.55,96,5,4,-41.629237632404525,-37.74867101070399,-94.28772745396792,3.26811894575777
