decision_hours,min_multiple,min_volume_6h,stop,recovery,trail,max_hold_hours,day,positions,capital_at_risk_pct,vault_return_pct,position_return_mean_pct
12,1.0,1,0.2,1.5,0.4,12,2026-09-13,2,1.0,-0.326632768701465,-32.663276870146504
12,1.0,1,0.2,1.5,0.4,12,2026-09-15,1,0.5,-0.13270958947114808,-26.541917894229616
12,1.0,1,0.2,1.5,0.4,12,2026-09-17,2,1.0,-0.3254261414131362,-32.542614141313614
12,1.0,1,0.2,1.5,0.4,12,2026-09-20,3,1.5,-0.24111973986705593,-16.074649324470396
12,1.0,1,0.2,1.5,0.4,24,2026-09-13,2,1.0,-0.326632768701465,-32.663276870146504
12,1.0,1,0.2,1.5,0.4,24,2026-09-15,1,0.5,-0.13270958947114808,-26.541917894229616
12,1.0,1,0.2,1.5,0.4,24,2026-09-17,2,1.0,-0.3254261414131362,-32.542614141313614
12,1.0,1,0.2,1.5,0.4,24,2026-09-20,3,1.5,12.344468546833545,822.9645697889031
12,1.0,1,0.2,1.5,0.4,48,2026-09-13,2,1.0,-0.326632768701465,-32.663276870146504
12,1.0,1,0.2,1.5,0.4,48,2026-09-15,1,0.5,-0.13270958947114808,-26.541917894229616
12,1.0,1,0.2,1.5,0.4,48,2026-09-17,2,1.0,-0.3254261414131362,-32.542614141313614
12,1.0,1,0.2,1.5,0.4,48,2026-09-20,3,1.5,12.344468546833545,822.9645697889031
12,1.0,1,0.2,1.5,0.4,96,2026-09-13,2,1.0,-0.326632768701465,-32.663276870146504
12,1.0,1,0.2,1.5,0.4,96,2026-09-15,1,0.5,-0.13270958947114808,-26.541917894229616
12,1.0,1,0.2,1.5,0.4,96,2026-09-17,2,1.0,-0.3254261414131362,-32.542614141313614
12,1.0,1,0.2,1.5,0.4,96,2026-09-20,3,1.5,12.344468546833545,822.9645697889031
12,1.0,1,0.2,1.5,0.55,12,2026-09-13,2,1.0,-0.326632768701465,-32.663276870146504
12,1.0,1,0.2,1.5,0.55,12,2026-09-15,1,0.5,-0.13270958947114808,-26.541917894229616
12,1.0,1,0.2,1.5,0.55,12,2026-09-17,2,1.0,-0.3254261414131362,-32.542614141313614
12,1.0,1,0.2,1.5,0.55,12,2026-09-20,3,1.5,-0.24111973986705593,-16.074649324470396
12,1.0,1,0.2,1.5,0.55,24,2026-09-13,2,1.0,-0.326632768701465,-32.663276870146504
12,1.0,1,0.2,1.5,0.55,24,2026-09-15,1,0.5,-0.13270958947114808,-26.541917894229616
12,1.0,1,0.2,1.5,0.55,24,2026-09-17,2,1.0,-0.3254261414131362,-32.542614141313614
12,1.0,1,0.2,1.5,0.55,24,2026-09-20,3,1.5,21.27263249913612,1418.1754999424077
12,1.0,1,0.2,1.5,0.55,48,2026-09-13,2,1.0,-0.326632768701465,-32.663276870146504
12,1.0,1,0.2,1.5,0.55,48,2026-09-15,1,0.5,-0.13270958947114808,-26.541917894229616
12,1.0,1,0.2,1.5,0.55,48,2026-09-17,2,1.0,-0.3254261414131362,-32.542614141313614
12,1.0,1,0.2,1.5,0.55,48,2026-09-20,3,1.5,11.515929680905856,767.7286453937239
12,1.0,1,0.2,1.5,0.55,96,2026-09-13,2,1.0,-0.326632768701465,-32.663276870146504
12,1.0,1,0.2,1.5,0.55,96,2026-09-15,1,0.5,-0.13270958947114808,-26.541917894229616
12,1.0,1,0.2,1.5,0.55,96,2026-09-17,2,1.0,-0.3254261414131362,-32.542614141313614
12,1.0,1,0.2,1.5,0.55,96,2026-09-20,3,1.5,11.515929680905856,767.7286453937239
12,1.0,1,0.2,2.0,0.4,12,2026-09-13,2,1.0,-0.326632768701465,-32.663276870146504
12,1.0,1,0.2,2.0,0.4,12,2026-09-15,1,0.5,-0.13270958947114808,-26.541917894229616
12,1.0,1,0.2,2.0,0.4,12,2026-09-17,2,1.0,-0.3254261414131362,-32.542614141313614
12,1.0,1,0.2,2.0,0.4,12,2026-09-20,3,1.5,-0.24111973986705593,-16.074649324470396
12,1.0,1,0.2,2.0,0.4,24,2026-09-13,2,1.0,-0.326632768701465,-32.663276870146504
12,1.0,1,0.2,2.0,0.4,24,2026-09-15,1,0.5,-0.13270958947114808,-26.541917894229616
12,1.0,1,0.2,2.0,0.4,24,2026-09-17,2,1.0,-0.3254261414131362,-32.542614141313614
12,1.0,1,0.2,2.0,0.4,24,2026-09-20,3,1.5,12.344468546833545,822.9645697889031
12,1.0,1,0.2,2.0,0.4,48,2026-09-13,2,1.0,-0.326632768701465,-32.663276870146504
12,1.0,1,0.2,2.0,0.4,48,2026-09-15,1,0.5,-0.13270958947114808,-26.541917894229616
12,1.0,1,0.2,2.0,0.4,48,2026-09-17,2,1.0,-0.3254261414131362,-32.542614141313614
12,1.0,1,0.2,2.0,0.4,48,2026-09-20,3,1.5,12.344468546833545,822.9645697889031
12,1.0,1,0.2,2.0,0.4,96,2026-09-13,2,1.0,-0.326632768701465,-32.663276870146504
12,1.0,1,0.2,2.0,0.4,96,2026-09-15,1,0.5,-0.13270958947114808,-26.541917894229616
12,1.0,1,0.2,2.0,0.4,96,2026-09-17,2,1.0,-0.3254261414131362,-32.542614141313614
12,1.0,1,0.2,2.0,0.4,96,2026-09-20,3,1.5,12.344468546833545,822.9645697889031
12,1.0,1,0.2,2.0,0.55,12,2026-09-13,2,1.0,-0.326632768701465,-32.663276870146504
12,1.0,1,0.2,2.0,0.55,12,2026-09-15,1,0.5,-0.13270958947114808,-26.541917894229616
12,1.0,1,0.2,2.0,0.55,12,2026-09-17,2,1.0,-0.3254261414131362,-32.542614141313614
12,1.0,1,0.2,2.0,0.55,12,2026-09-20,3,1.5,-0.24111973986705593,-16.074649324470396
12,1.0,1,0.2,2.0,0.55,24,2026-09-13,2,1.0,-0.326632768701465,-32.663276870146504
12,1.0,1,0.2,2.0,0.55,24,2026-09-15,1,0.5,-0.13270958947114808,-26.541917894229616
12,1.0,1,0.2,2.0,0.55,24,2026-09-17,2,1.0,-0.3254261414131362,-32.542614141313614
12,1.0,1,0.2,2.0,0.55,24,2026-09-20,3,1.5,21.27263249913612,1418.1754999424077
12,1.0,1,0.2,2.0,0.55,48,2026-09-13,2,1.0,-0.326632768701465,-32.663276870146504
12,1.0,1,0.2,2.0,0.55,48,2026-09-15,1,0.5,-0.13270958947114808,-26.541917894229616
12,1.0,1,0.2,2.0,0.55,48,2026-09-17,2,1.0,-0.3254261414131362,-32.542614141313614
12,1.0,1,0.2,2.0,0.55,48,2026-09-20,3,1.5,11.515929680905856,767.7286453937239
12,1.0,1,0.2,2.0,0.55,96,2026-09-13,2,1.0,-0.326632768701465,-32.663276870146504
12,1.0,1,0.2,2.0,0.55,96,2026-09-15,1,0.5,-0.13270958947114808,-26.541917894229616
12,1.0,1,0.2,2.0,0.55,96,2026-09-17,2,1.0,-0.3254261414131362,-32.542614141313614
12,1.0,1,0.2,2.0,0.55,96,2026-09-20,3,1.5,11.515929680905856,767.7286453937239
12,1.0,1,0.3,1.5,0.4,12,2026-09-13,2,1.0,-0.5599506598234595,-55.99506598234595
12,1.0,1,0.3,1.5,0.4,12,2026-09-15,1,0.5,-0.16210721425048785,-32.42144285009757
12,1.0,1,0.3,1.5,0.4,12,2026-09-17,2,1.0,-0.34749171137828905,-34.74917113782891
12,1.0,1,0.3,1.5,0.4,12,2026-09-20,3,1.5,-0.2822372098502937,-18.81581399001958
12,1.0,1,0.3,1.5,0.4,24,2026-09-13,2,1.0,-0.5599506598234595,-55.99506598234595
12,1.0,1,0.3,1.5,0.4,24,2026-09-15,1,0.5,-0.16210721425048785,-32.42144285009757
12,1.0,1,0.3,1.5,0.4,24,2026-09-17,2,1.0,-0.34749171137828905,-34.74917113782891
12,1.0,1,0.3,1.5,0.4,24,2026-09-20,3,1.5,12.303351076850307,820.2234051233539
12,1.0,1,0.3,1.5,0.4,48,2026-09-13,2,1.0,-0.5599506598234595,-55.99506598234595
12,1.0,1,0.3,1.5,0.4,48,2026-09-15,1,0.5,-0.16210721425048785,-32.42144285009757
12,1.0,1,0.3,1.5,0.4,48,2026-09-17,2,1.0,-0.34749171137828905,-34.74917113782891
12,1.0,1,0.3,1.5,0.4,48,2026-09-20,3,1.5,12.303351076850307,820.2234051233539
12,1.0,1,0.3,1.5,0.4,96,2026-09-13,2,1.0,-0.5599506598234595,-55.99506598234595
12,1.0,1,0.3,1.5,0.4,96,2026-09-15,1,0.5,-0.16210721425048785,-32.42144285009757
12,1.0,1,0.3,1.5,0.4,96,2026-09-17,2,1.0,-0.34749171137828905,-34.74917113782891
12,1.0,1,0.3,1.5,0.4,96,2026-09-20,3,1.5,12.303351076850307,820.2234051233539
12,1.0,1,0.3,1.5,0.55,12,2026-09-13,2,1.0,-0.5599506598234595,-55.99506598234595
12,1.0,1,0.3,1.5,0.55,12,2026-09-15,1,0.5,-0.16210721425048785,-32.42144285009757
12,1.0,1,0.3,1.5,0.55,12,2026-09-17,2,1.0,-0.34749171137828905,-34.74917113782891
12,1.0,1,0.3,1.5,0.55,12,2026-09-20,3,1.5,-0.2822372098502937,-18.81581399001958
12,1.0,1,0.3,1.5,0.55,24,2026-09-13,2,1.0,-0.5599506598234595,-55.99506598234595
12,1.0,1,0.3,1.5,0.55,24,2026-09-15,1,0.5,-0.16210721425048785,-32.42144285009757
12,1.0,1,0.3,1.5,0.55,24,2026-09-17,2,1.0,-0.34749171137828905,-34.74917113782891
12,1.0,1,0.3,1.5,0.55,24,2026-09-20,3,1.5,21.23151502915288,1415.4343352768585
12,1.0,1,0.3,1.5,0.55,48,2026-09-13,2,1.0,-0.5599506598234595,-55.99506598234595
12,1.0,1,0.3,1.5,0.55,48,2026-09-15,1,0.5,-0.16210721425048785,-32.42144285009757
12,1.0,1,0.3,1.5,0.55,48,2026-09-17,2,1.0,-0.34749171137828905,-34.74917113782891
12,1.0,1,0.3,1.5,0.55,48,2026-09-20,3,1.5,11.474812210922618,764.9874807281748
12,1.0,1,0.3,1.5,0.55,96,2026-09-13,2,1.0,-0.5599506598234595,-55.99506598234595
12,1.0,1,0.3,1.5,0.55,96,2026-09-15,1,0.5,-0.16210721425048785,-32.42144285009757
12,1.0,1,0.3,1.5,0.55,96,2026-09-17,2,1.0,-0.34749171137828905,-34.74917113782891
12,1.0,1,0.3,1.5,0.55,96,2026-09-20,3,1.5,11.474812210922618,764.9874807281748
12,1.0,1,0.3,2.0,0.4,12,2026-09-13,2,1.0,-0.5599506598234595,-55.99506598234595
12,1.0,1,0.3,2.0,0.4,12,2026-09-15,1,0.5,-0.16210721425048785,-32.42144285009757
12,1.0,1,0.3,2.0,0.4,12,2026-09-17,2,1.0,-0.34749171137828905,-34.74917113782891
12,1.0,1,0.3,2.0,0.4,12,2026-09-20,3,1.5,-0.2822372098502937,-18.81581399001958
12,1.0,1,0.3,2.0,0.4,24,2026-09-13,2,1.0,-0.5599506598234595,-55.99506598234595
12,1.0,1,0.3,2.0,0.4,24,2026-09-15,1,0.5,-0.16210721425048785,-32.42144285009757
12,1.0,1,0.3,2.0,0.4,24,2026-09-17,2,1.0,-0.34749171137828905,-34.74917113782891
12,1.0,1,0.3,2.0,0.4,24,2026-09-20,3,1.5,12.303351076850307,820.2234051233539
12,1.0,1,0.3,2.0,0.4,48,2026-09-13,2,1.0,-0.5599506598234595,-55.99506598234595
12,1.0,1,0.3,2.0,0.4,48,2026-09-15,1,0.5,-0.16210721425048785,-32.42144285009757
12,1.0,1,0.3,2.0,0.4,48,2026-09-17,2,1.0,-0.34749171137828905,-34.74917113782891
12,1.0,1,0.3,2.0,0.4,48,2026-09-20,3,1.5,12.303351076850307,820.2234051233539
12,1.0,1,0.3,2.0,0.4,96,2026-09-13,2,1.0,-0.5599506598234595,-55.99506598234595
12,1.0,1,0.3,2.0,0.4,96,2026-09-15,1,0.5,-0.16210721425048785,-32.42144285009757
12,1.0,1,0.3,2.0,0.4,96,2026-09-17,2,1.0,-0.34749171137828905,-34.74917113782891
12,1.0,1,0.3,2.0,0.4,96,2026-09-20,3,1.5,12.303351076850307,820.2234051233539
12,1.0,1,0.3,2.0,0.55,12,2026-09-13,2,1.0,-0.5599506598234595,-55.99506598234595
12,1.0,1,0.3,2.0,0.55,12,2026-09-15,1,0.5,-0.16210721425048785,-32.42144285009757
12,1.0,1,0.3,2.0,0.55,12,2026-09-17,2,1.0,-0.34749171137828905,-34.74917113782891
12,1.0,1,0.3,2.0,0.55,12,2026-09-20,3,1.5,-0.2822372098502937,-18.81581399001958
12,1.0,1,0.3,2.0,0.55,24,2026-09-13,2,1.0,-0.5599506598234595,-55.99506598234595
12,1.0,1,0.3,2.0,0.55,24,2026-09-15,1,0.5,-0.16210721425048785,-32.42144285009757
12,1.0,1,0.3,2.0,0.55,24,2026-09-17,2,1.0,-0.34749171137828905,-34.74917113782891
12,1.0,1,0.3,2.0,0.55,24,2026-09-20,3,1.5,21.23151502915288,1415.4343352768585
12,1.0,1,0.3,2.0,0.55,48,2026-09-13,2,1.0,-0.5599506598234595,-55.99506598234595
12,1.0,1,0.3,2.0,0.55,48,2026-09-15,1,0.5,-0.16210721425048785,-32.42144285009757
12,1.0,1,0.3,2.0,0.55,48,2026-09-17,2,1.0,-0.34749171137828905,-34.74917113782891
12,1.0,1,0.3,2.0,0.55,48,2026-09-20,3,1.5,11.474812210922618,764.9874807281748
12,1.0,1,0.3,2.0,0.55,96,2026-09-13,2,1.0,-0.5599506598234595,-55.99506598234595
12,1.0,1,0.3,2.0,0.55,96,2026-09-15,1,0.5,-0.16210721425048785,-32.42144285009757
12,1.0,1,0.3,2.0,0.55,96,2026-09-17,2,1.0,-0.34749171137828905,-34.74917113782891
12,1.0,1,0.3,2.0,0.55,96,2026-09-20,3,1.5,11.474812210922618,764.9874807281748
12,1.0,5,0.2,1.5,0.4,12,2026-09-13,2,1.0,-0.326632768701465,-32.663276870146504
12,1.0,5,0.2,1.5,0.4,12,2026-09-15,1,0.5,-0.13270958947114808,-26.541917894229616
12,1.0,5,0.2,1.5,0.4,12,2026-09-17,2,1.0,-0.3254261414131362,-32.542614141313614
12,1.0,5,0.2,1.5,0.4,12,2026-09-20,3,1.5,-0.24111973986705593,-16.074649324470396
12,1.0,5,0.2,1.5,0.4,24,2026-09-13,2,1.0,-0.326632768701465,-32.663276870146504
12,1.0,5,0.2,1.5,0.4,24,2026-09-15,1,0.5,-0.13270958947114808,-26.541917894229616
12,1.0,5,0.2,1.5,0.4,24,2026-09-17,2,1.0,-0.3254261414131362,-32.542614141313614
12,1.0,5,0.2,1.5,0.4,24,2026-09-20,3,1.5,12.344468546833545,822.9645697889031
12,1.0,5,0.2,1.5,0.4,48,2026-09-13,2,1.0,-0.326632768701465,-32.663276870146504
12,1.0,5,0.2,1.5,0.4,48,2026-09-15,1,0.5,-0.13270958947114808,-26.541917894229616
12,1.0,5,0.2,1.5,0.4,48,2026-09-17,2,1.0,-0.3254261414131362,-32.542614141313614
12,1.0,5,0.2,1.5,0.4,48,2026-09-20,3,1.5,12.344468546833545,822.9645697889031
12,1.0,5,0.2,1.5,0.4,96,2026-09-13,2,1.0,-0.326632768701465,-32.663276870146504
12,1.0,5,0.2,1.5,0.4,96,2026-09-15,1,0.5,-0.13270958947114808,-26.541917894229616
12,1.0,5,0.2,1.5,0.4,96,2026-09-17,2,1.0,-0.3254261414131362,-32.542614141313614
12,1.0,5,0.2,1.5,0.4,96,2026-09-20,3,1.5,12.344468546833545,822.9645697889031
12,1.0,5,0.2,1.5,0.55,12,2026-09-13,2,1.0,-0.326632768701465,-32.663276870146504
12,1.0,5,0.2,1.5,0.55,12,2026-09-15,1,0.5,-0.13270958947114808,-26.541917894229616
12,1.0,5,0.2,1.5,0.55,12,2026-09-17,2,1.0,-0.3254261414131362,-32.542614141313614
12,1.0,5,0.2,1.5,0.55,12,2026-09-20,3,1.5,-0.24111973986705593,-16.074649324470396
12,1.0,5,0.2,1.5,0.55,24,2026-09-13,2,1.0,-0.326632768701465,-32.663276870146504
12,1.0,5,0.2,1.5,0.55,24,2026-09-15,1,0.5,-0.13270958947114808,-26.541917894229616
12,1.0,5,0.2,1.5,0.55,24,2026-09-17,2,1.0,-0.3254261414131362,-32.542614141313614
12,1.0,5,0.2,1.5,0.55,24,2026-09-20,3,1.5,21.27263249913612,1418.1754999424077
12,1.0,5,0.2,1.5,0.55,48,2026-09-13,2,1.0,-0.326632768701465,-32.663276870146504
12,1.0,5,0.2,1.5,0.55,48,2026-09-15,1,0.5,-0.13270958947114808,-26.541917894229616
12,1.0,5,0.2,1.5,0.55,48,2026-09-17,2,1.0,-0.3254261414131362,-32.542614141313614
12,1.0,5,0.2,1.5,0.55,48,2026-09-20,3,1.5,11.515929680905856,767.7286453937239
12,1.0,5,0.2,1.5,0.55,96,2026-09-13,2,1.0,-0.326632768701465,-32.663276870146504
12,1.0,5,0.2,1.5,0.55,96,2026-09-15,1,0.5,-0.13270958947114808,-26.541917894229616
12,1.0,5,0.2,1.5,0.55,96,2026-09-17,2,1.0,-0.3254261414131362,-32.542614141313614
12,1.0,5,0.2,1.5,0.55,96,2026-09-20,3,1.5,11.515929680905856,767.7286453937239
12,1.0,5,0.2,2.0,0.4,12,2026-09-13,2,1.0,-0.326632768701465,-32.663276870146504
12,1.0,5,0.2,2.0,0.4,12,2026-09-15,1,0.5,-0.13270958947114808,-26.541917894229616
12,1.0,5,0.2,2.0,0.4,12,2026-09-17,2,1.0,-0.3254261414131362,-32.542614141313614
12,1.0,5,0.2,2.0,0.4,12,2026-09-20,3,1.5,-0.24111973986705593,-16.074649324470396
12,1.0,5,0.2,2.0,0.4,24,2026-09-13,2,1.0,-0.326632768701465,-32.663276870146504
12,1.0,5,0.2,2.0,0.4,24,2026-09-15,1,0.5,-0.13270958947114808,-26.541917894229616
12,1.0,5,0.2,2.0,0.4,24,2026-09-17,2,1.0,-0.3254261414131362,-32.542614141313614
12,1.0,5,0.2,2.0,0.4,24,2026-09-20,3,1.5,12.344468546833545,822.9645697889031
12,1.0,5,0.2,2.0,0.4,48,2026-09-13,2,1.0,-0.326632768701465,-32.663276870146504
12,1.0,5,0.2,2.0,0.4,48,2026-09-15,1,0.5,-0.13270958947114808,-26.541917894229616
12,1.0,5,0.2,2.0,0.4,48,2026-09-17,2,1.0,-0.3254261414131362,-32.542614141313614
12,1.0,5,0.2,2.0,0.4,48,2026-09-20,3,1.5,12.344468546833545,822.9645697889031
12,1.0,5,0.2,2.0,0.4,96,2026-09-13,2,1.0,-0.326632768701465,-32.663276870146504
12,1.0,5,0.2,2.0,0.4,96,2026-09-15,1,0.5,-0.13270958947114808,-26.541917894229616
12,1.0,5,0.2,2.0,0.4,96,2026-09-17,2,1.0,-0.3254261414131362,-32.542614141313614
12,1.0,5,0.2,2.0,0.4,96,2026-09-20,3,1.5,12.344468546833545,822.9645697889031
12,1.0,5,0.2,2.0,0.55,12,2026-09-13,2,1.0,-0.326632768701465,-32.663276870146504
12,1.0,5,0.2,2.0,0.55,12,2026-09-15,1,0.5,-0.13270958947114808,-26.541917894229616
12,1.0,5,0.2,2.0,0.55,12,2026-09-17,2,1.0,-0.3254261414131362,-32.542614141313614
12,1.0,5,0.2,2.0,0.55,12,2026-09-20,3,1.5,-0.24111973986705593,-16.074649324470396
12,1.0,5,0.2,2.0,0.55,24,2026-09-13,2,1.0,-0.326632768701465,-32.663276870146504
12,1.0,5,0.2,2.0,0.55,24,2026-09-15,1,0.5,-0.13270958947114808,-26.541917894229616
12,1.0,5,0.2,2.0,0.55,24,2026-09-17,2,1.0,-0.3254261414131362,-32.542614141313614
12,1.0,5,0.2,2.0,0.55,24,2026-09-20,3,1.5,21.27263249913612,1418.1754999424077
12,1.0,5,0.2,2.0,0.55,48,2026-09-13,2,1.0,-0.326632768701465,-32.663276870146504
12,1.0,5,0.2,2.0,0.55,48,2026-09-15,1,0.5,-0.13270958947114808,-26.541917894229616
12,1.0,5,0.2,2.0,0.55,48,2026-09-17,2,1.0,-0.3254261414131362,-32.542614141313614
12,1.0,5,0.2,2.0,0.55,48,2026-09-20,3,1.5,11.515929680905856,767.7286453937239
12,1.0,5,0.2,2.0,0.55,96,2026-09-13,2,1.0,-0.326632768701465,-32.663276870146504
12,1.0,5,0.2,2.0,0.55,96,2026-09-15,1,0.5,-0.13270958947114808,-26.541917894229616
12,1.0,5,0.2,2.0,0.55,96,2026-09-17,2,1.0,-0.3254261414131362,-32.542614141313614
12,1.0,5,0.2,2.0,0.55,96,2026-09-20,3,1.5,11.515929680905856,767.7286453937239
12,1.0,5,0.3,1.5,0.4,12,2026-09-13,2,1.0,-0.5599506598234595,-55.99506598234595
12,1.0,5,0.3,1.5,0.4,12,2026-09-15,1,0.5,-0.16210721425048785,-32.42144285009757
12,1.0,5,0.3,1.5,0.4,12,2026-09-17,2,1.0,-0.34749171137828905,-34.74917113782891
12,1.0,5,0.3,1.5,0.4,12,2026-09-20,3,1.5,-0.2822372098502937,-18.81581399001958
12,1.0,5,0.3,1.5,0.4,24,2026-09-13,2,1.0,-0.5599506598234595,-55.99506598234595
12,1.0,5,0.3,1.5,0.4,24,2026-09-15,1,0.5,-0.16210721425048785,-32.42144285009757
12,1.0,5,0.3,1.5,0.4,24,2026-09-17,2,1.0,-0.34749171137828905,-34.74917113782891
12,1.0,5,0.3,1.5,0.4,24,2026-09-20,3,1.5,12.303351076850307,820.2234051233539
12,1.0,5,0.3,1.5,0.4,48,2026-09-13,2,1.0,-0.5599506598234595,-55.99506598234595
12,1.0,5,0.3,1.5,0.4,48,2026-09-15,1,0.5,-0.16210721425048785,-32.42144285009757
12,1.0,5,0.3,1.5,0.4,48,2026-09-17,2,1.0,-0.34749171137828905,-34.74917113782891
12,1.0,5,0.3,1.5,0.4,48,2026-09-20,3,1.5,12.303351076850307,820.2234051233539
12,1.0,5,0.3,1.5,0.4,96,2026-09-13,2,1.0,-0.5599506598234595,-55.99506598234595
12,1.0,5,0.3,1.5,0.4,96,2026-09-15,1,0.5,-0.16210721425048785,-32.42144285009757
12,1.0,5,0.3,1.5,0.4,96,2026-09-17,2,1.0,-0.34749171137828905,-34.74917113782891
12,1.0,5,0.3,1.5,0.4,96,2026-09-20,3,1.5,12.303351076850307,820.2234051233539
12,1.0,5,0.3,1.5,0.55,12,2026-09-13,2,1.0,-0.5599506598234595,-55.99506598234595
12,1.0,5,0.3,1.5,0.55,12,2026-09-15,1,0.5,-0.16210721425048785,-32.42144285009757
12,1.0,5,0.3,1.5,0.55,12,2026-09-17,2,1.0,-0.34749171137828905,-34.74917113782891
12,1.0,5,0.3,1.5,0.55,12,2026-09-20,3,1.5,-0.2822372098502937,-18.81581399001958
12,1.0,5,0.3,1.5,0.55,24,2026-09-13,2,1.0,-0.5599506598234595,-55.99506598234595
12,1.0,5,0.3,1.5,0.55,24,2026-09-15,1,0.5,-0.16210721425048785,-32.42144285009757
12,1.0,5,0.3,1.5,0.55,24,2026-09-17,2,1.0,-0.34749171137828905,-34.74917113782891
12,1.0,5,0.3,1.5,0.55,24,2026-09-20,3,1.5,21.23151502915288,1415.4343352768585
12,1.0,5,0.3,1.5,0.55,48,2026-09-13,2,1.0,-0.5599506598234595,-55.99506598234595
12,1.0,5,0.3,1.5,0.55,48,2026-09-15,1,0.5,-0.16210721425048785,-32.42144285009757
12,1.0,5,0.3,1.5,0.55,48,2026-09-17,2,1.0,-0.34749171137828905,-34.74917113782891
12,1.0,5,0.3,1.5,0.55,48,2026-09-20,3,1.5,11.474812210922618,764.9874807281748
12,1.0,5,0.3,1.5,0.55,96,2026-09-13,2,1.0,-0.5599506598234595,-55.99506598234595
12,1.0,5,0.3,1.5,0.55,96,2026-09-15,1,0.5,-0.16210721425048785,-32.42144285009757
12,1.0,5,0.3,1.5,0.55,96,2026-09-17,2,1.0,-0.34749171137828905,-34.74917113782891
12,1.0,5,0.3,1.5,0.55,96,2026-09-20,3,1.5,11.474812210922618,764.9874807281748
12,1.0,5,0.3,2.0,0.4,12,2026-09-13,2,1.0,-0.5599506598234595,-55.99506598234595
12,1.0,5,0.3,2.0,0.4,12,2026-09-15,1,0.5,-0.16210721425048785,-32.42144285009757
12,1.0,5,0.3,2.0,0.4,12,2026-09-17,2,1.0,-0.34749171137828905,-34.74917113782891
12,1.0,5,0.3,2.0,0.4,12,2026-09-20,3,1.5,-0.2822372098502937,-18.81581399001958
12,1.0,5,0.3,2.0,0.4,24,2026-09-13,2,1.0,-0.5599506598234595,-55.99506598234595
12,1.0,5,0.3,2.0,0.4,24,2026-09-15,1,0.5,-0.16210721425048785,-32.42144285009757
12,1.0,5,0.3,2.0,0.4,24,2026-09-17,2,1.0,-0.34749171137828905,-34.74917113782891
12,1.0,5,0.3,2.0,0.4,24,2026-09-20,3,1.5,12.303351076850307,820.2234051233539
12,1.0,5,0.3,2.0,0.4,48,2026-09-13,2,1.0,-0.5599506598234595,-55.99506598234595
12,1.0,5,0.3,2.0,0.4,48,2026-09-15,1,0.5,-0.16210721425048785,-32.42144285009757
12,1.0,5,0.3,2.0,0.4,48,2026-09-17,2,1.0,-0.34749171137828905,-34.74917113782891
12,1.0,5,0.3,2.0,0.4,48,2026-09-20,3,1.5,12.303351076850307,820.2234051233539
12,1.0,5,0.3,2.0,0.4,96,2026-09-13,2,1.0,-0.5599506598234595,-55.99506598234595
12,1.0,5,0.3,2.0,0.4,96,2026-09-15,1,0.5,-0.16210721425048785,-32.42144285009757
12,1.0,5,0.3,2.0,0.4,96,2026-09-17,2,1.0,-0.34749171137828905,-34.74917113782891
12,1.0,5,0.3,2.0,0.4,96,2026-09-20,3,1.5,12.303351076850307,820.2234051233539
12,1.0,5,0.3,2.0,0.55,12,2026-09-13,2,1.0,-0.5599506598234595,-55.99506598234595
12,1.0,5,0.3,2.0,0.55,12,2026-09-15,1,0.5,-0.16210721425048785,-32.42144285009757
12,1.0,5,0.3,2.0,0.55,12,2026-09-17,2,1.0,-0.34749171137828905,-34.74917113782891
12,1.0,5,0.3,2.0,0.55,12,2026-09-20,3,1.5,-0.2822372098502937,-18.81581399001958
12,1.0,5,0.3,2.0,0.55,24,2026-09-13,2,1.0,-0.5599506598234595,-55.99506598234595
12,1.0,5,0.3,2.0,0.55,24,2026-09-15,1,0.5,-0.16210721425048785,-32.42144285009757
12,1.0,5,0.3,2.0,0.55,24,2026-09-17,2,1.0,-0.34749171137828905,-34.74917113782891
12,1.0,5,0.3,2.0,0.55,24,2026-09-20,3,1.5,21.23151502915288,1415.4343352768585
12,1.0,5,0.3,2.0,0.55,48,2026-09-13,2,1.0,-0.5599506598234595,-55.99506598234595
12,1.0,5,0.3,2.0,0.55,48,2026-09-15,1,0.5,-0.16210721425048785,-32.42144285009757
12,1.0,5,0.3,2.0,0.55,48,2026-09-17,2,1.0,-0.34749171137828905,-34.74917113782891
12,1.0,5,0.3,2.0,0.55,48,2026-09-20,3,1.5,11.474812210922618,764.9874807281748
12,1.0,5,0.3,2.0,0.55,96,2026-09-13,2,1.0,-0.5599506598234595,-55.99506598234595
12,1.0,5,0.3,2.0,0.55,96,2026-09-15,1,0.5,-0.16210721425048785,-32.42144285009757
12,1.0,5,0.3,2.0,0.55,96,2026-09-17,2,1.0,-0.34749171137828905,-34.74917113782891
12,1.0,5,0.3,2.0,0.55,96,2026-09-20,3,1.5,11.474812210922618,764.9874807281748
12,1.0,20,0.2,1.5,0.4,12,2026-09-13,2,1.0,-0.326632768701465,-32.663276870146504
12,1.0,20,0.2,1.5,0.4,12,2026-09-15,1,0.5,-0.13270958947114808,-26.541917894229616
12,1.0,20,0.2,1.5,0.4,12,2026-09-17,2,1.0,-0.3254261414131362,-32.542614141313614
12,1.0,20,0.2,1.5,0.4,12,2026-09-20,1,0.5,-0.1727723211215526,-34.55446422431052
12,1.0,20,0.2,1.5,0.4,24,2026-09-13,2,1.0,-0.326632768701465,-32.663276870146504
12,1.0,20,0.2,1.5,0.4,24,2026-09-15,1,0.5,-0.13270958947114808,-26.541917894229616
12,1.0,20,0.2,1.5,0.4,24,2026-09-17,2,1.0,-0.3254261414131362,-32.542614141313614
12,1.0,20,0.2,1.5,0.4,24,2026-09-20,1,0.5,-0.1727723211215526,-34.55446422431052
12,1.0,20,0.2,1.5,0.4,48,2026-09-13,2,1.0,-0.326632768701465,-32.663276870146504
12,1.0,20,0.2,1.5,0.4,48,2026-09-15,1,0.5,-0.13270958947114808,-26.541917894229616
12,1.0,20,0.2,1.5,0.4,48,2026-09-17,2,1.0,-0.3254261414131362,-32.542614141313614
12,1.0,20,0.2,1.5,0.4,48,2026-09-20,1,0.5,-0.1727723211215526,-34.55446422431052
12,1.0,20,0.2,1.5,0.4,96,2026-09-13,2,1.0,-0.326632768701465,-32.663276870146504
12,1.0,20,0.2,1.5,0.4,96,2026-09-15,1,0.5,-0.13270958947114808,-26.541917894229616
12,1.0,20,0.2,1.5,0.4,96,2026-09-17,2,1.0,-0.3254261414131362,-32.542614141313614
12,1.0,20,0.2,1.5,0.4,96,2026-09-20,1,0.5,-0.1727723211215526,-34.55446422431052
12,1.0,20,0.2,1.5,0.55,12,2026-09-13,2,1.0,-0.326632768701465,-32.663276870146504
12,1.0,20,0.2,1.5,0.55,12,2026-09-15,1,0.5,-0.13270958947114808,-26.541917894229616
12,1.0,20,0.2,1.5,0.55,12,2026-09-17,2,1.0,-0.3254261414131362,-32.542614141313614
12,1.0,20,0.2,1.5,0.55,12,2026-09-20,1,0.5,-0.1727723211215526,-34.55446422431052
12,1.0,20,0.2,1.5,0.55,24,2026-09-13,2,1.0,-0.326632768701465,-32.663276870146504
12,1.0,20,0.2,1.5,0.55,24,2026-09-15,1,0.5,-0.13270958947114808,-26.541917894229616
12,1.0,20,0.2,1.5,0.55,24,2026-09-17,2,1.0,-0.3254261414131362,-32.542614141313614
12,1.0,20,0.2,1.5,0.55,24,2026-09-20,1,0.5,-0.1727723211215526,-34.55446422431052
12,1.0,20,0.2,1.5,0.55,48,2026-09-13,2,1.0,-0.326632768701465,-32.663276870146504
12,1.0,20,0.2,1.5,0.55,48,2026-09-15,1,0.5,-0.13270958947114808,-26.541917894229616
12,1.0,20,0.2,1.5,0.55,48,2026-09-17,2,1.0,-0.3254261414131362,-32.542614141313614
12,1.0,20,0.2,1.5,0.55,48,2026-09-20,1,0.5,-0.1727723211215526,-34.55446422431052
12,1.0,20,0.2,1.5,0.55,96,2026-09-13,2,1.0,-0.326632768701465,-32.663276870146504
12,1.0,20,0.2,1.5,0.55,96,2026-09-15,1,0.5,-0.13270958947114808,-26.541917894229616
12,1.0,20,0.2,1.5,0.55,96,2026-09-17,2,1.0,-0.3254261414131362,-32.542614141313614
12,1.0,20,0.2,1.5,0.55,96,2026-09-20,1,0.5,-0.1727723211215526,-34.55446422431052
12,1.0,20,0.2,2.0,0.4,12,2026-09-13,2,1.0,-0.326632768701465,-32.663276870146504
12,1.0,20,0.2,2.0,0.4,12,2026-09-15,1,0.5,-0.13270958947114808,-26.541917894229616
12,1.0,20,0.2,2.0,0.4,12,2026-09-17,2,1.0,-0.3254261414131362,-32.542614141313614
12,1.0,20,0.2,2.0,0.4,12,2026-09-20,1,0.5,-0.1727723211215526,-34.55446422431052
12,1.0,20,0.2,2.0,0.4,24,2026-09-13,2,1.0,-0.326632768701465,-32.663276870146504
12,1.0,20,0.2,2.0,0.4,24,2026-09-15,1,0.5,-0.13270958947114808,-26.541917894229616
12,1.0,20,0.2,2.0,0.4,24,2026-09-17,2,1.0,-0.3254261414131362,-32.542614141313614
12,1.0,20,0.2,2.0,0.4,24,2026-09-20,1,0.5,-0.1727723211215526,-34.55446422431052
12,1.0,20,0.2,2.0,0.4,48,2026-09-13,2,1.0,-0.326632768701465,-32.663276870146504
12,1.0,20,0.2,2.0,0.4,48,2026-09-15,1,0.5,-0.13270958947114808,-26.541917894229616
12,1.0,20,0.2,2.0,0.4,48,2026-09-17,2,1.0,-0.3254261414131362,-32.542614141313614
12,1.0,20,0.2,2.0,0.4,48,2026-09-20,1,0.5,-0.1727723211215526,-34.55446422431052
12,1.0,20,0.2,2.0,0.4,96,2026-09-13,2,1.0,-0.326632768701465,-32.663276870146504
12,1.0,20,0.2,2.0,0.4,96,2026-09-15,1,0.5,-0.13270958947114808,-26.541917894229616
12,1.0,20,0.2,2.0,0.4,96,2026-09-17,2,1.0,-0.3254261414131362,-32.542614141313614
12,1.0,20,0.2,2.0,0.4,96,2026-09-20,1,0.5,-0.1727723211215526,-34.55446422431052
12,1.0,20,0.2,2.0,0.55,12,2026-09-13,2,1.0,-0.326632768701465,-32.663276870146504
12,1.0,20,0.2,2.0,0.55,12,2026-09-15,1,0.5,-0.13270958947114808,-26.541917894229616
12,1.0,20,0.2,2.0,0.55,12,2026-09-17,2,1.0,-0.3254261414131362,-32.542614141313614
12,1.0,20,0.2,2.0,0.55,12,2026-09-20,1,0.5,-0.1727723211215526,-34.55446422431052
12,1.0,20,0.2,2.0,0.55,24,2026-09-13,2,1.0,-0.326632768701465,-32.663276870146504
12,1.0,20,0.2,2.0,0.55,24,2026-09-15,1,0.5,-0.13270958947114808,-26.541917894229616
12,1.0,20,0.2,2.0,0.55,24,2026-09-17,2,1.0,-0.3254261414131362,-32.542614141313614
12,1.0,20,0.2,2.0,0.55,24,2026-09-20,1,0.5,-0.1727723211215526,-34.55446422431052
12,1.0,20,0.2,2.0,0.55,48,2026-09-13,2,1.0,-0.326632768701465,-32.663276870146504
12,1.0,20,0.2,2.0,0.55,48,2026-09-15,1,0.5,-0.13270958947114808,-26.541917894229616
12,1.0,20,0.2,2.0,0.55,48,2026-09-17,2,1.0,-0.3254261414131362,-32.542614141313614
12,1.0,20,0.2,2.0,0.55,48,2026-09-20,1,0.5,-0.1727723211215526,-34.55446422431052
12,1.0,20,0.2,2.0,0.55,96,2026-09-13,2,1.0,-0.326632768701465,-32.663276870146504
12,1.0,20,0.2,2.0,0.55,96,2026-09-15,1,0.5,-0.13270958947114808,-26.541917894229616
12,1.0,20,0.2,2.0,0.55,96,2026-09-17,2,1.0,-0.3254261414131362,-32.542614141313614
12,1.0,20,0.2,2.0,0.55,96,2026-09-20,1,0.5,-0.1727723211215526,-34.55446422431052
12,1.0,20,0.3,1.5,0.4,12,2026-09-13,2,1.0,-0.5599506598234595,-55.99506598234595
12,1.0,20,0.3,1.5,0.4,12,2026-09-15,1,0.5,-0.16210721425048785,-32.42144285009757
12,1.0,20,0.3,1.5,0.4,12,2026-09-17,2,1.0,-0.34749171137828905,-34.74917113782891
12,1.0,20,0.3,1.5,0.4,12,2026-09-20,1,0.5,-0.1727723211215526,-34.55446422431052
12,1.0,20,0.3,1.5,0.4,24,2026-09-13,2,1.0,-0.5599506598234595,-55.99506598234595
12,1.0,20,0.3,1.5,0.4,24,2026-09-15,1,0.5,-0.16210721425048785,-32.42144285009757
12,1.0,20,0.3,1.5,0.4,24,2026-09-17,2,1.0,-0.34749171137828905,-34.74917113782891
12,1.0,20,0.3,1.5,0.4,24,2026-09-20,1,0.5,-0.1727723211215526,-34.55446422431052
12,1.0,20,0.3,1.5,0.4,48,2026-09-13,2,1.0,-0.5599506598234595,-55.99506598234595
12,1.0,20,0.3,1.5,0.4,48,2026-09-15,1,0.5,-0.16210721425048785,-32.42144285009757
12,1.0,20,0.3,1.5,0.4,48,2026-09-17,2,1.0,-0.34749171137828905,-34.74917113782891
12,1.0,20,0.3,1.5,0.4,48,2026-09-20,1,0.5,-0.1727723211215526,-34.55446422431052
12,1.0,20,0.3,1.5,0.4,96,2026-09-13,2,1.0,-0.5599506598234595,-55.99506598234595
12,1.0,20,0.3,1.5,0.4,96,2026-09-15,1,0.5,-0.16210721425048785,-32.42144285009757
12,1.0,20,0.3,1.5,0.4,96,2026-09-17,2,1.0,-0.34749171137828905,-34.74917113782891
12,1.0,20,0.3,1.5,0.4,96,2026-09-20,1,0.5,-0.1727723211215526,-34.55446422431052
12,1.0,20,0.3,1.5,0.55,12,2026-09-13,2,1.0,-0.5599506598234595,-55.99506598234595
12,1.0,20,0.3,1.5,0.55,12,2026-09-15,1,0.5,-0.16210721425048785,-32.42144285009757
12,1.0,20,0.3,1.5,0.55,12,2026-09-17,2,1.0,-0.34749171137828905,-34.74917113782891
12,1.0,20,0.3,1.5,0.55,12,2026-09-20,1,0.5,-0.1727723211215526,-34.55446422431052
12,1.0,20,0.3,1.5,0.55,24,2026-09-13,2,1.0,-0.5599506598234595,-55.99506598234595
12,1.0,20,0.3,1.5,0.55,24,2026-09-15,1,0.5,-0.16210721425048785,-32.42144285009757
12,1.0,20,0.3,1.5,0.55,24,2026-09-17,2,1.0,-0.34749171137828905,-34.74917113782891
12,1.0,20,0.3,1.5,0.55,24,2026-09-20,1,0.5,-0.1727723211215526,-34.55446422431052
12,1.0,20,0.3,1.5,0.55,48,2026-09-13,2,1.0,-0.5599506598234595,-55.99506598234595
12,1.0,20,0.3,1.5,0.55,48,2026-09-15,1,0.5,-0.16210721425048785,-32.42144285009757
12,1.0,20,0.3,1.5,0.55,48,2026-09-17,2,1.0,-0.34749171137828905,-34.74917113782891
12,1.0,20,0.3,1.5,0.55,48,2026-09-20,1,0.5,-0.1727723211215526,-34.55446422431052
12,1.0,20,0.3,1.5,0.55,96,2026-09-13,2,1.0,-0.5599506598234595,-55.99506598234595
12,1.0,20,0.3,1.5,0.55,96,2026-09-15,1,0.5,-0.16210721425048785,-32.42144285009757
12,1.0,20,0.3,1.5,0.55,96,2026-09-17,2,1.0,-0.34749171137828905,-34.74917113782891
12,1.0,20,0.3,1.5,0.55,96,2026-09-20,1,0.5,-0.1727723211215526,-34.55446422431052
12,1.0,20,0.3,2.0,0.4,12,2026-09-13,2,1.0,-0.5599506598234595,-55.99506598234595
12,1.0,20,0.3,2.0,0.4,12,2026-09-15,1,0.5,-0.16210721425048785,-32.42144285009757
12,1.0,20,0.3,2.0,0.4,12,2026-09-17,2,1.0,-0.34749171137828905,-34.74917113782891
12,1.0,20,0.3,2.0,0.4,12,2026-09-20,1,0.5,-0.1727723211215526,-34.55446422431052
12,1.0,20,0.3,2.0,0.4,24,2026-09-13,2,1.0,-0.5599506598234595,-55.99506598234595
12,1.0,20,0.3,2.0,0.4,24,2026-09-15,1,0.5,-0.16210721425048785,-32.42144285009757
12,1.0,20,0.3,2.0,0.4,24,2026-09-17,2,1.0,-0.34749171137828905,-34.74917113782891
12,1.0,20,0.3,2.0,0.4,24,2026-09-20,1,0.5,-0.1727723211215526,-34.55446422431052
12,1.0,20,0.3,2.0,0.4,48,2026-09-13,2,1.0,-0.5599506598234595,-55.99506598234595
12,1.0,20,0.3,2.0,0.4,48,2026-09-15,1,0.5,-0.16210721425048785,-32.42144285009757
12,1.0,20,0.3,2.0,0.4,48,2026-09-17,2,1.0,-0.34749171137828905,-34.74917113782891
12,1.0,20,0.3,2.0,0.4,48,2026-09-20,1,0.5,-0.1727723211215526,-34.55446422431052
12,1.0,20,0.3,2.0,0.4,96,2026-09-13,2,1.0,-0.5599506598234595,-55.99506598234595
12,1.0,20,0.3,2.0,0.4,96,2026-09-15,1,0.5,-0.16210721425048785,-32.42144285009757
12,1.0,20,0.3,2.0,0.4,96,2026-09-17,2,1.0,-0.34749171137828905,-34.74917113782891
12,1.0,20,0.3,2.0,0.4,96,2026-09-20,1,0.5,-0.1727723211215526,-34.55446422431052
12,1.0,20,0.3,2.0,0.55,12,2026-09-13,2,1.0,-0.5599506598234595,-55.99506598234595
12,1.0,20,0.3,2.0,0.55,12,2026-09-15,1,0.5,-0.16210721425048785,-32.42144285009757
12,1.0,20,0.3,2.0,0.55,12,2026-09-17,2,1.0,-0.34749171137828905,-34.74917113782891
12,1.0,20,0.3,2.0,0.55,12,2026-09-20,1,0.5,-0.1727723211215526,-34.55446422431052
12,1.0,20,0.3,2.0,0.55,24,2026-09-13,2,1.0,-0.5599506598234595,-55.99506598234595
12,1.0,20,0.3,2.0,0.55,24,2026-09-15,1,0.5,-0.16210721425048785,-32.42144285009757
12,1.0,20,0.3,2.0,0.55,24,2026-09-17,2,1.0,-0.34749171137828905,-34.74917113782891
12,1.0,20,0.3,2.0,0.55,24,2026-09-20,1,0.5,-0.1727723211215526,-34.55446422431052
12,1.0,20,0.3,2.0,0.55,48,2026-09-13,2,1.0,-0.5599506598234595,-55.99506598234595
12,1.0,20,0.3,2.0,0.55,48,2026-09-15,1,0.5,-0.16210721425048785,-32.42144285009757
12,1.0,20,0.3,2.0,0.55,48,2026-09-17,2,1.0,-0.34749171137828905,-34.74917113782891
12,1.0,20,0.3,2.0,0.55,48,2026-09-20,1,0.5,-0.1727723211215526,-34.55446422431052
12,1.0,20,0.3,2.0,0.55,96,2026-09-13,2,1.0,-0.5599506598234595,-55.99506598234595
12,1.0,20,0.3,2.0,0.55,96,2026-09-15,1,0.5,-0.16210721425048785,-32.42144285009757
12,1.0,20,0.3,2.0,0.55,96,2026-09-17,2,1.0,-0.34749171137828905,-34.74917113782891
12,1.0,20,0.3,2.0,0.55,96,2026-09-20,1,0.5,-0.1727723211215526,-34.55446422431052
12,1.25,1,0.2,1.5,0.4,12,2026-09-13,2,1.0,-0.326632768701465,-32.663276870146504
12,1.25,1,0.2,1.5,0.4,12,2026-09-15,1,0.5,-0.13270958947114808,-26.541917894229616
12,1.25,1,0.2,1.5,0.4,12,2026-09-17,2,1.0,-0.3254261414131362,-32.542614141313614
12,1.25,1,0.2,1.5,0.4,12,2026-09-20,1,0.5,0.08569093174711417,17.138186349422835
12,1.25,1,0.2,1.5,0.4,24,2026-09-13,2,1.0,-0.326632768701465,-32.663276870146504
12,1.25,1,0.2,1.5,0.4,24,2026-09-15,1,0.5,-0.13270958947114808,-26.541917894229616
12,1.25,1,0.2,1.5,0.4,24,2026-09-17,2,1.0,-0.3254261414131362,-32.542614141313614
12,1.25,1,0.2,1.5,0.4,24,2026-09-20,1,0.5,12.671279218447715,2534.255843689543
12,1.25,1,0.2,1.5,0.4,48,2026-09-13,2,1.0,-0.326632768701465,-32.663276870146504
12,1.25,1,0.2,1.5,0.4,48,2026-09-15,1,0.5,-0.13270958947114808,-26.541917894229616
12,1.25,1,0.2,1.5,0.4,48,2026-09-17,2,1.0,-0.3254261414131362,-32.542614141313614
12,1.25,1,0.2,1.5,0.4,48,2026-09-20,1,0.5,12.671279218447715,2534.255843689543
12,1.25,1,0.2,1.5,0.4,96,2026-09-13,2,1.0,-0.326632768701465,-32.663276870146504
12,1.25,1,0.2,1.5,0.4,96,2026-09-15,1,0.5,-0.13270958947114808,-26.541917894229616
12,1.25,1,0.2,1.5,0.4,96,2026-09-17,2,1.0,-0.3254261414131362,-32.542614141313614
12,1.25,1,0.2,1.5,0.4,96,2026-09-20,1,0.5,12.671279218447715,2534.255843689543
12,1.25,1,0.2,1.5,0.55,12,2026-09-13,2,1.0,-0.326632768701465,-32.663276870146504
12,1.25,1,0.2,1.5,0.55,12,2026-09-15,1,0.5,-0.13270958947114808,-26.541917894229616
12,1.25,1,0.2,1.5,0.55,12,2026-09-17,2,1.0,-0.3254261414131362,-32.542614141313614
12,1.25,1,0.2,1.5,0.55,12,2026-09-20,1,0.5,0.08569093174711417,17.138186349422835
12,1.25,1,0.2,1.5,0.55,24,2026-09-13,2,1.0,-0.326632768701465,-32.663276870146504
12,1.25,1,0.2,1.5,0.55,24,2026-09-15,1,0.5,-0.13270958947114808,-26.541917894229616
12,1.25,1,0.2,1.5,0.55,24,2026-09-17,2,1.0,-0.3254261414131362,-32.542614141313614
12,1.25,1,0.2,1.5,0.55,24,2026-09-20,1,0.5,21.599443170750288,4319.888634150057
12,1.25,1,0.2,1.5,0.55,48,2026-09-13,2,1.0,-0.326632768701465,-32.663276870146504
12,1.25,1,0.2,1.5,0.55,48,2026-09-15,1,0.5,-0.13270958947114808,-26.541917894229616
12,1.25,1,0.2,1.5,0.55,48,2026-09-17,2,1.0,-0.3254261414131362,-32.542614141313614
12,1.25,1,0.2,1.5,0.55,48,2026-09-20,1,0.5,11.842740352520027,2368.5480705040054
12,1.25,1,0.2,1.5,0.55,96,2026-09-13,2,1.0,-0.326632768701465,-32.663276870146504
12,1.25,1,0.2,1.5,0.55,96,2026-09-15,1,0.5,-0.13270958947114808,-26.541917894229616
12,1.25,1,0.2,1.5,0.55,96,2026-09-17,2,1.0,-0.3254261414131362,-32.542614141313614
12,1.25,1,0.2,1.5,0.55,96,2026-09-20,1,0.5,11.842740352520027,2368.5480705040054
12,1.25,1,0.2,2.0,0.4,12,2026-09-13,2,1.0,-0.326632768701465,-32.663276870146504
12,1.25,1,0.2,2.0,0.4,12,2026-09-15,1,0.5,-0.13270958947114808,-26.541917894229616
12,1.25,1,0.2,2.0,0.4,12,2026-09-17,2,1.0,-0.3254261414131362,-32.542614141313614
12,1.25,1,0.2,2.0,0.4,12,2026-09-20,1,0.5,0.08569093174711417,17.138186349422835
12,1.25,1,0.2,2.0,0.4,24,2026-09-13,2,1.0,-0.326632768701465,-32.663276870146504
12,1.25,1,0.2,2.0,0.4,24,2026-09-15,1,0.5,-0.13270958947114808,-26.541917894229616
12,1.25,1,0.2,2.0,0.4,24,2026-09-17,2,1.0,-0.3254261414131362,-32.542614141313614
12,1.25,1,0.2,2.0,0.4,24,2026-09-20,1,0.5,12.671279218447715,2534.255843689543
12,1.25,1,0.2,2.0,0.4,48,2026-09-13,2,1.0,-0.326632768701465,-32.663276870146504
12,1.25,1,0.2,2.0,0.4,48,2026-09-15,1,0.5,-0.13270958947114808,-26.541917894229616
12,1.25,1,0.2,2.0,0.4,48,2026-09-17,2,1.0,-0.3254261414131362,-32.542614141313614
12,1.25,1,0.2,2.0,0.4,48,2026-09-20,1,0.5,12.671279218447715,2534.255843689543
12,1.25,1,0.2,2.0,0.4,96,2026-09-13,2,1.0,-0.326632768701465,-32.663276870146504
12,1.25,1,0.2,2.0,0.4,96,2026-09-15,1,0.5,-0.13270958947114808,-26.541917894229616
12,1.25,1,0.2,2.0,0.4,96,2026-09-17,2,1.0,-0.3254261414131362,-32.542614141313614
12,1.25,1,0.2,2.0,0.4,96,2026-09-20,1,0.5,12.671279218447715,2534.255843689543
12,1.25,1,0.2,2.0,0.55,12,2026-09-13,2,1.0,-0.326632768701465,-32.663276870146504
12,1.25,1,0.2,2.0,0.55,12,2026-09-15,1,0.5,-0.13270958947114808,-26.541917894229616
12,1.25,1,0.2,2.0,0.55,12,2026-09-17,2,1.0,-0.3254261414131362,-32.542614141313614
12,1.25,1,0.2,2.0,0.55,12,2026-09-20,1,0.5,0.08569093174711417,17.138186349422835
12,1.25,1,0.2,2.0,0.55,24,2026-09-13,2,1.0,-0.326632768701465,-32.663276870146504
12,1.25,1,0.2,2.0,0.55,24,2026-09-15,1,0.5,-0.13270958947114808,-26.541917894229616
12,1.25,1,0.2,2.0,0.55,24,2026-09-17,2,1.0,-0.3254261414131362,-32.542614141313614
12,1.25,1,0.2,2.0,0.55,24,2026-09-20,1,0.5,21.599443170750288,4319.888634150057
12,1.25,1,0.2,2.0,0.55,48,2026-09-13,2,1.0,-0.326632768701465,-32.663276870146504
12,1.25,1,0.2,2.0,0.55,48,2026-09-15,1,0.5,-0.13270958947114808,-26.541917894229616
12,1.25,1,0.2,2.0,0.55,48,2026-09-17,2,1.0,-0.3254261414131362,-32.542614141313614
12,1.25,1,0.2,2.0,0.55,48,2026-09-20,1,0.5,11.842740352520027,2368.5480705040054
12,1.25,1,0.2,2.0,0.55,96,2026-09-13,2,1.0,-0.326632768701465,-32.663276870146504
12,1.25,1,0.2,2.0,0.55,96,2026-09-15,1,0.5,-0.13270958947114808,-26.541917894229616
12,1.25,1,0.2,2.0,0.55,96,2026-09-17,2,1.0,-0.3254261414131362,-32.542614141313614
12,1.25,1,0.2,2.0,0.55,96,2026-09-20,1,0.5,11.842740352520027,2368.5480705040054
12,1.25,1,0.3,1.5,0.4,12,2026-09-13,2,1.0,-0.5599506598234595,-55.99506598234595
12,1.25,1,0.3,1.5,0.4,12,2026-09-15,1,0.5,-0.16210721425048785,-32.42144285009757
12,1.25,1,0.3,1.5,0.4,12,2026-09-17,2,1.0,-0.34749171137828905,-34.74917113782891
12,1.25,1,0.3,1.5,0.4,12,2026-09-20,1,0.5,0.08569093174711417,17.138186349422835
12,1.25,1,0.3,1.5,0.4,24,2026-09-13,2,1.0,-0.5599506598234595,-55.99506598234595
12,1.25,1,0.3,1.5,0.4,24,2026-09-15,1,0.5,-0.16210721425048785,-32.42144285009757
12,1.25,1,0.3,1.5,0.4,24,2026-09-17,2,1.0,-0.34749171137828905,-34.74917113782891
12,1.25,1,0.3,1.5,0.4,24,2026-09-20,1,0.5,12.671279218447715,2534.255843689543
12,1.25,1,0.3,1.5,0.4,48,2026-09-13,2,1.0,-0.5599506598234595,-55.99506598234595
12,1.25,1,0.3,1.5,0.4,48,2026-09-15,1,0.5,-0.16210721425048785,-32.42144285009757
12,1.25,1,0.3,1.5,0.4,48,2026-09-17,2,1.0,-0.34749171137828905,-34.74917113782891
12,1.25,1,0.3,1.5,0.4,48,2026-09-20,1,0.5,12.671279218447715,2534.255843689543
12,1.25,1,0.3,1.5,0.4,96,2026-09-13,2,1.0,-0.5599506598234595,-55.99506598234595
12,1.25,1,0.3,1.5,0.4,96,2026-09-15,1,0.5,-0.16210721425048785,-32.42144285009757
12,1.25,1,0.3,1.5,0.4,96,2026-09-17,2,1.0,-0.34749171137828905,-34.74917113782891
12,1.25,1,0.3,1.5,0.4,96,2026-09-20,1,0.5,12.671279218447715,2534.255843689543
12,1.25,1,0.3,1.5,0.55,12,2026-09-13,2,1.0,-0.5599506598234595,-55.99506598234595
12,1.25,1,0.3,1.5,0.55,12,2026-09-15,1,0.5,-0.16210721425048785,-32.42144285009757
12,1.25,1,0.3,1.5,0.55,12,2026-09-17,2,1.0,-0.34749171137828905,-34.74917113782891
12,1.25,1,0.3,1.5,0.55,12,2026-09-20,1,0.5,0.08569093174711417,17.138186349422835
12,1.25,1,0.3,1.5,0.55,24,2026-09-13,2,1.0,-0.5599506598234595,-55.99506598234595
12,1.25,1,0.3,1.5,0.55,24,2026-09-15,1,0.5,-0.16210721425048785,-32.42144285009757
12,1.25,1,0.3,1.5,0.55,24,2026-09-17,2,1.0,-0.34749171137828905,-34.74917113782891
12,1.25,1,0.3,1.5,0.55,24,2026-09-20,1,0.5,21.599443170750288,4319.888634150057
12,1.25,1,0.3,1.5,0.55,48,2026-09-13,2,1.0,-0.5599506598234595,-55.99506598234595
12,1.25,1,0.3,1.5,0.55,48,2026-09-15,1,0.5,-0.16210721425048785,-32.42144285009757
12,1.25,1,0.3,1.5,0.55,48,2026-09-17,2,1.0,-0.34749171137828905,-34.74917113782891
12,1.25,1,0.3,1.5,0.55,48,2026-09-20,1,0.5,11.842740352520027,2368.5480705040054
12,1.25,1,0.3,1.5,0.55,96,2026-09-13,2,1.0,-0.5599506598234595,-55.99506598234595
12,1.25,1,0.3,1.5,0.55,96,2026-09-15,1,0.5,-0.16210721425048785,-32.42144285009757
12,1.25,1,0.3,1.5,0.55,96,2026-09-17,2,1.0,-0.34749171137828905,-34.74917113782891
12,1.25,1,0.3,1.5,0.55,96,2026-09-20,1,0.5,11.842740352520027,2368.5480705040054
12,1.25,1,0.3,2.0,0.4,12,2026-09-13,2,1.0,-0.5599506598234595,-55.99506598234595
12,1.25,1,0.3,2.0,0.4,12,2026-09-15,1,0.5,-0.16210721425048785,-32.42144285009757
12,1.25,1,0.3,2.0,0.4,12,2026-09-17,2,1.0,-0.34749171137828905,-34.74917113782891
12,1.25,1,0.3,2.0,0.4,12,2026-09-20,1,0.5,0.08569093174711417,17.138186349422835
12,1.25,1,0.3,2.0,0.4,24,2026-09-13,2,1.0,-0.5599506598234595,-55.99506598234595
12,1.25,1,0.3,2.0,0.4,24,2026-09-15,1,0.5,-0.16210721425048785,-32.42144285009757
12,1.25,1,0.3,2.0,0.4,24,2026-09-17,2,1.0,-0.34749171137828905,-34.74917113782891
12,1.25,1,0.3,2.0,0.4,24,2026-09-20,1,0.5,12.671279218447715,2534.255843689543
12,1.25,1,0.3,2.0,0.4,48,2026-09-13,2,1.0,-0.5599506598234595,-55.99506598234595
12,1.25,1,0.3,2.0,0.4,48,2026-09-15,1,0.5,-0.16210721425048785,-32.42144285009757
12,1.25,1,0.3,2.0,0.4,48,2026-09-17,2,1.0,-0.34749171137828905,-34.74917113782891
12,1.25,1,0.3,2.0,0.4,48,2026-09-20,1,0.5,12.671279218447715,2534.255843689543
12,1.25,1,0.3,2.0,0.4,96,2026-09-13,2,1.0,-0.5599506598234595,-55.99506598234595
12,1.25,1,0.3,2.0,0.4,96,2026-09-15,1,0.5,-0.16210721425048785,-32.42144285009757
12,1.25,1,0.3,2.0,0.4,96,2026-09-17,2,1.0,-0.34749171137828905,-34.74917113782891
12,1.25,1,0.3,2.0,0.4,96,2026-09-20,1,0.5,12.671279218447715,2534.255843689543
12,1.25,1,0.3,2.0,0.55,12,2026-09-13,2,1.0,-0.5599506598234595,-55.99506598234595
12,1.25,1,0.3,2.0,0.55,12,2026-09-15,1,0.5,-0.16210721425048785,-32.42144285009757
12,1.25,1,0.3,2.0,0.55,12,2026-09-17,2,1.0,-0.34749171137828905,-34.74917113782891
12,1.25,1,0.3,2.0,0.55,12,2026-09-20,1,0.5,0.08569093174711417,17.138186349422835
12,1.25,1,0.3,2.0,0.55,24,2026-09-13,2,1.0,-0.5599506598234595,-55.99506598234595
12,1.25,1,0.3,2.0,0.55,24,2026-09-15,1,0.5,-0.16210721425048785,-32.42144285009757
12,1.25,1,0.3,2.0,0.55,24,2026-09-17,2,1.0,-0.34749171137828905,-34.74917113782891
12,1.25,1,0.3,2.0,0.55,24,2026-09-20,1,0.5,21.599443170750288,4319.888634150057
12,1.25,1,0.3,2.0,0.55,48,2026-09-13,2,1.0,-0.5599506598234595,-55.99506598234595
12,1.25,1,0.3,2.0,0.55,48,2026-09-15,1,0.5,-0.16210721425048785,-32.42144285009757
12,1.25,1,0.3,2.0,0.55,48,2026-09-17,2,1.0,-0.34749171137828905,-34.74917113782891
12,1.25,1,0.3,2.0,0.55,48,2026-09-20,1,0.5,11.842740352520027,2368.5480705040054
12,1.25,1,0.3,2.0,0.55,96,2026-09-13,2,1.0,-0.5599506598234595,-55.99506598234595
12,1.25,1,0.3,2.0,0.55,96,2026-09-15,1,0.5,-0.16210721425048785,-32.42144285009757
12,1.25,1,0.3,2.0,0.55,96,2026-09-17,2,1.0,-0.34749171137828905,-34.74917113782891
12,1.25,1,0.3,2.0,0.55,96,2026-09-20,1,0.5,11.842740352520027,2368.5480705040054
12,1.25,5,0.2,1.5,0.4,12,2026-09-13,2,1.0,-0.326632768701465,-32.663276870146504
12,1.25,5,0.2,1.5,0.4,12,2026-09-15,1,0.5,-0.13270958947114808,-26.541917894229616
12,1.25,5,0.2,1.5,0.4,12,2026-09-17,2,1.0,-0.3254261414131362,-32.542614141313614
12,1.25,5,0.2,1.5,0.4,12,2026-09-20,1,0.5,0.08569093174711417,17.138186349422835
12,1.25,5,0.2,1.5,0.4,24,2026-09-13,2,1.0,-0.326632768701465,-32.663276870146504
12,1.25,5,0.2,1.5,0.4,24,2026-09-15,1,0.5,-0.13270958947114808,-26.541917894229616
12,1.25,5,0.2,1.5,0.4,24,2026-09-17,2,1.0,-0.3254261414131362,-32.542614141313614
12,1.25,5,0.2,1.5,0.4,24,2026-09-20,1,0.5,12.671279218447715,2534.255843689543
12,1.25,5,0.2,1.5,0.4,48,2026-09-13,2,1.0,-0.326632768701465,-32.663276870146504
12,1.25,5,0.2,1.5,0.4,48,2026-09-15,1,0.5,-0.13270958947114808,-26.541917894229616
12,1.25,5,0.2,1.5,0.4,48,2026-09-17,2,1.0,-0.3254261414131362,-32.542614141313614
12,1.25,5,0.2,1.5,0.4,48,2026-09-20,1,0.5,12.671279218447715,2534.255843689543
12,1.25,5,0.2,1.5,0.4,96,2026-09-13,2,1.0,-0.326632768701465,-32.663276870146504
12,1.25,5,0.2,1.5,0.4,96,2026-09-15,1,0.5,-0.13270958947114808,-26.541917894229616
12,1.25,5,0.2,1.5,0.4,96,2026-09-17,2,1.0,-0.3254261414131362,-32.542614141313614
12,1.25,5,0.2,1.5,0.4,96,2026-09-20,1,0.5,12.671279218447715,2534.255843689543
12,1.25,5,0.2,1.5,0.55,12,2026-09-13,2,1.0,-0.326632768701465,-32.663276870146504
12,1.25,5,0.2,1.5,0.55,12,2026-09-15,1,0.5,-0.13270958947114808,-26.541917894229616
12,1.25,5,0.2,1.5,0.55,12,2026-09-17,2,1.0,-0.3254261414131362,-32.542614141313614
12,1.25,5,0.2,1.5,0.55,12,2026-09-20,1,0.5,0.08569093174711417,17.138186349422835
12,1.25,5,0.2,1.5,0.55,24,2026-09-13,2,1.0,-0.326632768701465,-32.663276870146504
12,1.25,5,0.2,1.5,0.55,24,2026-09-15,1,0.5,-0.13270958947114808,-26.541917894229616
12,1.25,5,0.2,1.5,0.55,24,2026-09-17,2,1.0,-0.3254261414131362,-32.542614141313614
12,1.25,5,0.2,1.5,0.55,24,2026-09-20,1,0.5,21.599443170750288,4319.888634150057
12,1.25,5,0.2,1.5,0.55,48,2026-09-13,2,1.0,-0.326632768701465,-32.663276870146504
12,1.25,5,0.2,1.5,0.55,48,2026-09-15,1,0.5,-0.13270958947114808,-26.541917894229616
12,1.25,5,0.2,1.5,0.55,48,2026-09-17,2,1.0,-0.3254261414131362,-32.542614141313614
12,1.25,5,0.2,1.5,0.55,48,2026-09-20,1,0.5,11.842740352520027,2368.5480705040054
12,1.25,5,0.2,1.5,0.55,96,2026-09-13,2,1.0,-0.326632768701465,-32.663276870146504
12,1.25,5,0.2,1.5,0.55,96,2026-09-15,1,0.5,-0.13270958947114808,-26.541917894229616
12,1.25,5,0.2,1.5,0.55,96,2026-09-17,2,1.0,-0.3254261414131362,-32.542614141313614
12,1.25,5,0.2,1.5,0.55,96,2026-09-20,1,0.5,11.842740352520027,2368.5480705040054
12,1.25,5,0.2,2.0,0.4,12,2026-09-13,2,1.0,-0.326632768701465,-32.663276870146504
12,1.25,5,0.2,2.0,0.4,12,2026-09-15,1,0.5,-0.13270958947114808,-26.541917894229616
12,1.25,5,0.2,2.0,0.4,12,2026-09-17,2,1.0,-0.3254261414131362,-32.542614141313614
12,1.25,5,0.2,2.0,0.4,12,2026-09-20,1,0.5,0.08569093174711417,17.138186349422835
12,1.25,5,0.2,2.0,0.4,24,2026-09-13,2,1.0,-0.326632768701465,-32.663276870146504
12,1.25,5,0.2,2.0,0.4,24,2026-09-15,1,0.5,-0.13270958947114808,-26.541917894229616
12,1.25,5,0.2,2.0,0.4,24,2026-09-17,2,1.0,-0.3254261414131362,-32.542614141313614
12,1.25,5,0.2,2.0,0.4,24,2026-09-20,1,0.5,12.671279218447715,2534.255843689543
12,1.25,5,0.2,2.0,0.4,48,2026-09-13,2,1.0,-0.326632768701465,-32.663276870146504
12,1.25,5,0.2,2.0,0.4,48,2026-09-15,1,0.5,-0.13270958947114808,-26.541917894229616
12,1.25,5,0.2,2.0,0.4,48,2026-09-17,2,1.0,-0.3254261414131362,-32.542614141313614
12,1.25,5,0.2,2.0,0.4,48,2026-09-20,1,0.5,12.671279218447715,2534.255843689543
12,1.25,5,0.2,2.0,0.4,96,2026-09-13,2,1.0,-0.326632768701465,-32.663276870146504
12,1.25,5,0.2,2.0,0.4,96,2026-09-15,1,0.5,-0.13270958947114808,-26.541917894229616
12,1.25,5,0.2,2.0,0.4,96,2026-09-17,2,1.0,-0.3254261414131362,-32.542614141313614
12,1.25,5,0.2,2.0,0.4,96,2026-09-20,1,0.5,12.671279218447715,2534.255843689543
12,1.25,5,0.2,2.0,0.55,12,2026-09-13,2,1.0,-0.326632768701465,-32.663276870146504
12,1.25,5,0.2,2.0,0.55,12,2026-09-15,1,0.5,-0.13270958947114808,-26.541917894229616
12,1.25,5,0.2,2.0,0.55,12,2026-09-17,2,1.0,-0.3254261414131362,-32.542614141313614
12,1.25,5,0.2,2.0,0.55,12,2026-09-20,1,0.5,0.08569093174711417,17.138186349422835
12,1.25,5,0.2,2.0,0.55,24,2026-09-13,2,1.0,-0.326632768701465,-32.663276870146504
12,1.25,5,0.2,2.0,0.55,24,2026-09-15,1,0.5,-0.13270958947114808,-26.541917894229616
12,1.25,5,0.2,2.0,0.55,24,2026-09-17,2,1.0,-0.3254261414131362,-32.542614141313614
12,1.25,5,0.2,2.0,0.55,24,2026-09-20,1,0.5,21.599443170750288,4319.888634150057
12,1.25,5,0.2,2.0,0.55,48,2026-09-13,2,1.0,-0.326632768701465,-32.663276870146504
12,1.25,5,0.2,2.0,0.55,48,2026-09-15,1,0.5,-0.13270958947114808,-26.541917894229616
12,1.25,5,0.2,2.0,0.55,48,2026-09-17,2,1.0,-0.3254261414131362,-32.542614141313614
12,1.25,5,0.2,2.0,0.55,48,2026-09-20,1,0.5,11.842740352520027,2368.5480705040054
12,1.25,5,0.2,2.0,0.55,96,2026-09-13,2,1.0,-0.326632768701465,-32.663276870146504
12,1.25,5,0.2,2.0,0.55,96,2026-09-15,1,0.5,-0.13270958947114808,-26.541917894229616
12,1.25,5,0.2,2.0,0.55,96,2026-09-17,2,1.0,-0.3254261414131362,-32.542614141313614
12,1.25,5,0.2,2.0,0.55,96,2026-09-20,1,0.5,11.842740352520027,2368.5480705040054
12,1.25,5,0.3,1.5,0.4,12,2026-09-13,2,1.0,-0.5599506598234595,-55.99506598234595
12,1.25,5,0.3,1.5,0.4,12,2026-09-15,1,0.5,-0.16210721425048785,-32.42144285009757
12,1.25,5,0.3,1.5,0.4,12,2026-09-17,2,1.0,-0.34749171137828905,-34.74917113782891
12,1.25,5,0.3,1.5,0.4,12,2026-09-20,1,0.5,0.08569093174711417,17.138186349422835
12,1.25,5,0.3,1.5,0.4,24,2026-09-13,2,1.0,-0.5599506598234595,-55.99506598234595
12,1.25,5,0.3,1.5,0.4,24,2026-09-15,1,0.5,-0.16210721425048785,-32.42144285009757
12,1.25,5,0.3,1.5,0.4,24,2026-09-17,2,1.0,-0.34749171137828905,-34.74917113782891
12,1.25,5,0.3,1.5,0.4,24,2026-09-20,1,0.5,12.671279218447715,2534.255843689543
12,1.25,5,0.3,1.5,0.4,48,2026-09-13,2,1.0,-0.5599506598234595,-55.99506598234595
12,1.25,5,0.3,1.5,0.4,48,2026-09-15,1,0.5,-0.16210721425048785,-32.42144285009757
12,1.25,5,0.3,1.5,0.4,48,2026-09-17,2,1.0,-0.34749171137828905,-34.74917113782891
12,1.25,5,0.3,1.5,0.4,48,2026-09-20,1,0.5,12.671279218447715,2534.255843689543
12,1.25,5,0.3,1.5,0.4,96,2026-09-13,2,1.0,-0.5599506598234595,-55.99506598234595
12,1.25,5,0.3,1.5,0.4,96,2026-09-15,1,0.5,-0.16210721425048785,-32.42144285009757
12,1.25,5,0.3,1.5,0.4,96,2026-09-17,2,1.0,-0.34749171137828905,-34.74917113782891
12,1.25,5,0.3,1.5,0.4,96,2026-09-20,1,0.5,12.671279218447715,2534.255843689543
12,1.25,5,0.3,1.5,0.55,12,2026-09-13,2,1.0,-0.5599506598234595,-55.99506598234595
12,1.25,5,0.3,1.5,0.55,12,2026-09-15,1,0.5,-0.16210721425048785,-32.42144285009757
12,1.25,5,0.3,1.5,0.55,12,2026-09-17,2,1.0,-0.34749171137828905,-34.74917113782891
12,1.25,5,0.3,1.5,0.55,12,2026-09-20,1,0.5,0.08569093174711417,17.138186349422835
12,1.25,5,0.3,1.5,0.55,24,2026-09-13,2,1.0,-0.5599506598234595,-55.99506598234595
12,1.25,5,0.3,1.5,0.55,24,2026-09-15,1,0.5,-0.16210721425048785,-32.42144285009757
12,1.25,5,0.3,1.5,0.55,24,2026-09-17,2,1.0,-0.34749171137828905,-34.74917113782891
12,1.25,5,0.3,1.5,0.55,24,2026-09-20,1,0.5,21.599443170750288,4319.888634150057
12,1.25,5,0.3,1.5,0.55,48,2026-09-13,2,1.0,-0.5599506598234595,-55.99506598234595
12,1.25,5,0.3,1.5,0.55,48,2026-09-15,1,0.5,-0.16210721425048785,-32.42144285009757
12,1.25,5,0.3,1.5,0.55,48,2026-09-17,2,1.0,-0.34749171137828905,-34.74917113782891
12,1.25,5,0.3,1.5,0.55,48,2026-09-20,1,0.5,11.842740352520027,2368.5480705040054
12,1.25,5,0.3,1.5,0.55,96,2026-09-13,2,1.0,-0.5599506598234595,-55.99506598234595
12,1.25,5,0.3,1.5,0.55,96,2026-09-15,1,0.5,-0.16210721425048785,-32.42144285009757
12,1.25,5,0.3,1.5,0.55,96,2026-09-17,2,1.0,-0.34749171137828905,-34.74917113782891
12,1.25,5,0.3,1.5,0.55,96,2026-09-20,1,0.5,11.842740352520027,2368.5480705040054
12,1.25,5,0.3,2.0,0.4,12,2026-09-13,2,1.0,-0.5599506598234595,-55.99506598234595
12,1.25,5,0.3,2.0,0.4,12,2026-09-15,1,0.5,-0.16210721425048785,-32.42144285009757
12,1.25,5,0.3,2.0,0.4,12,2026-09-17,2,1.0,-0.34749171137828905,-34.74917113782891
12,1.25,5,0.3,2.0,0.4,12,2026-09-20,1,0.5,0.08569093174711417,17.138186349422835
12,1.25,5,0.3,2.0,0.4,24,2026-09-13,2,1.0,-0.5599506598234595,-55.99506598234595
12,1.25,5,0.3,2.0,0.4,24,2026-09-15,1,0.5,-0.16210721425048785,-32.42144285009757
12,1.25,5,0.3,2.0,0.4,24,2026-09-17,2,1.0,-0.34749171137828905,-34.74917113782891
12,1.25,5,0.3,2.0,0.4,24,2026-09-20,1,0.5,12.671279218447715,2534.255843689543
12,1.25,5,0.3,2.0,0.4,48,2026-09-13,2,1.0,-0.5599506598234595,-55.99506598234595
12,1.25,5,0.3,2.0,0.4,48,2026-09-15,1,0.5,-0.16210721425048785,-32.42144285009757
12,1.25,5,0.3,2.0,0.4,48,2026-09-17,2,1.0,-0.34749171137828905,-34.74917113782891
12,1.25,5,0.3,2.0,0.4,48,2026-09-20,1,0.5,12.671279218447715,2534.255843689543
12,1.25,5,0.3,2.0,0.4,96,2026-09-13,2,1.0,-0.5599506598234595,-55.99506598234595
12,1.25,5,0.3,2.0,0.4,96,2026-09-15,1,0.5,-0.16210721425048785,-32.42144285009757
12,1.25,5,0.3,2.0,0.4,96,2026-09-17,2,1.0,-0.34749171137828905,-34.74917113782891
12,1.25,5,0.3,2.0,0.4,96,2026-09-20,1,0.5,12.671279218447715,2534.255843689543
12,1.25,5,0.3,2.0,0.55,12,2026-09-13,2,1.0,-0.5599506598234595,-55.99506598234595
12,1.25,5,0.3,2.0,0.55,12,2026-09-15,1,0.5,-0.16210721425048785,-32.42144285009757
12,1.25,5,0.3,2.0,0.55,12,2026-09-17,2,1.0,-0.34749171137828905,-34.74917113782891
12,1.25,5,0.3,2.0,0.55,12,2026-09-20,1,0.5,0.08569093174711417,17.138186349422835
12,1.25,5,0.3,2.0,0.55,24,2026-09-13,2,1.0,-0.5599506598234595,-55.99506598234595
12,1.25,5,0.3,2.0,0.55,24,2026-09-15,1,0.5,-0.16210721425048785,-32.42144285009757
12,1.25,5,0.3,2.0,0.55,24,2026-09-17,2,1.0,-0.34749171137828905,-34.74917113782891
12,1.25,5,0.3,2.0,0.55,24,2026-09-20,1,0.5,21.599443170750288,4319.888634150057
12,1.25,5,0.3,2.0,0.55,48,2026-09-13,2,1.0,-0.5599506598234595,-55.99506598234595
12,1.25,5,0.3,2.0,0.55,48,2026-09-15,1,0.5,-0.16210721425048785,-32.42144285009757
12,1.25,5,0.3,2.0,0.55,48,2026-09-17,2,1.0,-0.34749171137828905,-34.74917113782891
12,1.25,5,0.3,2.0,0.55,48,2026-09-20,1,0.5,11.842740352520027,2368.5480705040054
12,1.25,5,0.3,2.0,0.55,96,2026-09-13,2,1.0,-0.5599506598234595,-55.99506598234595
12,1.25,5,0.3,2.0,0.55,96,2026-09-15,1,0.5,-0.16210721425048785,-32.42144285009757
12,1.25,5,0.3,2.0,0.55,96,2026-09-17,2,1.0,-0.34749171137828905,-34.74917113782891
12,1.25,5,0.3,2.0,0.55,96,2026-09-20,1,0.5,11.842740352520027,2368.5480705040054
12,1.25,20,0.2,1.5,0.4,12,2026-09-13,2,1.0,-0.326632768701465,-32.663276870146504
12,1.25,20,0.2,1.5,0.4,12,2026-09-15,1,0.5,-0.13270958947114808,-26.541917894229616
12,1.25,20,0.2,1.5,0.4,12,2026-09-17,2,1.0,-0.3254261414131362,-32.542614141313614
12,1.25,20,0.2,1.5,0.4,12,2026-09-20,0,0.0,0.0,0.0
12,1.25,20,0.2,1.5,0.4,24,2026-09-13,2,1.0,-0.326632768701465,-32.663276870146504
12,1.25,20,0.2,1.5,0.4,24,2026-09-15,1,0.5,-0.13270958947114808,-26.541917894229616
12,1.25,20,0.2,1.5,0.4,24,2026-09-17,2,1.0,-0.3254261414131362,-32.542614141313614
12,1.25,20,0.2,1.5,0.4,24,2026-09-20,0,0.0,0.0,0.0
12,1.25,20,0.2,1.5,0.4,48,2026-09-13,2,1.0,-0.326632768701465,-32.663276870146504
12,1.25,20,0.2,1.5,0.4,48,2026-09-15,1,0.5,-0.13270958947114808,-26.541917894229616
12,1.25,20,0.2,1.5,0.4,48,2026-09-17,2,1.0,-0.3254261414131362,-32.542614141313614
12,1.25,20,0.2,1.5,0.4,48,2026-09-20,0,0.0,0.0,0.0
12,1.25,20,0.2,1.5,0.4,96,2026-09-13,2,1.0,-0.326632768701465,-32.663276870146504
12,1.25,20,0.2,1.5,0.4,96,2026-09-15,1,0.5,-0.13270958947114808,-26.541917894229616
12,1.25,20,0.2,1.5,0.4,96,2026-09-17,2,1.0,-0.3254261414131362,-32.542614141313614
12,1.25,20,0.2,1.5,0.4,96,2026-09-20,0,0.0,0.0,0.0
12,1.25,20,0.2,1.5,0.55,12,2026-09-13,2,1.0,-0.326632768701465,-32.663276870146504
12,1.25,20,0.2,1.5,0.55,12,2026-09-15,1,0.5,-0.13270958947114808,-26.541917894229616
12,1.25,20,0.2,1.5,0.55,12,2026-09-17,2,1.0,-0.3254261414131362,-32.542614141313614
12,1.25,20,0.2,1.5,0.55,12,2026-09-20,0,0.0,0.0,0.0
12,1.25,20,0.2,1.5,0.55,24,2026-09-13,2,1.0,-0.326632768701465,-32.663276870146504
12,1.25,20,0.2,1.5,0.55,24,2026-09-15,1,0.5,-0.13270958947114808,-26.541917894229616
12,1.25,20,0.2,1.5,0.55,24,2026-09-17,2,1.0,-0.3254261414131362,-32.542614141313614
12,1.25,20,0.2,1.5,0.55,24,2026-09-20,0,0.0,0.0,0.0
12,1.25,20,0.2,1.5,0.55,48,2026-09-13,2,1.0,-0.326632768701465,-32.663276870146504
12,1.25,20,0.2,1.5,0.55,48,2026-09-15,1,0.5,-0.13270958947114808,-26.541917894229616
12,1.25,20,0.2,1.5,0.55,48,2026-09-17,2,1.0,-0.3254261414131362,-32.542614141313614
12,1.25,20,0.2,1.5,0.55,48,2026-09-20,0,0.0,0.0,0.0
12,1.25,20,0.2,1.5,0.55,96,2026-09-13,2,1.0,-0.326632768701465,-32.663276870146504
12,1.25,20,0.2,1.5,0.55,96,2026-09-15,1,0.5,-0.13270958947114808,-26.541917894229616
12,1.25,20,0.2,1.5,0.55,96,2026-09-17,2,1.0,-0.3254261414131362,-32.542614141313614
12,1.25,20,0.2,1.5,0.55,96,2026-09-20,0,0.0,0.0,0.0
12,1.25,20,0.2,2.0,0.4,12,2026-09-13,2,1.0,-0.326632768701465,-32.663276870146504
12,1.25,20,0.2,2.0,0.4,12,2026-09-15,1,0.5,-0.13270958947114808,-26.541917894229616
12,1.25,20,0.2,2.0,0.4,12,2026-09-17,2,1.0,-0.3254261414131362,-32.542614141313614
12,1.25,20,0.2,2.0,0.4,12,2026-09-20,0,0.0,0.0,0.0
12,1.25,20,0.2,2.0,0.4,24,2026-09-13,2,1.0,-0.326632768701465,-32.663276870146504
12,1.25,20,0.2,2.0,0.4,24,2026-09-15,1,0.5,-0.13270958947114808,-26.541917894229616
12,1.25,20,0.2,2.0,0.4,24,2026-09-17,2,1.0,-0.3254261414131362,-32.542614141313614
12,1.25,20,0.2,2.0,0.4,24,2026-09-20,0,0.0,0.0,0.0
12,1.25,20,0.2,2.0,0.4,48,2026-09-13,2,1.0,-0.326632768701465,-32.663276870146504
12,1.25,20,0.2,2.0,0.4,48,2026-09-15,1,0.5,-0.13270958947114808,-26.541917894229616
12,1.25,20,0.2,2.0,0.4,48,2026-09-17,2,1.0,-0.3254261414131362,-32.542614141313614
12,1.25,20,0.2,2.0,0.4,48,2026-09-20,0,0.0,0.0,0.0
12,1.25,20,0.2,2.0,0.4,96,2026-09-13,2,1.0,-0.326632768701465,-32.663276870146504
12,1.25,20,0.2,2.0,0.4,96,2026-09-15,1,0.5,-0.13270958947114808,-26.541917894229616
12,1.25,20,0.2,2.0,0.4,96,2026-09-17,2,1.0,-0.3254261414131362,-32.542614141313614
12,1.25,20,0.2,2.0,0.4,96,2026-09-20,0,0.0,0.0,0.0
12,1.25,20,0.2,2.0,0.55,12,2026-09-13,2,1.0,-0.326632768701465,-32.663276870146504
12,1.25,20,0.2,2.0,0.55,12,2026-09-15,1,0.5,-0.13270958947114808,-26.541917894229616
12,1.25,20,0.2,2.0,0.55,12,2026-09-17,2,1.0,-0.3254261414131362,-32.542614141313614
12,1.25,20,0.2,2.0,0.55,12,2026-09-20,0,0.0,0.0,0.0
12,1.25,20,0.2,2.0,0.55,24,2026-09-13,2,1.0,-0.326632768701465,-32.663276870146504
12,1.25,20,0.2,2.0,0.55,24,2026-09-15,1,0.5,-0.13270958947114808,-26.541917894229616
12,1.25,20,0.2,2.0,0.55,24,2026-09-17,2,1.0,-0.3254261414131362,-32.542614141313614
12,1.25,20,0.2,2.0,0.55,24,2026-09-20,0,0.0,0.0,0.0
12,1.25,20,0.2,2.0,0.55,48,2026-09-13,2,1.0,-0.326632768701465,-32.663276870146504
12,1.25,20,0.2,2.0,0.55,48,2026-09-15,1,0.5,-0.13270958947114808,-26.541917894229616
12,1.25,20,0.2,2.0,0.55,48,2026-09-17,2,1.0,-0.3254261414131362,-32.542614141313614
12,1.25,20,0.2,2.0,0.55,48,2026-09-20,0,0.0,0.0,0.0
12,1.25,20,0.2,2.0,0.55,96,2026-09-13,2,1.0,-0.326632768701465,-32.663276870146504
12,1.25,20,0.2,2.0,0.55,96,2026-09-15,1,0.5,-0.13270958947114808,-26.541917894229616
12,1.25,20,0.2,2.0,0.55,96,2026-09-17,2,1.0,-0.3254261414131362,-32.542614141313614
12,1.25,20,0.2,2.0,0.55,96,2026-09-20,0,0.0,0.0,0.0
12,1.25,20,0.3,1.5,0.4,12,2026-09-13,2,1.0,-0.5599506598234595,-55.99506598234595
12,1.25,20,0.3,1.5,0.4,12,2026-09-15,1,0.5,-0.16210721425048785,-32.42144285009757
12,1.25,20,0.3,1.5,0.4,12,2026-09-17,2,1.0,-0.34749171137828905,-34.74917113782891
12,1.25,20,0.3,1.5,0.4,12,2026-09-20,0,0.0,0.0,0.0
12,1.25,20,0.3,1.5,0.4,24,2026-09-13,2,1.0,-0.5599506598234595,-55.99506598234595
12,1.25,20,0.3,1.5,0.4,24,2026-09-15,1,0.5,-0.16210721425048785,-32.42144285009757
12,1.25,20,0.3,1.5,0.4,24,2026-09-17,2,1.0,-0.34749171137828905,-34.74917113782891
12,1.25,20,0.3,1.5,0.4,24,2026-09-20,0,0.0,0.0,0.0
12,1.25,20,0.3,1.5,0.4,48,2026-09-13,2,1.0,-0.5599506598234595,-55.99506598234595
12,1.25,20,0.3,1.5,0.4,48,2026-09-15,1,0.5,-0.16210721425048785,-32.42144285009757
12,1.25,20,0.3,1.5,0.4,48,2026-09-17,2,1.0,-0.34749171137828905,-34.74917113782891
12,1.25,20,0.3,1.5,0.4,48,2026-09-20,0,0.0,0.0,0.0
12,1.25,20,0.3,1.5,0.4,96,2026-09-13,2,1.0,-0.5599506598234595,-55.99506598234595
12,1.25,20,0.3,1.5,0.4,96,2026-09-15,1,0.5,-0.16210721425048785,-32.42144285009757
12,1.25,20,0.3,1.5,0.4,96,2026-09-17,2,1.0,-0.34749171137828905,-34.74917113782891
12,1.25,20,0.3,1.5,0.4,96,2026-09-20,0,0.0,0.0,0.0
12,1.25,20,0.3,1.5,0.55,12,2026-09-13,2,1.0,-0.5599506598234595,-55.99506598234595
12,1.25,20,0.3,1.5,0.55,12,2026-09-15,1,0.5,-0.16210721425048785,-32.42144285009757
12,1.25,20,0.3,1.5,0.55,12,2026-09-17,2,1.0,-0.34749171137828905,-34.74917113782891
12,1.25,20,0.3,1.5,0.55,12,2026-09-20,0,0.0,0.0,0.0
12,1.25,20,0.3,1.5,0.55,24,2026-09-13,2,1.0,-0.5599506598234595,-55.99506598234595
12,1.25,20,0.3,1.5,0.55,24,2026-09-15,1,0.5,-0.16210721425048785,-32.42144285009757
12,1.25,20,0.3,1.5,0.55,24,2026-09-17,2,1.0,-0.34749171137828905,-34.74917113782891
12,1.25,20,0.3,1.5,0.55,24,2026-09-20,0,0.0,0.0,0.0
12,1.25,20,0.3,1.5,0.55,48,2026-09-13,2,1.0,-0.5599506598234595,-55.99506598234595
12,1.25,20,0.3,1.5,0.55,48,2026-09-15,1,0.5,-0.16210721425048785,-32.42144285009757
12,1.25,20,0.3,1.5,0.55,48,2026-09-17,2,1.0,-0.34749171137828905,-34.74917113782891
12,1.25,20,0.3,1.5,0.55,48,2026-09-20,0,0.0,0.0,0.0
12,1.25,20,0.3,1.5,0.55,96,2026-09-13,2,1.0,-0.5599506598234595,-55.99506598234595
12,1.25,20,0.3,1.5,0.55,96,2026-09-15,1,0.5,-0.16210721425048785,-32.42144285009757
12,1.25,20,0.3,1.5,0.55,96,2026-09-17,2,1.0,-0.34749171137828905,-34.74917113782891
12,1.25,20,0.3,1.5,0.55,96,2026-09-20,0,0.0,0.0,0.0
12,1.25,20,0.3,2.0,0.4,12,2026-09-13,2,1.0,-0.5599506598234595,-55.99506598234595
12,1.25,20,0.3,2.0,0.4,12,2026-09-15,1,0.5,-0.16210721425048785,-32.42144285009757
12,1.25,20,0.3,2.0,0.4,12,2026-09-17,2,1.0,-0.34749171137828905,-34.74917113782891
12,1.25,20,0.3,2.0,0.4,12,2026-09-20,0,0.0,0.0,0.0
12,1.25,20,0.3,2.0,0.4,24,2026-09-13,2,1.0,-0.5599506598234595,-55.99506598234595
12,1.25,20,0.3,2.0,0.4,24,2026-09-15,1,0.5,-0.16210721425048785,-32.42144285009757
12,1.25,20,0.3,2.0,0.4,24,2026-09-17,2,1.0,-0.34749171137828905,-34.74917113782891
12,1.25,20,0.3,2.0,0.4,24,2026-09-20,0,0.0,0.0,0.0
12,1.25,20,0.3,2.0,0.4,48,2026-09-13,2,1.0,-0.5599506598234595,-55.99506598234595
12,1.25,20,0.3,2.0,0.4,48,2026-09-15,1,0.5,-0.16210721425048785,-32.42144285009757
12,1.25,20,0.3,2.0,0.4,48,2026-09-17,2,1.0,-0.34749171137828905,-34.74917113782891
12,1.25,20,0.3,2.0,0.4,48,2026-09-20,0,0.0,0.0,0.0
12,1.25,20,0.3,2.0,0.4,96,2026-09-13,2,1.0,-0.5599506598234595,-55.99506598234595
12,1.25,20,0.3,2.0,0.4,96,2026-09-15,1,0.5,-0.16210721425048785,-32.42144285009757
12,1.25,20,0.3,2.0,0.4,96,2026-09-17,2,1.0,-0.34749171137828905,-34.74917113782891
12,1.25,20,0.3,2.0,0.4,96,2026-09-20,0,0.0,0.0,0.0
12,1.25,20,0.3,2.0,0.55,12,2026-09-13,2,1.0,-0.5599506598234595,-55.99506598234595
12,1.25,20,0.3,2.0,0.55,12,2026-09-15,1,0.5,-0.16210721425048785,-32.42144285009757
12,1.25,20,0.3,2.0,0.55,12,2026-09-17,2,1.0,-0.34749171137828905,-34.74917113782891
12,1.25,20,0.3,2.0,0.55,12,2026-09-20,0,0.0,0.0,0.0
12,1.25,20,0.3,2.0,0.55,24,2026-09-13,2,1.0,-0.5599506598234595,-55.99506598234595
12,1.25,20,0.3,2.0,0.55,24,2026-09-15,1,0.5,-0.16210721425048785,-32.42144285009757
12,1.25,20,0.3,2.0,0.55,24,2026-09-17,2,1.0,-0.34749171137828905,-34.74917113782891
12,1.25,20,0.3,2.0,0.55,24,2026-09-20,0,0.0,0.0,0.0
12,1.25,20,0.3,2.0,0.55,48,2026-09-13,2,1.0,-0.5599506598234595,-55.99506598234595
12,1.25,20,0.3,2.0,0.55,48,2026-09-15,1,0.5,-0.16210721425048785,-32.42144285009757
12,1.25,20,0.3,2.0,0.55,48,2026-09-17,2,1.0,-0.34749171137828905,-34.74917113782891
12,1.25,20,0.3,2.0,0.55,48,2026-09-20,0,0.0,0.0,0.0
12,1.25,20,0.3,2.0,0.55,96,2026-09-13,2,1.0,-0.5599506598234595,-55.99506598234595
12,1.25,20,0.3,2.0,0.55,96,2026-09-15,1,0.5,-0.16210721425048785,-32.42144285009757
12,1.25,20,0.3,2.0,0.55,96,2026-09-17,2,1.0,-0.34749171137828905,-34.74917113782891
12,1.25,20,0.3,2.0,0.55,96,2026-09-20,0,0.0,0.0,0.0
12,1.5,1,0.2,1.5,0.4,12,2026-09-13,2,1.0,-0.326632768701465,-32.663276870146504
12,1.5,1,0.2,1.5,0.4,12,2026-09-15,1,0.5,-0.13270958947114808,-26.541917894229616
12,1.5,1,0.2,1.5,0.4,12,2026-09-17,2,1.0,-0.3254261414131362,-32.542614141313614
12,1.5,1,0.2,1.5,0.4,12,2026-09-20,0,0.0,0.0,0.0
12,1.5,1,0.2,1.5,0.4,24,2026-09-13,2,1.0,-0.326632768701465,-32.663276870146504
12,1.5,1,0.2,1.5,0.4,24,2026-09-15,1,0.5,-0.13270958947114808,-26.541917894229616
12,1.5,1,0.2,1.5,0.4,24,2026-09-17,2,1.0,-0.3254261414131362,-32.542614141313614
12,1.5,1,0.2,1.5,0.4,24,2026-09-20,0,0.0,0.0,0.0
12,1.5,1,0.2,1.5,0.4,48,2026-09-13,2,1.0,-0.326632768701465,-32.663276870146504
12,1.5,1,0.2,1.5,0.4,48,2026-09-15,1,0.5,-0.13270958947114808,-26.541917894229616
12,1.5,1,0.2,1.5,0.4,48,2026-09-17,2,1.0,-0.3254261414131362,-32.542614141313614
12,1.5,1,0.2,1.5,0.4,48,2026-09-20,0,0.0,0.0,0.0
12,1.5,1,0.2,1.5,0.4,96,2026-09-13,2,1.0,-0.326632768701465,-32.663276870146504
12,1.5,1,0.2,1.5,0.4,96,2026-09-15,1,0.5,-0.13270958947114808,-26.541917894229616
12,1.5,1,0.2,1.5,0.4,96,2026-09-17,2,1.0,-0.3254261414131362,-32.542614141313614
12,1.5,1,0.2,1.5,0.4,96,2026-09-20,0,0.0,0.0,0.0
12,1.5,1,0.2,1.5,0.55,12,2026-09-13,2,1.0,-0.326632768701465,-32.663276870146504
12,1.5,1,0.2,1.5,0.55,12,2026-09-15,1,0.5,-0.13270958947114808,-26.541917894229616
12,1.5,1,0.2,1.5,0.55,12,2026-09-17,2,1.0,-0.3254261414131362,-32.542614141313614
12,1.5,1,0.2,1.5,0.55,12,2026-09-20,0,0.0,0.0,0.0
12,1.5,1,0.2,1.5,0.55,24,2026-09-13,2,1.0,-0.326632768701465,-32.663276870146504
12,1.5,1,0.2,1.5,0.55,24,2026-09-15,1,0.5,-0.13270958947114808,-26.541917894229616
12,1.5,1,0.2,1.5,0.55,24,2026-09-17,2,1.0,-0.3254261414131362,-32.542614141313614
12,1.5,1,0.2,1.5,0.55,24,2026-09-20,0,0.0,0.0,0.0
12,1.5,1,0.2,1.5,0.55,48,2026-09-13,2,1.0,-0.326632768701465,-32.663276870146504
12,1.5,1,0.2,1.5,0.55,48,2026-09-15,1,0.5,-0.13270958947114808,-26.541917894229616
12,1.5,1,0.2,1.5,0.55,48,2026-09-17,2,1.0,-0.3254261414131362,-32.542614141313614
12,1.5,1,0.2,1.5,0.55,48,2026-09-20,0,0.0,0.0,0.0
12,1.5,1,0.2,1.5,0.55,96,2026-09-13,2,1.0,-0.326632768701465,-32.663276870146504
12,1.5,1,0.2,1.5,0.55,96,2026-09-15,1,0.5,-0.13270958947114808,-26.541917894229616
12,1.5,1,0.2,1.5,0.55,96,2026-09-17,2,1.0,-0.3254261414131362,-32.542614141313614
12,1.5,1,0.2,1.5,0.55,96,2026-09-20,0,0.0,0.0,0.0
12,1.5,1,0.2,2.0,0.4,12,2026-09-13,2,1.0,-0.326632768701465,-32.663276870146504
12,1.5,1,0.2,2.0,0.4,12,2026-09-15,1,0.5,-0.13270958947114808,-26.541917894229616
12,1.5,1,0.2,2.0,0.4,12,2026-09-17,2,1.0,-0.3254261414131362,-32.542614141313614
12,1.5,1,0.2,2.0,0.4,12,2026-09-20,0,0.0,0.0,0.0
12,1.5,1,0.2,2.0,0.4,24,2026-09-13,2,1.0,-0.326632768701465,-32.663276870146504
12,1.5,1,0.2,2.0,0.4,24,2026-09-15,1,0.5,-0.13270958947114808,-26.541917894229616
12,1.5,1,0.2,2.0,0.4,24,2026-09-17,2,1.0,-0.3254261414131362,-32.542614141313614
12,1.5,1,0.2,2.0,0.4,24,2026-09-20,0,0.0,0.0,0.0
12,1.5,1,0.2,2.0,0.4,48,2026-09-13,2,1.0,-0.326632768701465,-32.663276870146504
12,1.5,1,0.2,2.0,0.4,48,2026-09-15,1,0.5,-0.13270958947114808,-26.541917894229616
12,1.5,1,0.2,2.0,0.4,48,2026-09-17,2,1.0,-0.3254261414131362,-32.542614141313614
12,1.5,1,0.2,2.0,0.4,48,2026-09-20,0,0.0,0.0,0.0
12,1.5,1,0.2,2.0,0.4,96,2026-09-13,2,1.0,-0.326632768701465,-32.663276870146504
12,1.5,1,0.2,2.0,0.4,96,2026-09-15,1,0.5,-0.13270958947114808,-26.541917894229616
12,1.5,1,0.2,2.0,0.4,96,2026-09-17,2,1.0,-0.3254261414131362,-32.542614141313614
12,1.5,1,0.2,2.0,0.4,96,2026-09-20,0,0.0,0.0,0.0
12,1.5,1,0.2,2.0,0.55,12,2026-09-13,2,1.0,-0.326632768701465,-32.663276870146504
12,1.5,1,0.2,2.0,0.55,12,2026-09-15,1,0.5,-0.13270958947114808,-26.541917894229616
12,1.5,1,0.2,2.0,0.55,12,2026-09-17,2,1.0,-0.3254261414131362,-32.542614141313614
12,1.5,1,0.2,2.0,0.55,12,2026-09-20,0,0.0,0.0,0.0
12,1.5,1,0.2,2.0,0.55,24,2026-09-13,2,1.0,-0.326632768701465,-32.663276870146504
12,1.5,1,0.2,2.0,0.55,24,2026-09-15,1,0.5,-0.13270958947114808,-26.541917894229616
12,1.5,1,0.2,2.0,0.55,24,2026-09-17,2,1.0,-0.3254261414131362,-32.542614141313614
12,1.5,1,0.2,2.0,0.55,24,2026-09-20,0,0.0,0.0,0.0
12,1.5,1,0.2,2.0,0.55,48,2026-09-13,2,1.0,-0.326632768701465,-32.663276870146504
12,1.5,1,0.2,2.0,0.55,48,2026-09-15,1,0.5,-0.13270958947114808,-26.541917894229616
12,1.5,1,0.2,2.0,0.55,48,2026-09-17,2,1.0,-0.3254261414131362,-32.542614141313614
12,1.5,1,0.2,2.0,0.55,48,2026-09-20,0,0.0,0.0,0.0
12,1.5,1,0.2,2.0,0.55,96,2026-09-13,2,1.0,-0.326632768701465,-32.663276870146504
12,1.5,1,0.2,2.0,0.55,96,2026-09-15,1,0.5,-0.13270958947114808,-26.541917894229616
12,1.5,1,0.2,2.0,0.55,96,2026-09-17,2,1.0,-0.3254261414131362,-32.542614141313614
12,1.5,1,0.2,2.0,0.55,96,2026-09-20,0,0.0,0.0,0.0
12,1.5,1,0.3,1.5,0.4,12,2026-09-13,2,1.0,-0.5599506598234595,-55.99506598234595
12,1.5,1,0.3,1.5,0.4,12,2026-09-15,1,0.5,-0.16210721425048785,-32.42144285009757
12,1.5,1,0.3,1.5,0.4,12,2026-09-17,2,1.0,-0.34749171137828905,-34.74917113782891
12,1.5,1,0.3,1.5,0.4,12,2026-09-20,0,0.0,0.0,0.0
12,1.5,1,0.3,1.5,0.4,24,2026-09-13,2,1.0,-0.5599506598234595,-55.99506598234595
12,1.5,1,0.3,1.5,0.4,24,2026-09-15,1,0.5,-0.16210721425048785,-32.42144285009757
12,1.5,1,0.3,1.5,0.4,24,2026-09-17,2,1.0,-0.34749171137828905,-34.74917113782891
12,1.5,1,0.3,1.5,0.4,24,2026-09-20,0,0.0,0.0,0.0
12,1.5,1,0.3,1.5,0.4,48,2026-09-13,2,1.0,-0.5599506598234595,-55.99506598234595
12,1.5,1,0.3,1.5,0.4,48,2026-09-15,1,0.5,-0.16210721425048785,-32.42144285009757
12,1.5,1,0.3,1.5,0.4,48,2026-09-17,2,1.0,-0.34749171137828905,-34.74917113782891
12,1.5,1,0.3,1.5,0.4,48,2026-09-20,0,0.0,0.0,0.0
12,1.5,1,0.3,1.5,0.4,96,2026-09-13,2,1.0,-0.5599506598234595,-55.99506598234595
12,1.5,1,0.3,1.5,0.4,96,2026-09-15,1,0.5,-0.16210721425048785,-32.42144285009757
12,1.5,1,0.3,1.5,0.4,96,2026-09-17,2,1.0,-0.34749171137828905,-34.74917113782891
12,1.5,1,0.3,1.5,0.4,96,2026-09-20,0,0.0,0.0,0.0
12,1.5,1,0.3,1.5,0.55,12,2026-09-13,2,1.0,-0.5599506598234595,-55.99506598234595
12,1.5,1,0.3,1.5,0.55,12,2026-09-15,1,0.5,-0.16210721425048785,-32.42144285009757
12,1.5,1,0.3,1.5,0.55,12,2026-09-17,2,1.0,-0.34749171137828905,-34.74917113782891
12,1.5,1,0.3,1.5,0.55,12,2026-09-20,0,0.0,0.0,0.0
12,1.5,1,0.3,1.5,0.55,24,2026-09-13,2,1.0,-0.5599506598234595,-55.99506598234595
12,1.5,1,0.3,1.5,0.55,24,2026-09-15,1,0.5,-0.16210721425048785,-32.42144285009757
12,1.5,1,0.3,1.5,0.55,24,2026-09-17,2,1.0,-0.34749171137828905,-34.74917113782891
12,1.5,1,0.3,1.5,0.55,24,2026-09-20,0,0.0,0.0,0.0
12,1.5,1,0.3,1.5,0.55,48,2026-09-13,2,1.0,-0.5599506598234595,-55.99506598234595
12,1.5,1,0.3,1.5,0.55,48,2026-09-15,1,0.5,-0.16210721425048785,-32.42144285009757
12,1.5,1,0.3,1.5,0.55,48,2026-09-17,2,1.0,-0.34749171137828905,-34.74917113782891
12,1.5,1,0.3,1.5,0.55,48,2026-09-20,0,0.0,0.0,0.0
12,1.5,1,0.3,1.5,0.55,96,2026-09-13,2,1.0,-0.5599506598234595,-55.99506598234595
12,1.5,1,0.3,1.5,0.55,96,2026-09-15,1,0.5,-0.16210721425048785,-32.42144285009757
12,1.5,1,0.3,1.5,0.55,96,2026-09-17,2,1.0,-0.34749171137828905,-34.74917113782891
12,1.5,1,0.3,1.5,0.55,96,2026-09-20,0,0.0,0.0,0.0
12,1.5,1,0.3,2.0,0.4,12,2026-09-13,2,1.0,-0.5599506598234595,-55.99506598234595
12,1.5,1,0.3,2.0,0.4,12,2026-09-15,1,0.5,-0.16210721425048785,-32.42144285009757
12,1.5,1,0.3,2.0,0.4,12,2026-09-17,2,1.0,-0.34749171137828905,-34.74917113782891
12,1.5,1,0.3,2.0,0.4,12,2026-09-20,0,0.0,0.0,0.0
12,1.5,1,0.3,2.0,0.4,24,2026-09-13,2,1.0,-0.5599506598234595,-55.99506598234595
12,1.5,1,0.3,2.0,0.4,24,2026-09-15,1,0.5,-0.16210721425048785,-32.42144285009757
12,1.5,1,0.3,2.0,0.4,24,2026-09-17,2,1.0,-0.34749171137828905,-34.74917113782891
12,1.5,1,0.3,2.0,0.4,24,2026-09-20,0,0.0,0.0,0.0
12,1.5,1,0.3,2.0,0.4,48,2026-09-13,2,1.0,-0.5599506598234595,-55.99506598234595
12,1.5,1,0.3,2.0,0.4,48,2026-09-15,1,0.5,-0.16210721425048785,-32.42144285009757
12,1.5,1,0.3,2.0,0.4,48,2026-09-17,2,1.0,-0.34749171137828905,-34.74917113782891
12,1.5,1,0.3,2.0,0.4,48,2026-09-20,0,0.0,0.0,0.0
12,1.5,1,0.3,2.0,0.4,96,2026-09-13,2,1.0,-0.5599506598234595,-55.99506598234595
12,1.5,1,0.3,2.0,0.4,96,2026-09-15,1,0.5,-0.16210721425048785,-32.42144285009757
12,1.5,1,0.3,2.0,0.4,96,2026-09-17,2,1.0,-0.34749171137828905,-34.74917113782891
12,1.5,1,0.3,2.0,0.4,96,2026-09-20,0,0.0,0.0,0.0
12,1.5,1,0.3,2.0,0.55,12,2026-09-13,2,1.0,-0.5599506598234595,-55.99506598234595
12,1.5,1,0.3,2.0,0.55,12,2026-09-15,1,0.5,-0.16210721425048785,-32.42144285009757
12,1.5,1,0.3,2.0,0.55,12,2026-09-17,2,1.0,-0.34749171137828905,-34.74917113782891
12,1.5,1,0.3,2.0,0.55,12,2026-09-20,0,0.0,0.0,0.0
12,1.5,1,0.3,2.0,0.55,24,2026-09-13,2,1.0,-0.5599506598234595,-55.99506598234595
12,1.5,1,0.3,2.0,0.55,24,2026-09-15,1,0.5,-0.16210721425048785,-32.42144285009757
12,1.5,1,0.3,2.0,0.55,24,2026-09-17,2,1.0,-0.34749171137828905,-34.74917113782891
12,1.5,1,0.3,2.0,0.55,24,2026-09-20,0,0.0,0.0,0.0
12,1.5,1,0.3,2.0,0.55,48,2026-09-13,2,1.0,-0.5599506598234595,-55.99506598234595
12,1.5,1,0.3,2.0,0.55,48,2026-09-15,1,0.5,-0.16210721425048785,-32.42144285009757
12,1.5,1,0.3,2.0,0.55,48,2026-09-17,2,1.0,-0.34749171137828905,-34.74917113782891
12,1.5,1,0.3,2.0,0.55,48,2026-09-20,0,0.0,0.0,0.0
12,1.5,1,0.3,2.0,0.55,96,2026-09-13,2,1.0,-0.5599506598234595,-55.99506598234595
12,1.5,1,0.3,2.0,0.55,96,2026-09-15,1,0.5,-0.16210721425048785,-32.42144285009757
12,1.5,1,0.3,2.0,0.55,96,2026-09-17,2,1.0,-0.34749171137828905,-34.74917113782891
12,1.5,1,0.3,2.0,0.55,96,2026-09-20,0,0.0,0.0,0.0
12,1.5,5,0.2,1.5,0.4,12,2026-09-13,2,1.0,-0.326632768701465,-32.663276870146504
12,1.5,5,0.2,1.5,0.4,12,2026-09-15,1,0.5,-0.13270958947114808,-26.541917894229616
12,1.5,5,0.2,1.5,0.4,12,2026-09-17,2,1.0,-0.3254261414131362,-32.542614141313614
12,1.5,5,0.2,1.5,0.4,12,2026-09-20,0,0.0,0.0,0.0
12,1.5,5,0.2,1.5,0.4,24,2026-09-13,2,1.0,-0.326632768701465,-32.663276870146504
12,1.5,5,0.2,1.5,0.4,24,2026-09-15,1,0.5,-0.13270958947114808,-26.541917894229616
12,1.5,5,0.2,1.5,0.4,24,2026-09-17,2,1.0,-0.3254261414131362,-32.542614141313614
12,1.5,5,0.2,1.5,0.4,24,2026-09-20,0,0.0,0.0,0.0
12,1.5,5,0.2,1.5,0.4,48,2026-09-13,2,1.0,-0.326632768701465,-32.663276870146504
12,1.5,5,0.2,1.5,0.4,48,2026-09-15,1,0.5,-0.13270958947114808,-26.541917894229616
12,1.5,5,0.2,1.5,0.4,48,2026-09-17,2,1.0,-0.3254261414131362,-32.542614141313614
12,1.5,5,0.2,1.5,0.4,48,2026-09-20,0,0.0,0.0,0.0
12,1.5,5,0.2,1.5,0.4,96,2026-09-13,2,1.0,-0.326632768701465,-32.663276870146504
12,1.5,5,0.2,1.5,0.4,96,2026-09-15,1,0.5,-0.13270958947114808,-26.541917894229616
12,1.5,5,0.2,1.5,0.4,96,2026-09-17,2,1.0,-0.3254261414131362,-32.542614141313614
12,1.5,5,0.2,1.5,0.4,96,2026-09-20,0,0.0,0.0,0.0
12,1.5,5,0.2,1.5,0.55,12,2026-09-13,2,1.0,-0.326632768701465,-32.663276870146504
12,1.5,5,0.2,1.5,0.55,12,2026-09-15,1,0.5,-0.13270958947114808,-26.541917894229616
12,1.5,5,0.2,1.5,0.55,12,2026-09-17,2,1.0,-0.3254261414131362,-32.542614141313614
12,1.5,5,0.2,1.5,0.55,12,2026-09-20,0,0.0,0.0,0.0
12,1.5,5,0.2,1.5,0.55,24,2026-09-13,2,1.0,-0.326632768701465,-32.663276870146504
12,1.5,5,0.2,1.5,0.55,24,2026-09-15,1,0.5,-0.13270958947114808,-26.541917894229616
12,1.5,5,0.2,1.5,0.55,24,2026-09-17,2,1.0,-0.3254261414131362,-32.542614141313614
12,1.5,5,0.2,1.5,0.55,24,2026-09-20,0,0.0,0.0,0.0
12,1.5,5,0.2,1.5,0.55,48,2026-09-13,2,1.0,-0.326632768701465,-32.663276870146504
12,1.5,5,0.2,1.5,0.55,48,2026-09-15,1,0.5,-0.13270958947114808,-26.541917894229616
12,1.5,5,0.2,1.5,0.55,48,2026-09-17,2,1.0,-0.3254261414131362,-32.542614141313614
12,1.5,5,0.2,1.5,0.55,48,2026-09-20,0,0.0,0.0,0.0
12,1.5,5,0.2,1.5,0.55,96,2026-09-13,2,1.0,-0.326632768701465,-32.663276870146504
12,1.5,5,0.2,1.5,0.55,96,2026-09-15,1,0.5,-0.13270958947114808,-26.541917894229616
12,1.5,5,0.2,1.5,0.55,96,2026-09-17,2,1.0,-0.3254261414131362,-32.542614141313614
12,1.5,5,0.2,1.5,0.55,96,2026-09-20,0,0.0,0.0,0.0
12,1.5,5,0.2,2.0,0.4,12,2026-09-13,2,1.0,-0.326632768701465,-32.663276870146504
12,1.5,5,0.2,2.0,0.4,12,2026-09-15,1,0.5,-0.13270958947114808,-26.541917894229616
12,1.5,5,0.2,2.0,0.4,12,2026-09-17,2,1.0,-0.3254261414131362,-32.542614141313614
12,1.5,5,0.2,2.0,0.4,12,2026-09-20,0,0.0,0.0,0.0
12,1.5,5,0.2,2.0,0.4,24,2026-09-13,2,1.0,-0.326632768701465,-32.663276870146504
12,1.5,5,0.2,2.0,0.4,24,2026-09-15,1,0.5,-0.13270958947114808,-26.541917894229616
12,1.5,5,0.2,2.0,0.4,24,2026-09-17,2,1.0,-0.3254261414131362,-32.542614141313614
12,1.5,5,0.2,2.0,0.4,24,2026-09-20,0,0.0,0.0,0.0
12,1.5,5,0.2,2.0,0.4,48,2026-09-13,2,1.0,-0.326632768701465,-32.663276870146504
12,1.5,5,0.2,2.0,0.4,48,2026-09-15,1,0.5,-0.13270958947114808,-26.541917894229616
12,1.5,5,0.2,2.0,0.4,48,2026-09-17,2,1.0,-0.3254261414131362,-32.542614141313614
12,1.5,5,0.2,2.0,0.4,48,2026-09-20,0,0.0,0.0,0.0
12,1.5,5,0.2,2.0,0.4,96,2026-09-13,2,1.0,-0.326632768701465,-32.663276870146504
12,1.5,5,0.2,2.0,0.4,96,2026-09-15,1,0.5,-0.13270958947114808,-26.541917894229616
12,1.5,5,0.2,2.0,0.4,96,2026-09-17,2,1.0,-0.3254261414131362,-32.542614141313614
12,1.5,5,0.2,2.0,0.4,96,2026-09-20,0,0.0,0.0,0.0
12,1.5,5,0.2,2.0,0.55,12,2026-09-13,2,1.0,-0.326632768701465,-32.663276870146504
12,1.5,5,0.2,2.0,0.55,12,2026-09-15,1,0.5,-0.13270958947114808,-26.541917894229616
12,1.5,5,0.2,2.0,0.55,12,2026-09-17,2,1.0,-0.3254261414131362,-32.542614141313614
12,1.5,5,0.2,2.0,0.55,12,2026-09-20,0,0.0,0.0,0.0
12,1.5,5,0.2,2.0,0.55,24,2026-09-13,2,1.0,-0.326632768701465,-32.663276870146504
12,1.5,5,0.2,2.0,0.55,24,2026-09-15,1,0.5,-0.13270958947114808,-26.541917894229616
12,1.5,5,0.2,2.0,0.55,24,2026-09-17,2,1.0,-0.3254261414131362,-32.542614141313614
12,1.5,5,0.2,2.0,0.55,24,2026-09-20,0,0.0,0.0,0.0
12,1.5,5,0.2,2.0,0.55,48,2026-09-13,2,1.0,-0.326632768701465,-32.663276870146504
12,1.5,5,0.2,2.0,0.55,48,2026-09-15,1,0.5,-0.13270958947114808,-26.541917894229616
12,1.5,5,0.2,2.0,0.55,48,2026-09-17,2,1.0,-0.3254261414131362,-32.542614141313614
12,1.5,5,0.2,2.0,0.55,48,2026-09-20,0,0.0,0.0,0.0
12,1.5,5,0.2,2.0,0.55,96,2026-09-13,2,1.0,-0.326632768701465,-32.663276870146504
12,1.5,5,0.2,2.0,0.55,96,2026-09-15,1,0.5,-0.13270958947114808,-26.541917894229616
12,1.5,5,0.2,2.0,0.55,96,2026-09-17,2,1.0,-0.3254261414131362,-32.542614141313614
12,1.5,5,0.2,2.0,0.55,96,2026-09-20,0,0.0,0.0,0.0
12,1.5,5,0.3,1.5,0.4,12,2026-09-13,2,1.0,-0.5599506598234595,-55.99506598234595
12,1.5,5,0.3,1.5,0.4,12,2026-09-15,1,0.5,-0.16210721425048785,-32.42144285009757
12,1.5,5,0.3,1.5,0.4,12,2026-09-17,2,1.0,-0.34749171137828905,-34.74917113782891
12,1.5,5,0.3,1.5,0.4,12,2026-09-20,0,0.0,0.0,0.0
12,1.5,5,0.3,1.5,0.4,24,2026-09-13,2,1.0,-0.5599506598234595,-55.99506598234595
12,1.5,5,0.3,1.5,0.4,24,2026-09-15,1,0.5,-0.16210721425048785,-32.42144285009757
12,1.5,5,0.3,1.5,0.4,24,2026-09-17,2,1.0,-0.34749171137828905,-34.74917113782891
12,1.5,5,0.3,1.5,0.4,24,2026-09-20,0,0.0,0.0,0.0
12,1.5,5,0.3,1.5,0.4,48,2026-09-13,2,1.0,-0.5599506598234595,-55.99506598234595
12,1.5,5,0.3,1.5,0.4,48,2026-09-15,1,0.5,-0.16210721425048785,-32.42144285009757
12,1.5,5,0.3,1.5,0.4,48,2026-09-17,2,1.0,-0.34749171137828905,-34.74917113782891
12,1.5,5,0.3,1.5,0.4,48,2026-09-20,0,0.0,0.0,0.0
12,1.5,5,0.3,1.5,0.4,96,2026-09-13,2,1.0,-0.5599506598234595,-55.99506598234595
12,1.5,5,0.3,1.5,0.4,96,2026-09-15,1,0.5,-0.16210721425048785,-32.42144285009757
12,1.5,5,0.3,1.5,0.4,96,2026-09-17,2,1.0,-0.34749171137828905,-34.74917113782891
12,1.5,5,0.3,1.5,0.4,96,2026-09-20,0,0.0,0.0,0.0
12,1.5,5,0.3,1.5,0.55,12,2026-09-13,2,1.0,-0.5599506598234595,-55.99506598234595
12,1.5,5,0.3,1.5,0.55,12,2026-09-15,1,0.5,-0.16210721425048785,-32.42144285009757
12,1.5,5,0.3,1.5,0.55,12,2026-09-17,2,1.0,-0.34749171137828905,-34.74917113782891
12,1.5,5,0.3,1.5,0.55,12,2026-09-20,0,0.0,0.0,0.0
12,1.5,5,0.3,1.5,0.55,24,2026-09-13,2,1.0,-0.5599506598234595,-55.99506598234595
12,1.5,5,0.3,1.5,0.55,24,2026-09-15,1,0.5,-0.16210721425048785,-32.42144285009757
12,1.5,5,0.3,1.5,0.55,24,2026-09-17,2,1.0,-0.34749171137828905,-34.74917113782891
12,1.5,5,0.3,1.5,0.55,24,2026-09-20,0,0.0,0.0,0.0
12,1.5,5,0.3,1.5,0.55,48,2026-09-13,2,1.0,-0.5599506598234595,-55.99506598234595
12,1.5,5,0.3,1.5,0.55,48,2026-09-15,1,0.5,-0.16210721425048785,-32.42144285009757
12,1.5,5,0.3,1.5,0.55,48,2026-09-17,2,1.0,-0.34749171137828905,-34.74917113782891
12,1.5,5,0.3,1.5,0.55,48,2026-09-20,0,0.0,0.0,0.0
12,1.5,5,0.3,1.5,0.55,96,2026-09-13,2,1.0,-0.5599506598234595,-55.99506598234595
12,1.5,5,0.3,1.5,0.55,96,2026-09-15,1,0.5,-0.16210721425048785,-32.42144285009757
12,1.5,5,0.3,1.5,0.55,96,2026-09-17,2,1.0,-0.34749171137828905,-34.74917113782891
12,1.5,5,0.3,1.5,0.55,96,2026-09-20,0,0.0,0.0,0.0
12,1.5,5,0.3,2.0,0.4,12,2026-09-13,2,1.0,-0.5599506598234595,-55.99506598234595
12,1.5,5,0.3,2.0,0.4,12,2026-09-15,1,0.5,-0.16210721425048785,-32.42144285009757
12,1.5,5,0.3,2.0,0.4,12,2026-09-17,2,1.0,-0.34749171137828905,-34.74917113782891
12,1.5,5,0.3,2.0,0.4,12,2026-09-20,0,0.0,0.0,0.0
12,1.5,5,0.3,2.0,0.4,24,2026-09-13,2,1.0,-0.5599506598234595,-55.99506598234595
12,1.5,5,0.3,2.0,0.4,24,2026-09-15,1,0.5,-0.16210721425048785,-32.42144285009757
12,1.5,5,0.3,2.0,0.4,24,2026-09-17,2,1.0,-0.34749171137828905,-34.74917113782891
12,1.5,5,0.3,2.0,0.4,24,2026-09-20,0,0.0,0.0,0.0
12,1.5,5,0.3,2.0,0.4,48,2026-09-13,2,1.0,-0.5599506598234595,-55.99506598234595
12,1.5,5,0.3,2.0,0.4,48,2026-09-15,1,0.5,-0.16210721425048785,-32.42144285009757
12,1.5,5,0.3,2.0,0.4,48,2026-09-17,2,1.0,-0.34749171137828905,-34.74917113782891
12,1.5,5,0.3,2.0,0.4,48,2026-09-20,0,0.0,0.0,0.0
12,1.5,5,0.3,2.0,0.4,96,2026-09-13,2,1.0,-0.5599506598234595,-55.99506598234595
12,1.5,5,0.3,2.0,0.4,96,2026-09-15,1,0.5,-0.16210721425048785,-32.42144285009757
12,1.5,5,0.3,2.0,0.4,96,2026-09-17,2,1.0,-0.34749171137828905,-34.74917113782891
12,1.5,5,0.3,2.0,0.4,96,2026-09-20,0,0.0,0.0,0.0
12,1.5,5,0.3,2.0,0.55,12,2026-09-13,2,1.0,-0.5599506598234595,-55.99506598234595
12,1.5,5,0.3,2.0,0.55,12,2026-09-15,1,0.5,-0.16210721425048785,-32.42144285009757
12,1.5,5,0.3,2.0,0.55,12,2026-09-17,2,1.0,-0.34749171137828905,-34.74917113782891
12,1.5,5,0.3,2.0,0.55,12,2026-09-20,0,0.0,0.0,0.0
12,1.5,5,0.3,2.0,0.55,24,2026-09-13,2,1.0,-0.5599506598234595,-55.99506598234595
12,1.5,5,0.3,2.0,0.55,24,2026-09-15,1,0.5,-0.16210721425048785,-32.42144285009757
12,1.5,5,0.3,2.0,0.55,24,2026-09-17,2,1.0,-0.34749171137828905,-34.74917113782891
12,1.5,5,0.3,2.0,0.55,24,2026-09-20,0,0.0,0.0,0.0
12,1.5,5,0.3,2.0,0.55,48,2026-09-13,2,1.0,-0.5599506598234595,-55.99506598234595
12,1.5,5,0.3,2.0,0.55,48,2026-09-15,1,0.5,-0.16210721425048785,-32.42144285009757
12,1.5,5,0.3,2.0,0.55,48,2026-09-17,2,1.0,-0.34749171137828905,-34.74917113782891
12,1.5,5,0.3,2.0,0.55,48,2026-09-20,0,0.0,0.0,0.0
12,1.5,5,0.3,2.0,0.55,96,2026-09-13,2,1.0,-0.5599506598234595,-55.99506598234595
12,1.5,5,0.3,2.0,0.55,96,2026-09-15,1,0.5,-0.16210721425048785,-32.42144285009757
12,1.5,5,0.3,2.0,0.55,96,2026-09-17,2,1.0,-0.34749171137828905,-34.74917113782891
12,1.5,5,0.3,2.0,0.55,96,2026-09-20,0,0.0,0.0,0.0
12,1.5,20,0.2,1.5,0.4,12,2026-09-13,2,1.0,-0.326632768701465,-32.663276870146504
12,1.5,20,0.2,1.5,0.4,12,2026-09-15,1,0.5,-0.13270958947114808,-26.541917894229616
12,1.5,20,0.2,1.5,0.4,12,2026-09-17,2,1.0,-0.3254261414131362,-32.542614141313614
12,1.5,20,0.2,1.5,0.4,12,2026-09-20,0,0.0,0.0,0.0
12,1.5,20,0.2,1.5,0.4,24,2026-09-13,2,1.0,-0.326632768701465,-32.663276870146504
12,1.5,20,0.2,1.5,0.4,24,2026-09-15,1,0.5,-0.13270958947114808,-26.541917894229616
12,1.5,20,0.2,1.5,0.4,24,2026-09-17,2,1.0,-0.3254261414131362,-32.542614141313614
12,1.5,20,0.2,1.5,0.4,24,2026-09-20,0,0.0,0.0,0.0
12,1.5,20,0.2,1.5,0.4,48,2026-09-13,2,1.0,-0.326632768701465,-32.663276870146504
12,1.5,20,0.2,1.5,0.4,48,2026-09-15,1,0.5,-0.13270958947114808,-26.541917894229616
12,1.5,20,0.2,1.5,0.4,48,2026-09-17,2,1.0,-0.3254261414131362,-32.542614141313614
12,1.5,20,0.2,1.5,0.4,48,2026-09-20,0,0.0,0.0,0.0
12,1.5,20,0.2,1.5,0.4,96,2026-09-13,2,1.0,-0.326632768701465,-32.663276870146504
12,1.5,20,0.2,1.5,0.4,96,2026-09-15,1,0.5,-0.13270958947114808,-26.541917894229616
12,1.5,20,0.2,1.5,0.4,96,2026-09-17,2,1.0,-0.3254261414131362,-32.542614141313614
12,1.5,20,0.2,1.5,0.4,96,2026-09-20,0,0.0,0.0,0.0
12,1.5,20,0.2,1.5,0.55,12,2026-09-13,2,1.0,-0.326632768701465,-32.663276870146504
12,1.5,20,0.2,1.5,0.55,12,2026-09-15,1,0.5,-0.13270958947114808,-26.541917894229616
12,1.5,20,0.2,1.5,0.55,12,2026-09-17,2,1.0,-0.3254261414131362,-32.542614141313614
12,1.5,20,0.2,1.5,0.55,12,2026-09-20,0,0.0,0.0,0.0
12,1.5,20,0.2,1.5,0.55,24,2026-09-13,2,1.0,-0.326632768701465,-32.663276870146504
12,1.5,20,0.2,1.5,0.55,24,2026-09-15,1,0.5,-0.13270958947114808,-26.541917894229616
12,1.5,20,0.2,1.5,0.55,24,2026-09-17,2,1.0,-0.3254261414131362,-32.542614141313614
12,1.5,20,0.2,1.5,0.55,24,2026-09-20,0,0.0,0.0,0.0
12,1.5,20,0.2,1.5,0.55,48,2026-09-13,2,1.0,-0.326632768701465,-32.663276870146504
12,1.5,20,0.2,1.5,0.55,48,2026-09-15,1,0.5,-0.13270958947114808,-26.541917894229616
12,1.5,20,0.2,1.5,0.55,48,2026-09-17,2,1.0,-0.3254261414131362,-32.542614141313614
12,1.5,20,0.2,1.5,0.55,48,2026-09-20,0,0.0,0.0,0.0
12,1.5,20,0.2,1.5,0.55,96,2026-09-13,2,1.0,-0.326632768701465,-32.663276870146504
12,1.5,20,0.2,1.5,0.55,96,2026-09-15,1,0.5,-0.13270958947114808,-26.541917894229616
12,1.5,20,0.2,1.5,0.55,96,2026-09-17,2,1.0,-0.3254261414131362,-32.542614141313614
12,1.5,20,0.2,1.5,0.55,96,2026-09-20,0,0.0,0.0,0.0
12,1.5,20,0.2,2.0,0.4,12,2026-09-13,2,1.0,-0.326632768701465,-32.663276870146504
12,1.5,20,0.2,2.0,0.4,12,2026-09-15,1,0.5,-0.13270958947114808,-26.541917894229616
12,1.5,20,0.2,2.0,0.4,12,2026-09-17,2,1.0,-0.3254261414131362,-32.542614141313614
12,1.5,20,0.2,2.0,0.4,12,2026-09-20,0,0.0,0.0,0.0
12,1.5,20,0.2,2.0,0.4,24,2026-09-13,2,1.0,-0.326632768701465,-32.663276870146504
12,1.5,20,0.2,2.0,0.4,24,2026-09-15,1,0.5,-0.13270958947114808,-26.541917894229616
12,1.5,20,0.2,2.0,0.4,24,2026-09-17,2,1.0,-0.3254261414131362,-32.542614141313614
12,1.5,20,0.2,2.0,0.4,24,2026-09-20,0,0.0,0.0,0.0
12,1.5,20,0.2,2.0,0.4,48,2026-09-13,2,1.0,-0.326632768701465,-32.663276870146504
12,1.5,20,0.2,2.0,0.4,48,2026-09-15,1,0.5,-0.13270958947114808,-26.541917894229616
12,1.5,20,0.2,2.0,0.4,48,2026-09-17,2,1.0,-0.3254261414131362,-32.542614141313614
12,1.5,20,0.2,2.0,0.4,48,2026-09-20,0,0.0,0.0,0.0
12,1.5,20,0.2,2.0,0.4,96,2026-09-13,2,1.0,-0.326632768701465,-32.663276870146504
12,1.5,20,0.2,2.0,0.4,96,2026-09-15,1,0.5,-0.13270958947114808,-26.541917894229616
12,1.5,20,0.2,2.0,0.4,96,2026-09-17,2,1.0,-0.3254261414131362,-32.542614141313614
12,1.5,20,0.2,2.0,0.4,96,2026-09-20,0,0.0,0.0,0.0
12,1.5,20,0.2,2.0,0.55,12,2026-09-13,2,1.0,-0.326632768701465,-32.663276870146504
12,1.5,20,0.2,2.0,0.55,12,2026-09-15,1,0.5,-0.13270958947114808,-26.541917894229616
12,1.5,20,0.2,2.0,0.55,12,2026-09-17,2,1.0,-0.3254261414131362,-32.542614141313614
12,1.5,20,0.2,2.0,0.55,12,2026-09-20,0,0.0,0.0,0.0
12,1.5,20,0.2,2.0,0.55,24,2026-09-13,2,1.0,-0.326632768701465,-32.663276870146504
12,1.5,20,0.2,2.0,0.55,24,2026-09-15,1,0.5,-0.13270958947114808,-26.541917894229616
12,1.5,20,0.2,2.0,0.55,24,2026-09-17,2,1.0,-0.3254261414131362,-32.542614141313614
12,1.5,20,0.2,2.0,0.55,24,2026-09-20,0,0.0,0.0,0.0
12,1.5,20,0.2,2.0,0.55,48,2026-09-13,2,1.0,-0.326632768701465,-32.663276870146504
12,1.5,20,0.2,2.0,0.55,48,2026-09-15,1,0.5,-0.13270958947114808,-26.541917894229616
12,1.5,20,0.2,2.0,0.55,48,2026-09-17,2,1.0,-0.3254261414131362,-32.542614141313614
12,1.5,20,0.2,2.0,0.55,48,2026-09-20,0,0.0,0.0,0.0
12,1.5,20,0.2,2.0,0.55,96,2026-09-13,2,1.0,-0.326632768701465,-32.663276870146504
12,1.5,20,0.2,2.0,0.55,96,2026-09-15,1,0.5,-0.13270958947114808,-26.541917894229616
12,1.5,20,0.2,2.0,0.55,96,2026-09-17,2,1.0,-0.3254261414131362,-32.542614141313614
12,1.5,20,0.2,2.0,0.55,96,2026-09-20,0,0.0,0.0,0.0
12,1.5,20,0.3,1.5,0.4,12,2026-09-13,2,1.0,-0.5599506598234595,-55.99506598234595
12,1.5,20,0.3,1.5,0.4,12,2026-09-15,1,0.5,-0.16210721425048785,-32.42144285009757
12,1.5,20,0.3,1.5,0.4,12,2026-09-17,2,1.0,-0.34749171137828905,-34.74917113782891
12,1.5,20,0.3,1.5,0.4,12,2026-09-20,0,0.0,0.0,0.0
12,1.5,20,0.3,1.5,0.4,24,2026-09-13,2,1.0,-0.5599506598234595,-55.99506598234595
12,1.5,20,0.3,1.5,0.4,24,2026-09-15,1,0.5,-0.16210721425048785,-32.42144285009757
12,1.5,20,0.3,1.5,0.4,24,2026-09-17,2,1.0,-0.34749171137828905,-34.74917113782891
12,1.5,20,0.3,1.5,0.4,24,2026-09-20,0,0.0,0.0,0.0
12,1.5,20,0.3,1.5,0.4,48,2026-09-13,2,1.0,-0.5599506598234595,-55.99506598234595
12,1.5,20,0.3,1.5,0.4,48,2026-09-15,1,0.5,-0.16210721425048785,-32.42144285009757
12,1.5,20,0.3,1.5,0.4,48,2026-09-17,2,1.0,-0.34749171137828905,-34.74917113782891
12,1.5,20,0.3,1.5,0.4,48,2026-09-20,0,0.0,0.0,0.0
12,1.5,20,0.3,1.5,0.4,96,2026-09-13,2,1.0,-0.5599506598234595,-55.99506598234595
12,1.5,20,0.3,1.5,0.4,96,2026-09-15,1,0.5,-0.16210721425048785,-32.42144285009757
12,1.5,20,0.3,1.5,0.4,96,2026-09-17,2,1.0,-0.34749171137828905,-34.74917113782891
12,1.5,20,0.3,1.5,0.4,96,2026-09-20,0,0.0,0.0,0.0
12,1.5,20,0.3,1.5,0.55,12,2026-09-13,2,1.0,-0.5599506598234595,-55.99506598234595
12,1.5,20,0.3,1.5,0.55,12,2026-09-15,1,0.5,-0.16210721425048785,-32.42144285009757
12,1.5,20,0.3,1.5,0.55,12,2026-09-17,2,1.0,-0.34749171137828905,-34.74917113782891
12,1.5,20,0.3,1.5,0.55,12,2026-09-20,0,0.0,0.0,0.0
12,1.5,20,0.3,1.5,0.55,24,2026-09-13,2,1.0,-0.5599506598234595,-55.99506598234595
12,1.5,20,0.3,1.5,0.55,24,2026-09-15,1,0.5,-0.16210721425048785,-32.42144285009757
12,1.5,20,0.3,1.5,0.55,24,2026-09-17,2,1.0,-0.34749171137828905,-34.74917113782891
12,1.5,20,0.3,1.5,0.55,24,2026-09-20,0,0.0,0.0,0.0
12,1.5,20,0.3,1.5,0.55,48,2026-09-13,2,1.0,-0.5599506598234595,-55.99506598234595
12,1.5,20,0.3,1.5,0.55,48,2026-09-15,1,0.5,-0.16210721425048785,-32.42144285009757
12,1.5,20,0.3,1.5,0.55,48,2026-09-17,2,1.0,-0.34749171137828905,-34.74917113782891
12,1.5,20,0.3,1.5,0.55,48,2026-09-20,0,0.0,0.0,0.0
12,1.5,20,0.3,1.5,0.55,96,2026-09-13,2,1.0,-0.5599506598234595,-55.99506598234595
12,1.5,20,0.3,1.5,0.55,96,2026-09-15,1,0.5,-0.16210721425048785,-32.42144285009757
12,1.5,20,0.3,1.5,0.55,96,2026-09-17,2,1.0,-0.34749171137828905,-34.74917113782891
12,1.5,20,0.3,1.5,0.55,96,2026-09-20,0,0.0,0.0,0.0
12,1.5,20,0.3,2.0,0.4,12,2026-09-13,2,1.0,-0.5599506598234595,-55.99506598234595
12,1.5,20,0.3,2.0,0.4,12,2026-09-15,1,0.5,-0.16210721425048785,-32.42144285009757
12,1.5,20,0.3,2.0,0.4,12,2026-09-17,2,1.0,-0.34749171137828905,-34.74917113782891
12,1.5,20,0.3,2.0,0.4,12,2026-09-20,0,0.0,0.0,0.0
12,1.5,20,0.3,2.0,0.4,24,2026-09-13,2,1.0,-0.5599506598234595,-55.99506598234595
12,1.5,20,0.3,2.0,0.4,24,2026-09-15,1,0.5,-0.16210721425048785,-32.42144285009757
12,1.5,20,0.3,2.0,0.4,24,2026-09-17,2,1.0,-0.34749171137828905,-34.74917113782891
12,1.5,20,0.3,2.0,0.4,24,2026-09-20,0,0.0,0.0,0.0
12,1.5,20,0.3,2.0,0.4,48,2026-09-13,2,1.0,-0.5599506598234595,-55.99506598234595
12,1.5,20,0.3,2.0,0.4,48,2026-09-15,1,0.5,-0.16210721425048785,-32.42144285009757
12,1.5,20,0.3,2.0,0.4,48,2026-09-17,2,1.0,-0.34749171137828905,-34.74917113782891
12,1.5,20,0.3,2.0,0.4,48,2026-09-20,0,0.0,0.0,0.0
12,1.5,20,0.3,2.0,0.4,96,2026-09-13,2,1.0,-0.5599506598234595,-55.99506598234595
12,1.5,20,0.3,2.0,0.4,96,2026-09-15,1,0.5,-0.16210721425048785,-32.42144285009757
12,1.5,20,0.3,2.0,0.4,96,2026-09-17,2,1.0,-0.34749171137828905,-34.74917113782891
12,1.5,20,0.3,2.0,0.4,96,2026-09-20,0,0.0,0.0,0.0
12,1.5,20,0.3,2.0,0.55,12,2026-09-13,2,1.0,-0.5599506598234595,-55.99506598234595
12,1.5,20,0.3,2.0,0.55,12,2026-09-15,1,0.5,-0.16210721425048785,-32.42144285009757
12,1.5,20,0.3,2.0,0.55,12,2026-09-17,2,1.0,-0.34749171137828905,-34.74917113782891
12,1.5,20,0.3,2.0,0.55,12,2026-09-20,0,0.0,0.0,0.0
12,1.5,20,0.3,2.0,0.55,24,2026-09-13,2,1.0,-0.5599506598234595,-55.99506598234595
12,1.5,20,0.3,2.0,0.55,24,2026-09-15,1,0.5,-0.16210721425048785,-32.42144285009757
12,1.5,20,0.3,2.0,0.55,24,2026-09-17,2,1.0,-0.34749171137828905,-34.74917113782891
12,1.5,20,0.3,2.0,0.55,24,2026-09-20,0,0.0,0.0,0.0
12,1.5,20,0.3,2.0,0.55,48,2026-09-13,2,1.0,-0.5599506598234595,-55.99506598234595
12,1.5,20,0.3,2.0,0.55,48,2026-09-15,1,0.5,-0.16210721425048785,-32.42144285009757
12,1.5,20,0.3,2.0,0.55,48,2026-09-17,2,1.0,-0.34749171137828905,-34.74917113782891
12,1.5,20,0.3,2.0,0.55,48,2026-09-20,0,0.0,0.0,0.0
12,1.5,20,0.3,2.0,0.55,96,2026-09-13,2,1.0,-0.5599506598234595,-55.99506598234595
12,1.5,20,0.3,2.0,0.55,96,2026-09-15,1,0.5,-0.16210721425048785,-32.42144285009757
12,1.5,20,0.3,2.0,0.55,96,2026-09-17,2,1.0,-0.34749171137828905,-34.74917113782891
12,1.5,20,0.3,2.0,0.55,96,2026-09-20,0,0.0,0.0,0.0
12,2.0,1,0.2,1.5,0.4,12,2026-09-13,2,1.0,-0.326632768701465,-32.663276870146504
12,2.0,1,0.2,1.5,0.4,12,2026-09-15,0,0.0,0.0,0.0
12,2.0,1,0.2,1.5,0.4,12,2026-09-17,2,1.0,-0.3254261414131362,-32.542614141313614
12,2.0,1,0.2,1.5,0.4,12,2026-09-20,0,0.0,0.0,0.0
12,2.0,1,0.2,1.5,0.4,24,2026-09-13,2,1.0,-0.326632768701465,-32.663276870146504
12,2.0,1,0.2,1.5,0.4,24,2026-09-15,0,0.0,0.0,0.0
12,2.0,1,0.2,1.5,0.4,24,2026-09-17,2,1.0,-0.3254261414131362,-32.542614141313614
12,2.0,1,0.2,1.5,0.4,24,2026-09-20,0,0.0,0.0,0.0
12,2.0,1,0.2,1.5,0.4,48,2026-09-13,2,1.0,-0.326632768701465,-32.663276870146504
12,2.0,1,0.2,1.5,0.4,48,2026-09-15,0,0.0,0.0,0.0
12,2.0,1,0.2,1.5,0.4,48,2026-09-17,2,1.0,-0.3254261414131362,-32.542614141313614
12,2.0,1,0.2,1.5,0.4,48,2026-09-20,0,0.0,0.0,0.0
12,2.0,1,0.2,1.5,0.4,96,2026-09-13,2,1.0,-0.326632768701465,-32.663276870146504
12,2.0,1,0.2,1.5,0.4,96,2026-09-15,0,0.0,0.0,0.0
12,2.0,1,0.2,1.5,0.4,96,2026-09-17,2,1.0,-0.3254261414131362,-32.542614141313614
12,2.0,1,0.2,1.5,0.4,96,2026-09-20,0,0.0,0.0,0.0
12,2.0,1,0.2,1.5,0.55,12,2026-09-13,2,1.0,-0.326632768701465,-32.663276870146504
12,2.0,1,0.2,1.5,0.55,12,2026-09-15,0,0.0,0.0,0.0
12,2.0,1,0.2,1.5,0.55,12,2026-09-17,2,1.0,-0.3254261414131362,-32.542614141313614
12,2.0,1,0.2,1.5,0.55,12,2026-09-20,0,0.0,0.0,0.0
12,2.0,1,0.2,1.5,0.55,24,2026-09-13,2,1.0,-0.326632768701465,-32.663276870146504
12,2.0,1,0.2,1.5,0.55,24,2026-09-15,0,0.0,0.0,0.0
12,2.0,1,0.2,1.5,0.55,24,2026-09-17,2,1.0,-0.3254261414131362,-32.542614141313614
12,2.0,1,0.2,1.5,0.55,24,2026-09-20,0,0.0,0.0,0.0
12,2.0,1,0.2,1.5,0.55,48,2026-09-13,2,1.0,-0.326632768701465,-32.663276870146504
12,2.0,1,0.2,1.5,0.55,48,2026-09-15,0,0.0,0.0,0.0
12,2.0,1,0.2,1.5,0.55,48,2026-09-17,2,1.0,-0.3254261414131362,-32.542614141313614
12,2.0,1,0.2,1.5,0.55,48,2026-09-20,0,0.0,0.0,0.0
12,2.0,1,0.2,1.5,0.55,96,2026-09-13,2,1.0,-0.326632768701465,-32.663276870146504
12,2.0,1,0.2,1.5,0.55,96,2026-09-15,0,0.0,0.0,0.0
12,2.0,1,0.2,1.5,0.55,96,2026-09-17,2,1.0,-0.3254261414131362,-32.542614141313614
12,2.0,1,0.2,1.5,0.55,96,2026-09-20,0,0.0,0.0,0.0
12,2.0,1,0.2,2.0,0.4,12,2026-09-13,2,1.0,-0.326632768701465,-32.663276870146504
12,2.0,1,0.2,2.0,0.4,12,2026-09-15,0,0.0,0.0,0.0
12,2.0,1,0.2,2.0,0.4,12,2026-09-17,2,1.0,-0.3254261414131362,-32.542614141313614
12,2.0,1,0.2,2.0,0.4,12,2026-09-20,0,0.0,0.0,0.0
12,2.0,1,0.2,2.0,0.4,24,2026-09-13,2,1.0,-0.326632768701465,-32.663276870146504
12,2.0,1,0.2,2.0,0.4,24,2026-09-15,0,0.0,0.0,0.0
12,2.0,1,0.2,2.0,0.4,24,2026-09-17,2,1.0,-0.3254261414131362,-32.542614141313614
12,2.0,1,0.2,2.0,0.4,24,2026-09-20,0,0.0,0.0,0.0
12,2.0,1,0.2,2.0,0.4,48,2026-09-13,2,1.0,-0.326632768701465,-32.663276870146504
12,2.0,1,0.2,2.0,0.4,48,2026-09-15,0,0.0,0.0,0.0
12,2.0,1,0.2,2.0,0.4,48,2026-09-17,2,1.0,-0.3254261414131362,-32.542614141313614
12,2.0,1,0.2,2.0,0.4,48,2026-09-20,0,0.0,0.0,0.0
12,2.0,1,0.2,2.0,0.4,96,2026-09-13,2,1.0,-0.326632768701465,-32.663276870146504
12,2.0,1,0.2,2.0,0.4,96,2026-09-15,0,0.0,0.0,0.0
12,2.0,1,0.2,2.0,0.4,96,2026-09-17,2,1.0,-0.3254261414131362,-32.542614141313614
12,2.0,1,0.2,2.0,0.4,96,2026-09-20,0,0.0,0.0,0.0
12,2.0,1,0.2,2.0,0.55,12,2026-09-13,2,1.0,-0.326632768701465,-32.663276870146504
12,2.0,1,0.2,2.0,0.55,12,2026-09-15,0,0.0,0.0,0.0
12,2.0,1,0.2,2.0,0.55,12,2026-09-17,2,1.0,-0.3254261414131362,-32.542614141313614
12,2.0,1,0.2,2.0,0.55,12,2026-09-20,0,0.0,0.0,0.0
12,2.0,1,0.2,2.0,0.55,24,2026-09-13,2,1.0,-0.326632768701465,-32.663276870146504
12,2.0,1,0.2,2.0,0.55,24,2026-09-15,0,0.0,0.0,0.0
12,2.0,1,0.2,2.0,0.55,24,2026-09-17,2,1.0,-0.3254261414131362,-32.542614141313614
12,2.0,1,0.2,2.0,0.55,24,2026-09-20,0,0.0,0.0,0.0
12,2.0,1,0.2,2.0,0.55,48,2026-09-13,2,1.0,-0.326632768701465,-32.663276870146504
12,2.0,1,0.2,2.0,0.55,48,2026-09-15,0,0.0,0.0,0.0
12,2.0,1,0.2,2.0,0.55,48,2026-09-17,2,1.0,-0.3254261414131362,-32.542614141313614
12,2.0,1,0.2,2.0,0.55,48,2026-09-20,0,0.0,0.0,0.0
12,2.0,1,0.2,2.0,0.55,96,2026-09-13,2,1.0,-0.326632768701465,-32.663276870146504
12,2.0,1,0.2,2.0,0.55,96,2026-09-15,0,0.0,0.0,0.0
12,2.0,1,0.2,2.0,0.55,96,2026-09-17,2,1.0,-0.3254261414131362,-32.542614141313614
12,2.0,1,0.2,2.0,0.55,96,2026-09-20,0,0.0,0.0,0.0
12,2.0,1,0.3,1.5,0.4,12,2026-09-13,2,1.0,-0.5599506598234595,-55.99506598234595
12,2.0,1,0.3,1.5,0.4,12,2026-09-15,0,0.0,0.0,0.0
12,2.0,1,0.3,1.5,0.4,12,2026-09-17,2,1.0,-0.34749171137828905,-34.74917113782891
12,2.0,1,0.3,1.5,0.4,12,2026-09-20,0,0.0,0.0,0.0
12,2.0,1,0.3,1.5,0.4,24,2026-09-13,2,1.0,-0.5599506598234595,-55.99506598234595
12,2.0,1,0.3,1.5,0.4,24,2026-09-15,0,0.0,0.0,0.0
12,2.0,1,0.3,1.5,0.4,24,2026-09-17,2,1.0,-0.34749171137828905,-34.74917113782891
12,2.0,1,0.3,1.5,0.4,24,2026-09-20,0,0.0,0.0,0.0
12,2.0,1,0.3,1.5,0.4,48,2026-09-13,2,1.0,-0.5599506598234595,-55.99506598234595
12,2.0,1,0.3,1.5,0.4,48,2026-09-15,0,0.0,0.0,0.0
12,2.0,1,0.3,1.5,0.4,48,2026-09-17,2,1.0,-0.34749171137828905,-34.74917113782891
12,2.0,1,0.3,1.5,0.4,48,2026-09-20,0,0.0,0.0,0.0
12,2.0,1,0.3,1.5,0.4,96,2026-09-13,2,1.0,-0.5599506598234595,-55.99506598234595
12,2.0,1,0.3,1.5,0.4,96,2026-09-15,0,0.0,0.0,0.0
12,2.0,1,0.3,1.5,0.4,96,2026-09-17,2,1.0,-0.34749171137828905,-34.74917113782891
12,2.0,1,0.3,1.5,0.4,96,2026-09-20,0,0.0,0.0,0.0
12,2.0,1,0.3,1.5,0.55,12,2026-09-13,2,1.0,-0.5599506598234595,-55.99506598234595
12,2.0,1,0.3,1.5,0.55,12,2026-09-15,0,0.0,0.0,0.0
12,2.0,1,0.3,1.5,0.55,12,2026-09-17,2,1.0,-0.34749171137828905,-34.74917113782891
12,2.0,1,0.3,1.5,0.55,12,2026-09-20,0,0.0,0.0,0.0
12,2.0,1,0.3,1.5,0.55,24,2026-09-13,2,1.0,-0.5599506598234595,-55.99506598234595
12,2.0,1,0.3,1.5,0.55,24,2026-09-15,0,0.0,0.0,0.0
12,2.0,1,0.3,1.5,0.55,24,2026-09-17,2,1.0,-0.34749171137828905,-34.74917113782891
12,2.0,1,0.3,1.5,0.55,24,2026-09-20,0,0.0,0.0,0.0
12,2.0,1,0.3,1.5,0.55,48,2026-09-13,2,1.0,-0.5599506598234595,-55.99506598234595
12,2.0,1,0.3,1.5,0.55,48,2026-09-15,0,0.0,0.0,0.0
12,2.0,1,0.3,1.5,0.55,48,2026-09-17,2,1.0,-0.34749171137828905,-34.74917113782891
12,2.0,1,0.3,1.5,0.55,48,2026-09-20,0,0.0,0.0,0.0
12,2.0,1,0.3,1.5,0.55,96,2026-09-13,2,1.0,-0.5599506598234595,-55.99506598234595
12,2.0,1,0.3,1.5,0.55,96,2026-09-15,0,0.0,0.0,0.0
12,2.0,1,0.3,1.5,0.55,96,2026-09-17,2,1.0,-0.34749171137828905,-34.74917113782891
12,2.0,1,0.3,1.5,0.55,96,2026-09-20,0,0.0,0.0,0.0
12,2.0,1,0.3,2.0,0.4,12,2026-09-13,2,1.0,-0.5599506598234595,-55.99506598234595
12,2.0,1,0.3,2.0,0.4,12,2026-09-15,0,0.0,0.0,0.0
12,2.0,1,0.3,2.0,0.4,12,2026-09-17,2,1.0,-0.34749171137828905,-34.74917113782891
12,2.0,1,0.3,2.0,0.4,12,2026-09-20,0,0.0,0.0,0.0
12,2.0,1,0.3,2.0,0.4,24,2026-09-13,2,1.0,-0.5599506598234595,-55.99506598234595
12,2.0,1,0.3,2.0,0.4,24,2026-09-15,0,0.0,0.0,0.0
12,2.0,1,0.3,2.0,0.4,24,2026-09-17,2,1.0,-0.34749171137828905,-34.74917113782891
12,2.0,1,0.3,2.0,0.4,24,2026-09-20,0,0.0,0.0,0.0
12,2.0,1,0.3,2.0,0.4,48,2026-09-13,2,1.0,-0.5599506598234595,-55.99506598234595
12,2.0,1,0.3,2.0,0.4,48,2026-09-15,0,0.0,0.0,0.0
12,2.0,1,0.3,2.0,0.4,48,2026-09-17,2,1.0,-0.34749171137828905,-34.74917113782891
12,2.0,1,0.3,2.0,0.4,48,2026-09-20,0,0.0,0.0,0.0
12,2.0,1,0.3,2.0,0.4,96,2026-09-13,2,1.0,-0.5599506598234595,-55.99506598234595
12,2.0,1,0.3,2.0,0.4,96,2026-09-15,0,0.0,0.0,0.0
12,2.0,1,0.3,2.0,0.4,96,2026-09-17,2,1.0,-0.34749171137828905,-34.74917113782891
12,2.0,1,0.3,2.0,0.4,96,2026-09-20,0,0.0,0.0,0.0
12,2.0,1,0.3,2.0,0.55,12,2026-09-13,2,1.0,-0.5599506598234595,-55.99506598234595
12,2.0,1,0.3,2.0,0.55,12,2026-09-15,0,0.0,0.0,0.0
12,2.0,1,0.3,2.0,0.55,12,2026-09-17,2,1.0,-0.34749171137828905,-34.74917113782891
12,2.0,1,0.3,2.0,0.55,12,2026-09-20,0,0.0,0.0,0.0
12,2.0,1,0.3,2.0,0.55,24,2026-09-13,2,1.0,-0.5599506598234595,-55.99506598234595
12,2.0,1,0.3,2.0,0.55,24,2026-09-15,0,0.0,0.0,0.0
12,2.0,1,0.3,2.0,0.55,24,2026-09-17,2,1.0,-0.34749171137828905,-34.74917113782891
12,2.0,1,0.3,2.0,0.55,24,2026-09-20,0,0.0,0.0,0.0
12,2.0,1,0.3,2.0,0.55,48,2026-09-13,2,1.0,-0.5599506598234595,-55.99506598234595
12,2.0,1,0.3,2.0,0.55,48,2026-09-15,0,0.0,0.0,0.0
12,2.0,1,0.3,2.0,0.55,48,2026-09-17,2,1.0,-0.34749171137828905,-34.74917113782891
12,2.0,1,0.3,2.0,0.55,48,2026-09-20,0,0.0,0.0,0.0
12,2.0,1,0.3,2.0,0.55,96,2026-09-13,2,1.0,-0.5599506598234595,-55.99506598234595
12,2.0,1,0.3,2.0,0.55,96,2026-09-15,0,0.0,0.0,0.0
12,2.0,1,0.3,2.0,0.55,96,2026-09-17,2,1.0,-0.34749171137828905,-34.74917113782891
12,2.0,1,0.3,2.0,0.55,96,2026-09-20,0,0.0,0.0,0.0
12,2.0,5,0.2,1.5,0.4,12,2026-09-13,2,1.0,-0.326632768701465,-32.663276870146504
12,2.0,5,0.2,1.5,0.4,12,2026-09-15,0,0.0,0.0,0.0
12,2.0,5,0.2,1.5,0.4,12,2026-09-17,2,1.0,-0.3254261414131362,-32.542614141313614
12,2.0,5,0.2,1.5,0.4,12,2026-09-20,0,0.0,0.0,0.0
12,2.0,5,0.2,1.5,0.4,24,2026-09-13,2,1.0,-0.326632768701465,-32.663276870146504
12,2.0,5,0.2,1.5,0.4,24,2026-09-15,0,0.0,0.0,0.0
12,2.0,5,0.2,1.5,0.4,24,2026-09-17,2,1.0,-0.3254261414131362,-32.542614141313614
12,2.0,5,0.2,1.5,0.4,24,2026-09-20,0,0.0,0.0,0.0
12,2.0,5,0.2,1.5,0.4,48,2026-09-13,2,1.0,-0.326632768701465,-32.663276870146504
12,2.0,5,0.2,1.5,0.4,48,2026-09-15,0,0.0,0.0,0.0
12,2.0,5,0.2,1.5,0.4,48,2026-09-17,2,1.0,-0.3254261414131362,-32.542614141313614
12,2.0,5,0.2,1.5,0.4,48,2026-09-20,0,0.0,0.0,0.0
12,2.0,5,0.2,1.5,0.4,96,2026-09-13,2,1.0,-0.326632768701465,-32.663276870146504
12,2.0,5,0.2,1.5,0.4,96,2026-09-15,0,0.0,0.0,0.0
12,2.0,5,0.2,1.5,0.4,96,2026-09-17,2,1.0,-0.3254261414131362,-32.542614141313614
12,2.0,5,0.2,1.5,0.4,96,2026-09-20,0,0.0,0.0,0.0
12,2.0,5,0.2,1.5,0.55,12,2026-09-13,2,1.0,-0.326632768701465,-32.663276870146504
12,2.0,5,0.2,1.5,0.55,12,2026-09-15,0,0.0,0.0,0.0
12,2.0,5,0.2,1.5,0.55,12,2026-09-17,2,1.0,-0.3254261414131362,-32.542614141313614
12,2.0,5,0.2,1.5,0.55,12,2026-09-20,0,0.0,0.0,0.0
12,2.0,5,0.2,1.5,0.55,24,2026-09-13,2,1.0,-0.326632768701465,-32.663276870146504
12,2.0,5,0.2,1.5,0.55,24,2026-09-15,0,0.0,0.0,0.0
12,2.0,5,0.2,1.5,0.55,24,2026-09-17,2,1.0,-0.3254261414131362,-32.542614141313614
12,2.0,5,0.2,1.5,0.55,24,2026-09-20,0,0.0,0.0,0.0
12,2.0,5,0.2,1.5,0.55,48,2026-09-13,2,1.0,-0.326632768701465,-32.663276870146504
12,2.0,5,0.2,1.5,0.55,48,2026-09-15,0,0.0,0.0,0.0
12,2.0,5,0.2,1.5,0.55,48,2026-09-17,2,1.0,-0.3254261414131362,-32.542614141313614
12,2.0,5,0.2,1.5,0.55,48,2026-09-20,0,0.0,0.0,0.0
12,2.0,5,0.2,1.5,0.55,96,2026-09-13,2,1.0,-0.326632768701465,-32.663276870146504
12,2.0,5,0.2,1.5,0.55,96,2026-09-15,0,0.0,0.0,0.0
12,2.0,5,0.2,1.5,0.55,96,2026-09-17,2,1.0,-0.3254261414131362,-32.542614141313614
12,2.0,5,0.2,1.5,0.55,96,2026-09-20,0,0.0,0.0,0.0
12,2.0,5,0.2,2.0,0.4,12,2026-09-13,2,1.0,-0.326632768701465,-32.663276870146504
12,2.0,5,0.2,2.0,0.4,12,2026-09-15,0,0.0,0.0,0.0
12,2.0,5,0.2,2.0,0.4,12,2026-09-17,2,1.0,-0.3254261414131362,-32.542614141313614
12,2.0,5,0.2,2.0,0.4,12,2026-09-20,0,0.0,0.0,0.0
12,2.0,5,0.2,2.0,0.4,24,2026-09-13,2,1.0,-0.326632768701465,-32.663276870146504
12,2.0,5,0.2,2.0,0.4,24,2026-09-15,0,0.0,0.0,0.0
12,2.0,5,0.2,2.0,0.4,24,2026-09-17,2,1.0,-0.3254261414131362,-32.542614141313614
12,2.0,5,0.2,2.0,0.4,24,2026-09-20,0,0.0,0.0,0.0
12,2.0,5,0.2,2.0,0.4,48,2026-09-13,2,1.0,-0.326632768701465,-32.663276870146504
12,2.0,5,0.2,2.0,0.4,48,2026-09-15,0,0.0,0.0,0.0
12,2.0,5,0.2,2.0,0.4,48,2026-09-17,2,1.0,-0.3254261414131362,-32.542614141313614
12,2.0,5,0.2,2.0,0.4,48,2026-09-20,0,0.0,0.0,0.0
12,2.0,5,0.2,2.0,0.4,96,2026-09-13,2,1.0,-0.326632768701465,-32.663276870146504
12,2.0,5,0.2,2.0,0.4,96,2026-09-15,0,0.0,0.0,0.0
12,2.0,5,0.2,2.0,0.4,96,2026-09-17,2,1.0,-0.3254261414131362,-32.542614141313614
12,2.0,5,0.2,2.0,0.4,96,2026-09-20,0,0.0,0.0,0.0
12,2.0,5,0.2,2.0,0.55,12,2026-09-13,2,1.0,-0.326632768701465,-32.663276870146504
12,2.0,5,0.2,2.0,0.55,12,2026-09-15,0,0.0,0.0,0.0
12,2.0,5,0.2,2.0,0.55,12,2026-09-17,2,1.0,-0.3254261414131362,-32.542614141313614
12,2.0,5,0.2,2.0,0.55,12,2026-09-20,0,0.0,0.0,0.0
12,2.0,5,0.2,2.0,0.55,24,2026-09-13,2,1.0,-0.326632768701465,-32.663276870146504
12,2.0,5,0.2,2.0,0.55,24,2026-09-15,0,0.0,0.0,0.0
12,2.0,5,0.2,2.0,0.55,24,2026-09-17,2,1.0,-0.3254261414131362,-32.542614141313614
12,2.0,5,0.2,2.0,0.55,24,2026-09-20,0,0.0,0.0,0.0
12,2.0,5,0.2,2.0,0.55,48,2026-09-13,2,1.0,-0.326632768701465,-32.663276870146504
12,2.0,5,0.2,2.0,0.55,48,2026-09-15,0,0.0,0.0,0.0
12,2.0,5,0.2,2.0,0.55,48,2026-09-17,2,1.0,-0.3254261414131362,-32.542614141313614
12,2.0,5,0.2,2.0,0.55,48,2026-09-20,0,0.0,0.0,0.0
12,2.0,5,0.2,2.0,0.55,96,2026-09-13,2,1.0,-0.326632768701465,-32.663276870146504
12,2.0,5,0.2,2.0,0.55,96,2026-09-15,0,0.0,0.0,0.0
12,2.0,5,0.2,2.0,0.55,96,2026-09-17,2,1.0,-0.3254261414131362,-32.542614141313614
12,2.0,5,0.2,2.0,0.55,96,2026-09-20,0,0.0,0.0,0.0
12,2.0,5,0.3,1.5,0.4,12,2026-09-13,2,1.0,-0.5599506598234595,-55.99506598234595
12,2.0,5,0.3,1.5,0.4,12,2026-09-15,0,0.0,0.0,0.0
12,2.0,5,0.3,1.5,0.4,12,2026-09-17,2,1.0,-0.34749171137828905,-34.74917113782891
12,2.0,5,0.3,1.5,0.4,12,2026-09-20,0,0.0,0.0,0.0
12,2.0,5,0.3,1.5,0.4,24,2026-09-13,2,1.0,-0.5599506598234595,-55.99506598234595
12,2.0,5,0.3,1.5,0.4,24,2026-09-15,0,0.0,0.0,0.0
12,2.0,5,0.3,1.5,0.4,24,2026-09-17,2,1.0,-0.34749171137828905,-34.74917113782891
12,2.0,5,0.3,1.5,0.4,24,2026-09-20,0,0.0,0.0,0.0
12,2.0,5,0.3,1.5,0.4,48,2026-09-13,2,1.0,-0.5599506598234595,-55.99506598234595
12,2.0,5,0.3,1.5,0.4,48,2026-09-15,0,0.0,0.0,0.0
12,2.0,5,0.3,1.5,0.4,48,2026-09-17,2,1.0,-0.34749171137828905,-34.74917113782891
12,2.0,5,0.3,1.5,0.4,48,2026-09-20,0,0.0,0.0,0.0
12,2.0,5,0.3,1.5,0.4,96,2026-09-13,2,1.0,-0.5599506598234595,-55.99506598234595
12,2.0,5,0.3,1.5,0.4,96,2026-09-15,0,0.0,0.0,0.0
12,2.0,5,0.3,1.5,0.4,96,2026-09-17,2,1.0,-0.34749171137828905,-34.74917113782891
12,2.0,5,0.3,1.5,0.4,96,2026-09-20,0,0.0,0.0,0.0
12,2.0,5,0.3,1.5,0.55,12,2026-09-13,2,1.0,-0.5599506598234595,-55.99506598234595
12,2.0,5,0.3,1.5,0.55,12,2026-09-15,0,0.0,0.0,0.0
12,2.0,5,0.3,1.5,0.55,12,2026-09-17,2,1.0,-0.34749171137828905,-34.74917113782891
12,2.0,5,0.3,1.5,0.55,12,2026-09-20,0,0.0,0.0,0.0
12,2.0,5,0.3,1.5,0.55,24,2026-09-13,2,1.0,-0.5599506598234595,-55.99506598234595
12,2.0,5,0.3,1.5,0.55,24,2026-09-15,0,0.0,0.0,0.0
12,2.0,5,0.3,1.5,0.55,24,2026-09-17,2,1.0,-0.34749171137828905,-34.74917113782891
12,2.0,5,0.3,1.5,0.55,24,2026-09-20,0,0.0,0.0,0.0
12,2.0,5,0.3,1.5,0.55,48,2026-09-13,2,1.0,-0.5599506598234595,-55.99506598234595
12,2.0,5,0.3,1.5,0.55,48,2026-09-15,0,0.0,0.0,0.0
12,2.0,5,0.3,1.5,0.55,48,2026-09-17,2,1.0,-0.34749171137828905,-34.74917113782891
12,2.0,5,0.3,1.5,0.55,48,2026-09-20,0,0.0,0.0,0.0
12,2.0,5,0.3,1.5,0.55,96,2026-09-13,2,1.0,-0.5599506598234595,-55.99506598234595
12,2.0,5,0.3,1.5,0.55,96,2026-09-15,0,0.0,0.0,0.0
12,2.0,5,0.3,1.5,0.55,96,2026-09-17,2,1.0,-0.34749171137828905,-34.74917113782891
12,2.0,5,0.3,1.5,0.55,96,2026-09-20,0,0.0,0.0,0.0
12,2.0,5,0.3,2.0,0.4,12,2026-09-13,2,1.0,-0.5599506598234595,-55.99506598234595
12,2.0,5,0.3,2.0,0.4,12,2026-09-15,0,0.0,0.0,0.0
12,2.0,5,0.3,2.0,0.4,12,2026-09-17,2,1.0,-0.34749171137828905,-34.74917113782891
12,2.0,5,0.3,2.0,0.4,12,2026-09-20,0,0.0,0.0,0.0
12,2.0,5,0.3,2.0,0.4,24,2026-09-13,2,1.0,-0.5599506598234595,-55.99506598234595
12,2.0,5,0.3,2.0,0.4,24,2026-09-15,0,0.0,0.0,0.0
12,2.0,5,0.3,2.0,0.4,24,2026-09-17,2,1.0,-0.34749171137828905,-34.74917113782891
12,2.0,5,0.3,2.0,0.4,24,2026-09-20,0,0.0,0.0,0.0
12,2.0,5,0.3,2.0,0.4,48,2026-09-13,2,1.0,-0.5599506598234595,-55.99506598234595
12,2.0,5,0.3,2.0,0.4,48,2026-09-15,0,0.0,0.0,0.0
12,2.0,5,0.3,2.0,0.4,48,2026-09-17,2,1.0,-0.34749171137828905,-34.74917113782891
12,2.0,5,0.3,2.0,0.4,48,2026-09-20,0,0.0,0.0,0.0
12,2.0,5,0.3,2.0,0.4,96,2026-09-13,2,1.0,-0.5599506598234595,-55.99506598234595
12,2.0,5,0.3,2.0,0.4,96,2026-09-15,0,0.0,0.0,0.0
12,2.0,5,0.3,2.0,0.4,96,2026-09-17,2,1.0,-0.34749171137828905,-34.74917113782891
12,2.0,5,0.3,2.0,0.4,96,2026-09-20,0,0.0,0.0,0.0
12,2.0,5,0.3,2.0,0.55,12,2026-09-13,2,1.0,-0.5599506598234595,-55.99506598234595
12,2.0,5,0.3,2.0,0.55,12,2026-09-15,0,0.0,0.0,0.0
12,2.0,5,0.3,2.0,0.55,12,2026-09-17,2,1.0,-0.34749171137828905,-34.74917113782891
12,2.0,5,0.3,2.0,0.55,12,2026-09-20,0,0.0,0.0,0.0
12,2.0,5,0.3,2.0,0.55,24,2026-09-13,2,1.0,-0.5599506598234595,-55.99506598234595
12,2.0,5,0.3,2.0,0.55,24,2026-09-15,0,0.0,0.0,0.0
12,2.0,5,0.3,2.0,0.55,24,2026-09-17,2,1.0,-0.34749171137828905,-34.74917113782891
12,2.0,5,0.3,2.0,0.55,24,2026-09-20,0,0.0,0.0,0.0
12,2.0,5,0.3,2.0,0.55,48,2026-09-13,2,1.0,-0.5599506598234595,-55.99506598234595
12,2.0,5,0.3,2.0,0.55,48,2026-09-15,0,0.0,0.0,0.0
12,2.0,5,0.3,2.0,0.55,48,2026-09-17,2,1.0,-0.34749171137828905,-34.74917113782891
12,2.0,5,0.3,2.0,0.55,48,2026-09-20,0,0.0,0.0,0.0
12,2.0,5,0.3,2.0,0.55,96,2026-09-13,2,1.0,-0.5599506598234595,-55.99506598234595
12,2.0,5,0.3,2.0,0.55,96,2026-09-15,0,0.0,0.0,0.0
12,2.0,5,0.3,2.0,0.55,96,2026-09-17,2,1.0,-0.34749171137828905,-34.74917113782891
12,2.0,5,0.3,2.0,0.55,96,2026-09-20,0,0.0,0.0,0.0
12,2.0,20,0.2,1.5,0.4,12,2026-09-13,2,1.0,-0.326632768701465,-32.663276870146504
12,2.0,20,0.2,1.5,0.4,12,2026-09-15,0,0.0,0.0,0.0
12,2.0,20,0.2,1.5,0.4,12,2026-09-17,2,1.0,-0.3254261414131362,-32.542614141313614
12,2.0,20,0.2,1.5,0.4,12,2026-09-20,0,0.0,0.0,0.0
12,2.0,20,0.2,1.5,0.4,24,2026-09-13,2,1.0,-0.326632768701465,-32.663276870146504
12,2.0,20,0.2,1.5,0.4,24,2026-09-15,0,0.0,0.0,0.0
12,2.0,20,0.2,1.5,0.4,24,2026-09-17,2,1.0,-0.3254261414131362,-32.542614141313614
12,2.0,20,0.2,1.5,0.4,24,2026-09-20,0,0.0,0.0,0.0
12,2.0,20,0.2,1.5,0.4,48,2026-09-13,2,1.0,-0.326632768701465,-32.663276870146504
12,2.0,20,0.2,1.5,0.4,48,2026-09-15,0,0.0,0.0,0.0
12,2.0,20,0.2,1.5,0.4,48,2026-09-17,2,1.0,-0.3254261414131362,-32.542614141313614
12,2.0,20,0.2,1.5,0.4,48,2026-09-20,0,0.0,0.0,0.0
12,2.0,20,0.2,1.5,0.4,96,2026-09-13,2,1.0,-0.326632768701465,-32.663276870146504
12,2.0,20,0.2,1.5,0.4,96,2026-09-15,0,0.0,0.0,0.0
12,2.0,20,0.2,1.5,0.4,96,2026-09-17,2,1.0,-0.3254261414131362,-32.542614141313614
12,2.0,20,0.2,1.5,0.4,96,2026-09-20,0,0.0,0.0,0.0
12,2.0,20,0.2,1.5,0.55,12,2026-09-13,2,1.0,-0.326632768701465,-32.663276870146504
12,2.0,20,0.2,1.5,0.55,12,2026-09-15,0,0.0,0.0,0.0
12,2.0,20,0.2,1.5,0.55,12,2026-09-17,2,1.0,-0.3254261414131362,-32.542614141313614
12,2.0,20,0.2,1.5,0.55,12,2026-09-20,0,0.0,0.0,0.0
12,2.0,20,0.2,1.5,0.55,24,2026-09-13,2,1.0,-0.326632768701465,-32.663276870146504
12,2.0,20,0.2,1.5,0.55,24,2026-09-15,0,0.0,0.0,0.0
12,2.0,20,0.2,1.5,0.55,24,2026-09-17,2,1.0,-0.3254261414131362,-32.542614141313614
12,2.0,20,0.2,1.5,0.55,24,2026-09-20,0,0.0,0.0,0.0
12,2.0,20,0.2,1.5,0.55,48,2026-09-13,2,1.0,-0.326632768701465,-32.663276870146504
12,2.0,20,0.2,1.5,0.55,48,2026-09-15,0,0.0,0.0,0.0
12,2.0,20,0.2,1.5,0.55,48,2026-09-17,2,1.0,-0.3254261414131362,-32.542614141313614
12,2.0,20,0.2,1.5,0.55,48,2026-09-20,0,0.0,0.0,0.0
12,2.0,20,0.2,1.5,0.55,96,2026-09-13,2,1.0,-0.326632768701465,-32.663276870146504
12,2.0,20,0.2,1.5,0.55,96,2026-09-15,0,0.0,0.0,0.0
12,2.0,20,0.2,1.5,0.55,96,2026-09-17,2,1.0,-0.3254261414131362,-32.542614141313614
12,2.0,20,0.2,1.5,0.55,96,2026-09-20,0,0.0,0.0,0.0
12,2.0,20,0.2,2.0,0.4,12,2026-09-13,2,1.0,-0.326632768701465,-32.663276870146504
12,2.0,20,0.2,2.0,0.4,12,2026-09-15,0,0.0,0.0,0.0
12,2.0,20,0.2,2.0,0.4,12,2026-09-17,2,1.0,-0.3254261414131362,-32.542614141313614
12,2.0,20,0.2,2.0,0.4,12,2026-09-20,0,0.0,0.0,0.0
12,2.0,20,0.2,2.0,0.4,24,2026-09-13,2,1.0,-0.326632768701465,-32.663276870146504
12,2.0,20,0.2,2.0,0.4,24,2026-09-15,0,0.0,0.0,0.0
12,2.0,20,0.2,2.0,0.4,24,2026-09-17,2,1.0,-0.3254261414131362,-32.542614141313614
12,2.0,20,0.2,2.0,0.4,24,2026-09-20,0,0.0,0.0,0.0
12,2.0,20,0.2,2.0,0.4,48,2026-09-13,2,1.0,-0.326632768701465,-32.663276870146504
12,2.0,20,0.2,2.0,0.4,48,2026-09-15,0,0.0,0.0,0.0
12,2.0,20,0.2,2.0,0.4,48,2026-09-17,2,1.0,-0.3254261414131362,-32.542614141313614
12,2.0,20,0.2,2.0,0.4,48,2026-09-20,0,0.0,0.0,0.0
12,2.0,20,0.2,2.0,0.4,96,2026-09-13,2,1.0,-0.326632768701465,-32.663276870146504
12,2.0,20,0.2,2.0,0.4,96,2026-09-15,0,0.0,0.0,0.0
12,2.0,20,0.2,2.0,0.4,96,2026-09-17,2,1.0,-0.3254261414131362,-32.542614141313614
12,2.0,20,0.2,2.0,0.4,96,2026-09-20,0,0.0,0.0,0.0
12,2.0,20,0.2,2.0,0.55,12,2026-09-13,2,1.0,-0.326632768701465,-32.663276870146504
12,2.0,20,0.2,2.0,0.55,12,2026-09-15,0,0.0,0.0,0.0
12,2.0,20,0.2,2.0,0.55,12,2026-09-17,2,1.0,-0.3254261414131362,-32.542614141313614
12,2.0,20,0.2,2.0,0.55,12,2026-09-20,0,0.0,0.0,0.0
12,2.0,20,0.2,2.0,0.55,24,2026-09-13,2,1.0,-0.326632768701465,-32.663276870146504
12,2.0,20,0.2,2.0,0.55,24,2026-09-15,0,0.0,0.0,0.0
12,2.0,20,0.2,2.0,0.55,24,2026-09-17,2,1.0,-0.3254261414131362,-32.542614141313614
12,2.0,20,0.2,2.0,0.55,24,2026-09-20,0,0.0,0.0,0.0
12,2.0,20,0.2,2.0,0.55,48,2026-09-13,2,1.0,-0.326632768701465,-32.663276870146504
12,2.0,20,0.2,2.0,0.55,48,2026-09-15,0,0.0,0.0,0.0
12,2.0,20,0.2,2.0,0.55,48,2026-09-17,2,1.0,-0.3254261414131362,-32.542614141313614
12,2.0,20,0.2,2.0,0.55,48,2026-09-20,0,0.0,0.0,0.0
12,2.0,20,0.2,2.0,0.55,96,2026-09-13,2,1.0,-0.326632768701465,-32.663276870146504
12,2.0,20,0.2,2.0,0.55,96,2026-09-15,0,0.0,0.0,0.0
12,2.0,20,0.2,2.0,0.55,96,2026-09-17,2,1.0,-0.3254261414131362,-32.542614141313614
12,2.0,20,0.2,2.0,0.55,96,2026-09-20,0,0.0,0.0,0.0
12,2.0,20,0.3,1.5,0.4,12,2026-09-13,2,1.0,-0.5599506598234595,-55.99506598234595
12,2.0,20,0.3,1.5,0.4,12,2026-09-15,0,0.0,0.0,0.0
12,2.0,20,0.3,1.5,0.4,12,2026-09-17,2,1.0,-0.34749171137828905,-34.74917113782891
12,2.0,20,0.3,1.5,0.4,12,2026-09-20,0,0.0,0.0,0.0
12,2.0,20,0.3,1.5,0.4,24,2026-09-13,2,1.0,-0.5599506598234595,-55.99506598234595
12,2.0,20,0.3,1.5,0.4,24,2026-09-15,0,0.0,0.0,0.0
12,2.0,20,0.3,1.5,0.4,24,2026-09-17,2,1.0,-0.34749171137828905,-34.74917113782891
12,2.0,20,0.3,1.5,0.4,24,2026-09-20,0,0.0,0.0,0.0
12,2.0,20,0.3,1.5,0.4,48,2026-09-13,2,1.0,-0.5599506598234595,-55.99506598234595
12,2.0,20,0.3,1.5,0.4,48,2026-09-15,0,0.0,0.0,0.0
12,2.0,20,0.3,1.5,0.4,48,2026-09-17,2,1.0,-0.34749171137828905,-34.74917113782891
12,2.0,20,0.3,1.5,0.4,48,2026-09-20,0,0.0,0.0,0.0
12,2.0,20,0.3,1.5,0.4,96,2026-09-13,2,1.0,-0.5599506598234595,-55.99506598234595
12,2.0,20,0.3,1.5,0.4,96,2026-09-15,0,0.0,0.0,0.0
12,2.0,20,0.3,1.5,0.4,96,2026-09-17,2,1.0,-0.34749171137828905,-34.74917113782891
12,2.0,20,0.3,1.5,0.4,96,2026-09-20,0,0.0,0.0,0.0
12,2.0,20,0.3,1.5,0.55,12,2026-09-13,2,1.0,-0.5599506598234595,-55.99506598234595
12,2.0,20,0.3,1.5,0.55,12,2026-09-15,0,0.0,0.0,0.0
12,2.0,20,0.3,1.5,0.55,12,2026-09-17,2,1.0,-0.34749171137828905,-34.74917113782891
12,2.0,20,0.3,1.5,0.55,12,2026-09-20,0,0.0,0.0,0.0
12,2.0,20,0.3,1.5,0.55,24,2026-09-13,2,1.0,-0.5599506598234595,-55.99506598234595
12,2.0,20,0.3,1.5,0.55,24,2026-09-15,0,0.0,0.0,0.0
12,2.0,20,0.3,1.5,0.55,24,2026-09-17,2,1.0,-0.34749171137828905,-34.74917113782891
12,2.0,20,0.3,1.5,0.55,24,2026-09-20,0,0.0,0.0,0.0
12,2.0,20,0.3,1.5,0.55,48,2026-09-13,2,1.0,-0.5599506598234595,-55.99506598234595
12,2.0,20,0.3,1.5,0.55,48,2026-09-15,0,0.0,0.0,0.0
12,2.0,20,0.3,1.5,0.55,48,2026-09-17,2,1.0,-0.34749171137828905,-34.74917113782891
12,2.0,20,0.3,1.5,0.55,48,2026-09-20,0,0.0,0.0,0.0
12,2.0,20,0.3,1.5,0.55,96,2026-09-13,2,1.0,-0.5599506598234595,-55.99506598234595
12,2.0,20,0.3,1.5,0.55,96,2026-09-15,0,0.0,0.0,0.0
12,2.0,20,0.3,1.5,0.55,96,2026-09-17,2,1.0,-0.34749171137828905,-34.74917113782891
12,2.0,20,0.3,1.5,0.55,96,2026-09-20,0,0.0,0.0,0.0
12,2.0,20,0.3,2.0,0.4,12,2026-09-13,2,1.0,-0.5599506598234595,-55.99506598234595
12,2.0,20,0.3,2.0,0.4,12,2026-09-15,0,0.0,0.0,0.0
12,2.0,20,0.3,2.0,0.4,12,2026-09-17,2,1.0,-0.34749171137828905,-34.74917113782891
12,2.0,20,0.3,2.0,0.4,12,2026-09-20,0,0.0,0.0,0.0
12,2.0,20,0.3,2.0,0.4,24,2026-09-13,2,1.0,-0.5599506598234595,-55.99506598234595
12,2.0,20,0.3,2.0,0.4,24,2026-09-15,0,0.0,0.0,0.0
12,2.0,20,0.3,2.0,0.4,24,2026-09-17,2,1.0,-0.34749171137828905,-34.74917113782891
12,2.0,20,0.3,2.0,0.4,24,2026-09-20,0,0.0,0.0,0.0
12,2.0,20,0.3,2.0,0.4,48,2026-09-13,2,1.0,-0.5599506598234595,-55.99506598234595
12,2.0,20,0.3,2.0,0.4,48,2026-09-15,0,0.0,0.0,0.0
12,2.0,20,0.3,2.0,0.4,48,2026-09-17,2,1.0,-0.34749171137828905,-34.74917113782891
12,2.0,20,0.3,2.0,0.4,48,2026-09-20,0,0.0,0.0,0.0
12,2.0,20,0.3,2.0,0.4,96,2026-09-13,2,1.0,-0.5599506598234595,-55.99506598234595
12,2.0,20,0.3,2.0,0.4,96,2026-09-15,0,0.0,0.0,0.0
12,2.0,20,0.3,2.0,0.4,96,2026-09-17,2,1.0,-0.34749171137828905,-34.74917113782891
12,2.0,20,0.3,2.0,0.4,96,2026-09-20,0,0.0,0.0,0.0
12,2.0,20,0.3,2.0,0.55,12,2026-09-13,2,1.0,-0.5599506598234595,-55.99506598234595
12,2.0,20,0.3,2.0,0.55,12,2026-09-15,0,0.0,0.0,0.0
12,2.0,20,0.3,2.0,0.55,12,2026-09-17,2,1.0,-0.34749171137828905,-34.74917113782891
12,2.0,20,0.3,2.0,0.55,12,2026-09-20,0,0.0,0.0,0.0
12,2.0,20,0.3,2.0,0.55,24,2026-09-13,2,1.0,-0.5599506598234595,-55.99506598234595
12,2.0,20,0.3,2.0,0.55,24,2026-09-15,0,0.0,0.0,0.0
12,2.0,20,0.3,2.0,0.55,24,2026-09-17,2,1.0,-0.34749171137828905,-34.74917113782891
12,2.0,20,0.3,2.0,0.55,24,2026-09-20,0,0.0,0.0,0.0
12,2.0,20,0.3,2.0,0.55,48,2026-09-13,2,1.0,-0.5599506598234595,-55.99506598234595
12,2.0,20,0.3,2.0,0.55,48,2026-09-15,0,0.0,0.0,0.0
12,2.0,20,0.3,2.0,0.55,48,2026-09-17,2,1.0,-0.34749171137828905,-34.74917113782891
12,2.0,20,0.3,2.0,0.55,48,2026-09-20,0,0.0,0.0,0.0
12,2.0,20,0.3,2.0,0.55,96,2026-09-13,2,1.0,-0.5599506598234595,-55.99506598234595
12,2.0,20,0.3,2.0,0.55,96,2026-09-15,0,0.0,0.0,0.0
12,2.0,20,0.3,2.0,0.55,96,2026-09-17,2,1.0,-0.34749171137828905,-34.74917113782891
12,2.0,20,0.3,2.0,0.55,96,2026-09-20,0,0.0,0.0,0.0
24,1.0,1,0.2,1.5,0.4,12,2026-09-13,2,1.0,-0.24198804571748467,-24.198804571748468
24,1.0,1,0.2,1.5,0.4,12,2026-09-15,1,0.5,-0.12256269683360138,-24.512539366720276
24,1.0,1,0.2,1.5,0.4,12,2026-09-17,1,0.5,-0.11048679851786936,-22.097359703573872
24,1.0,1,0.2,1.5,0.4,12,2026-09-20,2,1.0,1.8379793118529493,183.7979311852949
24,1.0,1,0.2,1.5,0.4,24,2026-09-13,2,1.0,-0.24198804571748467,-24.198804571748468
24,1.0,1,0.2,1.5,0.4,24,2026-09-15,1,0.5,-0.12256269683360138,-24.512539366720276
24,1.0,1,0.2,1.5,0.4,24,2026-09-17,1,0.5,-0.11048679851786936,-22.097359703573872
24,1.0,1,0.2,1.5,0.4,24,2026-09-20,2,1.0,1.8379793118529493,183.7979311852949
24,1.0,1,0.2,1.5,0.4,48,2026-09-13,2,1.0,-0.24198804571748467,-24.198804571748468
24,1.0,1,0.2,1.5,0.4,48,2026-09-15,1,0.5,-0.12256269683360138,-24.512539366720276
24,1.0,1,0.2,1.5,0.4,48,2026-09-17,1,0.5,-0.11048679851786936,-22.097359703573872
24,1.0,1,0.2,1.5,0.4,48,2026-09-20,2,1.0,1.8379793118529493,183.7979311852949
24,1.0,1,0.2,1.5,0.4,96,2026-09-13,2,1.0,-0.24198804571748467,-24.198804571748468
24,1.0,1,0.2,1.5,0.4,96,2026-09-15,1,0.5,-0.12256269683360138,-24.512539366720276
24,1.0,1,0.2,1.5,0.4,96,2026-09-17,1,0.5,-0.11048679851786936,-22.097359703573872
24,1.0,1,0.2,1.5,0.4,96,2026-09-20,2,1.0,1.8379793118529493,183.7979311852949
24,1.0,1,0.2,1.5,0.55,12,2026-09-13,2,1.0,-0.24198804571748467,-24.198804571748468
24,1.0,1,0.2,1.5,0.55,12,2026-09-15,1,0.5,-0.12256269683360138,-24.512539366720276
24,1.0,1,0.2,1.5,0.55,12,2026-09-17,1,0.5,-0.11048679851786936,-22.097359703573872
24,1.0,1,0.2,1.5,0.55,12,2026-09-20,2,1.0,1.6731579278511313,167.3157927851131
24,1.0,1,0.2,1.5,0.55,24,2026-09-13,2,1.0,-0.24198804571748467,-24.198804571748468
24,1.0,1,0.2,1.5,0.55,24,2026-09-15,1,0.5,-0.12256269683360138,-24.512539366720276
24,1.0,1,0.2,1.5,0.55,24,2026-09-17,1,0.5,-0.11048679851786936,-22.097359703573872
24,1.0,1,0.2,1.5,0.55,24,2026-09-20,2,1.0,1.6731579278511313,167.3157927851131
24,1.0,1,0.2,1.5,0.55,48,2026-09-13,2,1.0,-0.24198804571748467,-24.198804571748468
24,1.0,1,0.2,1.5,0.55,48,2026-09-15,1,0.5,-0.12256269683360138,-24.512539366720276
24,1.0,1,0.2,1.5,0.55,48,2026-09-17,1,0.5,-0.11048679851786936,-22.097359703573872
24,1.0,1,0.2,1.5,0.55,48,2026-09-20,2,1.0,1.6731579278511313,167.3157927851131
24,1.0,1,0.2,1.5,0.55,96,2026-09-13,2,1.0,-0.24198804571748467,-24.198804571748468
24,1.0,1,0.2,1.5,0.55,96,2026-09-15,1,0.5,-0.12256269683360138,-24.512539366720276
24,1.0,1,0.2,1.5,0.55,96,2026-09-17,1,0.5,-0.11048679851786936,-22.097359703573872
24,1.0,1,0.2,1.5,0.55,96,2026-09-20,2,1.0,1.6731579278511313,167.3157927851131
24,1.0,1,0.2,2.0,0.4,12,2026-09-13,2,1.0,-0.24198804571748467,-24.198804571748468
24,1.0,1,0.2,2.0,0.4,12,2026-09-15,1,0.5,-0.12256269683360138,-24.512539366720276
24,1.0,1,0.2,2.0,0.4,12,2026-09-17,1,0.5,-0.11048679851786936,-22.097359703573872
24,1.0,1,0.2,2.0,0.4,12,2026-09-20,2,1.0,1.8379793118529493,183.7979311852949
24,1.0,1,0.2,2.0,0.4,24,2026-09-13,2,1.0,-0.24198804571748467,-24.198804571748468
24,1.0,1,0.2,2.0,0.4,24,2026-09-15,1,0.5,-0.12256269683360138,-24.512539366720276
24,1.0,1,0.2,2.0,0.4,24,2026-09-17,1,0.5,-0.11048679851786936,-22.097359703573872
24,1.0,1,0.2,2.0,0.4,24,2026-09-20,2,1.0,1.8379793118529493,183.7979311852949
24,1.0,1,0.2,2.0,0.4,48,2026-09-13,2,1.0,-0.24198804571748467,-24.198804571748468
24,1.0,1,0.2,2.0,0.4,48,2026-09-15,1,0.5,-0.12256269683360138,-24.512539366720276
24,1.0,1,0.2,2.0,0.4,48,2026-09-17,1,0.5,-0.11048679851786936,-22.097359703573872
24,1.0,1,0.2,2.0,0.4,48,2026-09-20,2,1.0,1.8379793118529493,183.7979311852949
24,1.0,1,0.2,2.0,0.4,96,2026-09-13,2,1.0,-0.24198804571748467,-24.198804571748468
24,1.0,1,0.2,2.0,0.4,96,2026-09-15,1,0.5,-0.12256269683360138,-24.512539366720276
24,1.0,1,0.2,2.0,0.4,96,2026-09-17,1,0.5,-0.11048679851786936,-22.097359703573872
24,1.0,1,0.2,2.0,0.4,96,2026-09-20,2,1.0,1.8379793118529493,183.7979311852949
24,1.0,1,0.2,2.0,0.55,12,2026-09-13,2,1.0,-0.24198804571748467,-24.198804571748468
24,1.0,1,0.2,2.0,0.55,12,2026-09-15,1,0.5,-0.12256269683360138,-24.512539366720276
24,1.0,1,0.2,2.0,0.55,12,2026-09-17,1,0.5,-0.11048679851786936,-22.097359703573872
24,1.0,1,0.2,2.0,0.55,12,2026-09-20,2,1.0,1.6731579278511313,167.3157927851131
24,1.0,1,0.2,2.0,0.55,24,2026-09-13,2,1.0,-0.24198804571748467,-24.198804571748468
24,1.0,1,0.2,2.0,0.55,24,2026-09-15,1,0.5,-0.12256269683360138,-24.512539366720276
24,1.0,1,0.2,2.0,0.55,24,2026-09-17,1,0.5,-0.11048679851786936,-22.097359703573872
24,1.0,1,0.2,2.0,0.55,24,2026-09-20,2,1.0,1.6731579278511313,167.3157927851131
24,1.0,1,0.2,2.0,0.55,48,2026-09-13,2,1.0,-0.24198804571748467,-24.198804571748468
24,1.0,1,0.2,2.0,0.55,48,2026-09-15,1,0.5,-0.12256269683360138,-24.512539366720276
24,1.0,1,0.2,2.0,0.55,48,2026-09-17,1,0.5,-0.11048679851786936,-22.097359703573872
24,1.0,1,0.2,2.0,0.55,48,2026-09-20,2,1.0,1.6731579278511313,167.3157927851131
24,1.0,1,0.2,2.0,0.55,96,2026-09-13,2,1.0,-0.24198804571748467,-24.198804571748468
24,1.0,1,0.2,2.0,0.55,96,2026-09-15,1,0.5,-0.12256269683360138,-24.512539366720276
24,1.0,1,0.2,2.0,0.55,96,2026-09-17,1,0.5,-0.11048679851786936,-22.097359703573872
24,1.0,1,0.2,2.0,0.55,96,2026-09-20,2,1.0,1.6731579278511313,167.3157927851131
24,1.0,1,0.3,1.5,0.4,12,2026-09-13,2,1.0,-0.21424389471692706,-21.424389471692706
24,1.0,1,0.3,1.5,0.4,12,2026-09-15,1,0.5,-0.1762109738883796,-35.24219477767592
24,1.0,1,0.3,1.5,0.4,12,2026-09-17,1,0.5,-0.08418842033544326,-16.837684067088652
24,1.0,1,0.3,1.5,0.4,12,2026-09-20,2,1.0,1.8379793118529493,183.7979311852949
24,1.0,1,0.3,1.5,0.4,24,2026-09-13,2,1.0,-0.3559474824589549,-35.59474824589549
24,1.0,1,0.3,1.5,0.4,24,2026-09-15,1,0.5,-0.1762109738883796,-35.24219477767592
24,1.0,1,0.3,1.5,0.4,24,2026-09-17,1,0.5,-0.01579367020824879,-3.158734041649758
24,1.0,1,0.3,1.5,0.4,24,2026-09-20,2,1.0,1.8379793118529493,183.7979311852949
24,1.0,1,0.3,1.5,0.4,48,2026-09-13,2,1.0,-0.3559474824589549,-35.59474824589549
24,1.0,1,0.3,1.5,0.4,48,2026-09-15,1,0.5,-0.1762109738883796,-35.24219477767592
24,1.0,1,0.3,1.5,0.4,48,2026-09-17,1,0.5,-0.09672477712598843,-19.344955425197686
24,1.0,1,0.3,1.5,0.4,48,2026-09-20,2,1.0,1.8379793118529493,183.7979311852949
24,1.0,1,0.3,1.5,0.4,96,2026-09-13,2,1.0,-0.3559474824589549,-35.59474824589549
24,1.0,1,0.3,1.5,0.4,96,2026-09-15,1,0.5,-0.1762109738883796,-35.24219477767592
24,1.0,1,0.3,1.5,0.4,96,2026-09-17,1,0.5,1.0467149731970495,209.3429946394099
24,1.0,1,0.3,1.5,0.4,96,2026-09-20,2,1.0,1.8379793118529493,183.7979311852949
24,1.0,1,0.3,1.5,0.55,12,2026-09-13,2,1.0,-0.21424389471692706,-21.424389471692706
24,1.0,1,0.3,1.5,0.55,12,2026-09-15,1,0.5,-0.1762109738883796,-35.24219477767592
24,1.0,1,0.3,1.5,0.55,12,2026-09-17,1,0.5,-0.08418842033544326,-16.837684067088652
24,1.0,1,0.3,1.5,0.55,12,2026-09-20,2,1.0,1.6731579278511313,167.3157927851131
24,1.0,1,0.3,1.5,0.55,24,2026-09-13,2,1.0,-0.3559474824589549,-35.59474824589549
24,1.0,1,0.3,1.5,0.55,24,2026-09-15,1,0.5,-0.1762109738883796,-35.24219477767592
24,1.0,1,0.3,1.5,0.55,24,2026-09-17,1,0.5,-0.01579367020824879,-3.158734041649758
24,1.0,1,0.3,1.5,0.55,24,2026-09-20,2,1.0,1.6731579278511313,167.3157927851131
24,1.0,1,0.3,1.5,0.55,48,2026-09-13,2,1.0,-0.3559474824589549,-35.59474824589549
24,1.0,1,0.3,1.5,0.55,48,2026-09-15,1,0.5,-0.1762109738883796,-35.24219477767592
24,1.0,1,0.3,1.5,0.55,48,2026-09-17,1,0.5,-0.09672477712598843,-19.344955425197686
24,1.0,1,0.3,1.5,0.55,48,2026-09-20,2,1.0,1.6731579278511313,167.3157927851131
24,1.0,1,0.3,1.5,0.55,96,2026-09-13,2,1.0,-0.3559474824589549,-35.59474824589549
24,1.0,1,0.3,1.5,0.55,96,2026-09-15,1,0.5,-0.1762109738883796,-35.24219477767592
24,1.0,1,0.3,1.5,0.55,96,2026-09-17,1,0.5,1.0467149731970495,209.3429946394099
24,1.0,1,0.3,1.5,0.55,96,2026-09-20,2,1.0,1.6731579278511313,167.3157927851131
24,1.0,1,0.3,2.0,0.4,12,2026-09-13,2,1.0,-0.21424389471692706,-21.424389471692706
24,1.0,1,0.3,2.0,0.4,12,2026-09-15,1,0.5,-0.1762109738883796,-35.24219477767592
24,1.0,1,0.3,2.0,0.4,12,2026-09-17,1,0.5,-0.08418842033544326,-16.837684067088652
24,1.0,1,0.3,2.0,0.4,12,2026-09-20,2,1.0,1.8379793118529493,183.7979311852949
24,1.0,1,0.3,2.0,0.4,24,2026-09-13,2,1.0,-0.3559474824589549,-35.59474824589549
24,1.0,1,0.3,2.0,0.4,24,2026-09-15,1,0.5,-0.1762109738883796,-35.24219477767592
24,1.0,1,0.3,2.0,0.4,24,2026-09-17,1,0.5,-0.01579367020824879,-3.158734041649758
24,1.0,1,0.3,2.0,0.4,24,2026-09-20,2,1.0,1.8379793118529493,183.7979311852949
24,1.0,1,0.3,2.0,0.4,48,2026-09-13,2,1.0,-0.3559474824589549,-35.59474824589549
24,1.0,1,0.3,2.0,0.4,48,2026-09-15,1,0.5,-0.1762109738883796,-35.24219477767592
24,1.0,1,0.3,2.0,0.4,48,2026-09-17,1,0.5,-0.09672477712598843,-19.344955425197686
24,1.0,1,0.3,2.0,0.4,48,2026-09-20,2,1.0,1.8379793118529493,183.7979311852949
24,1.0,1,0.3,2.0,0.4,96,2026-09-13,2,1.0,-0.3559474824589549,-35.59474824589549
24,1.0,1,0.3,2.0,0.4,96,2026-09-15,1,0.5,-0.1762109738883796,-35.24219477767592
24,1.0,1,0.3,2.0,0.4,96,2026-09-17,1,0.5,1.7164952260947564,343.2990452189513
24,1.0,1,0.3,2.0,0.4,96,2026-09-20,2,1.0,1.8379793118529493,183.7979311852949
24,1.0,1,0.3,2.0,0.55,12,2026-09-13,2,1.0,-0.21424389471692706,-21.424389471692706
24,1.0,1,0.3,2.0,0.55,12,2026-09-15,1,0.5,-0.1762109738883796,-35.24219477767592
24,1.0,1,0.3,2.0,0.55,12,2026-09-17,1,0.5,-0.08418842033544326,-16.837684067088652
24,1.0,1,0.3,2.0,0.55,12,2026-09-20,2,1.0,1.6731579278511313,167.3157927851131
24,1.0,1,0.3,2.0,0.55,24,2026-09-13,2,1.0,-0.3559474824589549,-35.59474824589549
24,1.0,1,0.3,2.0,0.55,24,2026-09-15,1,0.5,-0.1762109738883796,-35.24219477767592
24,1.0,1,0.3,2.0,0.55,24,2026-09-17,1,0.5,-0.01579367020824879,-3.158734041649758
24,1.0,1,0.3,2.0,0.55,24,2026-09-20,2,1.0,1.6731579278511313,167.3157927851131
24,1.0,1,0.3,2.0,0.55,48,2026-09-13,2,1.0,-0.3559474824589549,-35.59474824589549
24,1.0,1,0.3,2.0,0.55,48,2026-09-15,1,0.5,-0.1762109738883796,-35.24219477767592
24,1.0,1,0.3,2.0,0.55,48,2026-09-17,1,0.5,-0.09672477712598843,-19.344955425197686
24,1.0,1,0.3,2.0,0.55,48,2026-09-20,2,1.0,1.6731579278511313,167.3157927851131
24,1.0,1,0.3,2.0,0.55,96,2026-09-13,2,1.0,-0.3559474824589549,-35.59474824589549
24,1.0,1,0.3,2.0,0.55,96,2026-09-15,1,0.5,-0.1762109738883796,-35.24219477767592
24,1.0,1,0.3,2.0,0.55,96,2026-09-17,1,0.5,1.7164952260947564,343.2990452189513
24,1.0,1,0.3,2.0,0.55,96,2026-09-20,2,1.0,1.6731579278511313,167.3157927851131
24,1.0,5,0.2,1.5,0.4,12,2026-09-13,2,1.0,-0.24198804571748467,-24.198804571748468
24,1.0,5,0.2,1.5,0.4,12,2026-09-15,1,0.5,-0.12256269683360138,-24.512539366720276
24,1.0,5,0.2,1.5,0.4,12,2026-09-17,1,0.5,-0.11048679851786936,-22.097359703573872
24,1.0,5,0.2,1.5,0.4,12,2026-09-20,2,1.0,1.8379793118529493,183.7979311852949
24,1.0,5,0.2,1.5,0.4,24,2026-09-13,2,1.0,-0.24198804571748467,-24.198804571748468
24,1.0,5,0.2,1.5,0.4,24,2026-09-15,1,0.5,-0.12256269683360138,-24.512539366720276
24,1.0,5,0.2,1.5,0.4,24,2026-09-17,1,0.5,-0.11048679851786936,-22.097359703573872
24,1.0,5,0.2,1.5,0.4,24,2026-09-20,2,1.0,1.8379793118529493,183.7979311852949
24,1.0,5,0.2,1.5,0.4,48,2026-09-13,2,1.0,-0.24198804571748467,-24.198804571748468
24,1.0,5,0.2,1.5,0.4,48,2026-09-15,1,0.5,-0.12256269683360138,-24.512539366720276
24,1.0,5,0.2,1.5,0.4,48,2026-09-17,1,0.5,-0.11048679851786936,-22.097359703573872
24,1.0,5,0.2,1.5,0.4,48,2026-09-20,2,1.0,1.8379793118529493,183.7979311852949
24,1.0,5,0.2,1.5,0.4,96,2026-09-13,2,1.0,-0.24198804571748467,-24.198804571748468
24,1.0,5,0.2,1.5,0.4,96,2026-09-15,1,0.5,-0.12256269683360138,-24.512539366720276
24,1.0,5,0.2,1.5,0.4,96,2026-09-17,1,0.5,-0.11048679851786936,-22.097359703573872
24,1.0,5,0.2,1.5,0.4,96,2026-09-20,2,1.0,1.8379793118529493,183.7979311852949
24,1.0,5,0.2,1.5,0.55,12,2026-09-13,2,1.0,-0.24198804571748467,-24.198804571748468
24,1.0,5,0.2,1.5,0.55,12,2026-09-15,1,0.5,-0.12256269683360138,-24.512539366720276
24,1.0,5,0.2,1.5,0.55,12,2026-09-17,1,0.5,-0.11048679851786936,-22.097359703573872
24,1.0,5,0.2,1.5,0.55,12,2026-09-20,2,1.0,1.6731579278511313,167.3157927851131
24,1.0,5,0.2,1.5,0.55,24,2026-09-13,2,1.0,-0.24198804571748467,-24.198804571748468
24,1.0,5,0.2,1.5,0.55,24,2026-09-15,1,0.5,-0.12256269683360138,-24.512539366720276
24,1.0,5,0.2,1.5,0.55,24,2026-09-17,1,0.5,-0.11048679851786936,-22.097359703573872
24,1.0,5,0.2,1.5,0.55,24,2026-09-20,2,1.0,1.6731579278511313,167.3157927851131
24,1.0,5,0.2,1.5,0.55,48,2026-09-13,2,1.0,-0.24198804571748467,-24.198804571748468
24,1.0,5,0.2,1.5,0.55,48,2026-09-15,1,0.5,-0.12256269683360138,-24.512539366720276
24,1.0,5,0.2,1.5,0.55,48,2026-09-17,1,0.5,-0.11048679851786936,-22.097359703573872
24,1.0,5,0.2,1.5,0.55,48,2026-09-20,2,1.0,1.6731579278511313,167.3157927851131
24,1.0,5,0.2,1.5,0.55,96,2026-09-13,2,1.0,-0.24198804571748467,-24.198804571748468
24,1.0,5,0.2,1.5,0.55,96,2026-09-15,1,0.5,-0.12256269683360138,-24.512539366720276
24,1.0,5,0.2,1.5,0.55,96,2026-09-17,1,0.5,-0.11048679851786936,-22.097359703573872
24,1.0,5,0.2,1.5,0.55,96,2026-09-20,2,1.0,1.6731579278511313,167.3157927851131
24,1.0,5,0.2,2.0,0.4,12,2026-09-13,2,1.0,-0.24198804571748467,-24.198804571748468
24,1.0,5,0.2,2.0,0.4,12,2026-09-15,1,0.5,-0.12256269683360138,-24.512539366720276
24,1.0,5,0.2,2.0,0.4,12,2026-09-17,1,0.5,-0.11048679851786936,-22.097359703573872
24,1.0,5,0.2,2.0,0.4,12,2026-09-20,2,1.0,1.8379793118529493,183.7979311852949
24,1.0,5,0.2,2.0,0.4,24,2026-09-13,2,1.0,-0.24198804571748467,-24.198804571748468
24,1.0,5,0.2,2.0,0.4,24,2026-09-15,1,0.5,-0.12256269683360138,-24.512539366720276
24,1.0,5,0.2,2.0,0.4,24,2026-09-17,1,0.5,-0.11048679851786936,-22.097359703573872
24,1.0,5,0.2,2.0,0.4,24,2026-09-20,2,1.0,1.8379793118529493,183.7979311852949
24,1.0,5,0.2,2.0,0.4,48,2026-09-13,2,1.0,-0.24198804571748467,-24.198804571748468
24,1.0,5,0.2,2.0,0.4,48,2026-09-15,1,0.5,-0.12256269683360138,-24.512539366720276
24,1.0,5,0.2,2.0,0.4,48,2026-09-17,1,0.5,-0.11048679851786936,-22.097359703573872
24,1.0,5,0.2,2.0,0.4,48,2026-09-20,2,1.0,1.8379793118529493,183.7979311852949
24,1.0,5,0.2,2.0,0.4,96,2026-09-13,2,1.0,-0.24198804571748467,-24.198804571748468
24,1.0,5,0.2,2.0,0.4,96,2026-09-15,1,0.5,-0.12256269683360138,-24.512539366720276
24,1.0,5,0.2,2.0,0.4,96,2026-09-17,1,0.5,-0.11048679851786936,-22.097359703573872
24,1.0,5,0.2,2.0,0.4,96,2026-09-20,2,1.0,1.8379793118529493,183.7979311852949
24,1.0,5,0.2,2.0,0.55,12,2026-09-13,2,1.0,-0.24198804571748467,-24.198804571748468
24,1.0,5,0.2,2.0,0.55,12,2026-09-15,1,0.5,-0.12256269683360138,-24.512539366720276
24,1.0,5,0.2,2.0,0.55,12,2026-09-17,1,0.5,-0.11048679851786936,-22.097359703573872
24,1.0,5,0.2,2.0,0.55,12,2026-09-20,2,1.0,1.6731579278511313,167.3157927851131
24,1.0,5,0.2,2.0,0.55,24,2026-09-13,2,1.0,-0.24198804571748467,-24.198804571748468
24,1.0,5,0.2,2.0,0.55,24,2026-09-15,1,0.5,-0.12256269683360138,-24.512539366720276
24,1.0,5,0.2,2.0,0.55,24,2026-09-17,1,0.5,-0.11048679851786936,-22.097359703573872
24,1.0,5,0.2,2.0,0.55,24,2026-09-20,2,1.0,1.6731579278511313,167.3157927851131
24,1.0,5,0.2,2.0,0.55,48,2026-09-13,2,1.0,-0.24198804571748467,-24.198804571748468
24,1.0,5,0.2,2.0,0.55,48,2026-09-15,1,0.5,-0.12256269683360138,-24.512539366720276
24,1.0,5,0.2,2.0,0.55,48,2026-09-17,1,0.5,-0.11048679851786936,-22.097359703573872
24,1.0,5,0.2,2.0,0.55,48,2026-09-20,2,1.0,1.6731579278511313,167.3157927851131
24,1.0,5,0.2,2.0,0.55,96,2026-09-13,2,1.0,-0.24198804571748467,-24.198804571748468
24,1.0,5,0.2,2.0,0.55,96,2026-09-15,1,0.5,-0.12256269683360138,-24.512539366720276
24,1.0,5,0.2,2.0,0.55,96,2026-09-17,1,0.5,-0.11048679851786936,-22.097359703573872
24,1.0,5,0.2,2.0,0.55,96,2026-09-20,2,1.0,1.6731579278511313,167.3157927851131
24,1.0,5,0.3,1.5,0.4,12,2026-09-13,2,1.0,-0.21424389471692706,-21.424389471692706
24,1.0,5,0.3,1.5,0.4,12,2026-09-15,1,0.5,-0.1762109738883796,-35.24219477767592
24,1.0,5,0.3,1.5,0.4,12,2026-09-17,1,0.5,-0.08418842033544326,-16.837684067088652
24,1.0,5,0.3,1.5,0.4,12,2026-09-20,2,1.0,1.8379793118529493,183.7979311852949
24,1.0,5,0.3,1.5,0.4,24,2026-09-13,2,1.0,-0.3559474824589549,-35.59474824589549
24,1.0,5,0.3,1.5,0.4,24,2026-09-15,1,0.5,-0.1762109738883796,-35.24219477767592
24,1.0,5,0.3,1.5,0.4,24,2026-09-17,1,0.5,-0.01579367020824879,-3.158734041649758
24,1.0,5,0.3,1.5,0.4,24,2026-09-20,2,1.0,1.8379793118529493,183.7979311852949
24,1.0,5,0.3,1.5,0.4,48,2026-09-13,2,1.0,-0.3559474824589549,-35.59474824589549
24,1.0,5,0.3,1.5,0.4,48,2026-09-15,1,0.5,-0.1762109738883796,-35.24219477767592
24,1.0,5,0.3,1.5,0.4,48,2026-09-17,1,0.5,-0.09672477712598843,-19.344955425197686
24,1.0,5,0.3,1.5,0.4,48,2026-09-20,2,1.0,1.8379793118529493,183.7979311852949
24,1.0,5,0.3,1.5,0.4,96,2026-09-13,2,1.0,-0.3559474824589549,-35.59474824589549
24,1.0,5,0.3,1.5,0.4,96,2026-09-15,1,0.5,-0.1762109738883796,-35.24219477767592
24,1.0,5,0.3,1.5,0.4,96,2026-09-17,1,0.5,1.0467149731970495,209.3429946394099
24,1.0,5,0.3,1.5,0.4,96,2026-09-20,2,1.0,1.8379793118529493,183.7979311852949
24,1.0,5,0.3,1.5,0.55,12,2026-09-13,2,1.0,-0.21424389471692706,-21.424389471692706
24,1.0,5,0.3,1.5,0.55,12,2026-09-15,1,0.5,-0.1762109738883796,-35.24219477767592
24,1.0,5,0.3,1.5,0.55,12,2026-09-17,1,0.5,-0.08418842033544326,-16.837684067088652
24,1.0,5,0.3,1.5,0.55,12,2026-09-20,2,1.0,1.6731579278511313,167.3157927851131
24,1.0,5,0.3,1.5,0.55,24,2026-09-13,2,1.0,-0.3559474824589549,-35.59474824589549
24,1.0,5,0.3,1.5,0.55,24,2026-09-15,1,0.5,-0.1762109738883796,-35.24219477767592
24,1.0,5,0.3,1.5,0.55,24,2026-09-17,1,0.5,-0.01579367020824879,-3.158734041649758
24,1.0,5,0.3,1.5,0.55,24,2026-09-20,2,1.0,1.6731579278511313,167.3157927851131
24,1.0,5,0.3,1.5,0.55,48,2026-09-13,2,1.0,-0.3559474824589549,-35.59474824589549
24,1.0,5,0.3,1.5,0.55,48,2026-09-15,1,0.5,-0.1762109738883796,-35.24219477767592
24,1.0,5,0.3,1.5,0.55,48,2026-09-17,1,0.5,-0.09672477712598843,-19.344955425197686
24,1.0,5,0.3,1.5,0.55,48,2026-09-20,2,1.0,1.6731579278511313,167.3157927851131
24,1.0,5,0.3,1.5,0.55,96,2026-09-13,2,1.0,-0.3559474824589549,-35.59474824589549
24,1.0,5,0.3,1.5,0.55,96,2026-09-15,1,0.5,-0.1762109738883796,-35.24219477767592
24,1.0,5,0.3,1.5,0.55,96,2026-09-17,1,0.5,1.0467149731970495,209.3429946394099
24,1.0,5,0.3,1.5,0.55,96,2026-09-20,2,1.0,1.6731579278511313,167.3157927851131
24,1.0,5,0.3,2.0,0.4,12,2026-09-13,2,1.0,-0.21424389471692706,-21.424389471692706
24,1.0,5,0.3,2.0,0.4,12,2026-09-15,1,0.5,-0.1762109738883796,-35.24219477767592
24,1.0,5,0.3,2.0,0.4,12,2026-09-17,1,0.5,-0.08418842033544326,-16.837684067088652
24,1.0,5,0.3,2.0,0.4,12,2026-09-20,2,1.0,1.8379793118529493,183.7979311852949
24,1.0,5,0.3,2.0,0.4,24,2026-09-13,2,1.0,-0.3559474824589549,-35.59474824589549
24,1.0,5,0.3,2.0,0.4,24,2026-09-15,1,0.5,-0.1762109738883796,-35.24219477767592
24,1.0,5,0.3,2.0,0.4,24,2026-09-17,1,0.5,-0.01579367020824879,-3.158734041649758
24,1.0,5,0.3,2.0,0.4,24,2026-09-20,2,1.0,1.8379793118529493,183.7979311852949
24,1.0,5,0.3,2.0,0.4,48,2026-09-13,2,1.0,-0.3559474824589549,-35.59474824589549
24,1.0,5,0.3,2.0,0.4,48,2026-09-15,1,0.5,-0.1762109738883796,-35.24219477767592
24,1.0,5,0.3,2.0,0.4,48,2026-09-17,1,0.5,-0.09672477712598843,-19.344955425197686
24,1.0,5,0.3,2.0,0.4,48,2026-09-20,2,1.0,1.8379793118529493,183.7979311852949
24,1.0,5,0.3,2.0,0.4,96,2026-09-13,2,1.0,-0.3559474824589549,-35.59474824589549
24,1.0,5,0.3,2.0,0.4,96,2026-09-15,1,0.5,-0.1762109738883796,-35.24219477767592
24,1.0,5,0.3,2.0,0.4,96,2026-09-17,1,0.5,1.7164952260947564,343.2990452189513
24,1.0,5,0.3,2.0,0.4,96,2026-09-20,2,1.0,1.8379793118529493,183.7979311852949
24,1.0,5,0.3,2.0,0.55,12,2026-09-13,2,1.0,-0.21424389471692706,-21.424389471692706
24,1.0,5,0.3,2.0,0.55,12,2026-09-15,1,0.5,-0.1762109738883796,-35.24219477767592
24,1.0,5,0.3,2.0,0.55,12,2026-09-17,1,0.5,-0.08418842033544326,-16.837684067088652
24,1.0,5,0.3,2.0,0.55,12,2026-09-20,2,1.0,1.6731579278511313,167.3157927851131
24,1.0,5,0.3,2.0,0.55,24,2026-09-13,2,1.0,-0.3559474824589549,-35.59474824589549
24,1.0,5,0.3,2.0,0.55,24,2026-09-15,1,0.5,-0.1762109738883796,-35.24219477767592
24,1.0,5,0.3,2.0,0.55,24,2026-09-17,1,0.5,-0.01579367020824879,-3.158734041649758
24,1.0,5,0.3,2.0,0.55,24,2026-09-20,2,1.0,1.6731579278511313,167.3157927851131
24,1.0,5,0.3,2.0,0.55,48,2026-09-13,2,1.0,-0.3559474824589549,-35.59474824589549
24,1.0,5,0.3,2.0,0.55,48,2026-09-15,1,0.5,-0.1762109738883796,-35.24219477767592
24,1.0,5,0.3,2.0,0.55,48,2026-09-17,1,0.5,-0.09672477712598843,-19.344955425197686
24,1.0,5,0.3,2.0,0.55,48,2026-09-20,2,1.0,1.6731579278511313,167.3157927851131
24,1.0,5,0.3,2.0,0.55,96,2026-09-13,2,1.0,-0.3559474824589549,-35.59474824589549
24,1.0,5,0.3,2.0,0.55,96,2026-09-15,1,0.5,-0.1762109738883796,-35.24219477767592
24,1.0,5,0.3,2.0,0.55,96,2026-09-17,1,0.5,1.7164952260947564,343.2990452189513
24,1.0,5,0.3,2.0,0.55,96,2026-09-20,2,1.0,1.6731579278511313,167.3157927851131
24,1.0,20,0.2,1.5,0.4,12,2026-09-13,1,0.5,-0.1326091427016976,-26.52182854033952
24,1.0,20,0.2,1.5,0.4,12,2026-09-15,1,0.5,-0.12256269683360138,-24.512539366720276
24,1.0,20,0.2,1.5,0.4,12,2026-09-17,1,0.5,-0.11048679851786936,-22.097359703573872
24,1.0,20,0.2,1.5,0.4,12,2026-09-20,2,1.0,1.8379793118529493,183.7979311852949
24,1.0,20,0.2,1.5,0.4,24,2026-09-13,1,0.5,-0.1326091427016976,-26.52182854033952
24,1.0,20,0.2,1.5,0.4,24,2026-09-15,1,0.5,-0.12256269683360138,-24.512539366720276
24,1.0,20,0.2,1.5,0.4,24,2026-09-17,1,0.5,-0.11048679851786936,-22.097359703573872
24,1.0,20,0.2,1.5,0.4,24,2026-09-20,2,1.0,1.8379793118529493,183.7979311852949
24,1.0,20,0.2,1.5,0.4,48,2026-09-13,1,0.5,-0.1326091427016976,-26.52182854033952
24,1.0,20,0.2,1.5,0.4,48,2026-09-15,1,0.5,-0.12256269683360138,-24.512539366720276
24,1.0,20,0.2,1.5,0.4,48,2026-09-17,1,0.5,-0.11048679851786936,-22.097359703573872
24,1.0,20,0.2,1.5,0.4,48,2026-09-20,2,1.0,1.8379793118529493,183.7979311852949
24,1.0,20,0.2,1.5,0.4,96,2026-09-13,1,0.5,-0.1326091427016976,-26.52182854033952
24,1.0,20,0.2,1.5,0.4,96,2026-09-15,1,0.5,-0.12256269683360138,-24.512539366720276
24,1.0,20,0.2,1.5,0.4,96,2026-09-17,1,0.5,-0.11048679851786936,-22.097359703573872
24,1.0,20,0.2,1.5,0.4,96,2026-09-20,2,1.0,1.8379793118529493,183.7979311852949
24,1.0,20,0.2,1.5,0.55,12,2026-09-13,1,0.5,-0.1326091427016976,-26.52182854033952
24,1.0,20,0.2,1.5,0.55,12,2026-09-15,1,0.5,-0.12256269683360138,-24.512539366720276
24,1.0,20,0.2,1.5,0.55,12,2026-09-17,1,0.5,-0.11048679851786936,-22.097359703573872
24,1.0,20,0.2,1.5,0.55,12,2026-09-20,2,1.0,1.6731579278511313,167.3157927851131
24,1.0,20,0.2,1.5,0.55,24,2026-09-13,1,0.5,-0.1326091427016976,-26.52182854033952
24,1.0,20,0.2,1.5,0.55,24,2026-09-15,1,0.5,-0.12256269683360138,-24.512539366720276
24,1.0,20,0.2,1.5,0.55,24,2026-09-17,1,0.5,-0.11048679851786936,-22.097359703573872
24,1.0,20,0.2,1.5,0.55,24,2026-09-20,2,1.0,1.6731579278511313,167.3157927851131
24,1.0,20,0.2,1.5,0.55,48,2026-09-13,1,0.5,-0.1326091427016976,-26.52182854033952
24,1.0,20,0.2,1.5,0.55,48,2026-09-15,1,0.5,-0.12256269683360138,-24.512539366720276
24,1.0,20,0.2,1.5,0.55,48,2026-09-17,1,0.5,-0.11048679851786936,-22.097359703573872
24,1.0,20,0.2,1.5,0.55,48,2026-09-20,2,1.0,1.6731579278511313,167.3157927851131
24,1.0,20,0.2,1.5,0.55,96,2026-09-13,1,0.5,-0.1326091427016976,-26.52182854033952
24,1.0,20,0.2,1.5,0.55,96,2026-09-15,1,0.5,-0.12256269683360138,-24.512539366720276
24,1.0,20,0.2,1.5,0.55,96,2026-09-17,1,0.5,-0.11048679851786936,-22.097359703573872
24,1.0,20,0.2,1.5,0.55,96,2026-09-20,2,1.0,1.6731579278511313,167.3157927851131
24,1.0,20,0.2,2.0,0.4,12,2026-09-13,1,0.5,-0.1326091427016976,-26.52182854033952
24,1.0,20,0.2,2.0,0.4,12,2026-09-15,1,0.5,-0.12256269683360138,-24.512539366720276
24,1.0,20,0.2,2.0,0.4,12,2026-09-17,1,0.5,-0.11048679851786936,-22.097359703573872
24,1.0,20,0.2,2.0,0.4,12,2026-09-20,2,1.0,1.8379793118529493,183.7979311852949
24,1.0,20,0.2,2.0,0.4,24,2026-09-13,1,0.5,-0.1326091427016976,-26.52182854033952
24,1.0,20,0.2,2.0,0.4,24,2026-09-15,1,0.5,-0.12256269683360138,-24.512539366720276
24,1.0,20,0.2,2.0,0.4,24,2026-09-17,1,0.5,-0.11048679851786936,-22.097359703573872
24,1.0,20,0.2,2.0,0.4,24,2026-09-20,2,1.0,1.8379793118529493,183.7979311852949
24,1.0,20,0.2,2.0,0.4,48,2026-09-13,1,0.5,-0.1326091427016976,-26.52182854033952
24,1.0,20,0.2,2.0,0.4,48,2026-09-15,1,0.5,-0.12256269683360138,-24.512539366720276
24,1.0,20,0.2,2.0,0.4,48,2026-09-17,1,0.5,-0.11048679851786936,-22.097359703573872
24,1.0,20,0.2,2.0,0.4,48,2026-09-20,2,1.0,1.8379793118529493,183.7979311852949
24,1.0,20,0.2,2.0,0.4,96,2026-09-13,1,0.5,-0.1326091427016976,-26.52182854033952
24,1.0,20,0.2,2.0,0.4,96,2026-09-15,1,0.5,-0.12256269683360138,-24.512539366720276
24,1.0,20,0.2,2.0,0.4,96,2026-09-17,1,0.5,-0.11048679851786936,-22.097359703573872
24,1.0,20,0.2,2.0,0.4,96,2026-09-20,2,1.0,1.8379793118529493,183.7979311852949
24,1.0,20,0.2,2.0,0.55,12,2026-09-13,1,0.5,-0.1326091427016976,-26.52182854033952
24,1.0,20,0.2,2.0,0.55,12,2026-09-15,1,0.5,-0.12256269683360138,-24.512539366720276
24,1.0,20,0.2,2.0,0.55,12,2026-09-17,1,0.5,-0.11048679851786936,-22.097359703573872
24,1.0,20,0.2,2.0,0.55,12,2026-09-20,2,1.0,1.6731579278511313,167.3157927851131
24,1.0,20,0.2,2.0,0.55,24,2026-09-13,1,0.5,-0.1326091427016976,-26.52182854033952
24,1.0,20,0.2,2.0,0.55,24,2026-09-15,1,0.5,-0.12256269683360138,-24.512539366720276
24,1.0,20,0.2,2.0,0.55,24,2026-09-17,1,0.5,-0.11048679851786936,-22.097359703573872
24,1.0,20,0.2,2.0,0.55,24,2026-09-20,2,1.0,1.6731579278511313,167.3157927851131
24,1.0,20,0.2,2.0,0.55,48,2026-09-13,1,0.5,-0.1326091427016976,-26.52182854033952
24,1.0,20,0.2,2.0,0.55,48,2026-09-15,1,0.5,-0.12256269683360138,-24.512539366720276
24,1.0,20,0.2,2.0,0.55,48,2026-09-17,1,0.5,-0.11048679851786936,-22.097359703573872
24,1.0,20,0.2,2.0,0.55,48,2026-09-20,2,1.0,1.6731579278511313,167.3157927851131
24,1.0,20,0.2,2.0,0.55,96,2026-09-13,1,0.5,-0.1326091427016976,-26.52182854033952
24,1.0,20,0.2,2.0,0.55,96,2026-09-15,1,0.5,-0.12256269683360138,-24.512539366720276
24,1.0,20,0.2,2.0,0.55,96,2026-09-17,1,0.5,-0.11048679851786936,-22.097359703573872
24,1.0,20,0.2,2.0,0.55,96,2026-09-20,2,1.0,1.6731579278511313,167.3157927851131
24,1.0,20,0.3,1.5,0.4,12,2026-09-13,1,0.5,-0.19890640073705984,-39.78128014741197
24,1.0,20,0.3,1.5,0.4,12,2026-09-15,1,0.5,-0.1762109738883796,-35.24219477767592
24,1.0,20,0.3,1.5,0.4,12,2026-09-17,1,0.5,-0.08418842033544326,-16.837684067088652
24,1.0,20,0.3,1.5,0.4,12,2026-09-20,2,1.0,1.8379793118529493,183.7979311852949
24,1.0,20,0.3,1.5,0.4,24,2026-09-13,1,0.5,-0.19890640073705984,-39.78128014741197
24,1.0,20,0.3,1.5,0.4,24,2026-09-15,1,0.5,-0.1762109738883796,-35.24219477767592
24,1.0,20,0.3,1.5,0.4,24,2026-09-17,1,0.5,-0.01579367020824879,-3.158734041649758
24,1.0,20,0.3,1.5,0.4,24,2026-09-20,2,1.0,1.8379793118529493,183.7979311852949
24,1.0,20,0.3,1.5,0.4,48,2026-09-13,1,0.5,-0.19890640073705984,-39.78128014741197
24,1.0,20,0.3,1.5,0.4,48,2026-09-15,1,0.5,-0.1762109738883796,-35.24219477767592
24,1.0,20,0.3,1.5,0.4,48,2026-09-17,1,0.5,-0.09672477712598843,-19.344955425197686
24,1.0,20,0.3,1.5,0.4,48,2026-09-20,2,1.0,1.8379793118529493,183.7979311852949
24,1.0,20,0.3,1.5,0.4,96,2026-09-13,1,0.5,-0.19890640073705984,-39.78128014741197
24,1.0,20,0.3,1.5,0.4,96,2026-09-15,1,0.5,-0.1762109738883796,-35.24219477767592
24,1.0,20,0.3,1.5,0.4,96,2026-09-17,1,0.5,1.0467149731970495,209.3429946394099
24,1.0,20,0.3,1.5,0.4,96,2026-09-20,2,1.0,1.8379793118529493,183.7979311852949
24,1.0,20,0.3,1.5,0.55,12,2026-09-13,1,0.5,-0.19890640073705984,-39.78128014741197
24,1.0,20,0.3,1.5,0.55,12,2026-09-15,1,0.5,-0.1762109738883796,-35.24219477767592
24,1.0,20,0.3,1.5,0.55,12,2026-09-17,1,0.5,-0.08418842033544326,-16.837684067088652
24,1.0,20,0.3,1.5,0.55,12,2026-09-20,2,1.0,1.6731579278511313,167.3157927851131
24,1.0,20,0.3,1.5,0.55,24,2026-09-13,1,0.5,-0.19890640073705984,-39.78128014741197
24,1.0,20,0.3,1.5,0.55,24,2026-09-15,1,0.5,-0.1762109738883796,-35.24219477767592
24,1.0,20,0.3,1.5,0.55,24,2026-09-17,1,0.5,-0.01579367020824879,-3.158734041649758
24,1.0,20,0.3,1.5,0.55,24,2026-09-20,2,1.0,1.6731579278511313,167.3157927851131
24,1.0,20,0.3,1.5,0.55,48,2026-09-13,1,0.5,-0.19890640073705984,-39.78128014741197
24,1.0,20,0.3,1.5,0.55,48,2026-09-15,1,0.5,-0.1762109738883796,-35.24219477767592
24,1.0,20,0.3,1.5,0.55,48,2026-09-17,1,0.5,-0.09672477712598843,-19.344955425197686
24,1.0,20,0.3,1.5,0.55,48,2026-09-20,2,1.0,1.6731579278511313,167.3157927851131
24,1.0,20,0.3,1.5,0.55,96,2026-09-13,1,0.5,-0.19890640073705984,-39.78128014741197
24,1.0,20,0.3,1.5,0.55,96,2026-09-15,1,0.5,-0.1762109738883796,-35.24219477767592
24,1.0,20,0.3,1.5,0.55,96,2026-09-17,1,0.5,1.0467149731970495,209.3429946394099
24,1.0,20,0.3,1.5,0.55,96,2026-09-20,2,1.0,1.6731579278511313,167.3157927851131
24,1.0,20,0.3,2.0,0.4,12,2026-09-13,1,0.5,-0.19890640073705984,-39.78128014741197
24,1.0,20,0.3,2.0,0.4,12,2026-09-15,1,0.5,-0.1762109738883796,-35.24219477767592
24,1.0,20,0.3,2.0,0.4,12,2026-09-17,1,0.5,-0.08418842033544326,-16.837684067088652
24,1.0,20,0.3,2.0,0.4,12,2026-09-20,2,1.0,1.8379793118529493,183.7979311852949
24,1.0,20,0.3,2.0,0.4,24,2026-09-13,1,0.5,-0.19890640073705984,-39.78128014741197
24,1.0,20,0.3,2.0,0.4,24,2026-09-15,1,0.5,-0.1762109738883796,-35.24219477767592
24,1.0,20,0.3,2.0,0.4,24,2026-09-17,1,0.5,-0.01579367020824879,-3.158734041649758
24,1.0,20,0.3,2.0,0.4,24,2026-09-20,2,1.0,1.8379793118529493,183.7979311852949
24,1.0,20,0.3,2.0,0.4,48,2026-09-13,1,0.5,-0.19890640073705984,-39.78128014741197
24,1.0,20,0.3,2.0,0.4,48,2026-09-15,1,0.5,-0.1762109738883796,-35.24219477767592
24,1.0,20,0.3,2.0,0.4,48,2026-09-17,1,0.5,-0.09672477712598843,-19.344955425197686
24,1.0,20,0.3,2.0,0.4,48,2026-09-20,2,1.0,1.8379793118529493,183.7979311852949
24,1.0,20,0.3,2.0,0.4,96,2026-09-13,1,0.5,-0.19890640073705984,-39.78128014741197
24,1.0,20,0.3,2.0,0.4,96,2026-09-15,1,0.5,-0.1762109738883796,-35.24219477767592
24,1.0,20,0.3,2.0,0.4,96,2026-09-17,1,0.5,1.7164952260947564,343.2990452189513
24,1.0,20,0.3,2.0,0.4,96,2026-09-20,2,1.0,1.8379793118529493,183.7979311852949
24,1.0,20,0.3,2.0,0.55,12,2026-09-13,1,0.5,-0.19890640073705984,-39.78128014741197
24,1.0,20,0.3,2.0,0.55,12,2026-09-15,1,0.5,-0.1762109738883796,-35.24219477767592
24,1.0,20,0.3,2.0,0.55,12,2026-09-17,1,0.5,-0.08418842033544326,-16.837684067088652
24,1.0,20,0.3,2.0,0.55,12,2026-09-20,2,1.0,1.6731579278511313,167.3157927851131
24,1.0,20,0.3,2.0,0.55,24,2026-09-13,1,0.5,-0.19890640073705984,-39.78128014741197
24,1.0,20,0.3,2.0,0.55,24,2026-09-15,1,0.5,-0.1762109738883796,-35.24219477767592
24,1.0,20,0.3,2.0,0.55,24,2026-09-17,1,0.5,-0.01579367020824879,-3.158734041649758
24,1.0,20,0.3,2.0,0.55,24,2026-09-20,2,1.0,1.6731579278511313,167.3157927851131
24,1.0,20,0.3,2.0,0.55,48,2026-09-13,1,0.5,-0.19890640073705984,-39.78128014741197
24,1.0,20,0.3,2.0,0.55,48,2026-09-15,1,0.5,-0.1762109738883796,-35.24219477767592
24,1.0,20,0.3,2.0,0.55,48,2026-09-17,1,0.5,-0.09672477712598843,-19.344955425197686
24,1.0,20,0.3,2.0,0.55,48,2026-09-20,2,1.0,1.6731579278511313,167.3157927851131
24,1.0,20,0.3,2.0,0.55,96,2026-09-13,1,0.5,-0.19890640073705984,-39.78128014741197
24,1.0,20,0.3,2.0,0.55,96,2026-09-15,1,0.5,-0.1762109738883796,-35.24219477767592
24,1.0,20,0.3,2.0,0.55,96,2026-09-17,1,0.5,1.7164952260947564,343.2990452189513
24,1.0,20,0.3,2.0,0.55,96,2026-09-20,2,1.0,1.6731579278511313,167.3157927851131
24,1.25,1,0.2,1.5,0.4,12,2026-09-13,2,1.0,-0.24198804571748467,-24.198804571748468
24,1.25,1,0.2,1.5,0.4,12,2026-09-15,1,0.5,-0.12256269683360138,-24.512539366720276
24,1.25,1,0.2,1.5,0.4,12,2026-09-17,1,0.5,-0.11435524266781816,-22.87104853356363
24,1.25,1,0.2,1.5,0.4,12,2026-09-20,1,0.5,2.009366431030074,401.87328620601477
24,1.25,1,0.2,1.5,0.4,24,2026-09-13,2,1.0,-0.24198804571748467,-24.198804571748468
24,1.25,1,0.2,1.5,0.4,24,2026-09-15,1,0.5,-0.12256269683360138,-24.512539366720276
24,1.25,1,0.2,1.5,0.4,24,2026-09-17,1,0.5,-0.11435524266781816,-22.87104853356363
24,1.25,1,0.2,1.5,0.4,24,2026-09-20,1,0.5,2.009366431030074,401.87328620601477
24,1.25,1,0.2,1.5,0.4,48,2026-09-13,2,1.0,-0.24198804571748467,-24.198804571748468
24,1.25,1,0.2,1.5,0.4,48,2026-09-15,1,0.5,-0.12256269683360138,-24.512539366720276
24,1.25,1,0.2,1.5,0.4,48,2026-09-17,1,0.5,-0.11435524266781816,-22.87104853356363
24,1.25,1,0.2,1.5,0.4,48,2026-09-20,1,0.5,2.009366431030074,401.87328620601477
24,1.25,1,0.2,1.5,0.4,96,2026-09-13,2,1.0,-0.24198804571748467,-24.198804571748468
24,1.25,1,0.2,1.5,0.4,96,2026-09-15,1,0.5,-0.12256269683360138,-24.512539366720276
24,1.25,1,0.2,1.5,0.4,96,2026-09-17,1,0.5,-0.11435524266781816,-22.87104853356363
24,1.25,1,0.2,1.5,0.4,96,2026-09-20,1,0.5,2.009366431030074,401.87328620601477
24,1.25,1,0.2,1.5,0.55,12,2026-09-13,2,1.0,-0.24198804571748467,-24.198804571748468
24,1.25,1,0.2,1.5,0.55,12,2026-09-15,1,0.5,-0.12256269683360138,-24.512539366720276
24,1.25,1,0.2,1.5,0.55,12,2026-09-17,1,0.5,-0.11435524266781816,-22.87104853356363
24,1.25,1,0.2,1.5,0.55,12,2026-09-20,1,0.5,1.8445450470282558,368.90900940565115
24,1.25,1,0.2,1.5,0.55,24,2026-09-13,2,1.0,-0.24198804571748467,-24.198804571748468
24,1.25,1,0.2,1.5,0.55,24,2026-09-15,1,0.5,-0.12256269683360138,-24.512539366720276
24,1.25,1,0.2,1.5,0.55,24,2026-09-17,1,0.5,-0.11435524266781816,-22.87104853356363
24,1.25,1,0.2,1.5,0.55,24,2026-09-20,1,0.5,1.8445450470282558,368.90900940565115
24,1.25,1,0.2,1.5,0.55,48,2026-09-13,2,1.0,-0.24198804571748467,-24.198804571748468
24,1.25,1,0.2,1.5,0.55,48,2026-09-15,1,0.5,-0.12256269683360138,-24.512539366720276
24,1.25,1,0.2,1.5,0.55,48,2026-09-17,1,0.5,-0.11435524266781816,-22.87104853356363
24,1.25,1,0.2,1.5,0.55,48,2026-09-20,1,0.5,1.8445450470282558,368.90900940565115
24,1.25,1,0.2,1.5,0.55,96,2026-09-13,2,1.0,-0.24198804571748467,-24.198804571748468
24,1.25,1,0.2,1.5,0.55,96,2026-09-15,1,0.5,-0.12256269683360138,-24.512539366720276
24,1.25,1,0.2,1.5,0.55,96,2026-09-17,1,0.5,-0.11435524266781816,-22.87104853356363
24,1.25,1,0.2,1.5,0.55,96,2026-09-20,1,0.5,1.8445450470282558,368.90900940565115
24,1.25,1,0.2,2.0,0.4,12,2026-09-13,2,1.0,-0.24198804571748467,-24.198804571748468
24,1.25,1,0.2,2.0,0.4,12,2026-09-15,1,0.5,-0.12256269683360138,-24.512539366720276
24,1.25,1,0.2,2.0,0.4,12,2026-09-17,1,0.5,-0.11435524266781816,-22.87104853356363
24,1.25,1,0.2,2.0,0.4,12,2026-09-20,1,0.5,2.009366431030074,401.87328620601477
24,1.25,1,0.2,2.0,0.4,24,2026-09-13,2,1.0,-0.24198804571748467,-24.198804571748468
24,1.25,1,0.2,2.0,0.4,24,2026-09-15,1,0.5,-0.12256269683360138,-24.512539366720276
24,1.25,1,0.2,2.0,0.4,24,2026-09-17,1,0.5,-0.11435524266781816,-22.87104853356363
24,1.25,1,0.2,2.0,0.4,24,2026-09-20,1,0.5,2.009366431030074,401.87328620601477
24,1.25,1,0.2,2.0,0.4,48,2026-09-13,2,1.0,-0.24198804571748467,-24.198804571748468
24,1.25,1,0.2,2.0,0.4,48,2026-09-15,1,0.5,-0.12256269683360138,-24.512539366720276
24,1.25,1,0.2,2.0,0.4,48,2026-09-17,1,0.5,-0.11435524266781816,-22.87104853356363
24,1.25,1,0.2,2.0,0.4,48,2026-09-20,1,0.5,2.009366431030074,401.87328620601477
24,1.25,1,0.2,2.0,0.4,96,2026-09-13,2,1.0,-0.24198804571748467,-24.198804571748468
24,1.25,1,0.2,2.0,0.4,96,2026-09-15,1,0.5,-0.12256269683360138,-24.512539366720276
24,1.25,1,0.2,2.0,0.4,96,2026-09-17,1,0.5,-0.11435524266781816,-22.87104853356363
24,1.25,1,0.2,2.0,0.4,96,2026-09-20,1,0.5,2.009366431030074,401.87328620601477
24,1.25,1,0.2,2.0,0.55,12,2026-09-13,2,1.0,-0.24198804571748467,-24.198804571748468
24,1.25,1,0.2,2.0,0.55,12,2026-09-15,1,0.5,-0.12256269683360138,-24.512539366720276
24,1.25,1,0.2,2.0,0.55,12,2026-09-17,1,0.5,-0.11435524266781816,-22.87104853356363
24,1.25,1,0.2,2.0,0.55,12,2026-09-20,1,0.5,1.8445450470282558,368.90900940565115
24,1.25,1,0.2,2.0,0.55,24,2026-09-13,2,1.0,-0.24198804571748467,-24.198804571748468
24,1.25,1,0.2,2.0,0.55,24,2026-09-15,1,0.5,-0.12256269683360138,-24.512539366720276
24,1.25,1,0.2,2.0,0.55,24,2026-09-17,1,0.5,-0.11435524266781816,-22.87104853356363
24,1.25,1,0.2,2.0,0.55,24,2026-09-20,1,0.5,1.8445450470282558,368.90900940565115
24,1.25,1,0.2,2.0,0.55,48,2026-09-13,2,1.0,-0.24198804571748467,-24.198804571748468
24,1.25,1,0.2,2.0,0.55,48,2026-09-15,1,0.5,-0.12256269683360138,-24.512539366720276
24,1.25,1,0.2,2.0,0.55,48,2026-09-17,1,0.5,-0.11435524266781816,-22.87104853356363
24,1.25,1,0.2,2.0,0.55,48,2026-09-20,1,0.5,1.8445450470282558,368.90900940565115
24,1.25,1,0.2,2.0,0.55,96,2026-09-13,2,1.0,-0.24198804571748467,-24.198804571748468
24,1.25,1,0.2,2.0,0.55,96,2026-09-15,1,0.5,-0.12256269683360138,-24.512539366720276
24,1.25,1,0.2,2.0,0.55,96,2026-09-17,1,0.5,-0.11435524266781816,-22.87104853356363
24,1.25,1,0.2,2.0,0.55,96,2026-09-20,1,0.5,1.8445450470282558,368.90900940565115
24,1.25,1,0.3,1.5,0.4,12,2026-09-13,2,1.0,-0.21424389471692706,-21.424389471692706
24,1.25,1,0.3,1.5,0.4,12,2026-09-15,1,0.5,-0.1762109738883796,-35.24219477767592
24,1.25,1,0.3,1.5,0.4,12,2026-09-17,1,0.5,-0.13367588245669798,-26.735176491339598
24,1.25,1,0.3,1.5,0.4,12,2026-09-20,1,0.5,2.009366431030074,401.87328620601477
24,1.25,1,0.3,1.5,0.4,24,2026-09-13,2,1.0,-0.3559474824589549,-35.59474824589549
24,1.25,1,0.3,1.5,0.4,24,2026-09-15,1,0.5,-0.1762109738883796,-35.24219477767592
24,1.25,1,0.3,1.5,0.4,24,2026-09-17,1,0.5,0.0030478908907859426,0.6095781781571885
24,1.25,1,0.3,1.5,0.4,24,2026-09-20,1,0.5,2.009366431030074,401.87328620601477
24,1.25,1,0.3,1.5,0.4,48,2026-09-13,2,1.0,-0.3559474824589549,-35.59474824589549
24,1.25,1,0.3,1.5,0.4,48,2026-09-15,1,0.5,-0.1762109738883796,-35.24219477767592
24,1.25,1,0.3,1.5,0.4,48,2026-09-17,1,0.5,-0.4708955087810862,-94.17910175621724
24,1.25,1,0.3,1.5,0.4,48,2026-09-20,1,0.5,2.009366431030074,401.87328620601477
24,1.25,1,0.3,1.5,0.4,96,2026-09-13,2,1.0,-0.3559474824589549,-35.59474824589549
24,1.25,1,0.3,1.5,0.4,96,2026-09-15,1,0.5,-0.1762109738883796,-35.24219477767592
24,1.25,1,0.3,1.5,0.4,96,2026-09-17,1,0.5,-0.4708955087810862,-94.17910175621724
24,1.25,1,0.3,1.5,0.4,96,2026-09-20,1,0.5,2.009366431030074,401.87328620601477
24,1.25,1,0.3,1.5,0.55,12,2026-09-13,2,1.0,-0.21424389471692706,-21.424389471692706
24,1.25,1,0.3,1.5,0.55,12,2026-09-15,1,0.5,-0.1762109738883796,-35.24219477767592
24,1.25,1,0.3,1.5,0.55,12,2026-09-17,1,0.5,-0.13367588245669798,-26.735176491339598
24,1.25,1,0.3,1.5,0.55,12,2026-09-20,1,0.5,1.8445450470282558,368.90900940565115
24,1.25,1,0.3,1.5,0.55,24,2026-09-13,2,1.0,-0.3559474824589549,-35.59474824589549
24,1.25,1,0.3,1.5,0.55,24,2026-09-15,1,0.5,-0.1762109738883796,-35.24219477767592
24,1.25,1,0.3,1.5,0.55,24,2026-09-17,1,0.5,0.0030478908907859426,0.6095781781571885
24,1.25,1,0.3,1.5,0.55,24,2026-09-20,1,0.5,1.8445450470282558,368.90900940565115
24,1.25,1,0.3,1.5,0.55,48,2026-09-13,2,1.0,-0.3559474824589549,-35.59474824589549
24,1.25,1,0.3,1.5,0.55,48,2026-09-15,1,0.5,-0.1762109738883796,-35.24219477767592
24,1.25,1,0.3,1.5,0.55,48,2026-09-17,1,0.5,-0.4708955087810862,-94.17910175621724
24,1.25,1,0.3,1.5,0.55,48,2026-09-20,1,0.5,1.8445450470282558,368.90900940565115
24,1.25,1,0.3,1.5,0.55,96,2026-09-13,2,1.0,-0.3559474824589549,-35.59474824589549
24,1.25,1,0.3,1.5,0.55,96,2026-09-15,1,0.5,-0.1762109738883796,-35.24219477767592
24,1.25,1,0.3,1.5,0.55,96,2026-09-17,1,0.5,-0.4708955087810862,-94.17910175621724
24,1.25,1,0.3,1.5,0.55,96,2026-09-20,1,0.5,1.8445450470282558,368.90900940565115
24,1.25,1,0.3,2.0,0.4,12,2026-09-13,2,1.0,-0.21424389471692706,-21.424389471692706
24,1.25,1,0.3,2.0,0.4,12,2026-09-15,1,0.5,-0.1762109738883796,-35.24219477767592
24,1.25,1,0.3,2.0,0.4,12,2026-09-17,1,0.5,-0.13367588245669798,-26.735176491339598
24,1.25,1,0.3,2.0,0.4,12,2026-09-20,1,0.5,2.009366431030074,401.87328620601477
24,1.25,1,0.3,2.0,0.4,24,2026-09-13,2,1.0,-0.3559474824589549,-35.59474824589549
24,1.25,1,0.3,2.0,0.4,24,2026-09-15,1,0.5,-0.1762109738883796,-35.24219477767592
24,1.25,1,0.3,2.0,0.4,24,2026-09-17,1,0.5,0.0030478908907859426,0.6095781781571885
24,1.25,1,0.3,2.0,0.4,24,2026-09-20,1,0.5,2.009366431030074,401.87328620601477
24,1.25,1,0.3,2.0,0.4,48,2026-09-13,2,1.0,-0.3559474824589549,-35.59474824589549
24,1.25,1,0.3,2.0,0.4,48,2026-09-15,1,0.5,-0.1762109738883796,-35.24219477767592
24,1.25,1,0.3,2.0,0.4,48,2026-09-17,1,0.5,-0.4708955087810862,-94.17910175621724
24,1.25,1,0.3,2.0,0.4,48,2026-09-20,1,0.5,2.009366431030074,401.87328620601477
24,1.25,1,0.3,2.0,0.4,96,2026-09-13,2,1.0,-0.3559474824589549,-35.59474824589549
24,1.25,1,0.3,2.0,0.4,96,2026-09-15,1,0.5,-0.1762109738883796,-35.24219477767592
24,1.25,1,0.3,2.0,0.4,96,2026-09-17,1,0.5,-0.4708955087810862,-94.17910175621724
24,1.25,1,0.3,2.0,0.4,96,2026-09-20,1,0.5,2.009366431030074,401.87328620601477
24,1.25,1,0.3,2.0,0.55,12,2026-09-13,2,1.0,-0.21424389471692706,-21.424389471692706
24,1.25,1,0.3,2.0,0.55,12,2026-09-15,1,0.5,-0.1762109738883796,-35.24219477767592
24,1.25,1,0.3,2.0,0.55,12,2026-09-17,1,0.5,-0.13367588245669798,-26.735176491339598
24,1.25,1,0.3,2.0,0.55,12,2026-09-20,1,0.5,1.8445450470282558,368.90900940565115
24,1.25,1,0.3,2.0,0.55,24,2026-09-13,2,1.0,-0.3559474824589549,-35.59474824589549
24,1.25,1,0.3,2.0,0.55,24,2026-09-15,1,0.5,-0.1762109738883796,-35.24219477767592
24,1.25,1,0.3,2.0,0.55,24,2026-09-17,1,0.5,0.0030478908907859426,0.6095781781571885
24,1.25,1,0.3,2.0,0.55,24,2026-09-20,1,0.5,1.8445450470282558,368.90900940565115
24,1.25,1,0.3,2.0,0.55,48,2026-09-13,2,1.0,-0.3559474824589549,-35.59474824589549
24,1.25,1,0.3,2.0,0.55,48,2026-09-15,1,0.5,-0.1762109738883796,-35.24219477767592
24,1.25,1,0.3,2.0,0.55,48,2026-09-17,1,0.5,-0.4708955087810862,-94.17910175621724
24,1.25,1,0.3,2.0,0.55,48,2026-09-20,1,0.5,1.8445450470282558,368.90900940565115
24,1.25,1,0.3,2.0,0.55,96,2026-09-13,2,1.0,-0.3559474824589549,-35.59474824589549
24,1.25,1,0.3,2.0,0.55,96,2026-09-15,1,0.5,-0.1762109738883796,-35.24219477767592
24,1.25,1,0.3,2.0,0.55,96,2026-09-17,1,0.5,-0.4708955087810862,-94.17910175621724
24,1.25,1,0.3,2.0,0.55,96,2026-09-20,1,0.5,1.8445450470282558,368.90900940565115
24,1.25,5,0.2,1.5,0.4,12,2026-09-13,2,1.0,-0.24198804571748467,-24.198804571748468
24,1.25,5,0.2,1.5,0.4,12,2026-09-15,1,0.5,-0.12256269683360138,-24.512539366720276
24,1.25,5,0.2,1.5,0.4,12,2026-09-17,1,0.5,-0.11435524266781816,-22.87104853356363
24,1.25,5,0.2,1.5,0.4,12,2026-09-20,1,0.5,2.009366431030074,401.87328620601477
24,1.25,5,0.2,1.5,0.4,24,2026-09-13,2,1.0,-0.24198804571748467,-24.198804571748468
24,1.25,5,0.2,1.5,0.4,24,2026-09-15,1,0.5,-0.12256269683360138,-24.512539366720276
24,1.25,5,0.2,1.5,0.4,24,2026-09-17,1,0.5,-0.11435524266781816,-22.87104853356363
24,1.25,5,0.2,1.5,0.4,24,2026-09-20,1,0.5,2.009366431030074,401.87328620601477
24,1.25,5,0.2,1.5,0.4,48,2026-09-13,2,1.0,-0.24198804571748467,-24.198804571748468
24,1.25,5,0.2,1.5,0.4,48,2026-09-15,1,0.5,-0.12256269683360138,-24.512539366720276
24,1.25,5,0.2,1.5,0.4,48,2026-09-17,1,0.5,-0.11435524266781816,-22.87104853356363
24,1.25,5,0.2,1.5,0.4,48,2026-09-20,1,0.5,2.009366431030074,401.87328620601477
24,1.25,5,0.2,1.5,0.4,96,2026-09-13,2,1.0,-0.24198804571748467,-24.198804571748468
24,1.25,5,0.2,1.5,0.4,96,2026-09-15,1,0.5,-0.12256269683360138,-24.512539366720276
24,1.25,5,0.2,1.5,0.4,96,2026-09-17,1,0.5,-0.11435524266781816,-22.87104853356363
24,1.25,5,0.2,1.5,0.4,96,2026-09-20,1,0.5,2.009366431030074,401.87328620601477
24,1.25,5,0.2,1.5,0.55,12,2026-09-13,2,1.0,-0.24198804571748467,-24.198804571748468
24,1.25,5,0.2,1.5,0.55,12,2026-09-15,1,0.5,-0.12256269683360138,-24.512539366720276
24,1.25,5,0.2,1.5,0.55,12,2026-09-17,1,0.5,-0.11435524266781816,-22.87104853356363
24,1.25,5,0.2,1.5,0.55,12,2026-09-20,1,0.5,1.8445450470282558,368.90900940565115
24,1.25,5,0.2,1.5,0.55,24,2026-09-13,2,1.0,-0.24198804571748467,-24.198804571748468
24,1.25,5,0.2,1.5,0.55,24,2026-09-15,1,0.5,-0.12256269683360138,-24.512539366720276
24,1.25,5,0.2,1.5,0.55,24,2026-09-17,1,0.5,-0.11435524266781816,-22.87104853356363
24,1.25,5,0.2,1.5,0.55,24,2026-09-20,1,0.5,1.8445450470282558,368.90900940565115
24,1.25,5,0.2,1.5,0.55,48,2026-09-13,2,1.0,-0.24198804571748467,-24.198804571748468
24,1.25,5,0.2,1.5,0.55,48,2026-09-15,1,0.5,-0.12256269683360138,-24.512539366720276
24,1.25,5,0.2,1.5,0.55,48,2026-09-17,1,0.5,-0.11435524266781816,-22.87104853356363
24,1.25,5,0.2,1.5,0.55,48,2026-09-20,1,0.5,1.8445450470282558,368.90900940565115
24,1.25,5,0.2,1.5,0.55,96,2026-09-13,2,1.0,-0.24198804571748467,-24.198804571748468
24,1.25,5,0.2,1.5,0.55,96,2026-09-15,1,0.5,-0.12256269683360138,-24.512539366720276
24,1.25,5,0.2,1.5,0.55,96,2026-09-17,1,0.5,-0.11435524266781816,-22.87104853356363
24,1.25,5,0.2,1.5,0.55,96,2026-09-20,1,0.5,1.8445450470282558,368.90900940565115
24,1.25,5,0.2,2.0,0.4,12,2026-09-13,2,1.0,-0.24198804571748467,-24.198804571748468
24,1.25,5,0.2,2.0,0.4,12,2026-09-15,1,0.5,-0.12256269683360138,-24.512539366720276
24,1.25,5,0.2,2.0,0.4,12,2026-09-17,1,0.5,-0.11435524266781816,-22.87104853356363
24,1.25,5,0.2,2.0,0.4,12,2026-09-20,1,0.5,2.009366431030074,401.87328620601477
24,1.25,5,0.2,2.0,0.4,24,2026-09-13,2,1.0,-0.24198804571748467,-24.198804571748468
24,1.25,5,0.2,2.0,0.4,24,2026-09-15,1,0.5,-0.12256269683360138,-24.512539366720276
24,1.25,5,0.2,2.0,0.4,24,2026-09-17,1,0.5,-0.11435524266781816,-22.87104853356363
24,1.25,5,0.2,2.0,0.4,24,2026-09-20,1,0.5,2.009366431030074,401.87328620601477
24,1.25,5,0.2,2.0,0.4,48,2026-09-13,2,1.0,-0.24198804571748467,-24.198804571748468
24,1.25,5,0.2,2.0,0.4,48,2026-09-15,1,0.5,-0.12256269683360138,-24.512539366720276
24,1.25,5,0.2,2.0,0.4,48,2026-09-17,1,0.5,-0.11435524266781816,-22.87104853356363
24,1.25,5,0.2,2.0,0.4,48,2026-09-20,1,0.5,2.009366431030074,401.87328620601477
24,1.25,5,0.2,2.0,0.4,96,2026-09-13,2,1.0,-0.24198804571748467,-24.198804571748468
24,1.25,5,0.2,2.0,0.4,96,2026-09-15,1,0.5,-0.12256269683360138,-24.512539366720276
24,1.25,5,0.2,2.0,0.4,96,2026-09-17,1,0.5,-0.11435524266781816,-22.87104853356363
24,1.25,5,0.2,2.0,0.4,96,2026-09-20,1,0.5,2.009366431030074,401.87328620601477
24,1.25,5,0.2,2.0,0.55,12,2026-09-13,2,1.0,-0.24198804571748467,-24.198804571748468
24,1.25,5,0.2,2.0,0.55,12,2026-09-15,1,0.5,-0.12256269683360138,-24.512539366720276
24,1.25,5,0.2,2.0,0.55,12,2026-09-17,1,0.5,-0.11435524266781816,-22.87104853356363
24,1.25,5,0.2,2.0,0.55,12,2026-09-20,1,0.5,1.8445450470282558,368.90900940565115
24,1.25,5,0.2,2.0,0.55,24,2026-09-13,2,1.0,-0.24198804571748467,-24.198804571748468
24,1.25,5,0.2,2.0,0.55,24,2026-09-15,1,0.5,-0.12256269683360138,-24.512539366720276
24,1.25,5,0.2,2.0,0.55,24,2026-09-17,1,0.5,-0.11435524266781816,-22.87104853356363
24,1.25,5,0.2,2.0,0.55,24,2026-09-20,1,0.5,1.8445450470282558,368.90900940565115
24,1.25,5,0.2,2.0,0.55,48,2026-09-13,2,1.0,-0.24198804571748467,-24.198804571748468
24,1.25,5,0.2,2.0,0.55,48,2026-09-15,1,0.5,-0.12256269683360138,-24.512539366720276
24,1.25,5,0.2,2.0,0.55,48,2026-09-17,1,0.5,-0.11435524266781816,-22.87104853356363
24,1.25,5,0.2,2.0,0.55,48,2026-09-20,1,0.5,1.8445450470282558,368.90900940565115
24,1.25,5,0.2,2.0,0.55,96,2026-09-13,2,1.0,-0.24198804571748467,-24.198804571748468
24,1.25,5,0.2,2.0,0.55,96,2026-09-15,1,0.5,-0.12256269683360138,-24.512539366720276
24,1.25,5,0.2,2.0,0.55,96,2026-09-17,1,0.5,-0.11435524266781816,-22.87104853356363
24,1.25,5,0.2,2.0,0.55,96,2026-09-20,1,0.5,1.8445450470282558,368.90900940565115
24,1.25,5,0.3,1.5,0.4,12,2026-09-13,2,1.0,-0.21424389471692706,-21.424389471692706
24,1.25,5,0.3,1.5,0.4,12,2026-09-15,1,0.5,-0.1762109738883796,-35.24219477767592
24,1.25,5,0.3,1.5,0.4,12,2026-09-17,1,0.5,-0.13367588245669798,-26.735176491339598
24,1.25,5,0.3,1.5,0.4,12,2026-09-20,1,0.5,2.009366431030074,401.87328620601477
24,1.25,5,0.3,1.5,0.4,24,2026-09-13,2,1.0,-0.3559474824589549,-35.59474824589549
24,1.25,5,0.3,1.5,0.4,24,2026-09-15,1,0.5,-0.1762109738883796,-35.24219477767592
24,1.25,5,0.3,1.5,0.4,24,2026-09-17,1,0.5,0.0030478908907859426,0.6095781781571885
24,1.25,5,0.3,1.5,0.4,24,2026-09-20,1,0.5,2.009366431030074,401.87328620601477
24,1.25,5,0.3,1.5,0.4,48,2026-09-13,2,1.0,-0.3559474824589549,-35.59474824589549
24,1.25,5,0.3,1.5,0.4,48,2026-09-15,1,0.5,-0.1762109738883796,-35.24219477767592
24,1.25,5,0.3,1.5,0.4,48,2026-09-17,1,0.5,-0.4708955087810862,-94.17910175621724
24,1.25,5,0.3,1.5,0.4,48,2026-09-20,1,0.5,2.009366431030074,401.87328620601477
24,1.25,5,0.3,1.5,0.4,96,2026-09-13,2,1.0,-0.3559474824589549,-35.59474824589549
24,1.25,5,0.3,1.5,0.4,96,2026-09-15,1,0.5,-0.1762109738883796,-35.24219477767592
24,1.25,5,0.3,1.5,0.4,96,2026-09-17,1,0.5,-0.4708955087810862,-94.17910175621724
24,1.25,5,0.3,1.5,0.4,96,2026-09-20,1,0.5,2.009366431030074,401.87328620601477
24,1.25,5,0.3,1.5,0.55,12,2026-09-13,2,1.0,-0.21424389471692706,-21.424389471692706
24,1.25,5,0.3,1.5,0.55,12,2026-09-15,1,0.5,-0.1762109738883796,-35.24219477767592
24,1.25,5,0.3,1.5,0.55,12,2026-09-17,1,0.5,-0.13367588245669798,-26.735176491339598
24,1.25,5,0.3,1.5,0.55,12,2026-09-20,1,0.5,1.8445450470282558,368.90900940565115
24,1.25,5,0.3,1.5,0.55,24,2026-09-13,2,1.0,-0.3559474824589549,-35.59474824589549
24,1.25,5,0.3,1.5,0.55,24,2026-09-15,1,0.5,-0.1762109738883796,-35.24219477767592
24,1.25,5,0.3,1.5,0.55,24,2026-09-17,1,0.5,0.0030478908907859426,0.6095781781571885
24,1.25,5,0.3,1.5,0.55,24,2026-09-20,1,0.5,1.8445450470282558,368.90900940565115
24,1.25,5,0.3,1.5,0.55,48,2026-09-13,2,1.0,-0.3559474824589549,-35.59474824589549
24,1.25,5,0.3,1.5,0.55,48,2026-09-15,1,0.5,-0.1762109738883796,-35.24219477767592
24,1.25,5,0.3,1.5,0.55,48,2026-09-17,1,0.5,-0.4708955087810862,-94.17910175621724
24,1.25,5,0.3,1.5,0.55,48,2026-09-20,1,0.5,1.8445450470282558,368.90900940565115
24,1.25,5,0.3,1.5,0.55,96,2026-09-13,2,1.0,-0.3559474824589549,-35.59474824589549
24,1.25,5,0.3,1.5,0.55,96,2026-09-15,1,0.5,-0.1762109738883796,-35.24219477767592
24,1.25,5,0.3,1.5,0.55,96,2026-09-17,1,0.5,-0.4708955087810862,-94.17910175621724
24,1.25,5,0.3,1.5,0.55,96,2026-09-20,1,0.5,1.8445450470282558,368.90900940565115
24,1.25,5,0.3,2.0,0.4,12,2026-09-13,2,1.0,-0.21424389471692706,-21.424389471692706
24,1.25,5,0.3,2.0,0.4,12,2026-09-15,1,0.5,-0.1762109738883796,-35.24219477767592
24,1.25,5,0.3,2.0,0.4,12,2026-09-17,1,0.5,-0.13367588245669798,-26.735176491339598
24,1.25,5,0.3,2.0,0.4,12,2026-09-20,1,0.5,2.009366431030074,401.87328620601477
24,1.25,5,0.3,2.0,0.4,24,2026-09-13,2,1.0,-0.3559474824589549,-35.59474824589549
24,1.25,5,0.3,2.0,0.4,24,2026-09-15,1,0.5,-0.1762109738883796,-35.24219477767592
24,1.25,5,0.3,2.0,0.4,24,2026-09-17,1,0.5,0.0030478908907859426,0.6095781781571885
24,1.25,5,0.3,2.0,0.4,24,2026-09-20,1,0.5,2.009366431030074,401.87328620601477
24,1.25,5,0.3,2.0,0.4,48,2026-09-13,2,1.0,-0.3559474824589549,-35.59474824589549
24,1.25,5,0.3,2.0,0.4,48,2026-09-15,1,0.5,-0.1762109738883796,-35.24219477767592
24,1.25,5,0.3,2.0,0.4,48,2026-09-17,1,0.5,-0.4708955087810862,-94.17910175621724
24,1.25,5,0.3,2.0,0.4,48,2026-09-20,1,0.5,2.009366431030074,401.87328620601477
24,1.25,5,0.3,2.0,0.4,96,2026-09-13,2,1.0,-0.3559474824589549,-35.59474824589549
24,1.25,5,0.3,2.0,0.4,96,2026-09-15,1,0.5,-0.1762109738883796,-35.24219477767592
24,1.25,5,0.3,2.0,0.4,96,2026-09-17,1,0.5,-0.4708955087810862,-94.17910175621724
24,1.25,5,0.3,2.0,0.4,96,2026-09-20,1,0.5,2.009366431030074,401.87328620601477
24,1.25,5,0.3,2.0,0.55,12,2026-09-13,2,1.0,-0.21424389471692706,-21.424389471692706
24,1.25,5,0.3,2.0,0.55,12,2026-09-15,1,0.5,-0.1762109738883796,-35.24219477767592
24,1.25,5,0.3,2.0,0.55,12,2026-09-17,1,0.5,-0.13367588245669798,-26.735176491339598
24,1.25,5,0.3,2.0,0.55,12,2026-09-20,1,0.5,1.8445450470282558,368.90900940565115
24,1.25,5,0.3,2.0,0.55,24,2026-09-13,2,1.0,-0.3559474824589549,-35.59474824589549
24,1.25,5,0.3,2.0,0.55,24,2026-09-15,1,0.5,-0.1762109738883796,-35.24219477767592
24,1.25,5,0.3,2.0,0.55,24,2026-09-17,1,0.5,0.0030478908907859426,0.6095781781571885
24,1.25,5,0.3,2.0,0.55,24,2026-09-20,1,0.5,1.8445450470282558,368.90900940565115
24,1.25,5,0.3,2.0,0.55,48,2026-09-13,2,1.0,-0.3559474824589549,-35.59474824589549
24,1.25,5,0.3,2.0,0.55,48,2026-09-15,1,0.5,-0.1762109738883796,-35.24219477767592
24,1.25,5,0.3,2.0,0.55,48,2026-09-17,1,0.5,-0.4708955087810862,-94.17910175621724
24,1.25,5,0.3,2.0,0.55,48,2026-09-20,1,0.5,1.8445450470282558,368.90900940565115
24,1.25,5,0.3,2.0,0.55,96,2026-09-13,2,1.0,-0.3559474824589549,-35.59474824589549
24,1.25,5,0.3,2.0,0.55,96,2026-09-15,1,0.5,-0.1762109738883796,-35.24219477767592
24,1.25,5,0.3,2.0,0.55,96,2026-09-17,1,0.5,-0.4708955087810862,-94.17910175621724
24,1.25,5,0.3,2.0,0.55,96,2026-09-20,1,0.5,1.8445450470282558,368.90900940565115
24,1.25,20,0.2,1.5,0.4,12,2026-09-13,1,0.5,-0.1326091427016976,-26.52182854033952
24,1.25,20,0.2,1.5,0.4,12,2026-09-15,1,0.5,-0.12256269683360138,-24.512539366720276
24,1.25,20,0.2,1.5,0.4,12,2026-09-17,1,0.5,-0.11435524266781816,-22.87104853356363
24,1.25,20,0.2,1.5,0.4,12,2026-09-20,1,0.5,2.009366431030074,401.87328620601477
24,1.25,20,0.2,1.5,0.4,24,2026-09-13,1,0.5,-0.1326091427016976,-26.52182854033952
24,1.25,20,0.2,1.5,0.4,24,2026-09-15,1,0.5,-0.12256269683360138,-24.512539366720276
24,1.25,20,0.2,1.5,0.4,24,2026-09-17,1,0.5,-0.11435524266781816,-22.87104853356363
24,1.25,20,0.2,1.5,0.4,24,2026-09-20,1,0.5,2.009366431030074,401.87328620601477
24,1.25,20,0.2,1.5,0.4,48,2026-09-13,1,0.5,-0.1326091427016976,-26.52182854033952
24,1.25,20,0.2,1.5,0.4,48,2026-09-15,1,0.5,-0.12256269683360138,-24.512539366720276
24,1.25,20,0.2,1.5,0.4,48,2026-09-17,1,0.5,-0.11435524266781816,-22.87104853356363
24,1.25,20,0.2,1.5,0.4,48,2026-09-20,1,0.5,2.009366431030074,401.87328620601477
24,1.25,20,0.2,1.5,0.4,96,2026-09-13,1,0.5,-0.1326091427016976,-26.52182854033952
24,1.25,20,0.2,1.5,0.4,96,2026-09-15,1,0.5,-0.12256269683360138,-24.512539366720276
24,1.25,20,0.2,1.5,0.4,96,2026-09-17,1,0.5,-0.11435524266781816,-22.87104853356363
24,1.25,20,0.2,1.5,0.4,96,2026-09-20,1,0.5,2.009366431030074,401.87328620601477
24,1.25,20,0.2,1.5,0.55,12,2026-09-13,1,0.5,-0.1326091427016976,-26.52182854033952
24,1.25,20,0.2,1.5,0.55,12,2026-09-15,1,0.5,-0.12256269683360138,-24.512539366720276
24,1.25,20,0.2,1.5,0.55,12,2026-09-17,1,0.5,-0.11435524266781816,-22.87104853356363
24,1.25,20,0.2,1.5,0.55,12,2026-09-20,1,0.5,1.8445450470282558,368.90900940565115
24,1.25,20,0.2,1.5,0.55,24,2026-09-13,1,0.5,-0.1326091427016976,-26.52182854033952
24,1.25,20,0.2,1.5,0.55,24,2026-09-15,1,0.5,-0.12256269683360138,-24.512539366720276
24,1.25,20,0.2,1.5,0.55,24,2026-09-17,1,0.5,-0.11435524266781816,-22.87104853356363
24,1.25,20,0.2,1.5,0.55,24,2026-09-20,1,0.5,1.8445450470282558,368.90900940565115
24,1.25,20,0.2,1.5,0.55,48,2026-09-13,1,0.5,-0.1326091427016976,-26.52182854033952
24,1.25,20,0.2,1.5,0.55,48,2026-09-15,1,0.5,-0.12256269683360138,-24.512539366720276
24,1.25,20,0.2,1.5,0.55,48,2026-09-17,1,0.5,-0.11435524266781816,-22.87104853356363
24,1.25,20,0.2,1.5,0.55,48,2026-09-20,1,0.5,1.8445450470282558,368.90900940565115
24,1.25,20,0.2,1.5,0.55,96,2026-09-13,1,0.5,-0.1326091427016976,-26.52182854033952
24,1.25,20,0.2,1.5,0.55,96,2026-09-15,1,0.5,-0.12256269683360138,-24.512539366720276
24,1.25,20,0.2,1.5,0.55,96,2026-09-17,1,0.5,-0.11435524266781816,-22.87104853356363
24,1.25,20,0.2,1.5,0.55,96,2026-09-20,1,0.5,1.8445450470282558,368.90900940565115
24,1.25,20,0.2,2.0,0.4,12,2026-09-13,1,0.5,-0.1326091427016976,-26.52182854033952
24,1.25,20,0.2,2.0,0.4,12,2026-09-15,1,0.5,-0.12256269683360138,-24.512539366720276
24,1.25,20,0.2,2.0,0.4,12,2026-09-17,1,0.5,-0.11435524266781816,-22.87104853356363
24,1.25,20,0.2,2.0,0.4,12,2026-09-20,1,0.5,2.009366431030074,401.87328620601477
24,1.25,20,0.2,2.0,0.4,24,2026-09-13,1,0.5,-0.1326091427016976,-26.52182854033952
24,1.25,20,0.2,2.0,0.4,24,2026-09-15,1,0.5,-0.12256269683360138,-24.512539366720276
24,1.25,20,0.2,2.0,0.4,24,2026-09-17,1,0.5,-0.11435524266781816,-22.87104853356363
24,1.25,20,0.2,2.0,0.4,24,2026-09-20,1,0.5,2.009366431030074,401.87328620601477
24,1.25,20,0.2,2.0,0.4,48,2026-09-13,1,0.5,-0.1326091427016976,-26.52182854033952
24,1.25,20,0.2,2.0,0.4,48,2026-09-15,1,0.5,-0.12256269683360138,-24.512539366720276
24,1.25,20,0.2,2.0,0.4,48,2026-09-17,1,0.5,-0.11435524266781816,-22.87104853356363
24,1.25,20,0.2,2.0,0.4,48,2026-09-20,1,0.5,2.009366431030074,401.87328620601477
24,1.25,20,0.2,2.0,0.4,96,2026-09-13,1,0.5,-0.1326091427016976,-26.52182854033952
24,1.25,20,0.2,2.0,0.4,96,2026-09-15,1,0.5,-0.12256269683360138,-24.512539366720276
24,1.25,20,0.2,2.0,0.4,96,2026-09-17,1,0.5,-0.11435524266781816,-22.87104853356363
24,1.25,20,0.2,2.0,0.4,96,2026-09-20,1,0.5,2.009366431030074,401.87328620601477
24,1.25,20,0.2,2.0,0.55,12,2026-09-13,1,0.5,-0.1326091427016976,-26.52182854033952
24,1.25,20,0.2,2.0,0.55,12,2026-09-15,1,0.5,-0.12256269683360138,-24.512539366720276
24,1.25,20,0.2,2.0,0.55,12,2026-09-17,1,0.5,-0.11435524266781816,-22.87104853356363
24,1.25,20,0.2,2.0,0.55,12,2026-09-20,1,0.5,1.8445450470282558,368.90900940565115
24,1.25,20,0.2,2.0,0.55,24,2026-09-13,1,0.5,-0.1326091427016976,-26.52182854033952
24,1.25,20,0.2,2.0,0.55,24,2026-09-15,1,0.5,-0.12256269683360138,-24.512539366720276
24,1.25,20,0.2,2.0,0.55,24,2026-09-17,1,0.5,-0.11435524266781816,-22.87104853356363
24,1.25,20,0.2,2.0,0.55,24,2026-09-20,1,0.5,1.8445450470282558,368.90900940565115
24,1.25,20,0.2,2.0,0.55,48,2026-09-13,1,0.5,-0.1326091427016976,-26.52182854033952
24,1.25,20,0.2,2.0,0.55,48,2026-09-15,1,0.5,-0.12256269683360138,-24.512539366720276
24,1.25,20,0.2,2.0,0.55,48,2026-09-17,1,0.5,-0.11435524266781816,-22.87104853356363
24,1.25,20,0.2,2.0,0.55,48,2026-09-20,1,0.5,1.8445450470282558,368.90900940565115
24,1.25,20,0.2,2.0,0.55,96,2026-09-13,1,0.5,-0.1326091427016976,-26.52182854033952
24,1.25,20,0.2,2.0,0.55,96,2026-09-15,1,0.5,-0.12256269683360138,-24.512539366720276
24,1.25,20,0.2,2.0,0.55,96,2026-09-17,1,0.5,-0.11435524266781816,-22.87104853356363
24,1.25,20,0.2,2.0,0.55,96,2026-09-20,1,0.5,1.8445450470282558,368.90900940565115
24,1.25,20,0.3,1.5,0.4,12,2026-09-13,1,0.5,-0.19890640073705984,-39.78128014741197
24,1.25,20,0.3,1.5,0.4,12,2026-09-15,1,0.5,-0.1762109738883796,-35.24219477767592
24,1.25,20,0.3,1.5,0.4,12,2026-09-17,1,0.5,-0.13367588245669798,-26.735176491339598
24,1.25,20,0.3,1.5,0.4,12,2026-09-20,1,0.5,2.009366431030074,401.87328620601477
24,1.25,20,0.3,1.5,0.4,24,2026-09-13,1,0.5,-0.19890640073705984,-39.78128014741197
24,1.25,20,0.3,1.5,0.4,24,2026-09-15,1,0.5,-0.1762109738883796,-35.24219477767592
24,1.25,20,0.3,1.5,0.4,24,2026-09-17,1,0.5,0.0030478908907859426,0.6095781781571885
24,1.25,20,0.3,1.5,0.4,24,2026-09-20,1,0.5,2.009366431030074,401.87328620601477
24,1.25,20,0.3,1.5,0.4,48,2026-09-13,1,0.5,-0.19890640073705984,-39.78128014741197
24,1.25,20,0.3,1.5,0.4,48,2026-09-15,1,0.5,-0.1762109738883796,-35.24219477767592
24,1.25,20,0.3,1.5,0.4,48,2026-09-17,1,0.5,-0.4708955087810862,-94.17910175621724
24,1.25,20,0.3,1.5,0.4,48,2026-09-20,1,0.5,2.009366431030074,401.87328620601477
24,1.25,20,0.3,1.5,0.4,96,2026-09-13,1,0.5,-0.19890640073705984,-39.78128014741197
24,1.25,20,0.3,1.5,0.4,96,2026-09-15,1,0.5,-0.1762109738883796,-35.24219477767592
24,1.25,20,0.3,1.5,0.4,96,2026-09-17,1,0.5,-0.4708955087810862,-94.17910175621724
24,1.25,20,0.3,1.5,0.4,96,2026-09-20,1,0.5,2.009366431030074,401.87328620601477
24,1.25,20,0.3,1.5,0.55,12,2026-09-13,1,0.5,-0.19890640073705984,-39.78128014741197
24,1.25,20,0.3,1.5,0.55,12,2026-09-15,1,0.5,-0.1762109738883796,-35.24219477767592
24,1.25,20,0.3,1.5,0.55,12,2026-09-17,1,0.5,-0.13367588245669798,-26.735176491339598
24,1.25,20,0.3,1.5,0.55,12,2026-09-20,1,0.5,1.8445450470282558,368.90900940565115
24,1.25,20,0.3,1.5,0.55,24,2026-09-13,1,0.5,-0.19890640073705984,-39.78128014741197
24,1.25,20,0.3,1.5,0.55,24,2026-09-15,1,0.5,-0.1762109738883796,-35.24219477767592
24,1.25,20,0.3,1.5,0.55,24,2026-09-17,1,0.5,0.0030478908907859426,0.6095781781571885
24,1.25,20,0.3,1.5,0.55,24,2026-09-20,1,0.5,1.8445450470282558,368.90900940565115
24,1.25,20,0.3,1.5,0.55,48,2026-09-13,1,0.5,-0.19890640073705984,-39.78128014741197
24,1.25,20,0.3,1.5,0.55,48,2026-09-15,1,0.5,-0.1762109738883796,-35.24219477767592
24,1.25,20,0.3,1.5,0.55,48,2026-09-17,1,0.5,-0.4708955087810862,-94.17910175621724
24,1.25,20,0.3,1.5,0.55,48,2026-09-20,1,0.5,1.8445450470282558,368.90900940565115
24,1.25,20,0.3,1.5,0.55,96,2026-09-13,1,0.5,-0.19890640073705984,-39.78128014741197
24,1.25,20,0.3,1.5,0.55,96,2026-09-15,1,0.5,-0.1762109738883796,-35.24219477767592
24,1.25,20,0.3,1.5,0.55,96,2026-09-17,1,0.5,-0.4708955087810862,-94.17910175621724
24,1.25,20,0.3,1.5,0.55,96,2026-09-20,1,0.5,1.8445450470282558,368.90900940565115
24,1.25,20,0.3,2.0,0.4,12,2026-09-13,1,0.5,-0.19890640073705984,-39.78128014741197
24,1.25,20,0.3,2.0,0.4,12,2026-09-15,1,0.5,-0.1762109738883796,-35.24219477767592
24,1.25,20,0.3,2.0,0.4,12,2026-09-17,1,0.5,-0.13367588245669798,-26.735176491339598
24,1.25,20,0.3,2.0,0.4,12,2026-09-20,1,0.5,2.009366431030074,401.87328620601477
24,1.25,20,0.3,2.0,0.4,24,2026-09-13,1,0.5,-0.19890640073705984,-39.78128014741197
24,1.25,20,0.3,2.0,0.4,24,2026-09-15,1,0.5,-0.1762109738883796,-35.24219477767592
24,1.25,20,0.3,2.0,0.4,24,2026-09-17,1,0.5,0.0030478908907859426,0.6095781781571885
24,1.25,20,0.3,2.0,0.4,24,2026-09-20,1,0.5,2.009366431030074,401.87328620601477
24,1.25,20,0.3,2.0,0.4,48,2026-09-13,1,0.5,-0.19890640073705984,-39.78128014741197
24,1.25,20,0.3,2.0,0.4,48,2026-09-15,1,0.5,-0.1762109738883796,-35.24219477767592
24,1.25,20,0.3,2.0,0.4,48,2026-09-17,1,0.5,-0.4708955087810862,-94.17910175621724
24,1.25,20,0.3,2.0,0.4,48,2026-09-20,1,0.5,2.009366431030074,401.87328620601477
24,1.25,20,0.3,2.0,0.4,96,2026-09-13,1,0.5,-0.19890640073705984,-39.78128014741197
24,1.25,20,0.3,2.0,0.4,96,2026-09-15,1,0.5,-0.1762109738883796,-35.24219477767592
24,1.25,20,0.3,2.0,0.4,96,2026-09-17,1,0.5,-0.4708955087810862,-94.17910175621724
24,1.25,20,0.3,2.0,0.4,96,2026-09-20,1,0.5,2.009366431030074,401.87328620601477
24,1.25,20,0.3,2.0,0.55,12,2026-09-13,1,0.5,-0.19890640073705984,-39.78128014741197
24,1.25,20,0.3,2.0,0.55,12,2026-09-15,1,0.5,-0.1762109738883796,-35.24219477767592
24,1.25,20,0.3,2.0,0.55,12,2026-09-17,1,0.5,-0.13367588245669798,-26.735176491339598
24,1.25,20,0.3,2.0,0.55,12,2026-09-20,1,0.5,1.8445450470282558,368.90900940565115
24,1.25,20,0.3,2.0,0.55,24,2026-09-13,1,0.5,-0.19890640073705984,-39.78128014741197
24,1.25,20,0.3,2.0,0.55,24,2026-09-15,1,0.5,-0.1762109738883796,-35.24219477767592
24,1.25,20,0.3,2.0,0.55,24,2026-09-17,1,0.5,0.0030478908907859426,0.6095781781571885
24,1.25,20,0.3,2.0,0.55,24,2026-09-20,1,0.5,1.8445450470282558,368.90900940565115
24,1.25,20,0.3,2.0,0.55,48,2026-09-13,1,0.5,-0.19890640073705984,-39.78128014741197
24,1.25,20,0.3,2.0,0.55,48,2026-09-15,1,0.5,-0.1762109738883796,-35.24219477767592
24,1.25,20,0.3,2.0,0.55,48,2026-09-17,1,0.5,-0.4708955087810862,-94.17910175621724
24,1.25,20,0.3,2.0,0.55,48,2026-09-20,1,0.5,1.8445450470282558,368.90900940565115
24,1.25,20,0.3,2.0,0.55,96,2026-09-13,1,0.5,-0.19890640073705984,-39.78128014741197
24,1.25,20,0.3,2.0,0.55,96,2026-09-15,1,0.5,-0.1762109738883796,-35.24219477767592
24,1.25,20,0.3,2.0,0.55,96,2026-09-17,1,0.5,-0.4708955087810862,-94.17910175621724
24,1.25,20,0.3,2.0,0.55,96,2026-09-20,1,0.5,1.8445450470282558,368.90900940565115
24,1.5,1,0.2,1.5,0.4,12,2026-09-13,2,1.0,-0.24198804571748467,-24.198804571748468
24,1.5,1,0.2,1.5,0.4,12,2026-09-15,1,0.5,-0.12256269683360138,-24.512539366720276
24,1.5,1,0.2,1.5,0.4,12,2026-09-17,1,0.5,-0.11435524266781816,-22.87104853356363
24,1.5,1,0.2,1.5,0.4,12,2026-09-20,1,0.5,2.009366431030074,401.87328620601477
24,1.5,1,0.2,1.5,0.4,24,2026-09-13,2,1.0,-0.24198804571748467,-24.198804571748468
24,1.5,1,0.2,1.5,0.4,24,2026-09-15,1,0.5,-0.12256269683360138,-24.512539366720276
24,1.5,1,0.2,1.5,0.4,24,2026-09-17,1,0.5,-0.11435524266781816,-22.87104853356363
24,1.5,1,0.2,1.5,0.4,24,2026-09-20,1,0.5,2.009366431030074,401.87328620601477
24,1.5,1,0.2,1.5,0.4,48,2026-09-13,2,1.0,-0.24198804571748467,-24.198804571748468
24,1.5,1,0.2,1.5,0.4,48,2026-09-15,1,0.5,-0.12256269683360138,-24.512539366720276
24,1.5,1,0.2,1.5,0.4,48,2026-09-17,1,0.5,-0.11435524266781816,-22.87104853356363
24,1.5,1,0.2,1.5,0.4,48,2026-09-20,1,0.5,2.009366431030074,401.87328620601477
24,1.5,1,0.2,1.5,0.4,96,2026-09-13,2,1.0,-0.24198804571748467,-24.198804571748468
24,1.5,1,0.2,1.5,0.4,96,2026-09-15,1,0.5,-0.12256269683360138,-24.512539366720276
24,1.5,1,0.2,1.5,0.4,96,2026-09-17,1,0.5,-0.11435524266781816,-22.87104853356363
24,1.5,1,0.2,1.5,0.4,96,2026-09-20,1,0.5,2.009366431030074,401.87328620601477
24,1.5,1,0.2,1.5,0.55,12,2026-09-13,2,1.0,-0.24198804571748467,-24.198804571748468
24,1.5,1,0.2,1.5,0.55,12,2026-09-15,1,0.5,-0.12256269683360138,-24.512539366720276
24,1.5,1,0.2,1.5,0.55,12,2026-09-17,1,0.5,-0.11435524266781816,-22.87104853356363
24,1.5,1,0.2,1.5,0.55,12,2026-09-20,1,0.5,1.8445450470282558,368.90900940565115
24,1.5,1,0.2,1.5,0.55,24,2026-09-13,2,1.0,-0.24198804571748467,-24.198804571748468
24,1.5,1,0.2,1.5,0.55,24,2026-09-15,1,0.5,-0.12256269683360138,-24.512539366720276
24,1.5,1,0.2,1.5,0.55,24,2026-09-17,1,0.5,-0.11435524266781816,-22.87104853356363
24,1.5,1,0.2,1.5,0.55,24,2026-09-20,1,0.5,1.8445450470282558,368.90900940565115
24,1.5,1,0.2,1.5,0.55,48,2026-09-13,2,1.0,-0.24198804571748467,-24.198804571748468
24,1.5,1,0.2,1.5,0.55,48,2026-09-15,1,0.5,-0.12256269683360138,-24.512539366720276
24,1.5,1,0.2,1.5,0.55,48,2026-09-17,1,0.5,-0.11435524266781816,-22.87104853356363
24,1.5,1,0.2,1.5,0.55,48,2026-09-20,1,0.5,1.8445450470282558,368.90900940565115
24,1.5,1,0.2,1.5,0.55,96,2026-09-13,2,1.0,-0.24198804571748467,-24.198804571748468
24,1.5,1,0.2,1.5,0.55,96,2026-09-15,1,0.5,-0.12256269683360138,-24.512539366720276
24,1.5,1,0.2,1.5,0.55,96,2026-09-17,1,0.5,-0.11435524266781816,-22.87104853356363
24,1.5,1,0.2,1.5,0.55,96,2026-09-20,1,0.5,1.8445450470282558,368.90900940565115
24,1.5,1,0.2,2.0,0.4,12,2026-09-13,2,1.0,-0.24198804571748467,-24.198804571748468
24,1.5,1,0.2,2.0,0.4,12,2026-09-15,1,0.5,-0.12256269683360138,-24.512539366720276
24,1.5,1,0.2,2.0,0.4,12,2026-09-17,1,0.5,-0.11435524266781816,-22.87104853356363
24,1.5,1,0.2,2.0,0.4,12,2026-09-20,1,0.5,2.009366431030074,401.87328620601477
24,1.5,1,0.2,2.0,0.4,24,2026-09-13,2,1.0,-0.24198804571748467,-24.198804571748468
24,1.5,1,0.2,2.0,0.4,24,2026-09-15,1,0.5,-0.12256269683360138,-24.512539366720276
24,1.5,1,0.2,2.0,0.4,24,2026-09-17,1,0.5,-0.11435524266781816,-22.87104853356363
24,1.5,1,0.2,2.0,0.4,24,2026-09-20,1,0.5,2.009366431030074,401.87328620601477
24,1.5,1,0.2,2.0,0.4,48,2026-09-13,2,1.0,-0.24198804571748467,-24.198804571748468
24,1.5,1,0.2,2.0,0.4,48,2026-09-15,1,0.5,-0.12256269683360138,-24.512539366720276
24,1.5,1,0.2,2.0,0.4,48,2026-09-17,1,0.5,-0.11435524266781816,-22.87104853356363
24,1.5,1,0.2,2.0,0.4,48,2026-09-20,1,0.5,2.009366431030074,401.87328620601477
24,1.5,1,0.2,2.0,0.4,96,2026-09-13,2,1.0,-0.24198804571748467,-24.198804571748468
24,1.5,1,0.2,2.0,0.4,96,2026-09-15,1,0.5,-0.12256269683360138,-24.512539366720276
24,1.5,1,0.2,2.0,0.4,96,2026-09-17,1,0.5,-0.11435524266781816,-22.87104853356363
24,1.5,1,0.2,2.0,0.4,96,2026-09-20,1,0.5,2.009366431030074,401.87328620601477
24,1.5,1,0.2,2.0,0.55,12,2026-09-13,2,1.0,-0.24198804571748467,-24.198804571748468
24,1.5,1,0.2,2.0,0.55,12,2026-09-15,1,0.5,-0.12256269683360138,-24.512539366720276
24,1.5,1,0.2,2.0,0.55,12,2026-09-17,1,0.5,-0.11435524266781816,-22.87104853356363
24,1.5,1,0.2,2.0,0.55,12,2026-09-20,1,0.5,1.8445450470282558,368.90900940565115
24,1.5,1,0.2,2.0,0.55,24,2026-09-13,2,1.0,-0.24198804571748467,-24.198804571748468
24,1.5,1,0.2,2.0,0.55,24,2026-09-15,1,0.5,-0.12256269683360138,-24.512539366720276
24,1.5,1,0.2,2.0,0.55,24,2026-09-17,1,0.5,-0.11435524266781816,-22.87104853356363
24,1.5,1,0.2,2.0,0.55,24,2026-09-20,1,0.5,1.8445450470282558,368.90900940565115
24,1.5,1,0.2,2.0,0.55,48,2026-09-13,2,1.0,-0.24198804571748467,-24.198804571748468
24,1.5,1,0.2,2.0,0.55,48,2026-09-15,1,0.5,-0.12256269683360138,-24.512539366720276
24,1.5,1,0.2,2.0,0.55,48,2026-09-17,1,0.5,-0.11435524266781816,-22.87104853356363
24,1.5,1,0.2,2.0,0.55,48,2026-09-20,1,0.5,1.8445450470282558,368.90900940565115
24,1.5,1,0.2,2.0,0.55,96,2026-09-13,2,1.0,-0.24198804571748467,-24.198804571748468
24,1.5,1,0.2,2.0,0.55,96,2026-09-15,1,0.5,-0.12256269683360138,-24.512539366720276
24,1.5,1,0.2,2.0,0.55,96,2026-09-17,1,0.5,-0.11435524266781816,-22.87104853356363
24,1.5,1,0.2,2.0,0.55,96,2026-09-20,1,0.5,1.8445450470282558,368.90900940565115
24,1.5,1,0.3,1.5,0.4,12,2026-09-13,2,1.0,-0.21424389471692706,-21.424389471692706
24,1.5,1,0.3,1.5,0.4,12,2026-09-15,1,0.5,-0.1762109738883796,-35.24219477767592
24,1.5,1,0.3,1.5,0.4,12,2026-09-17,1,0.5,-0.13367588245669798,-26.735176491339598
24,1.5,1,0.3,1.5,0.4,12,2026-09-20,1,0.5,2.009366431030074,401.87328620601477
24,1.5,1,0.3,1.5,0.4,24,2026-09-13,2,1.0,-0.3559474824589549,-35.59474824589549
24,1.5,1,0.3,1.5,0.4,24,2026-09-15,1,0.5,-0.1762109738883796,-35.24219477767592
24,1.5,1,0.3,1.5,0.4,24,2026-09-17,1,0.5,0.0030478908907859426,0.6095781781571885
24,1.5,1,0.3,1.5,0.4,24,2026-09-20,1,0.5,2.009366431030074,401.87328620601477
24,1.5,1,0.3,1.5,0.4,48,2026-09-13,2,1.0,-0.3559474824589549,-35.59474824589549
24,1.5,1,0.3,1.5,0.4,48,2026-09-15,1,0.5,-0.1762109738883796,-35.24219477767592
24,1.5,1,0.3,1.5,0.4,48,2026-09-17,1,0.5,-0.4708955087810862,-94.17910175621724
24,1.5,1,0.3,1.5,0.4,48,2026-09-20,1,0.5,2.009366431030074,401.87328620601477
24,1.5,1,0.3,1.5,0.4,96,2026-09-13,2,1.0,-0.3559474824589549,-35.59474824589549
24,1.5,1,0.3,1.5,0.4,96,2026-09-15,1,0.5,-0.1762109738883796,-35.24219477767592
24,1.5,1,0.3,1.5,0.4,96,2026-09-17,1,0.5,-0.4708955087810862,-94.17910175621724
24,1.5,1,0.3,1.5,0.4,96,2026-09-20,1,0.5,2.009366431030074,401.87328620601477
24,1.5,1,0.3,1.5,0.55,12,2026-09-13,2,1.0,-0.21424389471692706,-21.424389471692706
24,1.5,1,0.3,1.5,0.55,12,2026-09-15,1,0.5,-0.1762109738883796,-35.24219477767592
24,1.5,1,0.3,1.5,0.55,12,2026-09-17,1,0.5,-0.13367588245669798,-26.735176491339598
24,1.5,1,0.3,1.5,0.55,12,2026-09-20,1,0.5,1.8445450470282558,368.90900940565115
24,1.5,1,0.3,1.5,0.55,24,2026-09-13,2,1.0,-0.3559474824589549,-35.59474824589549
24,1.5,1,0.3,1.5,0.55,24,2026-09-15,1,0.5,-0.1762109738883796,-35.24219477767592
24,1.5,1,0.3,1.5,0.55,24,2026-09-17,1,0.5,0.0030478908907859426,0.6095781781571885
24,1.5,1,0.3,1.5,0.55,24,2026-09-20,1,0.5,1.8445450470282558,368.90900940565115
24,1.5,1,0.3,1.5,0.55,48,2026-09-13,2,1.0,-0.3559474824589549,-35.59474824589549
24,1.5,1,0.3,1.5,0.55,48,2026-09-15,1,0.5,-0.1762109738883796,-35.24219477767592
24,1.5,1,0.3,1.5,0.55,48,2026-09-17,1,0.5,-0.4708955087810862,-94.17910175621724
24,1.5,1,0.3,1.5,0.55,48,2026-09-20,1,0.5,1.8445450470282558,368.90900940565115
24,1.5,1,0.3,1.5,0.55,96,2026-09-13,2,1.0,-0.3559474824589549,-35.59474824589549
24,1.5,1,0.3,1.5,0.55,96,2026-09-15,1,0.5,-0.1762109738883796,-35.24219477767592
24,1.5,1,0.3,1.5,0.55,96,2026-09-17,1,0.5,-0.4708955087810862,-94.17910175621724
24,1.5,1,0.3,1.5,0.55,96,2026-09-20,1,0.5,1.8445450470282558,368.90900940565115
24,1.5,1,0.3,2.0,0.4,12,2026-09-13,2,1.0,-0.21424389471692706,-21.424389471692706
24,1.5,1,0.3,2.0,0.4,12,2026-09-15,1,0.5,-0.1762109738883796,-35.24219477767592
24,1.5,1,0.3,2.0,0.4,12,2026-09-17,1,0.5,-0.13367588245669798,-26.735176491339598
24,1.5,1,0.3,2.0,0.4,12,2026-09-20,1,0.5,2.009366431030074,401.87328620601477
24,1.5,1,0.3,2.0,0.4,24,2026-09-13,2,1.0,-0.3559474824589549,-35.59474824589549
24,1.5,1,0.3,2.0,0.4,24,2026-09-15,1,0.5,-0.1762109738883796,-35.24219477767592
24,1.5,1,0.3,2.0,0.4,24,2026-09-17,1,0.5,0.0030478908907859426,0.6095781781571885
24,1.5,1,0.3,2.0,0.4,24,2026-09-20,1,0.5,2.009366431030074,401.87328620601477
24,1.5,1,0.3,2.0,0.4,48,2026-09-13,2,1.0,-0.3559474824589549,-35.59474824589549
24,1.5,1,0.3,2.0,0.4,48,2026-09-15,1,0.5,-0.1762109738883796,-35.24219477767592
24,1.5,1,0.3,2.0,0.4,48,2026-09-17,1,0.5,-0.4708955087810862,-94.17910175621724
24,1.5,1,0.3,2.0,0.4,48,2026-09-20,1,0.5,2.009366431030074,401.87328620601477
24,1.5,1,0.3,2.0,0.4,96,2026-09-13,2,1.0,-0.3559474824589549,-35.59474824589549
24,1.5,1,0.3,2.0,0.4,96,2026-09-15,1,0.5,-0.1762109738883796,-35.24219477767592
24,1.5,1,0.3,2.0,0.4,96,2026-09-17,1,0.5,-0.4708955087810862,-94.17910175621724
24,1.5,1,0.3,2.0,0.4,96,2026-09-20,1,0.5,2.009366431030074,401.87328620601477
24,1.5,1,0.3,2.0,0.55,12,2026-09-13,2,1.0,-0.21424389471692706,-21.424389471692706
24,1.5,1,0.3,2.0,0.55,12,2026-09-15,1,0.5,-0.1762109738883796,-35.24219477767592
24,1.5,1,0.3,2.0,0.55,12,2026-09-17,1,0.5,-0.13367588245669798,-26.735176491339598
24,1.5,1,0.3,2.0,0.55,12,2026-09-20,1,0.5,1.8445450470282558,368.90900940565115
24,1.5,1,0.3,2.0,0.55,24,2026-09-13,2,1.0,-0.3559474824589549,-35.59474824589549
24,1.5,1,0.3,2.0,0.55,24,2026-09-15,1,0.5,-0.1762109738883796,-35.24219477767592
24,1.5,1,0.3,2.0,0.55,24,2026-09-17,1,0.5,0.0030478908907859426,0.6095781781571885
24,1.5,1,0.3,2.0,0.55,24,2026-09-20,1,0.5,1.8445450470282558,368.90900940565115
24,1.5,1,0.3,2.0,0.55,48,2026-09-13,2,1.0,-0.3559474824589549,-35.59474824589549
24,1.5,1,0.3,2.0,0.55,48,2026-09-15,1,0.5,-0.1762109738883796,-35.24219477767592
24,1.5,1,0.3,2.0,0.55,48,2026-09-17,1,0.5,-0.4708955087810862,-94.17910175621724
24,1.5,1,0.3,2.0,0.55,48,2026-09-20,1,0.5,1.8445450470282558,368.90900940565115
24,1.5,1,0.3,2.0,0.55,96,2026-09-13,2,1.0,-0.3559474824589549,-35.59474824589549
24,1.5,1,0.3,2.0,0.55,96,2026-09-15,1,0.5,-0.1762109738883796,-35.24219477767592
24,1.5,1,0.3,2.0,0.55,96,2026-09-17,1,0.5,-0.4708955087810862,-94.17910175621724
24,1.5,1,0.3,2.0,0.55,96,2026-09-20,1,0.5,1.8445450470282558,368.90900940565115
24,1.5,5,0.2,1.5,0.4,12,2026-09-13,2,1.0,-0.24198804571748467,-24.198804571748468
24,1.5,5,0.2,1.5,0.4,12,2026-09-15,1,0.5,-0.12256269683360138,-24.512539366720276
24,1.5,5,0.2,1.5,0.4,12,2026-09-17,1,0.5,-0.11435524266781816,-22.87104853356363
24,1.5,5,0.2,1.5,0.4,12,2026-09-20,1,0.5,2.009366431030074,401.87328620601477
24,1.5,5,0.2,1.5,0.4,24,2026-09-13,2,1.0,-0.24198804571748467,-24.198804571748468
24,1.5,5,0.2,1.5,0.4,24,2026-09-15,1,0.5,-0.12256269683360138,-24.512539366720276
24,1.5,5,0.2,1.5,0.4,24,2026-09-17,1,0.5,-0.11435524266781816,-22.87104853356363
24,1.5,5,0.2,1.5,0.4,24,2026-09-20,1,0.5,2.009366431030074,401.87328620601477
24,1.5,5,0.2,1.5,0.4,48,2026-09-13,2,1.0,-0.24198804571748467,-24.198804571748468
24,1.5,5,0.2,1.5,0.4,48,2026-09-15,1,0.5,-0.12256269683360138,-24.512539366720276
24,1.5,5,0.2,1.5,0.4,48,2026-09-17,1,0.5,-0.11435524266781816,-22.87104853356363
24,1.5,5,0.2,1.5,0.4,48,2026-09-20,1,0.5,2.009366431030074,401.87328620601477
24,1.5,5,0.2,1.5,0.4,96,2026-09-13,2,1.0,-0.24198804571748467,-24.198804571748468
24,1.5,5,0.2,1.5,0.4,96,2026-09-15,1,0.5,-0.12256269683360138,-24.512539366720276
24,1.5,5,0.2,1.5,0.4,96,2026-09-17,1,0.5,-0.11435524266781816,-22.87104853356363
24,1.5,5,0.2,1.5,0.4,96,2026-09-20,1,0.5,2.009366431030074,401.87328620601477
24,1.5,5,0.2,1.5,0.55,12,2026-09-13,2,1.0,-0.24198804571748467,-24.198804571748468
24,1.5,5,0.2,1.5,0.55,12,2026-09-15,1,0.5,-0.12256269683360138,-24.512539366720276
24,1.5,5,0.2,1.5,0.55,12,2026-09-17,1,0.5,-0.11435524266781816,-22.87104853356363
24,1.5,5,0.2,1.5,0.55,12,2026-09-20,1,0.5,1.8445450470282558,368.90900940565115
24,1.5,5,0.2,1.5,0.55,24,2026-09-13,2,1.0,-0.24198804571748467,-24.198804571748468
24,1.5,5,0.2,1.5,0.55,24,2026-09-15,1,0.5,-0.12256269683360138,-24.512539366720276
24,1.5,5,0.2,1.5,0.55,24,2026-09-17,1,0.5,-0.11435524266781816,-22.87104853356363
24,1.5,5,0.2,1.5,0.55,24,2026-09-20,1,0.5,1.8445450470282558,368.90900940565115
24,1.5,5,0.2,1.5,0.55,48,2026-09-13,2,1.0,-0.24198804571748467,-24.198804571748468
24,1.5,5,0.2,1.5,0.55,48,2026-09-15,1,0.5,-0.12256269683360138,-24.512539366720276
24,1.5,5,0.2,1.5,0.55,48,2026-09-17,1,0.5,-0.11435524266781816,-22.87104853356363
24,1.5,5,0.2,1.5,0.55,48,2026-09-20,1,0.5,1.8445450470282558,368.90900940565115
24,1.5,5,0.2,1.5,0.55,96,2026-09-13,2,1.0,-0.24198804571748467,-24.198804571748468
24,1.5,5,0.2,1.5,0.55,96,2026-09-15,1,0.5,-0.12256269683360138,-24.512539366720276
24,1.5,5,0.2,1.5,0.55,96,2026-09-17,1,0.5,-0.11435524266781816,-22.87104853356363
24,1.5,5,0.2,1.5,0.55,96,2026-09-20,1,0.5,1.8445450470282558,368.90900940565115
24,1.5,5,0.2,2.0,0.4,12,2026-09-13,2,1.0,-0.24198804571748467,-24.198804571748468
24,1.5,5,0.2,2.0,0.4,12,2026-09-15,1,0.5,-0.12256269683360138,-24.512539366720276
24,1.5,5,0.2,2.0,0.4,12,2026-09-17,1,0.5,-0.11435524266781816,-22.87104853356363
24,1.5,5,0.2,2.0,0.4,12,2026-09-20,1,0.5,2.009366431030074,401.87328620601477
24,1.5,5,0.2,2.0,0.4,24,2026-09-13,2,1.0,-0.24198804571748467,-24.198804571748468
24,1.5,5,0.2,2.0,0.4,24,2026-09-15,1,0.5,-0.12256269683360138,-24.512539366720276
24,1.5,5,0.2,2.0,0.4,24,2026-09-17,1,0.5,-0.11435524266781816,-22.87104853356363
24,1.5,5,0.2,2.0,0.4,24,2026-09-20,1,0.5,2.009366431030074,401.87328620601477
24,1.5,5,0.2,2.0,0.4,48,2026-09-13,2,1.0,-0.24198804571748467,-24.198804571748468
24,1.5,5,0.2,2.0,0.4,48,2026-09-15,1,0.5,-0.12256269683360138,-24.512539366720276
24,1.5,5,0.2,2.0,0.4,48,2026-09-17,1,0.5,-0.11435524266781816,-22.87104853356363
24,1.5,5,0.2,2.0,0.4,48,2026-09-20,1,0.5,2.009366431030074,401.87328620601477
24,1.5,5,0.2,2.0,0.4,96,2026-09-13,2,1.0,-0.24198804571748467,-24.198804571748468
24,1.5,5,0.2,2.0,0.4,96,2026-09-15,1,0.5,-0.12256269683360138,-24.512539366720276
24,1.5,5,0.2,2.0,0.4,96,2026-09-17,1,0.5,-0.11435524266781816,-22.87104853356363
24,1.5,5,0.2,2.0,0.4,96,2026-09-20,1,0.5,2.009366431030074,401.87328620601477
24,1.5,5,0.2,2.0,0.55,12,2026-09-13,2,1.0,-0.24198804571748467,-24.198804571748468
24,1.5,5,0.2,2.0,0.55,12,2026-09-15,1,0.5,-0.12256269683360138,-24.512539366720276
24,1.5,5,0.2,2.0,0.55,12,2026-09-17,1,0.5,-0.11435524266781816,-22.87104853356363
24,1.5,5,0.2,2.0,0.55,12,2026-09-20,1,0.5,1.8445450470282558,368.90900940565115
24,1.5,5,0.2,2.0,0.55,24,2026-09-13,2,1.0,-0.24198804571748467,-24.198804571748468
24,1.5,5,0.2,2.0,0.55,24,2026-09-15,1,0.5,-0.12256269683360138,-24.512539366720276
24,1.5,5,0.2,2.0,0.55,24,2026-09-17,1,0.5,-0.11435524266781816,-22.87104853356363
24,1.5,5,0.2,2.0,0.55,24,2026-09-20,1,0.5,1.8445450470282558,368.90900940565115
24,1.5,5,0.2,2.0,0.55,48,2026-09-13,2,1.0,-0.24198804571748467,-24.198804571748468
24,1.5,5,0.2,2.0,0.55,48,2026-09-15,1,0.5,-0.12256269683360138,-24.512539366720276
24,1.5,5,0.2,2.0,0.55,48,2026-09-17,1,0.5,-0.11435524266781816,-22.87104853356363
24,1.5,5,0.2,2.0,0.55,48,2026-09-20,1,0.5,1.8445450470282558,368.90900940565115
24,1.5,5,0.2,2.0,0.55,96,2026-09-13,2,1.0,-0.24198804571748467,-24.198804571748468
24,1.5,5,0.2,2.0,0.55,96,2026-09-15,1,0.5,-0.12256269683360138,-24.512539366720276
24,1.5,5,0.2,2.0,0.55,96,2026-09-17,1,0.5,-0.11435524266781816,-22.87104853356363
24,1.5,5,0.2,2.0,0.55,96,2026-09-20,1,0.5,1.8445450470282558,368.90900940565115
24,1.5,5,0.3,1.5,0.4,12,2026-09-13,2,1.0,-0.21424389471692706,-21.424389471692706
24,1.5,5,0.3,1.5,0.4,12,2026-09-15,1,0.5,-0.1762109738883796,-35.24219477767592
24,1.5,5,0.3,1.5,0.4,12,2026-09-17,1,0.5,-0.13367588245669798,-26.735176491339598
24,1.5,5,0.3,1.5,0.4,12,2026-09-20,1,0.5,2.009366431030074,401.87328620601477
24,1.5,5,0.3,1.5,0.4,24,2026-09-13,2,1.0,-0.3559474824589549,-35.59474824589549
24,1.5,5,0.3,1.5,0.4,24,2026-09-15,1,0.5,-0.1762109738883796,-35.24219477767592
24,1.5,5,0.3,1.5,0.4,24,2026-09-17,1,0.5,0.0030478908907859426,0.6095781781571885
24,1.5,5,0.3,1.5,0.4,24,2026-09-20,1,0.5,2.009366431030074,401.87328620601477
24,1.5,5,0.3,1.5,0.4,48,2026-09-13,2,1.0,-0.3559474824589549,-35.59474824589549
24,1.5,5,0.3,1.5,0.4,48,2026-09-15,1,0.5,-0.1762109738883796,-35.24219477767592
24,1.5,5,0.3,1.5,0.4,48,2026-09-17,1,0.5,-0.4708955087810862,-94.17910175621724
24,1.5,5,0.3,1.5,0.4,48,2026-09-20,1,0.5,2.009366431030074,401.87328620601477
24,1.5,5,0.3,1.5,0.4,96,2026-09-13,2,1.0,-0.3559474824589549,-35.59474824589549
24,1.5,5,0.3,1.5,0.4,96,2026-09-15,1,0.5,-0.1762109738883796,-35.24219477767592
24,1.5,5,0.3,1.5,0.4,96,2026-09-17,1,0.5,-0.4708955087810862,-94.17910175621724
24,1.5,5,0.3,1.5,0.4,96,2026-09-20,1,0.5,2.009366431030074,401.87328620601477
24,1.5,5,0.3,1.5,0.55,12,2026-09-13,2,1.0,-0.21424389471692706,-21.424389471692706
24,1.5,5,0.3,1.5,0.55,12,2026-09-15,1,0.5,-0.1762109738883796,-35.24219477767592
24,1.5,5,0.3,1.5,0.55,12,2026-09-17,1,0.5,-0.13367588245669798,-26.735176491339598
24,1.5,5,0.3,1.5,0.55,12,2026-09-20,1,0.5,1.8445450470282558,368.90900940565115
24,1.5,5,0.3,1.5,0.55,24,2026-09-13,2,1.0,-0.3559474824589549,-35.59474824589549
24,1.5,5,0.3,1.5,0.55,24,2026-09-15,1,0.5,-0.1762109738883796,-35.24219477767592
24,1.5,5,0.3,1.5,0.55,24,2026-09-17,1,0.5,0.0030478908907859426,0.6095781781571885
24,1.5,5,0.3,1.5,0.55,24,2026-09-20,1,0.5,1.8445450470282558,368.90900940565115
24,1.5,5,0.3,1.5,0.55,48,2026-09-13,2,1.0,-0.3559474824589549,-35.59474824589549
24,1.5,5,0.3,1.5,0.55,48,2026-09-15,1,0.5,-0.1762109738883796,-35.24219477767592
24,1.5,5,0.3,1.5,0.55,48,2026-09-17,1,0.5,-0.4708955087810862,-94.17910175621724
24,1.5,5,0.3,1.5,0.55,48,2026-09-20,1,0.5,1.8445450470282558,368.90900940565115
24,1.5,5,0.3,1.5,0.55,96,2026-09-13,2,1.0,-0.3559474824589549,-35.59474824589549
24,1.5,5,0.3,1.5,0.55,96,2026-09-15,1,0.5,-0.1762109738883796,-35.24219477767592
24,1.5,5,0.3,1.5,0.55,96,2026-09-17,1,0.5,-0.4708955087810862,-94.17910175621724
24,1.5,5,0.3,1.5,0.55,96,2026-09-20,1,0.5,1.8445450470282558,368.90900940565115
24,1.5,5,0.3,2.0,0.4,12,2026-09-13,2,1.0,-0.21424389471692706,-21.424389471692706
24,1.5,5,0.3,2.0,0.4,12,2026-09-15,1,0.5,-0.1762109738883796,-35.24219477767592
24,1.5,5,0.3,2.0,0.4,12,2026-09-17,1,0.5,-0.13367588245669798,-26.735176491339598
24,1.5,5,0.3,2.0,0.4,12,2026-09-20,1,0.5,2.009366431030074,401.87328620601477
24,1.5,5,0.3,2.0,0.4,24,2026-09-13,2,1.0,-0.3559474824589549,-35.59474824589549
24,1.5,5,0.3,2.0,0.4,24,2026-09-15,1,0.5,-0.1762109738883796,-35.24219477767592
24,1.5,5,0.3,2.0,0.4,24,2026-09-17,1,0.5,0.0030478908907859426,0.6095781781571885
24,1.5,5,0.3,2.0,0.4,24,2026-09-20,1,0.5,2.009366431030074,401.87328620601477
24,1.5,5,0.3,2.0,0.4,48,2026-09-13,2,1.0,-0.3559474824589549,-35.59474824589549
24,1.5,5,0.3,2.0,0.4,48,2026-09-15,1,0.5,-0.1762109738883796,-35.24219477767592
24,1.5,5,0.3,2.0,0.4,48,2026-09-17,1,0.5,-0.4708955087810862,-94.17910175621724
24,1.5,5,0.3,2.0,0.4,48,2026-09-20,1,0.5,2.009366431030074,401.87328620601477
24,1.5,5,0.3,2.0,0.4,96,2026-09-13,2,1.0,-0.3559474824589549,-35.59474824589549
24,1.5,5,0.3,2.0,0.4,96,2026-09-15,1,0.5,-0.1762109738883796,-35.24219477767592
24,1.5,5,0.3,2.0,0.4,96,2026-09-17,1,0.5,-0.4708955087810862,-94.17910175621724
24,1.5,5,0.3,2.0,0.4,96,2026-09-20,1,0.5,2.009366431030074,401.87328620601477
24,1.5,5,0.3,2.0,0.55,12,2026-09-13,2,1.0,-0.21424389471692706,-21.424389471692706
24,1.5,5,0.3,2.0,0.55,12,2026-09-15,1,0.5,-0.1762109738883796,-35.24219477767592
24,1.5,5,0.3,2.0,0.55,12,2026-09-17,1,0.5,-0.13367588245669798,-26.735176491339598
24,1.5,5,0.3,2.0,0.55,12,2026-09-20,1,0.5,1.8445450470282558,368.90900940565115
24,1.5,5,0.3,2.0,0.55,24,2026-09-13,2,1.0,-0.3559474824589549,-35.59474824589549
24,1.5,5,0.3,2.0,0.55,24,2026-09-15,1,0.5,-0.1762109738883796,-35.24219477767592
24,1.5,5,0.3,2.0,0.55,24,2026-09-17,1,0.5,0.0030478908907859426,0.6095781781571885
24,1.5,5,0.3,2.0,0.55,24,2026-09-20,1,0.5,1.8445450470282558,368.90900940565115
24,1.5,5,0.3,2.0,0.55,48,2026-09-13,2,1.0,-0.3559474824589549,-35.59474824589549
24,1.5,5,0.3,2.0,0.55,48,2026-09-15,1,0.5,-0.1762109738883796,-35.24219477767592
24,1.5,5,0.3,2.0,0.55,48,2026-09-17,1,0.5,-0.4708955087810862,-94.17910175621724
24,1.5,5,0.3,2.0,0.55,48,2026-09-20,1,0.5,1.8445450470282558,368.90900940565115
24,1.5,5,0.3,2.0,0.55,96,2026-09-13,2,1.0,-0.3559474824589549,-35.59474824589549
24,1.5,5,0.3,2.0,0.55,96,2026-09-15,1,0.5,-0.1762109738883796,-35.24219477767592
24,1.5,5,0.3,2.0,0.55,96,2026-09-17,1,0.5,-0.4708955087810862,-94.17910175621724
24,1.5,5,0.3,2.0,0.55,96,2026-09-20,1,0.5,1.8445450470282558,368.90900940565115
24,1.5,20,0.2,1.5,0.4,12,2026-09-13,1,0.5,-0.1326091427016976,-26.52182854033952
24,1.5,20,0.2,1.5,0.4,12,2026-09-15,1,0.5,-0.12256269683360138,-24.512539366720276
24,1.5,20,0.2,1.5,0.4,12,2026-09-17,1,0.5,-0.11435524266781816,-22.87104853356363
24,1.5,20,0.2,1.5,0.4,12,2026-09-20,1,0.5,2.009366431030074,401.87328620601477
24,1.5,20,0.2,1.5,0.4,24,2026-09-13,1,0.5,-0.1326091427016976,-26.52182854033952
24,1.5,20,0.2,1.5,0.4,24,2026-09-15,1,0.5,-0.12256269683360138,-24.512539366720276
24,1.5,20,0.2,1.5,0.4,24,2026-09-17,1,0.5,-0.11435524266781816,-22.87104853356363
24,1.5,20,0.2,1.5,0.4,24,2026-09-20,1,0.5,2.009366431030074,401.87328620601477
24,1.5,20,0.2,1.5,0.4,48,2026-09-13,1,0.5,-0.1326091427016976,-26.52182854033952
24,1.5,20,0.2,1.5,0.4,48,2026-09-15,1,0.5,-0.12256269683360138,-24.512539366720276
24,1.5,20,0.2,1.5,0.4,48,2026-09-17,1,0.5,-0.11435524266781816,-22.87104853356363
24,1.5,20,0.2,1.5,0.4,48,2026-09-20,1,0.5,2.009366431030074,401.87328620601477
24,1.5,20,0.2,1.5,0.4,96,2026-09-13,1,0.5,-0.1326091427016976,-26.52182854033952
24,1.5,20,0.2,1.5,0.4,96,2026-09-15,1,0.5,-0.12256269683360138,-24.512539366720276
24,1.5,20,0.2,1.5,0.4,96,2026-09-17,1,0.5,-0.11435524266781816,-22.87104853356363
24,1.5,20,0.2,1.5,0.4,96,2026-09-20,1,0.5,2.009366431030074,401.87328620601477
24,1.5,20,0.2,1.5,0.55,12,2026-09-13,1,0.5,-0.1326091427016976,-26.52182854033952
24,1.5,20,0.2,1.5,0.55,12,2026-09-15,1,0.5,-0.12256269683360138,-24.512539366720276
24,1.5,20,0.2,1.5,0.55,12,2026-09-17,1,0.5,-0.11435524266781816,-22.87104853356363
24,1.5,20,0.2,1.5,0.55,12,2026-09-20,1,0.5,1.8445450470282558,368.90900940565115
24,1.5,20,0.2,1.5,0.55,24,2026-09-13,1,0.5,-0.1326091427016976,-26.52182854033952
24,1.5,20,0.2,1.5,0.55,24,2026-09-15,1,0.5,-0.12256269683360138,-24.512539366720276
24,1.5,20,0.2,1.5,0.55,24,2026-09-17,1,0.5,-0.11435524266781816,-22.87104853356363
24,1.5,20,0.2,1.5,0.55,24,2026-09-20,1,0.5,1.8445450470282558,368.90900940565115
24,1.5,20,0.2,1.5,0.55,48,2026-09-13,1,0.5,-0.1326091427016976,-26.52182854033952
24,1.5,20,0.2,1.5,0.55,48,2026-09-15,1,0.5,-0.12256269683360138,-24.512539366720276
24,1.5,20,0.2,1.5,0.55,48,2026-09-17,1,0.5,-0.11435524266781816,-22.87104853356363
24,1.5,20,0.2,1.5,0.55,48,2026-09-20,1,0.5,1.8445450470282558,368.90900940565115
24,1.5,20,0.2,1.5,0.55,96,2026-09-13,1,0.5,-0.1326091427016976,-26.52182854033952
24,1.5,20,0.2,1.5,0.55,96,2026-09-15,1,0.5,-0.12256269683360138,-24.512539366720276
24,1.5,20,0.2,1.5,0.55,96,2026-09-17,1,0.5,-0.11435524266781816,-22.87104853356363
24,1.5,20,0.2,1.5,0.55,96,2026-09-20,1,0.5,1.8445450470282558,368.90900940565115
24,1.5,20,0.2,2.0,0.4,12,2026-09-13,1,0.5,-0.1326091427016976,-26.52182854033952
24,1.5,20,0.2,2.0,0.4,12,2026-09-15,1,0.5,-0.12256269683360138,-24.512539366720276
24,1.5,20,0.2,2.0,0.4,12,2026-09-17,1,0.5,-0.11435524266781816,-22.87104853356363
24,1.5,20,0.2,2.0,0.4,12,2026-09-20,1,0.5,2.009366431030074,401.87328620601477
24,1.5,20,0.2,2.0,0.4,24,2026-09-13,1,0.5,-0.1326091427016976,-26.52182854033952
24,1.5,20,0.2,2.0,0.4,24,2026-09-15,1,0.5,-0.12256269683360138,-24.512539366720276
24,1.5,20,0.2,2.0,0.4,24,2026-09-17,1,0.5,-0.11435524266781816,-22.87104853356363
24,1.5,20,0.2,2.0,0.4,24,2026-09-20,1,0.5,2.009366431030074,401.87328620601477
24,1.5,20,0.2,2.0,0.4,48,2026-09-13,1,0.5,-0.1326091427016976,-26.52182854033952
24,1.5,20,0.2,2.0,0.4,48,2026-09-15,1,0.5,-0.12256269683360138,-24.512539366720276
24,1.5,20,0.2,2.0,0.4,48,2026-09-17,1,0.5,-0.11435524266781816,-22.87104853356363
24,1.5,20,0.2,2.0,0.4,48,2026-09-20,1,0.5,2.009366431030074,401.87328620601477
24,1.5,20,0.2,2.0,0.4,96,2026-09-13,1,0.5,-0.1326091427016976,-26.52182854033952
24,1.5,20,0.2,2.0,0.4,96,2026-09-15,1,0.5,-0.12256269683360138,-24.512539366720276
24,1.5,20,0.2,2.0,0.4,96,2026-09-17,1,0.5,-0.11435524266781816,-22.87104853356363
24,1.5,20,0.2,2.0,0.4,96,2026-09-20,1,0.5,2.009366431030074,401.87328620601477
24,1.5,20,0.2,2.0,0.55,12,2026-09-13,1,0.5,-0.1326091427016976,-26.52182854033952
24,1.5,20,0.2,2.0,0.55,12,2026-09-15,1,0.5,-0.12256269683360138,-24.512539366720276
24,1.5,20,0.2,2.0,0.55,12,2026-09-17,1,0.5,-0.11435524266781816,-22.87104853356363
24,1.5,20,0.2,2.0,0.55,12,2026-09-20,1,0.5,1.8445450470282558,368.90900940565115
24,1.5,20,0.2,2.0,0.55,24,2026-09-13,1,0.5,-0.1326091427016976,-26.52182854033952
24,1.5,20,0.2,2.0,0.55,24,2026-09-15,1,0.5,-0.12256269683360138,-24.512539366720276
24,1.5,20,0.2,2.0,0.55,24,2026-09-17,1,0.5,-0.11435524266781816,-22.87104853356363
24,1.5,20,0.2,2.0,0.55,24,2026-09-20,1,0.5,1.8445450470282558,368.90900940565115
24,1.5,20,0.2,2.0,0.55,48,2026-09-13,1,0.5,-0.1326091427016976,-26.52182854033952
24,1.5,20,0.2,2.0,0.55,48,2026-09-15,1,0.5,-0.12256269683360138,-24.512539366720276
24,1.5,20,0.2,2.0,0.55,48,2026-09-17,1,0.5,-0.11435524266781816,-22.87104853356363
24,1.5,20,0.2,2.0,0.55,48,2026-09-20,1,0.5,1.8445450470282558,368.90900940565115
24,1.5,20,0.2,2.0,0.55,96,2026-09-13,1,0.5,-0.1326091427016976,-26.52182854033952
24,1.5,20,0.2,2.0,0.55,96,2026-09-15,1,0.5,-0.12256269683360138,-24.512539366720276
24,1.5,20,0.2,2.0,0.55,96,2026-09-17,1,0.5,-0.11435524266781816,-22.87104853356363
24,1.5,20,0.2,2.0,0.55,96,2026-09-20,1,0.5,1.8445450470282558,368.90900940565115
24,1.5,20,0.3,1.5,0.4,12,2026-09-13,1,0.5,-0.19890640073705984,-39.78128014741197
24,1.5,20,0.3,1.5,0.4,12,2026-09-15,1,0.5,-0.1762109738883796,-35.24219477767592
24,1.5,20,0.3,1.5,0.4,12,2026-09-17,1,0.5,-0.13367588245669798,-26.735176491339598
24,1.5,20,0.3,1.5,0.4,12,2026-09-20,1,0.5,2.009366431030074,401.87328620601477
24,1.5,20,0.3,1.5,0.4,24,2026-09-13,1,0.5,-0.19890640073705984,-39.78128014741197
24,1.5,20,0.3,1.5,0.4,24,2026-09-15,1,0.5,-0.1762109738883796,-35.24219477767592
24,1.5,20,0.3,1.5,0.4,24,2026-09-17,1,0.5,0.0030478908907859426,0.6095781781571885
24,1.5,20,0.3,1.5,0.4,24,2026-09-20,1,0.5,2.009366431030074,401.87328620601477
24,1.5,20,0.3,1.5,0.4,48,2026-09-13,1,0.5,-0.19890640073705984,-39.78128014741197
24,1.5,20,0.3,1.5,0.4,48,2026-09-15,1,0.5,-0.1762109738883796,-35.24219477767592
24,1.5,20,0.3,1.5,0.4,48,2026-09-17,1,0.5,-0.4708955087810862,-94.17910175621724
24,1.5,20,0.3,1.5,0.4,48,2026-09-20,1,0.5,2.009366431030074,401.87328620601477
24,1.5,20,0.3,1.5,0.4,96,2026-09-13,1,0.5,-0.19890640073705984,-39.78128014741197
24,1.5,20,0.3,1.5,0.4,96,2026-09-15,1,0.5,-0.1762109738883796,-35.24219477767592
24,1.5,20,0.3,1.5,0.4,96,2026-09-17,1,0.5,-0.4708955087810862,-94.17910175621724
24,1.5,20,0.3,1.5,0.4,96,2026-09-20,1,0.5,2.009366431030074,401.87328620601477
24,1.5,20,0.3,1.5,0.55,12,2026-09-13,1,0.5,-0.19890640073705984,-39.78128014741197
24,1.5,20,0.3,1.5,0.55,12,2026-09-15,1,0.5,-0.1762109738883796,-35.24219477767592
24,1.5,20,0.3,1.5,0.55,12,2026-09-17,1,0.5,-0.13367588245669798,-26.735176491339598
24,1.5,20,0.3,1.5,0.55,12,2026-09-20,1,0.5,1.8445450470282558,368.90900940565115
24,1.5,20,0.3,1.5,0.55,24,2026-09-13,1,0.5,-0.19890640073705984,-39.78128014741197
24,1.5,20,0.3,1.5,0.55,24,2026-09-15,1,0.5,-0.1762109738883796,-35.24219477767592
24,1.5,20,0.3,1.5,0.55,24,2026-09-17,1,0.5,0.0030478908907859426,0.6095781781571885
24,1.5,20,0.3,1.5,0.55,24,2026-09-20,1,0.5,1.8445450470282558,368.90900940565115
24,1.5,20,0.3,1.5,0.55,48,2026-09-13,1,0.5,-0.19890640073705984,-39.78128014741197
24,1.5,20,0.3,1.5,0.55,48,2026-09-15,1,0.5,-0.1762109738883796,-35.24219477767592
24,1.5,20,0.3,1.5,0.55,48,2026-09-17,1,0.5,-0.4708955087810862,-94.17910175621724
24,1.5,20,0.3,1.5,0.55,48,2026-09-20,1,0.5,1.8445450470282558,368.90900940565115
24,1.5,20,0.3,1.5,0.55,96,2026-09-13,1,0.5,-0.19890640073705984,-39.78128014741197
24,1.5,20,0.3,1.5,0.55,96,2026-09-15,1,0.5,-0.1762109738883796,-35.24219477767592
24,1.5,20,0.3,1.5,0.55,96,2026-09-17,1,0.5,-0.4708955087810862,-94.17910175621724
24,1.5,20,0.3,1.5,0.55,96,2026-09-20,1,0.5,1.8445450470282558,368.90900940565115
24,1.5,20,0.3,2.0,0.4,12,2026-09-13,1,0.5,-0.19890640073705984,-39.78128014741197
24,1.5,20,0.3,2.0,0.4,12,2026-09-15,1,0.5,-0.1762109738883796,-35.24219477767592
24,1.5,20,0.3,2.0,0.4,12,2026-09-17,1,0.5,-0.13367588245669798,-26.735176491339598
24,1.5,20,0.3,2.0,0.4,12,2026-09-20,1,0.5,2.009366431030074,401.87328620601477
24,1.5,20,0.3,2.0,0.4,24,2026-09-13,1,0.5,-0.19890640073705984,-39.78128014741197
24,1.5,20,0.3,2.0,0.4,24,2026-09-15,1,0.5,-0.1762109738883796,-35.24219477767592
24,1.5,20,0.3,2.0,0.4,24,2026-09-17,1,0.5,0.0030478908907859426,0.6095781781571885
24,1.5,20,0.3,2.0,0.4,24,2026-09-20,1,0.5,2.009366431030074,401.87328620601477
24,1.5,20,0.3,2.0,0.4,48,2026-09-13,1,0.5,-0.19890640073705984,-39.78128014741197
24,1.5,20,0.3,2.0,0.4,48,2026-09-15,1,0.5,-0.1762109738883796,-35.24219477767592
24,1.5,20,0.3,2.0,0.4,48,2026-09-17,1,0.5,-0.4708955087810862,-94.17910175621724
24,1.5,20,0.3,2.0,0.4,48,2026-09-20,1,0.5,2.009366431030074,401.87328620601477
24,1.5,20,0.3,2.0,0.4,96,2026-09-13,1,0.5,-0.19890640073705984,-39.78128014741197
24,1.5,20,0.3,2.0,0.4,96,2026-09-15,1,0.5,-0.1762109738883796,-35.24219477767592
24,1.5,20,0.3,2.0,0.4,96,2026-09-17,1,0.5,-0.4708955087810862,-94.17910175621724
24,1.5,20,0.3,2.0,0.4,96,2026-09-20,1,0.5,2.009366431030074,401.87328620601477
24,1.5,20,0.3,2.0,0.55,12,2026-09-13,1,0.5,-0.19890640073705984,-39.78128014741197
24,1.5,20,0.3,2.0,0.55,12,2026-09-15,1,0.5,-0.1762109738883796,-35.24219477767592
24,1.5,20,0.3,2.0,0.55,12,2026-09-17,1,0.5,-0.13367588245669798,-26.735176491339598
24,1.5,20,0.3,2.0,0.55,12,2026-09-20,1,0.5,1.8445450470282558,368.90900940565115
24,1.5,20,0.3,2.0,0.55,24,2026-09-13,1,0.5,-0.19890640073705984,-39.78128014741197
24,1.5,20,0.3,2.0,0.55,24,2026-09-15,1,0.5,-0.1762109738883796,-35.24219477767592
24,1.5,20,0.3,2.0,0.55,24,2026-09-17,1,0.5,0.0030478908907859426,0.6095781781571885
24,1.5,20,0.3,2.0,0.55,24,2026-09-20,1,0.5,1.8445450470282558,368.90900940565115
24,1.5,20,0.3,2.0,0.55,48,2026-09-13,1,0.5,-0.19890640073705984,-39.78128014741197
24,1.5,20,0.3,2.0,0.55,48,2026-09-15,1,0.5,-0.1762109738883796,-35.24219477767592
24,1.5,20,0.3,2.0,0.55,48,2026-09-17,1,0.5,-0.4708955087810862,-94.17910175621724
24,1.5,20,0.3,2.0,0.55,48,2026-09-20,1,0.5,1.8445450470282558,368.90900940565115
24,1.5,20,0.3,2.0,0.55,96,2026-09-13,1,0.5,-0.19890640073705984,-39.78128014741197
24,1.5,20,0.3,2.0,0.55,96,2026-09-15,1,0.5,-0.1762109738883796,-35.24219477767592
24,1.5,20,0.3,2.0,0.55,96,2026-09-17,1,0.5,-0.4708955087810862,-94.17910175621724
24,1.5,20,0.3,2.0,0.55,96,2026-09-20,1,0.5,1.8445450470282558,368.90900940565115
24,2.0,1,0.2,1.5,0.4,12,2026-09-13,1,0.5,-0.1326091427016976,-26.52182854033952
24,2.0,1,0.2,1.5,0.4,12,2026-09-15,1,0.5,-0.12256269683360138,-24.512539366720276
24,2.0,1,0.2,1.5,0.4,12,2026-09-17,1,0.5,-0.11435524266781816,-22.87104853356363
24,2.0,1,0.2,1.5,0.4,12,2026-09-20,1,0.5,2.009366431030074,401.87328620601477
24,2.0,1,0.2,1.5,0.4,24,2026-09-13,1,0.5,-0.1326091427016976,-26.52182854033952
24,2.0,1,0.2,1.5,0.4,24,2026-09-15,1,0.5,-0.12256269683360138,-24.512539366720276
24,2.0,1,0.2,1.5,0.4,24,2026-09-17,1,0.5,-0.11435524266781816,-22.87104853356363
24,2.0,1,0.2,1.5,0.4,24,2026-09-20,1,0.5,2.009366431030074,401.87328620601477
24,2.0,1,0.2,1.5,0.4,48,2026-09-13,1,0.5,-0.1326091427016976,-26.52182854033952
24,2.0,1,0.2,1.5,0.4,48,2026-09-15,1,0.5,-0.12256269683360138,-24.512539366720276
24,2.0,1,0.2,1.5,0.4,48,2026-09-17,1,0.5,-0.11435524266781816,-22.87104853356363
24,2.0,1,0.2,1.5,0.4,48,2026-09-20,1,0.5,2.009366431030074,401.87328620601477
24,2.0,1,0.2,1.5,0.4,96,2026-09-13,1,0.5,-0.1326091427016976,-26.52182854033952
24,2.0,1,0.2,1.5,0.4,96,2026-09-15,1,0.5,-0.12256269683360138,-24.512539366720276
24,2.0,1,0.2,1.5,0.4,96,2026-09-17,1,0.5,-0.11435524266781816,-22.87104853356363
24,2.0,1,0.2,1.5,0.4,96,2026-09-20,1,0.5,2.009366431030074,401.87328620601477
24,2.0,1,0.2,1.5,0.55,12,2026-09-13,1,0.5,-0.1326091427016976,-26.52182854033952
24,2.0,1,0.2,1.5,0.55,12,2026-09-15,1,0.5,-0.12256269683360138,-24.512539366720276
24,2.0,1,0.2,1.5,0.55,12,2026-09-17,1,0.5,-0.11435524266781816,-22.87104853356363
24,2.0,1,0.2,1.5,0.55,12,2026-09-20,1,0.5,1.8445450470282558,368.90900940565115
24,2.0,1,0.2,1.5,0.55,24,2026-09-13,1,0.5,-0.1326091427016976,-26.52182854033952
24,2.0,1,0.2,1.5,0.55,24,2026-09-15,1,0.5,-0.12256269683360138,-24.512539366720276
24,2.0,1,0.2,1.5,0.55,24,2026-09-17,1,0.5,-0.11435524266781816,-22.87104853356363
24,2.0,1,0.2,1.5,0.55,24,2026-09-20,1,0.5,1.8445450470282558,368.90900940565115
24,2.0,1,0.2,1.5,0.55,48,2026-09-13,1,0.5,-0.1326091427016976,-26.52182854033952
24,2.0,1,0.2,1.5,0.55,48,2026-09-15,1,0.5,-0.12256269683360138,-24.512539366720276
24,2.0,1,0.2,1.5,0.55,48,2026-09-17,1,0.5,-0.11435524266781816,-22.87104853356363
24,2.0,1,0.2,1.5,0.55,48,2026-09-20,1,0.5,1.8445450470282558,368.90900940565115
24,2.0,1,0.2,1.5,0.55,96,2026-09-13,1,0.5,-0.1326091427016976,-26.52182854033952
24,2.0,1,0.2,1.5,0.55,96,2026-09-15,1,0.5,-0.12256269683360138,-24.512539366720276
24,2.0,1,0.2,1.5,0.55,96,2026-09-17,1,0.5,-0.11435524266781816,-22.87104853356363
24,2.0,1,0.2,1.5,0.55,96,2026-09-20,1,0.5,1.8445450470282558,368.90900940565115
24,2.0,1,0.2,2.0,0.4,12,2026-09-13,1,0.5,-0.1326091427016976,-26.52182854033952
24,2.0,1,0.2,2.0,0.4,12,2026-09-15,1,0.5,-0.12256269683360138,-24.512539366720276
24,2.0,1,0.2,2.0,0.4,12,2026-09-17,1,0.5,-0.11435524266781816,-22.87104853356363
24,2.0,1,0.2,2.0,0.4,12,2026-09-20,1,0.5,2.009366431030074,401.87328620601477
24,2.0,1,0.2,2.0,0.4,24,2026-09-13,1,0.5,-0.1326091427016976,-26.52182854033952
24,2.0,1,0.2,2.0,0.4,24,2026-09-15,1,0.5,-0.12256269683360138,-24.512539366720276
24,2.0,1,0.2,2.0,0.4,24,2026-09-17,1,0.5,-0.11435524266781816,-22.87104853356363
24,2.0,1,0.2,2.0,0.4,24,2026-09-20,1,0.5,2.009366431030074,401.87328620601477
24,2.0,1,0.2,2.0,0.4,48,2026-09-13,1,0.5,-0.1326091427016976,-26.52182854033952
24,2.0,1,0.2,2.0,0.4,48,2026-09-15,1,0.5,-0.12256269683360138,-24.512539366720276
24,2.0,1,0.2,2.0,0.4,48,2026-09-17,1,0.5,-0.11435524266781816,-22.87104853356363
24,2.0,1,0.2,2.0,0.4,48,2026-09-20,1,0.5,2.009366431030074,401.87328620601477
24,2.0,1,0.2,2.0,0.4,96,2026-09-13,1,0.5,-0.1326091427016976,-26.52182854033952
24,2.0,1,0.2,2.0,0.4,96,2026-09-15,1,0.5,-0.12256269683360138,-24.512539366720276
24,2.0,1,0.2,2.0,0.4,96,2026-09-17,1,0.5,-0.11435524266781816,-22.87104853356363
24,2.0,1,0.2,2.0,0.4,96,2026-09-20,1,0.5,2.009366431030074,401.87328620601477
24,2.0,1,0.2,2.0,0.55,12,2026-09-13,1,0.5,-0.1326091427016976,-26.52182854033952
24,2.0,1,0.2,2.0,0.55,12,2026-09-15,1,0.5,-0.12256269683360138,-24.512539366720276
24,2.0,1,0.2,2.0,0.55,12,2026-09-17,1,0.5,-0.11435524266781816,-22.87104853356363
24,2.0,1,0.2,2.0,0.55,12,2026-09-20,1,0.5,1.8445450470282558,368.90900940565115
24,2.0,1,0.2,2.0,0.55,24,2026-09-13,1,0.5,-0.1326091427016976,-26.52182854033952
24,2.0,1,0.2,2.0,0.55,24,2026-09-15,1,0.5,-0.12256269683360138,-24.512539366720276
24,2.0,1,0.2,2.0,0.55,24,2026-09-17,1,0.5,-0.11435524266781816,-22.87104853356363
24,2.0,1,0.2,2.0,0.55,24,2026-09-20,1,0.5,1.8445450470282558,368.90900940565115
24,2.0,1,0.2,2.0,0.55,48,2026-09-13,1,0.5,-0.1326091427016976,-26.52182854033952
24,2.0,1,0.2,2.0,0.55,48,2026-09-15,1,0.5,-0.12256269683360138,-24.512539366720276
24,2.0,1,0.2,2.0,0.55,48,2026-09-17,1,0.5,-0.11435524266781816,-22.87104853356363
24,2.0,1,0.2,2.0,0.55,48,2026-09-20,1,0.5,1.8445450470282558,368.90900940565115
24,2.0,1,0.2,2.0,0.55,96,2026-09-13,1,0.5,-0.1326091427016976,-26.52182854033952
24,2.0,1,0.2,2.0,0.55,96,2026-09-15,1,0.5,-0.12256269683360138,-24.512539366720276
24,2.0,1,0.2,2.0,0.55,96,2026-09-17,1,0.5,-0.11435524266781816,-22.87104853356363
24,2.0,1,0.2,2.0,0.55,96,2026-09-20,1,0.5,1.8445450470282558,368.90900940565115
24,2.0,1,0.3,1.5,0.4,12,2026-09-13,1,0.5,-0.19890640073705984,-39.78128014741197
24,2.0,1,0.3,1.5,0.4,12,2026-09-15,1,0.5,-0.1762109738883796,-35.24219477767592
24,2.0,1,0.3,1.5,0.4,12,2026-09-17,1,0.5,-0.13367588245669798,-26.735176491339598
24,2.0,1,0.3,1.5,0.4,12,2026-09-20,1,0.5,2.009366431030074,401.87328620601477
24,2.0,1,0.3,1.5,0.4,24,2026-09-13,1,0.5,-0.19890640073705984,-39.78128014741197
24,2.0,1,0.3,1.5,0.4,24,2026-09-15,1,0.5,-0.1762109738883796,-35.24219477767592
24,2.0,1,0.3,1.5,0.4,24,2026-09-17,1,0.5,0.0030478908907859426,0.6095781781571885
24,2.0,1,0.3,1.5,0.4,24,2026-09-20,1,0.5,2.009366431030074,401.87328620601477
24,2.0,1,0.3,1.5,0.4,48,2026-09-13,1,0.5,-0.19890640073705984,-39.78128014741197
24,2.0,1,0.3,1.5,0.4,48,2026-09-15,1,0.5,-0.1762109738883796,-35.24219477767592
24,2.0,1,0.3,1.5,0.4,48,2026-09-17,1,0.5,-0.4708955087810862,-94.17910175621724
24,2.0,1,0.3,1.5,0.4,48,2026-09-20,1,0.5,2.009366431030074,401.87328620601477
24,2.0,1,0.3,1.5,0.4,96,2026-09-13,1,0.5,-0.19890640073705984,-39.78128014741197
24,2.0,1,0.3,1.5,0.4,96,2026-09-15,1,0.5,-0.1762109738883796,-35.24219477767592
24,2.0,1,0.3,1.5,0.4,96,2026-09-17,1,0.5,-0.4708955087810862,-94.17910175621724
24,2.0,1,0.3,1.5,0.4,96,2026-09-20,1,0.5,2.009366431030074,401.87328620601477
24,2.0,1,0.3,1.5,0.55,12,2026-09-13,1,0.5,-0.19890640073705984,-39.78128014741197
24,2.0,1,0.3,1.5,0.55,12,2026-09-15,1,0.5,-0.1762109738883796,-35.24219477767592
24,2.0,1,0.3,1.5,0.55,12,2026-09-17,1,0.5,-0.13367588245669798,-26.735176491339598
24,2.0,1,0.3,1.5,0.55,12,2026-09-20,1,0.5,1.8445450470282558,368.90900940565115
24,2.0,1,0.3,1.5,0.55,24,2026-09-13,1,0.5,-0.19890640073705984,-39.78128014741197
24,2.0,1,0.3,1.5,0.55,24,2026-09-15,1,0.5,-0.1762109738883796,-35.24219477767592
24,2.0,1,0.3,1.5,0.55,24,2026-09-17,1,0.5,0.0030478908907859426,0.6095781781571885
24,2.0,1,0.3,1.5,0.55,24,2026-09-20,1,0.5,1.8445450470282558,368.90900940565115
24,2.0,1,0.3,1.5,0.55,48,2026-09-13,1,0.5,-0.19890640073705984,-39.78128014741197
24,2.0,1,0.3,1.5,0.55,48,2026-09-15,1,0.5,-0.1762109738883796,-35.24219477767592
24,2.0,1,0.3,1.5,0.55,48,2026-09-17,1,0.5,-0.4708955087810862,-94.17910175621724
24,2.0,1,0.3,1.5,0.55,48,2026-09-20,1,0.5,1.8445450470282558,368.90900940565115
24,2.0,1,0.3,1.5,0.55,96,2026-09-13,1,0.5,-0.19890640073705984,-39.78128014741197
24,2.0,1,0.3,1.5,0.55,96,2026-09-15,1,0.5,-0.1762109738883796,-35.24219477767592
24,2.0,1,0.3,1.5,0.55,96,2026-09-17,1,0.5,-0.4708955087810862,-94.17910175621724
24,2.0,1,0.3,1.5,0.55,96,2026-09-20,1,0.5,1.8445450470282558,368.90900940565115
24,2.0,1,0.3,2.0,0.4,12,2026-09-13,1,0.5,-0.19890640073705984,-39.78128014741197
24,2.0,1,0.3,2.0,0.4,12,2026-09-15,1,0.5,-0.1762109738883796,-35.24219477767592
24,2.0,1,0.3,2.0,0.4,12,2026-09-17,1,0.5,-0.13367588245669798,-26.735176491339598
24,2.0,1,0.3,2.0,0.4,12,2026-09-20,1,0.5,2.009366431030074,401.87328620601477
24,2.0,1,0.3,2.0,0.4,24,2026-09-13,1,0.5,-0.19890640073705984,-39.78128014741197
24,2.0,1,0.3,2.0,0.4,24,2026-09-15,1,0.5,-0.1762109738883796,-35.24219477767592
24,2.0,1,0.3,2.0,0.4,24,2026-09-17,1,0.5,0.0030478908907859426,0.6095781781571885
24,2.0,1,0.3,2.0,0.4,24,2026-09-20,1,0.5,2.009366431030074,401.87328620601477
24,2.0,1,0.3,2.0,0.4,48,2026-09-13,1,0.5,-0.19890640073705984,-39.78128014741197
24,2.0,1,0.3,2.0,0.4,48,2026-09-15,1,0.5,-0.1762109738883796,-35.24219477767592
24,2.0,1,0.3,2.0,0.4,48,2026-09-17,1,0.5,-0.4708955087810862,-94.17910175621724
24,2.0,1,0.3,2.0,0.4,48,2026-09-20,1,0.5,2.009366431030074,401.87328620601477
24,2.0,1,0.3,2.0,0.4,96,2026-09-13,1,0.5,-0.19890640073705984,-39.78128014741197
24,2.0,1,0.3,2.0,0.4,96,2026-09-15,1,0.5,-0.1762109738883796,-35.24219477767592
24,2.0,1,0.3,2.0,0.4,96,2026-09-17,1,0.5,-0.4708955087810862,-94.17910175621724
24,2.0,1,0.3,2.0,0.4,96,2026-09-20,1,0.5,2.009366431030074,401.87328620601477
24,2.0,1,0.3,2.0,0.55,12,2026-09-13,1,0.5,-0.19890640073705984,-39.78128014741197
24,2.0,1,0.3,2.0,0.55,12,2026-09-15,1,0.5,-0.1762109738883796,-35.24219477767592
24,2.0,1,0.3,2.0,0.55,12,2026-09-17,1,0.5,-0.13367588245669798,-26.735176491339598
24,2.0,1,0.3,2.0,0.55,12,2026-09-20,1,0.5,1.8445450470282558,368.90900940565115
24,2.0,1,0.3,2.0,0.55,24,2026-09-13,1,0.5,-0.19890640073705984,-39.78128014741197
24,2.0,1,0.3,2.0,0.55,24,2026-09-15,1,0.5,-0.1762109738883796,-35.24219477767592
24,2.0,1,0.3,2.0,0.55,24,2026-09-17,1,0.5,0.0030478908907859426,0.6095781781571885
24,2.0,1,0.3,2.0,0.55,24,2026-09-20,1,0.5,1.8445450470282558,368.90900940565115
24,2.0,1,0.3,2.0,0.55,48,2026-09-13,1,0.5,-0.19890640073705984,-39.78128014741197
24,2.0,1,0.3,2.0,0.55,48,2026-09-15,1,0.5,-0.1762109738883796,-35.24219477767592
24,2.0,1,0.3,2.0,0.55,48,2026-09-17,1,0.5,-0.4708955087810862,-94.17910175621724
24,2.0,1,0.3,2.0,0.55,48,2026-09-20,1,0.5,1.8445450470282558,368.90900940565115
24,2.0,1,0.3,2.0,0.55,96,2026-09-13,1,0.5,-0.19890640073705984,-39.78128014741197
24,2.0,1,0.3,2.0,0.55,96,2026-09-15,1,0.5,-0.1762109738883796,-35.24219477767592
24,2.0,1,0.3,2.0,0.55,96,2026-09-17,1,0.5,-0.4708955087810862,-94.17910175621724
24,2.0,1,0.3,2.0,0.55,96,2026-09-20,1,0.5,1.8445450470282558,368.90900940565115
24,2.0,5,0.2,1.5,0.4,12,2026-09-13,1,0.5,-0.1326091427016976,-26.52182854033952
24,2.0,5,0.2,1.5,0.4,12,2026-09-15,1,0.5,-0.12256269683360138,-24.512539366720276
24,2.0,5,0.2,1.5,0.4,12,2026-09-17,1,0.5,-0.11435524266781816,-22.87104853356363
24,2.0,5,0.2,1.5,0.4,12,2026-09-20,1,0.5,2.009366431030074,401.87328620601477
24,2.0,5,0.2,1.5,0.4,24,2026-09-13,1,0.5,-0.1326091427016976,-26.52182854033952
24,2.0,5,0.2,1.5,0.4,24,2026-09-15,1,0.5,-0.12256269683360138,-24.512539366720276
24,2.0,5,0.2,1.5,0.4,24,2026-09-17,1,0.5,-0.11435524266781816,-22.87104853356363
24,2.0,5,0.2,1.5,0.4,24,2026-09-20,1,0.5,2.009366431030074,401.87328620601477
24,2.0,5,0.2,1.5,0.4,48,2026-09-13,1,0.5,-0.1326091427016976,-26.52182854033952
24,2.0,5,0.2,1.5,0.4,48,2026-09-15,1,0.5,-0.12256269683360138,-24.512539366720276
24,2.0,5,0.2,1.5,0.4,48,2026-09-17,1,0.5,-0.11435524266781816,-22.87104853356363
24,2.0,5,0.2,1.5,0.4,48,2026-09-20,1,0.5,2.009366431030074,401.87328620601477
24,2.0,5,0.2,1.5,0.4,96,2026-09-13,1,0.5,-0.1326091427016976,-26.52182854033952
24,2.0,5,0.2,1.5,0.4,96,2026-09-15,1,0.5,-0.12256269683360138,-24.512539366720276
24,2.0,5,0.2,1.5,0.4,96,2026-09-17,1,0.5,-0.11435524266781816,-22.87104853356363
24,2.0,5,0.2,1.5,0.4,96,2026-09-20,1,0.5,2.009366431030074,401.87328620601477
24,2.0,5,0.2,1.5,0.55,12,2026-09-13,1,0.5,-0.1326091427016976,-26.52182854033952
24,2.0,5,0.2,1.5,0.55,12,2026-09-15,1,0.5,-0.12256269683360138,-24.512539366720276
24,2.0,5,0.2,1.5,0.55,12,2026-09-17,1,0.5,-0.11435524266781816,-22.87104853356363
24,2.0,5,0.2,1.5,0.55,12,2026-09-20,1,0.5,1.8445450470282558,368.90900940565115
24,2.0,5,0.2,1.5,0.55,24,2026-09-13,1,0.5,-0.1326091427016976,-26.52182854033952
24,2.0,5,0.2,1.5,0.55,24,2026-09-15,1,0.5,-0.12256269683360138,-24.512539366720276
24,2.0,5,0.2,1.5,0.55,24,2026-09-17,1,0.5,-0.11435524266781816,-22.87104853356363
24,2.0,5,0.2,1.5,0.55,24,2026-09-20,1,0.5,1.8445450470282558,368.90900940565115
24,2.0,5,0.2,1.5,0.55,48,2026-09-13,1,0.5,-0.1326091427016976,-26.52182854033952
24,2.0,5,0.2,1.5,0.55,48,2026-09-15,1,0.5,-0.12256269683360138,-24.512539366720276
24,2.0,5,0.2,1.5,0.55,48,2026-09-17,1,0.5,-0.11435524266781816,-22.87104853356363
24,2.0,5,0.2,1.5,0.55,48,2026-09-20,1,0.5,1.8445450470282558,368.90900940565115
24,2.0,5,0.2,1.5,0.55,96,2026-09-13,1,0.5,-0.1326091427016976,-26.52182854033952
24,2.0,5,0.2,1.5,0.55,96,2026-09-15,1,0.5,-0.12256269683360138,-24.512539366720276
24,2.0,5,0.2,1.5,0.55,96,2026-09-17,1,0.5,-0.11435524266781816,-22.87104853356363
24,2.0,5,0.2,1.5,0.55,96,2026-09-20,1,0.5,1.8445450470282558,368.90900940565115
24,2.0,5,0.2,2.0,0.4,12,2026-09-13,1,0.5,-0.1326091427016976,-26.52182854033952
24,2.0,5,0.2,2.0,0.4,12,2026-09-15,1,0.5,-0.12256269683360138,-24.512539366720276
24,2.0,5,0.2,2.0,0.4,12,2026-09-17,1,0.5,-0.11435524266781816,-22.87104853356363
24,2.0,5,0.2,2.0,0.4,12,2026-09-20,1,0.5,2.009366431030074,401.87328620601477
24,2.0,5,0.2,2.0,0.4,24,2026-09-13,1,0.5,-0.1326091427016976,-26.52182854033952
24,2.0,5,0.2,2.0,0.4,24,2026-09-15,1,0.5,-0.12256269683360138,-24.512539366720276
24,2.0,5,0.2,2.0,0.4,24,2026-09-17,1,0.5,-0.11435524266781816,-22.87104853356363
24,2.0,5,0.2,2.0,0.4,24,2026-09-20,1,0.5,2.009366431030074,401.87328620601477
24,2.0,5,0.2,2.0,0.4,48,2026-09-13,1,0.5,-0.1326091427016976,-26.52182854033952
24,2.0,5,0.2,2.0,0.4,48,2026-09-15,1,0.5,-0.12256269683360138,-24.512539366720276
24,2.0,5,0.2,2.0,0.4,48,2026-09-17,1,0.5,-0.11435524266781816,-22.87104853356363
24,2.0,5,0.2,2.0,0.4,48,2026-09-20,1,0.5,2.009366431030074,401.87328620601477
24,2.0,5,0.2,2.0,0.4,96,2026-09-13,1,0.5,-0.1326091427016976,-26.52182854033952
24,2.0,5,0.2,2.0,0.4,96,2026-09-15,1,0.5,-0.12256269683360138,-24.512539366720276
24,2.0,5,0.2,2.0,0.4,96,2026-09-17,1,0.5,-0.11435524266781816,-22.87104853356363
24,2.0,5,0.2,2.0,0.4,96,2026-09-20,1,0.5,2.009366431030074,401.87328620601477
24,2.0,5,0.2,2.0,0.55,12,2026-09-13,1,0.5,-0.1326091427016976,-26.52182854033952
24,2.0,5,0.2,2.0,0.55,12,2026-09-15,1,0.5,-0.12256269683360138,-24.512539366720276
24,2.0,5,0.2,2.0,0.55,12,2026-09-17,1,0.5,-0.11435524266781816,-22.87104853356363
24,2.0,5,0.2,2.0,0.55,12,2026-09-20,1,0.5,1.8445450470282558,368.90900940565115
24,2.0,5,0.2,2.0,0.55,24,2026-09-13,1,0.5,-0.1326091427016976,-26.52182854033952
24,2.0,5,0.2,2.0,0.55,24,2026-09-15,1,0.5,-0.12256269683360138,-24.512539366720276
24,2.0,5,0.2,2.0,0.55,24,2026-09-17,1,0.5,-0.11435524266781816,-22.87104853356363
24,2.0,5,0.2,2.0,0.55,24,2026-09-20,1,0.5,1.8445450470282558,368.90900940565115
24,2.0,5,0.2,2.0,0.55,48,2026-09-13,1,0.5,-0.1326091427016976,-26.52182854033952
24,2.0,5,0.2,2.0,0.55,48,2026-09-15,1,0.5,-0.12256269683360138,-24.512539366720276
24,2.0,5,0.2,2.0,0.55,48,2026-09-17,1,0.5,-0.11435524266781816,-22.87104853356363
24,2.0,5,0.2,2.0,0.55,48,2026-09-20,1,0.5,1.8445450470282558,368.90900940565115
24,2.0,5,0.2,2.0,0.55,96,2026-09-13,1,0.5,-0.1326091427016976,-26.52182854033952
24,2.0,5,0.2,2.0,0.55,96,2026-09-15,1,0.5,-0.12256269683360138,-24.512539366720276
24,2.0,5,0.2,2.0,0.55,96,2026-09-17,1,0.5,-0.11435524266781816,-22.87104853356363
24,2.0,5,0.2,2.0,0.55,96,2026-09-20,1,0.5,1.8445450470282558,368.90900940565115
24,2.0,5,0.3,1.5,0.4,12,2026-09-13,1,0.5,-0.19890640073705984,-39.78128014741197
24,2.0,5,0.3,1.5,0.4,12,2026-09-15,1,0.5,-0.1762109738883796,-35.24219477767592
24,2.0,5,0.3,1.5,0.4,12,2026-09-17,1,0.5,-0.13367588245669798,-26.735176491339598
24,2.0,5,0.3,1.5,0.4,12,2026-09-20,1,0.5,2.009366431030074,401.87328620601477
24,2.0,5,0.3,1.5,0.4,24,2026-09-13,1,0.5,-0.19890640073705984,-39.78128014741197
24,2.0,5,0.3,1.5,0.4,24,2026-09-15,1,0.5,-0.1762109738883796,-35.24219477767592
24,2.0,5,0.3,1.5,0.4,24,2026-09-17,1,0.5,0.0030478908907859426,0.6095781781571885
24,2.0,5,0.3,1.5,0.4,24,2026-09-20,1,0.5,2.009366431030074,401.87328620601477
24,2.0,5,0.3,1.5,0.4,48,2026-09-13,1,0.5,-0.19890640073705984,-39.78128014741197
24,2.0,5,0.3,1.5,0.4,48,2026-09-15,1,0.5,-0.1762109738883796,-35.24219477767592
24,2.0,5,0.3,1.5,0.4,48,2026-09-17,1,0.5,-0.4708955087810862,-94.17910175621724
24,2.0,5,0.3,1.5,0.4,48,2026-09-20,1,0.5,2.009366431030074,401.87328620601477
24,2.0,5,0.3,1.5,0.4,96,2026-09-13,1,0.5,-0.19890640073705984,-39.78128014741197
24,2.0,5,0.3,1.5,0.4,96,2026-09-15,1,0.5,-0.1762109738883796,-35.24219477767592
24,2.0,5,0.3,1.5,0.4,96,2026-09-17,1,0.5,-0.4708955087810862,-94.17910175621724
24,2.0,5,0.3,1.5,0.4,96,2026-09-20,1,0.5,2.009366431030074,401.87328620601477
24,2.0,5,0.3,1.5,0.55,12,2026-09-13,1,0.5,-0.19890640073705984,-39.78128014741197
24,2.0,5,0.3,1.5,0.55,12,2026-09-15,1,0.5,-0.1762109738883796,-35.24219477767592
24,2.0,5,0.3,1.5,0.55,12,2026-09-17,1,0.5,-0.13367588245669798,-26.735176491339598
24,2.0,5,0.3,1.5,0.55,12,2026-09-20,1,0.5,1.8445450470282558,368.90900940565115
24,2.0,5,0.3,1.5,0.55,24,2026-09-13,1,0.5,-0.19890640073705984,-39.78128014741197
24,2.0,5,0.3,1.5,0.55,24,2026-09-15,1,0.5,-0.1762109738883796,-35.24219477767592
24,2.0,5,0.3,1.5,0.55,24,2026-09-17,1,0.5,0.0030478908907859426,0.6095781781571885
24,2.0,5,0.3,1.5,0.55,24,2026-09-20,1,0.5,1.8445450470282558,368.90900940565115
24,2.0,5,0.3,1.5,0.55,48,2026-09-13,1,0.5,-0.19890640073705984,-39.78128014741197
24,2.0,5,0.3,1.5,0.55,48,2026-09-15,1,0.5,-0.1762109738883796,-35.24219477767592
24,2.0,5,0.3,1.5,0.55,48,2026-09-17,1,0.5,-0.4708955087810862,-94.17910175621724
24,2.0,5,0.3,1.5,0.55,48,2026-09-20,1,0.5,1.8445450470282558,368.90900940565115
24,2.0,5,0.3,1.5,0.55,96,2026-09-13,1,0.5,-0.19890640073705984,-39.78128014741197
24,2.0,5,0.3,1.5,0.55,96,2026-09-15,1,0.5,-0.1762109738883796,-35.24219477767592
24,2.0,5,0.3,1.5,0.55,96,2026-09-17,1,0.5,-0.4708955087810862,-94.17910175621724
24,2.0,5,0.3,1.5,0.55,96,2026-09-20,1,0.5,1.8445450470282558,368.90900940565115
24,2.0,5,0.3,2.0,0.4,12,2026-09-13,1,0.5,-0.19890640073705984,-39.78128014741197
24,2.0,5,0.3,2.0,0.4,12,2026-09-15,1,0.5,-0.1762109738883796,-35.24219477767592
24,2.0,5,0.3,2.0,0.4,12,2026-09-17,1,0.5,-0.13367588245669798,-26.735176491339598
24,2.0,5,0.3,2.0,0.4,12,2026-09-20,1,0.5,2.009366431030074,401.87328620601477
24,2.0,5,0.3,2.0,0.4,24,2026-09-13,1,0.5,-0.19890640073705984,-39.78128014741197
24,2.0,5,0.3,2.0,0.4,24,2026-09-15,1,0.5,-0.1762109738883796,-35.24219477767592
24,2.0,5,0.3,2.0,0.4,24,2026-09-17,1,0.5,0.0030478908907859426,0.6095781781571885
24,2.0,5,0.3,2.0,0.4,24,2026-09-20,1,0.5,2.009366431030074,401.87328620601477
24,2.0,5,0.3,2.0,0.4,48,2026-09-13,1,0.5,-0.19890640073705984,-39.78128014741197
24,2.0,5,0.3,2.0,0.4,48,2026-09-15,1,0.5,-0.1762109738883796,-35.24219477767592
24,2.0,5,0.3,2.0,0.4,48,2026-09-17,1,0.5,-0.4708955087810862,-94.17910175621724
24,2.0,5,0.3,2.0,0.4,48,2026-09-20,1,0.5,2.009366431030074,401.87328620601477
24,2.0,5,0.3,2.0,0.4,96,2026-09-13,1,0.5,-0.19890640073705984,-39.78128014741197
24,2.0,5,0.3,2.0,0.4,96,2026-09-15,1,0.5,-0.1762109738883796,-35.24219477767592
24,2.0,5,0.3,2.0,0.4,96,2026-09-17,1,0.5,-0.4708955087810862,-94.17910175621724
24,2.0,5,0.3,2.0,0.4,96,2026-09-20,1,0.5,2.009366431030074,401.87328620601477
24,2.0,5,0.3,2.0,0.55,12,2026-09-13,1,0.5,-0.19890640073705984,-39.78128014741197
24,2.0,5,0.3,2.0,0.55,12,2026-09-15,1,0.5,-0.1762109738883796,-35.24219477767592
24,2.0,5,0.3,2.0,0.55,12,2026-09-17,1,0.5,-0.13367588245669798,-26.735176491339598
24,2.0,5,0.3,2.0,0.55,12,2026-09-20,1,0.5,1.8445450470282558,368.90900940565115
24,2.0,5,0.3,2.0,0.55,24,2026-09-13,1,0.5,-0.19890640073705984,-39.78128014741197
24,2.0,5,0.3,2.0,0.55,24,2026-09-15,1,0.5,-0.1762109738883796,-35.24219477767592
24,2.0,5,0.3,2.0,0.55,24,2026-09-17,1,0.5,0.0030478908907859426,0.6095781781571885
24,2.0,5,0.3,2.0,0.55,24,2026-09-20,1,0.5,1.8445450470282558,368.90900940565115
24,2.0,5,0.3,2.0,0.55,48,2026-09-13,1,0.5,-0.19890640073705984,-39.78128014741197
24,2.0,5,0.3,2.0,0.55,48,2026-09-15,1,0.5,-0.1762109738883796,-35.24219477767592
24,2.0,5,0.3,2.0,0.55,48,2026-09-17,1,0.5,-0.4708955087810862,-94.17910175621724
24,2.0,5,0.3,2.0,0.55,48,2026-09-20,1,0.5,1.8445450470282558,368.90900940565115
24,2.0,5,0.3,2.0,0.55,96,2026-09-13,1,0.5,-0.19890640073705984,-39.78128014741197
24,2.0,5,0.3,2.0,0.55,96,2026-09-15,1,0.5,-0.1762109738883796,-35.24219477767592
24,2.0,5,0.3,2.0,0.55,96,2026-09-17,1,0.5,-0.4708955087810862,-94.17910175621724
24,2.0,5,0.3,2.0,0.55,96,2026-09-20,1,0.5,1.8445450470282558,368.90900940565115
24,2.0,20,0.2,1.5,0.4,12,2026-09-13,1,0.5,-0.1326091427016976,-26.52182854033952
24,2.0,20,0.2,1.5,0.4,12,2026-09-15,1,0.5,-0.12256269683360138,-24.512539366720276
24,2.0,20,0.2,1.5,0.4,12,2026-09-17,1,0.5,-0.11435524266781816,-22.87104853356363
24,2.0,20,0.2,1.5,0.4,12,2026-09-20,1,0.5,2.009366431030074,401.87328620601477
24,2.0,20,0.2,1.5,0.4,24,2026-09-13,1,0.5,-0.1326091427016976,-26.52182854033952
24,2.0,20,0.2,1.5,0.4,24,2026-09-15,1,0.5,-0.12256269683360138,-24.512539366720276
24,2.0,20,0.2,1.5,0.4,24,2026-09-17,1,0.5,-0.11435524266781816,-22.87104853356363
24,2.0,20,0.2,1.5,0.4,24,2026-09-20,1,0.5,2.009366431030074,401.87328620601477
24,2.0,20,0.2,1.5,0.4,48,2026-09-13,1,0.5,-0.1326091427016976,-26.52182854033952
24,2.0,20,0.2,1.5,0.4,48,2026-09-15,1,0.5,-0.12256269683360138,-24.512539366720276
24,2.0,20,0.2,1.5,0.4,48,2026-09-17,1,0.5,-0.11435524266781816,-22.87104853356363
24,2.0,20,0.2,1.5,0.4,48,2026-09-20,1,0.5,2.009366431030074,401.87328620601477
24,2.0,20,0.2,1.5,0.4,96,2026-09-13,1,0.5,-0.1326091427016976,-26.52182854033952
24,2.0,20,0.2,1.5,0.4,96,2026-09-15,1,0.5,-0.12256269683360138,-24.512539366720276
24,2.0,20,0.2,1.5,0.4,96,2026-09-17,1,0.5,-0.11435524266781816,-22.87104853356363
24,2.0,20,0.2,1.5,0.4,96,2026-09-20,1,0.5,2.009366431030074,401.87328620601477
24,2.0,20,0.2,1.5,0.55,12,2026-09-13,1,0.5,-0.1326091427016976,-26.52182854033952
24,2.0,20,0.2,1.5,0.55,12,2026-09-15,1,0.5,-0.12256269683360138,-24.512539366720276
24,2.0,20,0.2,1.5,0.55,12,2026-09-17,1,0.5,-0.11435524266781816,-22.87104853356363
24,2.0,20,0.2,1.5,0.55,12,2026-09-20,1,0.5,1.8445450470282558,368.90900940565115
24,2.0,20,0.2,1.5,0.55,24,2026-09-13,1,0.5,-0.1326091427016976,-26.52182854033952
24,2.0,20,0.2,1.5,0.55,24,2026-09-15,1,0.5,-0.12256269683360138,-24.512539366720276
24,2.0,20,0.2,1.5,0.55,24,2026-09-17,1,0.5,-0.11435524266781816,-22.87104853356363
24,2.0,20,0.2,1.5,0.55,24,2026-09-20,1,0.5,1.8445450470282558,368.90900940565115
24,2.0,20,0.2,1.5,0.55,48,2026-09-13,1,0.5,-0.1326091427016976,-26.52182854033952
24,2.0,20,0.2,1.5,0.55,48,2026-09-15,1,0.5,-0.12256269683360138,-24.512539366720276
24,2.0,20,0.2,1.5,0.55,48,2026-09-17,1,0.5,-0.11435524266781816,-22.87104853356363
24,2.0,20,0.2,1.5,0.55,48,2026-09-20,1,0.5,1.8445450470282558,368.90900940565115
24,2.0,20,0.2,1.5,0.55,96,2026-09-13,1,0.5,-0.1326091427016976,-26.52182854033952
24,2.0,20,0.2,1.5,0.55,96,2026-09-15,1,0.5,-0.12256269683360138,-24.512539366720276
24,2.0,20,0.2,1.5,0.55,96,2026-09-17,1,0.5,-0.11435524266781816,-22.87104853356363
24,2.0,20,0.2,1.5,0.55,96,2026-09-20,1,0.5,1.8445450470282558,368.90900940565115
24,2.0,20,0.2,2.0,0.4,12,2026-09-13,1,0.5,-0.1326091427016976,-26.52182854033952
24,2.0,20,0.2,2.0,0.4,12,2026-09-15,1,0.5,-0.12256269683360138,-24.512539366720276
24,2.0,20,0.2,2.0,0.4,12,2026-09-17,1,0.5,-0.11435524266781816,-22.87104853356363
24,2.0,20,0.2,2.0,0.4,12,2026-09-20,1,0.5,2.009366431030074,401.87328620601477
24,2.0,20,0.2,2.0,0.4,24,2026-09-13,1,0.5,-0.1326091427016976,-26.52182854033952
24,2.0,20,0.2,2.0,0.4,24,2026-09-15,1,0.5,-0.12256269683360138,-24.512539366720276
24,2.0,20,0.2,2.0,0.4,24,2026-09-17,1,0.5,-0.11435524266781816,-22.87104853356363
24,2.0,20,0.2,2.0,0.4,24,2026-09-20,1,0.5,2.009366431030074,401.87328620601477
24,2.0,20,0.2,2.0,0.4,48,2026-09-13,1,0.5,-0.1326091427016976,-26.52182854033952
24,2.0,20,0.2,2.0,0.4,48,2026-09-15,1,0.5,-0.12256269683360138,-24.512539366720276
24,2.0,20,0.2,2.0,0.4,48,2026-09-17,1,0.5,-0.11435524266781816,-22.87104853356363
24,2.0,20,0.2,2.0,0.4,48,2026-09-20,1,0.5,2.009366431030074,401.87328620601477
24,2.0,20,0.2,2.0,0.4,96,2026-09-13,1,0.5,-0.1326091427016976,-26.52182854033952
24,2.0,20,0.2,2.0,0.4,96,2026-09-15,1,0.5,-0.12256269683360138,-24.512539366720276
24,2.0,20,0.2,2.0,0.4,96,2026-09-17,1,0.5,-0.11435524266781816,-22.87104853356363
24,2.0,20,0.2,2.0,0.4,96,2026-09-20,1,0.5,2.009366431030074,401.87328620601477
24,2.0,20,0.2,2.0,0.55,12,2026-09-13,1,0.5,-0.1326091427016976,-26.52182854033952
24,2.0,20,0.2,2.0,0.55,12,2026-09-15,1,0.5,-0.12256269683360138,-24.512539366720276
24,2.0,20,0.2,2.0,0.55,12,2026-09-17,1,0.5,-0.11435524266781816,-22.87104853356363
24,2.0,20,0.2,2.0,0.55,12,2026-09-20,1,0.5,1.8445450470282558,368.90900940565115
24,2.0,20,0.2,2.0,0.55,24,2026-09-13,1,0.5,-0.1326091427016976,-26.52182854033952
24,2.0,20,0.2,2.0,0.55,24,2026-09-15,1,0.5,-0.12256269683360138,-24.512539366720276
24,2.0,20,0.2,2.0,0.55,24,2026-09-17,1,0.5,-0.11435524266781816,-22.87104853356363
24,2.0,20,0.2,2.0,0.55,24,2026-09-20,1,0.5,1.8445450470282558,368.90900940565115
24,2.0,20,0.2,2.0,0.55,48,2026-09-13,1,0.5,-0.1326091427016976,-26.52182854033952
24,2.0,20,0.2,2.0,0.55,48,2026-09-15,1,0.5,-0.12256269683360138,-24.512539366720276
24,2.0,20,0.2,2.0,0.55,48,2026-09-17,1,0.5,-0.11435524266781816,-22.87104853356363
24,2.0,20,0.2,2.0,0.55,48,2026-09-20,1,0.5,1.8445450470282558,368.90900940565115
24,2.0,20,0.2,2.0,0.55,96,2026-09-13,1,0.5,-0.1326091427016976,-26.52182854033952
24,2.0,20,0.2,2.0,0.55,96,2026-09-15,1,0.5,-0.12256269683360138,-24.512539366720276
24,2.0,20,0.2,2.0,0.55,96,2026-09-17,1,0.5,-0.11435524266781816,-22.87104853356363
24,2.0,20,0.2,2.0,0.55,96,2026-09-20,1,0.5,1.8445450470282558,368.90900940565115
24,2.0,20,0.3,1.5,0.4,12,2026-09-13,1,0.5,-0.19890640073705984,-39.78128014741197
24,2.0,20,0.3,1.5,0.4,12,2026-09-15,1,0.5,-0.1762109738883796,-35.24219477767592
24,2.0,20,0.3,1.5,0.4,12,2026-09-17,1,0.5,-0.13367588245669798,-26.735176491339598
24,2.0,20,0.3,1.5,0.4,12,2026-09-20,1,0.5,2.009366431030074,401.87328620601477
24,2.0,20,0.3,1.5,0.4,24,2026-09-13,1,0.5,-0.19890640073705984,-39.78128014741197
24,2.0,20,0.3,1.5,0.4,24,2026-09-15,1,0.5,-0.1762109738883796,-35.24219477767592
24,2.0,20,0.3,1.5,0.4,24,2026-09-17,1,0.5,0.0030478908907859426,0.6095781781571885
24,2.0,20,0.3,1.5,0.4,24,2026-09-20,1,0.5,2.009366431030074,401.87328620601477
24,2.0,20,0.3,1.5,0.4,48,2026-09-13,1,0.5,-0.19890640073705984,-39.78128014741197
24,2.0,20,0.3,1.5,0.4,48,2026-09-15,1,0.5,-0.1762109738883796,-35.24219477767592
24,2.0,20,0.3,1.5,0.4,48,2026-09-17,1,0.5,-0.4708955087810862,-94.17910175621724
24,2.0,20,0.3,1.5,0.4,48,2026-09-20,1,0.5,2.009366431030074,401.87328620601477
24,2.0,20,0.3,1.5,0.4,96,2026-09-13,1,0.5,-0.19890640073705984,-39.78128014741197
24,2.0,20,0.3,1.5,0.4,96,2026-09-15,1,0.5,-0.1762109738883796,-35.24219477767592
24,2.0,20,0.3,1.5,0.4,96,2026-09-17,1,0.5,-0.4708955087810862,-94.17910175621724
24,2.0,20,0.3,1.5,0.4,96,2026-09-20,1,0.5,2.009366431030074,401.87328620601477
24,2.0,20,0.3,1.5,0.55,12,2026-09-13,1,0.5,-0.19890640073705984,-39.78128014741197
24,2.0,20,0.3,1.5,0.55,12,2026-09-15,1,0.5,-0.1762109738883796,-35.24219477767592
24,2.0,20,0.3,1.5,0.55,12,2026-09-17,1,0.5,-0.13367588245669798,-26.735176491339598
24,2.0,20,0.3,1.5,0.55,12,2026-09-20,1,0.5,1.8445450470282558,368.90900940565115
24,2.0,20,0.3,1.5,0.55,24,2026-09-13,1,0.5,-0.19890640073705984,-39.78128014741197
24,2.0,20,0.3,1.5,0.55,24,2026-09-15,1,0.5,-0.1762109738883796,-35.24219477767592
24,2.0,20,0.3,1.5,0.55,24,2026-09-17,1,0.5,0.0030478908907859426,0.6095781781571885
24,2.0,20,0.3,1.5,0.55,24,2026-09-20,1,0.5,1.8445450470282558,368.90900940565115
24,2.0,20,0.3,1.5,0.55,48,2026-09-13,1,0.5,-0.19890640073705984,-39.78128014741197
24,2.0,20,0.3,1.5,0.55,48,2026-09-15,1,0.5,-0.1762109738883796,-35.24219477767592
24,2.0,20,0.3,1.5,0.55,48,2026-09-17,1,0.5,-0.4708955087810862,-94.17910175621724
24,2.0,20,0.3,1.5,0.55,48,2026-09-20,1,0.5,1.8445450470282558,368.90900940565115
24,2.0,20,0.3,1.5,0.55,96,2026-09-13,1,0.5,-0.19890640073705984,-39.78128014741197
24,2.0,20,0.3,1.5,0.55,96,2026-09-15,1,0.5,-0.1762109738883796,-35.24219477767592
24,2.0,20,0.3,1.5,0.55,96,2026-09-17,1,0.5,-0.4708955087810862,-94.17910175621724
24,2.0,20,0.3,1.5,0.55,96,2026-09-20,1,0.5,1.8445450470282558,368.90900940565115
24,2.0,20,0.3,2.0,0.4,12,2026-09-13,1,0.5,-0.19890640073705984,-39.78128014741197
24,2.0,20,0.3,2.0,0.4,12,2026-09-15,1,0.5,-0.1762109738883796,-35.24219477767592
24,2.0,20,0.3,2.0,0.4,12,2026-09-17,1,0.5,-0.13367588245669798,-26.735176491339598
24,2.0,20,0.3,2.0,0.4,12,2026-09-20,1,0.5,2.009366431030074,401.87328620601477
24,2.0,20,0.3,2.0,0.4,24,2026-09-13,1,0.5,-0.19890640073705984,-39.78128014741197
24,2.0,20,0.3,2.0,0.4,24,2026-09-15,1,0.5,-0.1762109738883796,-35.24219477767592
24,2.0,20,0.3,2.0,0.4,24,2026-09-17,1,0.5,0.0030478908907859426,0.6095781781571885
24,2.0,20,0.3,2.0,0.4,24,2026-09-20,1,0.5,2.009366431030074,401.87328620601477
24,2.0,20,0.3,2.0,0.4,48,2026-09-13,1,0.5,-0.19890640073705984,-39.78128014741197
24,2.0,20,0.3,2.0,0.4,48,2026-09-15,1,0.5,-0.1762109738883796,-35.24219477767592
24,2.0,20,0.3,2.0,0.4,48,2026-09-17,1,0.5,-0.4708955087810862,-94.17910175621724
24,2.0,20,0.3,2.0,0.4,48,2026-09-20,1,0.5,2.009366431030074,401.87328620601477
24,2.0,20,0.3,2.0,0.4,96,2026-09-13,1,0.5,-0.19890640073705984,-39.78128014741197
24,2.0,20,0.3,2.0,0.4,96,2026-09-15,1,0.5,-0.1762109738883796,-35.24219477767592
24,2.0,20,0.3,2.0,0.4,96,2026-09-17,1,0.5,-0.4708955087810862,-94.17910175621724
24,2.0,20,0.3,2.0,0.4,96,2026-09-20,1,0.5,2.009366431030074,401.87328620601477
24,2.0,20,0.3,2.0,0.55,12,2026-09-13,1,0.5,-0.19890640073705984,-39.78128014741197
24,2.0,20,0.3,2.0,0.55,12,2026-09-15,1,0.5,-0.1762109738883796,-35.24219477767592
24,2.0,20,0.3,2.0,0.55,12,2026-09-17,1,0.5,-0.13367588245669798,-26.735176491339598
24,2.0,20,0.3,2.0,0.55,12,2026-09-20,1,0.5,1.8445450470282558,368.90900940565115
24,2.0,20,0.3,2.0,0.55,24,2026-09-13,1,0.5,-0.19890640073705984,-39.78128014741197
24,2.0,20,0.3,2.0,0.55,24,2026-09-15,1,0.5,-0.1762109738883796,-35.24219477767592
24,2.0,20,0.3,2.0,0.55,24,2026-09-17,1,0.5,0.0030478908907859426,0.6095781781571885
24,2.0,20,0.3,2.0,0.55,24,2026-09-20,1,0.5,1.8445450470282558,368.90900940565115
24,2.0,20,0.3,2.0,0.55,48,2026-09-13,1,0.5,-0.19890640073705984,-39.78128014741197
24,2.0,20,0.3,2.0,0.55,48,2026-09-15,1,0.5,-0.1762109738883796,-35.24219477767592
24,2.0,20,0.3,2.0,0.55,48,2026-09-17,1,0.5,-0.4708955087810862,-94.17910175621724
24,2.0,20,0.3,2.0,0.55,48,2026-09-20,1,0.5,1.8445450470282558,368.90900940565115
24,2.0,20,0.3,2.0,0.55,96,2026-09-13,1,0.5,-0.19890640073705984,-39.78128014741197
24,2.0,20,0.3,2.0,0.55,96,2026-09-15,1,0.5,-0.1762109738883796,-35.24219477767592
24,2.0,20,0.3,2.0,0.55,96,2026-09-17,1,0.5,-0.4708955087810862,-94.17910175621724
24,2.0,20,0.3,2.0,0.55,96,2026-09-20,1,0.5,1.8445450470282558,368.90900940565115
48,1.0,1,0.2,1.5,0.4,12,2026-09-13,1,0.5,-0.20848524133797358,-41.69704826759472
48,1.0,1,0.2,1.5,0.4,12,2026-09-15,1,0.5,-0.12629369480248215,-25.25873896049643
48,1.0,1,0.2,1.5,0.4,12,2026-09-17,1,0.5,-0.11753849647179404,-23.507699294358808
48,1.0,1,0.2,1.5,0.4,12,2026-09-20,4,2.0,0.4125136111757031,20.625680558785156
48,1.0,1,0.2,1.5,0.4,24,2026-09-13,1,0.5,-0.20848524133797358,-41.69704826759472
48,1.0,1,0.2,1.5,0.4,24,2026-09-15,1,0.5,-0.12629369480248215,-25.25873896049643
48,1.0,1,0.2,1.5,0.4,24,2026-09-17,1,0.5,-0.11753849647179404,-23.507699294358808
48,1.0,1,0.2,1.5,0.4,24,2026-09-20,4,2.0,-0.07582794011861149,-3.791397005930575
48,1.0,1,0.2,1.5,0.4,48,2026-09-13,1,0.5,-0.20848524133797358,-41.69704826759472
48,1.0,1,0.2,1.5,0.4,48,2026-09-15,1,0.5,-0.12629369480248215,-25.25873896049643
48,1.0,1,0.2,1.5,0.4,48,2026-09-17,1,0.5,-0.11753849647179404,-23.507699294358808
48,1.0,1,0.2,1.5,0.4,48,2026-09-20,4,2.0,-0.07582794011861149,-3.791397005930575
48,1.0,1,0.2,1.5,0.4,96,2026-09-13,1,0.5,-0.20848524133797358,-41.69704826759472
48,1.0,1,0.2,1.5,0.4,96,2026-09-15,1,0.5,-0.12629369480248215,-25.25873896049643
48,1.0,1,0.2,1.5,0.4,96,2026-09-17,1,0.5,-0.11753849647179404,-23.507699294358808
48,1.0,1,0.2,1.5,0.4,96,2026-09-20,4,2.0,-0.07582794011861149,-3.791397005930575
48,1.0,1,0.2,1.5,0.55,12,2026-09-13,1,0.5,-0.20848524133797358,-41.69704826759472
48,1.0,1,0.2,1.5,0.55,12,2026-09-15,1,0.5,-0.12629369480248215,-25.25873896049643
48,1.0,1,0.2,1.5,0.55,12,2026-09-17,1,0.5,-0.11753849647179404,-23.507699294358808
48,1.0,1,0.2,1.5,0.55,12,2026-09-20,4,2.0,0.4125136111757031,20.625680558785156
48,1.0,1,0.2,1.5,0.55,24,2026-09-13,1,0.5,-0.20848524133797358,-41.69704826759472
48,1.0,1,0.2,1.5,0.55,24,2026-09-15,1,0.5,-0.12629369480248215,-25.25873896049643
48,1.0,1,0.2,1.5,0.55,24,2026-09-17,1,0.5,-0.11753849647179404,-23.507699294358808
48,1.0,1,0.2,1.5,0.55,24,2026-09-20,4,2.0,-0.1576770917744308,-7.883854588721539
48,1.0,1,0.2,1.5,0.55,48,2026-09-13,1,0.5,-0.20848524133797358,-41.69704826759472
48,1.0,1,0.2,1.5,0.55,48,2026-09-15,1,0.5,-0.12629369480248215,-25.25873896049643
48,1.0,1,0.2,1.5,0.55,48,2026-09-17,1,0.5,-0.11753849647179404,-23.507699294358808
48,1.0,1,0.2,1.5,0.55,48,2026-09-20,4,2.0,-0.1576770917744308,-7.883854588721539
48,1.0,1,0.2,1.5,0.55,96,2026-09-13,1,0.5,-0.20848524133797358,-41.69704826759472
48,1.0,1,0.2,1.5,0.55,96,2026-09-15,1,0.5,-0.12629369480248215,-25.25873896049643
48,1.0,1,0.2,1.5,0.55,96,2026-09-17,1,0.5,-0.11753849647179404,-23.507699294358808
48,1.0,1,0.2,1.5,0.55,96,2026-09-20,4,2.0,-0.1576770917744308,-7.883854588721539
48,1.0,1,0.2,2.0,0.4,12,2026-09-13,1,0.5,-0.20848524133797358,-41.69704826759472
48,1.0,1,0.2,2.0,0.4,12,2026-09-15,1,0.5,-0.12629369480248215,-25.25873896049643
48,1.0,1,0.2,2.0,0.4,12,2026-09-17,1,0.5,-0.11753849647179404,-23.507699294358808
48,1.0,1,0.2,2.0,0.4,12,2026-09-20,4,2.0,0.48762444542380373,24.38122227119019
48,1.0,1,0.2,2.0,0.4,24,2026-09-13,1,0.5,-0.20848524133797358,-41.69704826759472
48,1.0,1,0.2,2.0,0.4,24,2026-09-15,1,0.5,-0.12629369480248215,-25.25873896049643
48,1.0,1,0.2,2.0,0.4,24,2026-09-17,1,0.5,-0.11753849647179404,-23.507699294358808
48,1.0,1,0.2,2.0,0.4,24,2026-09-20,4,2.0,-0.027086065515068924,-1.3543032757534466
48,1.0,1,0.2,2.0,0.4,48,2026-09-13,1,0.5,-0.20848524133797358,-41.69704826759472
48,1.0,1,0.2,2.0,0.4,48,2026-09-15,1,0.5,-0.12629369480248215,-25.25873896049643
48,1.0,1,0.2,2.0,0.4,48,2026-09-17,1,0.5,-0.11753849647179404,-23.507699294358808
48,1.0,1,0.2,2.0,0.4,48,2026-09-20,4,2.0,-0.027086065515068924,-1.3543032757534466
48,1.0,1,0.2,2.0,0.4,96,2026-09-13,1,0.5,-0.20848524133797358,-41.69704826759472
48,1.0,1,0.2,2.0,0.4,96,2026-09-15,1,0.5,-0.12629369480248215,-25.25873896049643
48,1.0,1,0.2,2.0,0.4,96,2026-09-17,1,0.5,-0.11753849647179404,-23.507699294358808
48,1.0,1,0.2,2.0,0.4,96,2026-09-20,4,2.0,-0.027086065515068924,-1.3543032757534466
48,1.0,1,0.2,2.0,0.55,12,2026-09-13,1,0.5,-0.20848524133797358,-41.69704826759472
48,1.0,1,0.2,2.0,0.55,12,2026-09-15,1,0.5,-0.12629369480248215,-25.25873896049643
48,1.0,1,0.2,2.0,0.55,12,2026-09-17,1,0.5,-0.11753849647179404,-23.507699294358808
48,1.0,1,0.2,2.0,0.55,12,2026-09-20,4,2.0,0.48762444542380373,24.38122227119019
48,1.0,1,0.2,2.0,0.55,24,2026-09-13,1,0.5,-0.20848524133797358,-41.69704826759472
48,1.0,1,0.2,2.0,0.55,24,2026-09-15,1,0.5,-0.12629369480248215,-25.25873896049643
48,1.0,1,0.2,2.0,0.55,24,2026-09-17,1,0.5,-0.11753849647179404,-23.507699294358808
48,1.0,1,0.2,2.0,0.55,24,2026-09-20,4,2.0,-0.12299448899331245,-6.149724449665622
48,1.0,1,0.2,2.0,0.55,48,2026-09-13,1,0.5,-0.20848524133797358,-41.69704826759472
48,1.0,1,0.2,2.0,0.55,48,2026-09-15,1,0.5,-0.12629369480248215,-25.25873896049643
48,1.0,1,0.2,2.0,0.55,48,2026-09-17,1,0.5,-0.11753849647179404,-23.507699294358808
48,1.0,1,0.2,2.0,0.55,48,2026-09-20,4,2.0,-0.12299448899331245,-6.149724449665622
48,1.0,1,0.2,2.0,0.55,96,2026-09-13,1,0.5,-0.20848524133797358,-41.69704826759472
48,1.0,1,0.2,2.0,0.55,96,2026-09-15,1,0.5,-0.12629369480248215,-25.25873896049643
48,1.0,1,0.2,2.0,0.55,96,2026-09-17,1,0.5,-0.11753849647179404,-23.507699294358808
48,1.0,1,0.2,2.0,0.55,96,2026-09-20,4,2.0,-0.12299448899331245,-6.149724449665622
48,1.0,1,0.3,1.5,0.4,12,2026-09-13,1,0.5,-0.20848524133797358,-41.69704826759472
48,1.0,1,0.3,1.5,0.4,12,2026-09-15,1,0.5,-0.16900146876906624,-33.80029375381325
48,1.0,1,0.3,1.5,0.4,12,2026-09-17,1,0.5,-0.4714386372698396,-94.28772745396792
48,1.0,1,0.3,1.5,0.4,12,2026-09-20,4,2.0,0.33564382460279574,16.782191230139787
48,1.0,1,0.3,1.5,0.4,24,2026-09-13,1,0.5,-0.20848524133797358,-41.69704826759472
48,1.0,1,0.3,1.5,0.4,24,2026-09-15,1,0.5,-0.16900146876906624,-33.80029375381325
48,1.0,1,0.3,1.5,0.4,24,2026-09-17,1,0.5,-0.4714386372698396,-94.28772745396792
48,1.0,1,0.3,1.5,0.4,24,2026-09-20,4,2.0,-0.26317734532948955,-13.158867266474475
48,1.0,1,0.3,1.5,0.4,48,2026-09-13,1,0.5,-0.20848524133797358,-41.69704826759472
48,1.0,1,0.3,1.5,0.4,48,2026-09-15,1,0.5,-0.16900146876906624,-33.80029375381325
48,1.0,1,0.3,1.5,0.4,48,2026-09-17,1,0.5,-0.4714386372698396,-94.28772745396792
48,1.0,1,0.3,1.5,0.4,48,2026-09-20,4,2.0,-0.26317734532948955,-13.158867266474475
48,1.0,1,0.3,1.5,0.4,96,2026-09-13,1,0.5,-0.20848524133797358,-41.69704826759472
48,1.0,1,0.3,1.5,0.4,96,2026-09-15,1,0.5,-0.16900146876906624,-33.80029375381325
48,1.0,1,0.3,1.5,0.4,96,2026-09-17,1,0.5,-0.4714386372698396,-94.28772745396792
48,1.0,1,0.3,1.5,0.4,96,2026-09-20,4,2.0,-0.26317734532948955,-13.158867266474475
48,1.0,1,0.3,1.5,0.55,12,2026-09-13,1,0.5,-0.20848524133797358,-41.69704826759472
48,1.0,1,0.3,1.5,0.55,12,2026-09-15,1,0.5,-0.16900146876906624,-33.80029375381325
48,1.0,1,0.3,1.5,0.55,12,2026-09-17,1,0.5,-0.4714386372698396,-94.28772745396792
48,1.0,1,0.3,1.5,0.55,12,2026-09-20,4,2.0,0.33564382460279574,16.782191230139787
48,1.0,1,0.3,1.5,0.55,24,2026-09-13,1,0.5,-0.20848524133797358,-41.69704826759472
48,1.0,1,0.3,1.5,0.55,24,2026-09-15,1,0.5,-0.16900146876906624,-33.80029375381325
48,1.0,1,0.3,1.5,0.55,24,2026-09-17,1,0.5,-0.4714386372698396,-94.28772745396792
48,1.0,1,0.3,1.5,0.55,24,2026-09-20,4,2.0,-0.34502649698530885,-17.25132484926544
48,1.0,1,0.3,1.5,0.55,48,2026-09-13,1,0.5,-0.20848524133797358,-41.69704826759472
48,1.0,1,0.3,1.5,0.55,48,2026-09-15,1,0.5,-0.16900146876906624,-33.80029375381325
48,1.0,1,0.3,1.5,0.55,48,2026-09-17,1,0.5,-0.4714386372698396,-94.28772745396792
48,1.0,1,0.3,1.5,0.55,48,2026-09-20,4,2.0,-0.34502649698530885,-17.25132484926544
48,1.0,1,0.3,1.5,0.55,96,2026-09-13,1,0.5,-0.20848524133797358,-41.69704826759472
48,1.0,1,0.3,1.5,0.55,96,2026-09-15,1,0.5,-0.16900146876906624,-33.80029375381325
48,1.0,1,0.3,1.5,0.55,96,2026-09-17,1,0.5,-0.4714386372698396,-94.28772745396792
48,1.0,1,0.3,1.5,0.55,96,2026-09-20,4,2.0,-0.34502649698530885,-17.25132484926544
48,1.0,1,0.3,2.0,0.4,12,2026-09-13,1,0.5,-0.20848524133797358,-41.69704826759472
48,1.0,1,0.3,2.0,0.4,12,2026-09-15,1,0.5,-0.16900146876906624,-33.80029375381325
48,1.0,1,0.3,2.0,0.4,12,2026-09-17,1,0.5,-0.4714386372698396,-94.28772745396792
48,1.0,1,0.3,2.0,0.4,12,2026-09-20,4,2.0,0.41075465885089635,20.53773294254482
48,1.0,1,0.3,2.0,0.4,24,2026-09-13,1,0.5,-0.20848524133797358,-41.69704826759472
48,1.0,1,0.3,2.0,0.4,24,2026-09-15,1,0.5,-0.16900146876906624,-33.80029375381325
48,1.0,1,0.3,2.0,0.4,24,2026-09-17,1,0.5,-0.4714386372698396,-94.28772745396792
48,1.0,1,0.3,2.0,0.4,24,2026-09-20,4,2.0,-0.21443547072594696,-10.721773536297349
48,1.0,1,0.3,2.0,0.4,48,2026-09-13,1,0.5,-0.20848524133797358,-41.69704826759472
48,1.0,1,0.3,2.0,0.4,48,2026-09-15,1,0.5,-0.16900146876906624,-33.80029375381325
48,1.0,1,0.3,2.0,0.4,48,2026-09-17,1,0.5,-0.4714386372698396,-94.28772745396792
48,1.0,1,0.3,2.0,0.4,48,2026-09-20,4,2.0,-0.21443547072594696,-10.721773536297349
48,1.0,1,0.3,2.0,0.4,96,2026-09-13,1,0.5,-0.20848524133797358,-41.69704826759472
48,1.0,1,0.3,2.0,0.4,96,2026-09-15,1,0.5,-0.16900146876906624,-33.80029375381325
48,1.0,1,0.3,2.0,0.4,96,2026-09-17,1,0.5,-0.4714386372698396,-94.28772745396792
48,1.0,1,0.3,2.0,0.4,96,2026-09-20,4,2.0,-0.21443547072594696,-10.721773536297349
48,1.0,1,0.3,2.0,0.55,12,2026-09-13,1,0.5,-0.20848524133797358,-41.69704826759472
48,1.0,1,0.3,2.0,0.55,12,2026-09-15,1,0.5,-0.16900146876906624,-33.80029375381325
48,1.0,1,0.3,2.0,0.55,12,2026-09-17,1,0.5,-0.4714386372698396,-94.28772745396792
48,1.0,1,0.3,2.0,0.55,12,2026-09-20,4,2.0,0.41075465885089635,20.53773294254482
48,1.0,1,0.3,2.0,0.55,24,2026-09-13,1,0.5,-0.20848524133797358,-41.69704826759472
48,1.0,1,0.3,2.0,0.55,24,2026-09-15,1,0.5,-0.16900146876906624,-33.80029375381325
48,1.0,1,0.3,2.0,0.55,24,2026-09-17,1,0.5,-0.4714386372698396,-94.28772745396792
48,1.0,1,0.3,2.0,0.55,24,2026-09-20,4,2.0,-0.3103438942041905,-15.517194710209523
48,1.0,1,0.3,2.0,0.55,48,2026-09-13,1,0.5,-0.20848524133797358,-41.69704826759472
48,1.0,1,0.3,2.0,0.55,48,2026-09-15,1,0.5,-0.16900146876906624,-33.80029375381325
48,1.0,1,0.3,2.0,0.55,48,2026-09-17,1,0.5,-0.4714386372698396,-94.28772745396792
48,1.0,1,0.3,2.0,0.55,48,2026-09-20,4,2.0,-0.3103438942041905,-15.517194710209523
48,1.0,1,0.3,2.0,0.55,96,2026-09-13,1,0.5,-0.20848524133797358,-41.69704826759472
48,1.0,1,0.3,2.0,0.55,96,2026-09-15,1,0.5,-0.16900146876906624,-33.80029375381325
48,1.0,1,0.3,2.0,0.55,96,2026-09-17,1,0.5,-0.4714386372698396,-94.28772745396792
48,1.0,1,0.3,2.0,0.55,96,2026-09-20,4,2.0,-0.3103438942041905,-15.517194710209523
48,1.0,5,0.2,1.5,0.4,12,2026-09-13,1,0.5,-0.20848524133797358,-41.69704826759472
48,1.0,5,0.2,1.5,0.4,12,2026-09-15,1,0.5,-0.12629369480248215,-25.25873896049643
48,1.0,5,0.2,1.5,0.4,12,2026-09-17,1,0.5,-0.11753849647179404,-23.507699294358808
48,1.0,5,0.2,1.5,0.4,12,2026-09-20,4,2.0,0.4125136111757031,20.625680558785156
48,1.0,5,0.2,1.5,0.4,24,2026-09-13,1,0.5,-0.20848524133797358,-41.69704826759472
48,1.0,5,0.2,1.5,0.4,24,2026-09-15,1,0.5,-0.12629369480248215,-25.25873896049643
48,1.0,5,0.2,1.5,0.4,24,2026-09-17,1,0.5,-0.11753849647179404,-23.507699294358808
48,1.0,5,0.2,1.5,0.4,24,2026-09-20,4,2.0,-0.07582794011861149,-3.791397005930575
48,1.0,5,0.2,1.5,0.4,48,2026-09-13,1,0.5,-0.20848524133797358,-41.69704826759472
48,1.0,5,0.2,1.5,0.4,48,2026-09-15,1,0.5,-0.12629369480248215,-25.25873896049643
48,1.0,5,0.2,1.5,0.4,48,2026-09-17,1,0.5,-0.11753849647179404,-23.507699294358808
48,1.0,5,0.2,1.5,0.4,48,2026-09-20,4,2.0,-0.07582794011861149,-3.791397005930575
48,1.0,5,0.2,1.5,0.4,96,2026-09-13,1,0.5,-0.20848524133797358,-41.69704826759472
48,1.0,5,0.2,1.5,0.4,96,2026-09-15,1,0.5,-0.12629369480248215,-25.25873896049643
48,1.0,5,0.2,1.5,0.4,96,2026-09-17,1,0.5,-0.11753849647179404,-23.507699294358808
48,1.0,5,0.2,1.5,0.4,96,2026-09-20,4,2.0,-0.07582794011861149,-3.791397005930575
48,1.0,5,0.2,1.5,0.55,12,2026-09-13,1,0.5,-0.20848524133797358,-41.69704826759472
48,1.0,5,0.2,1.5,0.55,12,2026-09-15,1,0.5,-0.12629369480248215,-25.25873896049643
48,1.0,5,0.2,1.5,0.55,12,2026-09-17,1,0.5,-0.11753849647179404,-23.507699294358808
48,1.0,5,0.2,1.5,0.55,12,2026-09-20,4,2.0,0.4125136111757031,20.625680558785156
48,1.0,5,0.2,1.5,0.55,24,2026-09-13,1,0.5,-0.20848524133797358,-41.69704826759472
48,1.0,5,0.2,1.5,0.55,24,2026-09-15,1,0.5,-0.12629369480248215,-25.25873896049643
48,1.0,5,0.2,1.5,0.55,24,2026-09-17,1,0.5,-0.11753849647179404,-23.507699294358808
48,1.0,5,0.2,1.5,0.55,24,2026-09-20,4,2.0,-0.1576770917744308,-7.883854588721539
48,1.0,5,0.2,1.5,0.55,48,2026-09-13,1,0.5,-0.20848524133797358,-41.69704826759472
48,1.0,5,0.2,1.5,0.55,48,2026-09-15,1,0.5,-0.12629369480248215,-25.25873896049643
48,1.0,5,0.2,1.5,0.55,48,2026-09-17,1,0.5,-0.11753849647179404,-23.507699294358808
48,1.0,5,0.2,1.5,0.55,48,2026-09-20,4,2.0,-0.1576770917744308,-7.883854588721539
48,1.0,5,0.2,1.5,0.55,96,2026-09-13,1,0.5,-0.20848524133797358,-41.69704826759472
48,1.0,5,0.2,1.5,0.55,96,2026-09-15,1,0.5,-0.12629369480248215,-25.25873896049643
48,1.0,5,0.2,1.5,0.55,96,2026-09-17,1,0.5,-0.11753849647179404,-23.507699294358808
48,1.0,5,0.2,1.5,0.55,96,2026-09-20,4,2.0,-0.1576770917744308,-7.883854588721539
48,1.0,5,0.2,2.0,0.4,12,2026-09-13,1,0.5,-0.20848524133797358,-41.69704826759472
48,1.0,5,0.2,2.0,0.4,12,2026-09-15,1,0.5,-0.12629369480248215,-25.25873896049643
48,1.0,5,0.2,2.0,0.4,12,2026-09-17,1,0.5,-0.11753849647179404,-23.507699294358808
48,1.0,5,0.2,2.0,0.4,12,2026-09-20,4,2.0,0.48762444542380373,24.38122227119019
48,1.0,5,0.2,2.0,0.4,24,2026-09-13,1,0.5,-0.20848524133797358,-41.69704826759472
48,1.0,5,0.2,2.0,0.4,24,2026-09-15,1,0.5,-0.12629369480248215,-25.25873896049643
48,1.0,5,0.2,2.0,0.4,24,2026-09-17,1,0.5,-0.11753849647179404,-23.507699294358808
48,1.0,5,0.2,2.0,0.4,24,2026-09-20,4,2.0,-0.027086065515068924,-1.3543032757534466
48,1.0,5,0.2,2.0,0.4,48,2026-09-13,1,0.5,-0.20848524133797358,-41.69704826759472
48,1.0,5,0.2,2.0,0.4,48,2026-09-15,1,0.5,-0.12629369480248215,-25.25873896049643
48,1.0,5,0.2,2.0,0.4,48,2026-09-17,1,0.5,-0.11753849647179404,-23.507699294358808
48,1.0,5,0.2,2.0,0.4,48,2026-09-20,4,2.0,-0.027086065515068924,-1.3543032757534466
48,1.0,5,0.2,2.0,0.4,96,2026-09-13,1,0.5,-0.20848524133797358,-41.69704826759472
48,1.0,5,0.2,2.0,0.4,96,2026-09-15,1,0.5,-0.12629369480248215,-25.25873896049643
48,1.0,5,0.2,2.0,0.4,96,2026-09-17,1,0.5,-0.11753849647179404,-23.507699294358808
48,1.0,5,0.2,2.0,0.4,96,2026-09-20,4,2.0,-0.027086065515068924,-1.3543032757534466
48,1.0,5,0.2,2.0,0.55,12,2026-09-13,1,0.5,-0.20848524133797358,-41.69704826759472
48,1.0,5,0.2,2.0,0.55,12,2026-09-15,1,0.5,-0.12629369480248215,-25.25873896049643
48,1.0,5,0.2,2.0,0.55,12,2026-09-17,1,0.5,-0.11753849647179404,-23.507699294358808
48,1.0,5,0.2,2.0,0.55,12,2026-09-20,4,2.0,0.48762444542380373,24.38122227119019
48,1.0,5,0.2,2.0,0.55,24,2026-09-13,1,0.5,-0.20848524133797358,-41.69704826759472
48,1.0,5,0.2,2.0,0.55,24,2026-09-15,1,0.5,-0.12629369480248215,-25.25873896049643
48,1.0,5,0.2,2.0,0.55,24,2026-09-17,1,0.5,-0.11753849647179404,-23.507699294358808
48,1.0,5,0.2,2.0,0.55,24,2026-09-20,4,2.0,-0.12299448899331245,-6.149724449665622
48,1.0,5,0.2,2.0,0.55,48,2026-09-13,1,0.5,-0.20848524133797358,-41.69704826759472
48,1.0,5,0.2,2.0,0.55,48,2026-09-15,1,0.5,-0.12629369480248215,-25.25873896049643
48,1.0,5,0.2,2.0,0.55,48,2026-09-17,1,0.5,-0.11753849647179404,-23.507699294358808
48,1.0,5,0.2,2.0,0.55,48,2026-09-20,4,2.0,-0.12299448899331245,-6.149724449665622
48,1.0,5,0.2,2.0,0.55,96,2026-09-13,1,0.5,-0.20848524133797358,-41.69704826759472
48,1.0,5,0.2,2.0,0.55,96,2026-09-15,1,0.5,-0.12629369480248215,-25.25873896049643
48,1.0,5,0.2,2.0,0.55,96,2026-09-17,1,0.5,-0.11753849647179404,-23.507699294358808
48,1.0,5,0.2,2.0,0.55,96,2026-09-20,4,2.0,-0.12299448899331245,-6.149724449665622
48,1.0,5,0.3,1.5,0.4,12,2026-09-13,1,0.5,-0.20848524133797358,-41.69704826759472
48,1.0,5,0.3,1.5,0.4,12,2026-09-15,1,0.5,-0.16900146876906624,-33.80029375381325
48,1.0,5,0.3,1.5,0.4,12,2026-09-17,1,0.5,-0.4714386372698396,-94.28772745396792
48,1.0,5,0.3,1.5,0.4,12,2026-09-20,4,2.0,0.33564382460279574,16.782191230139787
48,1.0,5,0.3,1.5,0.4,24,2026-09-13,1,0.5,-0.20848524133797358,-41.69704826759472
48,1.0,5,0.3,1.5,0.4,24,2026-09-15,1,0.5,-0.16900146876906624,-33.80029375381325
48,1.0,5,0.3,1.5,0.4,24,2026-09-17,1,0.5,-0.4714386372698396,-94.28772745396792
48,1.0,5,0.3,1.5,0.4,24,2026-09-20,4,2.0,-0.26317734532948955,-13.158867266474475
48,1.0,5,0.3,1.5,0.4,48,2026-09-13,1,0.5,-0.20848524133797358,-41.69704826759472
48,1.0,5,0.3,1.5,0.4,48,2026-09-15,1,0.5,-0.16900146876906624,-33.80029375381325
48,1.0,5,0.3,1.5,0.4,48,2026-09-17,1,0.5,-0.4714386372698396,-94.28772745396792
48,1.0,5,0.3,1.5,0.4,48,2026-09-20,4,2.0,-0.26317734532948955,-13.158867266474475
48,1.0,5,0.3,1.5,0.4,96,2026-09-13,1,0.5,-0.20848524133797358,-41.69704826759472
48,1.0,5,0.3,1.5,0.4,96,2026-09-15,1,0.5,-0.16900146876906624,-33.80029375381325
48,1.0,5,0.3,1.5,0.4,96,2026-09-17,1,0.5,-0.4714386372698396,-94.28772745396792
48,1.0,5,0.3,1.5,0.4,96,2026-09-20,4,2.0,-0.26317734532948955,-13.158867266474475
48,1.0,5,0.3,1.5,0.55,12,2026-09-13,1,0.5,-0.20848524133797358,-41.69704826759472
48,1.0,5,0.3,1.5,0.55,12,2026-09-15,1,0.5,-0.16900146876906624,-33.80029375381325
48,1.0,5,0.3,1.5,0.55,12,2026-09-17,1,0.5,-0.4714386372698396,-94.28772745396792
48,1.0,5,0.3,1.5,0.55,12,2026-09-20,4,2.0,0.33564382460279574,16.782191230139787
48,1.0,5,0.3,1.5,0.55,24,2026-09-13,1,0.5,-0.20848524133797358,-41.69704826759472
48,1.0,5,0.3,1.5,0.55,24,2026-09-15,1,0.5,-0.16900146876906624,-33.80029375381325
48,1.0,5,0.3,1.5,0.55,24,2026-09-17,1,0.5,-0.4714386372698396,-94.28772745396792
48,1.0,5,0.3,1.5,0.55,24,2026-09-20,4,2.0,-0.34502649698530885,-17.25132484926544
48,1.0,5,0.3,1.5,0.55,48,2026-09-13,1,0.5,-0.20848524133797358,-41.69704826759472
48,1.0,5,0.3,1.5,0.55,48,2026-09-15,1,0.5,-0.16900146876906624,-33.80029375381325
48,1.0,5,0.3,1.5,0.55,48,2026-09-17,1,0.5,-0.4714386372698396,-94.28772745396792
48,1.0,5,0.3,1.5,0.55,48,2026-09-20,4,2.0,-0.34502649698530885,-17.25132484926544
48,1.0,5,0.3,1.5,0.55,96,2026-09-13,1,0.5,-0.20848524133797358,-41.69704826759472
48,1.0,5,0.3,1.5,0.55,96,2026-09-15,1,0.5,-0.16900146876906624,-33.80029375381325
48,1.0,5,0.3,1.5,0.55,96,2026-09-17,1,0.5,-0.4714386372698396,-94.28772745396792
48,1.0,5,0.3,1.5,0.55,96,2026-09-20,4,2.0,-0.34502649698530885,-17.25132484926544
48,1.0,5,0.3,2.0,0.4,12,2026-09-13,1,0.5,-0.20848524133797358,-41.69704826759472
48,1.0,5,0.3,2.0,0.4,12,2026-09-15,1,0.5,-0.16900146876906624,-33.80029375381325
48,1.0,5,0.3,2.0,0.4,12,2026-09-17,1,0.5,-0.4714386372698396,-94.28772745396792
48,1.0,5,0.3,2.0,0.4,12,2026-09-20,4,2.0,0.41075465885089635,20.53773294254482
48,1.0,5,0.3,2.0,0.4,24,2026-09-13,1,0.5,-0.20848524133797358,-41.69704826759472
48,1.0,5,0.3,2.0,0.4,24,2026-09-15,1,0.5,-0.16900146876906624,-33.80029375381325
48,1.0,5,0.3,2.0,0.4,24,2026-09-17,1,0.5,-0.4714386372698396,-94.28772745396792
48,1.0,5,0.3,2.0,0.4,24,2026-09-20,4,2.0,-0.21443547072594696,-10.721773536297349
48,1.0,5,0.3,2.0,0.4,48,2026-09-13,1,0.5,-0.20848524133797358,-41.69704826759472
48,1.0,5,0.3,2.0,0.4,48,2026-09-15,1,0.5,-0.16900146876906624,-33.80029375381325
48,1.0,5,0.3,2.0,0.4,48,2026-09-17,1,0.5,-0.4714386372698396,-94.28772745396792
48,1.0,5,0.3,2.0,0.4,48,2026-09-20,4,2.0,-0.21443547072594696,-10.721773536297349
48,1.0,5,0.3,2.0,0.4,96,2026-09-13,1,0.5,-0.20848524133797358,-41.69704826759472
48,1.0,5,0.3,2.0,0.4,96,2026-09-15,1,0.5,-0.16900146876906624,-33.80029375381325
48,1.0,5,0.3,2.0,0.4,96,2026-09-17,1,0.5,-0.4714386372698396,-94.28772745396792
48,1.0,5,0.3,2.0,0.4,96,2026-09-20,4,2.0,-0.21443547072594696,-10.721773536297349
48,1.0,5,0.3,2.0,0.55,12,2026-09-13,1,0.5,-0.20848524133797358,-41.69704826759472
48,1.0,5,0.3,2.0,0.55,12,2026-09-15,1,0.5,-0.16900146876906624,-33.80029375381325
48,1.0,5,0.3,2.0,0.55,12,2026-09-17,1,0.5,-0.4714386372698396,-94.28772745396792
48,1.0,5,0.3,2.0,0.55,12,2026-09-20,4,2.0,0.41075465885089635,20.53773294254482
48,1.0,5,0.3,2.0,0.55,24,2026-09-13,1,0.5,-0.20848524133797358,-41.69704826759472
48,1.0,5,0.3,2.0,0.55,24,2026-09-15,1,0.5,-0.16900146876906624,-33.80029375381325
48,1.0,5,0.3,2.0,0.55,24,2026-09-17,1,0.5,-0.4714386372698396,-94.28772745396792
48,1.0,5,0.3,2.0,0.55,24,2026-09-20,4,2.0,-0.3103438942041905,-15.517194710209523
48,1.0,5,0.3,2.0,0.55,48,2026-09-13,1,0.5,-0.20848524133797358,-41.69704826759472
48,1.0,5,0.3,2.0,0.55,48,2026-09-15,1,0.5,-0.16900146876906624,-33.80029375381325
48,1.0,5,0.3,2.0,0.55,48,2026-09-17,1,0.5,-0.4714386372698396,-94.28772745396792
48,1.0,5,0.3,2.0,0.55,48,2026-09-20,4,2.0,-0.3103438942041905,-15.517194710209523
48,1.0,5,0.3,2.0,0.55,96,2026-09-13,1,0.5,-0.20848524133797358,-41.69704826759472
48,1.0,5,0.3,2.0,0.55,96,2026-09-15,1,0.5,-0.16900146876906624,-33.80029375381325
48,1.0,5,0.3,2.0,0.55,96,2026-09-17,1,0.5,-0.4714386372698396,-94.28772745396792
48,1.0,5,0.3,2.0,0.55,96,2026-09-20,4,2.0,-0.3103438942041905,-15.517194710209523
48,1.0,20,0.2,1.5,0.4,12,2026-09-13,1,0.5,-0.20848524133797358,-41.69704826759472
48,1.0,20,0.2,1.5,0.4,12,2026-09-15,1,0.5,-0.12629369480248215,-25.25873896049643
48,1.0,20,0.2,1.5,0.4,12,2026-09-17,1,0.5,-0.11753849647179404,-23.507699294358808
48,1.0,20,0.2,1.5,0.4,12,2026-09-20,3,1.5,0.5206836839994446,34.712245599962976
48,1.0,20,0.2,1.5,0.4,24,2026-09-13,1,0.5,-0.20848524133797358,-41.69704826759472
48,1.0,20,0.2,1.5,0.4,24,2026-09-15,1,0.5,-0.12629369480248215,-25.25873896049643
48,1.0,20,0.2,1.5,0.4,24,2026-09-17,1,0.5,-0.11753849647179404,-23.507699294358808
48,1.0,20,0.2,1.5,0.4,24,2026-09-20,3,1.5,0.03234213270513003,2.156142180342002
48,1.0,20,0.2,1.5,0.4,48,2026-09-13,1,0.5,-0.20848524133797358,-41.69704826759472
48,1.0,20,0.2,1.5,0.4,48,2026-09-15,1,0.5,-0.12629369480248215,-25.25873896049643
48,1.0,20,0.2,1.5,0.4,48,2026-09-17,1,0.5,-0.11753849647179404,-23.507699294358808
48,1.0,20,0.2,1.5,0.4,48,2026-09-20,3,1.5,0.03234213270513003,2.156142180342002
48,1.0,20,0.2,1.5,0.4,96,2026-09-13,1,0.5,-0.20848524133797358,-41.69704826759472
48,1.0,20,0.2,1.5,0.4,96,2026-09-15,1,0.5,-0.12629369480248215,-25.25873896049643
48,1.0,20,0.2,1.5,0.4,96,2026-09-17,1,0.5,-0.11753849647179404,-23.507699294358808
48,1.0,20,0.2,1.5,0.4,96,2026-09-20,3,1.5,0.03234213270513003,2.156142180342002
48,1.0,20,0.2,1.5,0.55,12,2026-09-13,1,0.5,-0.20848524133797358,-41.69704826759472
48,1.0,20,0.2,1.5,0.55,12,2026-09-15,1,0.5,-0.12629369480248215,-25.25873896049643
48,1.0,20,0.2,1.5,0.55,12,2026-09-17,1,0.5,-0.11753849647179404,-23.507699294358808
48,1.0,20,0.2,1.5,0.55,12,2026-09-20,3,1.5,0.5206836839994446,34.712245599962976
48,1.0,20,0.2,1.5,0.55,24,2026-09-13,1,0.5,-0.20848524133797358,-41.69704826759472
48,1.0,20,0.2,1.5,0.55,24,2026-09-15,1,0.5,-0.12629369480248215,-25.25873896049643
48,1.0,20,0.2,1.5,0.55,24,2026-09-17,1,0.5,-0.11753849647179404,-23.507699294358808
48,1.0,20,0.2,1.5,0.55,24,2026-09-20,3,1.5,-0.04950701895068926,-3.3004679300459507
48,1.0,20,0.2,1.5,0.55,48,2026-09-13,1,0.5,-0.20848524133797358,-41.69704826759472
48,1.0,20,0.2,1.5,0.55,48,2026-09-15,1,0.5,-0.12629369480248215,-25.25873896049643
48,1.0,20,0.2,1.5,0.55,48,2026-09-17,1,0.5,-0.11753849647179404,-23.507699294358808
48,1.0,20,0.2,1.5,0.55,48,2026-09-20,3,1.5,-0.04950701895068926,-3.3004679300459507
48,1.0,20,0.2,1.5,0.55,96,2026-09-13,1,0.5,-0.20848524133797358,-41.69704826759472
48,1.0,20,0.2,1.5,0.55,96,2026-09-15,1,0.5,-0.12629369480248215,-25.25873896049643
48,1.0,20,0.2,1.5,0.55,96,2026-09-17,1,0.5,-0.11753849647179404,-23.507699294358808
48,1.0,20,0.2,1.5,0.55,96,2026-09-20,3,1.5,-0.04950701895068926,-3.3004679300459507
48,1.0,20,0.2,2.0,0.4,12,2026-09-13,1,0.5,-0.20848524133797358,-41.69704826759472
48,1.0,20,0.2,2.0,0.4,12,2026-09-15,1,0.5,-0.12629369480248215,-25.25873896049643
48,1.0,20,0.2,2.0,0.4,12,2026-09-17,1,0.5,-0.11753849647179404,-23.507699294358808
48,1.0,20,0.2,2.0,0.4,12,2026-09-20,3,1.5,0.5957945182475453,39.71963454983635
48,1.0,20,0.2,2.0,0.4,24,2026-09-13,1,0.5,-0.20848524133797358,-41.69704826759472
48,1.0,20,0.2,2.0,0.4,24,2026-09-15,1,0.5,-0.12629369480248215,-25.25873896049643
48,1.0,20,0.2,2.0,0.4,24,2026-09-17,1,0.5,-0.11753849647179404,-23.507699294358808
48,1.0,20,0.2,2.0,0.4,24,2026-09-20,3,1.5,0.0810840073086726,5.40560048724484
48,1.0,20,0.2,2.0,0.4,48,2026-09-13,1,0.5,-0.20848524133797358,-41.69704826759472
48,1.0,20,0.2,2.0,0.4,48,2026-09-15,1,0.5,-0.12629369480248215,-25.25873896049643
48,1.0,20,0.2,2.0,0.4,48,2026-09-17,1,0.5,-0.11753849647179404,-23.507699294358808
48,1.0,20,0.2,2.0,0.4,48,2026-09-20,3,1.5,0.0810840073086726,5.40560048724484
48,1.0,20,0.2,2.0,0.4,96,2026-09-13,1,0.5,-0.20848524133797358,-41.69704826759472
48,1.0,20,0.2,2.0,0.4,96,2026-09-15,1,0.5,-0.12629369480248215,-25.25873896049643
48,1.0,20,0.2,2.0,0.4,96,2026-09-17,1,0.5,-0.11753849647179404,-23.507699294358808
48,1.0,20,0.2,2.0,0.4,96,2026-09-20,3,1.5,0.0810840073086726,5.40560048724484
48,1.0,20,0.2,2.0,0.55,12,2026-09-13,1,0.5,-0.20848524133797358,-41.69704826759472
48,1.0,20,0.2,2.0,0.55,12,2026-09-15,1,0.5,-0.12629369480248215,-25.25873896049643
48,1.0,20,0.2,2.0,0.55,12,2026-09-17,1,0.5,-0.11753849647179404,-23.507699294358808
48,1.0,20,0.2,2.0,0.55,12,2026-09-20,3,1.5,0.5957945182475453,39.71963454983635
48,1.0,20,0.2,2.0,0.55,24,2026-09-13,1,0.5,-0.20848524133797358,-41.69704826759472
48,1.0,20,0.2,2.0,0.55,24,2026-09-15,1,0.5,-0.12629369480248215,-25.25873896049643
48,1.0,20,0.2,2.0,0.55,24,2026-09-17,1,0.5,-0.11753849647179404,-23.507699294358808
48,1.0,20,0.2,2.0,0.55,24,2026-09-20,3,1.5,-0.01482441616957092,-0.9882944113047275
48,1.0,20,0.2,2.0,0.55,48,2026-09-13,1,0.5,-0.20848524133797358,-41.69704826759472
48,1.0,20,0.2,2.0,0.55,48,2026-09-15,1,0.5,-0.12629369480248215,-25.25873896049643
48,1.0,20,0.2,2.0,0.55,48,2026-09-17,1,0.5,-0.11753849647179404,-23.507699294358808
48,1.0,20,0.2,2.0,0.55,48,2026-09-20,3,1.5,-0.01482441616957092,-0.9882944113047275
48,1.0,20,0.2,2.0,0.55,96,2026-09-13,1,0.5,-0.20848524133797358,-41.69704826759472
48,1.0,20,0.2,2.0,0.55,96,2026-09-15,1,0.5,-0.12629369480248215,-25.25873896049643
48,1.0,20,0.2,2.0,0.55,96,2026-09-17,1,0.5,-0.11753849647179404,-23.507699294358808
48,1.0,20,0.2,2.0,0.55,96,2026-09-20,3,1.5,-0.01482441616957092,-0.9882944113047275
48,1.0,20,0.3,1.5,0.4,12,2026-09-13,1,0.5,-0.20848524133797358,-41.69704826759472
48,1.0,20,0.3,1.5,0.4,12,2026-09-15,1,0.5,-0.16900146876906624,-33.80029375381325
48,1.0,20,0.3,1.5,0.4,12,2026-09-17,1,0.5,-0.4714386372698396,-94.28772745396792
48,1.0,20,0.3,1.5,0.4,12,2026-09-20,3,1.5,0.5206836839994446,34.712245599962976
48,1.0,20,0.3,1.5,0.4,24,2026-09-13,1,0.5,-0.20848524133797358,-41.69704826759472
48,1.0,20,0.3,1.5,0.4,24,2026-09-15,1,0.5,-0.16900146876906624,-33.80029375381325
48,1.0,20,0.3,1.5,0.4,24,2026-09-17,1,0.5,-0.4714386372698396,-94.28772745396792
48,1.0,20,0.3,1.5,0.4,24,2026-09-20,3,1.5,-0.07813748593284064,-5.209165728856043
48,1.0,20,0.3,1.5,0.4,48,2026-09-13,1,0.5,-0.20848524133797358,-41.69704826759472
48,1.0,20,0.3,1.5,0.4,48,2026-09-15,1,0.5,-0.16900146876906624,-33.80029375381325
48,1.0,20,0.3,1.5,0.4,48,2026-09-17,1,0.5,-0.4714386372698396,-94.28772745396792
48,1.0,20,0.3,1.5,0.4,48,2026-09-20,3,1.5,-0.07813748593284064,-5.209165728856043
48,1.0,20,0.3,1.5,0.4,96,2026-09-13,1,0.5,-0.20848524133797358,-41.69704826759472
48,1.0,20,0.3,1.5,0.4,96,2026-09-15,1,0.5,-0.16900146876906624,-33.80029375381325
48,1.0,20,0.3,1.5,0.4,96,2026-09-17,1,0.5,-0.4714386372698396,-94.28772745396792
48,1.0,20,0.3,1.5,0.4,96,2026-09-20,3,1.5,-0.07813748593284064,-5.209165728856043
48,1.0,20,0.3,1.5,0.55,12,2026-09-13,1,0.5,-0.20848524133797358,-41.69704826759472
48,1.0,20,0.3,1.5,0.55,12,2026-09-15,1,0.5,-0.16900146876906624,-33.80029375381325
48,1.0,20,0.3,1.5,0.55,12,2026-09-17,1,0.5,-0.4714386372698396,-94.28772745396792
48,1.0,20,0.3,1.5,0.55,12,2026-09-20,3,1.5,0.5206836839994446,34.712245599962976
48,1.0,20,0.3,1.5,0.55,24,2026-09-13,1,0.5,-0.20848524133797358,-41.69704826759472
48,1.0,20,0.3,1.5,0.55,24,2026-09-15,1,0.5,-0.16900146876906624,-33.80029375381325
48,1.0,20,0.3,1.5,0.55,24,2026-09-17,1,0.5,-0.4714386372698396,-94.28772745396792
48,1.0,20,0.3,1.5,0.55,24,2026-09-20,3,1.5,-0.15998663758865994,-10.665775839243997
48,1.0,20,0.3,1.5,0.55,48,2026-09-13,1,0.5,-0.20848524133797358,-41.69704826759472
48,1.0,20,0.3,1.5,0.55,48,2026-09-15,1,0.5,-0.16900146876906624,-33.80029375381325
48,1.0,20,0.3,1.5,0.55,48,2026-09-17,1,0.5,-0.4714386372698396,-94.28772745396792
48,1.0,20,0.3,1.5,0.55,48,2026-09-20,3,1.5,-0.15998663758865994,-10.665775839243997
48,1.0,20,0.3,1.5,0.55,96,2026-09-13,1,0.5,-0.20848524133797358,-41.69704826759472
48,1.0,20,0.3,1.5,0.55,96,2026-09-15,1,0.5,-0.16900146876906624,-33.80029375381325
48,1.0,20,0.3,1.5,0.55,96,2026-09-17,1,0.5,-0.4714386372698396,-94.28772745396792
48,1.0,20,0.3,1.5,0.55,96,2026-09-20,3,1.5,-0.15998663758865994,-10.665775839243997
48,1.0,20,0.3,2.0,0.4,12,2026-09-13,1,0.5,-0.20848524133797358,-41.69704826759472
48,1.0,20,0.3,2.0,0.4,12,2026-09-15,1,0.5,-0.16900146876906624,-33.80029375381325
48,1.0,20,0.3,2.0,0.4,12,2026-09-17,1,0.5,-0.4714386372698396,-94.28772745396792
48,1.0,20,0.3,2.0,0.4,12,2026-09-20,3,1.5,0.5957945182475453,39.71963454983635
48,1.0,20,0.3,2.0,0.4,24,2026-09-13,1,0.5,-0.20848524133797358,-41.69704826759472
48,1.0,20,0.3,2.0,0.4,24,2026-09-15,1,0.5,-0.16900146876906624,-33.80029375381325
48,1.0,20,0.3,2.0,0.4,24,2026-09-17,1,0.5,-0.4714386372698396,-94.28772745396792
48,1.0,20,0.3,2.0,0.4,24,2026-09-20,3,1.5,-0.029395611329298077,-1.9597074219532071
48,1.0,20,0.3,2.0,0.4,48,2026-09-13,1,0.5,-0.20848524133797358,-41.69704826759472
48,1.0,20,0.3,2.0,0.4,48,2026-09-15,1,0.5,-0.16900146876906624,-33.80029375381325
48,1.0,20,0.3,2.0,0.4,48,2026-09-17,1,0.5,-0.4714386372698396,-94.28772745396792
48,1.0,20,0.3,2.0,0.4,48,2026-09-20,3,1.5,-0.029395611329298077,-1.9597074219532071
48,1.0,20,0.3,2.0,0.4,96,2026-09-13,1,0.5,-0.20848524133797358,-41.69704826759472
48,1.0,20,0.3,2.0,0.4,96,2026-09-15,1,0.5,-0.16900146876906624,-33.80029375381325
48,1.0,20,0.3,2.0,0.4,96,2026-09-17,1,0.5,-0.4714386372698396,-94.28772745396792
48,1.0,20,0.3,2.0,0.4,96,2026-09-20,3,1.5,-0.029395611329298077,-1.9597074219532071
48,1.0,20,0.3,2.0,0.55,12,2026-09-13,1,0.5,-0.20848524133797358,-41.69704826759472
48,1.0,20,0.3,2.0,0.55,12,2026-09-15,1,0.5,-0.16900146876906624,-33.80029375381325
48,1.0,20,0.3,2.0,0.55,12,2026-09-17,1,0.5,-0.4714386372698396,-94.28772745396792
48,1.0,20,0.3,2.0,0.55,12,2026-09-20,3,1.5,0.5957945182475453,39.71963454983635
48,1.0,20,0.3,2.0,0.55,24,2026-09-13,1,0.5,-0.20848524133797358,-41.69704826759472
48,1.0,20,0.3,2.0,0.55,24,2026-09-15,1,0.5,-0.16900146876906624,-33.80029375381325
48,1.0,20,0.3,2.0,0.55,24,2026-09-17,1,0.5,-0.4714386372698396,-94.28772745396792
48,1.0,20,0.3,2.0,0.55,24,2026-09-20,3,1.5,-0.1253040348075416,-8.353602320502773
48,1.0,20,0.3,2.0,0.55,48,2026-09-13,1,0.5,-0.20848524133797358,-41.69704826759472
48,1.0,20,0.3,2.0,0.55,48,2026-09-15,1,0.5,-0.16900146876906624,-33.80029375381325
48,1.0,20,0.3,2.0,0.55,48,2026-09-17,1,0.5,-0.4714386372698396,-94.28772745396792
48,1.0,20,0.3,2.0,0.55,48,2026-09-20,3,1.5,-0.1253040348075416,-8.353602320502773
48,1.0,20,0.3,2.0,0.55,96,2026-09-13,1,0.5,-0.20848524133797358,-41.69704826759472
48,1.0,20,0.3,2.0,0.55,96,2026-09-15,1,0.5,-0.16900146876906624,-33.80029375381325
48,1.0,20,0.3,2.0,0.55,96,2026-09-17,1,0.5,-0.4714386372698396,-94.28772745396792
48,1.0,20,0.3,2.0,0.55,96,2026-09-20,3,1.5,-0.1253040348075416,-8.353602320502773
48,1.25,1,0.2,1.5,0.4,12,2026-09-13,1,0.5,-0.20848524133797358,-41.69704826759472
48,1.25,1,0.2,1.5,0.4,12,2026-09-15,1,0.5,-0.12629369480248215,-25.25873896049643
48,1.25,1,0.2,1.5,0.4,12,2026-09-17,1,0.5,-0.11753849647179404,-23.507699294358808
48,1.25,1,0.2,1.5,0.4,12,2026-09-20,3,1.5,0.47367434757591337,31.578289838394227
48,1.25,1,0.2,1.5,0.4,24,2026-09-13,1,0.5,-0.20848524133797358,-41.69704826759472
48,1.25,1,0.2,1.5,0.4,24,2026-09-15,1,0.5,-0.12629369480248215,-25.25873896049643
48,1.25,1,0.2,1.5,0.4,24,2026-09-17,1,0.5,-0.11753849647179404,-23.507699294358808
48,1.25,1,0.2,1.5,0.4,24,2026-09-20,3,1.5,0.06434622493125258,4.289748328750171
48,1.25,1,0.2,1.5,0.4,48,2026-09-13,1,0.5,-0.20848524133797358,-41.69704826759472
48,1.25,1,0.2,1.5,0.4,48,2026-09-15,1,0.5,-0.12629369480248215,-25.25873896049643
48,1.25,1,0.2,1.5,0.4,48,2026-09-17,1,0.5,-0.11753849647179404,-23.507699294358808
48,1.25,1,0.2,1.5,0.4,48,2026-09-20,3,1.5,0.06434622493125258,4.289748328750171
48,1.25,1,0.2,1.5,0.4,96,2026-09-13,1,0.5,-0.20848524133797358,-41.69704826759472
48,1.25,1,0.2,1.5,0.4,96,2026-09-15,1,0.5,-0.12629369480248215,-25.25873896049643
48,1.25,1,0.2,1.5,0.4,96,2026-09-17,1,0.5,-0.11753849647179404,-23.507699294358808
48,1.25,1,0.2,1.5,0.4,96,2026-09-20,3,1.5,0.06434622493125258,4.289748328750171
48,1.25,1,0.2,1.5,0.55,12,2026-09-13,1,0.5,-0.20848524133797358,-41.69704826759472
48,1.25,1,0.2,1.5,0.55,12,2026-09-15,1,0.5,-0.12629369480248215,-25.25873896049643
48,1.25,1,0.2,1.5,0.55,12,2026-09-17,1,0.5,-0.11753849647179404,-23.507699294358808
48,1.25,1,0.2,1.5,0.55,12,2026-09-20,3,1.5,0.47367434757591337,31.578289838394227
48,1.25,1,0.2,1.5,0.55,24,2026-09-13,1,0.5,-0.20848524133797358,-41.69704826759472
48,1.25,1,0.2,1.5,0.55,24,2026-09-15,1,0.5,-0.12629369480248215,-25.25873896049643
48,1.25,1,0.2,1.5,0.55,24,2026-09-17,1,0.5,-0.11753849647179404,-23.507699294358808
48,1.25,1,0.2,1.5,0.55,24,2026-09-20,3,1.5,-0.017502926724566714,-1.166861781637781
48,1.25,1,0.2,1.5,0.55,48,2026-09-13,1,0.5,-0.20848524133797358,-41.69704826759472
48,1.25,1,0.2,1.5,0.55,48,2026-09-15,1,0.5,-0.12629369480248215,-25.25873896049643
48,1.25,1,0.2,1.5,0.55,48,2026-09-17,1,0.5,-0.11753849647179404,-23.507699294358808
48,1.25,1,0.2,1.5,0.55,48,2026-09-20,3,1.5,-0.017502926724566714,-1.166861781637781
48,1.25,1,0.2,1.5,0.55,96,2026-09-13,1,0.5,-0.20848524133797358,-41.69704826759472
48,1.25,1,0.2,1.5,0.55,96,2026-09-15,1,0.5,-0.12629369480248215,-25.25873896049643
48,1.25,1,0.2,1.5,0.55,96,2026-09-17,1,0.5,-0.11753849647179404,-23.507699294358808
48,1.25,1,0.2,1.5,0.55,96,2026-09-20,3,1.5,-0.017502926724566714,-1.166861781637781
48,1.25,1,0.2,2.0,0.4,12,2026-09-13,1,0.5,-0.20848524133797358,-41.69704826759472
48,1.25,1,0.2,2.0,0.4,12,2026-09-15,1,0.5,-0.12629369480248215,-25.25873896049643
48,1.25,1,0.2,2.0,0.4,12,2026-09-17,1,0.5,-0.11753849647179404,-23.507699294358808
48,1.25,1,0.2,2.0,0.4,12,2026-09-20,3,1.5,0.5487851818240139,36.58567878826761
48,1.25,1,0.2,2.0,0.4,24,2026-09-13,1,0.5,-0.20848524133797358,-41.69704826759472
48,1.25,1,0.2,2.0,0.4,24,2026-09-15,1,0.5,-0.12629369480248215,-25.25873896049643
48,1.25,1,0.2,2.0,0.4,24,2026-09-17,1,0.5,-0.11753849647179404,-23.507699294358808
48,1.25,1,0.2,2.0,0.4,24,2026-09-20,3,1.5,0.11308809953479515,7.539206635653009
48,1.25,1,0.2,2.0,0.4,48,2026-09-13,1,0.5,-0.20848524133797358,-41.69704826759472
48,1.25,1,0.2,2.0,0.4,48,2026-09-15,1,0.5,-0.12629369480248215,-25.25873896049643
48,1.25,1,0.2,2.0,0.4,48,2026-09-17,1,0.5,-0.11753849647179404,-23.507699294358808
48,1.25,1,0.2,2.0,0.4,48,2026-09-20,3,1.5,0.11308809953479515,7.539206635653009
48,1.25,1,0.2,2.0,0.4,96,2026-09-13,1,0.5,-0.20848524133797358,-41.69704826759472
48,1.25,1,0.2,2.0,0.4,96,2026-09-15,1,0.5,-0.12629369480248215,-25.25873896049643
48,1.25,1,0.2,2.0,0.4,96,2026-09-17,1,0.5,-0.11753849647179404,-23.507699294358808
48,1.25,1,0.2,2.0,0.4,96,2026-09-20,3,1.5,0.11308809953479515,7.539206635653009
48,1.25,1,0.2,2.0,0.55,12,2026-09-13,1,0.5,-0.20848524133797358,-41.69704826759472
48,1.25,1,0.2,2.0,0.55,12,2026-09-15,1,0.5,-0.12629369480248215,-25.25873896049643
48,1.25,1,0.2,2.0,0.55,12,2026-09-17,1,0.5,-0.11753849647179404,-23.507699294358808
48,1.25,1,0.2,2.0,0.55,12,2026-09-20,3,1.5,0.5487851818240139,36.58567878826761
48,1.25,1,0.2,2.0,0.55,24,2026-09-13,1,0.5,-0.20848524133797358,-41.69704826759472
48,1.25,1,0.2,2.0,0.55,24,2026-09-15,1,0.5,-0.12629369480248215,-25.25873896049643
48,1.25,1,0.2,2.0,0.55,24,2026-09-17,1,0.5,-0.11753849647179404,-23.507699294358808
48,1.25,1,0.2,2.0,0.55,24,2026-09-20,3,1.5,0.01717967605655163,1.145311737103442
48,1.25,1,0.2,2.0,0.55,48,2026-09-13,1,0.5,-0.20848524133797358,-41.69704826759472
48,1.25,1,0.2,2.0,0.55,48,2026-09-15,1,0.5,-0.12629369480248215,-25.25873896049643
48,1.25,1,0.2,2.0,0.55,48,2026-09-17,1,0.5,-0.11753849647179404,-23.507699294358808
48,1.25,1,0.2,2.0,0.55,48,2026-09-20,3,1.5,0.01717967605655163,1.145311737103442
48,1.25,1,0.2,2.0,0.55,96,2026-09-13,1,0.5,-0.20848524133797358,-41.69704826759472
48,1.25,1,0.2,2.0,0.55,96,2026-09-15,1,0.5,-0.12629369480248215,-25.25873896049643
48,1.25,1,0.2,2.0,0.55,96,2026-09-17,1,0.5,-0.11753849647179404,-23.507699294358808
48,1.25,1,0.2,2.0,0.55,96,2026-09-20,3,1.5,0.01717967605655163,1.145311737103442
48,1.25,1,0.3,1.5,0.4,12,2026-09-13,1,0.5,-0.20848524133797358,-41.69704826759472
48,1.25,1,0.3,1.5,0.4,12,2026-09-15,1,0.5,-0.16900146876906624,-33.80029375381325
48,1.25,1,0.3,1.5,0.4,12,2026-09-17,1,0.5,-0.4714386372698396,-94.28772745396792
48,1.25,1,0.3,1.5,0.4,12,2026-09-20,3,1.5,0.396804561003006,26.453637400200403
48,1.25,1,0.3,1.5,0.4,24,2026-09-13,1,0.5,-0.20848524133797358,-41.69704826759472
48,1.25,1,0.3,1.5,0.4,24,2026-09-15,1,0.5,-0.16900146876906624,-33.80029375381325
48,1.25,1,0.3,1.5,0.4,24,2026-09-17,1,0.5,-0.4714386372698396,-94.28772745396792
48,1.25,1,0.3,1.5,0.4,24,2026-09-20,3,1.5,-0.10519212106437023,-7.012808070958013
48,1.25,1,0.3,1.5,0.4,48,2026-09-13,1,0.5,-0.20848524133797358,-41.69704826759472
48,1.25,1,0.3,1.5,0.4,48,2026-09-15,1,0.5,-0.16900146876906624,-33.80029375381325
48,1.25,1,0.3,1.5,0.4,48,2026-09-17,1,0.5,-0.4714386372698396,-94.28772745396792
48,1.25,1,0.3,1.5,0.4,48,2026-09-20,3,1.5,-0.10519212106437023,-7.012808070958013
48,1.25,1,0.3,1.5,0.4,96,2026-09-13,1,0.5,-0.20848524133797358,-41.69704826759472
48,1.25,1,0.3,1.5,0.4,96,2026-09-15,1,0.5,-0.16900146876906624,-33.80029375381325
48,1.25,1,0.3,1.5,0.4,96,2026-09-17,1,0.5,-0.4714386372698396,-94.28772745396792
48,1.25,1,0.3,1.5,0.4,96,2026-09-20,3,1.5,-0.10519212106437023,-7.012808070958013
48,1.25,1,0.3,1.5,0.55,12,2026-09-13,1,0.5,-0.20848524133797358,-41.69704826759472
48,1.25,1,0.3,1.5,0.55,12,2026-09-15,1,0.5,-0.16900146876906624,-33.80029375381325
48,1.25,1,0.3,1.5,0.55,12,2026-09-17,1,0.5,-0.4714386372698396,-94.28772745396792
48,1.25,1,0.3,1.5,0.55,12,2026-09-20,3,1.5,0.396804561003006,26.453637400200403
48,1.25,1,0.3,1.5,0.55,24,2026-09-13,1,0.5,-0.20848524133797358,-41.69704826759472
48,1.25,1,0.3,1.5,0.55,24,2026-09-15,1,0.5,-0.16900146876906624,-33.80029375381325
48,1.25,1,0.3,1.5,0.55,24,2026-09-17,1,0.5,-0.4714386372698396,-94.28772745396792
48,1.25,1,0.3,1.5,0.55,24,2026-09-20,3,1.5,-0.18704127272018953,-12.469418181345967
48,1.25,1,0.3,1.5,0.55,48,2026-09-13,1,0.5,-0.20848524133797358,-41.69704826759472
48,1.25,1,0.3,1.5,0.55,48,2026-09-15,1,0.5,-0.16900146876906624,-33.80029375381325
48,1.25,1,0.3,1.5,0.55,48,2026-09-17,1,0.5,-0.4714386372698396,-94.28772745396792
48,1.25,1,0.3,1.5,0.55,48,2026-09-20,3,1.5,-0.18704127272018953,-12.469418181345967
48,1.25,1,0.3,1.5,0.55,96,2026-09-13,1,0.5,-0.20848524133797358,-41.69704826759472
48,1.25,1,0.3,1.5,0.55,96,2026-09-15,1,0.5,-0.16900146876906624,-33.80029375381325
48,1.25,1,0.3,1.5,0.55,96,2026-09-17,1,0.5,-0.4714386372698396,-94.28772745396792
48,1.25,1,0.3,1.5,0.55,96,2026-09-20,3,1.5,-0.18704127272018953,-12.469418181345967
48,1.25,1,0.3,2.0,0.4,12,2026-09-13,1,0.5,-0.20848524133797358,-41.69704826759472
48,1.25,1,0.3,2.0,0.4,12,2026-09-15,1,0.5,-0.16900146876906624,-33.80029375381325
48,1.25,1,0.3,2.0,0.4,12,2026-09-17,1,0.5,-0.4714386372698396,-94.28772745396792
48,1.25,1,0.3,2.0,0.4,12,2026-09-20,3,1.5,0.4719153952511066,31.46102635007378
48,1.25,1,0.3,2.0,0.4,24,2026-09-13,1,0.5,-0.20848524133797358,-41.69704826759472
48,1.25,1,0.3,2.0,0.4,24,2026-09-15,1,0.5,-0.16900146876906624,-33.80029375381325
48,1.25,1,0.3,2.0,0.4,24,2026-09-17,1,0.5,-0.4714386372698396,-94.28772745396792
48,1.25,1,0.3,2.0,0.4,24,2026-09-20,3,1.5,-0.05645024646082766,-3.763349764055178
48,1.25,1,0.3,2.0,0.4,48,2026-09-13,1,0.5,-0.20848524133797358,-41.69704826759472
48,1.25,1,0.3,2.0,0.4,48,2026-09-15,1,0.5,-0.16900146876906624,-33.80029375381325
48,1.25,1,0.3,2.0,0.4,48,2026-09-17,1,0.5,-0.4714386372698396,-94.28772745396792
48,1.25,1,0.3,2.0,0.4,48,2026-09-20,3,1.5,-0.05645024646082766,-3.763349764055178
48,1.25,1,0.3,2.0,0.4,96,2026-09-13,1,0.5,-0.20848524133797358,-41.69704826759472
48,1.25,1,0.3,2.0,0.4,96,2026-09-15,1,0.5,-0.16900146876906624,-33.80029375381325
48,1.25,1,0.3,2.0,0.4,96,2026-09-17,1,0.5,-0.4714386372698396,-94.28772745396792
48,1.25,1,0.3,2.0,0.4,96,2026-09-20,3,1.5,-0.05645024646082766,-3.763349764055178
48,1.25,1,0.3,2.0,0.55,12,2026-09-13,1,0.5,-0.20848524133797358,-41.69704826759472
48,1.25,1,0.3,2.0,0.55,12,2026-09-15,1,0.5,-0.16900146876906624,-33.80029375381325
48,1.25,1,0.3,2.0,0.55,12,2026-09-17,1,0.5,-0.4714386372698396,-94.28772745396792
48,1.25,1,0.3,2.0,0.55,12,2026-09-20,3,1.5,0.4719153952511066,31.46102635007378
48,1.25,1,0.3,2.0,0.55,24,2026-09-13,1,0.5,-0.20848524133797358,-41.69704826759472
48,1.25,1,0.3,2.0,0.55,24,2026-09-15,1,0.5,-0.16900146876906624,-33.80029375381325
48,1.25,1,0.3,2.0,0.55,24,2026-09-17,1,0.5,-0.4714386372698396,-94.28772745396792
48,1.25,1,0.3,2.0,0.55,24,2026-09-20,3,1.5,-0.15235866993907118,-10.157244662604745
48,1.25,1,0.3,2.0,0.55,48,2026-09-13,1,0.5,-0.20848524133797358,-41.69704826759472
48,1.25,1,0.3,2.0,0.55,48,2026-09-15,1,0.5,-0.16900146876906624,-33.80029375381325
48,1.25,1,0.3,2.0,0.55,48,2026-09-17,1,0.5,-0.4714386372698396,-94.28772745396792
48,1.25,1,0.3,2.0,0.55,48,2026-09-20,3,1.5,-0.15235866993907118,-10.157244662604745
48,1.25,1,0.3,2.0,0.55,96,2026-09-13,1,0.5,-0.20848524133797358,-41.69704826759472
48,1.25,1,0.3,2.0,0.55,96,2026-09-15,1,0.5,-0.16900146876906624,-33.80029375381325
48,1.25,1,0.3,2.0,0.55,96,2026-09-17,1,0.5,-0.4714386372698396,-94.28772745396792
48,1.25,1,0.3,2.0,0.55,96,2026-09-20,3,1.5,-0.15235866993907118,-10.157244662604745
48,1.25,5,0.2,1.5,0.4,12,2026-09-13,1,0.5,-0.20848524133797358,-41.69704826759472
48,1.25,5,0.2,1.5,0.4,12,2026-09-15,1,0.5,-0.12629369480248215,-25.25873896049643
48,1.25,5,0.2,1.5,0.4,12,2026-09-17,1,0.5,-0.11753849647179404,-23.507699294358808
48,1.25,5,0.2,1.5,0.4,12,2026-09-20,3,1.5,0.47367434757591337,31.578289838394227
48,1.25,5,0.2,1.5,0.4,24,2026-09-13,1,0.5,-0.20848524133797358,-41.69704826759472
48,1.25,5,0.2,1.5,0.4,24,2026-09-15,1,0.5,-0.12629369480248215,-25.25873896049643
48,1.25,5,0.2,1.5,0.4,24,2026-09-17,1,0.5,-0.11753849647179404,-23.507699294358808
48,1.25,5,0.2,1.5,0.4,24,2026-09-20,3,1.5,0.06434622493125258,4.289748328750171
48,1.25,5,0.2,1.5,0.4,48,2026-09-13,1,0.5,-0.20848524133797358,-41.69704826759472
48,1.25,5,0.2,1.5,0.4,48,2026-09-15,1,0.5,-0.12629369480248215,-25.25873896049643
48,1.25,5,0.2,1.5,0.4,48,2026-09-17,1,0.5,-0.11753849647179404,-23.507699294358808
48,1.25,5,0.2,1.5,0.4,48,2026-09-20,3,1.5,0.06434622493125258,4.289748328750171
48,1.25,5,0.2,1.5,0.4,96,2026-09-13,1,0.5,-0.20848524133797358,-41.69704826759472
48,1.25,5,0.2,1.5,0.4,96,2026-09-15,1,0.5,-0.12629369480248215,-25.25873896049643
48,1.25,5,0.2,1.5,0.4,96,2026-09-17,1,0.5,-0.11753849647179404,-23.507699294358808
48,1.25,5,0.2,1.5,0.4,96,2026-09-20,3,1.5,0.06434622493125258,4.289748328750171
48,1.25,5,0.2,1.5,0.55,12,2026-09-13,1,0.5,-0.20848524133797358,-41.69704826759472
48,1.25,5,0.2,1.5,0.55,12,2026-09-15,1,0.5,-0.12629369480248215,-25.25873896049643
48,1.25,5,0.2,1.5,0.55,12,2026-09-17,1,0.5,-0.11753849647179404,-23.507699294358808
48,1.25,5,0.2,1.5,0.55,12,2026-09-20,3,1.5,0.47367434757591337,31.578289838394227
48,1.25,5,0.2,1.5,0.55,24,2026-09-13,1,0.5,-0.20848524133797358,-41.69704826759472
48,1.25,5,0.2,1.5,0.55,24,2026-09-15,1,0.5,-0.12629369480248215,-25.25873896049643
48,1.25,5,0.2,1.5,0.55,24,2026-09-17,1,0.5,-0.11753849647179404,-23.507699294358808
48,1.25,5,0.2,1.5,0.55,24,2026-09-20,3,1.5,-0.017502926724566714,-1.166861781637781
48,1.25,5,0.2,1.5,0.55,48,2026-09-13,1,0.5,-0.20848524133797358,-41.69704826759472
48,1.25,5,0.2,1.5,0.55,48,2026-09-15,1,0.5,-0.12629369480248215,-25.25873896049643
48,1.25,5,0.2,1.5,0.55,48,2026-09-17,1,0.5,-0.11753849647179404,-23.507699294358808
48,1.25,5,0.2,1.5,0.55,48,2026-09-20,3,1.5,-0.017502926724566714,-1.166861781637781
48,1.25,5,0.2,1.5,0.55,96,2026-09-13,1,0.5,-0.20848524133797358,-41.69704826759472
48,1.25,5,0.2,1.5,0.55,96,2026-09-15,1,0.5,-0.12629369480248215,-25.25873896049643
48,1.25,5,0.2,1.5,0.55,96,2026-09-17,1,0.5,-0.11753849647179404,-23.507699294358808
48,1.25,5,0.2,1.5,0.55,96,2026-09-20,3,1.5,-0.017502926724566714,-1.166861781637781
48,1.25,5,0.2,2.0,0.4,12,2026-09-13,1,0.5,-0.20848524133797358,-41.69704826759472
48,1.25,5,0.2,2.0,0.4,12,2026-09-15,1,0.5,-0.12629369480248215,-25.25873896049643
48,1.25,5,0.2,2.0,0.4,12,2026-09-17,1,0.5,-0.11753849647179404,-23.507699294358808
48,1.25,5,0.2,2.0,0.4,12,2026-09-20,3,1.5,0.5487851818240139,36.58567878826761
48,1.25,5,0.2,2.0,0.4,24,2026-09-13,1,0.5,-0.20848524133797358,-41.69704826759472
48,1.25,5,0.2,2.0,0.4,24,2026-09-15,1,0.5,-0.12629369480248215,-25.25873896049643
48,1.25,5,0.2,2.0,0.4,24,2026-09-17,1,0.5,-0.11753849647179404,-23.507699294358808
48,1.25,5,0.2,2.0,0.4,24,2026-09-20,3,1.5,0.11308809953479515,7.539206635653009
48,1.25,5,0.2,2.0,0.4,48,2026-09-13,1,0.5,-0.20848524133797358,-41.69704826759472
48,1.25,5,0.2,2.0,0.4,48,2026-09-15,1,0.5,-0.12629369480248215,-25.25873896049643
48,1.25,5,0.2,2.0,0.4,48,2026-09-17,1,0.5,-0.11753849647179404,-23.507699294358808
48,1.25,5,0.2,2.0,0.4,48,2026-09-20,3,1.5,0.11308809953479515,7.539206635653009
48,1.25,5,0.2,2.0,0.4,96,2026-09-13,1,0.5,-0.20848524133797358,-41.69704826759472
48,1.25,5,0.2,2.0,0.4,96,2026-09-15,1,0.5,-0.12629369480248215,-25.25873896049643
48,1.25,5,0.2,2.0,0.4,96,2026-09-17,1,0.5,-0.11753849647179404,-23.507699294358808
48,1.25,5,0.2,2.0,0.4,96,2026-09-20,3,1.5,0.11308809953479515,7.539206635653009
48,1.25,5,0.2,2.0,0.55,12,2026-09-13,1,0.5,-0.20848524133797358,-41.69704826759472
48,1.25,5,0.2,2.0,0.55,12,2026-09-15,1,0.5,-0.12629369480248215,-25.25873896049643
48,1.25,5,0.2,2.0,0.55,12,2026-09-17,1,0.5,-0.11753849647179404,-23.507699294358808
48,1.25,5,0.2,2.0,0.55,12,2026-09-20,3,1.5,0.5487851818240139,36.58567878826761
48,1.25,5,0.2,2.0,0.55,24,2026-09-13,1,0.5,-0.20848524133797358,-41.69704826759472
48,1.25,5,0.2,2.0,0.55,24,2026-09-15,1,0.5,-0.12629369480248215,-25.25873896049643
48,1.25,5,0.2,2.0,0.55,24,2026-09-17,1,0.5,-0.11753849647179404,-23.507699294358808
48,1.25,5,0.2,2.0,0.55,24,2026-09-20,3,1.5,0.01717967605655163,1.145311737103442
48,1.25,5,0.2,2.0,0.55,48,2026-09-13,1,0.5,-0.20848524133797358,-41.69704826759472
48,1.25,5,0.2,2.0,0.55,48,2026-09-15,1,0.5,-0.12629369480248215,-25.25873896049643
48,1.25,5,0.2,2.0,0.55,48,2026-09-17,1,0.5,-0.11753849647179404,-23.507699294358808
48,1.25,5,0.2,2.0,0.55,48,2026-09-20,3,1.5,0.01717967605655163,1.145311737103442
48,1.25,5,0.2,2.0,0.55,96,2026-09-13,1,0.5,-0.20848524133797358,-41.69704826759472
48,1.25,5,0.2,2.0,0.55,96,2026-09-15,1,0.5,-0.12629369480248215,-25.25873896049643
48,1.25,5,0.2,2.0,0.55,96,2026-09-17,1,0.5,-0.11753849647179404,-23.507699294358808
48,1.25,5,0.2,2.0,0.55,96,2026-09-20,3,1.5,0.01717967605655163,1.145311737103442
48,1.25,5,0.3,1.5,0.4,12,2026-09-13,1,0.5,-0.20848524133797358,-41.69704826759472
48,1.25,5,0.3,1.5,0.4,12,2026-09-15,1,0.5,-0.16900146876906624,-33.80029375381325
48,1.25,5,0.3,1.5,0.4,12,2026-09-17,1,0.5,-0.4714386372698396,-94.28772745396792
48,1.25,5,0.3,1.5,0.4,12,2026-09-20,3,1.5,0.396804561003006,26.453637400200403
48,1.25,5,0.3,1.5,0.4,24,2026-09-13,1,0.5,-0.20848524133797358,-41.69704826759472
48,1.25,5,0.3,1.5,0.4,24,2026-09-15,1,0.5,-0.16900146876906624,-33.80029375381325
48,1.25,5,0.3,1.5,0.4,24,2026-09-17,1,0.5,-0.4714386372698396,-94.28772745396792
48,1.25,5,0.3,1.5,0.4,24,2026-09-20,3,1.5,-0.10519212106437023,-7.012808070958013
48,1.25,5,0.3,1.5,0.4,48,2026-09-13,1,0.5,-0.20848524133797358,-41.69704826759472
48,1.25,5,0.3,1.5,0.4,48,2026-09-15,1,0.5,-0.16900146876906624,-33.80029375381325
48,1.25,5,0.3,1.5,0.4,48,2026-09-17,1,0.5,-0.4714386372698396,-94.28772745396792
48,1.25,5,0.3,1.5,0.4,48,2026-09-20,3,1.5,-0.10519212106437023,-7.012808070958013
48,1.25,5,0.3,1.5,0.4,96,2026-09-13,1,0.5,-0.20848524133797358,-41.69704826759472
48,1.25,5,0.3,1.5,0.4,96,2026-09-15,1,0.5,-0.16900146876906624,-33.80029375381325
48,1.25,5,0.3,1.5,0.4,96,2026-09-17,1,0.5,-0.4714386372698396,-94.28772745396792
48,1.25,5,0.3,1.5,0.4,96,2026-09-20,3,1.5,-0.10519212106437023,-7.012808070958013
48,1.25,5,0.3,1.5,0.55,12,2026-09-13,1,0.5,-0.20848524133797358,-41.69704826759472
48,1.25,5,0.3,1.5,0.55,12,2026-09-15,1,0.5,-0.16900146876906624,-33.80029375381325
48,1.25,5,0.3,1.5,0.55,12,2026-09-17,1,0.5,-0.4714386372698396,-94.28772745396792
48,1.25,5,0.3,1.5,0.55,12,2026-09-20,3,1.5,0.396804561003006,26.453637400200403
48,1.25,5,0.3,1.5,0.55,24,2026-09-13,1,0.5,-0.20848524133797358,-41.69704826759472
48,1.25,5,0.3,1.5,0.55,24,2026-09-15,1,0.5,-0.16900146876906624,-33.80029375381325
48,1.25,5,0.3,1.5,0.55,24,2026-09-17,1,0.5,-0.4714386372698396,-94.28772745396792
48,1.25,5,0.3,1.5,0.55,24,2026-09-20,3,1.5,-0.18704127272018953,-12.469418181345967
48,1.25,5,0.3,1.5,0.55,48,2026-09-13,1,0.5,-0.20848524133797358,-41.69704826759472
48,1.25,5,0.3,1.5,0.55,48,2026-09-15,1,0.5,-0.16900146876906624,-33.80029375381325
48,1.25,5,0.3,1.5,0.55,48,2026-09-17,1,0.5,-0.4714386372698396,-94.28772745396792
48,1.25,5,0.3,1.5,0.55,48,2026-09-20,3,1.5,-0.18704127272018953,-12.469418181345967
48,1.25,5,0.3,1.5,0.55,96,2026-09-13,1,0.5,-0.20848524133797358,-41.69704826759472
48,1.25,5,0.3,1.5,0.55,96,2026-09-15,1,0.5,-0.16900146876906624,-33.80029375381325
48,1.25,5,0.3,1.5,0.55,96,2026-09-17,1,0.5,-0.4714386372698396,-94.28772745396792
48,1.25,5,0.3,1.5,0.55,96,2026-09-20,3,1.5,-0.18704127272018953,-12.469418181345967
48,1.25,5,0.3,2.0,0.4,12,2026-09-13,1,0.5,-0.20848524133797358,-41.69704826759472
48,1.25,5,0.3,2.0,0.4,12,2026-09-15,1,0.5,-0.16900146876906624,-33.80029375381325
48,1.25,5,0.3,2.0,0.4,12,2026-09-17,1,0.5,-0.4714386372698396,-94.28772745396792
48,1.25,5,0.3,2.0,0.4,12,2026-09-20,3,1.5,0.4719153952511066,31.46102635007378
48,1.25,5,0.3,2.0,0.4,24,2026-09-13,1,0.5,-0.20848524133797358,-41.69704826759472
48,1.25,5,0.3,2.0,0.4,24,2026-09-15,1,0.5,-0.16900146876906624,-33.80029375381325
48,1.25,5,0.3,2.0,0.4,24,2026-09-17,1,0.5,-0.4714386372698396,-94.28772745396792
48,1.25,5,0.3,2.0,0.4,24,2026-09-20,3,1.5,-0.05645024646082766,-3.763349764055178
48,1.25,5,0.3,2.0,0.4,48,2026-09-13,1,0.5,-0.20848524133797358,-41.69704826759472
48,1.25,5,0.3,2.0,0.4,48,2026-09-15,1,0.5,-0.16900146876906624,-33.80029375381325
48,1.25,5,0.3,2.0,0.4,48,2026-09-17,1,0.5,-0.4714386372698396,-94.28772745396792
48,1.25,5,0.3,2.0,0.4,48,2026-09-20,3,1.5,-0.05645024646082766,-3.763349764055178
48,1.25,5,0.3,2.0,0.4,96,2026-09-13,1,0.5,-0.20848524133797358,-41.69704826759472
48,1.25,5,0.3,2.0,0.4,96,2026-09-15,1,0.5,-0.16900146876906624,-33.80029375381325
48,1.25,5,0.3,2.0,0.4,96,2026-09-17,1,0.5,-0.4714386372698396,-94.28772745396792
48,1.25,5,0.3,2.0,0.4,96,2026-09-20,3,1.5,-0.05645024646082766,-3.763349764055178
48,1.25,5,0.3,2.0,0.55,12,2026-09-13,1,0.5,-0.20848524133797358,-41.69704826759472
48,1.25,5,0.3,2.0,0.55,12,2026-09-15,1,0.5,-0.16900146876906624,-33.80029375381325
48,1.25,5,0.3,2.0,0.55,12,2026-09-17,1,0.5,-0.4714386372698396,-94.28772745396792
48,1.25,5,0.3,2.0,0.55,12,2026-09-20,3,1.5,0.4719153952511066,31.46102635007378
48,1.25,5,0.3,2.0,0.55,24,2026-09-13,1,0.5,-0.20848524133797358,-41.69704826759472
48,1.25,5,0.3,2.0,0.55,24,2026-09-15,1,0.5,-0.16900146876906624,-33.80029375381325
48,1.25,5,0.3,2.0,0.55,24,2026-09-17,1,0.5,-0.4714386372698396,-94.28772745396792
48,1.25,5,0.3,2.0,0.55,24,2026-09-20,3,1.5,-0.15235866993907118,-10.157244662604745
48,1.25,5,0.3,2.0,0.55,48,2026-09-13,1,0.5,-0.20848524133797358,-41.69704826759472
48,1.25,5,0.3,2.0,0.55,48,2026-09-15,1,0.5,-0.16900146876906624,-33.80029375381325
48,1.25,5,0.3,2.0,0.55,48,2026-09-17,1,0.5,-0.4714386372698396,-94.28772745396792
48,1.25,5,0.3,2.0,0.55,48,2026-09-20,3,1.5,-0.15235866993907118,-10.157244662604745
48,1.25,5,0.3,2.0,0.55,96,2026-09-13,1,0.5,-0.20848524133797358,-41.69704826759472
48,1.25,5,0.3,2.0,0.55,96,2026-09-15,1,0.5,-0.16900146876906624,-33.80029375381325
48,1.25,5,0.3,2.0,0.55,96,2026-09-17,1,0.5,-0.4714386372698396,-94.28772745396792
48,1.25,5,0.3,2.0,0.55,96,2026-09-20,3,1.5,-0.15235866993907118,-10.157244662604745
48,1.25,20,0.2,1.5,0.4,12,2026-09-13,1,0.5,-0.20848524133797358,-41.69704826759472
48,1.25,20,0.2,1.5,0.4,12,2026-09-15,1,0.5,-0.12629369480248215,-25.25873896049643
48,1.25,20,0.2,1.5,0.4,12,2026-09-17,1,0.5,-0.11753849647179404,-23.507699294358808
48,1.25,20,0.2,1.5,0.4,12,2026-09-20,2,1.0,0.5818444203996549,58.18444203996549
48,1.25,20,0.2,1.5,0.4,24,2026-09-13,1,0.5,-0.20848524133797358,-41.69704826759472
48,1.25,20,0.2,1.5,0.4,24,2026-09-15,1,0.5,-0.12629369480248215,-25.25873896049643
48,1.25,20,0.2,1.5,0.4,24,2026-09-17,1,0.5,-0.11753849647179404,-23.507699294358808
48,1.25,20,0.2,1.5,0.4,24,2026-09-20,2,1.0,0.1725162977549941,17.25162977549941
48,1.25,20,0.2,1.5,0.4,48,2026-09-13,1,0.5,-0.20848524133797358,-41.69704826759472
48,1.25,20,0.2,1.5,0.4,48,2026-09-15,1,0.5,-0.12629369480248215,-25.25873896049643
48,1.25,20,0.2,1.5,0.4,48,2026-09-17,1,0.5,-0.11753849647179404,-23.507699294358808
48,1.25,20,0.2,1.5,0.4,48,2026-09-20,2,1.0,0.1725162977549941,17.25162977549941
48,1.25,20,0.2,1.5,0.4,96,2026-09-13,1,0.5,-0.20848524133797358,-41.69704826759472
48,1.25,20,0.2,1.5,0.4,96,2026-09-15,1,0.5,-0.12629369480248215,-25.25873896049643
48,1.25,20,0.2,1.5,0.4,96,2026-09-17,1,0.5,-0.11753849647179404,-23.507699294358808
48,1.25,20,0.2,1.5,0.4,96,2026-09-20,2,1.0,0.1725162977549941,17.25162977549941
48,1.25,20,0.2,1.5,0.55,12,2026-09-13,1,0.5,-0.20848524133797358,-41.69704826759472
48,1.25,20,0.2,1.5,0.55,12,2026-09-15,1,0.5,-0.12629369480248215,-25.25873896049643
48,1.25,20,0.2,1.5,0.55,12,2026-09-17,1,0.5,-0.11753849647179404,-23.507699294358808
48,1.25,20,0.2,1.5,0.55,12,2026-09-20,2,1.0,0.5818444203996549,58.18444203996549
48,1.25,20,0.2,1.5,0.55,24,2026-09-13,1,0.5,-0.20848524133797358,-41.69704826759472
48,1.25,20,0.2,1.5,0.55,24,2026-09-15,1,0.5,-0.12629369480248215,-25.25873896049643
48,1.25,20,0.2,1.5,0.55,24,2026-09-17,1,0.5,-0.11753849647179404,-23.507699294358808
48,1.25,20,0.2,1.5,0.55,24,2026-09-20,2,1.0,0.09066714609917481,9.066714609917481
48,1.25,20,0.2,1.5,0.55,48,2026-09-13,1,0.5,-0.20848524133797358,-41.69704826759472
48,1.25,20,0.2,1.5,0.55,48,2026-09-15,1,0.5,-0.12629369480248215,-25.25873896049643
48,1.25,20,0.2,1.5,0.55,48,2026-09-17,1,0.5,-0.11753849647179404,-23.507699294358808
48,1.25,20,0.2,1.5,0.55,48,2026-09-20,2,1.0,0.09066714609917481,9.066714609917481
48,1.25,20,0.2,1.5,0.55,96,2026-09-13,1,0.5,-0.20848524133797358,-41.69704826759472
48,1.25,20,0.2,1.5,0.55,96,2026-09-15,1,0.5,-0.12629369480248215,-25.25873896049643
48,1.25,20,0.2,1.5,0.55,96,2026-09-17,1,0.5,-0.11753849647179404,-23.507699294358808
48,1.25,20,0.2,1.5,0.55,96,2026-09-20,2,1.0,0.09066714609917481,9.066714609917481
48,1.25,20,0.2,2.0,0.4,12,2026-09-13,1,0.5,-0.20848524133797358,-41.69704826759472
48,1.25,20,0.2,2.0,0.4,12,2026-09-15,1,0.5,-0.12629369480248215,-25.25873896049643
48,1.25,20,0.2,2.0,0.4,12,2026-09-17,1,0.5,-0.11753849647179404,-23.507699294358808
48,1.25,20,0.2,2.0,0.4,12,2026-09-20,2,1.0,0.6569552546477555,65.69552546477556
48,1.25,20,0.2,2.0,0.4,24,2026-09-13,1,0.5,-0.20848524133797358,-41.69704826759472
48,1.25,20,0.2,2.0,0.4,24,2026-09-15,1,0.5,-0.12629369480248215,-25.25873896049643
48,1.25,20,0.2,2.0,0.4,24,2026-09-17,1,0.5,-0.11753849647179404,-23.507699294358808
48,1.25,20,0.2,2.0,0.4,24,2026-09-20,2,1.0,0.22125817235853668,22.125817235853667
48,1.25,20,0.2,2.0,0.4,48,2026-09-13,1,0.5,-0.20848524133797358,-41.69704826759472
48,1.25,20,0.2,2.0,0.4,48,2026-09-15,1,0.5,-0.12629369480248215,-25.25873896049643
48,1.25,20,0.2,2.0,0.4,48,2026-09-17,1,0.5,-0.11753849647179404,-23.507699294358808
48,1.25,20,0.2,2.0,0.4,48,2026-09-20,2,1.0,0.22125817235853668,22.125817235853667
48,1.25,20,0.2,2.0,0.4,96,2026-09-13,1,0.5,-0.20848524133797358,-41.69704826759472
48,1.25,20,0.2,2.0,0.4,96,2026-09-15,1,0.5,-0.12629369480248215,-25.25873896049643
48,1.25,20,0.2,2.0,0.4,96,2026-09-17,1,0.5,-0.11753849647179404,-23.507699294358808
48,1.25,20,0.2,2.0,0.4,96,2026-09-20,2,1.0,0.22125817235853668,22.125817235853667
48,1.25,20,0.2,2.0,0.55,12,2026-09-13,1,0.5,-0.20848524133797358,-41.69704826759472
48,1.25,20,0.2,2.0,0.55,12,2026-09-15,1,0.5,-0.12629369480248215,-25.25873896049643
48,1.25,20,0.2,2.0,0.55,12,2026-09-17,1,0.5,-0.11753849647179404,-23.507699294358808
48,1.25,20,0.2,2.0,0.55,12,2026-09-20,2,1.0,0.6569552546477555,65.69552546477556
48,1.25,20,0.2,2.0,0.55,24,2026-09-13,1,0.5,-0.20848524133797358,-41.69704826759472
48,1.25,20,0.2,2.0,0.55,24,2026-09-15,1,0.5,-0.12629369480248215,-25.25873896049643
48,1.25,20,0.2,2.0,0.55,24,2026-09-17,1,0.5,-0.11753849647179404,-23.507699294358808
48,1.25,20,0.2,2.0,0.55,24,2026-09-20,2,1.0,0.12534974888029315,12.534974888029316
48,1.25,20,0.2,2.0,0.55,48,2026-09-13,1,0.5,-0.20848524133797358,-41.69704826759472
48,1.25,20,0.2,2.0,0.55,48,2026-09-15,1,0.5,-0.12629369480248215,-25.25873896049643
48,1.25,20,0.2,2.0,0.55,48,2026-09-17,1,0.5,-0.11753849647179404,-23.507699294358808
48,1.25,20,0.2,2.0,0.55,48,2026-09-20,2,1.0,0.12534974888029315,12.534974888029316
48,1.25,20,0.2,2.0,0.55,96,2026-09-13,1,0.5,-0.20848524133797358,-41.69704826759472
48,1.25,20,0.2,2.0,0.55,96,2026-09-15,1,0.5,-0.12629369480248215,-25.25873896049643
48,1.25,20,0.2,2.0,0.55,96,2026-09-17,1,0.5,-0.11753849647179404,-23.507699294358808
48,1.25,20,0.2,2.0,0.55,96,2026-09-20,2,1.0,0.12534974888029315,12.534974888029316
48,1.25,20,0.3,1.5,0.4,12,2026-09-13,1,0.5,-0.20848524133797358,-41.69704826759472
48,1.25,20,0.3,1.5,0.4,12,2026-09-15,1,0.5,-0.16900146876906624,-33.80029375381325
48,1.25,20,0.3,1.5,0.4,12,2026-09-17,1,0.5,-0.4714386372698396,-94.28772745396792
48,1.25,20,0.3,1.5,0.4,12,2026-09-20,2,1.0,0.5818444203996549,58.18444203996549
48,1.25,20,0.3,1.5,0.4,24,2026-09-13,1,0.5,-0.20848524133797358,-41.69704826759472
48,1.25,20,0.3,1.5,0.4,24,2026-09-15,1,0.5,-0.16900146876906624,-33.80029375381325
48,1.25,20,0.3,1.5,0.4,24,2026-09-17,1,0.5,-0.4714386372698396,-94.28772745396792
48,1.25,20,0.3,1.5,0.4,24,2026-09-20,2,1.0,0.07984773833227865,7.984773833227866
48,1.25,20,0.3,1.5,0.4,48,2026-09-13,1,0.5,-0.20848524133797358,-41.69704826759472
48,1.25,20,0.3,1.5,0.4,48,2026-09-15,1,0.5,-0.16900146876906624,-33.80029375381325
48,1.25,20,0.3,1.5,0.4,48,2026-09-17,1,0.5,-0.4714386372698396,-94.28772745396792
48,1.25,20,0.3,1.5,0.4,48,2026-09-20,2,1.0,0.07984773833227865,7.984773833227866
48,1.25,20,0.3,1.5,0.4,96,2026-09-13,1,0.5,-0.20848524133797358,-41.69704826759472
48,1.25,20,0.3,1.5,0.4,96,2026-09-15,1,0.5,-0.16900146876906624,-33.80029375381325
48,1.25,20,0.3,1.5,0.4,96,2026-09-17,1,0.5,-0.4714386372698396,-94.28772745396792
48,1.25,20,0.3,1.5,0.4,96,2026-09-20,2,1.0,0.07984773833227865,7.984773833227866
48,1.25,20,0.3,1.5,0.55,12,2026-09-13,1,0.5,-0.20848524133797358,-41.69704826759472
48,1.25,20,0.3,1.5,0.55,12,2026-09-15,1,0.5,-0.16900146876906624,-33.80029375381325
48,1.25,20,0.3,1.5,0.55,12,2026-09-17,1,0.5,-0.4714386372698396,-94.28772745396792
48,1.25,20,0.3,1.5,0.55,12,2026-09-20,2,1.0,0.5818444203996549,58.18444203996549
48,1.25,20,0.3,1.5,0.55,24,2026-09-13,1,0.5,-0.20848524133797358,-41.69704826759472
48,1.25,20,0.3,1.5,0.55,24,2026-09-15,1,0.5,-0.16900146876906624,-33.80029375381325
48,1.25,20,0.3,1.5,0.55,24,2026-09-17,1,0.5,-0.4714386372698396,-94.28772745396792
48,1.25,20,0.3,1.5,0.55,24,2026-09-20,2,1.0,-0.002001413323540646,-0.20014133235406462
48,1.25,20,0.3,1.5,0.55,48,2026-09-13,1,0.5,-0.20848524133797358,-41.69704826759472
48,1.25,20,0.3,1.5,0.55,48,2026-09-15,1,0.5,-0.16900146876906624,-33.80029375381325
48,1.25,20,0.3,1.5,0.55,48,2026-09-17,1,0.5,-0.4714386372698396,-94.28772745396792
48,1.25,20,0.3,1.5,0.55,48,2026-09-20,2,1.0,-0.002001413323540646,-0.20014133235406462
48,1.25,20,0.3,1.5,0.55,96,2026-09-13,1,0.5,-0.20848524133797358,-41.69704826759472
48,1.25,20,0.3,1.5,0.55,96,2026-09-15,1,0.5,-0.16900146876906624,-33.80029375381325
48,1.25,20,0.3,1.5,0.55,96,2026-09-17,1,0.5,-0.4714386372698396,-94.28772745396792
48,1.25,20,0.3,1.5,0.55,96,2026-09-20,2,1.0,-0.002001413323540646,-0.20014133235406462
48,1.25,20,0.3,2.0,0.4,12,2026-09-13,1,0.5,-0.20848524133797358,-41.69704826759472
48,1.25,20,0.3,2.0,0.4,12,2026-09-15,1,0.5,-0.16900146876906624,-33.80029375381325
48,1.25,20,0.3,2.0,0.4,12,2026-09-17,1,0.5,-0.4714386372698396,-94.28772745396792
48,1.25,20,0.3,2.0,0.4,12,2026-09-20,2,1.0,0.6569552546477555,65.69552546477556
48,1.25,20,0.3,2.0,0.4,24,2026-09-13,1,0.5,-0.20848524133797358,-41.69704826759472
48,1.25,20,0.3,2.0,0.4,24,2026-09-15,1,0.5,-0.16900146876906624,-33.80029375381325
48,1.25,20,0.3,2.0,0.4,24,2026-09-17,1,0.5,-0.4714386372698396,-94.28772745396792
48,1.25,20,0.3,2.0,0.4,24,2026-09-20,2,1.0,0.12858961293582122,12.85896129358212
48,1.25,20,0.3,2.0,0.4,48,2026-09-13,1,0.5,-0.20848524133797358,-41.69704826759472
48,1.25,20,0.3,2.0,0.4,48,2026-09-15,1,0.5,-0.16900146876906624,-33.80029375381325
48,1.25,20,0.3,2.0,0.4,48,2026-09-17,1,0.5,-0.4714386372698396,-94.28772745396792
48,1.25,20,0.3,2.0,0.4,48,2026-09-20,2,1.0,0.12858961293582122,12.85896129358212
48,1.25,20,0.3,2.0,0.4,96,2026-09-13,1,0.5,-0.20848524133797358,-41.69704826759472
48,1.25,20,0.3,2.0,0.4,96,2026-09-15,1,0.5,-0.16900146876906624,-33.80029375381325
48,1.25,20,0.3,2.0,0.4,96,2026-09-17,1,0.5,-0.4714386372698396,-94.28772745396792
48,1.25,20,0.3,2.0,0.4,96,2026-09-20,2,1.0,0.12858961293582122,12.85896129358212
48,1.25,20,0.3,2.0,0.55,12,2026-09-13,1,0.5,-0.20848524133797358,-41.69704826759472
48,1.25,20,0.3,2.0,0.55,12,2026-09-15,1,0.5,-0.16900146876906624,-33.80029375381325
48,1.25,20,0.3,2.0,0.55,12,2026-09-17,1,0.5,-0.4714386372698396,-94.28772745396792
48,1.25,20,0.3,2.0,0.55,12,2026-09-20,2,1.0,0.6569552546477555,65.69552546477556
48,1.25,20,0.3,2.0,0.55,24,2026-09-13,1,0.5,-0.20848524133797358,-41.69704826759472
48,1.25,20,0.3,2.0,0.55,24,2026-09-15,1,0.5,-0.16900146876906624,-33.80029375381325
48,1.25,20,0.3,2.0,0.55,24,2026-09-17,1,0.5,-0.4714386372698396,-94.28772745396792
48,1.25,20,0.3,2.0,0.55,24,2026-09-20,2,1.0,0.0326811894575777,3.26811894575777
48,1.25,20,0.3,2.0,0.55,48,2026-09-13,1,0.5,-0.20848524133797358,-41.69704826759472
48,1.25,20,0.3,2.0,0.55,48,2026-09-15,1,0.5,-0.16900146876906624,-33.80029375381325
48,1.25,20,0.3,2.0,0.55,48,2026-09-17,1,0.5,-0.4714386372698396,-94.28772745396792
48,1.25,20,0.3,2.0,0.55,48,2026-09-20,2,1.0,0.0326811894575777,3.26811894575777
48,1.25,20,0.3,2.0,0.55,96,2026-09-13,1,0.5,-0.20848524133797358,-41.69704826759472
48,1.25,20,0.3,2.0,0.55,96,2026-09-15,1,0.5,-0.16900146876906624,-33.80029375381325
48,1.25,20,0.3,2.0,0.55,96,2026-09-17,1,0.5,-0.4714386372698396,-94.28772745396792
48,1.25,20,0.3,2.0,0.55,96,2026-09-20,2,1.0,0.0326811894575777,3.26811894575777
48,1.5,1,0.2,1.5,0.4,12,2026-09-13,1,0.5,-0.20848524133797358,-41.69704826759472
48,1.5,1,0.2,1.5,0.4,12,2026-09-15,1,0.5,-0.12629369480248215,-25.25873896049643
48,1.5,1,0.2,1.5,0.4,12,2026-09-17,1,0.5,-0.11753849647179404,-23.507699294358808
48,1.5,1,0.2,1.5,0.4,12,2026-09-20,3,1.5,0.47367434757591337,31.578289838394227
48,1.5,1,0.2,1.5,0.4,24,2026-09-13,1,0.5,-0.20848524133797358,-41.69704826759472
48,1.5,1,0.2,1.5,0.4,24,2026-09-15,1,0.5,-0.12629369480248215,-25.25873896049643
48,1.5,1,0.2,1.5,0.4,24,2026-09-17,1,0.5,-0.11753849647179404,-23.507699294358808
48,1.5,1,0.2,1.5,0.4,24,2026-09-20,3,1.5,0.06434622493125258,4.289748328750171
48,1.5,1,0.2,1.5,0.4,48,2026-09-13,1,0.5,-0.20848524133797358,-41.69704826759472
48,1.5,1,0.2,1.5,0.4,48,2026-09-15,1,0.5,-0.12629369480248215,-25.25873896049643
48,1.5,1,0.2,1.5,0.4,48,2026-09-17,1,0.5,-0.11753849647179404,-23.507699294358808
48,1.5,1,0.2,1.5,0.4,48,2026-09-20,3,1.5,0.06434622493125258,4.289748328750171
48,1.5,1,0.2,1.5,0.4,96,2026-09-13,1,0.5,-0.20848524133797358,-41.69704826759472
48,1.5,1,0.2,1.5,0.4,96,2026-09-15,1,0.5,-0.12629369480248215,-25.25873896049643
48,1.5,1,0.2,1.5,0.4,96,2026-09-17,1,0.5,-0.11753849647179404,-23.507699294358808
48,1.5,1,0.2,1.5,0.4,96,2026-09-20,3,1.5,0.06434622493125258,4.289748328750171
48,1.5,1,0.2,1.5,0.55,12,2026-09-13,1,0.5,-0.20848524133797358,-41.69704826759472
48,1.5,1,0.2,1.5,0.55,12,2026-09-15,1,0.5,-0.12629369480248215,-25.25873896049643
48,1.5,1,0.2,1.5,0.55,12,2026-09-17,1,0.5,-0.11753849647179404,-23.507699294358808
48,1.5,1,0.2,1.5,0.55,12,2026-09-20,3,1.5,0.47367434757591337,31.578289838394227
48,1.5,1,0.2,1.5,0.55,24,2026-09-13,1,0.5,-0.20848524133797358,-41.69704826759472
48,1.5,1,0.2,1.5,0.55,24,2026-09-15,1,0.5,-0.12629369480248215,-25.25873896049643
48,1.5,1,0.2,1.5,0.55,24,2026-09-17,1,0.5,-0.11753849647179404,-23.507699294358808
48,1.5,1,0.2,1.5,0.55,24,2026-09-20,3,1.5,-0.017502926724566714,-1.166861781637781
48,1.5,1,0.2,1.5,0.55,48,2026-09-13,1,0.5,-0.20848524133797358,-41.69704826759472
48,1.5,1,0.2,1.5,0.55,48,2026-09-15,1,0.5,-0.12629369480248215,-25.25873896049643
48,1.5,1,0.2,1.5,0.55,48,2026-09-17,1,0.5,-0.11753849647179404,-23.507699294358808
48,1.5,1,0.2,1.5,0.55,48,2026-09-20,3,1.5,-0.017502926724566714,-1.166861781637781
48,1.5,1,0.2,1.5,0.55,96,2026-09-13,1,0.5,-0.20848524133797358,-41.69704826759472
48,1.5,1,0.2,1.5,0.55,96,2026-09-15,1,0.5,-0.12629369480248215,-25.25873896049643
48,1.5,1,0.2,1.5,0.55,96,2026-09-17,1,0.5,-0.11753849647179404,-23.507699294358808
48,1.5,1,0.2,1.5,0.55,96,2026-09-20,3,1.5,-0.017502926724566714,-1.166861781637781
48,1.5,1,0.2,2.0,0.4,12,2026-09-13,1,0.5,-0.20848524133797358,-41.69704826759472
48,1.5,1,0.2,2.0,0.4,12,2026-09-15,1,0.5,-0.12629369480248215,-25.25873896049643
48,1.5,1,0.2,2.0,0.4,12,2026-09-17,1,0.5,-0.11753849647179404,-23.507699294358808
48,1.5,1,0.2,2.0,0.4,12,2026-09-20,3,1.5,0.5487851818240139,36.58567878826761
48,1.5,1,0.2,2.0,0.4,24,2026-09-13,1,0.5,-0.20848524133797358,-41.69704826759472
48,1.5,1,0.2,2.0,0.4,24,2026-09-15,1,0.5,-0.12629369480248215,-25.25873896049643
48,1.5,1,0.2,2.0,0.4,24,2026-09-17,1,0.5,-0.11753849647179404,-23.507699294358808
48,1.5,1,0.2,2.0,0.4,24,2026-09-20,3,1.5,0.11308809953479515,7.539206635653009
48,1.5,1,0.2,2.0,0.4,48,2026-09-13,1,0.5,-0.20848524133797358,-41.69704826759472
48,1.5,1,0.2,2.0,0.4,48,2026-09-15,1,0.5,-0.12629369480248215,-25.25873896049643
48,1.5,1,0.2,2.0,0.4,48,2026-09-17,1,0.5,-0.11753849647179404,-23.507699294358808
48,1.5,1,0.2,2.0,0.4,48,2026-09-20,3,1.5,0.11308809953479515,7.539206635653009
48,1.5,1,0.2,2.0,0.4,96,2026-09-13,1,0.5,-0.20848524133797358,-41.69704826759472
48,1.5,1,0.2,2.0,0.4,96,2026-09-15,1,0.5,-0.12629369480248215,-25.25873896049643
48,1.5,1,0.2,2.0,0.4,96,2026-09-17,1,0.5,-0.11753849647179404,-23.507699294358808
48,1.5,1,0.2,2.0,0.4,96,2026-09-20,3,1.5,0.11308809953479515,7.539206635653009
48,1.5,1,0.2,2.0,0.55,12,2026-09-13,1,0.5,-0.20848524133797358,-41.69704826759472
48,1.5,1,0.2,2.0,0.55,12,2026-09-15,1,0.5,-0.12629369480248215,-25.25873896049643
48,1.5,1,0.2,2.0,0.55,12,2026-09-17,1,0.5,-0.11753849647179404,-23.507699294358808
48,1.5,1,0.2,2.0,0.55,12,2026-09-20,3,1.5,0.5487851818240139,36.58567878826761
48,1.5,1,0.2,2.0,0.55,24,2026-09-13,1,0.5,-0.20848524133797358,-41.69704826759472
48,1.5,1,0.2,2.0,0.55,24,2026-09-15,1,0.5,-0.12629369480248215,-25.25873896049643
48,1.5,1,0.2,2.0,0.55,24,2026-09-17,1,0.5,-0.11753849647179404,-23.507699294358808
48,1.5,1,0.2,2.0,0.55,24,2026-09-20,3,1.5,0.01717967605655163,1.145311737103442
48,1.5,1,0.2,2.0,0.55,48,2026-09-13,1,0.5,-0.20848524133797358,-41.69704826759472
48,1.5,1,0.2,2.0,0.55,48,2026-09-15,1,0.5,-0.12629369480248215,-25.25873896049643
48,1.5,1,0.2,2.0,0.55,48,2026-09-17,1,0.5,-0.11753849647179404,-23.507699294358808
48,1.5,1,0.2,2.0,0.55,48,2026-09-20,3,1.5,0.01717967605655163,1.145311737103442
48,1.5,1,0.2,2.0,0.55,96,2026-09-13,1,0.5,-0.20848524133797358,-41.69704826759472
48,1.5,1,0.2,2.0,0.55,96,2026-09-15,1,0.5,-0.12629369480248215,-25.25873896049643
48,1.5,1,0.2,2.0,0.55,96,2026-09-17,1,0.5,-0.11753849647179404,-23.507699294358808
48,1.5,1,0.2,2.0,0.55,96,2026-09-20,3,1.5,0.01717967605655163,1.145311737103442
48,1.5,1,0.3,1.5,0.4,12,2026-09-13,1,0.5,-0.20848524133797358,-41.69704826759472
48,1.5,1,0.3,1.5,0.4,12,2026-09-15,1,0.5,-0.16900146876906624,-33.80029375381325
48,1.5,1,0.3,1.5,0.4,12,2026-09-17,1,0.5,-0.4714386372698396,-94.28772745396792
48,1.5,1,0.3,1.5,0.4,12,2026-09-20,3,1.5,0.396804561003006,26.453637400200403
48,1.5,1,0.3,1.5,0.4,24,2026-09-13,1,0.5,-0.20848524133797358,-41.69704826759472
48,1.5,1,0.3,1.5,0.4,24,2026-09-15,1,0.5,-0.16900146876906624,-33.80029375381325
48,1.5,1,0.3,1.5,0.4,24,2026-09-17,1,0.5,-0.4714386372698396,-94.28772745396792
48,1.5,1,0.3,1.5,0.4,24,2026-09-20,3,1.5,-0.10519212106437023,-7.012808070958013
48,1.5,1,0.3,1.5,0.4,48,2026-09-13,1,0.5,-0.20848524133797358,-41.69704826759472
48,1.5,1,0.3,1.5,0.4,48,2026-09-15,1,0.5,-0.16900146876906624,-33.80029375381325
48,1.5,1,0.3,1.5,0.4,48,2026-09-17,1,0.5,-0.4714386372698396,-94.28772745396792
48,1.5,1,0.3,1.5,0.4,48,2026-09-20,3,1.5,-0.10519212106437023,-7.012808070958013
48,1.5,1,0.3,1.5,0.4,96,2026-09-13,1,0.5,-0.20848524133797358,-41.69704826759472
48,1.5,1,0.3,1.5,0.4,96,2026-09-15,1,0.5,-0.16900146876906624,-33.80029375381325
48,1.5,1,0.3,1.5,0.4,96,2026-09-17,1,0.5,-0.4714386372698396,-94.28772745396792
48,1.5,1,0.3,1.5,0.4,96,2026-09-20,3,1.5,-0.10519212106437023,-7.012808070958013
48,1.5,1,0.3,1.5,0.55,12,2026-09-13,1,0.5,-0.20848524133797358,-41.69704826759472
48,1.5,1,0.3,1.5,0.55,12,2026-09-15,1,0.5,-0.16900146876906624,-33.80029375381325
48,1.5,1,0.3,1.5,0.55,12,2026-09-17,1,0.5,-0.4714386372698396,-94.28772745396792
48,1.5,1,0.3,1.5,0.55,12,2026-09-20,3,1.5,0.396804561003006,26.453637400200403
48,1.5,1,0.3,1.5,0.55,24,2026-09-13,1,0.5,-0.20848524133797358,-41.69704826759472
48,1.5,1,0.3,1.5,0.55,24,2026-09-15,1,0.5,-0.16900146876906624,-33.80029375381325
48,1.5,1,0.3,1.5,0.55,24,2026-09-17,1,0.5,-0.4714386372698396,-94.28772745396792
48,1.5,1,0.3,1.5,0.55,24,2026-09-20,3,1.5,-0.18704127272018953,-12.469418181345967
48,1.5,1,0.3,1.5,0.55,48,2026-09-13,1,0.5,-0.20848524133797358,-41.69704826759472
48,1.5,1,0.3,1.5,0.55,48,2026-09-15,1,0.5,-0.16900146876906624,-33.80029375381325
48,1.5,1,0.3,1.5,0.55,48,2026-09-17,1,0.5,-0.4714386372698396,-94.28772745396792
48,1.5,1,0.3,1.5,0.55,48,2026-09-20,3,1.5,-0.18704127272018953,-12.469418181345967
48,1.5,1,0.3,1.5,0.55,96,2026-09-13,1,0.5,-0.20848524133797358,-41.69704826759472
48,1.5,1,0.3,1.5,0.55,96,2026-09-15,1,0.5,-0.16900146876906624,-33.80029375381325
48,1.5,1,0.3,1.5,0.55,96,2026-09-17,1,0.5,-0.4714386372698396,-94.28772745396792
48,1.5,1,0.3,1.5,0.55,96,2026-09-20,3,1.5,-0.18704127272018953,-12.469418181345967
48,1.5,1,0.3,2.0,0.4,12,2026-09-13,1,0.5,-0.20848524133797358,-41.69704826759472
48,1.5,1,0.3,2.0,0.4,12,2026-09-15,1,0.5,-0.16900146876906624,-33.80029375381325
48,1.5,1,0.3,2.0,0.4,12,2026-09-17,1,0.5,-0.4714386372698396,-94.28772745396792
48,1.5,1,0.3,2.0,0.4,12,2026-09-20,3,1.5,0.4719153952511066,31.46102635007378
48,1.5,1,0.3,2.0,0.4,24,2026-09-13,1,0.5,-0.20848524133797358,-41.69704826759472
48,1.5,1,0.3,2.0,0.4,24,2026-09-15,1,0.5,-0.16900146876906624,-33.80029375381325
48,1.5,1,0.3,2.0,0.4,24,2026-09-17,1,0.5,-0.4714386372698396,-94.28772745396792
48,1.5,1,0.3,2.0,0.4,24,2026-09-20,3,1.5,-0.05645024646082766,-3.763349764055178
48,1.5,1,0.3,2.0,0.4,48,2026-09-13,1,0.5,-0.20848524133797358,-41.69704826759472
48,1.5,1,0.3,2.0,0.4,48,2026-09-15,1,0.5,-0.16900146876906624,-33.80029375381325
48,1.5,1,0.3,2.0,0.4,48,2026-09-17,1,0.5,-0.4714386372698396,-94.28772745396792
48,1.5,1,0.3,2.0,0.4,48,2026-09-20,3,1.5,-0.05645024646082766,-3.763349764055178
48,1.5,1,0.3,2.0,0.4,96,2026-09-13,1,0.5,-0.20848524133797358,-41.69704826759472
48,1.5,1,0.3,2.0,0.4,96,2026-09-15,1,0.5,-0.16900146876906624,-33.80029375381325
48,1.5,1,0.3,2.0,0.4,96,2026-09-17,1,0.5,-0.4714386372698396,-94.28772745396792
48,1.5,1,0.3,2.0,0.4,96,2026-09-20,3,1.5,-0.05645024646082766,-3.763349764055178
48,1.5,1,0.3,2.0,0.55,12,2026-09-13,1,0.5,-0.20848524133797358,-41.69704826759472
48,1.5,1,0.3,2.0,0.55,12,2026-09-15,1,0.5,-0.16900146876906624,-33.80029375381325
48,1.5,1,0.3,2.0,0.55,12,2026-09-17,1,0.5,-0.4714386372698396,-94.28772745396792
48,1.5,1,0.3,2.0,0.55,12,2026-09-20,3,1.5,0.4719153952511066,31.46102635007378
48,1.5,1,0.3,2.0,0.55,24,2026-09-13,1,0.5,-0.20848524133797358,-41.69704826759472
48,1.5,1,0.3,2.0,0.55,24,2026-09-15,1,0.5,-0.16900146876906624,-33.80029375381325
48,1.5,1,0.3,2.0,0.55,24,2026-09-17,1,0.5,-0.4714386372698396,-94.28772745396792
48,1.5,1,0.3,2.0,0.55,24,2026-09-20,3,1.5,-0.15235866993907118,-10.157244662604745
48,1.5,1,0.3,2.0,0.55,48,2026-09-13,1,0.5,-0.20848524133797358,-41.69704826759472
48,1.5,1,0.3,2.0,0.55,48,2026-09-15,1,0.5,-0.16900146876906624,-33.80029375381325
48,1.5,1,0.3,2.0,0.55,48,2026-09-17,1,0.5,-0.4714386372698396,-94.28772745396792
48,1.5,1,0.3,2.0,0.55,48,2026-09-20,3,1.5,-0.15235866993907118,-10.157244662604745
48,1.5,1,0.3,2.0,0.55,96,2026-09-13,1,0.5,-0.20848524133797358,-41.69704826759472
48,1.5,1,0.3,2.0,0.55,96,2026-09-15,1,0.5,-0.16900146876906624,-33.80029375381325
48,1.5,1,0.3,2.0,0.55,96,2026-09-17,1,0.5,-0.4714386372698396,-94.28772745396792
48,1.5,1,0.3,2.0,0.55,96,2026-09-20,3,1.5,-0.15235866993907118,-10.157244662604745
48,1.5,5,0.2,1.5,0.4,12,2026-09-13,1,0.5,-0.20848524133797358,-41.69704826759472
48,1.5,5,0.2,1.5,0.4,12,2026-09-15,1,0.5,-0.12629369480248215,-25.25873896049643
48,1.5,5,0.2,1.5,0.4,12,2026-09-17,1,0.5,-0.11753849647179404,-23.507699294358808
48,1.5,5,0.2,1.5,0.4,12,2026-09-20,3,1.5,0.47367434757591337,31.578289838394227
48,1.5,5,0.2,1.5,0.4,24,2026-09-13,1,0.5,-0.20848524133797358,-41.69704826759472
48,1.5,5,0.2,1.5,0.4,24,2026-09-15,1,0.5,-0.12629369480248215,-25.25873896049643
48,1.5,5,0.2,1.5,0.4,24,2026-09-17,1,0.5,-0.11753849647179404,-23.507699294358808
48,1.5,5,0.2,1.5,0.4,24,2026-09-20,3,1.5,0.06434622493125258,4.289748328750171
48,1.5,5,0.2,1.5,0.4,48,2026-09-13,1,0.5,-0.20848524133797358,-41.69704826759472
48,1.5,5,0.2,1.5,0.4,48,2026-09-15,1,0.5,-0.12629369480248215,-25.25873896049643
48,1.5,5,0.2,1.5,0.4,48,2026-09-17,1,0.5,-0.11753849647179404,-23.507699294358808
48,1.5,5,0.2,1.5,0.4,48,2026-09-20,3,1.5,0.06434622493125258,4.289748328750171
48,1.5,5,0.2,1.5,0.4,96,2026-09-13,1,0.5,-0.20848524133797358,-41.69704826759472
48,1.5,5,0.2,1.5,0.4,96,2026-09-15,1,0.5,-0.12629369480248215,-25.25873896049643
48,1.5,5,0.2,1.5,0.4,96,2026-09-17,1,0.5,-0.11753849647179404,-23.507699294358808
48,1.5,5,0.2,1.5,0.4,96,2026-09-20,3,1.5,0.06434622493125258,4.289748328750171
48,1.5,5,0.2,1.5,0.55,12,2026-09-13,1,0.5,-0.20848524133797358,-41.69704826759472
48,1.5,5,0.2,1.5,0.55,12,2026-09-15,1,0.5,-0.12629369480248215,-25.25873896049643
48,1.5,5,0.2,1.5,0.55,12,2026-09-17,1,0.5,-0.11753849647179404,-23.507699294358808
48,1.5,5,0.2,1.5,0.55,12,2026-09-20,3,1.5,0.47367434757591337,31.578289838394227
48,1.5,5,0.2,1.5,0.55,24,2026-09-13,1,0.5,-0.20848524133797358,-41.69704826759472
48,1.5,5,0.2,1.5,0.55,24,2026-09-15,1,0.5,-0.12629369480248215,-25.25873896049643
48,1.5,5,0.2,1.5,0.55,24,2026-09-17,1,0.5,-0.11753849647179404,-23.507699294358808
48,1.5,5,0.2,1.5,0.55,24,2026-09-20,3,1.5,-0.017502926724566714,-1.166861781637781
48,1.5,5,0.2,1.5,0.55,48,2026-09-13,1,0.5,-0.20848524133797358,-41.69704826759472
48,1.5,5,0.2,1.5,0.55,48,2026-09-15,1,0.5,-0.12629369480248215,-25.25873896049643
48,1.5,5,0.2,1.5,0.55,48,2026-09-17,1,0.5,-0.11753849647179404,-23.507699294358808
48,1.5,5,0.2,1.5,0.55,48,2026-09-20,3,1.5,-0.017502926724566714,-1.166861781637781
48,1.5,5,0.2,1.5,0.55,96,2026-09-13,1,0.5,-0.20848524133797358,-41.69704826759472
48,1.5,5,0.2,1.5,0.55,96,2026-09-15,1,0.5,-0.12629369480248215,-25.25873896049643
48,1.5,5,0.2,1.5,0.55,96,2026-09-17,1,0.5,-0.11753849647179404,-23.507699294358808
48,1.5,5,0.2,1.5,0.55,96,2026-09-20,3,1.5,-0.017502926724566714,-1.166861781637781
48,1.5,5,0.2,2.0,0.4,12,2026-09-13,1,0.5,-0.20848524133797358,-41.69704826759472
48,1.5,5,0.2,2.0,0.4,12,2026-09-15,1,0.5,-0.12629369480248215,-25.25873896049643
48,1.5,5,0.2,2.0,0.4,12,2026-09-17,1,0.5,-0.11753849647179404,-23.507699294358808
48,1.5,5,0.2,2.0,0.4,12,2026-09-20,3,1.5,0.5487851818240139,36.58567878826761
48,1.5,5,0.2,2.0,0.4,24,2026-09-13,1,0.5,-0.20848524133797358,-41.69704826759472
48,1.5,5,0.2,2.0,0.4,24,2026-09-15,1,0.5,-0.12629369480248215,-25.25873896049643
48,1.5,5,0.2,2.0,0.4,24,2026-09-17,1,0.5,-0.11753849647179404,-23.507699294358808
48,1.5,5,0.2,2.0,0.4,24,2026-09-20,3,1.5,0.11308809953479515,7.539206635653009
48,1.5,5,0.2,2.0,0.4,48,2026-09-13,1,0.5,-0.20848524133797358,-41.69704826759472
48,1.5,5,0.2,2.0,0.4,48,2026-09-15,1,0.5,-0.12629369480248215,-25.25873896049643
48,1.5,5,0.2,2.0,0.4,48,2026-09-17,1,0.5,-0.11753849647179404,-23.507699294358808
48,1.5,5,0.2,2.0,0.4,48,2026-09-20,3,1.5,0.11308809953479515,7.539206635653009
48,1.5,5,0.2,2.0,0.4,96,2026-09-13,1,0.5,-0.20848524133797358,-41.69704826759472
48,1.5,5,0.2,2.0,0.4,96,2026-09-15,1,0.5,-0.12629369480248215,-25.25873896049643
48,1.5,5,0.2,2.0,0.4,96,2026-09-17,1,0.5,-0.11753849647179404,-23.507699294358808
48,1.5,5,0.2,2.0,0.4,96,2026-09-20,3,1.5,0.11308809953479515,7.539206635653009
48,1.5,5,0.2,2.0,0.55,12,2026-09-13,1,0.5,-0.20848524133797358,-41.69704826759472
48,1.5,5,0.2,2.0,0.55,12,2026-09-15,1,0.5,-0.12629369480248215,-25.25873896049643
48,1.5,5,0.2,2.0,0.55,12,2026-09-17,1,0.5,-0.11753849647179404,-23.507699294358808
48,1.5,5,0.2,2.0,0.55,12,2026-09-20,3,1.5,0.5487851818240139,36.58567878826761
48,1.5,5,0.2,2.0,0.55,24,2026-09-13,1,0.5,-0.20848524133797358,-41.69704826759472
48,1.5,5,0.2,2.0,0.55,24,2026-09-15,1,0.5,-0.12629369480248215,-25.25873896049643
48,1.5,5,0.2,2.0,0.55,24,2026-09-17,1,0.5,-0.11753849647179404,-23.507699294358808
48,1.5,5,0.2,2.0,0.55,24,2026-09-20,3,1.5,0.01717967605655163,1.145311737103442
48,1.5,5,0.2,2.0,0.55,48,2026-09-13,1,0.5,-0.20848524133797358,-41.69704826759472
48,1.5,5,0.2,2.0,0.55,48,2026-09-15,1,0.5,-0.12629369480248215,-25.25873896049643
48,1.5,5,0.2,2.0,0.55,48,2026-09-17,1,0.5,-0.11753849647179404,-23.507699294358808
48,1.5,5,0.2,2.0,0.55,48,2026-09-20,3,1.5,0.01717967605655163,1.145311737103442
48,1.5,5,0.2,2.0,0.55,96,2026-09-13,1,0.5,-0.20848524133797358,-41.69704826759472
48,1.5,5,0.2,2.0,0.55,96,2026-09-15,1,0.5,-0.12629369480248215,-25.25873896049643
48,1.5,5,0.2,2.0,0.55,96,2026-09-17,1,0.5,-0.11753849647179404,-23.507699294358808
48,1.5,5,0.2,2.0,0.55,96,2026-09-20,3,1.5,0.01717967605655163,1.145311737103442
48,1.5,5,0.3,1.5,0.4,12,2026-09-13,1,0.5,-0.20848524133797358,-41.69704826759472
48,1.5,5,0.3,1.5,0.4,12,2026-09-15,1,0.5,-0.16900146876906624,-33.80029375381325
48,1.5,5,0.3,1.5,0.4,12,2026-09-17,1,0.5,-0.4714386372698396,-94.28772745396792
48,1.5,5,0.3,1.5,0.4,12,2026-09-20,3,1.5,0.396804561003006,26.453637400200403
48,1.5,5,0.3,1.5,0.4,24,2026-09-13,1,0.5,-0.20848524133797358,-41.69704826759472
48,1.5,5,0.3,1.5,0.4,24,2026-09-15,1,0.5,-0.16900146876906624,-33.80029375381325
48,1.5,5,0.3,1.5,0.4,24,2026-09-17,1,0.5,-0.4714386372698396,-94.28772745396792
48,1.5,5,0.3,1.5,0.4,24,2026-09-20,3,1.5,-0.10519212106437023,-7.012808070958013
48,1.5,5,0.3,1.5,0.4,48,2026-09-13,1,0.5,-0.20848524133797358,-41.69704826759472
48,1.5,5,0.3,1.5,0.4,48,2026-09-15,1,0.5,-0.16900146876906624,-33.80029375381325
48,1.5,5,0.3,1.5,0.4,48,2026-09-17,1,0.5,-0.4714386372698396,-94.28772745396792
48,1.5,5,0.3,1.5,0.4,48,2026-09-20,3,1.5,-0.10519212106437023,-7.012808070958013
48,1.5,5,0.3,1.5,0.4,96,2026-09-13,1,0.5,-0.20848524133797358,-41.69704826759472
48,1.5,5,0.3,1.5,0.4,96,2026-09-15,1,0.5,-0.16900146876906624,-33.80029375381325
48,1.5,5,0.3,1.5,0.4,96,2026-09-17,1,0.5,-0.4714386372698396,-94.28772745396792
48,1.5,5,0.3,1.5,0.4,96,2026-09-20,3,1.5,-0.10519212106437023,-7.012808070958013
48,1.5,5,0.3,1.5,0.55,12,2026-09-13,1,0.5,-0.20848524133797358,-41.69704826759472
48,1.5,5,0.3,1.5,0.55,12,2026-09-15,1,0.5,-0.16900146876906624,-33.80029375381325
48,1.5,5,0.3,1.5,0.55,12,2026-09-17,1,0.5,-0.4714386372698396,-94.28772745396792
48,1.5,5,0.3,1.5,0.55,12,2026-09-20,3,1.5,0.396804561003006,26.453637400200403
48,1.5,5,0.3,1.5,0.55,24,2026-09-13,1,0.5,-0.20848524133797358,-41.69704826759472
48,1.5,5,0.3,1.5,0.55,24,2026-09-15,1,0.5,-0.16900146876906624,-33.80029375381325
48,1.5,5,0.3,1.5,0.55,24,2026-09-17,1,0.5,-0.4714386372698396,-94.28772745396792
48,1.5,5,0.3,1.5,0.55,24,2026-09-20,3,1.5,-0.18704127272018953,-12.469418181345967
48,1.5,5,0.3,1.5,0.55,48,2026-09-13,1,0.5,-0.20848524133797358,-41.69704826759472
48,1.5,5,0.3,1.5,0.55,48,2026-09-15,1,0.5,-0.16900146876906624,-33.80029375381325
48,1.5,5,0.3,1.5,0.55,48,2026-09-17,1,0.5,-0.4714386372698396,-94.28772745396792
48,1.5,5,0.3,1.5,0.55,48,2026-09-20,3,1.5,-0.18704127272018953,-12.469418181345967
48,1.5,5,0.3,1.5,0.55,96,2026-09-13,1,0.5,-0.20848524133797358,-41.69704826759472
48,1.5,5,0.3,1.5,0.55,96,2026-09-15,1,0.5,-0.16900146876906624,-33.80029375381325
48,1.5,5,0.3,1.5,0.55,96,2026-09-17,1,0.5,-0.4714386372698396,-94.28772745396792
48,1.5,5,0.3,1.5,0.55,96,2026-09-20,3,1.5,-0.18704127272018953,-12.469418181345967
48,1.5,5,0.3,2.0,0.4,12,2026-09-13,1,0.5,-0.20848524133797358,-41.69704826759472
48,1.5,5,0.3,2.0,0.4,12,2026-09-15,1,0.5,-0.16900146876906624,-33.80029375381325
48,1.5,5,0.3,2.0,0.4,12,2026-09-17,1,0.5,-0.4714386372698396,-94.28772745396792
48,1.5,5,0.3,2.0,0.4,12,2026-09-20,3,1.5,0.4719153952511066,31.46102635007378
48,1.5,5,0.3,2.0,0.4,24,2026-09-13,1,0.5,-0.20848524133797358,-41.69704826759472
48,1.5,5,0.3,2.0,0.4,24,2026-09-15,1,0.5,-0.16900146876906624,-33.80029375381325
48,1.5,5,0.3,2.0,0.4,24,2026-09-17,1,0.5,-0.4714386372698396,-94.28772745396792
48,1.5,5,0.3,2.0,0.4,24,2026-09-20,3,1.5,-0.05645024646082766,-3.763349764055178
48,1.5,5,0.3,2.0,0.4,48,2026-09-13,1,0.5,-0.20848524133797358,-41.69704826759472
48,1.5,5,0.3,2.0,0.4,48,2026-09-15,1,0.5,-0.16900146876906624,-33.80029375381325
48,1.5,5,0.3,2.0,0.4,48,2026-09-17,1,0.5,-0.4714386372698396,-94.28772745396792
48,1.5,5,0.3,2.0,0.4,48,2026-09-20,3,1.5,-0.05645024646082766,-3.763349764055178
48,1.5,5,0.3,2.0,0.4,96,2026-09-13,1,0.5,-0.20848524133797358,-41.69704826759472
48,1.5,5,0.3,2.0,0.4,96,2026-09-15,1,0.5,-0.16900146876906624,-33.80029375381325
48,1.5,5,0.3,2.0,0.4,96,2026-09-17,1,0.5,-0.4714386372698396,-94.28772745396792
48,1.5,5,0.3,2.0,0.4,96,2026-09-20,3,1.5,-0.05645024646082766,-3.763349764055178
48,1.5,5,0.3,2.0,0.55,12,2026-09-13,1,0.5,-0.20848524133797358,-41.69704826759472
48,1.5,5,0.3,2.0,0.55,12,2026-09-15,1,0.5,-0.16900146876906624,-33.80029375381325
48,1.5,5,0.3,2.0,0.55,12,2026-09-17,1,0.5,-0.4714386372698396,-94.28772745396792
48,1.5,5,0.3,2.0,0.55,12,2026-09-20,3,1.5,0.4719153952511066,31.46102635007378
48,1.5,5,0.3,2.0,0.55,24,2026-09-13,1,0.5,-0.20848524133797358,-41.69704826759472
48,1.5,5,0.3,2.0,0.55,24,2026-09-15,1,0.5,-0.16900146876906624,-33.80029375381325
48,1.5,5,0.3,2.0,0.55,24,2026-09-17,1,0.5,-0.4714386372698396,-94.28772745396792
48,1.5,5,0.3,2.0,0.55,24,2026-09-20,3,1.5,-0.15235866993907118,-10.157244662604745
48,1.5,5,0.3,2.0,0.55,48,2026-09-13,1,0.5,-0.20848524133797358,-41.69704826759472
48,1.5,5,0.3,2.0,0.55,48,2026-09-15,1,0.5,-0.16900146876906624,-33.80029375381325
48,1.5,5,0.3,2.0,0.55,48,2026-09-17,1,0.5,-0.4714386372698396,-94.28772745396792
48,1.5,5,0.3,2.0,0.55,48,2026-09-20,3,1.5,-0.15235866993907118,-10.157244662604745
48,1.5,5,0.3,2.0,0.55,96,2026-09-13,1,0.5,-0.20848524133797358,-41.69704826759472
48,1.5,5,0.3,2.0,0.55,96,2026-09-15,1,0.5,-0.16900146876906624,-33.80029375381325
48,1.5,5,0.3,2.0,0.55,96,2026-09-17,1,0.5,-0.4714386372698396,-94.28772745396792
48,1.5,5,0.3,2.0,0.55,96,2026-09-20,3,1.5,-0.15235866993907118,-10.157244662604745
48,1.5,20,0.2,1.5,0.4,12,2026-09-13,1,0.5,-0.20848524133797358,-41.69704826759472
48,1.5,20,0.2,1.5,0.4,12,2026-09-15,1,0.5,-0.12629369480248215,-25.25873896049643
48,1.5,20,0.2,1.5,0.4,12,2026-09-17,1,0.5,-0.11753849647179404,-23.507699294358808
48,1.5,20,0.2,1.5,0.4,12,2026-09-20,2,1.0,0.5818444203996549,58.18444203996549
48,1.5,20,0.2,1.5,0.4,24,2026-09-13,1,0.5,-0.20848524133797358,-41.69704826759472
48,1.5,20,0.2,1.5,0.4,24,2026-09-15,1,0.5,-0.12629369480248215,-25.25873896049643
48,1.5,20,0.2,1.5,0.4,24,2026-09-17,1,0.5,-0.11753849647179404,-23.507699294358808
48,1.5,20,0.2,1.5,0.4,24,2026-09-20,2,1.0,0.1725162977549941,17.25162977549941
48,1.5,20,0.2,1.5,0.4,48,2026-09-13,1,0.5,-0.20848524133797358,-41.69704826759472
48,1.5,20,0.2,1.5,0.4,48,2026-09-15,1,0.5,-0.12629369480248215,-25.25873896049643
48,1.5,20,0.2,1.5,0.4,48,2026-09-17,1,0.5,-0.11753849647179404,-23.507699294358808
48,1.5,20,0.2,1.5,0.4,48,2026-09-20,2,1.0,0.1725162977549941,17.25162977549941
48,1.5,20,0.2,1.5,0.4,96,2026-09-13,1,0.5,-0.20848524133797358,-41.69704826759472
48,1.5,20,0.2,1.5,0.4,96,2026-09-15,1,0.5,-0.12629369480248215,-25.25873896049643
48,1.5,20,0.2,1.5,0.4,96,2026-09-17,1,0.5,-0.11753849647179404,-23.507699294358808
48,1.5,20,0.2,1.5,0.4,96,2026-09-20,2,1.0,0.1725162977549941,17.25162977549941
48,1.5,20,0.2,1.5,0.55,12,2026-09-13,1,0.5,-0.20848524133797358,-41.69704826759472
48,1.5,20,0.2,1.5,0.55,12,2026-09-15,1,0.5,-0.12629369480248215,-25.25873896049643
48,1.5,20,0.2,1.5,0.55,12,2026-09-17,1,0.5,-0.11753849647179404,-23.507699294358808
48,1.5,20,0.2,1.5,0.55,12,2026-09-20,2,1.0,0.5818444203996549,58.18444203996549
48,1.5,20,0.2,1.5,0.55,24,2026-09-13,1,0.5,-0.20848524133797358,-41.69704826759472
48,1.5,20,0.2,1.5,0.55,24,2026-09-15,1,0.5,-0.12629369480248215,-25.25873896049643
48,1.5,20,0.2,1.5,0.55,24,2026-09-17,1,0.5,-0.11753849647179404,-23.507699294358808
48,1.5,20,0.2,1.5,0.55,24,2026-09-20,2,1.0,0.09066714609917481,9.066714609917481
48,1.5,20,0.2,1.5,0.55,48,2026-09-13,1,0.5,-0.20848524133797358,-41.69704826759472
48,1.5,20,0.2,1.5,0.55,48,2026-09-15,1,0.5,-0.12629369480248215,-25.25873896049643
48,1.5,20,0.2,1.5,0.55,48,2026-09-17,1,0.5,-0.11753849647179404,-23.507699294358808
48,1.5,20,0.2,1.5,0.55,48,2026-09-20,2,1.0,0.09066714609917481,9.066714609917481
48,1.5,20,0.2,1.5,0.55,96,2026-09-13,1,0.5,-0.20848524133797358,-41.69704826759472
48,1.5,20,0.2,1.5,0.55,96,2026-09-15,1,0.5,-0.12629369480248215,-25.25873896049643
48,1.5,20,0.2,1.5,0.55,96,2026-09-17,1,0.5,-0.11753849647179404,-23.507699294358808
48,1.5,20,0.2,1.5,0.55,96,2026-09-20,2,1.0,0.09066714609917481,9.066714609917481
48,1.5,20,0.2,2.0,0.4,12,2026-09-13,1,0.5,-0.20848524133797358,-41.69704826759472
48,1.5,20,0.2,2.0,0.4,12,2026-09-15,1,0.5,-0.12629369480248215,-25.25873896049643
48,1.5,20,0.2,2.0,0.4,12,2026-09-17,1,0.5,-0.11753849647179404,-23.507699294358808
48,1.5,20,0.2,2.0,0.4,12,2026-09-20,2,1.0,0.6569552546477555,65.69552546477556
48,1.5,20,0.2,2.0,0.4,24,2026-09-13,1,0.5,-0.20848524133797358,-41.69704826759472
48,1.5,20,0.2,2.0,0.4,24,2026-09-15,1,0.5,-0.12629369480248215,-25.25873896049643
48,1.5,20,0.2,2.0,0.4,24,2026-09-17,1,0.5,-0.11753849647179404,-23.507699294358808
48,1.5,20,0.2,2.0,0.4,24,2026-09-20,2,1.0,0.22125817235853668,22.125817235853667
48,1.5,20,0.2,2.0,0.4,48,2026-09-13,1,0.5,-0.20848524133797358,-41.69704826759472
48,1.5,20,0.2,2.0,0.4,48,2026-09-15,1,0.5,-0.12629369480248215,-25.25873896049643
48,1.5,20,0.2,2.0,0.4,48,2026-09-17,1,0.5,-0.11753849647179404,-23.507699294358808
48,1.5,20,0.2,2.0,0.4,48,2026-09-20,2,1.0,0.22125817235853668,22.125817235853667
48,1.5,20,0.2,2.0,0.4,96,2026-09-13,1,0.5,-0.20848524133797358,-41.69704826759472
48,1.5,20,0.2,2.0,0.4,96,2026-09-15,1,0.5,-0.12629369480248215,-25.25873896049643
48,1.5,20,0.2,2.0,0.4,96,2026-09-17,1,0.5,-0.11753849647179404,-23.507699294358808
48,1.5,20,0.2,2.0,0.4,96,2026-09-20,2,1.0,0.22125817235853668,22.125817235853667
48,1.5,20,0.2,2.0,0.55,12,2026-09-13,1,0.5,-0.20848524133797358,-41.69704826759472
48,1.5,20,0.2,2.0,0.55,12,2026-09-15,1,0.5,-0.12629369480248215,-25.25873896049643
48,1.5,20,0.2,2.0,0.55,12,2026-09-17,1,0.5,-0.11753849647179404,-23.507699294358808
48,1.5,20,0.2,2.0,0.55,12,2026-09-20,2,1.0,0.6569552546477555,65.69552546477556
48,1.5,20,0.2,2.0,0.55,24,2026-09-13,1,0.5,-0.20848524133797358,-41.69704826759472
48,1.5,20,0.2,2.0,0.55,24,2026-09-15,1,0.5,-0.12629369480248215,-25.25873896049643
48,1.5,20,0.2,2.0,0.55,24,2026-09-17,1,0.5,-0.11753849647179404,-23.507699294358808
48,1.5,20,0.2,2.0,0.55,24,2026-09-20,2,1.0,0.12534974888029315,12.534974888029316
48,1.5,20,0.2,2.0,0.55,48,2026-09-13,1,0.5,-0.20848524133797358,-41.69704826759472
48,1.5,20,0.2,2.0,0.55,48,2026-09-15,1,0.5,-0.12629369480248215,-25.25873896049643
48,1.5,20,0.2,2.0,0.55,48,2026-09-17,1,0.5,-0.11753849647179404,-23.507699294358808
48,1.5,20,0.2,2.0,0.55,48,2026-09-20,2,1.0,0.12534974888029315,12.534974888029316
48,1.5,20,0.2,2.0,0.55,96,2026-09-13,1,0.5,-0.20848524133797358,-41.69704826759472
48,1.5,20,0.2,2.0,0.55,96,2026-09-15,1,0.5,-0.12629369480248215,-25.25873896049643
48,1.5,20,0.2,2.0,0.55,96,2026-09-17,1,0.5,-0.11753849647179404,-23.507699294358808
48,1.5,20,0.2,2.0,0.55,96,2026-09-20,2,1.0,0.12534974888029315,12.534974888029316
48,1.5,20,0.3,1.5,0.4,12,2026-09-13,1,0.5,-0.20848524133797358,-41.69704826759472
48,1.5,20,0.3,1.5,0.4,12,2026-09-15,1,0.5,-0.16900146876906624,-33.80029375381325
48,1.5,20,0.3,1.5,0.4,12,2026-09-17,1,0.5,-0.4714386372698396,-94.28772745396792
48,1.5,20,0.3,1.5,0.4,12,2026-09-20,2,1.0,0.5818444203996549,58.18444203996549
48,1.5,20,0.3,1.5,0.4,24,2026-09-13,1,0.5,-0.20848524133797358,-41.69704826759472
48,1.5,20,0.3,1.5,0.4,24,2026-09-15,1,0.5,-0.16900146876906624,-33.80029375381325
48,1.5,20,0.3,1.5,0.4,24,2026-09-17,1,0.5,-0.4714386372698396,-94.28772745396792
48,1.5,20,0.3,1.5,0.4,24,2026-09-20,2,1.0,0.07984773833227865,7.984773833227866
48,1.5,20,0.3,1.5,0.4,48,2026-09-13,1,0.5,-0.20848524133797358,-41.69704826759472
48,1.5,20,0.3,1.5,0.4,48,2026-09-15,1,0.5,-0.16900146876906624,-33.80029375381325
48,1.5,20,0.3,1.5,0.4,48,2026-09-17,1,0.5,-0.4714386372698396,-94.28772745396792
48,1.5,20,0.3,1.5,0.4,48,2026-09-20,2,1.0,0.07984773833227865,7.984773833227866
48,1.5,20,0.3,1.5,0.4,96,2026-09-13,1,0.5,-0.20848524133797358,-41.69704826759472
48,1.5,20,0.3,1.5,0.4,96,2026-09-15,1,0.5,-0.16900146876906624,-33.80029375381325
48,1.5,20,0.3,1.5,0.4,96,2026-09-17,1,0.5,-0.4714386372698396,-94.28772745396792
48,1.5,20,0.3,1.5,0.4,96,2026-09-20,2,1.0,0.07984773833227865,7.984773833227866
48,1.5,20,0.3,1.5,0.55,12,2026-09-13,1,0.5,-0.20848524133797358,-41.69704826759472
48,1.5,20,0.3,1.5,0.55,12,2026-09-15,1,0.5,-0.16900146876906624,-33.80029375381325
48,1.5,20,0.3,1.5,0.55,12,2026-09-17,1,0.5,-0.4714386372698396,-94.28772745396792
48,1.5,20,0.3,1.5,0.55,12,2026-09-20,2,1.0,0.5818444203996549,58.18444203996549
48,1.5,20,0.3,1.5,0.55,24,2026-09-13,1,0.5,-0.20848524133797358,-41.69704826759472
48,1.5,20,0.3,1.5,0.55,24,2026-09-15,1,0.5,-0.16900146876906624,-33.80029375381325
48,1.5,20,0.3,1.5,0.55,24,2026-09-17,1,0.5,-0.4714386372698396,-94.28772745396792
48,1.5,20,0.3,1.5,0.55,24,2026-09-20,2,1.0,-0.002001413323540646,-0.20014133235406462
48,1.5,20,0.3,1.5,0.55,48,2026-09-13,1,0.5,-0.20848524133797358,-41.69704826759472
48,1.5,20,0.3,1.5,0.55,48,2026-09-15,1,0.5,-0.16900146876906624,-33.80029375381325
48,1.5,20,0.3,1.5,0.55,48,2026-09-17,1,0.5,-0.4714386372698396,-94.28772745396792
48,1.5,20,0.3,1.5,0.55,48,2026-09-20,2,1.0,-0.002001413323540646,-0.20014133235406462
48,1.5,20,0.3,1.5,0.55,96,2026-09-13,1,0.5,-0.20848524133797358,-41.69704826759472
48,1.5,20,0.3,1.5,0.55,96,2026-09-15,1,0.5,-0.16900146876906624,-33.80029375381325
48,1.5,20,0.3,1.5,0.55,96,2026-09-17,1,0.5,-0.4714386372698396,-94.28772745396792
48,1.5,20,0.3,1.5,0.55,96,2026-09-20,2,1.0,-0.002001413323540646,-0.20014133235406462
48,1.5,20,0.3,2.0,0.4,12,2026-09-13,1,0.5,-0.20848524133797358,-41.69704826759472
48,1.5,20,0.3,2.0,0.4,12,2026-09-15,1,0.5,-0.16900146876906624,-33.80029375381325
48,1.5,20,0.3,2.0,0.4,12,2026-09-17,1,0.5,-0.4714386372698396,-94.28772745396792
48,1.5,20,0.3,2.0,0.4,12,2026-09-20,2,1.0,0.6569552546477555,65.69552546477556
48,1.5,20,0.3,2.0,0.4,24,2026-09-13,1,0.5,-0.20848524133797358,-41.69704826759472
48,1.5,20,0.3,2.0,0.4,24,2026-09-15,1,0.5,-0.16900146876906624,-33.80029375381325
48,1.5,20,0.3,2.0,0.4,24,2026-09-17,1,0.5,-0.4714386372698396,-94.28772745396792
48,1.5,20,0.3,2.0,0.4,24,2026-09-20,2,1.0,0.12858961293582122,12.85896129358212
48,1.5,20,0.3,2.0,0.4,48,2026-09-13,1,0.5,-0.20848524133797358,-41.69704826759472
48,1.5,20,0.3,2.0,0.4,48,2026-09-15,1,0.5,-0.16900146876906624,-33.80029375381325
48,1.5,20,0.3,2.0,0.4,48,2026-09-17,1,0.5,-0.4714386372698396,-94.28772745396792
48,1.5,20,0.3,2.0,0.4,48,2026-09-20,2,1.0,0.12858961293582122,12.85896129358212
48,1.5,20,0.3,2.0,0.4,96,2026-09-13,1,0.5,-0.20848524133797358,-41.69704826759472
48,1.5,20,0.3,2.0,0.4,96,2026-09-15,1,0.5,-0.16900146876906624,-33.80029375381325
48,1.5,20,0.3,2.0,0.4,96,2026-09-17,1,0.5,-0.4714386372698396,-94.28772745396792
48,1.5,20,0.3,2.0,0.4,96,2026-09-20,2,1.0,0.12858961293582122,12.85896129358212
48,1.5,20,0.3,2.0,0.55,12,2026-09-13,1,0.5,-0.20848524133797358,-41.69704826759472
48,1.5,20,0.3,2.0,0.55,12,2026-09-15,1,0.5,-0.16900146876906624,-33.80029375381325
48,1.5,20,0.3,2.0,0.55,12,2026-09-17,1,0.5,-0.4714386372698396,-94.28772745396792
48,1.5,20,0.3,2.0,0.55,12,2026-09-20,2,1.0,0.6569552546477555,65.69552546477556
48,1.5,20,0.3,2.0,0.55,24,2026-09-13,1,0.5,-0.20848524133797358,-41.69704826759472
48,1.5,20,0.3,2.0,0.55,24,2026-09-15,1,0.5,-0.16900146876906624,-33.80029375381325
48,1.5,20,0.3,2.0,0.55,24,2026-09-17,1,0.5,-0.4714386372698396,-94.28772745396792
48,1.5,20,0.3,2.0,0.55,24,2026-09-20,2,1.0,0.0326811894575777,3.26811894575777
48,1.5,20,0.3,2.0,0.55,48,2026-09-13,1,0.5,-0.20848524133797358,-41.69704826759472
48,1.5,20,0.3,2.0,0.55,48,2026-09-15,1,0.5,-0.16900146876906624,-33.80029375381325
48,1.5,20,0.3,2.0,0.55,48,2026-09-17,1,0.5,-0.4714386372698396,-94.28772745396792
48,1.5,20,0.3,2.0,0.55,48,2026-09-20,2,1.0,0.0326811894575777,3.26811894575777
48,1.5,20,0.3,2.0,0.55,96,2026-09-13,1,0.5,-0.20848524133797358,-41.69704826759472
48,1.5,20,0.3,2.0,0.55,96,2026-09-15,1,0.5,-0.16900146876906624,-33.80029375381325
48,1.5,20,0.3,2.0,0.55,96,2026-09-17,1,0.5,-0.4714386372698396,-94.28772745396792
48,1.5,20,0.3,2.0,0.55,96,2026-09-20,2,1.0,0.0326811894575777,3.26811894575777
48,2.0,1,0.2,1.5,0.4,12,2026-09-13,1,0.5,-0.20848524133797358,-41.69704826759472
48,2.0,1,0.2,1.5,0.4,12,2026-09-15,1,0.5,-0.12629369480248215,-25.25873896049643
48,2.0,1,0.2,1.5,0.4,12,2026-09-17,1,0.5,-0.11753849647179404,-23.507699294358808
48,2.0,1,0.2,1.5,0.4,12,2026-09-20,2,1.0,0.5818444203996549,58.18444203996549
48,2.0,1,0.2,1.5,0.4,24,2026-09-13,1,0.5,-0.20848524133797358,-41.69704826759472
48,2.0,1,0.2,1.5,0.4,24,2026-09-15,1,0.5,-0.12629369480248215,-25.25873896049643
48,2.0,1,0.2,1.5,0.4,24,2026-09-17,1,0.5,-0.11753849647179404,-23.507699294358808
48,2.0,1,0.2,1.5,0.4,24,2026-09-20,2,1.0,0.1725162977549941,17.25162977549941
48,2.0,1,0.2,1.5,0.4,48,2026-09-13,1,0.5,-0.20848524133797358,-41.69704826759472
48,2.0,1,0.2,1.5,0.4,48,2026-09-15,1,0.5,-0.12629369480248215,-25.25873896049643
48,2.0,1,0.2,1.5,0.4,48,2026-09-17,1,0.5,-0.11753849647179404,-23.507699294358808
48,2.0,1,0.2,1.5,0.4,48,2026-09-20,2,1.0,0.1725162977549941,17.25162977549941
48,2.0,1,0.2,1.5,0.4,96,2026-09-13,1,0.5,-0.20848524133797358,-41.69704826759472
48,2.0,1,0.2,1.5,0.4,96,2026-09-15,1,0.5,-0.12629369480248215,-25.25873896049643
48,2.0,1,0.2,1.5,0.4,96,2026-09-17,1,0.5,-0.11753849647179404,-23.507699294358808
48,2.0,1,0.2,1.5,0.4,96,2026-09-20,2,1.0,0.1725162977549941,17.25162977549941
48,2.0,1,0.2,1.5,0.55,12,2026-09-13,1,0.5,-0.20848524133797358,-41.69704826759472
48,2.0,1,0.2,1.5,0.55,12,2026-09-15,1,0.5,-0.12629369480248215,-25.25873896049643
48,2.0,1,0.2,1.5,0.55,12,2026-09-17,1,0.5,-0.11753849647179404,-23.507699294358808
48,2.0,1,0.2,1.5,0.55,12,2026-09-20,2,1.0,0.5818444203996549,58.18444203996549
48,2.0,1,0.2,1.5,0.55,24,2026-09-13,1,0.5,-0.20848524133797358,-41.69704826759472
48,2.0,1,0.2,1.5,0.55,24,2026-09-15,1,0.5,-0.12629369480248215,-25.25873896049643
48,2.0,1,0.2,1.5,0.55,24,2026-09-17,1,0.5,-0.11753849647179404,-23.507699294358808
48,2.0,1,0.2,1.5,0.55,24,2026-09-20,2,1.0,0.09066714609917481,9.066714609917481
48,2.0,1,0.2,1.5,0.55,48,2026-09-13,1,0.5,-0.20848524133797358,-41.69704826759472
48,2.0,1,0.2,1.5,0.55,48,2026-09-15,1,0.5,-0.12629369480248215,-25.25873896049643
48,2.0,1,0.2,1.5,0.55,48,2026-09-17,1,0.5,-0.11753849647179404,-23.507699294358808
48,2.0,1,0.2,1.5,0.55,48,2026-09-20,2,1.0,0.09066714609917481,9.066714609917481
48,2.0,1,0.2,1.5,0.55,96,2026-09-13,1,0.5,-0.20848524133797358,-41.69704826759472
48,2.0,1,0.2,1.5,0.55,96,2026-09-15,1,0.5,-0.12629369480248215,-25.25873896049643
48,2.0,1,0.2,1.5,0.55,96,2026-09-17,1,0.5,-0.11753849647179404,-23.507699294358808
48,2.0,1,0.2,1.5,0.55,96,2026-09-20,2,1.0,0.09066714609917481,9.066714609917481
48,2.0,1,0.2,2.0,0.4,12,2026-09-13,1,0.5,-0.20848524133797358,-41.69704826759472
48,2.0,1,0.2,2.0,0.4,12,2026-09-15,1,0.5,-0.12629369480248215,-25.25873896049643
48,2.0,1,0.2,2.0,0.4,12,2026-09-17,1,0.5,-0.11753849647179404,-23.507699294358808
48,2.0,1,0.2,2.0,0.4,12,2026-09-20,2,1.0,0.6569552546477555,65.69552546477556
48,2.0,1,0.2,2.0,0.4,24,2026-09-13,1,0.5,-0.20848524133797358,-41.69704826759472
48,2.0,1,0.2,2.0,0.4,24,2026-09-15,1,0.5,-0.12629369480248215,-25.25873896049643
48,2.0,1,0.2,2.0,0.4,24,2026-09-17,1,0.5,-0.11753849647179404,-23.507699294358808
48,2.0,1,0.2,2.0,0.4,24,2026-09-20,2,1.0,0.22125817235853668,22.125817235853667
48,2.0,1,0.2,2.0,0.4,48,2026-09-13,1,0.5,-0.20848524133797358,-41.69704826759472
48,2.0,1,0.2,2.0,0.4,48,2026-09-15,1,0.5,-0.12629369480248215,-25.25873896049643
48,2.0,1,0.2,2.0,0.4,48,2026-09-17,1,0.5,-0.11753849647179404,-23.507699294358808
48,2.0,1,0.2,2.0,0.4,48,2026-09-20,2,1.0,0.22125817235853668,22.125817235853667
48,2.0,1,0.2,2.0,0.4,96,2026-09-13,1,0.5,-0.20848524133797358,-41.69704826759472
48,2.0,1,0.2,2.0,0.4,96,2026-09-15,1,0.5,-0.12629369480248215,-25.25873896049643
48,2.0,1,0.2,2.0,0.4,96,2026-09-17,1,0.5,-0.11753849647179404,-23.507699294358808
48,2.0,1,0.2,2.0,0.4,96,2026-09-20,2,1.0,0.22125817235853668,22.125817235853667
48,2.0,1,0.2,2.0,0.55,12,2026-09-13,1,0.5,-0.20848524133797358,-41.69704826759472
48,2.0,1,0.2,2.0,0.55,12,2026-09-15,1,0.5,-0.12629369480248215,-25.25873896049643
48,2.0,1,0.2,2.0,0.55,12,2026-09-17,1,0.5,-0.11753849647179404,-23.507699294358808
48,2.0,1,0.2,2.0,0.55,12,2026-09-20,2,1.0,0.6569552546477555,65.69552546477556
48,2.0,1,0.2,2.0,0.55,24,2026-09-13,1,0.5,-0.20848524133797358,-41.69704826759472
48,2.0,1,0.2,2.0,0.55,24,2026-09-15,1,0.5,-0.12629369480248215,-25.25873896049643
48,2.0,1,0.2,2.0,0.55,24,2026-09-17,1,0.5,-0.11753849647179404,-23.507699294358808
48,2.0,1,0.2,2.0,0.55,24,2026-09-20,2,1.0,0.12534974888029315,12.534974888029316
48,2.0,1,0.2,2.0,0.55,48,2026-09-13,1,0.5,-0.20848524133797358,-41.69704826759472
48,2.0,1,0.2,2.0,0.55,48,2026-09-15,1,0.5,-0.12629369480248215,-25.25873896049643
48,2.0,1,0.2,2.0,0.55,48,2026-09-17,1,0.5,-0.11753849647179404,-23.507699294358808
48,2.0,1,0.2,2.0,0.55,48,2026-09-20,2,1.0,0.12534974888029315,12.534974888029316
48,2.0,1,0.2,2.0,0.55,96,2026-09-13,1,0.5,-0.20848524133797358,-41.69704826759472
48,2.0,1,0.2,2.0,0.55,96,2026-09-15,1,0.5,-0.12629369480248215,-25.25873896049643
48,2.0,1,0.2,2.0,0.55,96,2026-09-17,1,0.5,-0.11753849647179404,-23.507699294358808
48,2.0,1,0.2,2.0,0.55,96,2026-09-20,2,1.0,0.12534974888029315,12.534974888029316
48,2.0,1,0.3,1.5,0.4,12,2026-09-13,1,0.5,-0.20848524133797358,-41.69704826759472
48,2.0,1,0.3,1.5,0.4,12,2026-09-15,1,0.5,-0.16900146876906624,-33.80029375381325
48,2.0,1,0.3,1.5,0.4,12,2026-09-17,1,0.5,-0.4714386372698396,-94.28772745396792
48,2.0,1,0.3,1.5,0.4,12,2026-09-20,2,1.0,0.5818444203996549,58.18444203996549
48,2.0,1,0.3,1.5,0.4,24,2026-09-13,1,0.5,-0.20848524133797358,-41.69704826759472
48,2.0,1,0.3,1.5,0.4,24,2026-09-15,1,0.5,-0.16900146876906624,-33.80029375381325
48,2.0,1,0.3,1.5,0.4,24,2026-09-17,1,0.5,-0.4714386372698396,-94.28772745396792
48,2.0,1,0.3,1.5,0.4,24,2026-09-20,2,1.0,0.07984773833227865,7.984773833227866
48,2.0,1,0.3,1.5,0.4,48,2026-09-13,1,0.5,-0.20848524133797358,-41.69704826759472
48,2.0,1,0.3,1.5,0.4,48,2026-09-15,1,0.5,-0.16900146876906624,-33.80029375381325
48,2.0,1,0.3,1.5,0.4,48,2026-09-17,1,0.5,-0.4714386372698396,-94.28772745396792
48,2.0,1,0.3,1.5,0.4,48,2026-09-20,2,1.0,0.07984773833227865,7.984773833227866
48,2.0,1,0.3,1.5,0.4,96,2026-09-13,1,0.5,-0.20848524133797358,-41.69704826759472
48,2.0,1,0.3,1.5,0.4,96,2026-09-15,1,0.5,-0.16900146876906624,-33.80029375381325
48,2.0,1,0.3,1.5,0.4,96,2026-09-17,1,0.5,-0.4714386372698396,-94.28772745396792
48,2.0,1,0.3,1.5,0.4,96,2026-09-20,2,1.0,0.07984773833227865,7.984773833227866
48,2.0,1,0.3,1.5,0.55,12,2026-09-13,1,0.5,-0.20848524133797358,-41.69704826759472
48,2.0,1,0.3,1.5,0.55,12,2026-09-15,1,0.5,-0.16900146876906624,-33.80029375381325
48,2.0,1,0.3,1.5,0.55,12,2026-09-17,1,0.5,-0.4714386372698396,-94.28772745396792
48,2.0,1,0.3,1.5,0.55,12,2026-09-20,2,1.0,0.5818444203996549,58.18444203996549
48,2.0,1,0.3,1.5,0.55,24,2026-09-13,1,0.5,-0.20848524133797358,-41.69704826759472
48,2.0,1,0.3,1.5,0.55,24,2026-09-15,1,0.5,-0.16900146876906624,-33.80029375381325
48,2.0,1,0.3,1.5,0.55,24,2026-09-17,1,0.5,-0.4714386372698396,-94.28772745396792
48,2.0,1,0.3,1.5,0.55,24,2026-09-20,2,1.0,-0.002001413323540646,-0.20014133235406462
48,2.0,1,0.3,1.5,0.55,48,2026-09-13,1,0.5,-0.20848524133797358,-41.69704826759472
48,2.0,1,0.3,1.5,0.55,48,2026-09-15,1,0.5,-0.16900146876906624,-33.80029375381325
48,2.0,1,0.3,1.5,0.55,48,2026-09-17,1,0.5,-0.4714386372698396,-94.28772745396792
48,2.0,1,0.3,1.5,0.55,48,2026-09-20,2,1.0,-0.002001413323540646,-0.20014133235406462
48,2.0,1,0.3,1.5,0.55,96,2026-09-13,1,0.5,-0.20848524133797358,-41.69704826759472
48,2.0,1,0.3,1.5,0.55,96,2026-09-15,1,0.5,-0.16900146876906624,-33.80029375381325
48,2.0,1,0.3,1.5,0.55,96,2026-09-17,1,0.5,-0.4714386372698396,-94.28772745396792
48,2.0,1,0.3,1.5,0.55,96,2026-09-20,2,1.0,-0.002001413323540646,-0.20014133235406462
48,2.0,1,0.3,2.0,0.4,12,2026-09-13,1,0.5,-0.20848524133797358,-41.69704826759472
48,2.0,1,0.3,2.0,0.4,12,2026-09-15,1,0.5,-0.16900146876906624,-33.80029375381325
48,2.0,1,0.3,2.0,0.4,12,2026-09-17,1,0.5,-0.4714386372698396,-94.28772745396792
48,2.0,1,0.3,2.0,0.4,12,2026-09-20,2,1.0,0.6569552546477555,65.69552546477556
48,2.0,1,0.3,2.0,0.4,24,2026-09-13,1,0.5,-0.20848524133797358,-41.69704826759472
48,2.0,1,0.3,2.0,0.4,24,2026-09-15,1,0.5,-0.16900146876906624,-33.80029375381325
48,2.0,1,0.3,2.0,0.4,24,2026-09-17,1,0.5,-0.4714386372698396,-94.28772745396792
48,2.0,1,0.3,2.0,0.4,24,2026-09-20,2,1.0,0.12858961293582122,12.85896129358212
48,2.0,1,0.3,2.0,0.4,48,2026-09-13,1,0.5,-0.20848524133797358,-41.69704826759472
48,2.0,1,0.3,2.0,0.4,48,2026-09-15,1,0.5,-0.16900146876906624,-33.80029375381325
48,2.0,1,0.3,2.0,0.4,48,2026-09-17,1,0.5,-0.4714386372698396,-94.28772745396792
48,2.0,1,0.3,2.0,0.4,48,2026-09-20,2,1.0,0.12858961293582122,12.85896129358212
48,2.0,1,0.3,2.0,0.4,96,2026-09-13,1,0.5,-0.20848524133797358,-41.69704826759472
48,2.0,1,0.3,2.0,0.4,96,2026-09-15,1,0.5,-0.16900146876906624,-33.80029375381325
48,2.0,1,0.3,2.0,0.4,96,2026-09-17,1,0.5,-0.4714386372698396,-94.28772745396792
48,2.0,1,0.3,2.0,0.4,96,2026-09-20,2,1.0,0.12858961293582122,12.85896129358212
48,2.0,1,0.3,2.0,0.55,12,2026-09-13,1,0.5,-0.20848524133797358,-41.69704826759472
48,2.0,1,0.3,2.0,0.55,12,2026-09-15,1,0.5,-0.16900146876906624,-33.80029375381325
48,2.0,1,0.3,2.0,0.55,12,2026-09-17,1,0.5,-0.4714386372698396,-94.28772745396792
48,2.0,1,0.3,2.0,0.55,12,2026-09-20,2,1.0,0.6569552546477555,65.69552546477556
48,2.0,1,0.3,2.0,0.55,24,2026-09-13,1,0.5,-0.20848524133797358,-41.69704826759472
48,2.0,1,0.3,2.0,0.55,24,2026-09-15,1,0.5,-0.16900146876906624,-33.80029375381325
48,2.0,1,0.3,2.0,0.55,24,2026-09-17,1,0.5,-0.4714386372698396,-94.28772745396792
48,2.0,1,0.3,2.0,0.55,24,2026-09-20,2,1.0,0.0326811894575777,3.26811894575777
48,2.0,1,0.3,2.0,0.55,48,2026-09-13,1,0.5,-0.20848524133797358,-41.69704826759472
48,2.0,1,0.3,2.0,0.55,48,2026-09-15,1,0.5,-0.16900146876906624,-33.80029375381325
48,2.0,1,0.3,2.0,0.55,48,2026-09-17,1,0.5,-0.4714386372698396,-94.28772745396792
48,2.0,1,0.3,2.0,0.55,48,2026-09-20,2,1.0,0.0326811894575777,3.26811894575777
48,2.0,1,0.3,2.0,0.55,96,2026-09-13,1,0.5,-0.20848524133797358,-41.69704826759472
48,2.0,1,0.3,2.0,0.55,96,2026-09-15,1,0.5,-0.16900146876906624,-33.80029375381325
48,2.0,1,0.3,2.0,0.55,96,2026-09-17,1,0.5,-0.4714386372698396,-94.28772745396792
48,2.0,1,0.3,2.0,0.55,96,2026-09-20,2,1.0,0.0326811894575777,3.26811894575777
48,2.0,5,0.2,1.5,0.4,12,2026-09-13,1,0.5,-0.20848524133797358,-41.69704826759472
48,2.0,5,0.2,1.5,0.4,12,2026-09-15,1,0.5,-0.12629369480248215,-25.25873896049643
48,2.0,5,0.2,1.5,0.4,12,2026-09-17,1,0.5,-0.11753849647179404,-23.507699294358808
48,2.0,5,0.2,1.5,0.4,12,2026-09-20,2,1.0,0.5818444203996549,58.18444203996549
48,2.0,5,0.2,1.5,0.4,24,2026-09-13,1,0.5,-0.20848524133797358,-41.69704826759472
48,2.0,5,0.2,1.5,0.4,24,2026-09-15,1,0.5,-0.12629369480248215,-25.25873896049643
48,2.0,5,0.2,1.5,0.4,24,2026-09-17,1,0.5,-0.11753849647179404,-23.507699294358808
48,2.0,5,0.2,1.5,0.4,24,2026-09-20,2,1.0,0.1725162977549941,17.25162977549941
48,2.0,5,0.2,1.5,0.4,48,2026-09-13,1,0.5,-0.20848524133797358,-41.69704826759472
48,2.0,5,0.2,1.5,0.4,48,2026-09-15,1,0.5,-0.12629369480248215,-25.25873896049643
48,2.0,5,0.2,1.5,0.4,48,2026-09-17,1,0.5,-0.11753849647179404,-23.507699294358808
48,2.0,5,0.2,1.5,0.4,48,2026-09-20,2,1.0,0.1725162977549941,17.25162977549941
48,2.0,5,0.2,1.5,0.4,96,2026-09-13,1,0.5,-0.20848524133797358,-41.69704826759472
48,2.0,5,0.2,1.5,0.4,96,2026-09-15,1,0.5,-0.12629369480248215,-25.25873896049643
48,2.0,5,0.2,1.5,0.4,96,2026-09-17,1,0.5,-0.11753849647179404,-23.507699294358808
48,2.0,5,0.2,1.5,0.4,96,2026-09-20,2,1.0,0.1725162977549941,17.25162977549941
48,2.0,5,0.2,1.5,0.55,12,2026-09-13,1,0.5,-0.20848524133797358,-41.69704826759472
48,2.0,5,0.2,1.5,0.55,12,2026-09-15,1,0.5,-0.12629369480248215,-25.25873896049643
48,2.0,5,0.2,1.5,0.55,12,2026-09-17,1,0.5,-0.11753849647179404,-23.507699294358808
48,2.0,5,0.2,1.5,0.55,12,2026-09-20,2,1.0,0.5818444203996549,58.18444203996549
48,2.0,5,0.2,1.5,0.55,24,2026-09-13,1,0.5,-0.20848524133797358,-41.69704826759472
48,2.0,5,0.2,1.5,0.55,24,2026-09-15,1,0.5,-0.12629369480248215,-25.25873896049643
48,2.0,5,0.2,1.5,0.55,24,2026-09-17,1,0.5,-0.11753849647179404,-23.507699294358808
48,2.0,5,0.2,1.5,0.55,24,2026-09-20,2,1.0,0.09066714609917481,9.066714609917481
48,2.0,5,0.2,1.5,0.55,48,2026-09-13,1,0.5,-0.20848524133797358,-41.69704826759472
48,2.0,5,0.2,1.5,0.55,48,2026-09-15,1,0.5,-0.12629369480248215,-25.25873896049643
48,2.0,5,0.2,1.5,0.55,48,2026-09-17,1,0.5,-0.11753849647179404,-23.507699294358808
48,2.0,5,0.2,1.5,0.55,48,2026-09-20,2,1.0,0.09066714609917481,9.066714609917481
48,2.0,5,0.2,1.5,0.55,96,2026-09-13,1,0.5,-0.20848524133797358,-41.69704826759472
48,2.0,5,0.2,1.5,0.55,96,2026-09-15,1,0.5,-0.12629369480248215,-25.25873896049643
48,2.0,5,0.2,1.5,0.55,96,2026-09-17,1,0.5,-0.11753849647179404,-23.507699294358808
48,2.0,5,0.2,1.5,0.55,96,2026-09-20,2,1.0,0.09066714609917481,9.066714609917481
48,2.0,5,0.2,2.0,0.4,12,2026-09-13,1,0.5,-0.20848524133797358,-41.69704826759472
48,2.0,5,0.2,2.0,0.4,12,2026-09-15,1,0.5,-0.12629369480248215,-25.25873896049643
48,2.0,5,0.2,2.0,0.4,12,2026-09-17,1,0.5,-0.11753849647179404,-23.507699294358808
48,2.0,5,0.2,2.0,0.4,12,2026-09-20,2,1.0,0.6569552546477555,65.69552546477556
48,2.0,5,0.2,2.0,0.4,24,2026-09-13,1,0.5,-0.20848524133797358,-41.69704826759472
48,2.0,5,0.2,2.0,0.4,24,2026-09-15,1,0.5,-0.12629369480248215,-25.25873896049643
48,2.0,5,0.2,2.0,0.4,24,2026-09-17,1,0.5,-0.11753849647179404,-23.507699294358808
48,2.0,5,0.2,2.0,0.4,24,2026-09-20,2,1.0,0.22125817235853668,22.125817235853667
48,2.0,5,0.2,2.0,0.4,48,2026-09-13,1,0.5,-0.20848524133797358,-41.69704826759472
48,2.0,5,0.2,2.0,0.4,48,2026-09-15,1,0.5,-0.12629369480248215,-25.25873896049643
48,2.0,5,0.2,2.0,0.4,48,2026-09-17,1,0.5,-0.11753849647179404,-23.507699294358808
48,2.0,5,0.2,2.0,0.4,48,2026-09-20,2,1.0,0.22125817235853668,22.125817235853667
48,2.0,5,0.2,2.0,0.4,96,2026-09-13,1,0.5,-0.20848524133797358,-41.69704826759472
48,2.0,5,0.2,2.0,0.4,96,2026-09-15,1,0.5,-0.12629369480248215,-25.25873896049643
48,2.0,5,0.2,2.0,0.4,96,2026-09-17,1,0.5,-0.11753849647179404,-23.507699294358808
48,2.0,5,0.2,2.0,0.4,96,2026-09-20,2,1.0,0.22125817235853668,22.125817235853667
48,2.0,5,0.2,2.0,0.55,12,2026-09-13,1,0.5,-0.20848524133797358,-41.69704826759472
48,2.0,5,0.2,2.0,0.55,12,2026-09-15,1,0.5,-0.12629369480248215,-25.25873896049643
48,2.0,5,0.2,2.0,0.55,12,2026-09-17,1,0.5,-0.11753849647179404,-23.507699294358808
48,2.0,5,0.2,2.0,0.55,12,2026-09-20,2,1.0,0.6569552546477555,65.69552546477556
48,2.0,5,0.2,2.0,0.55,24,2026-09-13,1,0.5,-0.20848524133797358,-41.69704826759472
48,2.0,5,0.2,2.0,0.55,24,2026-09-15,1,0.5,-0.12629369480248215,-25.25873896049643
48,2.0,5,0.2,2.0,0.55,24,2026-09-17,1,0.5,-0.11753849647179404,-23.507699294358808
48,2.0,5,0.2,2.0,0.55,24,2026-09-20,2,1.0,0.12534974888029315,12.534974888029316
48,2.0,5,0.2,2.0,0.55,48,2026-09-13,1,0.5,-0.20848524133797358,-41.69704826759472
48,2.0,5,0.2,2.0,0.55,48,2026-09-15,1,0.5,-0.12629369480248215,-25.25873896049643
48,2.0,5,0.2,2.0,0.55,48,2026-09-17,1,0.5,-0.11753849647179404,-23.507699294358808
48,2.0,5,0.2,2.0,0.55,48,2026-09-20,2,1.0,0.12534974888029315,12.534974888029316
48,2.0,5,0.2,2.0,0.55,96,2026-09-13,1,0.5,-0.20848524133797358,-41.69704826759472
48,2.0,5,0.2,2.0,0.55,96,2026-09-15,1,0.5,-0.12629369480248215,-25.25873896049643
48,2.0,5,0.2,2.0,0.55,96,2026-09-17,1,0.5,-0.11753849647179404,-23.507699294358808
48,2.0,5,0.2,2.0,0.55,96,2026-09-20,2,1.0,0.12534974888029315,12.534974888029316
48,2.0,5,0.3,1.5,0.4,12,2026-09-13,1,0.5,-0.20848524133797358,-41.69704826759472
48,2.0,5,0.3,1.5,0.4,12,2026-09-15,1,0.5,-0.16900146876906624,-33.80029375381325
48,2.0,5,0.3,1.5,0.4,12,2026-09-17,1,0.5,-0.4714386372698396,-94.28772745396792
48,2.0,5,0.3,1.5,0.4,12,2026-09-20,2,1.0,0.5818444203996549,58.18444203996549
48,2.0,5,0.3,1.5,0.4,24,2026-09-13,1,0.5,-0.20848524133797358,-41.69704826759472
48,2.0,5,0.3,1.5,0.4,24,2026-09-15,1,0.5,-0.16900146876906624,-33.80029375381325
48,2.0,5,0.3,1.5,0.4,24,2026-09-17,1,0.5,-0.4714386372698396,-94.28772745396792
48,2.0,5,0.3,1.5,0.4,24,2026-09-20,2,1.0,0.07984773833227865,7.984773833227866
48,2.0,5,0.3,1.5,0.4,48,2026-09-13,1,0.5,-0.20848524133797358,-41.69704826759472
48,2.0,5,0.3,1.5,0.4,48,2026-09-15,1,0.5,-0.16900146876906624,-33.80029375381325
48,2.0,5,0.3,1.5,0.4,48,2026-09-17,1,0.5,-0.4714386372698396,-94.28772745396792
48,2.0,5,0.3,1.5,0.4,48,2026-09-20,2,1.0,0.07984773833227865,7.984773833227866
48,2.0,5,0.3,1.5,0.4,96,2026-09-13,1,0.5,-0.20848524133797358,-41.69704826759472
48,2.0,5,0.3,1.5,0.4,96,2026-09-15,1,0.5,-0.16900146876906624,-33.80029375381325
48,2.0,5,0.3,1.5,0.4,96,2026-09-17,1,0.5,-0.4714386372698396,-94.28772745396792
48,2.0,5,0.3,1.5,0.4,96,2026-09-20,2,1.0,0.07984773833227865,7.984773833227866
48,2.0,5,0.3,1.5,0.55,12,2026-09-13,1,0.5,-0.20848524133797358,-41.69704826759472
48,2.0,5,0.3,1.5,0.55,12,2026-09-15,1,0.5,-0.16900146876906624,-33.80029375381325
48,2.0,5,0.3,1.5,0.55,12,2026-09-17,1,0.5,-0.4714386372698396,-94.28772745396792
48,2.0,5,0.3,1.5,0.55,12,2026-09-20,2,1.0,0.5818444203996549,58.18444203996549
48,2.0,5,0.3,1.5,0.55,24,2026-09-13,1,0.5,-0.20848524133797358,-41.69704826759472
48,2.0,5,0.3,1.5,0.55,24,2026-09-15,1,0.5,-0.16900146876906624,-33.80029375381325
48,2.0,5,0.3,1.5,0.55,24,2026-09-17,1,0.5,-0.4714386372698396,-94.28772745396792
48,2.0,5,0.3,1.5,0.55,24,2026-09-20,2,1.0,-0.002001413323540646,-0.20014133235406462
48,2.0,5,0.3,1.5,0.55,48,2026-09-13,1,0.5,-0.20848524133797358,-41.69704826759472
48,2.0,5,0.3,1.5,0.55,48,2026-09-15,1,0.5,-0.16900146876906624,-33.80029375381325
48,2.0,5,0.3,1.5,0.55,48,2026-09-17,1,0.5,-0.4714386372698396,-94.28772745396792
48,2.0,5,0.3,1.5,0.55,48,2026-09-20,2,1.0,-0.002001413323540646,-0.20014133235406462
48,2.0,5,0.3,1.5,0.55,96,2026-09-13,1,0.5,-0.20848524133797358,-41.69704826759472
48,2.0,5,0.3,1.5,0.55,96,2026-09-15,1,0.5,-0.16900146876906624,-33.80029375381325
48,2.0,5,0.3,1.5,0.55,96,2026-09-17,1,0.5,-0.4714386372698396,-94.28772745396792
48,2.0,5,0.3,1.5,0.55,96,2026-09-20,2,1.0,-0.002001413323540646,-0.20014133235406462
48,2.0,5,0.3,2.0,0.4,12,2026-09-13,1,0.5,-0.20848524133797358,-41.69704826759472
48,2.0,5,0.3,2.0,0.4,12,2026-09-15,1,0.5,-0.16900146876906624,-33.80029375381325
48,2.0,5,0.3,2.0,0.4,12,2026-09-17,1,0.5,-0.4714386372698396,-94.28772745396792
48,2.0,5,0.3,2.0,0.4,12,2026-09-20,2,1.0,0.6569552546477555,65.69552546477556
48,2.0,5,0.3,2.0,0.4,24,2026-09-13,1,0.5,-0.20848524133797358,-41.69704826759472
48,2.0,5,0.3,2.0,0.4,24,2026-09-15,1,0.5,-0.16900146876906624,-33.80029375381325
48,2.0,5,0.3,2.0,0.4,24,2026-09-17,1,0.5,-0.4714386372698396,-94.28772745396792
48,2.0,5,0.3,2.0,0.4,24,2026-09-20,2,1.0,0.12858961293582122,12.85896129358212
48,2.0,5,0.3,2.0,0.4,48,2026-09-13,1,0.5,-0.20848524133797358,-41.69704826759472
48,2.0,5,0.3,2.0,0.4,48,2026-09-15,1,0.5,-0.16900146876906624,-33.80029375381325
48,2.0,5,0.3,2.0,0.4,48,2026-09-17,1,0.5,-0.4714386372698396,-94.28772745396792
48,2.0,5,0.3,2.0,0.4,48,2026-09-20,2,1.0,0.12858961293582122,12.85896129358212
48,2.0,5,0.3,2.0,0.4,96,2026-09-13,1,0.5,-0.20848524133797358,-41.69704826759472
48,2.0,5,0.3,2.0,0.4,96,2026-09-15,1,0.5,-0.16900146876906624,-33.80029375381325
48,2.0,5,0.3,2.0,0.4,96,2026-09-17,1,0.5,-0.4714386372698396,-94.28772745396792
48,2.0,5,0.3,2.0,0.4,96,2026-09-20,2,1.0,0.12858961293582122,12.85896129358212
48,2.0,5,0.3,2.0,0.55,12,2026-09-13,1,0.5,-0.20848524133797358,-41.69704826759472
48,2.0,5,0.3,2.0,0.55,12,2026-09-15,1,0.5,-0.16900146876906624,-33.80029375381325
48,2.0,5,0.3,2.0,0.55,12,2026-09-17,1,0.5,-0.4714386372698396,-94.28772745396792
48,2.0,5,0.3,2.0,0.55,12,2026-09-20,2,1.0,0.6569552546477555,65.69552546477556
48,2.0,5,0.3,2.0,0.55,24,2026-09-13,1,0.5,-0.20848524133797358,-41.69704826759472
48,2.0,5,0.3,2.0,0.55,24,2026-09-15,1,0.5,-0.16900146876906624,-33.80029375381325
48,2.0,5,0.3,2.0,0.55,24,2026-09-17,1,0.5,-0.4714386372698396,-94.28772745396792
48,2.0,5,0.3,2.0,0.55,24,2026-09-20,2,1.0,0.0326811894575777,3.26811894575777
48,2.0,5,0.3,2.0,0.55,48,2026-09-13,1,0.5,-0.20848524133797358,-41.69704826759472
48,2.0,5,0.3,2.0,0.55,48,2026-09-15,1,0.5,-0.16900146876906624,-33.80029375381325
48,2.0,5,0.3,2.0,0.55,48,2026-09-17,1,0.5,-0.4714386372698396,-94.28772745396792
48,2.0,5,0.3,2.0,0.55,48,2026-09-20,2,1.0,0.0326811894575777,3.26811894575777
48,2.0,5,0.3,2.0,0.55,96,2026-09-13,1,0.5,-0.20848524133797358,-41.69704826759472
48,2.0,5,0.3,2.0,0.55,96,2026-09-15,1,0.5,-0.16900146876906624,-33.80029375381325
48,2.0,5,0.3,2.0,0.55,96,2026-09-17,1,0.5,-0.4714386372698396,-94.28772745396792
48,2.0,5,0.3,2.0,0.55,96,2026-09-20,2,1.0,0.0326811894575777,3.26811894575777
48,2.0,20,0.2,1.5,0.4,12,2026-09-13,1,0.5,-0.20848524133797358,-41.69704826759472
48,2.0,20,0.2,1.5,0.4,12,2026-09-15,1,0.5,-0.12629369480248215,-25.25873896049643
48,2.0,20,0.2,1.5,0.4,12,2026-09-17,1,0.5,-0.11753849647179404,-23.507699294358808
48,2.0,20,0.2,1.5,0.4,12,2026-09-20,2,1.0,0.5818444203996549,58.18444203996549
48,2.0,20,0.2,1.5,0.4,24,2026-09-13,1,0.5,-0.20848524133797358,-41.69704826759472
48,2.0,20,0.2,1.5,0.4,24,2026-09-15,1,0.5,-0.12629369480248215,-25.25873896049643
48,2.0,20,0.2,1.5,0.4,24,2026-09-17,1,0.5,-0.11753849647179404,-23.507699294358808
48,2.0,20,0.2,1.5,0.4,24,2026-09-20,2,1.0,0.1725162977549941,17.25162977549941
48,2.0,20,0.2,1.5,0.4,48,2026-09-13,1,0.5,-0.20848524133797358,-41.69704826759472
48,2.0,20,0.2,1.5,0.4,48,2026-09-15,1,0.5,-0.12629369480248215,-25.25873896049643
48,2.0,20,0.2,1.5,0.4,48,2026-09-17,1,0.5,-0.11753849647179404,-23.507699294358808
48,2.0,20,0.2,1.5,0.4,48,2026-09-20,2,1.0,0.1725162977549941,17.25162977549941
48,2.0,20,0.2,1.5,0.4,96,2026-09-13,1,0.5,-0.20848524133797358,-41.69704826759472
48,2.0,20,0.2,1.5,0.4,96,2026-09-15,1,0.5,-0.12629369480248215,-25.25873896049643
48,2.0,20,0.2,1.5,0.4,96,2026-09-17,1,0.5,-0.11753849647179404,-23.507699294358808
48,2.0,20,0.2,1.5,0.4,96,2026-09-20,2,1.0,0.1725162977549941,17.25162977549941
48,2.0,20,0.2,1.5,0.55,12,2026-09-13,1,0.5,-0.20848524133797358,-41.69704826759472
48,2.0,20,0.2,1.5,0.55,12,2026-09-15,1,0.5,-0.12629369480248215,-25.25873896049643
48,2.0,20,0.2,1.5,0.55,12,2026-09-17,1,0.5,-0.11753849647179404,-23.507699294358808
48,2.0,20,0.2,1.5,0.55,12,2026-09-20,2,1.0,0.5818444203996549,58.18444203996549
48,2.0,20,0.2,1.5,0.55,24,2026-09-13,1,0.5,-0.20848524133797358,-41.69704826759472
48,2.0,20,0.2,1.5,0.55,24,2026-09-15,1,0.5,-0.12629369480248215,-25.25873896049643
48,2.0,20,0.2,1.5,0.55,24,2026-09-17,1,0.5,-0.11753849647179404,-23.507699294358808
48,2.0,20,0.2,1.5,0.55,24,2026-09-20,2,1.0,0.09066714609917481,9.066714609917481
48,2.0,20,0.2,1.5,0.55,48,2026-09-13,1,0.5,-0.20848524133797358,-41.69704826759472
48,2.0,20,0.2,1.5,0.55,48,2026-09-15,1,0.5,-0.12629369480248215,-25.25873896049643
48,2.0,20,0.2,1.5,0.55,48,2026-09-17,1,0.5,-0.11753849647179404,-23.507699294358808
48,2.0,20,0.2,1.5,0.55,48,2026-09-20,2,1.0,0.09066714609917481,9.066714609917481
48,2.0,20,0.2,1.5,0.55,96,2026-09-13,1,0.5,-0.20848524133797358,-41.69704826759472
48,2.0,20,0.2,1.5,0.55,96,2026-09-15,1,0.5,-0.12629369480248215,-25.25873896049643
48,2.0,20,0.2,1.5,0.55,96,2026-09-17,1,0.5,-0.11753849647179404,-23.507699294358808
48,2.0,20,0.2,1.5,0.55,96,2026-09-20,2,1.0,0.09066714609917481,9.066714609917481
48,2.0,20,0.2,2.0,0.4,12,2026-09-13,1,0.5,-0.20848524133797358,-41.69704826759472
48,2.0,20,0.2,2.0,0.4,12,2026-09-15,1,0.5,-0.12629369480248215,-25.25873896049643
48,2.0,20,0.2,2.0,0.4,12,2026-09-17,1,0.5,-0.11753849647179404,-23.507699294358808
48,2.0,20,0.2,2.0,0.4,12,2026-09-20,2,1.0,0.6569552546477555,65.69552546477556
48,2.0,20,0.2,2.0,0.4,24,2026-09-13,1,0.5,-0.20848524133797358,-41.69704826759472
48,2.0,20,0.2,2.0,0.4,24,2026-09-15,1,0.5,-0.12629369480248215,-25.25873896049643
48,2.0,20,0.2,2.0,0.4,24,2026-09-17,1,0.5,-0.11753849647179404,-23.507699294358808
48,2.0,20,0.2,2.0,0.4,24,2026-09-20,2,1.0,0.22125817235853668,22.125817235853667
48,2.0,20,0.2,2.0,0.4,48,2026-09-13,1,0.5,-0.20848524133797358,-41.69704826759472
48,2.0,20,0.2,2.0,0.4,48,2026-09-15,1,0.5,-0.12629369480248215,-25.25873896049643
48,2.0,20,0.2,2.0,0.4,48,2026-09-17,1,0.5,-0.11753849647179404,-23.507699294358808
48,2.0,20,0.2,2.0,0.4,48,2026-09-20,2,1.0,0.22125817235853668,22.125817235853667
48,2.0,20,0.2,2.0,0.4,96,2026-09-13,1,0.5,-0.20848524133797358,-41.69704826759472
48,2.0,20,0.2,2.0,0.4,96,2026-09-15,1,0.5,-0.12629369480248215,-25.25873896049643
48,2.0,20,0.2,2.0,0.4,96,2026-09-17,1,0.5,-0.11753849647179404,-23.507699294358808
48,2.0,20,0.2,2.0,0.4,96,2026-09-20,2,1.0,0.22125817235853668,22.125817235853667
48,2.0,20,0.2,2.0,0.55,12,2026-09-13,1,0.5,-0.20848524133797358,-41.69704826759472
48,2.0,20,0.2,2.0,0.55,12,2026-09-15,1,0.5,-0.12629369480248215,-25.25873896049643
48,2.0,20,0.2,2.0,0.55,12,2026-09-17,1,0.5,-0.11753849647179404,-23.507699294358808
48,2.0,20,0.2,2.0,0.55,12,2026-09-20,2,1.0,0.6569552546477555,65.69552546477556
48,2.0,20,0.2,2.0,0.55,24,2026-09-13,1,0.5,-0.20848524133797358,-41.69704826759472
48,2.0,20,0.2,2.0,0.55,24,2026-09-15,1,0.5,-0.12629369480248215,-25.25873896049643
48,2.0,20,0.2,2.0,0.55,24,2026-09-17,1,0.5,-0.11753849647179404,-23.507699294358808
48,2.0,20,0.2,2.0,0.55,24,2026-09-20,2,1.0,0.12534974888029315,12.534974888029316
48,2.0,20,0.2,2.0,0.55,48,2026-09-13,1,0.5,-0.20848524133797358,-41.69704826759472
48,2.0,20,0.2,2.0,0.55,48,2026-09-15,1,0.5,-0.12629369480248215,-25.25873896049643
48,2.0,20,0.2,2.0,0.55,48,2026-09-17,1,0.5,-0.11753849647179404,-23.507699294358808
48,2.0,20,0.2,2.0,0.55,48,2026-09-20,2,1.0,0.12534974888029315,12.534974888029316
48,2.0,20,0.2,2.0,0.55,96,2026-09-13,1,0.5,-0.20848524133797358,-41.69704826759472
48,2.0,20,0.2,2.0,0.55,96,2026-09-15,1,0.5,-0.12629369480248215,-25.25873896049643
48,2.0,20,0.2,2.0,0.55,96,2026-09-17,1,0.5,-0.11753849647179404,-23.507699294358808
48,2.0,20,0.2,2.0,0.55,96,2026-09-20,2,1.0,0.12534974888029315,12.534974888029316
48,2.0,20,0.3,1.5,0.4,12,2026-09-13,1,0.5,-0.20848524133797358,-41.69704826759472
48,2.0,20,0.3,1.5,0.4,12,2026-09-15,1,0.5,-0.16900146876906624,-33.80029375381325
48,2.0,20,0.3,1.5,0.4,12,2026-09-17,1,0.5,-0.4714386372698396,-94.28772745396792
48,2.0,20,0.3,1.5,0.4,12,2026-09-20,2,1.0,0.5818444203996549,58.18444203996549
48,2.0,20,0.3,1.5,0.4,24,2026-09-13,1,0.5,-0.20848524133797358,-41.69704826759472
48,2.0,20,0.3,1.5,0.4,24,2026-09-15,1,0.5,-0.16900146876906624,-33.80029375381325
48,2.0,20,0.3,1.5,0.4,24,2026-09-17,1,0.5,-0.4714386372698396,-94.28772745396792
48,2.0,20,0.3,1.5,0.4,24,2026-09-20,2,1.0,0.07984773833227865,7.984773833227866
48,2.0,20,0.3,1.5,0.4,48,2026-09-13,1,0.5,-0.20848524133797358,-41.69704826759472
48,2.0,20,0.3,1.5,0.4,48,2026-09-15,1,0.5,-0.16900146876906624,-33.80029375381325
48,2.0,20,0.3,1.5,0.4,48,2026-09-17,1,0.5,-0.4714386372698396,-94.28772745396792
48,2.0,20,0.3,1.5,0.4,48,2026-09-20,2,1.0,0.07984773833227865,7.984773833227866
48,2.0,20,0.3,1.5,0.4,96,2026-09-13,1,0.5,-0.20848524133797358,-41.69704826759472
48,2.0,20,0.3,1.5,0.4,96,2026-09-15,1,0.5,-0.16900146876906624,-33.80029375381325
48,2.0,20,0.3,1.5,0.4,96,2026-09-17,1,0.5,-0.4714386372698396,-94.28772745396792
48,2.0,20,0.3,1.5,0.4,96,2026-09-20,2,1.0,0.07984773833227865,7.984773833227866
48,2.0,20,0.3,1.5,0.55,12,2026-09-13,1,0.5,-0.20848524133797358,-41.69704826759472
48,2.0,20,0.3,1.5,0.55,12,2026-09-15,1,0.5,-0.16900146876906624,-33.80029375381325
48,2.0,20,0.3,1.5,0.55,12,2026-09-17,1,0.5,-0.4714386372698396,-94.28772745396792
48,2.0,20,0.3,1.5,0.55,12,2026-09-20,2,1.0,0.5818444203996549,58.18444203996549
48,2.0,20,0.3,1.5,0.55,24,2026-09-13,1,0.5,-0.20848524133797358,-41.69704826759472
48,2.0,20,0.3,1.5,0.55,24,2026-09-15,1,0.5,-0.16900146876906624,-33.80029375381325
48,2.0,20,0.3,1.5,0.55,24,2026-09-17,1,0.5,-0.4714386372698396,-94.28772745396792
48,2.0,20,0.3,1.5,0.55,24,2026-09-20,2,1.0,-0.002001413323540646,-0.20014133235406462
48,2.0,20,0.3,1.5,0.55,48,2026-09-13,1,0.5,-0.20848524133797358,-41.69704826759472
48,2.0,20,0.3,1.5,0.55,48,2026-09-15,1,0.5,-0.16900146876906624,-33.80029375381325
48,2.0,20,0.3,1.5,0.55,48,2026-09-17,1,0.5,-0.4714386372698396,-94.28772745396792
48,2.0,20,0.3,1.5,0.55,48,2026-09-20,2,1.0,-0.002001413323540646,-0.20014133235406462
48,2.0,20,0.3,1.5,0.55,96,2026-09-13,1,0.5,-0.20848524133797358,-41.69704826759472
48,2.0,20,0.3,1.5,0.55,96,2026-09-15,1,0.5,-0.16900146876906624,-33.80029375381325
48,2.0,20,0.3,1.5,0.55,96,2026-09-17,1,0.5,-0.4714386372698396,-94.28772745396792
48,2.0,20,0.3,1.5,0.55,96,2026-09-20,2,1.0,-0.002001413323540646,-0.20014133235406462
48,2.0,20,0.3,2.0,0.4,12,2026-09-13,1,0.5,-0.20848524133797358,-41.69704826759472
48,2.0,20,0.3,2.0,0.4,12,2026-09-15,1,0.5,-0.16900146876906624,-33.80029375381325
48,2.0,20,0.3,2.0,0.4,12,2026-09-17,1,0.5,-0.4714386372698396,-94.28772745396792
48,2.0,20,0.3,2.0,0.4,12,2026-09-20,2,1.0,0.6569552546477555,65.69552546477556
48,2.0,20,0.3,2.0,0.4,24,2026-09-13,1,0.5,-0.20848524133797358,-41.69704826759472
48,2.0,20,0.3,2.0,0.4,24,2026-09-15,1,0.5,-0.16900146876906624,-33.80029375381325
48,2.0,20,0.3,2.0,0.4,24,2026-09-17,1,0.5,-0.4714386372698396,-94.28772745396792
48,2.0,20,0.3,2.0,0.4,24,2026-09-20,2,1.0,0.12858961293582122,12.85896129358212
48,2.0,20,0.3,2.0,0.4,48,2026-09-13,1,0.5,-0.20848524133797358,-41.69704826759472
48,2.0,20,0.3,2.0,0.4,48,2026-09-15,1,0.5,-0.16900146876906624,-33.80029375381325
48,2.0,20,0.3,2.0,0.4,48,2026-09-17,1,0.5,-0.4714386372698396,-94.28772745396792
48,2.0,20,0.3,2.0,0.4,48,2026-09-20,2,1.0,0.12858961293582122,12.85896129358212
48,2.0,20,0.3,2.0,0.4,96,2026-09-13,1,0.5,-0.20848524133797358,-41.69704826759472
48,2.0,20,0.3,2.0,0.4,96,2026-09-15,1,0.5,-0.16900146876906624,-33.80029375381325
48,2.0,20,0.3,2.0,0.4,96,2026-09-17,1,0.5,-0.4714386372698396,-94.28772745396792
48,2.0,20,0.3,2.0,0.4,96,2026-09-20,2,1.0,0.12858961293582122,12.85896129358212
48,2.0,20,0.3,2.0,0.55,12,2026-09-13,1,0.5,-0.20848524133797358,-41.69704826759472
48,2.0,20,0.3,2.0,0.55,12,2026-09-15,1,0.5,-0.16900146876906624,-33.80029375381325
48,2.0,20,0.3,2.0,0.55,12,2026-09-17,1,0.5,-0.4714386372698396,-94.28772745396792
48,2.0,20,0.3,2.0,0.55,12,2026-09-20,2,1.0,0.6569552546477555,65.69552546477556
48,2.0,20,0.3,2.0,0.55,24,2026-09-13,1,0.5,-0.20848524133797358,-41.69704826759472
48,2.0,20,0.3,2.0,0.55,24,2026-09-15,1,0.5,-0.16900146876906624,-33.80029375381325
48,2.0,20,0.3,2.0,0.55,24,2026-09-17,1,0.5,-0.4714386372698396,-94.28772745396792
48,2.0,20,0.3,2.0,0.55,24,2026-09-20,2,1.0,0.0326811894575777,3.26811894575777
48,2.0,20,0.3,2.0,0.55,48,2026-09-13,1,0.5,-0.20848524133797358,-41.69704826759472
48,2.0,20,0.3,2.0,0.55,48,2026-09-15,1,0.5,-0.16900146876906624,-33.80029375381325
48,2.0,20,0.3,2.0,0.55,48,2026-09-17,1,0.5,-0.4714386372698396,-94.28772745396792
48,2.0,20,0.3,2.0,0.55,48,2026-09-20,2,1.0,0.0326811894575777,3.26811894575777
48,2.0,20,0.3,2.0,0.55,96,2026-09-13,1,0.5,-0.20848524133797358,-41.69704826759472
48,2.0,20,0.3,2.0,0.55,96,2026-09-15,1,0.5,-0.16900146876906624,-33.80029375381325
48,2.0,20,0.3,2.0,0.55,96,2026-09-17,1,0.5,-0.4714386372698396,-94.28772745396792
48,2.0,20,0.3,2.0,0.55,96,2026-09-20,2,1.0,0.0326811894575777,3.26811894575777
