venue,protocol,adapter_status,half_width_pct,dwell_hours,cooldown_hours,fee_capture_pct,net_apy_pct,hodl_apy_pct,excess_apy_pct,pool,address,hours,compound_hours,fee_haircut_pct,start_price,end_price,volume_usd,fees_to_position_usd,costs_usd,net_return_pct,hodl_return_pct,excess_vs_hodl_pct,max_drawdown_pct,annualized_vol_pct,time_in_range_pct,rebalances,compounds,initial_liquidity_share_pct
Uniswap v3 1bp,Uniswap v3,reviewed_model,2.5,4,24,100.0,298.7063565427871,71.09026473048633,133.0385993445376,Uniswap v3 1bp,0x52e65B17fB6E5BA00Ed806f37Afcd2DaA50271Ca,720,168,0.0,2453.17,2674.58,15204412627.354223,2286.0602515068267,170.13523210756887,12.03887848089713,4.512732505289052,7.201176158347211,-4.240823902286362,21.72631712493525,92.63888888888889,15,4,0.16549528760943222
Uniswap v3 1bp,Uniswap v3,reviewed_model,2.5,4,24,50.0,6.095396962229804,71.09026473048633,-37.9886417679237,Uniswap v3 1bp,0x52e65B17fB6E5BA00Ed806f37Afcd2DaA50271Ca,720,168,50.0,2453.17,2674.58,15204412627.354223,1086.8516016409299,161.7648311902807,0.48750066733214137,4.512732505289052,-3.8514272294557284,-4.96948932571174,21.762827075302628,92.63888888888889,15,4,0.16549528760943222
Uniswap v3 1bp,Uniswap v3,reviewed_model,2.5,4,24,25.0,-45.51105759748351,71.09026473048633,-68.15193284763959,Uniswap v3 1bp,0x52e65B17fB6E5BA00Ed806f37Afcd2DaA50271Ca,720,168,75.0,2453.17,2674.58,15204412627.354223,530.0116218643143,157.77757728490676,-4.867980537314964,4.512732505289052,-8.975665278036137,-7.4773725765994286,21.939064754381956,92.63888888888889,15,4,0.16549528760943222
Uniswap v3 1bp,Uniswap v3,reviewed_model,2.5,4,72,100.0,179.299983144046,71.09026473048633,63.24715119473285,Uniswap v3 1bp,0x52e65B17fB6E5BA00Ed806f37Afcd2DaA50271Ca,720,168,0.0,2453.17,2674.58,15204412627.354223,1409.7565004102978,89.8123700922914,8.808635074325032,4.512732505289052,4.110410728012082,-5.1339477984882915,25.36728274026489,61.66666666666667,8,4,0.16549528760943222
Uniswap v3 1bp,Uniswap v3,reviewed_model,2.5,4,72,50.0,22.542145089006958,71.09026473048633,-28.37573471404462,Uniswap v3 1bp,0x52e65B17fB6E5BA00Ed806f37Afcd2DaA50271Ca,720,168,50.0,2453.17,2674.58,15204412627.354223,685.7662333727535,86.98990605913285,1.6848706903741961,4.512732505289052,-2.7057581857519164,-5.556787783877592,24.697431269122166,61.66666666666667,8,4,0.16549528760943222
Uniswap v3 1bp,Uniswap v3,reviewed_model,2.5,4,72,25.0,-19.169295678382458,71.09026473048633,-52.75552092402924,Uniswap v3 1bp,0x52e65B17fB6E5BA00Ed806f37Afcd2DaA50271Ca,720,168,75.0,2453.17,2674.58,15204412627.354223,338.2144024945217,85.61328340960748,-1.7339414878174142,4.512732505289052,-5.9769502178027345,-7.017326831751003,24.49763969477067,61.66666666666667,8,4,0.16549528760943222
Uniswap v3 1bp,Uniswap v3,reviewed_model,2.5,4,168,100.0,449.3485744899405,71.09026473048633,221.08698607446402,Uniswap v3 1bp,0x52e65B17fB6E5BA00Ed806f37Afcd2DaA50271Ca,720,168,0.0,2453.17,2674.58,15204412627.354223,1586.586863480982,47.643664293168904,15.02955105827204,4.512732505289052,10.062715136120627,-3.9127442486563524,22.565605693660633,58.75,4,3,0.16549528760943222
Uniswap v3 1bp,Uniswap v3,reviewed_model,2.5,4,168,50.0,124.53380309094229,71.09026473048633,31.23704229731834,Uniswap v3 1bp,0x52e65B17fB6E5BA00Ed806f37Afcd2DaA50271Ca,720,168,50.0,2453.17,2674.58,15204412627.354223,771.0003466523505,45.55322432712116,6.874100160061203,4.512732505289052,2.259406675308817,-4.194998425588048,21.665371442721764,58.75,4,3,0.16549528760943222
Uniswap v3 1bp,Uniswap v3,reviewed_model,2.5,4,168,25.0,42.68751623975551,71.09026473048633,-16.601031353521613,Uniswap v3 1bp,0x52e65B17fB6E5BA00Ed806f37Afcd2DaA50271Ca,720,168,75.0,2453.17,2674.58,15204412627.354223,380.0397815824409,44.538599817125615,2.964913382266321,4.512732505289052,-1.4809861783533607,-4.50678664347397,21.494711416808336,58.75,4,3,0.16549528760943222
Uniswap v3 1bp,Uniswap v3,reviewed_model,2.5,12,24,100.0,287.6791541764852,71.09026473048633,126.59334520709544,Uniswap v3 1bp,0x52e65B17fB6E5BA00Ed806f37Afcd2DaA50271Ca,720,168,0.0,2453.17,2674.58,15204412627.354223,2069.893432188896,115.82988656179114,11.78089911695217,4.512732505289052,6.954336029148678,-3.693521728877336,20.531271958960247,84.72222222222221,10,4,0.16549528760943222
Uniswap v3 1bp,Uniswap v3,reviewed_model,2.5,12,24,50.0,18.869191613315994,71.09026473048633,-30.522527508758614,Uniswap v3 1bp,0x52e65B17fB6E5BA00Ed806f37Afcd2DaA50271Ca,720,168,50.0,2453.17,2674.58,15204412627.354223,992.152790006545,109.5982960541838,1.4308535691847757,4.512732505289052,-2.948807157011546,-4.730728283333219,20.28139342589077,84.72222222222221,10,4,0.16549528760943222
Uniswap v3 1bp,Uniswap v3,reviewed_model,2.5,12,24,25.0,-34.58461678438374,71.09026473048633,-61.76557250720065,Uniswap v3 1bp,0x52e65B17fB6E5BA00Ed806f37Afcd2DaA50271Ca,720,168,75.0,2453.17,2674.58,15204412627.354223,485.7542590271514,106.6183108080221,-3.4281831840421773,4.512732505289052,-7.598036620972826,-5.82069588415719,20.303136790318668,84.72222222222221,10,4,0.16549528760943222
Uniswap v3 1bp,Uniswap v3,reviewed_model,2.5,12,72,100.0,386.816985606334,71.09026473048633,184.5380982799942,Uniswap v3 1bp,0x52e65B17fB6E5BA00Ed806f37Afcd2DaA50271Ca,720,168,0.0,2453.17,2674.58,15204412627.354223,1971.0794763955894,81.86925331887883,13.89268010905047,4.512732505289052,8.974932889910537,-4.460010120659974,21.939345519972726,84.44444444444444,7,4,0.16549528760943222
Uniswap v3 1bp,Uniswap v3,reviewed_model,2.5,12,72,50.0,59.54146906979445,71.09026473048633,-6.750118528885684,Uniswap v3 1bp,0x52e65B17fB6E5BA00Ed806f37Afcd2DaA50271Ca,720,168,50.0,2453.17,2674.58,15204412627.354223,947.702810292994,77.91170367451477,3.914114556894499,4.512732505289052,-0.5727703544295637,-4.711599865904958,21.53803830926595,84.44444444444444,7,4,0.16549528760943222
Uniswap v3 1bp,Uniswap v3,reviewed_model,2.5,12,72,25.0,-9.22955666243782,71.09026473048633,-46.94587475181575,Uniswap v3 1bp,0x52e65B17fB6E5BA00Ed806f37Afcd2DaA50271Ca,720,168,75.0,2453.17,2674.58,15204412627.354223,464.69624325274,76.00417212387799,-0.7927571432666314,4.512732505289052,-5.076405066997158,-4.958265767711756,21.44779200939962,84.44444444444444,7,4,0.16549528760943222
Uniswap v3 1bp,Uniswap v3,reviewed_model,2.5,12,168,100.0,158.90546046030676,71.09026473048633,51.32682205393315,Uniswap v3 1bp,0x52e65B17fB6E5BA00Ed806f37Afcd2DaA50271Ca,720,168,0.0,2453.17,2674.58,15204412627.354223,1127.155931263492,45.08319251679967,8.132641394172158,4.512732505289052,3.463605631686928,-2.3544880281493485,13.067851806101006,52.22222222222223,4,3,0.16549528760943222
Uniswap v3 1bp,Uniswap v3,reviewed_model,2.5,12,168,50.0,33.4235639230525,71.09026473048633,-22.01568912571935,Uniswap v3 1bp,0x52e65B17fB6E5BA00Ed806f37Afcd2DaA50271Ca,720,168,50.0,2453.17,2674.58,15204412627.354223,552.1734640238711,43.905853706748026,2.3983798413011126,4.512732505289052,-2.023057490991309,-2.751183069829488,12.92433264111596,52.22222222222223,4,3,0.16549528760943222
Uniswap v3 1bp,Uniswap v3,reviewed_model,2.5,12,168,25.0,-4.559100891727875,71.09026473048633,-44.21605504052647,Uniswap v3 1bp,0x52e65B17fB6E5BA00Ed806f37Afcd2DaA50271Ca,720,168,75.0,2453.17,2674.58,15204412627.354223,273.27504371519876,43.32595601197865,-0.38279686242344013,4.512732505289052,-4.684146371797093,-3.0524099260940463,13.151383727636501,52.22222222222223,4,3,0.16549528760943222
Uniswap v3 1bp,Uniswap v3,reviewed_model,2.5,24,24,100.0,370.25108275078117,71.09026473048633,174.85554686092408,Uniswap v3 1bp,0x52e65B17fB6E5BA00Ed806f37Afcd2DaA50271Ca,720,168,0.0,2453.17,2674.58,15204412627.354223,1974.7269770250489,70.1626298856783,13.569047636023356,4.512732505289052,8.665274472922224,-5.148067597012018,23.084352633361075,81.25,6,4,0.16549528760943222
Uniswap v3 1bp,Uniswap v3,reviewed_model,2.5,24,24,50.0,54.05899548440152,71.09026473048633,-9.954551927845735,Uniswap v3 1bp,0x52e65B17fB6E5BA00Ed806f37Afcd2DaA50271Ca,720,168,50.0,2453.17,2674.58,15204412627.354223,949.6716768603706,66.87690263131154,3.6158833580681504,4.512732505289052,-0.8581242933013211,-5.404551306813388,22.319434563280975,81.25,6,4,0.16549528760943222
Uniswap v3 1bp,Uniswap v3,reviewed_model,2.5,24,24,25.0,-12.375696388134905,71.09026473048633,-48.78475186773657,Uniswap v3 1bp,0x52e65B17fB6E5BA00Ed806f37Afcd2DaA50271Ca,720,168,75.0,2453.17,2674.58,15204412627.354223,465.7111248616396,65.29163489963422,-1.0799762385357625,4.512732505289052,-5.351222391531863,-5.53420300592582,22.04771580191455,81.25,6,4,0.16549528760943222
Uniswap v3 1bp,Uniswap v3,reviewed_model,2.5,24,72,100.0,278.96716384647493,71.09026473048633,121.50130192588753,Uniswap v3 1bp,0x52e65B17fB6E5BA00Ed806f37Afcd2DaA50271Ca,720,168,0.0,2453.17,2674.58,15204412627.354223,1749.8224308646581,70.4379787812446,11.572276484421717,4.512732505289052,6.75472146781293,-3.692376790690921,20.39651611882065,71.80555555555556,6,4,0.16549528760943222
Uniswap v3 1bp,Uniswap v3,reviewed_model,2.5,24,72,50.0,39.83895105077109,71.09026473048633,-18.265980083054277,Uniswap v3 1bp,0x52e65B17fB6E5BA00Ed806f37Afcd2DaA50271Ca,720,168,50.0,2453.17,2674.58,15204412627.354223,845.9391569899727,66.95049348864798,2.794395659471438,4.512732505289052,-1.6441411535486061,-4.40972326591017,19.995571256045206,71.80555555555556,6,4,0.16549528760943222
Uniswap v3 1bp,Uniswap v3,reviewed_model,2.5,24,72,25.0,-15.517227919226794,71.09026473048633,-50.620935554774896,Uniswap v3 1bp,0x52e65B17fB6E5BA00Ed806f37Afcd2DaA50271Ca,720,168,75.0,2453.17,2674.58,15204412627.354223,415.92397534441324,65.26907664187146,-1.3763788768405893,4.512732505289052,-5.634826724898446,-5.266481142903023,19.909768467013272,71.80555555555556,6,4,0.16549528760943222
Uniswap v3 1bp,Uniswap v3,reviewed_model,2.5,24,168,100.0,371.2607543014607,71.09026473048633,175.44568654670348,Uniswap v3 1bp,0x52e65B17fB6E5BA00Ed806f37Afcd2DaA50271Ca,720,168,0.0,2453.17,2674.58,15204412627.354223,1371.7083424202656,34.77075279487584,13.58906980634087,4.512732505289052,8.684432110310091,-2.807934494227493,17.534678915697608,59.86111111111111,3,3,0.16549528760943222
Uniswap v3 1bp,Uniswap v3,reviewed_model,2.5,24,168,50.0,114.94167423297598,71.09026473048633,25.630569671259472,Uniswap v3 1bp,0x52e65B17fB6E5BA00Ed806f37Afcd2DaA50271Ca,720,168,50.0,2453.17,2674.58,15204412627.354223,667.9073645333056,33.70430044526763,6.491274356429844,4.512732505289052,1.8931108236411864,-3.0973958018341574,17.309639327367325,59.86111111111111,3,3,0.16549528760943222
Uniswap v3 1bp,Uniswap v3,reviewed_model,2.5,24,168,25.0,44.61453518307699,71.09026473048633,-15.474714232931897,Uniswap v3 1bp,0x52e65B17fB6E5BA00Ed806f37Afcd2DaA50271Ca,720,168,75.0,2453.17,2674.58,15204412627.354223,329.55673679042104,33.18150341189588,3.0785035810279027,4.512732505289052,-1.3723006660347092,-3.2776244152537326,17.35221493057275,59.86111111111111,3,3,0.16549528760943222
Uniswap v3 1bp,Uniswap v3,reviewed_model,5.0,4,24,100.0,211.39185664552951,71.09026473048633,82.0044273916206,Uniswap v3 1bp,0x52e65B17fB6E5BA00Ed806f37Afcd2DaA50271Ca,720,168,0.0,2453.17,2674.58,15204412627.354223,1292.2152539703566,81.62932221790035,9.785706607385691,4.512732505289052,5.045293502234083,-3.460234062687584,20.291739816221696,97.91666666666666,7,4,0.08432991849698741
Uniswap v3 1bp,Uniswap v3,reviewed_model,5.0,4,24,50.0,48.30809166764354,71.09026473048633,-13.315879251651797,Uniswap v3 1bp,0x52e65B17fB6E5BA00Ed806f37Afcd2DaA50271Ca,720,168,50.0,2453.17,2674.58,15204412627.354223,630.1161234157338,78.21068808762541,3.2923940985885913,4.512732505289052,-1.1676456805286506,-4.386700960001999,20.15098240778248,97.91666666666666,7,4,0.08432991849698741
Uniswap v3 1bp,Uniswap v3,reviewed_model,5.0,4,24,25.0,2.0319882328762917,71.09026473048633,-40.36365050132778,Uniswap v3 1bp,0x52e65B17fB6E5BA00Ed806f37Afcd2DaA50271Ca,720,168,75.0,2453.17,2674.58,15204412627.354223,311.1406599219289,76.54187573070195,0.165475293134687,4.512732505289052,-4.159547940184572,-4.864831781751455,20.128379479572374,97.91666666666666,7,4,0.08432991849698741
Uniswap v3 1bp,Uniswap v3,reviewed_model,5.0,4,72,100.0,266.9970991045273,71.09026473048633,114.50495718306786,Uniswap v3 1bp,0x52e65B17fB6E5BA00Ed806f37Afcd2DaA50271Ca,720,168,0.0,2453.17,2674.58,15204412627.354223,1298.6623989006612,59.70128152172051,11.278337134575533,4.512732505289052,6.473474061109341,-4.449476436500954,23.79236371022961,98.88888888888889,5,4,0.08432991849698741
Uniswap v3 1bp,Uniswap v3,reviewed_model,5.0,4,72,50.0,75.39414305675926,71.09026473048633,2.5155600367164688,Uniswap v3 1bp,0x52e65B17fB6E5BA00Ed806f37Afcd2DaA50271Ca,720,168,50.0,2453.17,2674.58,15204412627.354223,633.381239363988,57.068649767368555,4.726366178288011,4.512732505289052,0.2044092311796808,-4.790040526158168,23.7383864120265,98.88888888888889,5,4,0.08432991849698741
Uniswap v3 1bp,Uniswap v3,reviewed_model,5.0,4,72,25.0,20.860260818871268,71.09026473048633,-29.358773855859667,Uniswap v3 1bp,0x52e65B17fB6E5BA00Ed806f37Afcd2DaA50271Ca,720,168,75.0,2453.17,2674.58,15204412627.354223,312.78087138307916,55.78612329488773,1.5694333668775595,4.512732505289052,-2.816211066209129,-4.9771471103216225,23.749174163641452,98.88888888888889,5,4,0.08432991849698741
Uniswap v3 1bp,Uniswap v3,reviewed_model,5.0,4,168,100.0,354.85219300278493,71.09026473048633,165.85509918948384,Uniswap v3 1bp,0x52e65B17fB6E5BA00Ed806f37Afcd2DaA50271Ca,720,168,0.0,2453.17,2674.58,15204412627.354223,1211.5527303399042,24.95965574459367,13.258689178147032,4.512732505289052,8.368316915276687,-5.82345728192688,31.048592778031754,91.94444444444444,2,4,0.08432991849698741
Uniswap v3 1bp,Uniswap v3,reviewed_model,5.0,4,168,50.0,129.45700392972446,71.09026473048633,34.11458816267623,Uniswap v3 1bp,0x52e65B17fB6E5BA00Ed806f37Afcd2DaA50271Ca,720,168,50.0,2453.17,2674.58,15204412627.354223,592.4548052111404,23.894865479763865,7.064793506398193,4.512732505289052,2.4418661151931698,-5.963260019468342,30.764683198011966,91.94444444444444,2,4,0.08432991849698741
Uniswap v3 1bp,Uniswap v3,reviewed_model,5.0,4,168,25.0,62.438508304187714,71.09026473048633,-5.056837360049416,Uniswap v3 1bp,0x52e65B17fB6E5BA00Ed806f37Afcd2DaA50271Ca,720,168,75.0,2453.17,2674.58,15204412627.354223,292.9510078760033,23.37370121997757,4.067926967747582,4.512732505289052,-0.4255993761515753,-6.033556883907709,30.659185864938856,91.94444444444444,2,4,0.08432991849698741
Uniswap v3 1bp,Uniswap v3,reviewed_model,5.0,12,24,100.0,297.96730617119505,71.09026473048633,132.60663416361052,Uniswap v3 1bp,0x52e65B17fB6E5BA00Ed806f37Afcd2DaA50271Ca,720,168,0.0,2453.17,2674.58,15204412627.354223,1280.193245920352,37.33757327466064,12.021794552999253,4.512732505289052,7.184829893649747,-3.4408414470383897,18.963220008840494,97.08333333333333,3,4,0.08432991849698741
Uniswap v3 1bp,Uniswap v3,reviewed_model,5.0,12,24,50.0,93.17924026636584,71.09026473048633,12.910714452792128,Uniswap v3 1bp,0x52e65B17fB6E5BA00Ed806f37Afcd2DaA50271Ca,720,168,50.0,2453.17,2674.58,15204412627.354223,625.350146593869,35.40671383667798,5.561025087499782,4.512732505289052,1.0030285852086651,-3.627942690190089,18.888932986365084,97.08333333333333,3,4,0.08432991849698741
Uniswap v3 1bp,Uniswap v3,reviewed_model,5.0,12,24,25.0,34.08908730674221,71.09026473048633,-21.62669949808721,Uniswap v3 1bp,0x52e65B17fB6E5BA00Ed806f37Afcd2DaA50271Ca,720,168,75.0,2453.17,2674.58,15204412627.354223,309.05014256720096,34.467698778292984,2.440265000263908,4.512732505289052,-1.9829808821812844,-3.7217457646396945,18.902955487740194,97.08333333333333,3,4,0.08432991849698741
Uniswap v3 1bp,Uniswap v3,reviewed_model,5.0,12,72,100.0,343.5547371734722,71.09026473048633,159.25188547238002,Uniswap v3 1bp,0x52e65B17fB6E5BA00Ed806f37Afcd2DaA50271Ca,720,168,0.0,2453.17,2674.58,15204412627.354223,1284.6417557775012,25.41086723923553,13.024799232593743,4.512732505289052,8.14452605272178,-3.015080618440391,18.707433743869352,97.22222222222221,2,4,0.08432991849698741
Uniswap v3 1bp,Uniswap v3,reviewed_model,5.0,12,72,50.0,114.96349462714255,71.09026473048633,25.643323403449457,Uniswap v3 1bp,0x52e65B17fB6E5BA00Ed806f37Afcd2DaA50271Ca,720,168,50.0,2453.17,2674.58,15204412627.354223,627.4711231246822,24.114104429642282,6.492162870167384,4.512732505289052,1.8939609724376583,-3.2205286799842026,18.656399169381988,97.22222222222221,2,4,0.08432991849698741
Uniswap v3 1bp,Uniswap v3,reviewed_model,5.0,12,72,25.0,49.088007507386735,71.09026473048633,-12.860028744335105,Uniswap v3 1bp,0x52e65B17fB6E5BA00Ed806f37Afcd2DaA50271Ca,720,168,75.0,2453.17,2674.58,15204412627.354223,310.08538175099784,23.48165369369447,3.3369324166437675,4.512732505289052,-1.1250304728046223,-3.323510858652401,18.683010401221114,97.22222222222221,2,4,0.08432991849698741
Uniswap v3 1bp,Uniswap v3,reviewed_model,5.0,12,168,100.0,434.8359099848144,71.09026473048633,212.60452535234887,Uniswap v3 1bp,0x52e65B17fB6E5BA00Ed806f37Afcd2DaA50271Ca,720,168,0.0,2453.17,2674.58,15204412627.354223,1278.0286384259575,13.355735051267082,14.776702799718011,4.512732505289052,9.820784557431338,-2.250868777986481,17.72875514851372,96.38888888888889,1,4,0.08432991849698741
Uniswap v3 1bp,Uniswap v3,reviewed_model,5.0,12,168,50.0,160.54696906894793,71.09026473048633,52.2862621548807,Uniswap v3 1bp,0x52e65B17fB6E5BA00Ed806f37Afcd2DaA50271Ca,720,168,50.0,2453.17,2674.58,15204412627.354223,624.5445952195777,12.602404153220377,8.188827228164207,4.512732505289052,3.517365429794994,-2.7688880556433815,17.729600807568875,96.38888888888889,1,4,0.08432991849698741
Uniswap v3 1bp,Uniswap v3,reviewed_model,5.0,12,168,25.0,81.14344390265873,71.09026473048633,5.875950445227662,Uniswap v3 1bp,0x52e65B17fB6E5BA00Ed806f37Afcd2DaA50271Ca,720,168,75.0,2453.17,2674.58,15204412627.354223,308.71200961460414,12.23473081756135,5.004361546903313,4.512732505289052,0.4704010983440421,-3.062724706154152,17.787065598195557,96.38888888888889,1,4,0.08432991849698741
Uniswap v3 1bp,Uniswap v3,reviewed_model,5.0,24,24,100.0,357.94008069152346,71.09026473048633,167.65992875918633,Uniswap v3 1bp,0x52e65B17fB6E5BA00Ed806f37Afcd2DaA50271Ca,720,168,0.0,2453.17,2674.58,15204412627.354223,1279.4984191851356,25.413800013973727,13.321689370354628,4.512732505289052,8.428596835911616,-2.3387058809397843,18.907016890803366,95.69444444444444,2,4,0.08432991849698741
Uniswap v3 1bp,Uniswap v3,reviewed_model,5.0,24,24,50.0,122.66854167799366,71.09026473048633,30.14682163754705,Uniswap v3 1bp,0x52e65B17fB6E5BA00Ed806f37Afcd2DaA50271Ca,720,168,50.0,2453.17,2674.58,15204412627.354223,625.0281413730023,24.112444826794967,6.800848051039088,4.512732505289052,2.189317503141752,-2.7688880556433815,18.800352430402192,95.69444444444444,2,4,0.08432991849698741
Uniswap v3 1bp,Uniswap v3,reviewed_model,5.0,24,24,25.0,54.69000733035128,71.09026473048633,-9.585733838199396,Uniswap v3 1bp,0x52e65B17fB6E5BA00Ed806f37Afcd2DaA50271Ca,720,168,75.0,2453.17,2674.58,15204412627.354223,308.8951618154134,23.47785111258976,3.650700268363871,4.512732505289052,-0.8248107347892386,-3.062724706154152,18.801560683021123,95.69444444444444,2,4,0.08432991849698741
Uniswap v3 1bp,Uniswap v3,reviewed_model,5.0,24,72,100.0,357.94008069152346,71.09026473048633,167.65992875918633,Uniswap v3 1bp,0x52e65B17fB6E5BA00Ed806f37Afcd2DaA50271Ca,720,168,0.0,2453.17,2674.58,15204412627.354223,1279.4984191851356,25.413800013973727,13.321689370354628,4.512732505289052,8.428596835911616,-2.3387058809397843,18.907016890803366,95.69444444444444,2,4,0.08432991849698741
Uniswap v3 1bp,Uniswap v3,reviewed_model,5.0,24,72,50.0,122.66854167799366,71.09026473048633,30.14682163754705,Uniswap v3 1bp,0x52e65B17fB6E5BA00Ed806f37Afcd2DaA50271Ca,720,168,50.0,2453.17,2674.58,15204412627.354223,625.0281413730023,24.112444826794967,6.800848051039088,4.512732505289052,2.189317503141752,-2.7688880556433815,18.800352430402192,95.69444444444444,2,4,0.08432991849698741
Uniswap v3 1bp,Uniswap v3,reviewed_model,5.0,24,72,25.0,54.69000733035128,71.09026473048633,-9.585733838199396,Uniswap v3 1bp,0x52e65B17fB6E5BA00Ed806f37Afcd2DaA50271Ca,720,168,75.0,2453.17,2674.58,15204412627.354223,308.8951618154134,23.47785111258976,3.650700268363871,4.512732505289052,-0.8248107347892386,-3.062724706154152,18.801560683021123,95.69444444444444,2,4,0.08432991849698741
Uniswap v3 1bp,Uniswap v3,reviewed_model,5.0,24,168,100.0,422.92295941060195,71.09026473048633,205.6415630862154,Uniswap v3 1bp,0x52e65B17fB6E5BA00Ed806f37Afcd2DaA50271Ca,720,168,0.0,2453.17,2674.58,15204412627.354223,1279.7630182233659,13.356677304904165,14.56439732896575,4.512732505289052,9.61764617834293,-2.250868777986481,18.1736479616979,95.69444444444444,1,4,0.08432991849698741
Uniswap v3 1bp,Uniswap v3,reviewed_model,5.0,24,168,50.0,154.46550573267376,71.09026473048633,48.73172715789875,Uniswap v3 1bp,0x52e65B17fB6E5BA00Ed806f37Afcd2DaA50271Ca,720,168,50.0,2453.17,2674.58,15204412627.354223,625.4152864263827,12.602876119358047,7.979015445765691,4.512732505289052,3.316613064634222,-2.7688880556433815,18.112866201214807,95.69444444444444,1,4,0.08432991849698741
Uniswap v3 1bp,Uniswap v3,reviewed_model,5.0,24,168,25.0,76.81057981689712,71.09026473048633,3.343448614929523,Uniswap v3 1bp,0x52e65B17fB6E5BA00Ed806f37Afcd2DaA50271Ca,720,168,75.0,2453.17,2674.58,15204412627.354223,309.14766746065044,12.234966743737282,4.795622965070234,4.512732505289052,0.27067559425533183,-3.062724706154152,18.14019043108881,95.69444444444444,1,4,0.08432991849698741
Uniswap v3 1bp,Uniswap v3,reviewed_model,7.5,4,24,100.0,268.6514596178765,71.09026473048633,115.47190905257105,Uniswap v3 1bp,0x52e65B17fB6E5BA00Ed806f37Afcd2DaA50271Ca,720,168,0.0,2453.17,2674.58,15204412627.354223,888.5158494242312,12.958120432549936,11.319481445068824,4.512732505289052,6.512841810384495,-2.673626660480688,18.930974799574802,99.72222222222223,1,4,0.05724152502651869
Uniswap v3 1bp,Uniswap v3,reviewed_model,7.5,4,24,50.0,121.66049024232674,71.09026473048633,29.557628887594568,Uniswap v3 1bp,0x52e65B17fB6E5BA00Ed806f37Afcd2DaA50271Ca,720,168,50.0,2453.17,2674.58,15204412627.354223,437.0964711047223,12.440023757673487,6.761025337085247,4.512732505289052,2.1512142854770433,-2.9204661475154436,18.887357511839156,99.72222222222223,1,4,0.05724152502651869
Uniswap v3 1bp,Uniswap v3,reviewed_model,7.5,4,24,25.0,71.55221403183931,71.09026473048633,0.2700032652825257,Uniswap v3 1bp,0x52e65B17fB6E5BA00Ed806f37Afcd2DaA50271Ca,720,168,75.0,2453.17,2674.58,15204412627.354223,216.7781809849702,12.185365153956791,4.535897333745775,4.512732505289052,0.022164599376006677,-3.089537996826297,18.88866413720344,99.72222222222223,1,4,0.05724152502651869
Uniswap v3 1bp,Uniswap v3,reviewed_model,7.5,4,72,100.0,268.6514596178765,71.09026473048633,115.47190905257105,Uniswap v3 1bp,0x52e65B17fB6E5BA00Ed806f37Afcd2DaA50271Ca,720,168,0.0,2453.17,2674.58,15204412627.354223,888.5158494242312,12.958120432549936,11.319481445068824,4.512732505289052,6.512841810384495,-2.673626660480688,18.930974799574802,99.72222222222223,1,4,0.05724152502651869
Uniswap v3 1bp,Uniswap v3,reviewed_model,7.5,4,72,50.0,121.66049024232674,71.09026473048633,29.557628887594568,Uniswap v3 1bp,0x52e65B17fB6E5BA00Ed806f37Afcd2DaA50271Ca,720,168,50.0,2453.17,2674.58,15204412627.354223,437.0964711047223,12.440023757673487,6.761025337085247,4.512732505289052,2.1512142854770433,-2.9204661475154436,18.887357511839156,99.72222222222223,1,4,0.05724152502651869
Uniswap v3 1bp,Uniswap v3,reviewed_model,7.5,4,72,25.0,71.55221403183931,71.09026473048633,0.2700032652825257,Uniswap v3 1bp,0x52e65B17fB6E5BA00Ed806f37Afcd2DaA50271Ca,720,168,75.0,2453.17,2674.58,15204412627.354223,216.7781809849702,12.185365153956791,4.535897333745775,4.512732505289052,0.022164599376006677,-3.089537996826297,18.88866413720344,99.72222222222223,1,4,0.05724152502651869
Uniswap v3 1bp,Uniswap v3,reviewed_model,7.5,4,168,100.0,268.6514596178765,71.09026473048633,115.47190905257105,Uniswap v3 1bp,0x52e65B17fB6E5BA00Ed806f37Afcd2DaA50271Ca,720,168,0.0,2453.17,2674.58,15204412627.354223,888.5158494242312,12.958120432549936,11.319481445068824,4.512732505289052,6.512841810384495,-2.673626660480688,18.930974799574802,99.72222222222223,1,4,0.05724152502651869
Uniswap v3 1bp,Uniswap v3,reviewed_model,7.5,4,168,50.0,121.66049024232674,71.09026473048633,29.557628887594568,Uniswap v3 1bp,0x52e65B17fB6E5BA00Ed806f37Afcd2DaA50271Ca,720,168,50.0,2453.17,2674.58,15204412627.354223,437.0964711047223,12.440023757673487,6.761025337085247,4.512732505289052,2.1512142854770433,-2.9204661475154436,18.887357511839156,99.72222222222223,1,4,0.05724152502651869
Uniswap v3 1bp,Uniswap v3,reviewed_model,7.5,4,168,25.0,71.55221403183931,71.09026473048633,0.2700032652825257,Uniswap v3 1bp,0x52e65B17fB6E5BA00Ed806f37Afcd2DaA50271Ca,720,168,75.0,2453.17,2674.58,15204412627.354223,216.7781809849702,12.185365153956791,4.535897333745775,4.512732505289052,0.022164599376006677,-3.089537996826297,18.88866413720344,99.72222222222223,1,4,0.05724152502651869
Uniswap v3 1bp,Uniswap v3,reviewed_model,7.5,12,24,100.0,279.7138438822252,71.09026473048633,121.9377265447434,Uniswap v3 1bp,0x52e65B17fB6E5BA00Ed806f37Afcd2DaA50271Ca,720,168,0.0,2453.17,2674.58,15204412627.354223,889.1779817564907,12.960263111931685,11.590328482516643,4.512732505289052,6.7719940026153225,-2.673626660480688,19.11819231848645,99.72222222222223,1,4,0.05724152502651869
Uniswap v3 1bp,Uniswap v3,reviewed_model,7.5,12,24,50.0,128.2923282331163,71.09026473048633,33.433850600873406,Uniswap v3 1bp,0x52e65B17fB6E5BA00Ed806f37Afcd2DaA50271Ca,720,168,50.0,2453.17,2674.58,15204412627.354223,437.4402644140302,12.440418285433754,7.020022951027771,4.512732505289052,2.399028697878336,-2.9204661475154436,19.08312357421225,99.72222222222223,1,4,0.05724152502651869
Uniswap v3 1bp,Uniswap v3,reviewed_model,7.5,12,24,25.0,76.6735055255174,71.09026473048633,3.2633305020749903,Uniswap v3 1bp,0x52e65B17fB6E5BA00Ed806f37Afcd2DaA50271Ca,720,168,75.0,2453.17,2674.58,15204412627.354223,216.95301484817998,12.184908724158802,4.788943005203317,4.512732505289052,0.2642840669200508,-3.089537996826297,19.088270872761214,99.72222222222223,1,4,0.05724152502651869
Uniswap v3 1bp,Uniswap v3,reviewed_model,7.5,12,72,100.0,279.7138438822252,71.09026473048633,121.9377265447434,Uniswap v3 1bp,0x52e65B17fB6E5BA00Ed806f37Afcd2DaA50271Ca,720,168,0.0,2453.17,2674.58,15204412627.354223,889.1779817564907,12.960263111931685,11.590328482516643,4.512732505289052,6.7719940026153225,-2.673626660480688,19.11819231848645,99.72222222222223,1,4,0.05724152502651869
Uniswap v3 1bp,Uniswap v3,reviewed_model,7.5,12,72,50.0,128.2923282331163,71.09026473048633,33.433850600873406,Uniswap v3 1bp,0x52e65B17fB6E5BA00Ed806f37Afcd2DaA50271Ca,720,168,50.0,2453.17,2674.58,15204412627.354223,437.4402644140302,12.440418285433754,7.020022951027771,4.512732505289052,2.399028697878336,-2.9204661475154436,19.08312357421225,99.72222222222223,1,4,0.05724152502651869
Uniswap v3 1bp,Uniswap v3,reviewed_model,7.5,12,72,25.0,76.6735055255174,71.09026473048633,3.2633305020749903,Uniswap v3 1bp,0x52e65B17fB6E5BA00Ed806f37Afcd2DaA50271Ca,720,168,75.0,2453.17,2674.58,15204412627.354223,216.95301484817998,12.184908724158802,4.788943005203317,4.512732505289052,0.2642840669200508,-3.089537996826297,19.088270872761214,99.72222222222223,1,4,0.05724152502651869
Uniswap v3 1bp,Uniswap v3,reviewed_model,7.5,12,168,100.0,279.7138438822252,71.09026473048633,121.9377265447434,Uniswap v3 1bp,0x52e65B17fB6E5BA00Ed806f37Afcd2DaA50271Ca,720,168,0.0,2453.17,2674.58,15204412627.354223,889.1779817564907,12.960263111931685,11.590328482516643,4.512732505289052,6.7719940026153225,-2.673626660480688,19.11819231848645,99.72222222222223,1,4,0.05724152502651869
Uniswap v3 1bp,Uniswap v3,reviewed_model,7.5,12,168,50.0,128.2923282331163,71.09026473048633,33.433850600873406,Uniswap v3 1bp,0x52e65B17fB6E5BA00Ed806f37Afcd2DaA50271Ca,720,168,50.0,2453.17,2674.58,15204412627.354223,437.4402644140302,12.440418285433754,7.020022951027771,4.512732505289052,2.399028697878336,-2.9204661475154436,19.08312357421225,99.72222222222223,1,4,0.05724152502651869
Uniswap v3 1bp,Uniswap v3,reviewed_model,7.5,12,168,25.0,76.6735055255174,71.09026473048633,3.2633305020749903,Uniswap v3 1bp,0x52e65B17fB6E5BA00Ed806f37Afcd2DaA50271Ca,720,168,75.0,2453.17,2674.58,15204412627.354223,216.95301484817998,12.184908724158802,4.788943005203317,4.512732505289052,0.2642840669200508,-3.089537996826297,19.088270872761214,99.72222222222223,1,4,0.05724152502651869
Uniswap v3 1bp,Uniswap v3,reviewed_model,7.5,24,24,100.0,264.73030673150004,71.09026473048633,113.1800469804928,Uniswap v3 1bp,0x52e65B17fB6E5BA00Ed806f37Afcd2DaA50271Ca,720,168,0.0,2453.17,2674.58,15204412627.354223,884.0519679816254,12.960466270361005,11.22168422116343,4.512732505289052,6.419267351501756,-2.673626660480688,19.587004648253206,98.75,1,4,0.05724152502651869
Uniswap v3 1bp,Uniswap v3,reviewed_model,7.5,24,24,50.0,119.84266999831159,71.09026473048633,28.495136964469303,Uniswap v3 1bp,0x52e65B17fB6E5BA00Ed806f37Afcd2DaA50271Ca,720,168,50.0,2453.17,2674.58,15204412627.354223,434.9895454837041,12.441202564731139,6.688790993213312,4.512732505289052,2.082098932600518,-2.9204661475154436,19.520970463003152,98.75,1,4,0.05724152502651869
Uniswap v3 1bp,Uniswap v3,reviewed_model,7.5,24,24,25.0,70.34968986841395,71.09026473048633,-0.4328562254777957,Uniswap v3 1bp,0x52e65B17fB6E5BA00Ed806f37Afcd2DaA50271Ca,720,168,75.0,2453.17,2674.58,15204412627.354223,215.75502294715747,12.185955715271502,4.475475711711874,4.512732505289052,-0.0356480906049339,-3.089537996826297,19.510822192812675,98.75,1,4,0.05724152502651869
Uniswap v3 1bp,Uniswap v3,reviewed_model,7.5,24,72,100.0,264.73030673150004,71.09026473048633,113.1800469804928,Uniswap v3 1bp,0x52e65B17fB6E5BA00Ed806f37Afcd2DaA50271Ca,720,168,0.0,2453.17,2674.58,15204412627.354223,884.0519679816254,12.960466270361005,11.22168422116343,4.512732505289052,6.419267351501756,-2.673626660480688,19.587004648253206,98.75,1,4,0.05724152502651869
Uniswap v3 1bp,Uniswap v3,reviewed_model,7.5,24,72,50.0,119.84266999831159,71.09026473048633,28.495136964469303,Uniswap v3 1bp,0x52e65B17fB6E5BA00Ed806f37Afcd2DaA50271Ca,720,168,50.0,2453.17,2674.58,15204412627.354223,434.9895454837041,12.441202564731139,6.688790993213312,4.512732505289052,2.082098932600518,-2.9204661475154436,19.520970463003152,98.75,1,4,0.05724152502651869
Uniswap v3 1bp,Uniswap v3,reviewed_model,7.5,24,72,25.0,70.34968986841395,71.09026473048633,-0.4328562254777957,Uniswap v3 1bp,0x52e65B17fB6E5BA00Ed806f37Afcd2DaA50271Ca,720,168,75.0,2453.17,2674.58,15204412627.354223,215.75502294715747,12.185955715271502,4.475475711711874,4.512732505289052,-0.0356480906049339,-3.089537996826297,19.510822192812675,98.75,1,4,0.05724152502651869
Uniswap v3 1bp,Uniswap v3,reviewed_model,7.5,24,168,100.0,264.73030673150004,71.09026473048633,113.1800469804928,Uniswap v3 1bp,0x52e65B17fB6E5BA00Ed806f37Afcd2DaA50271Ca,720,168,0.0,2453.17,2674.58,15204412627.354223,884.0519679816254,12.960466270361005,11.22168422116343,4.512732505289052,6.419267351501756,-2.673626660480688,19.587004648253206,98.75,1,4,0.05724152502651869
Uniswap v3 1bp,Uniswap v3,reviewed_model,7.5,24,168,50.0,119.84266999831159,71.09026473048633,28.495136964469303,Uniswap v3 1bp,0x52e65B17fB6E5BA00Ed806f37Afcd2DaA50271Ca,720,168,50.0,2453.17,2674.58,15204412627.354223,434.9895454837041,12.441202564731139,6.688790993213312,4.512732505289052,2.082098932600518,-2.9204661475154436,19.520970463003152,98.75,1,4,0.05724152502651869
Uniswap v3 1bp,Uniswap v3,reviewed_model,7.5,24,168,25.0,70.34968986841395,71.09026473048633,-0.4328562254777957,Uniswap v3 1bp,0x52e65B17fB6E5BA00Ed806f37Afcd2DaA50271Ca,720,168,75.0,2453.17,2674.58,15204412627.354223,215.75502294715747,12.185955715271502,4.475475711711874,4.512732505289052,-0.0356480906049339,-3.089537996826297,19.510822192812675,98.75,1,4,0.05724152502651869
Uniswap v3 1bp,Uniswap v3,reviewed_model,10.0,4,24,100.0,207.68380470541547,71.09026473048633,79.83712000802676,Uniswap v3 1bp,0x52e65B17fB6E5BA00Ed806f37Afcd2DaA50271Ca,720,168,0.0,2453.17,2674.58,15204412627.354223,678.7959226548508,12.771018130009614,9.677663349529197,4.512732505289052,4.941915420667775,-2.9011776946237466,20.421819550514975,100.0,1,4,0.043688970065875174
Uniswap v3 1bp,Uniswap v3,reviewed_model,10.0,4,24,50.0,107.89415191483363,71.09026473048633,21.511385958940178,Uniswap v3 1bp,0x52e65B17fB6E5BA00Ed806f37Afcd2DaA50271Ca,720,168,50.0,2453.17,2674.58,15204412627.354223,335.20515699770357,12.372161221358358,6.199879119931095,4.512732505289052,1.614297678569132,-3.240201419094757,20.375790113760278,100.0,1,4,0.043688970065875174
Uniswap v3 1bp,Uniswap v3,reviewed_model,10.0,4,24,25.0,70.69080461881234,71.09026473048633,-0.23347915926330565,Uniswap v3 1bp,0x52e65B17fB6E5BA00Ed806f37Afcd2DaA50271Ca,720,168,75.0,2453.17,2674.58,15204412627.354223,166.56335618328345,12.175348775027633,4.492654919865857,4.512732505289052,-0.019210659736779157,-3.5068645119061714,20.365519459749233,100.0,1,4,0.043688970065875174
Uniswap v3 1bp,Uniswap v3,reviewed_model,10.0,4,72,100.0,207.68380470541547,71.09026473048633,79.83712000802676,Uniswap v3 1bp,0x52e65B17fB6E5BA00Ed806f37Afcd2DaA50271Ca,720,168,0.0,2453.17,2674.58,15204412627.354223,678.7959226548508,12.771018130009614,9.677663349529197,4.512732505289052,4.941915420667775,-2.9011776946237466,20.421819550514975,100.0,1,4,0.043688970065875174
Uniswap v3 1bp,Uniswap v3,reviewed_model,10.0,4,72,50.0,107.89415191483363,71.09026473048633,21.511385958940178,Uniswap v3 1bp,0x52e65B17fB6E5BA00Ed806f37Afcd2DaA50271Ca,720,168,50.0,2453.17,2674.58,15204412627.354223,335.20515699770357,12.372161221358358,6.199879119931095,4.512732505289052,1.614297678569132,-3.240201419094757,20.375790113760278,100.0,1,4,0.043688970065875174
Uniswap v3 1bp,Uniswap v3,reviewed_model,10.0,4,72,25.0,70.69080461881234,71.09026473048633,-0.23347915926330565,Uniswap v3 1bp,0x52e65B17fB6E5BA00Ed806f37Afcd2DaA50271Ca,720,168,75.0,2453.17,2674.58,15204412627.354223,166.56335618328345,12.175348775027633,4.492654919865857,4.512732505289052,-0.019210659736779157,-3.5068645119061714,20.365519459749233,100.0,1,4,0.043688970065875174
Uniswap v3 1bp,Uniswap v3,reviewed_model,10.0,4,168,100.0,207.68380470541547,71.09026473048633,79.83712000802676,Uniswap v3 1bp,0x52e65B17fB6E5BA00Ed806f37Afcd2DaA50271Ca,720,168,0.0,2453.17,2674.58,15204412627.354223,678.7959226548508,12.771018130009614,9.677663349529197,4.512732505289052,4.941915420667775,-2.9011776946237466,20.421819550514975,100.0,1,4,0.043688970065875174
Uniswap v3 1bp,Uniswap v3,reviewed_model,10.0,4,168,50.0,107.89415191483363,71.09026473048633,21.511385958940178,Uniswap v3 1bp,0x52e65B17fB6E5BA00Ed806f37Afcd2DaA50271Ca,720,168,50.0,2453.17,2674.58,15204412627.354223,335.20515699770357,12.372161221358358,6.199879119931095,4.512732505289052,1.614297678569132,-3.240201419094757,20.375790113760278,100.0,1,4,0.043688970065875174
Uniswap v3 1bp,Uniswap v3,reviewed_model,10.0,4,168,25.0,70.69080461881234,71.09026473048633,-0.23347915926330565,Uniswap v3 1bp,0x52e65B17fB6E5BA00Ed806f37Afcd2DaA50271Ca,720,168,75.0,2453.17,2674.58,15204412627.354223,166.56335618328345,12.175348775027633,4.492654919865857,4.512732505289052,-0.019210659736779157,-3.5068645119061714,20.365519459749233,100.0,1,4,0.043688970065875174
Uniswap v3 1bp,Uniswap v3,reviewed_model,10.0,12,24,100.0,210.65366879678086,71.09026473048633,81.57296634390288,Uniswap v3 1bp,0x52e65B17fB6E5BA00Ed806f37Afcd2DaA50271Ca,720,168,0.0,2453.17,2674.58,15204412627.354223,678.9435666325041,12.769774029055341,9.764292165830014,4.512732505289052,5.024803710184478,-2.9011776946237466,20.295194367431495,100.0,1,4,0.043688970065875174
Uniswap v3 1bp,Uniswap v3,reviewed_model,10.0,12,24,50.0,109.8825867574793,71.09026473048633,22.67359986151245,Uniswap v3 1bp,0x52e65B17fB6E5BA00Ed806f37Afcd2DaA50271Ca,720,168,50.0,2453.17,2674.58,15204412627.354223,335.2919752589385,12.36994966109265,6.283002406086391,4.512732505289052,1.6938318024626753,-3.240201419094757,20.25349235099489,100.0,1,4,0.043688970065875174
Uniswap v3 1bp,Uniswap v3,reviewed_model,10.0,12,24,25.0,72.32596972580123,71.09026473048633,0.7222532487522138,Uniswap v3 1bp,0x52e65B17fB6E5BA00Ed806f37Afcd2DaA50271Ca,720,168,75.0,2453.17,2674.58,15204412627.354223,166.61088293994973,12.172647097137878,4.574570000833278,4.512732505289052,0.05916742779745743,-3.5068645119061714,20.245563175138674,100.0,1,4,0.043688970065875174
Uniswap v3 1bp,Uniswap v3,reviewed_model,10.0,12,72,100.0,210.65366879678086,71.09026473048633,81.57296634390288,Uniswap v3 1bp,0x52e65B17fB6E5BA00Ed806f37Afcd2DaA50271Ca,720,168,0.0,2453.17,2674.58,15204412627.354223,678.9435666325041,12.769774029055341,9.764292165830014,4.512732505289052,5.024803710184478,-2.9011776946237466,20.295194367431495,100.0,1,4,0.043688970065875174
Uniswap v3 1bp,Uniswap v3,reviewed_model,10.0,12,72,50.0,109.8825867574793,71.09026473048633,22.67359986151245,Uniswap v3 1bp,0x52e65B17fB6E5BA00Ed806f37Afcd2DaA50271Ca,720,168,50.0,2453.17,2674.58,15204412627.354223,335.2919752589385,12.36994966109265,6.283002406086391,4.512732505289052,1.6938318024626753,-3.240201419094757,20.25349235099489,100.0,1,4,0.043688970065875174
Uniswap v3 1bp,Uniswap v3,reviewed_model,10.0,12,72,25.0,72.32596972580123,71.09026473048633,0.7222532487522138,Uniswap v3 1bp,0x52e65B17fB6E5BA00Ed806f37Afcd2DaA50271Ca,720,168,75.0,2453.17,2674.58,15204412627.354223,166.61088293994973,12.172647097137878,4.574570000833278,4.512732505289052,0.05916742779745743,-3.5068645119061714,20.245563175138674,100.0,1,4,0.043688970065875174
Uniswap v3 1bp,Uniswap v3,reviewed_model,10.0,12,168,100.0,210.65366879678086,71.09026473048633,81.57296634390288,Uniswap v3 1bp,0x52e65B17fB6E5BA00Ed806f37Afcd2DaA50271Ca,720,168,0.0,2453.17,2674.58,15204412627.354223,678.9435666325041,12.769774029055341,9.764292165830014,4.512732505289052,5.024803710184478,-2.9011776946237466,20.295194367431495,100.0,1,4,0.043688970065875174
Uniswap v3 1bp,Uniswap v3,reviewed_model,10.0,12,168,50.0,109.8825867574793,71.09026473048633,22.67359986151245,Uniswap v3 1bp,0x52e65B17fB6E5BA00Ed806f37Afcd2DaA50271Ca,720,168,50.0,2453.17,2674.58,15204412627.354223,335.2919752589385,12.36994966109265,6.283002406086391,4.512732505289052,1.6938318024626753,-3.240201419094757,20.25349235099489,100.0,1,4,0.043688970065875174
Uniswap v3 1bp,Uniswap v3,reviewed_model,10.0,12,168,25.0,72.32596972580123,71.09026473048633,0.7222532487522138,Uniswap v3 1bp,0x52e65B17fB6E5BA00Ed806f37Afcd2DaA50271Ca,720,168,75.0,2453.17,2674.58,15204412627.354223,166.61088293994973,12.172647097137878,4.574570000833278,4.512732505289052,0.05916742779745743,-3.5068645119061714,20.245563175138674,100.0,1,4,0.043688970065875174
Uniswap v3 1bp,Uniswap v3,reviewed_model,10.0,24,24,100.0,120.12216184973354,71.09026473048633,28.658496260138143,Uniswap v3 1bp,0x52e65B17fB6E5BA00Ed806f37Afcd2DaA50271Ca,720,168,0.0,2453.17,2674.58,15204412627.354223,661.0793664260791,12.866040438695169,6.699932684007681,4.512732505289052,2.092759538755651,-2.9472907816055716,19.819063897910798,98.05555555555556,1,4,0.043688970065875174
Uniswap v3 1bp,Uniswap v3,reviewed_model,10.0,24,24,50.0,49.96195921653417,71.09026473048633,-12.34921551336381,Uniswap v3 1bp,0x52e65B17fB6E5BA00Ed806f37Afcd2DaA50271Ca,720,168,50.0,2453.17,2674.58,15204412627.354223,326.5601151915828,12.425400617462811,3.386587439594302,4.512732505289052,-1.0775194932710952,-3.240201419094757,19.76592090045517,98.05555555555556,1,4,0.043688970065875174
Uniswap v3 1bp,Uniswap v3,reviewed_model,10.0,24,24,25.0,23.640496356988816,71.09026473048633,-27.7337629047707,Uniswap v3 1bp,0x52e65B17fB6E5BA00Ed806f37Afcd2DaA50271Ca,720,168,75.0,2453.17,2674.58,15204412627.354223,162.2935654074716,12.208283736782395,1.7594744482309022,4.512732505289052,-2.6343757273008084,-3.5068645119061714,19.75291736897999,98.05555555555556,1,4,0.043688970065875174
Uniswap v3 1bp,Uniswap v3,reviewed_model,10.0,24,72,100.0,120.12216184973354,71.09026473048633,28.658496260138143,Uniswap v3 1bp,0x52e65B17fB6E5BA00Ed806f37Afcd2DaA50271Ca,720,168,0.0,2453.17,2674.58,15204412627.354223,661.0793664260791,12.866040438695169,6.699932684007681,4.512732505289052,2.092759538755651,-2.9472907816055716,19.819063897910798,98.05555555555556,1,4,0.043688970065875174
Uniswap v3 1bp,Uniswap v3,reviewed_model,10.0,24,72,50.0,49.96195921653417,71.09026473048633,-12.34921551336381,Uniswap v3 1bp,0x52e65B17fB6E5BA00Ed806f37Afcd2DaA50271Ca,720,168,50.0,2453.17,2674.58,15204412627.354223,326.5601151915828,12.425400617462811,3.386587439594302,4.512732505289052,-1.0775194932710952,-3.240201419094757,19.76592090045517,98.05555555555556,1,4,0.043688970065875174
Uniswap v3 1bp,Uniswap v3,reviewed_model,10.0,24,72,25.0,23.640496356988816,71.09026473048633,-27.7337629047707,Uniswap v3 1bp,0x52e65B17fB6E5BA00Ed806f37Afcd2DaA50271Ca,720,168,75.0,2453.17,2674.58,15204412627.354223,162.2935654074716,12.208283736782395,1.7594744482309022,4.512732505289052,-2.6343757273008084,-3.5068645119061714,19.75291736897999,98.05555555555556,1,4,0.043688970065875174
Uniswap v3 1bp,Uniswap v3,reviewed_model,10.0,24,168,100.0,120.12216184973354,71.09026473048633,28.658496260138143,Uniswap v3 1bp,0x52e65B17fB6E5BA00Ed806f37Afcd2DaA50271Ca,720,168,0.0,2453.17,2674.58,15204412627.354223,661.0793664260791,12.866040438695169,6.699932684007681,4.512732505289052,2.092759538755651,-2.9472907816055716,19.819063897910798,98.05555555555556,1,4,0.043688970065875174
Uniswap v3 1bp,Uniswap v3,reviewed_model,10.0,24,168,50.0,49.96195921653417,71.09026473048633,-12.34921551336381,Uniswap v3 1bp,0x52e65B17fB6E5BA00Ed806f37Afcd2DaA50271Ca,720,168,50.0,2453.17,2674.58,15204412627.354223,326.5601151915828,12.425400617462811,3.386587439594302,4.512732505289052,-1.0775194932710952,-3.240201419094757,19.76592090045517,98.05555555555556,1,4,0.043688970065875174
Uniswap v3 1bp,Uniswap v3,reviewed_model,10.0,24,168,25.0,23.640496356988816,71.09026473048633,-27.7337629047707,Uniswap v3 1bp,0x52e65B17fB6E5BA00Ed806f37Afcd2DaA50271Ca,720,168,75.0,2453.17,2674.58,15204412627.354223,162.2935654074716,12.208283736782395,1.7594744482309022,4.512732505289052,-2.6343757273008084,-3.5068645119061714,19.75291736897999,98.05555555555556,1,4,0.043688970065875174
Uniswap v3 1bp,Uniswap v3,reviewed_model,15.0,4,24,100.0,119.5057953788445,71.09026473048633,28.29823819878101,Uniswap v3 1bp,0x52e65B17fB6E5BA00Ed806f37Afcd2DaA50271Ca,720,168,0.0,2453.17,2674.58,15204412627.354223,464.41413963757293,12.703847046412278,6.675344498873681,4.512732505289052,2.06923304151021,-3.403469024183947,20.741643861661803,100.0,1,4,0.03012729270130984
Uniswap v3 1bp,Uniswap v3,reviewed_model,15.0,4,24,50.0,67.35149361044152,71.09026473048633,-2.185262338529048,Uniswap v3 1bp,0x52e65B17fB6E5BA00Ed806f37Afcd2DaA50271Ca,720,168,50.0,2453.17,2674.58,15204412627.354223,230.20616526318298,12.396769724478975,4.323107367966972,4.512732505289052,-0.18143735483376888,-3.771245202778395,20.72036057572654,100.0,1,4,0.03012729270130984
Uniswap v3 1bp,Uniswap v3,reviewed_model,15.0,4,24,25.0,46.04591660148196,71.09026473048633,-14.638090699348826,Uniswap v3 1bp,0x52e65B17fB6E5BA00Ed806f37Afcd2DaA50271Ca,720,168,75.0,2453.17,2674.58,15204412627.354223,114.60592668835484,12.244813640096947,3.1619821952742155,4.512732505289052,-1.2924265566843673,-3.955307698882915,20.715660999013622,100.0,1,4,0.03012729270130984
Uniswap v3 1bp,Uniswap v3,reviewed_model,15.0,4,72,100.0,119.5057953788445,71.09026473048633,28.29823819878101,Uniswap v3 1bp,0x52e65B17fB6E5BA00Ed806f37Afcd2DaA50271Ca,720,168,0.0,2453.17,2674.58,15204412627.354223,464.41413963757293,12.703847046412278,6.675344498873681,4.512732505289052,2.06923304151021,-3.403469024183947,20.741643861661803,100.0,1,4,0.03012729270130984
Uniswap v3 1bp,Uniswap v3,reviewed_model,15.0,4,72,50.0,67.35149361044152,71.09026473048633,-2.185262338529048,Uniswap v3 1bp,0x52e65B17fB6E5BA00Ed806f37Afcd2DaA50271Ca,720,168,50.0,2453.17,2674.58,15204412627.354223,230.20616526318298,12.396769724478975,4.323107367966972,4.512732505289052,-0.18143735483376888,-3.771245202778395,20.72036057572654,100.0,1,4,0.03012729270130984
Uniswap v3 1bp,Uniswap v3,reviewed_model,15.0,4,72,25.0,46.04591660148196,71.09026473048633,-14.638090699348826,Uniswap v3 1bp,0x52e65B17fB6E5BA00Ed806f37Afcd2DaA50271Ca,720,168,75.0,2453.17,2674.58,15204412627.354223,114.60592668835484,12.244813640096947,3.1619821952742155,4.512732505289052,-1.2924265566843673,-3.955307698882915,20.715660999013622,100.0,1,4,0.03012729270130984
Uniswap v3 1bp,Uniswap v3,reviewed_model,15.0,4,168,100.0,119.5057953788445,71.09026473048633,28.29823819878101,Uniswap v3 1bp,0x52e65B17fB6E5BA00Ed806f37Afcd2DaA50271Ca,720,168,0.0,2453.17,2674.58,15204412627.354223,464.41413963757293,12.703847046412278,6.675344498873681,4.512732505289052,2.06923304151021,-3.403469024183947,20.741643861661803,100.0,1,4,0.03012729270130984
Uniswap v3 1bp,Uniswap v3,reviewed_model,15.0,4,168,50.0,67.35149361044152,71.09026473048633,-2.185262338529048,Uniswap v3 1bp,0x52e65B17fB6E5BA00Ed806f37Afcd2DaA50271Ca,720,168,50.0,2453.17,2674.58,15204412627.354223,230.20616526318298,12.396769724478975,4.323107367966972,4.512732505289052,-0.18143735483376888,-3.771245202778395,20.72036057572654,100.0,1,4,0.03012729270130984
Uniswap v3 1bp,Uniswap v3,reviewed_model,15.0,4,168,25.0,46.04591660148196,71.09026473048633,-14.638090699348826,Uniswap v3 1bp,0x52e65B17fB6E5BA00Ed806f37Afcd2DaA50271Ca,720,168,75.0,2453.17,2674.58,15204412627.354223,114.60592668835484,12.244813640096947,3.1619821952742155,4.512732505289052,-1.2924265566843673,-3.955307698882915,20.715660999013622,100.0,1,4,0.03012729270130984
Uniswap v3 1bp,Uniswap v3,reviewed_model,15.0,12,24,100.0,100.71385951178273,71.09026473048633,17.314599885599424,Uniswap v3 1bp,0x52e65B17fB6E5BA00Ed806f37Afcd2DaA50271Ca,720,168,0.0,2453.17,2674.58,15204412627.354223,464.1539777067945,12.71957367277915,5.893516908411267,4.512732505289052,1.3211638142293758,-3.403469024183947,20.55045936840017,100.0,1,4,0.03012729270130984
Uniswap v3 1bp,Uniswap v3,reviewed_model,15.0,12,24,50.0,53.01162061125453,71.09026473048633,-10.56672870762747,Uniswap v3 1bp,0x52e65B17fB6E5BA00Ed806f37Afcd2DaA50271Ca,720,168,50.0,2453.17,2674.58,15204412627.354223,230.07487486248226,12.410842543033278,3.5578030986442633,4.512732505289052,-0.9136967178582589,-3.771245202778395,20.528152351308695,100.0,1,4,0.03012729270130984
Uniswap v3 1bp,Uniswap v3,reviewed_model,15.0,12,24,25.0,33.52646399943742,71.09026473048633,-21.95554539016127,Uniswap v3 1bp,0x52e65B17fB6E5BA00Ed806f37Afcd2DaA50271Ca,720,168,75.0,2453.17,2674.58,15204412627.354223,114.53999858734943,12.258080476585564,2.4048684409489374,4.512732505289052,-2.0168490611739087,-3.955307698882915,20.522921358141772,100.0,1,4,0.03012729270130984
Uniswap v3 1bp,Uniswap v3,reviewed_model,15.0,12,72,100.0,100.71385951178273,71.09026473048633,17.314599885599424,Uniswap v3 1bp,0x52e65B17fB6E5BA00Ed806f37Afcd2DaA50271Ca,720,168,0.0,2453.17,2674.58,15204412627.354223,464.1539777067945,12.71957367277915,5.893516908411267,4.512732505289052,1.3211638142293758,-3.403469024183947,20.55045936840017,100.0,1,4,0.03012729270130984
Uniswap v3 1bp,Uniswap v3,reviewed_model,15.0,12,72,50.0,53.01162061125453,71.09026473048633,-10.56672870762747,Uniswap v3 1bp,0x52e65B17fB6E5BA00Ed806f37Afcd2DaA50271Ca,720,168,50.0,2453.17,2674.58,15204412627.354223,230.07487486248226,12.410842543033278,3.5578030986442633,4.512732505289052,-0.9136967178582589,-3.771245202778395,20.528152351308695,100.0,1,4,0.03012729270130984
Uniswap v3 1bp,Uniswap v3,reviewed_model,15.0,12,72,25.0,33.52646399943742,71.09026473048633,-21.95554539016127,Uniswap v3 1bp,0x52e65B17fB6E5BA00Ed806f37Afcd2DaA50271Ca,720,168,75.0,2453.17,2674.58,15204412627.354223,114.53999858734943,12.258080476585564,2.4048684409489374,4.512732505289052,-2.0168490611739087,-3.955307698882915,20.522921358141772,100.0,1,4,0.03012729270130984
Uniswap v3 1bp,Uniswap v3,reviewed_model,15.0,12,168,100.0,100.71385951178273,71.09026473048633,17.314599885599424,Uniswap v3 1bp,0x52e65B17fB6E5BA00Ed806f37Afcd2DaA50271Ca,720,168,0.0,2453.17,2674.58,15204412627.354223,464.1539777067945,12.71957367277915,5.893516908411267,4.512732505289052,1.3211638142293758,-3.403469024183947,20.55045936840017,100.0,1,4,0.03012729270130984
Uniswap v3 1bp,Uniswap v3,reviewed_model,15.0,12,168,50.0,53.01162061125453,71.09026473048633,-10.56672870762747,Uniswap v3 1bp,0x52e65B17fB6E5BA00Ed806f37Afcd2DaA50271Ca,720,168,50.0,2453.17,2674.58,15204412627.354223,230.07487486248226,12.410842543033278,3.5578030986442633,4.512732505289052,-0.9136967178582589,-3.771245202778395,20.528152351308695,100.0,1,4,0.03012729270130984
Uniswap v3 1bp,Uniswap v3,reviewed_model,15.0,12,168,25.0,33.52646399943742,71.09026473048633,-21.95554539016127,Uniswap v3 1bp,0x52e65B17fB6E5BA00Ed806f37Afcd2DaA50271Ca,720,168,75.0,2453.17,2674.58,15204412627.354223,114.53999858734943,12.258080476585564,2.4048684409489374,4.512732505289052,-2.0168490611739087,-3.955307698882915,20.522921358141772,100.0,1,4,0.03012729270130984
Uniswap v3 1bp,Uniswap v3,reviewed_model,15.0,24,24,100.0,117.49591993423176,71.09026473048633,27.123492547542938,Uniswap v3 1bp,0x52e65B17fB6E5BA00Ed806f37Afcd2DaA50271Ca,720,168,0.0,2453.17,2674.58,15204412627.354223,464.62648035695213,12.71104143172613,6.594723654537216,4.512732505289052,1.9920933070454172,-3.403469024183947,20.41106088674339,100.0,1,4,0.03012729270130984
Uniswap v3 1bp,Uniswap v3,reviewed_model,15.0,24,24,50.0,65.80431850506217,71.09026473048633,-3.089565752762735,Uniswap v3 1bp,0x52e65B17fB6E5BA00Ed806f37Afcd2DaA50271Ca,720,168,50.0,2453.17,2674.58,15204412627.354223,230.3045411979509,12.401223648425454,4.24349723726134,4.512732505289052,-0.25761001705135733,-3.771245202778395,20.39626825466024,100.0,1,4,0.03012729270130984
Uniswap v3 1bp,Uniswap v3,reviewed_model,15.0,24,24,25.0,44.68994790890719,71.09026473048633,-15.430636490724293,Uniswap v3 1bp,0x52e65B17fB6E5BA00Ed806f37Afcd2DaA50271Ca,720,168,75.0,2453.17,2674.58,15204412627.354223,114.65321145765763,12.247934920401322,3.082920559483493,4.512732505289052,-1.368074407329467,-3.955307698882915,20.394870809861775,100.0,1,4,0.03012729270130984
Uniswap v3 1bp,Uniswap v3,reviewed_model,15.0,24,72,100.0,117.49591993423176,71.09026473048633,27.123492547542938,Uniswap v3 1bp,0x52e65B17fB6E5BA00Ed806f37Afcd2DaA50271Ca,720,168,0.0,2453.17,2674.58,15204412627.354223,464.62648035695213,12.71104143172613,6.594723654537216,4.512732505289052,1.9920933070454172,-3.403469024183947,20.41106088674339,100.0,1,4,0.03012729270130984
Uniswap v3 1bp,Uniswap v3,reviewed_model,15.0,24,72,50.0,65.80431850506217,71.09026473048633,-3.089565752762735,Uniswap v3 1bp,0x52e65B17fB6E5BA00Ed806f37Afcd2DaA50271Ca,720,168,50.0,2453.17,2674.58,15204412627.354223,230.3045411979509,12.401223648425454,4.24349723726134,4.512732505289052,-0.25761001705135733,-3.771245202778395,20.39626825466024,100.0,1,4,0.03012729270130984
Uniswap v3 1bp,Uniswap v3,reviewed_model,15.0,24,72,25.0,44.68994790890719,71.09026473048633,-15.430636490724293,Uniswap v3 1bp,0x52e65B17fB6E5BA00Ed806f37Afcd2DaA50271Ca,720,168,75.0,2453.17,2674.58,15204412627.354223,114.65321145765763,12.247934920401322,3.082920559483493,4.512732505289052,-1.368074407329467,-3.955307698882915,20.394870809861775,100.0,1,4,0.03012729270130984
Uniswap v3 1bp,Uniswap v3,reviewed_model,15.0,24,168,100.0,117.49591993423176,71.09026473048633,27.123492547542938,Uniswap v3 1bp,0x52e65B17fB6E5BA00Ed806f37Afcd2DaA50271Ca,720,168,0.0,2453.17,2674.58,15204412627.354223,464.62648035695213,12.71104143172613,6.594723654537216,4.512732505289052,1.9920933070454172,-3.403469024183947,20.41106088674339,100.0,1,4,0.03012729270130984
Uniswap v3 1bp,Uniswap v3,reviewed_model,15.0,24,168,50.0,65.80431850506217,71.09026473048633,-3.089565752762735,Uniswap v3 1bp,0x52e65B17fB6E5BA00Ed806f37Afcd2DaA50271Ca,720,168,50.0,2453.17,2674.58,15204412627.354223,230.3045411979509,12.401223648425454,4.24349723726134,4.512732505289052,-0.25761001705135733,-3.771245202778395,20.39626825466024,100.0,1,4,0.03012729270130984
Uniswap v3 1bp,Uniswap v3,reviewed_model,15.0,24,168,25.0,44.68994790890719,71.09026473048633,-15.430636490724293,Uniswap v3 1bp,0x52e65B17fB6E5BA00Ed806f37Afcd2DaA50271Ca,720,168,75.0,2453.17,2674.58,15204412627.354223,114.65321145765763,12.247934920401322,3.082920559483493,4.512732505289052,-1.368074407329467,-3.955307698882915,20.394870809861775,100.0,1,4,0.03012729270130984
Uniswap v3 1bp,Uniswap v3,reviewed_model,20.0,4,24,100.0,128.67518271213197,71.09026473048587,33.657623987173004,Uniswap v3 1bp,0x52e65B17fB6E5BA00Ed806f37Afcd2DaA50271Ca,720,168,0.0,2453.17,2674.58,15204412627.354223,359.5994102487174,1.1728252644257422,7.034763098956787,4.51273250528903,2.413132384171579,-3.750766116676374,20.548063906325805,100.0,0,4,0.023339919020060364
Uniswap v3 1bp,Uniswap v3,reviewed_model,20.0,4,24,50.0,85.2362715433201,71.09026473048587,8.268154143731099,Uniswap v3 1bp,0x52e65B17fB6E5BA00Ed806f37Afcd2DaA50271Ca,720,168,50.0,2453.17,2674.58,15204412627.354223,178.61071203185685,1.0858757500274847,5.197369256502182,4.51273250528903,0.6550749701032865,-4.035877183690683,20.550875042245952,100.0,0,4,0.023339919020060364
Uniswap v3 1bp,Uniswap v3,reviewed_model,20.0,4,24,25.0,66.66077007244522,71.09026473048587,-2.5889811235130344,Uniswap v3 1bp,0x52e65B17fB6E5BA00Ed806f37Afcd2DaA50271Ca,720,168,75.0,2453.17,2674.58,15204412627.354223,89.00945657515823,1.0428041967029849,4.28764991399091,4.51273250528903,-0.2153637991301527,-4.17853788299708,20.555941961967946,100.0,0,4,0.023339919020060364
Uniswap v3 1bp,Uniswap v3,reviewed_model,20.0,4,72,100.0,128.67518271213197,71.09026473048587,33.657623987173004,Uniswap v3 1bp,0x52e65B17fB6E5BA00Ed806f37Afcd2DaA50271Ca,720,168,0.0,2453.17,2674.58,15204412627.354223,359.5994102487174,1.1728252644257422,7.034763098956787,4.51273250528903,2.413132384171579,-3.750766116676374,20.548063906325805,100.0,0,4,0.023339919020060364
Uniswap v3 1bp,Uniswap v3,reviewed_model,20.0,4,72,50.0,85.2362715433201,71.09026473048587,8.268154143731099,Uniswap v3 1bp,0x52e65B17fB6E5BA00Ed806f37Afcd2DaA50271Ca,720,168,50.0,2453.17,2674.58,15204412627.354223,178.61071203185685,1.0858757500274847,5.197369256502182,4.51273250528903,0.6550749701032865,-4.035877183690683,20.550875042245952,100.0,0,4,0.023339919020060364
Uniswap v3 1bp,Uniswap v3,reviewed_model,20.0,4,72,25.0,66.66077007244522,71.09026473048587,-2.5889811235130344,Uniswap v3 1bp,0x52e65B17fB6E5BA00Ed806f37Afcd2DaA50271Ca,720,168,75.0,2453.17,2674.58,15204412627.354223,89.00945657515823,1.0428041967029849,4.28764991399091,4.51273250528903,-0.2153637991301527,-4.17853788299708,20.555941961967946,100.0,0,4,0.023339919020060364
Uniswap v3 1bp,Uniswap v3,reviewed_model,20.0,4,168,100.0,128.67518271213197,71.09026473048587,33.657623987173004,Uniswap v3 1bp,0x52e65B17fB6E5BA00Ed806f37Afcd2DaA50271Ca,720,168,0.0,2453.17,2674.58,15204412627.354223,359.5994102487174,1.1728252644257422,7.034763098956787,4.51273250528903,2.413132384171579,-3.750766116676374,20.548063906325805,100.0,0,4,0.023339919020060364
Uniswap v3 1bp,Uniswap v3,reviewed_model,20.0,4,168,50.0,85.2362715433201,71.09026473048587,8.268154143731099,Uniswap v3 1bp,0x52e65B17fB6E5BA00Ed806f37Afcd2DaA50271Ca,720,168,50.0,2453.17,2674.58,15204412627.354223,178.61071203185685,1.0858757500274847,5.197369256502182,4.51273250528903,0.6550749701032865,-4.035877183690683,20.550875042245952,100.0,0,4,0.023339919020060364
Uniswap v3 1bp,Uniswap v3,reviewed_model,20.0,4,168,25.0,66.66077007244522,71.09026473048587,-2.5889811235130344,Uniswap v3 1bp,0x52e65B17fB6E5BA00Ed806f37Afcd2DaA50271Ca,720,168,75.0,2453.17,2674.58,15204412627.354223,89.00945657515823,1.0428041967029849,4.28764991399091,4.51273250528903,-0.2153637991301527,-4.17853788299708,20.555941961967946,100.0,0,4,0.023339919020060364
Uniswap v3 1bp,Uniswap v3,reviewed_model,20.0,12,24,100.0,128.67518271213197,71.09026473048587,33.657623987173004,Uniswap v3 1bp,0x52e65B17fB6E5BA00Ed806f37Afcd2DaA50271Ca,720,168,0.0,2453.17,2674.58,15204412627.354223,359.5994102487174,1.1728252644257422,7.034763098956787,4.51273250528903,2.413132384171579,-3.750766116676374,20.548063906325805,100.0,0,4,0.023339919020060364
Uniswap v3 1bp,Uniswap v3,reviewed_model,20.0,12,24,50.0,85.2362715433201,71.09026473048587,8.268154143731099,Uniswap v3 1bp,0x52e65B17fB6E5BA00Ed806f37Afcd2DaA50271Ca,720,168,50.0,2453.17,2674.58,15204412627.354223,178.61071203185685,1.0858757500274847,5.197369256502182,4.51273250528903,0.6550749701032865,-4.035877183690683,20.550875042245952,100.0,0,4,0.023339919020060364
Uniswap v3 1bp,Uniswap v3,reviewed_model,20.0,12,24,25.0,66.66077007244522,71.09026473048587,-2.5889811235130344,Uniswap v3 1bp,0x52e65B17fB6E5BA00Ed806f37Afcd2DaA50271Ca,720,168,75.0,2453.17,2674.58,15204412627.354223,89.00945657515823,1.0428041967029849,4.28764991399091,4.51273250528903,-0.2153637991301527,-4.17853788299708,20.555941961967946,100.0,0,4,0.023339919020060364
Uniswap v3 1bp,Uniswap v3,reviewed_model,20.0,12,72,100.0,128.67518271213197,71.09026473048587,33.657623987173004,Uniswap v3 1bp,0x52e65B17fB6E5BA00Ed806f37Afcd2DaA50271Ca,720,168,0.0,2453.17,2674.58,15204412627.354223,359.5994102487174,1.1728252644257422,7.034763098956787,4.51273250528903,2.413132384171579,-3.750766116676374,20.548063906325805,100.0,0,4,0.023339919020060364
Uniswap v3 1bp,Uniswap v3,reviewed_model,20.0,12,72,50.0,85.2362715433201,71.09026473048587,8.268154143731099,Uniswap v3 1bp,0x52e65B17fB6E5BA00Ed806f37Afcd2DaA50271Ca,720,168,50.0,2453.17,2674.58,15204412627.354223,178.61071203185685,1.0858757500274847,5.197369256502182,4.51273250528903,0.6550749701032865,-4.035877183690683,20.550875042245952,100.0,0,4,0.023339919020060364
Uniswap v3 1bp,Uniswap v3,reviewed_model,20.0,12,72,25.0,66.66077007244522,71.09026473048587,-2.5889811235130344,Uniswap v3 1bp,0x52e65B17fB6E5BA00Ed806f37Afcd2DaA50271Ca,720,168,75.0,2453.17,2674.58,15204412627.354223,89.00945657515823,1.0428041967029849,4.28764991399091,4.51273250528903,-0.2153637991301527,-4.17853788299708,20.555941961967946,100.0,0,4,0.023339919020060364
Uniswap v3 1bp,Uniswap v3,reviewed_model,20.0,12,168,100.0,128.67518271213197,71.09026473048587,33.657623987173004,Uniswap v3 1bp,0x52e65B17fB6E5BA00Ed806f37Afcd2DaA50271Ca,720,168,0.0,2453.17,2674.58,15204412627.354223,359.5994102487174,1.1728252644257422,7.034763098956787,4.51273250528903,2.413132384171579,-3.750766116676374,20.548063906325805,100.0,0,4,0.023339919020060364
Uniswap v3 1bp,Uniswap v3,reviewed_model,20.0,12,168,50.0,85.2362715433201,71.09026473048587,8.268154143731099,Uniswap v3 1bp,0x52e65B17fB6E5BA00Ed806f37Afcd2DaA50271Ca,720,168,50.0,2453.17,2674.58,15204412627.354223,178.61071203185685,1.0858757500274847,5.197369256502182,4.51273250528903,0.6550749701032865,-4.035877183690683,20.550875042245952,100.0,0,4,0.023339919020060364
Uniswap v3 1bp,Uniswap v3,reviewed_model,20.0,12,168,25.0,66.66077007244522,71.09026473048587,-2.5889811235130344,Uniswap v3 1bp,0x52e65B17fB6E5BA00Ed806f37Afcd2DaA50271Ca,720,168,75.0,2453.17,2674.58,15204412627.354223,89.00945657515823,1.0428041967029849,4.28764991399091,4.51273250528903,-0.2153637991301527,-4.17853788299708,20.555941961967946,100.0,0,4,0.023339919020060364
Uniswap v3 1bp,Uniswap v3,reviewed_model,20.0,24,24,100.0,128.67518271213197,71.09026473048587,33.657623987173004,Uniswap v3 1bp,0x52e65B17fB6E5BA00Ed806f37Afcd2DaA50271Ca,720,168,0.0,2453.17,2674.58,15204412627.354223,359.5994102487174,1.1728252644257422,7.034763098956787,4.51273250528903,2.413132384171579,-3.750766116676374,20.548063906325805,100.0,0,4,0.023339919020060364
Uniswap v3 1bp,Uniswap v3,reviewed_model,20.0,24,24,50.0,85.2362715433201,71.09026473048587,8.268154143731099,Uniswap v3 1bp,0x52e65B17fB6E5BA00Ed806f37Afcd2DaA50271Ca,720,168,50.0,2453.17,2674.58,15204412627.354223,178.61071203185685,1.0858757500274847,5.197369256502182,4.51273250528903,0.6550749701032865,-4.035877183690683,20.550875042245952,100.0,0,4,0.023339919020060364
Uniswap v3 1bp,Uniswap v3,reviewed_model,20.0,24,24,25.0,66.66077007244522,71.09026473048587,-2.5889811235130344,Uniswap v3 1bp,0x52e65B17fB6E5BA00Ed806f37Afcd2DaA50271Ca,720,168,75.0,2453.17,2674.58,15204412627.354223,89.00945657515823,1.0428041967029849,4.28764991399091,4.51273250528903,-0.2153637991301527,-4.17853788299708,20.555941961967946,100.0,0,4,0.023339919020060364
Uniswap v3 1bp,Uniswap v3,reviewed_model,20.0,24,72,100.0,128.67518271213197,71.09026473048587,33.657623987173004,Uniswap v3 1bp,0x52e65B17fB6E5BA00Ed806f37Afcd2DaA50271Ca,720,168,0.0,2453.17,2674.58,15204412627.354223,359.5994102487174,1.1728252644257422,7.034763098956787,4.51273250528903,2.413132384171579,-3.750766116676374,20.548063906325805,100.0,0,4,0.023339919020060364
Uniswap v3 1bp,Uniswap v3,reviewed_model,20.0,24,72,50.0,85.2362715433201,71.09026473048587,8.268154143731099,Uniswap v3 1bp,0x52e65B17fB6E5BA00Ed806f37Afcd2DaA50271Ca,720,168,50.0,2453.17,2674.58,15204412627.354223,178.61071203185685,1.0858757500274847,5.197369256502182,4.51273250528903,0.6550749701032865,-4.035877183690683,20.550875042245952,100.0,0,4,0.023339919020060364
Uniswap v3 1bp,Uniswap v3,reviewed_model,20.0,24,72,25.0,66.66077007244522,71.09026473048587,-2.5889811235130344,Uniswap v3 1bp,0x52e65B17fB6E5BA00Ed806f37Afcd2DaA50271Ca,720,168,75.0,2453.17,2674.58,15204412627.354223,89.00945657515823,1.0428041967029849,4.28764991399091,4.51273250528903,-0.2153637991301527,-4.17853788299708,20.555941961967946,100.0,0,4,0.023339919020060364
Uniswap v3 1bp,Uniswap v3,reviewed_model,20.0,24,168,100.0,128.67518271213197,71.09026473048587,33.657623987173004,Uniswap v3 1bp,0x52e65B17fB6E5BA00Ed806f37Afcd2DaA50271Ca,720,168,0.0,2453.17,2674.58,15204412627.354223,359.5994102487174,1.1728252644257422,7.034763098956787,4.51273250528903,2.413132384171579,-3.750766116676374,20.548063906325805,100.0,0,4,0.023339919020060364
Uniswap v3 1bp,Uniswap v3,reviewed_model,20.0,24,168,50.0,85.2362715433201,71.09026473048587,8.268154143731099,Uniswap v3 1bp,0x52e65B17fB6E5BA00Ed806f37Afcd2DaA50271Ca,720,168,50.0,2453.17,2674.58,15204412627.354223,178.61071203185685,1.0858757500274847,5.197369256502182,4.51273250528903,0.6550749701032865,-4.035877183690683,20.550875042245952,100.0,0,4,0.023339919020060364
Uniswap v3 1bp,Uniswap v3,reviewed_model,20.0,24,168,25.0,66.66077007244522,71.09026473048587,-2.5889811235130344,Uniswap v3 1bp,0x52e65B17fB6E5BA00Ed806f37Afcd2DaA50271Ca,720,168,75.0,2453.17,2674.58,15204412627.354223,89.00945657515823,1.0428041967029849,4.28764991399091,4.51273250528903,-0.2153637991301527,-4.17853788299708,20.555941961967946,100.0,0,4,0.023339919020060364
Uniswap v3 1bp,Uniswap v3,reviewed_model,30.0,4,24,100.0,110.106970056209,71.09026473048633,22.80474893599822,Uniswap v3 1bp,0x52e65B17fB6E5BA00Ed806f37Afcd2DaA50271Ca,720,168,0.0,2453.17,2674.58,15204412627.354223,253.8819059798832,1.1220456444093956,6.292336955287636,4.512732505289052,1.7027632971977846,-4.097946379719774,21.418453457652184,100.0,0,4,0.016542142210104804
Uniswap v3 1bp,Uniswap v3,reviewed_model,30.0,4,24,50.0,80.94808035090999,71.09026473048633,5.761763029563505,Uniswap v3 1bp,0x52e65B17fB6E5BA00Ed806f37Afcd2DaA50271Ca,720,168,50.0,2453.17,2674.58,15204412627.354223,126.34547314355771,1.0607538368361054,4.995048931002488,4.512732505289052,0.46149058985613944,-4.300152379389854,21.421459960307775,100.0,0,4,0.016542142210104804
Uniswap v3 1bp,Uniswap v3,reviewed_model,30.0,4,24,25.0,67.894800809565,71.09026473048633,-1.8677064565627122,Uniswap v3 1bp,0x52e65B17fB6E5BA00Ed806f37Afcd2DaA50271Ca,720,168,75.0,2453.17,2674.58,15204412627.354223,63.02434571798329,1.0303098648011977,4.350903131239736,4.512732505289052,-0.15484177876713412,-4.401308449597829,21.424746000473117,100.0,0,4,0.016542142210104804
Uniswap v3 1bp,Uniswap v3,reviewed_model,30.0,4,72,100.0,110.106970056209,71.09026473048633,22.80474893599822,Uniswap v3 1bp,0x52e65B17fB6E5BA00Ed806f37Afcd2DaA50271Ca,720,168,0.0,2453.17,2674.58,15204412627.354223,253.8819059798832,1.1220456444093956,6.292336955287636,4.512732505289052,1.7027632971977846,-4.097946379719774,21.418453457652184,100.0,0,4,0.016542142210104804
Uniswap v3 1bp,Uniswap v3,reviewed_model,30.0,4,72,50.0,80.94808035090999,71.09026473048633,5.761763029563505,Uniswap v3 1bp,0x52e65B17fB6E5BA00Ed806f37Afcd2DaA50271Ca,720,168,50.0,2453.17,2674.58,15204412627.354223,126.34547314355771,1.0607538368361054,4.995048931002488,4.512732505289052,0.46149058985613944,-4.300152379389854,21.421459960307775,100.0,0,4,0.016542142210104804
Uniswap v3 1bp,Uniswap v3,reviewed_model,30.0,4,72,25.0,67.894800809565,71.09026473048633,-1.8677064565627122,Uniswap v3 1bp,0x52e65B17fB6E5BA00Ed806f37Afcd2DaA50271Ca,720,168,75.0,2453.17,2674.58,15204412627.354223,63.02434571798329,1.0303098648011977,4.350903131239736,4.512732505289052,-0.15484177876713412,-4.401308449597829,21.424746000473117,100.0,0,4,0.016542142210104804
Uniswap v3 1bp,Uniswap v3,reviewed_model,30.0,4,168,100.0,110.106970056209,71.09026473048633,22.80474893599822,Uniswap v3 1bp,0x52e65B17fB6E5BA00Ed806f37Afcd2DaA50271Ca,720,168,0.0,2453.17,2674.58,15204412627.354223,253.8819059798832,1.1220456444093956,6.292336955287636,4.512732505289052,1.7027632971977846,-4.097946379719774,21.418453457652184,100.0,0,4,0.016542142210104804
Uniswap v3 1bp,Uniswap v3,reviewed_model,30.0,4,168,50.0,80.94808035090999,71.09026473048633,5.761763029563505,Uniswap v3 1bp,0x52e65B17fB6E5BA00Ed806f37Afcd2DaA50271Ca,720,168,50.0,2453.17,2674.58,15204412627.354223,126.34547314355771,1.0607538368361054,4.995048931002488,4.512732505289052,0.46149058985613944,-4.300152379389854,21.421459960307775,100.0,0,4,0.016542142210104804
Uniswap v3 1bp,Uniswap v3,reviewed_model,30.0,4,168,25.0,67.894800809565,71.09026473048633,-1.8677064565627122,Uniswap v3 1bp,0x52e65B17fB6E5BA00Ed806f37Afcd2DaA50271Ca,720,168,75.0,2453.17,2674.58,15204412627.354223,63.02434571798329,1.0303098648011977,4.350903131239736,4.512732505289052,-0.15484177876713412,-4.401308449597829,21.424746000473117,100.0,0,4,0.016542142210104804
Uniswap v3 1bp,Uniswap v3,reviewed_model,30.0,12,24,100.0,110.106970056209,71.09026473048633,22.80474893599822,Uniswap v3 1bp,0x52e65B17fB6E5BA00Ed806f37Afcd2DaA50271Ca,720,168,0.0,2453.17,2674.58,15204412627.354223,253.8819059798832,1.1220456444093956,6.292336955287636,4.512732505289052,1.7027632971977846,-4.097946379719774,21.418453457652184,100.0,0,4,0.016542142210104804
Uniswap v3 1bp,Uniswap v3,reviewed_model,30.0,12,24,50.0,80.94808035090999,71.09026473048633,5.761763029563505,Uniswap v3 1bp,0x52e65B17fB6E5BA00Ed806f37Afcd2DaA50271Ca,720,168,50.0,2453.17,2674.58,15204412627.354223,126.34547314355771,1.0607538368361054,4.995048931002488,4.512732505289052,0.46149058985613944,-4.300152379389854,21.421459960307775,100.0,0,4,0.016542142210104804
Uniswap v3 1bp,Uniswap v3,reviewed_model,30.0,12,24,25.0,67.894800809565,71.09026473048633,-1.8677064565627122,Uniswap v3 1bp,0x52e65B17fB6E5BA00Ed806f37Afcd2DaA50271Ca,720,168,75.0,2453.17,2674.58,15204412627.354223,63.02434571798329,1.0303098648011977,4.350903131239736,4.512732505289052,-0.15484177876713412,-4.401308449597829,21.424746000473117,100.0,0,4,0.016542142210104804
Uniswap v3 1bp,Uniswap v3,reviewed_model,30.0,12,72,100.0,110.106970056209,71.09026473048633,22.80474893599822,Uniswap v3 1bp,0x52e65B17fB6E5BA00Ed806f37Afcd2DaA50271Ca,720,168,0.0,2453.17,2674.58,15204412627.354223,253.8819059798832,1.1220456444093956,6.292336955287636,4.512732505289052,1.7027632971977846,-4.097946379719774,21.418453457652184,100.0,0,4,0.016542142210104804
Uniswap v3 1bp,Uniswap v3,reviewed_model,30.0,12,72,50.0,80.94808035090999,71.09026473048633,5.761763029563505,Uniswap v3 1bp,0x52e65B17fB6E5BA00Ed806f37Afcd2DaA50271Ca,720,168,50.0,2453.17,2674.58,15204412627.354223,126.34547314355771,1.0607538368361054,4.995048931002488,4.512732505289052,0.46149058985613944,-4.300152379389854,21.421459960307775,100.0,0,4,0.016542142210104804
Uniswap v3 1bp,Uniswap v3,reviewed_model,30.0,12,72,25.0,67.894800809565,71.09026473048633,-1.8677064565627122,Uniswap v3 1bp,0x52e65B17fB6E5BA00Ed806f37Afcd2DaA50271Ca,720,168,75.0,2453.17,2674.58,15204412627.354223,63.02434571798329,1.0303098648011977,4.350903131239736,4.512732505289052,-0.15484177876713412,-4.401308449597829,21.424746000473117,100.0,0,4,0.016542142210104804
Uniswap v3 1bp,Uniswap v3,reviewed_model,30.0,12,168,100.0,110.106970056209,71.09026473048633,22.80474893599822,Uniswap v3 1bp,0x52e65B17fB6E5BA00Ed806f37Afcd2DaA50271Ca,720,168,0.0,2453.17,2674.58,15204412627.354223,253.8819059798832,1.1220456444093956,6.292336955287636,4.512732505289052,1.7027632971977846,-4.097946379719774,21.418453457652184,100.0,0,4,0.016542142210104804
Uniswap v3 1bp,Uniswap v3,reviewed_model,30.0,12,168,50.0,80.94808035090999,71.09026473048633,5.761763029563505,Uniswap v3 1bp,0x52e65B17fB6E5BA00Ed806f37Afcd2DaA50271Ca,720,168,50.0,2453.17,2674.58,15204412627.354223,126.34547314355771,1.0607538368361054,4.995048931002488,4.512732505289052,0.46149058985613944,-4.300152379389854,21.421459960307775,100.0,0,4,0.016542142210104804
Uniswap v3 1bp,Uniswap v3,reviewed_model,30.0,12,168,25.0,67.894800809565,71.09026473048633,-1.8677064565627122,Uniswap v3 1bp,0x52e65B17fB6E5BA00Ed806f37Afcd2DaA50271Ca,720,168,75.0,2453.17,2674.58,15204412627.354223,63.02434571798329,1.0303098648011977,4.350903131239736,4.512732505289052,-0.15484177876713412,-4.401308449597829,21.424746000473117,100.0,0,4,0.016542142210104804
Uniswap v3 1bp,Uniswap v3,reviewed_model,30.0,24,24,100.0,110.106970056209,71.09026473048633,22.80474893599822,Uniswap v3 1bp,0x52e65B17fB6E5BA00Ed806f37Afcd2DaA50271Ca,720,168,0.0,2453.17,2674.58,15204412627.354223,253.8819059798832,1.1220456444093956,6.292336955287636,4.512732505289052,1.7027632971977846,-4.097946379719774,21.418453457652184,100.0,0,4,0.016542142210104804
Uniswap v3 1bp,Uniswap v3,reviewed_model,30.0,24,24,50.0,80.94808035090999,71.09026473048633,5.761763029563505,Uniswap v3 1bp,0x52e65B17fB6E5BA00Ed806f37Afcd2DaA50271Ca,720,168,50.0,2453.17,2674.58,15204412627.354223,126.34547314355771,1.0607538368361054,4.995048931002488,4.512732505289052,0.46149058985613944,-4.300152379389854,21.421459960307775,100.0,0,4,0.016542142210104804
Uniswap v3 1bp,Uniswap v3,reviewed_model,30.0,24,24,25.0,67.894800809565,71.09026473048633,-1.8677064565627122,Uniswap v3 1bp,0x52e65B17fB6E5BA00Ed806f37Afcd2DaA50271Ca,720,168,75.0,2453.17,2674.58,15204412627.354223,63.02434571798329,1.0303098648011977,4.350903131239736,4.512732505289052,-0.15484177876713412,-4.401308449597829,21.424746000473117,100.0,0,4,0.016542142210104804
Uniswap v3 1bp,Uniswap v3,reviewed_model,30.0,24,72,100.0,110.106970056209,71.09026473048633,22.80474893599822,Uniswap v3 1bp,0x52e65B17fB6E5BA00Ed806f37Afcd2DaA50271Ca,720,168,0.0,2453.17,2674.58,15204412627.354223,253.8819059798832,1.1220456444093956,6.292336955287636,4.512732505289052,1.7027632971977846,-4.097946379719774,21.418453457652184,100.0,0,4,0.016542142210104804
Uniswap v3 1bp,Uniswap v3,reviewed_model,30.0,24,72,50.0,80.94808035090999,71.09026473048633,5.761763029563505,Uniswap v3 1bp,0x52e65B17fB6E5BA00Ed806f37Afcd2DaA50271Ca,720,168,50.0,2453.17,2674.58,15204412627.354223,126.34547314355771,1.0607538368361054,4.995048931002488,4.512732505289052,0.46149058985613944,-4.300152379389854,21.421459960307775,100.0,0,4,0.016542142210104804
Uniswap v3 1bp,Uniswap v3,reviewed_model,30.0,24,72,25.0,67.894800809565,71.09026473048633,-1.8677064565627122,Uniswap v3 1bp,0x52e65B17fB6E5BA00Ed806f37Afcd2DaA50271Ca,720,168,75.0,2453.17,2674.58,15204412627.354223,63.02434571798329,1.0303098648011977,4.350903131239736,4.512732505289052,-0.15484177876713412,-4.401308449597829,21.424746000473117,100.0,0,4,0.016542142210104804
Uniswap v3 1bp,Uniswap v3,reviewed_model,30.0,24,168,100.0,110.106970056209,71.09026473048633,22.80474893599822,Uniswap v3 1bp,0x52e65B17fB6E5BA00Ed806f37Afcd2DaA50271Ca,720,168,0.0,2453.17,2674.58,15204412627.354223,253.8819059798832,1.1220456444093956,6.292336955287636,4.512732505289052,1.7027632971977846,-4.097946379719774,21.418453457652184,100.0,0,4,0.016542142210104804
Uniswap v3 1bp,Uniswap v3,reviewed_model,30.0,24,168,50.0,80.94808035090999,71.09026473048633,5.761763029563505,Uniswap v3 1bp,0x52e65B17fB6E5BA00Ed806f37Afcd2DaA50271Ca,720,168,50.0,2453.17,2674.58,15204412627.354223,126.34547314355771,1.0607538368361054,4.995048931002488,4.512732505289052,0.46149058985613944,-4.300152379389854,21.421459960307775,100.0,0,4,0.016542142210104804
Uniswap v3 1bp,Uniswap v3,reviewed_model,30.0,24,168,25.0,67.894800809565,71.09026473048633,-1.8677064565627122,Uniswap v3 1bp,0x52e65B17fB6E5BA00Ed806f37Afcd2DaA50271Ca,720,168,75.0,2453.17,2674.58,15204412627.354223,63.02434571798329,1.0303098648011977,4.350903131239736,4.512732505289052,-0.15484177876713412,-4.401308449597829,21.424746000473117,100.0,0,4,0.016542142210104804
Uniswap v3 5bp,Uniswap v3,reviewed_model,2.5,4,24,100.0,174.6155054583121,71.25558810889679,60.354186681307965,Uniswap v3 5bp,0x69BfaF19C9f377BB306a89aEd9F6B07e2c1a8d9a,720,168,0.0,2452.76,2674.54,649138148.1588731,1949.5595458891964,166.90319121197257,8.657471233373816,4.521029370994323,3.957521168010425,-4.388091901399916,21.64314525019606,92.63888888888889,15,4,0.6728529874383844
Uniswap v3 5bp,Uniswap v3,reviewed_model,2.5,4,24,50.0,-13.12964156909171,71.25558810889679,-49.27443863865647,Uniswap v3 5bp,0x69BfaF19C9f377BB306a89aEd9F6B07e2c1a8d9a,720,168,50.0,2452.76,2674.54,649138148.1588731,933.3740271982465,160.17657617322894,-1.1502104485368703,4.521029370994323,-5.425931847074816,-5.475914034860507,21.821602510413488,92.63888888888889,15,4,0.6728529874383844
Uniswap v3 5bp,Uniswap v3,reviewed_model,2.5,4,24,25.0,-51.313560353737444,71.25558810889679,-71.57088992897324,Uniswap v3 5bp,0x69BfaF19C9f377BB306a89aEd9F6B07e2c1a8d9a,720,168,75.0,2452.76,2674.54,649138148.1588731,456.735002381184,156.94620315538785,-5.744324937226464,4.521029370994323,-9.8213291334744,-8.25949457957902,22.01700035073423,92.63888888888889,15,4,0.6728529874383844
Uniswap v3 5bp,Uniswap v3,reviewed_model,2.5,4,72,100.0,115.46300520291757,71.25558810889679,25.81370779323715,Uniswap v3 5bp,0x69BfaF19C9f377BB306a89aEd9F6B07e2c1a8d9a,720,168,0.0,2452.76,2674.54,649138148.1588731,1175.169706129648,88.66714517274252,6.512480046043301,4.521029370994323,1.9053110049082722,-5.282492134514083,25.298476216927586,61.66666666666667,8,4,0.6728529874383844
Uniswap v3 5bp,Uniswap v3,reviewed_model,2.5,4,72,50.0,7.437544951441422,71.25558810889679,-37.26479460446876,Uniswap v3 5bp,0x69BfaF19C9f377BB306a89aEd9F6B07e2c1a8d9a,720,168,50.0,2452.76,2674.54,649138148.1588731,573.9345184001872,86.43417871965593,0.5913816513920978,4.521029370994323,-3.7596718509670057,-5.725533229356361,24.707203252636628,61.66666666666667,8,4,0.6728529874383844
Uniswap v3 5bp,Uniswap v3,reviewed_model,2.5,4,72,25.0,-24.346011212502074,71.25558810889679,-55.82392982155324,Uniswap v3 5bp,0x69BfaF19C9f377BB306a89aEd9F6B07e2c1a8d9a,720,168,75.0,2452.76,2674.54,649138148.1588731,283.6215782827692,85.34008400054289,-2.267057977657827,4.521029370994323,-6.49447043289062,-7.497921227944227,24.504202880673954,61.66666666666667,8,4,0.6728529874383844
Uniswap v3 5bp,Uniswap v3,reviewed_model,2.5,4,168,100.0,311.297469437019,71.25558810889679,140.1658678579791,Uniswap v3 5bp,0x69BfaF19C9f377BB306a89aEd9F6B07e2c1a8d9a,720,168,0.0,2452.76,2674.54,649138148.1588731,1316.0125043302046,46.807650937415545,12.325556371911217,4.521029370994323,7.466944257901376,-3.9285135578389085,21.489449247360728,58.75,4,3,0.6728529874383844
Uniswap v3 5bp,Uniswap v3,reviewed_model,2.5,4,168,50.0,93.82732107230476,71.25558810889679,13.180143908095388,Uniswap v3 5bp,0x69BfaF19C9f377BB306a89aEd9F6B07e2c1a8d9a,720,168,50.0,2452.76,2674.54,649138148.1588731,642.4479552961025,45.14989611913054,5.590087589417925,4.521029370994323,1.0228163890627195,-4.295936295734116,21.23301085560854,58.75,4,3,0.6728529874383844
Uniswap v3 5bp,Uniswap v3,reviewed_model,2.5,4,168,25.0,32.49807584629034,71.25558810889679,-22.63138545760135,Uniswap v3 5bp,0x69BfaF19C9f377BB306a89aEd9F6B07e2c1a8d9a,720,168,75.0,2452.76,2674.54,649138148.1588731,317.40031553276845,44.34082665037724,2.3398137625683324,4.521029370994323,-2.086867706482143,-4.556485239246378,21.308421533581008,58.75,4,3,0.6728529874383844
Uniswap v3 5bp,Uniswap v3,reviewed_model,2.5,12,24,100.0,183.7818451830671,71.25558810889679,65.70661916305905,Uniswap v3 5bp,0x69BfaF19C9f377BB306a89aEd9F6B07e2c1a8d9a,720,168,0.0,2452.76,2674.54,649138148.1588731,1772.1581483799487,113.78075276440083,8.95109806183443,4.521029370994323,4.238447245975441,-3.8656149213373237,20.36504013618149,84.58333333333333,10,4,0.6728529874383844
Uniswap v3 5bp,Uniswap v3,reviewed_model,2.5,12,24,50.0,1.500814619589974,71.25558810889679,-40.73138532854863,Uniswap v3 5bp,0x69BfaF19C9f377BB306a89aEd9F6B07e2c1a8d9a,720,168,50.0,2452.76,2674.54,649138148.1588731,854.3333309358541,108.63889347103296,0.12251310883995004,4.521029370994323,-4.208259609214116,-4.856740293960915,20.251086033199574,84.58333333333333,10,4,0.6728529874383844
Uniswap v3 5bp,Uniswap v3,reviewed_model,2.5,12,24,25.0,-39.584547769380215,71.25558810889679,-64.72205497189194,Uniswap v3 5bp,0x69BfaF19C9f377BB306a89aEd9F6B07e2c1a8d9a,720,168,75.0,2452.76,2674.54,649138148.1588731,419.46923410487074,106.16220357724687,-4.057249017831732,4.521029370994323,-8.207227234988002,-6.085698770472914,20.299698112433195,84.58333333333333,10,4,0.6728529874383844
Uniswap v3 5bp,Uniswap v3,reviewed_model,2.5,12,72,100.0,278.7862476644919,71.25558810889679,121.18183228195254,Uniswap v3 5bp,0x69BfaF19C9f377BB306a89aEd9F6B07e2c1a8d9a,720,168,0.0,2452.76,2674.54,649138148.1588731,1728.1331725025398,80.63405120620169,11.56789767867088,4.521029370994323,6.742057890248954,-4.60130756803121,21.594388272817792,84.44444444444444,7,4,0.6728529874383844
Uniswap v3 5bp,Uniswap v3,reviewed_model,2.5,12,72,50.0,40.56376142819458,71.25558810889679,-17.921649751473478,Uniswap v3 5bp,0x69BfaF19C9f377BB306a89aEd9F6B07e2c1a8d9a,720,168,50.0,2452.76,2674.54,649138148.1588731,834.2960191840085,77.3253804393589,2.838083769300348,4.521029370994323,-1.6101502365810316,-4.782753910268345,21.38416461845965,84.44444444444444,7,4,0.6728529874383844
Uniswap v3 5bp,Uniswap v3,reviewed_model,2.5,12,72,25.0,-14.76527676097521,71.25558810889679,-50.229522913537686,Uniswap v3 5bp,0x69BfaF19C9f377BB306a89aEd9F6B07e2c1a8d9a,720,168,75.0,2452.76,2674.54,649138148.1588731,409.91915649607944,75.72287842093633,-1.304522824542309,4.521029370994323,-5.573569482232143,-4.971930084795318,21.369426779431038,84.44444444444444,7,4,0.6728529874383844
Uniswap v3 5bp,Uniswap v3,reviewed_model,2.5,12,168,100.0,117.95990085156363,71.25558810889679,27.271701471702215,Uniswap v3 5bp,0x69BfaF19C9f377BB306a89aEd9F6B07e2c1a8d9a,720,168,0.0,2452.76,2674.54,649138148.1588731,972.9421006772411,44.691474160160986,6.6133955458877125,4.521029370994323,2.0018614316039463,-2.5355129880548666,13.115711892985107,52.22222222222223,4,3,0.6728529874383844
Uniswap v3 5bp,Uniswap v3,reviewed_model,2.5,12,168,50.0,22.41443404227801,71.25558810889679,-28.51945131014486,Uniswap v3 5bp,0x69BfaF19C9f377BB306a89aEd9F6B07e2c1a8d9a,720,168,50.0,2452.76,2674.54,649138148.1588731,477.8710960612143,43.71716762140209,1.6761563300787818,4.521029370994323,-2.7218188129565446,-2.850973981094662,13.060178831985295,52.22222222222223,4,3,0.6728529874383844
Uniswap v3 5bp,Uniswap v3,reviewed_model,2.5,12,168,25.0,-8.502514578003028,71.25558810889679,-46.57255483901865,Uniswap v3 5bp,0x69BfaF19C9f377BB306a89aEd9F6B07e2c1a8d9a,720,168,75.0,2452.76,2674.54,649138148.1588731,236.8118515191951,43.236058807429615,-0.727684903664727,4.521029370994323,-5.021682532448946,-3.3261441759826926,13.242933565787544,52.22222222222223,4,3,0.6728529874383844
Uniswap v3 5bp,Uniswap v3,reviewed_model,2.5,24,24,100.0,254.0809823955949,71.25558810889679,106.75587074591948,Uniswap v3 5bp,0x69BfaF19C9f377BB306a89aEd9F6B07e2c1a8d9a,720,168,0.0,2452.76,2674.54,649138148.1588731,1700.3940730374625,69.07511190814805,10.951127685371942,4.521029370994323,6.151966119233454,-5.289540801936199,22.919990266501394,81.11111111111111,6,4,0.6728529874383844
Uniswap v3 5bp,Uniswap v3,reviewed_model,2.5,24,24,50.0,33.483120369401,71.25558810889679,-22.056195746136652,Uniswap v3 5bp,0x69BfaF19C9f377BB306a89aEd9F6B07e2c1a8d9a,720,168,50.0,2452.76,2674.54,649138148.1588731,821.5416204826885,66.36026657559545,2.402135868852162,4.521029370994323,-2.0272413263566436,-5.4757896968792075,22.27530196561487,81.11111111111111,6,4,0.6728529874383844
Uniswap v3 5bp,Uniswap v3,reviewed_model,2.5,24,24,25.0,-18.414510276126993,71.25558810889679,-52.36039265942378,Uniswap v3 5bp,0x69BfaF19C9f377BB306a89aEd9F6B07e2c1a8d9a,720,168,75.0,2452.76,2674.54,649138148.1588731,403.8071328814983,65.04342280583462,-1.6588440519525238,4.521029370994323,-5.912564639036965,-5.569949135458119,22.031701738788065,81.11111111111111,6,4,0.6728529874383844
Uniswap v3 5bp,Uniswap v3,reviewed_model,2.5,24,72,100.0,203.2478427841886,71.25558810889679,77.07325415352943,Uniswap v3 5bp,0x69BfaF19C9f377BB306a89aEd9F6B07e2c1a8d9a,720,168,0.0,2452.76,2674.54,649138148.1588731,1537.956965759322,69.43805060442644,9.546829466346662,4.521029370994323,4.808410446775646,-3.8656959925274403,20.302140947912598,71.94444444444444,6,4,0.6728529874383844
Uniswap v3 5bp,Uniswap v3,reviewed_model,2.5,24,72,50.0,25.00710800848134,71.25558810889679,-27.0055305120948,Uniswap v3 5bp,0x69BfaF19C9f377BB306a89aEd9F6B07e2c1a8d9a,720,168,50.0,2452.76,2674.54,649138148.1588731,746.0111274086637,66.47877628428787,1.8514547138579696,4.521029370994323,-2.554102914219092,-4.481672501668488,19.972773826924296,71.94444444444444,6,4,0.6728529874383844
Uniswap v3 5bp,Uniswap v3,reviewed_model,2.5,24,72,25.0,-20.091621403573267,71.25558810889679,-53.33969566843266,Uniswap v3 5bp,0x69BfaF19C9f377BB306a89aEd9F6B07e2c1a8d9a,720,168,75.0,2452.76,2674.54,649138148.1588731,367.41232827280754,65.0430226524792,-1.8265870705312381,4.521029370994323,-6.073051977889432,-5.308669186292891,19.895450958930823,71.94444444444444,6,4,0.6728529874383844
Uniswap v3 5bp,Uniswap v3,reviewed_model,2.5,24,168,100.0,293.04148338278856,71.25558810889679,129.50578589754613,Uniswap v3 5bp,0x69BfaF19C9f377BB306a89aEd9F6B07e2c1a8d9a,720,168,0.0,2452.76,2674.54,649138148.1588731,1203.9888004658633,34.45506726089136,11.907179481194285,4.521029370994323,7.066664148496882,-2.9543947645869095,17.817428380793878,59.86111111111111,3,3,0.6728529874383844
Uniswap v3 5bp,Uniswap v3,reviewed_model,2.5,24,168,50.0,96.2564902765126,71.25558810889679,14.598590588307236,Uniswap v3 5bp,0x69BfaF19C9f377BB306a89aEd9F6B07e2c1a8d9a,720,168,50.0,2452.76,2674.54,649138148.1588731,588.036152917743,33.55266631277922,5.698233299745659,4.521029370994323,1.1262842854071753,-3.19947076829854,17.479688376803264,59.86111111111111,3,3,0.6728529874383844
Uniswap v3 5bp,Uniswap v3,reviewed_model,2.5,24,168,25.0,38.27632926127493,71.25558810889679,-19.25733297920266,Uniswap v3 5bp,0x69BfaF19C9f377BB306a89aEd9F6B07e2c1a8d9a,720,168,75.0,2452.76,2674.54,649138148.1588731,290.58986857777364,33.10899620095725,2.6994968261255137,4.521029370994323,-1.74274263832912,-3.3290409221500283,17.43258093850964,59.86111111111111,3,3,0.6728529874383844
Uniswap v3 5bp,Uniswap v3,reviewed_model,5.0,4,24,100.0,157.85395451425921,71.25558810889633,50.5667390837474,Uniswap v3 5bp,0x69BfaF19C9f377BB306a89aEd9F6B07e2c1a8d9a,720,168,0.0,2452.76,2674.54,649138148.1588731,1117.9267263940014,80.42267698654231,8.096478223531122,4.521029370994301,3.4207937618427664,-3.6251416854323537,19.89455246880468,97.91666666666666,7,4,0.3437162166645956
Uniswap v3 5bp,Uniswap v3,reviewed_model,5.0,4,24,50.0,34.77575027959885,71.25558810889633,-21.301399990580684,Uniswap v3 5bp,0x69BfaF19C9f377BB306a89aEd9F6B07e2c1a8d9a,720,168,50.0,2452.76,2674.54,649138148.1588731,546.5976378129058,77.62319646137524,2.48328107832283,4.521029370994301,-1.9496060313743513,-4.467292003165868,19.941499340635808,97.91666666666666,7,4,0.3437162166645956
Uniswap v3 5bp,Uniswap v3,reviewed_model,5.0,4,24,25.0,-2.770339603499139,71.25558810889633,-43.225408601163174,Uniswap v3 5bp,0x69BfaF19C9f377BB306a89aEd9F6B07e2c1a8d9a,720,168,75.0,2452.76,2674.54,649138148.1588731,270.26396073299657,76.25203759180972,-0.23064625626595392,4.521029370994301,-4.546143159760052,-4.905249990192706,19.997175442492455,97.91666666666666,7,4,0.3437162166645956
Uniswap v3 5bp,Uniswap v3,reviewed_model,5.0,4,72,100.0,204.19145069036975,71.25558810889633,77.62424808990431,Uniswap v3 5bp,0x69BfaF19C9f377BB306a89aEd9F6B07e2c1a8d9a,720,168,0.0,2452.76,2674.54,649138148.1588731,1123.5207493722987,58.810941791486115,9.57480656590941,4.521029370994301,4.8351774043258855,-4.531487871823003,23.553780303210246,98.88888888888889,5,4,0.3437162166645956
Uniswap v3 5bp,Uniswap v3,reviewed_model,5.0,4,72,50.0,59.59737048851386,71.25558810889633,-6.8074961810701495,Uniswap v3 5bp,0x69BfaF19C9f377BB306a89aEd9F6B07e2c1a8d9a,720,168,50.0,2452.76,2674.54,649138148.1588731,549.4914567910039,56.63729579783693,3.9171066999447834,4.521029370994301,-0.5778001562785073,-4.829361928581754,23.617759802503773,98.88888888888889,5,4,0.3437162166645956
Uniswap v3 5bp,Uniswap v3,reviewed_model,5.0,4,72,25.0,15.339261441545915,71.25558810889633,-32.65080414882273,Uniswap v3 5bp,0x69BfaF19C9f377BB306a89aEd9F6B07e2c1a8d9a,720,168,75.0,2452.76,2674.54,649138148.1588731,271.7323122435938,55.57479007325797,1.1798459060969213,4.521029370994301,-3.1966614613389788,-4.9968099054266695,23.673940312474315,98.88888888888889,5,4,0.3437162166645956
Uniswap v3 5bp,Uniswap v3,reviewed_model,5.0,4,168,100.0,275.55547651206115,71.25558810889633,119.2953121466942,Uniswap v3 5bp,0x69BfaF19C9f377BB306a89aEd9F6B07e2c1a8d9a,720,168,0.0,2452.76,2674.54,649138148.1588731,1035.3976758449785,24.570333275736488,11.489376739531032,4.521029370994301,6.66693335348123,-5.8983196548426875,30.88565449197468,91.94444444444444,2,4,0.3437162166645956
Uniswap v3 5bp,Uniswap v3,reviewed_model,5.0,4,168,50.0,108.20439239783477,71.25558810889633,21.575240082352277,Uniswap v3 5bp,0x69BfaF19C9f377BB306a89aEd9F6B07e2c1a8d9a,720,168,50.0,2452.76,2674.54,649138148.1588731,507.7135954229072,23.70478753188651,6.212896134017232,4.521029370994301,1.618685515445617,-6.000831547388752,30.68838967619316,91.94444444444444,2,4,0.3437162166645956
Uniswap v3 5bp,Uniswap v3,reviewed_model,5.0,4,168,25.0,54.67023766790393,71.25558810889633,-9.684560150204302,Uniswap v3 5bp,0x69BfaF19C9f377BB306a89aEd9F6B07e2c1a8d9a,720,168,75.0,2452.76,2674.54,649138148.1588731,251.39648571795817,23.279795470085478,3.649611430795341,4.521029370994301,-0.8337249885914111,-6.052377944199572,30.613905387246398,91.94444444444444,2,4,0.3437162166645956
Uniswap v3 5bp,Uniswap v3,reviewed_model,5.0,12,24,100.0,228.55248305239414,71.25558810889633,91.84920426858014,Uniswap v3 5bp,0x69BfaF19C9f377BB306a89aEd9F6B07e2c1a8d9a,720,168,0.0,2452.76,2674.54,649138148.1588731,1102.9048765281277,36.72129944882328,10.27083538375182,4.521029370994301,5.501099680475563,-3.451806412632441,18.492905238748502,97.08333333333333,3,4,0.3437162166645956
Uniswap v3 5bp,Uniswap v3,reviewed_model,5.0,12,24,50.0,75.25780768708898,71.25558810889633,2.336986268528385,Uniswap v3 5bp,0x69BfaF19C9f377BB306a89aEd9F6B07e2c1a8d9a,720,168,50.0,2452.76,2674.54,649138148.1588731,540.2083169975032,35.10814524125621,4.719672993049051,4.521029370994301,0.19005134493046416,-3.636441166109605,18.63870132574012,97.08333333333333,3,4,0.3437162166645956
Uniswap v3 5bp,Uniswap v3,reviewed_model,5.0,12,24,25.0,27.664016512908994,71.25558810889633,-25.454101718577782,Uniswap v3 5bp,0x69BfaF19C9f377BB306a89aEd9F6B07e2c1a8d9a,720,168,75.0,2452.76,2674.54,649138148.1588731,267.3355173413696,34.32076850673107,2.0276677487583328,4.521029370994301,-2.385511927351802,-3.729070073437235,18.74443324209114,97.08333333333333,3,4,0.3437162166645956
Uniswap v3 5bp,Uniswap v3,reviewed_model,5.0,12,72,100.0,266.6949013798532,71.25558810889633,114.12142250603972,Uniswap v3 5bp,0x69BfaF19C9f377BB306a89aEd9F6B07e2c1a8d9a,720,168,0.0,2452.76,2674.54,649138148.1588731,1108.828517311799,24.971233363382368,11.270803028309317,4.521029370994301,6.457813990098482,-2.998838899115408,18.25905442984256,97.22222222222221,2,4,0.3437162166645956
Uniswap v3 5bp,Uniswap v3,reviewed_model,5.0,12,72,50.0,95.13060752975433,71.25558810889633,13.94116226191513,Uniswap v3 5bp,0x69BfaF19C9f377BB306a89aEd9F6B07e2c1a8d9a,720,168,50.0,2452.76,2674.54,649138148.1588731,543.0522935239875,23.900454178878,5.64826307625339,4.521029370994301,1.0784755106630461,-3.215774115340375,18.415457993012566,97.22222222222221,2,4,0.3437162166645956
Uniswap v3 5bp,Uniswap v3,reviewed_model,5.0,12,72,25.0,41.964835912383315,71.25558810889633,-17.10353076355531,Uniswap v3 5bp,0x69BfaF19C9f377BB306a89aEd9F6B07e2c1a8d9a,720,168,75.0,2452.76,2674.54,649138148.1588731,268.7286149976256,23.376350214578636,2.92195089543259,4.521029370994301,-1.529910760719555,-3.3245758175921902,18.527035850761315,97.22222222222221,2,4,0.3437162166645956
Uniswap v3 5bp,Uniswap v3,reviewed_model,5.0,12,168,100.0,340.8528549364048,71.25558810889633,157.42392397501223,Uniswap v3 5bp,0x69BfaF19C9f377BB306a89aEd9F6B07e2c1a8d9a,720,168,0.0,2452.76,2674.54,649138148.1588731,1099.3717502931813,13.096973969184756,12.968052822882846,4.521029370994301,8.081649695494386,-2.338466307407605,17.343405544463838,96.38888888888889,1,4,0.3437162166645956
Uniswap v3 5bp,Uniswap v3,reviewed_model,5.0,12,168,50.0,136.19271829596465,71.25558810889633,37.91825475836574,Uniswap v3 5bp,0x69BfaF19C9f377BB306a89aEd9F6B07e2c1a8d9a,720,168,50.0,2452.76,2674.54,649138148.1588731,538.7416006260424,12.476515142723647,7.319697216783982,4.521029370994301,2.677612211276559,-2.842016933717506,17.51971585227691,96.38888888888889,1,4,0.3437162166645956
Uniswap v3 5bp,Uniswap v3,reviewed_model,5.0,12,168,25.0,72.39939896958734,71.25558810889633,0.6678969564273718,Uniswap v3 5bp,0x69BfaF19C9f377BB306a89aEd9F6B07e2c1a8d9a,720,168,75.0,2452.76,2674.54,649138148.1588731,266.67315050505323,12.172648191811648,4.578231744122263,4.521029370994301,0.05472809966780012,-3.0940611071805457,17.644053045151438,96.38888888888889,1,4,0.3437162166645956
Uniswap v3 5bp,Uniswap v3,reviewed_model,5.0,24,24,100.0,277.38936951429343,71.25558810889633,120.36616362808718,Uniswap v3 5bp,0x69BfaF19C9f377BB306a89aEd9F6B07e2c1a8d9a,720,168,0.0,2452.76,2674.54,649138148.1588731,1100.4282263210816,24.974921423376742,11.534023556782259,4.521029370994301,6.709648984507743,-2.338466307407605,18.468563009467758,95.69444444444444,2,4,0.3437162166645956
Uniswap v3 5bp,Uniswap v3,reviewed_model,5.0,24,24,50.0,101.85266151376445,71.25558810889633,17.86632117686715,Uniswap v3 5bp,0x69BfaF19C9f377BB306a89aEd9F6B07e2c1a8d9a,720,168,50.0,2452.76,2674.54,649138148.1588731,539.0289676427705,23.89917314629909,5.9427707903991545,4.521029370994301,1.3602443718368162,-2.842016933717506,18.555765956272506,95.69444444444444,2,4,0.3437162166645956
Uniswap v3 5bp,Uniswap v3,reviewed_model,5.0,24,24,25.0,47.23694069305646,71.25558810889633,-14.025029887239038,Uniswap v3 5bp,0x69BfaF19C9f377BB306a89aEd9F6B07e2c1a8d9a,720,168,75.0,2452.76,2674.54,649138148.1588731,266.7601175576417,23.372721594078424,3.2308726874545224,4.521029370994301,-1.2343512987806449,-3.0940611071805457,18.63511692485934,95.69444444444444,2,4,0.3437162166645956
Uniswap v3 5bp,Uniswap v3,reviewed_model,5.0,24,72,100.0,277.38936951429343,71.25558810889633,120.36616362808718,Uniswap v3 5bp,0x69BfaF19C9f377BB306a89aEd9F6B07e2c1a8d9a,720,168,0.0,2452.76,2674.54,649138148.1588731,1100.4282263210816,24.974921423376742,11.534023556782259,4.521029370994301,6.709648984507743,-2.338466307407605,18.468563009467758,95.69444444444444,2,4,0.3437162166645956
Uniswap v3 5bp,Uniswap v3,reviewed_model,5.0,24,72,50.0,101.85266151376445,71.25558810889633,17.86632117686715,Uniswap v3 5bp,0x69BfaF19C9f377BB306a89aEd9F6B07e2c1a8d9a,720,168,50.0,2452.76,2674.54,649138148.1588731,539.0289676427705,23.89917314629909,5.9427707903991545,4.521029370994301,1.3602443718368162,-2.842016933717506,18.555765956272506,95.69444444444444,2,4,0.3437162166645956
Uniswap v3 5bp,Uniswap v3,reviewed_model,5.0,24,72,25.0,47.23694069305646,71.25558810889633,-14.025029887239038,Uniswap v3 5bp,0x69BfaF19C9f377BB306a89aEd9F6B07e2c1a8d9a,720,168,75.0,2452.76,2674.54,649138148.1588731,266.7601175576417,23.372721594078424,3.2308726874545224,4.521029370994301,-1.2343512987806449,-3.0940611071805457,18.63511692485934,95.69444444444444,2,4,0.3437162166645956
Uniswap v3 5bp,Uniswap v3,reviewed_model,5.0,24,168,100.0,330.85619530035524,71.25558810889633,151.58664897193722,Uniswap v3 5bp,0x69BfaF19C9f377BB306a89aEd9F6B07e2c1a8d9a,720,168,0.0,2452.76,2674.54,649138148.1588731,1100.694919020257,13.097713455327904,12.75528442945344,4.521029370994301,7.8780845424243795,-2.338466307407605,17.75769609683691,95.69444444444444,1,4,0.3437162166645956
Uniswap v3 5bp,Uniswap v3,reviewed_model,5.0,24,168,50.0,130.62883634784143,71.25558810889633,34.669378613906446,Uniswap v3 5bp,0x69BfaF19C9f377BB306a89aEd9F6B07e2c1a8d9a,720,168,50.0,2452.76,2674.54,649138148.1588731,539.4144482864427,12.47688966722421,7.109629166567055,4.521029370994301,2.476630598790419,-2.842016933717506,17.879907291382384,95.69444444444444,1,4,0.3437162166645956
Uniswap v3 5bp,Uniswap v3,reviewed_model,5.0,24,168,25.0,68.25578828428105,71.25558810889633,-1.7516507681534121,Uniswap v3 5bp,0x69BfaF19C9f377BB306a89aEd9F6B07e2c1a8d9a,720,168,75.0,2452.76,2674.54,649138148.1588731,267.01195359611614,12.172836445885052,4.369325749584818,4.521029370994301,-0.14514172154869165,-3.0940611071805457,17.978616484885485,95.69444444444444,1,4,0.3437162166645956
Uniswap v3 5bp,Uniswap v3,reviewed_model,7.5,4,24,100.0,223.14787683269506,71.25558810889679,88.69333281388367,Uniswap v3 5bp,0x69BfaF19C9f377BB306a89aEd9F6B07e2c1a8d9a,720,168,0.0,2452.76,2674.54,649138148.1588731,770.5788009267063,12.784320319218757,10.120607999784227,4.521029370994323,5.357370342110146,-2.7223028110299197,18.640082150644734,99.72222222222223,1,4,0.2335026684517009
Uniswap v3 5bp,Uniswap v3,reviewed_model,7.5,4,24,50.0,107.37785998668024,71.25558810889679,21.092609167774423,Uniswap v3 5bp,0x69BfaF19C9f377BB306a89aEd9F6B07e2c1a8d9a,720,168,50.0,2452.76,2674.54,649138148.1588731,379.8085084937148,12.354785521284146,6.178177061555323,4.521029370994323,1.5854682072437232,-2.9396970810633194,18.702667765878676,99.72222222222223,1,4,0.2335026684517009
Uniswap v3 5bp,Uniswap v3,reviewed_model,7.5,4,24,25.0,65.89770149210636,71.25558810889679,-3.1285908249508165,Uniswap v3 5bp,0x69BfaF19C9f377BB306a89aEd9F6B07e2c1a8d9a,720,168,75.0,2452.76,2674.54,649138148.1588731,188.5478896906262,12.143157716183392,4.248321567901603,4.521029370994323,-0.260911899484606,-3.1107262802129387,18.748895211064184,99.72222222222223,1,4,0.2335026684517009
Uniswap v3 5bp,Uniswap v3,reviewed_model,7.5,4,72,100.0,223.14787683269506,71.25558810889679,88.69333281388367,Uniswap v3 5bp,0x69BfaF19C9f377BB306a89aEd9F6B07e2c1a8d9a,720,168,0.0,2452.76,2674.54,649138148.1588731,770.5788009267063,12.784320319218757,10.120607999784227,4.521029370994323,5.357370342110146,-2.7223028110299197,18.640082150644734,99.72222222222223,1,4,0.2335026684517009
Uniswap v3 5bp,Uniswap v3,reviewed_model,7.5,4,72,50.0,107.37785998668024,71.25558810889679,21.092609167774423,Uniswap v3 5bp,0x69BfaF19C9f377BB306a89aEd9F6B07e2c1a8d9a,720,168,50.0,2452.76,2674.54,649138148.1588731,379.8085084937148,12.354785521284146,6.178177061555323,4.521029370994323,1.5854682072437232,-2.9396970810633194,18.702667765878676,99.72222222222223,1,4,0.2335026684517009
Uniswap v3 5bp,Uniswap v3,reviewed_model,7.5,4,72,25.0,65.89770149210636,71.25558810889679,-3.1285908249508165,Uniswap v3 5bp,0x69BfaF19C9f377BB306a89aEd9F6B07e2c1a8d9a,720,168,75.0,2452.76,2674.54,649138148.1588731,188.5478896906262,12.143157716183392,4.248321567901603,4.521029370994323,-0.260911899484606,-3.1107262802129387,18.748895211064184,99.72222222222223,1,4,0.2335026684517009
Uniswap v3 5bp,Uniswap v3,reviewed_model,7.5,4,168,100.0,223.14787683269506,71.25558810889679,88.69333281388367,Uniswap v3 5bp,0x69BfaF19C9f377BB306a89aEd9F6B07e2c1a8d9a,720,168,0.0,2452.76,2674.54,649138148.1588731,770.5788009267063,12.784320319218757,10.120607999784227,4.521029370994323,5.357370342110146,-2.7223028110299197,18.640082150644734,99.72222222222223,1,4,0.2335026684517009
Uniswap v3 5bp,Uniswap v3,reviewed_model,7.5,4,168,50.0,107.37785998668024,71.25558810889679,21.092609167774423,Uniswap v3 5bp,0x69BfaF19C9f377BB306a89aEd9F6B07e2c1a8d9a,720,168,50.0,2452.76,2674.54,649138148.1588731,379.8085084937148,12.354785521284146,6.178177061555323,4.521029370994323,1.5854682072437232,-2.9396970810633194,18.702667765878676,99.72222222222223,1,4,0.2335026684517009
Uniswap v3 5bp,Uniswap v3,reviewed_model,7.5,4,168,25.0,65.89770149210636,71.25558810889679,-3.1285908249508165,Uniswap v3 5bp,0x69BfaF19C9f377BB306a89aEd9F6B07e2c1a8d9a,720,168,75.0,2452.76,2674.54,649138148.1588731,188.5478896906262,12.143157716183392,4.248321567901603,4.521029370994323,-0.260911899484606,-3.1107262802129387,18.748895211064184,99.72222222222223,1,4,0.2335026684517009
Uniswap v3 5bp,Uniswap v3,reviewed_model,7.5,12,24,100.0,232.79636825701036,71.25558810889679,94.32730454634486,Uniswap v3 5bp,0x69BfaF19C9f377BB306a89aEd9F6B07e2c1a8d9a,720,168,0.0,2452.76,2674.54,649138148.1588731,771.2381901270455,12.785721377341325,10.387217732510523,4.521029370994323,5.612447941642751,-2.7223028110299197,18.85183270787503,99.72222222222223,1,4,0.2335026684517009
Uniswap v3 5bp,Uniswap v3,reviewed_model,7.5,12,24,50.0,113.5495105717892,71.25558810889679,24.696375125580406,Uniswap v3 5bp,0x69BfaF19C9f377BB306a89aEd9F6B07e2c1a8d9a,720,168,50.0,2452.76,2674.54,649138148.1588731,380.14570978819006,12.354871009850752,6.434414419904488,4.521029370994323,1.8306220866985967,-2.9396970810633194,18.918136840474105,99.72222222222223,1,4,0.2335026684517009
Uniswap v3 5bp,Uniswap v3,reviewed_model,7.5,12,24,25.0,70.82419879559576,71.25558810889679,-0.2518979485952477,Uniswap v3 5bp,0x69BfaF19C9f377BB306a89aEd9F6B07e2c1a8d9a,720,168,75.0,2452.76,2674.54,649138148.1588731,188.71822568980213,12.142598553673883,4.499364343245449,4.521029370994323,-0.020727912726514752,-3.1107262802129387,18.965871722640248,99.72222222222223,1,4,0.2335026684517009
Uniswap v3 5bp,Uniswap v3,reviewed_model,7.5,12,72,100.0,232.79636825701036,71.25558810889679,94.32730454634486,Uniswap v3 5bp,0x69BfaF19C9f377BB306a89aEd9F6B07e2c1a8d9a,720,168,0.0,2452.76,2674.54,649138148.1588731,771.2381901270455,12.785721377341325,10.387217732510523,4.521029370994323,5.612447941642751,-2.7223028110299197,18.85183270787503,99.72222222222223,1,4,0.2335026684517009
Uniswap v3 5bp,Uniswap v3,reviewed_model,7.5,12,72,50.0,113.5495105717892,71.25558810889679,24.696375125580406,Uniswap v3 5bp,0x69BfaF19C9f377BB306a89aEd9F6B07e2c1a8d9a,720,168,50.0,2452.76,2674.54,649138148.1588731,380.14570978819006,12.354871009850752,6.434414419904488,4.521029370994323,1.8306220866985967,-2.9396970810633194,18.918136840474105,99.72222222222223,1,4,0.2335026684517009
Uniswap v3 5bp,Uniswap v3,reviewed_model,7.5,12,72,25.0,70.82419879559576,71.25558810889679,-0.2518979485952477,Uniswap v3 5bp,0x69BfaF19C9f377BB306a89aEd9F6B07e2c1a8d9a,720,168,75.0,2452.76,2674.54,649138148.1588731,188.71822568980213,12.142598553673883,4.499364343245449,4.521029370994323,-0.020727912726514752,-3.1107262802129387,18.965871722640248,99.72222222222223,1,4,0.2335026684517009
Uniswap v3 5bp,Uniswap v3,reviewed_model,7.5,12,168,100.0,232.79636825701036,71.25558810889679,94.32730454634486,Uniswap v3 5bp,0x69BfaF19C9f377BB306a89aEd9F6B07e2c1a8d9a,720,168,0.0,2452.76,2674.54,649138148.1588731,771.2381901270455,12.785721377341325,10.387217732510523,4.521029370994323,5.612447941642751,-2.7223028110299197,18.85183270787503,99.72222222222223,1,4,0.2335026684517009
Uniswap v3 5bp,Uniswap v3,reviewed_model,7.5,12,168,50.0,113.5495105717892,71.25558810889679,24.696375125580406,Uniswap v3 5bp,0x69BfaF19C9f377BB306a89aEd9F6B07e2c1a8d9a,720,168,50.0,2452.76,2674.54,649138148.1588731,380.14570978819006,12.354871009850752,6.434414419904488,4.521029370994323,1.8306220866985967,-2.9396970810633194,18.918136840474105,99.72222222222223,1,4,0.2335026684517009
Uniswap v3 5bp,Uniswap v3,reviewed_model,7.5,12,168,25.0,70.82419879559576,71.25558810889679,-0.2518979485952477,Uniswap v3 5bp,0x69BfaF19C9f377BB306a89aEd9F6B07e2c1a8d9a,720,168,75.0,2452.76,2674.54,649138148.1588731,188.71822568980213,12.142598553673883,4.499364343245449,4.521029370994323,-0.020727912726514752,-3.1107262802129387,18.965871722640248,99.72222222222223,1,4,0.2335026684517009
Uniswap v3 5bp,Uniswap v3,reviewed_model,7.5,24,24,100.0,219.9400004943231,71.25558810889679,86.82018147687063,Uniswap v3 5bp,0x69BfaF19C9f377BB306a89aEd9F6B07e2c1a8d9a,720,168,0.0,2452.76,2674.54,649138148.1588731,766.8014253848015,12.785892431414558,10.030347062871048,4.521029370994323,5.271013618055331,-2.7223028110299197,19.299612736371603,98.75,1,4,0.2335026684517009
Uniswap v3 5bp,Uniswap v3,reviewed_model,7.5,24,24,50.0,105.74855751638053,71.25558810889679,20.141222711839468,Uniswap v3 5bp,0x69BfaF19C9f377BB306a89aEd9F6B07e2c1a8d9a,720,168,50.0,2452.76,2674.54,649138148.1588731,378.0115843443943,12.355583051119455,6.109363524505862,4.521029370994323,1.5196311814666297,-2.9396970810633194,19.33735214663674,98.75,1,4,0.2335026684517009
Uniswap v3 5bp,Uniswap v3,reviewed_model,7.5,24,24,25.0,64.76283300780163,71.25558810889679,-3.7912661261404246,Uniswap v3 5bp,0x69BfaF19C9f377BB306a89aEd9F6B07e2c1a8d9a,720,168,75.0,2452.76,2674.54,649138148.1588731,187.6717670113021,12.143559134615144,4.189522582949667,4.521029370994323,-0.3171675499558879,-3.1107262802129387,19.371119937256065,98.75,1,4,0.2335026684517009
Uniswap v3 5bp,Uniswap v3,reviewed_model,7.5,24,72,100.0,219.9400004943231,71.25558810889679,86.82018147687063,Uniswap v3 5bp,0x69BfaF19C9f377BB306a89aEd9F6B07e2c1a8d9a,720,168,0.0,2452.76,2674.54,649138148.1588731,766.8014253848015,12.785892431414558,10.030347062871048,4.521029370994323,5.271013618055331,-2.7223028110299197,19.299612736371603,98.75,1,4,0.2335026684517009
Uniswap v3 5bp,Uniswap v3,reviewed_model,7.5,24,72,50.0,105.74855751638053,71.25558810889679,20.141222711839468,Uniswap v3 5bp,0x69BfaF19C9f377BB306a89aEd9F6B07e2c1a8d9a,720,168,50.0,2452.76,2674.54,649138148.1588731,378.0115843443943,12.355583051119455,6.109363524505862,4.521029370994323,1.5196311814666297,-2.9396970810633194,19.33735214663674,98.75,1,4,0.2335026684517009
Uniswap v3 5bp,Uniswap v3,reviewed_model,7.5,24,72,25.0,64.76283300780163,71.25558810889679,-3.7912661261404246,Uniswap v3 5bp,0x69BfaF19C9f377BB306a89aEd9F6B07e2c1a8d9a,720,168,75.0,2452.76,2674.54,649138148.1588731,187.6717670113021,12.143559134615144,4.189522582949667,4.521029370994323,-0.3171675499558879,-3.1107262802129387,19.371119937256065,98.75,1,4,0.2335026684517009
Uniswap v3 5bp,Uniswap v3,reviewed_model,7.5,24,168,100.0,219.9400004943231,71.25558810889679,86.82018147687063,Uniswap v3 5bp,0x69BfaF19C9f377BB306a89aEd9F6B07e2c1a8d9a,720,168,0.0,2452.76,2674.54,649138148.1588731,766.8014253848015,12.785892431414558,10.030347062871048,4.521029370994323,5.271013618055331,-2.7223028110299197,19.299612736371603,98.75,1,4,0.2335026684517009
Uniswap v3 5bp,Uniswap v3,reviewed_model,7.5,24,168,50.0,105.74855751638053,71.25558810889679,20.141222711839468,Uniswap v3 5bp,0x69BfaF19C9f377BB306a89aEd9F6B07e2c1a8d9a,720,168,50.0,2452.76,2674.54,649138148.1588731,378.0115843443943,12.355583051119455,6.109363524505862,4.521029370994323,1.5196311814666297,-2.9396970810633194,19.33735214663674,98.75,1,4,0.2335026684517009
Uniswap v3 5bp,Uniswap v3,reviewed_model,7.5,24,168,25.0,64.76283300780163,71.25558810889679,-3.7912661261404246,Uniswap v3 5bp,0x69BfaF19C9f377BB306a89aEd9F6B07e2c1a8d9a,720,168,75.0,2452.76,2674.54,649138148.1588731,187.6717670113021,12.143559134615144,4.189522582949667,4.521029370994323,-0.3171675499558879,-3.1107262802129387,19.371119937256065,98.75,1,4,0.2335026684517009
Uniswap v3 5bp,Uniswap v3,reviewed_model,10.0,4,24,100.0,178.12638163327645,71.25558810889633,62.40426645606705,Uniswap v3 5bp,0x69BfaF19C9f377BB306a89aEd9F6B07e2c1a8d9a,720,168,0.0,2452.76,2674.54,649138148.1588731,589.2712477449419,12.637136852365122,8.770983738136962,4.521029370994301,4.066123719522108,-2.9363081522401746,20.187054762998386,100.0,1,4,0.17829281392705235
Uniswap v3 5bp,Uniswap v3,reviewed_model,10.0,4,24,50.0,97.64452796742016,71.25558810889633,15.409097098626766,Uniswap v3 5bp,0x69BfaF19C9f377BB306a89aEd9F6B07e2c1a8d9a,720,168,50.0,2452.76,2674.54,649138148.1588731,291.42230014786685,12.306225979387282,5.7594779076454605,4.521029370994301,1.1848797740551698,-3.2799599536136093,20.21377616059007,100.0,1,4,0.17829281392705235
Uniswap v3 5bp,Uniswap v3,reviewed_model,10.0,4,24,25.0,66.47262551059366,71.25558810889633,-2.7928797250466486,Uniswap v3 5bp,0x69BfaF19C9f377BB306a89aEd9F6B07e2c1a8d9a,720,168,75.0,2452.76,2674.54,649138148.1588731,144.9139799898018,12.14263962118757,4.277968369362051,4.521029370994301,-0.23254746254891545,-3.522634982503714,20.235295732174002,100.0,1,4,0.17829281392705235
Uniswap v3 5bp,Uniswap v3,reviewed_model,10.0,4,72,100.0,178.12638163327645,71.25558810889633,62.40426645606705,Uniswap v3 5bp,0x69BfaF19C9f377BB306a89aEd9F6B07e2c1a8d9a,720,168,0.0,2452.76,2674.54,649138148.1588731,589.2712477449419,12.637136852365122,8.770983738136962,4.521029370994301,4.066123719522108,-2.9363081522401746,20.187054762998386,100.0,1,4,0.17829281392705235
Uniswap v3 5bp,Uniswap v3,reviewed_model,10.0,4,72,50.0,97.64452796742016,71.25558810889633,15.409097098626766,Uniswap v3 5bp,0x69BfaF19C9f377BB306a89aEd9F6B07e2c1a8d9a,720,168,50.0,2452.76,2674.54,649138148.1588731,291.42230014786685,12.306225979387282,5.7594779076454605,4.521029370994301,1.1848797740551698,-3.2799599536136093,20.21377616059007,100.0,1,4,0.17829281392705235
Uniswap v3 5bp,Uniswap v3,reviewed_model,10.0,4,72,25.0,66.47262551059366,71.25558810889633,-2.7928797250466486,Uniswap v3 5bp,0x69BfaF19C9f377BB306a89aEd9F6B07e2c1a8d9a,720,168,75.0,2452.76,2674.54,649138148.1588731,144.9139799898018,12.14263962118757,4.277968369362051,4.521029370994301,-0.23254746254891545,-3.522634982503714,20.235295732174002,100.0,1,4,0.17829281392705235
Uniswap v3 5bp,Uniswap v3,reviewed_model,10.0,4,168,100.0,178.12638163327645,71.25558810889633,62.40426645606705,Uniswap v3 5bp,0x69BfaF19C9f377BB306a89aEd9F6B07e2c1a8d9a,720,168,0.0,2452.76,2674.54,649138148.1588731,589.2712477449419,12.637136852365122,8.770983738136962,4.521029370994301,4.066123719522108,-2.9363081522401746,20.187054762998386,100.0,1,4,0.17829281392705235
Uniswap v3 5bp,Uniswap v3,reviewed_model,10.0,4,168,50.0,97.64452796742016,71.25558810889633,15.409097098626766,Uniswap v3 5bp,0x69BfaF19C9f377BB306a89aEd9F6B07e2c1a8d9a,720,168,50.0,2452.76,2674.54,649138148.1588731,291.42230014786685,12.306225979387282,5.7594779076454605,4.521029370994301,1.1848797740551698,-3.2799599536136093,20.21377616059007,100.0,1,4,0.17829281392705235
Uniswap v3 5bp,Uniswap v3,reviewed_model,10.0,4,168,25.0,66.47262551059366,71.25558810889633,-2.7928797250466486,Uniswap v3 5bp,0x69BfaF19C9f377BB306a89aEd9F6B07e2c1a8d9a,720,168,75.0,2452.76,2674.54,649138148.1588731,144.9139799898018,12.14263962118757,4.277968369362051,4.521029370994301,-0.23254746254891545,-3.522634982503714,20.235295732174002,100.0,1,4,0.17829281392705235
Uniswap v3 5bp,Uniswap v3,reviewed_model,10.0,12,24,100.0,178.36197721749693,71.25558810889633,62.541836030772366,Uniswap v3 5bp,0x69BfaF19C9f377BB306a89aEd9F6B07e2c1a8d9a,720,168,0.0,2452.76,2674.54,649138148.1588731,589.2925253066599,12.63863240018953,8.778553768872243,4.521029370994301,4.073366310588078,-2.9363081522401746,20.176278986831882,100.0,1,4,0.17829281392705235
Uniswap v3 5bp,Uniswap v3,reviewed_model,10.0,12,24,50.0,97.803733732359,71.25558810889633,15.50206093513362,Uniswap v3 5bp,0x69BfaF19C9f377BB306a89aEd9F6B07e2c1a8d9a,720,168,50.0,2452.76,2674.54,649138148.1588731,291.4445678017377,12.306889342580826,5.766477313838569,4.521029370994301,1.1915764227919956,-3.2799599536136093,20.203078010780178,100.0,1,4,0.17829281392705235
Uniswap v3 5bp,Uniswap v3,reviewed_model,10.0,12,24,25.0,66.61022461394231,71.25558810889633,-2.7125325055087024,Uniswap v3 5bp,0x69BfaF19C9f377BB306a89aEd9F6B07e2c1a8d9a,720,168,75.0,2452.76,2674.54,649138148.1588731,144.9287319970317,12.142892508943135,4.285049931165652,4.521029370994301,-0.22577221182068508,-3.522634982503714,20.22489856072783,100.0,1,4,0.17829281392705235
Uniswap v3 5bp,Uniswap v3,reviewed_model,10.0,12,72,100.0,178.36197721749693,71.25558810889633,62.541836030772366,Uniswap v3 5bp,0x69BfaF19C9f377BB306a89aEd9F6B07e2c1a8d9a,720,168,0.0,2452.76,2674.54,649138148.1588731,589.2925253066599,12.63863240018953,8.778553768872243,4.521029370994301,4.073366310588078,-2.9363081522401746,20.176278986831882,100.0,1,4,0.17829281392705235
Uniswap v3 5bp,Uniswap v3,reviewed_model,10.0,12,72,50.0,97.803733732359,71.25558810889633,15.50206093513362,Uniswap v3 5bp,0x69BfaF19C9f377BB306a89aEd9F6B07e2c1a8d9a,720,168,50.0,2452.76,2674.54,649138148.1588731,291.4445678017377,12.306889342580826,5.766477313838569,4.521029370994301,1.1915764227919956,-3.2799599536136093,20.203078010780178,100.0,1,4,0.17829281392705235
Uniswap v3 5bp,Uniswap v3,reviewed_model,10.0,12,72,25.0,66.61022461394231,71.25558810889633,-2.7125325055087024,Uniswap v3 5bp,0x69BfaF19C9f377BB306a89aEd9F6B07e2c1a8d9a,720,168,75.0,2452.76,2674.54,649138148.1588731,144.9287319970317,12.142892508943135,4.285049931165652,4.521029370994301,-0.22577221182068508,-3.522634982503714,20.22489856072783,100.0,1,4,0.17829281392705235
Uniswap v3 5bp,Uniswap v3,reviewed_model,10.0,12,168,100.0,178.36197721749693,71.25558810889633,62.541836030772366,Uniswap v3 5bp,0x69BfaF19C9f377BB306a89aEd9F6B07e2c1a8d9a,720,168,0.0,2452.76,2674.54,649138148.1588731,589.2925253066599,12.63863240018953,8.778553768872243,4.521029370994301,4.073366310588078,-2.9363081522401746,20.176278986831882,100.0,1,4,0.17829281392705235
Uniswap v3 5bp,Uniswap v3,reviewed_model,10.0,12,168,50.0,97.803733732359,71.25558810889633,15.50206093513362,Uniswap v3 5bp,0x69BfaF19C9f377BB306a89aEd9F6B07e2c1a8d9a,720,168,50.0,2452.76,2674.54,649138148.1588731,291.4445678017377,12.306889342580826,5.766477313838569,4.521029370994301,1.1915764227919956,-3.2799599536136093,20.203078010780178,100.0,1,4,0.17829281392705235
Uniswap v3 5bp,Uniswap v3,reviewed_model,10.0,12,168,25.0,66.61022461394231,71.25558810889633,-2.7125325055087024,Uniswap v3 5bp,0x69BfaF19C9f377BB306a89aEd9F6B07e2c1a8d9a,720,168,75.0,2452.76,2674.54,649138148.1588731,144.9287319970317,12.142892508943135,4.285049931165652,4.521029370994301,-0.22577221182068508,-3.522634982503714,20.22489856072783,100.0,1,4,0.17829281392705235
Uniswap v3 5bp,Uniswap v3,reviewed_model,10.0,24,24,100.0,110.66746685763471,71.25558810889633,23.013484805925177,Uniswap v3 5bp,0x69BfaF19C9f377BB306a89aEd9F6B07e2c1a8d9a,720,168,0.0,2452.76,2674.54,649138148.1588731,575.7381463922945,12.728742950678924,6.315614219644172,4.521029370994301,1.7169605575544589,-2.9363081522401746,19.55313965564201,98.47222222222223,1,4,0.17829281392705235
Uniswap v3 5bp,Uniswap v3,reviewed_model,10.0,24,24,50.0,50.62724027319765,71.25558810889633,-12.045357505403963,Uniswap v3 5bp,0x69BfaF19C9f377BB306a89aEd9F6B07e2c1a8d9a,720,168,50.0,2452.76,2674.54,649138148.1588731,284.7776742859271,12.357918117575284,3.424208764572878,4.521029370994301,-1.0493779223397115,-3.2799599536136093,19.606197221526273,98.47222222222223,1,4,0.17829281392705235
Uniswap v3 5bp,Uniswap v3,reviewed_model,10.0,24,24,25.0,27.266769625700405,71.25558810889633,-25.686063134608272,Uniswap v3 5bp,0x69BfaF19C9f377BB306a89aEd9F6B07e2c1a8d9a,720,168,75.0,2452.76,2674.54,649138148.1588731,141.6219580910466,12.174831855437906,2.001536552433425,4.521029370994301,-2.410512825718547,-3.522634982503714,19.641058742614653,98.47222222222223,1,4,0.17829281392705235
Uniswap v3 5bp,Uniswap v3,reviewed_model,10.0,24,72,100.0,110.66746685763471,71.25558810889633,23.013484805925177,Uniswap v3 5bp,0x69BfaF19C9f377BB306a89aEd9F6B07e2c1a8d9a,720,168,0.0,2452.76,2674.54,649138148.1588731,575.7381463922945,12.728742950678924,6.315614219644172,4.521029370994301,1.7169605575544589,-2.9363081522401746,19.55313965564201,98.47222222222223,1,4,0.17829281392705235
Uniswap v3 5bp,Uniswap v3,reviewed_model,10.0,24,72,50.0,50.62724027319765,71.25558810889633,-12.045357505403963,Uniswap v3 5bp,0x69BfaF19C9f377BB306a89aEd9F6B07e2c1a8d9a,720,168,50.0,2452.76,2674.54,649138148.1588731,284.7776742859271,12.357918117575284,3.424208764572878,4.521029370994301,-1.0493779223397115,-3.2799599536136093,19.606197221526273,98.47222222222223,1,4,0.17829281392705235
Uniswap v3 5bp,Uniswap v3,reviewed_model,10.0,24,72,25.0,27.266769625700405,71.25558810889633,-25.686063134608272,Uniswap v3 5bp,0x69BfaF19C9f377BB306a89aEd9F6B07e2c1a8d9a,720,168,75.0,2452.76,2674.54,649138148.1588731,141.6219580910466,12.174831855437906,2.001536552433425,4.521029370994301,-2.410512825718547,-3.522634982503714,19.641058742614653,98.47222222222223,1,4,0.17829281392705235
Uniswap v3 5bp,Uniswap v3,reviewed_model,10.0,24,168,100.0,110.66746685763471,71.25558810889633,23.013484805925177,Uniswap v3 5bp,0x69BfaF19C9f377BB306a89aEd9F6B07e2c1a8d9a,720,168,0.0,2452.76,2674.54,649138148.1588731,575.7381463922945,12.728742950678924,6.315614219644172,4.521029370994301,1.7169605575544589,-2.9363081522401746,19.55313965564201,98.47222222222223,1,4,0.17829281392705235
Uniswap v3 5bp,Uniswap v3,reviewed_model,10.0,24,168,50.0,50.62724027319765,71.25558810889633,-12.045357505403963,Uniswap v3 5bp,0x69BfaF19C9f377BB306a89aEd9F6B07e2c1a8d9a,720,168,50.0,2452.76,2674.54,649138148.1588731,284.7776742859271,12.357918117575284,3.424208764572878,4.521029370994301,-1.0493779223397115,-3.2799599536136093,19.606197221526273,98.47222222222223,1,4,0.17829281392705235
Uniswap v3 5bp,Uniswap v3,reviewed_model,10.0,24,168,25.0,27.266769625700405,71.25558810889633,-25.686063134608272,Uniswap v3 5bp,0x69BfaF19C9f377BB306a89aEd9F6B07e2c1a8d9a,720,168,75.0,2452.76,2674.54,649138148.1588731,141.6219580910466,12.174831855437906,2.001536552433425,4.521029370994301,-2.410512825718547,-3.522634982503714,19.641058742614653,98.47222222222223,1,4,0.17829281392705235
Uniswap v3 5bp,Uniswap v3,reviewed_model,15.0,4,24,100.0,104.63943943364806,71.25558810889633,19.493583650843572,Uniswap v3 5bp,0x69BfaF19C9f377BB306a89aEd9F6B07e2c1a8d9a,720,168,0.0,2452.76,2674.54,649138148.1588731,403.68845752915075,12.608747190720921,6.0622332660578815,4.521029370994301,1.474539529832919,-3.464329738849181,20.603650635078438,100.0,1,4,0.12299960530290756
Uniswap v3 5bp,Uniswap v3,reviewed_model,15.0,4,24,50.0,61.561372307142,71.25558810889633,-5.660671227609903,Uniswap v3 5bp,0x69BfaF19C9f377BB306a89aEd9F6B07e2c1a8d9a,720,168,50.0,2452.76,2674.54,649138148.1588731,200.3008103187032,12.349890704401949,4.021624748932506,4.521029370994301,-0.4778030077461026,-3.7990008997803026,20.634024107075554,100.0,1,4,0.12299960530290756
Uniswap v3 5bp,Uniswap v3,reviewed_model,15.0,4,24,25.0,43.49832803617175,71.25558810889633,-16.208090129633757,Uniswap v3 5bp,0x69BfaF19C9f377BB306a89aEd9F6B07e2c1a8d9a,720,168,75.0,2452.76,2674.54,649138148.1588731,99.76670132620276,12.221613140372375,3.012878095465288,4.521029370994301,-1.442916592579524,-3.9664236430749567,20.652955539408737,100.0,1,4,0.12299960530290756
Uniswap v3 5bp,Uniswap v3,reviewed_model,15.0,4,72,100.0,104.63943943364806,71.25558810889633,19.493583650843572,Uniswap v3 5bp,0x69BfaF19C9f377BB306a89aEd9F6B07e2c1a8d9a,720,168,0.0,2452.76,2674.54,649138148.1588731,403.68845752915075,12.608747190720921,6.0622332660578815,4.521029370994301,1.474539529832919,-3.464329738849181,20.603650635078438,100.0,1,4,0.12299960530290756
Uniswap v3 5bp,Uniswap v3,reviewed_model,15.0,4,72,50.0,61.561372307142,71.25558810889633,-5.660671227609903,Uniswap v3 5bp,0x69BfaF19C9f377BB306a89aEd9F6B07e2c1a8d9a,720,168,50.0,2452.76,2674.54,649138148.1588731,200.3008103187032,12.349890704401949,4.021624748932506,4.521029370994301,-0.4778030077461026,-3.7990008997803026,20.634024107075554,100.0,1,4,0.12299960530290756
Uniswap v3 5bp,Uniswap v3,reviewed_model,15.0,4,72,25.0,43.49832803617175,71.25558810889633,-16.208090129633757,Uniswap v3 5bp,0x69BfaF19C9f377BB306a89aEd9F6B07e2c1a8d9a,720,168,75.0,2452.76,2674.54,649138148.1588731,99.76670132620276,12.221613140372375,3.012878095465288,4.521029370994301,-1.442916592579524,-3.9664236430749567,20.652955539408737,100.0,1,4,0.12299960530290756
Uniswap v3 5bp,Uniswap v3,reviewed_model,15.0,4,168,100.0,104.63943943364806,71.25558810889633,19.493583650843572,Uniswap v3 5bp,0x69BfaF19C9f377BB306a89aEd9F6B07e2c1a8d9a,720,168,0.0,2452.76,2674.54,649138148.1588731,403.68845752915075,12.608747190720921,6.0622332660578815,4.521029370994301,1.474539529832919,-3.464329738849181,20.603650635078438,100.0,1,4,0.12299960530290756
Uniswap v3 5bp,Uniswap v3,reviewed_model,15.0,4,168,50.0,61.561372307142,71.25558810889633,-5.660671227609903,Uniswap v3 5bp,0x69BfaF19C9f377BB306a89aEd9F6B07e2c1a8d9a,720,168,50.0,2452.76,2674.54,649138148.1588731,200.3008103187032,12.349890704401949,4.021624748932506,4.521029370994301,-0.4778030077461026,-3.7990008997803026,20.634024107075554,100.0,1,4,0.12299960530290756
Uniswap v3 5bp,Uniswap v3,reviewed_model,15.0,4,168,25.0,43.49832803617175,71.25558810889633,-16.208090129633757,Uniswap v3 5bp,0x69BfaF19C9f377BB306a89aEd9F6B07e2c1a8d9a,720,168,75.0,2452.76,2674.54,649138148.1588731,99.76670132620276,12.221613140372375,3.012878095465288,4.521029370994301,-1.442916592579524,-3.9664236430749567,20.652955539408737,100.0,1,4,0.12299960530290756
Uniswap v3 5bp,Uniswap v3,reviewed_model,15.0,12,24,100.0,87.0975615238307,71.25558810889633,9.250485540279652,Uniswap v3 5bp,0x69BfaF19C9f377BB306a89aEd9F6B07e2c1a8d9a,720,168,0.0,2452.76,2674.54,649138148.1588731,403.39343943028376,12.623896379729702,5.283851485698432,4.521029370994301,0.7298264466919058,-3.464329738849181,20.41426928687761,100.0,1,4,0.12299960530290756
Uniswap v3 5bp,Uniswap v3,reviewed_model,15.0,12,24,50.0,47.700194924714026,71.25558810889633,-13.754525294207532,Uniswap v3 5bp,0x69BfaF19C9f377BB306a89aEd9F6B07e2c1a8d9a,720,168,50.0,2452.76,2674.54,649138148.1588731,200.15229776538624,12.363637153213165,3.2575298761682747,4.521029370994301,-1.208847159686166,-3.7990008997803026,20.447877659725187,100.0,1,4,0.12299960530290756
Uniswap v3 5bp,Uniswap v3,reviewed_model,15.0,12,24,25.0,31.181930048778582,71.25558810889633,-23.399912670082422,Uniswap v3 5bp,0x69BfaF19C9f377BB306a89aEd9F6B07e2c1a8d9a,720,168,75.0,2452.76,2674.54,649138148.1588731,99.69220877873863,12.234673325563547,2.255876412283131,4.521029370994301,-2.1671743689694045,-3.9664236430749567,20.46840184654139,100.0,1,4,0.12299960530290756
Uniswap v3 5bp,Uniswap v3,reviewed_model,15.0,12,72,100.0,87.0975615238307,71.25558810889633,9.250485540279652,Uniswap v3 5bp,0x69BfaF19C9f377BB306a89aEd9F6B07e2c1a8d9a,720,168,0.0,2452.76,2674.54,649138148.1588731,403.39343943028376,12.623896379729702,5.283851485698432,4.521029370994301,0.7298264466919058,-3.464329738849181,20.41426928687761,100.0,1,4,0.12299960530290756
Uniswap v3 5bp,Uniswap v3,reviewed_model,15.0,12,72,50.0,47.700194924714026,71.25558810889633,-13.754525294207532,Uniswap v3 5bp,0x69BfaF19C9f377BB306a89aEd9F6B07e2c1a8d9a,720,168,50.0,2452.76,2674.54,649138148.1588731,200.15229776538624,12.363637153213165,3.2575298761682747,4.521029370994301,-1.208847159686166,-3.7990008997803026,20.447877659725187,100.0,1,4,0.12299960530290756
Uniswap v3 5bp,Uniswap v3,reviewed_model,15.0,12,72,25.0,31.181930048778582,71.25558810889633,-23.399912670082422,Uniswap v3 5bp,0x69BfaF19C9f377BB306a89aEd9F6B07e2c1a8d9a,720,168,75.0,2452.76,2674.54,649138148.1588731,99.69220877873863,12.234673325563547,2.255876412283131,4.521029370994301,-2.1671743689694045,-3.9664236430749567,20.46840184654139,100.0,1,4,0.12299960530290756
Uniswap v3 5bp,Uniswap v3,reviewed_model,15.0,12,168,100.0,87.0975615238307,71.25558810889633,9.250485540279652,Uniswap v3 5bp,0x69BfaF19C9f377BB306a89aEd9F6B07e2c1a8d9a,720,168,0.0,2452.76,2674.54,649138148.1588731,403.39343943028376,12.623896379729702,5.283851485698432,4.521029370994301,0.7298264466919058,-3.464329738849181,20.41426928687761,100.0,1,4,0.12299960530290756
Uniswap v3 5bp,Uniswap v3,reviewed_model,15.0,12,168,50.0,47.700194924714026,71.25558810889633,-13.754525294207532,Uniswap v3 5bp,0x69BfaF19C9f377BB306a89aEd9F6B07e2c1a8d9a,720,168,50.0,2452.76,2674.54,649138148.1588731,200.15229776538624,12.363637153213165,3.2575298761682747,4.521029370994301,-1.208847159686166,-3.7990008997803026,20.447877659725187,100.0,1,4,0.12299960530290756
Uniswap v3 5bp,Uniswap v3,reviewed_model,15.0,12,168,25.0,31.181930048778582,71.25558810889633,-23.399912670082422,Uniswap v3 5bp,0x69BfaF19C9f377BB306a89aEd9F6B07e2c1a8d9a,720,168,75.0,2452.76,2674.54,649138148.1588731,99.69220877873863,12.234673325563547,2.255876412283131,4.521029370994301,-2.1671743689694045,-3.9664236430749567,20.46840184654139,100.0,1,4,0.12299960530290756
Uniswap v3 5bp,Uniswap v3,reviewed_model,15.0,24,24,100.0,102.76521837497637,71.25558810889633,18.399183707829934,Uniswap v3 5bp,0x69BfaF19C9f377BB306a89aEd9F6B07e2c1a8d9a,720,168,0.0,2452.76,2674.54,649138148.1588731,403.91258996739,12.616169578446362,5.982055705827638,4.521029370994301,1.397830028680147,-3.464329738849181,20.28376788135923,100.0,1,4,0.12299960530290756
Uniswap v3 5bp,Uniswap v3,reviewed_model,15.0,24,24,50.0,60.066416443441575,71.25558810889633,-6.533609670208218,Uniswap v3 5bp,0x69BfaF19C9f377BB306a89aEd9F6B07e2c1a8d9a,720,168,50.0,2452.76,2674.54,649138148.1588731,200.404899748639,12.354459438504302,3.942174722471159,4.521029370994301,-0.5538164444099714,-3.7990008997803026,20.319216144159345,100.0,1,4,0.12299960530290756
Uniswap v3 5bp,Uniswap v3,reviewed_model,15.0,24,24,25.0,42.16447956503833,71.25558810889633,-16.986954332468063,Uniswap v3 5bp,0x69BfaF19C9f377BB306a89aEd9F6B07e2c1a8d9a,720,168,75.0,2452.76,2674.54,649138148.1588731,99.81679183894343,12.224788144653802,2.933839503525615,4.521029370994301,-1.5185363912127103,-3.9664236430749567,20.340701089335507,100.0,1,4,0.12299960530290756
Uniswap v3 5bp,Uniswap v3,reviewed_model,15.0,24,72,100.0,102.76521837497637,71.25558810889633,18.399183707829934,Uniswap v3 5bp,0x69BfaF19C9f377BB306a89aEd9F6B07e2c1a8d9a,720,168,0.0,2452.76,2674.54,649138148.1588731,403.91258996739,12.616169578446362,5.982055705827638,4.521029370994301,1.397830028680147,-3.464329738849181,20.28376788135923,100.0,1,4,0.12299960530290756
Uniswap v3 5bp,Uniswap v3,reviewed_model,15.0,24,72,50.0,60.066416443441575,71.25558810889633,-6.533609670208218,Uniswap v3 5bp,0x69BfaF19C9f377BB306a89aEd9F6B07e2c1a8d9a,720,168,50.0,2452.76,2674.54,649138148.1588731,200.404899748639,12.354459438504302,3.942174722471159,4.521029370994301,-0.5538164444099714,-3.7990008997803026,20.319216144159345,100.0,1,4,0.12299960530290756
Uniswap v3 5bp,Uniswap v3,reviewed_model,15.0,24,72,25.0,42.16447956503833,71.25558810889633,-16.986954332468063,Uniswap v3 5bp,0x69BfaF19C9f377BB306a89aEd9F6B07e2c1a8d9a,720,168,75.0,2452.76,2674.54,649138148.1588731,99.81679183894343,12.224788144653802,2.933839503525615,4.521029370994301,-1.5185363912127103,-3.9664236430749567,20.340701089335507,100.0,1,4,0.12299960530290756
Uniswap v3 5bp,Uniswap v3,reviewed_model,15.0,24,168,100.0,102.76521837497637,71.25558810889633,18.399183707829934,Uniswap v3 5bp,0x69BfaF19C9f377BB306a89aEd9F6B07e2c1a8d9a,720,168,0.0,2452.76,2674.54,649138148.1588731,403.91258996739,12.616169578446362,5.982055705827638,4.521029370994301,1.397830028680147,-3.464329738849181,20.28376788135923,100.0,1,4,0.12299960530290756
Uniswap v3 5bp,Uniswap v3,reviewed_model,15.0,24,168,50.0,60.066416443441575,71.25558810889633,-6.533609670208218,Uniswap v3 5bp,0x69BfaF19C9f377BB306a89aEd9F6B07e2c1a8d9a,720,168,50.0,2452.76,2674.54,649138148.1588731,200.404899748639,12.354459438504302,3.942174722471159,4.521029370994301,-0.5538164444099714,-3.7990008997803026,20.319216144159345,100.0,1,4,0.12299960530290756
Uniswap v3 5bp,Uniswap v3,reviewed_model,15.0,24,168,25.0,42.16447956503833,71.25558810889633,-16.986954332468063,Uniswap v3 5bp,0x69BfaF19C9f377BB306a89aEd9F6B07e2c1a8d9a,720,168,75.0,2452.76,2674.54,649138148.1588731,99.81679183894343,12.224788144653802,2.933839503525615,4.521029370994301,-1.5185363912127103,-3.9664236430749567,20.340701089335507,100.0,1,4,0.12299960530290756
Uniswap v3 5bp,Uniswap v3,reviewed_model,20.0,4,24,100.0,116.66584437120422,71.25558810889633,26.516072709658545,Uniswap v3 5bp,0x69BfaF19C9f377BB306a89aEd9F6B07e2c1a8d9a,720,168,0.0,2452.76,2674.54,649138148.1588731,312.97780130282143,1.1492149374772846,6.561227694185545,4.521029370994301,1.9519500864745964,-3.7981915674989652,20.449527777131312,100.0,0,4,0.09530898861927886
Uniswap v3 5bp,Uniswap v3,reviewed_model,20.0,4,24,50.0,80.32967252821612,71.25558810889633,5.298562528394624,Uniswap v3 5bp,0x69BfaF19C9f377BB306a89aEd9F6B07e2c1a8d9a,720,168,50.0,2452.76,2674.54,649138148.1588731,155.57500026105947,1.074202483716407,4.965509625073383,4.521029370994301,0.4252543787159002,-4.057551611503863,20.482925052816714,100.0,0,4,0.09530898861927886
Uniswap v3 5bp,Uniswap v3,reviewed_model,20.0,4,24,25.0,64.47486022031723,71.25558810889633,-3.959419931025665,Uniswap v3 5bp,0x69BfaF19C9f377BB306a89aEd9F6B07e2c1a8d9a,720,168,75.0,2452.76,2674.54,649138148.1588731,77.55995533860238,1.0370003566974912,4.17454322414903,4.521029370994301,-0.33149898056917815,-4.187283737276926,20.501921475354504,100.0,0,4,0.09530898861927886
Uniswap v3 5bp,Uniswap v3,reviewed_model,20.0,4,72,100.0,116.66584437120422,71.25558810889633,26.516072709658545,Uniswap v3 5bp,0x69BfaF19C9f377BB306a89aEd9F6B07e2c1a8d9a,720,168,0.0,2452.76,2674.54,649138148.1588731,312.97780130282143,1.1492149374772846,6.561227694185545,4.521029370994301,1.9519500864745964,-3.7981915674989652,20.449527777131312,100.0,0,4,0.09530898861927886
Uniswap v3 5bp,Uniswap v3,reviewed_model,20.0,4,72,50.0,80.32967252821612,71.25558810889633,5.298562528394624,Uniswap v3 5bp,0x69BfaF19C9f377BB306a89aEd9F6B07e2c1a8d9a,720,168,50.0,2452.76,2674.54,649138148.1588731,155.57500026105947,1.074202483716407,4.965509625073383,4.521029370994301,0.4252543787159002,-4.057551611503863,20.482925052816714,100.0,0,4,0.09530898861927886
Uniswap v3 5bp,Uniswap v3,reviewed_model,20.0,4,72,25.0,64.47486022031723,71.25558810889633,-3.959419931025665,Uniswap v3 5bp,0x69BfaF19C9f377BB306a89aEd9F6B07e2c1a8d9a,720,168,75.0,2452.76,2674.54,649138148.1588731,77.55995533860238,1.0370003566974912,4.17454322414903,4.521029370994301,-0.33149898056917815,-4.187283737276926,20.501921475354504,100.0,0,4,0.09530898861927886
Uniswap v3 5bp,Uniswap v3,reviewed_model,20.0,4,168,100.0,116.66584437120422,71.25558810889633,26.516072709658545,Uniswap v3 5bp,0x69BfaF19C9f377BB306a89aEd9F6B07e2c1a8d9a,720,168,0.0,2452.76,2674.54,649138148.1588731,312.97780130282143,1.1492149374772846,6.561227694185545,4.521029370994301,1.9519500864745964,-3.7981915674989652,20.449527777131312,100.0,0,4,0.09530898861927886
Uniswap v3 5bp,Uniswap v3,reviewed_model,20.0,4,168,50.0,80.32967252821612,71.25558810889633,5.298562528394624,Uniswap v3 5bp,0x69BfaF19C9f377BB306a89aEd9F6B07e2c1a8d9a,720,168,50.0,2452.76,2674.54,649138148.1588731,155.57500026105947,1.074202483716407,4.965509625073383,4.521029370994301,0.4252543787159002,-4.057551611503863,20.482925052816714,100.0,0,4,0.09530898861927886
Uniswap v3 5bp,Uniswap v3,reviewed_model,20.0,4,168,25.0,64.47486022031723,71.25558810889633,-3.959419931025665,Uniswap v3 5bp,0x69BfaF19C9f377BB306a89aEd9F6B07e2c1a8d9a,720,168,75.0,2452.76,2674.54,649138148.1588731,77.55995533860238,1.0370003566974912,4.17454322414903,4.521029370994301,-0.33149898056917815,-4.187283737276926,20.501921475354504,100.0,0,4,0.09530898861927886
Uniswap v3 5bp,Uniswap v3,reviewed_model,20.0,12,24,100.0,116.66584437120422,71.25558810889633,26.516072709658545,Uniswap v3 5bp,0x69BfaF19C9f377BB306a89aEd9F6B07e2c1a8d9a,720,168,0.0,2452.76,2674.54,649138148.1588731,312.97780130282143,1.1492149374772846,6.561227694185545,4.521029370994301,1.9519500864745964,-3.7981915674989652,20.449527777131312,100.0,0,4,0.09530898861927886
Uniswap v3 5bp,Uniswap v3,reviewed_model,20.0,12,24,50.0,80.32967252821612,71.25558810889633,5.298562528394624,Uniswap v3 5bp,0x69BfaF19C9f377BB306a89aEd9F6B07e2c1a8d9a,720,168,50.0,2452.76,2674.54,649138148.1588731,155.57500026105947,1.074202483716407,4.965509625073383,4.521029370994301,0.4252543787159002,-4.057551611503863,20.482925052816714,100.0,0,4,0.09530898861927886
Uniswap v3 5bp,Uniswap v3,reviewed_model,20.0,12,24,25.0,64.47486022031723,71.25558810889633,-3.959419931025665,Uniswap v3 5bp,0x69BfaF19C9f377BB306a89aEd9F6B07e2c1a8d9a,720,168,75.0,2452.76,2674.54,649138148.1588731,77.55995533860238,1.0370003566974912,4.17454322414903,4.521029370994301,-0.33149898056917815,-4.187283737276926,20.501921475354504,100.0,0,4,0.09530898861927886
Uniswap v3 5bp,Uniswap v3,reviewed_model,20.0,12,72,100.0,116.66584437120422,71.25558810889633,26.516072709658545,Uniswap v3 5bp,0x69BfaF19C9f377BB306a89aEd9F6B07e2c1a8d9a,720,168,0.0,2452.76,2674.54,649138148.1588731,312.97780130282143,1.1492149374772846,6.561227694185545,4.521029370994301,1.9519500864745964,-3.7981915674989652,20.449527777131312,100.0,0,4,0.09530898861927886
Uniswap v3 5bp,Uniswap v3,reviewed_model,20.0,12,72,50.0,80.32967252821612,71.25558810889633,5.298562528394624,Uniswap v3 5bp,0x69BfaF19C9f377BB306a89aEd9F6B07e2c1a8d9a,720,168,50.0,2452.76,2674.54,649138148.1588731,155.57500026105947,1.074202483716407,4.965509625073383,4.521029370994301,0.4252543787159002,-4.057551611503863,20.482925052816714,100.0,0,4,0.09530898861927886
Uniswap v3 5bp,Uniswap v3,reviewed_model,20.0,12,72,25.0,64.47486022031723,71.25558810889633,-3.959419931025665,Uniswap v3 5bp,0x69BfaF19C9f377BB306a89aEd9F6B07e2c1a8d9a,720,168,75.0,2452.76,2674.54,649138148.1588731,77.55995533860238,1.0370003566974912,4.17454322414903,4.521029370994301,-0.33149898056917815,-4.187283737276926,20.501921475354504,100.0,0,4,0.09530898861927886
Uniswap v3 5bp,Uniswap v3,reviewed_model,20.0,12,168,100.0,116.66584437120422,71.25558810889633,26.516072709658545,Uniswap v3 5bp,0x69BfaF19C9f377BB306a89aEd9F6B07e2c1a8d9a,720,168,0.0,2452.76,2674.54,649138148.1588731,312.97780130282143,1.1492149374772846,6.561227694185545,4.521029370994301,1.9519500864745964,-3.7981915674989652,20.449527777131312,100.0,0,4,0.09530898861927886
Uniswap v3 5bp,Uniswap v3,reviewed_model,20.0,12,168,50.0,80.32967252821612,71.25558810889633,5.298562528394624,Uniswap v3 5bp,0x69BfaF19C9f377BB306a89aEd9F6B07e2c1a8d9a,720,168,50.0,2452.76,2674.54,649138148.1588731,155.57500026105947,1.074202483716407,4.965509625073383,4.521029370994301,0.4252543787159002,-4.057551611503863,20.482925052816714,100.0,0,4,0.09530898861927886
Uniswap v3 5bp,Uniswap v3,reviewed_model,20.0,12,168,25.0,64.47486022031723,71.25558810889633,-3.959419931025665,Uniswap v3 5bp,0x69BfaF19C9f377BB306a89aEd9F6B07e2c1a8d9a,720,168,75.0,2452.76,2674.54,649138148.1588731,77.55995533860238,1.0370003566974912,4.17454322414903,4.521029370994301,-0.33149898056917815,-4.187283737276926,20.501921475354504,100.0,0,4,0.09530898861927886
Uniswap v3 5bp,Uniswap v3,reviewed_model,20.0,24,24,100.0,116.66584437120422,71.25558810889633,26.516072709658545,Uniswap v3 5bp,0x69BfaF19C9f377BB306a89aEd9F6B07e2c1a8d9a,720,168,0.0,2452.76,2674.54,649138148.1588731,312.97780130282143,1.1492149374772846,6.561227694185545,4.521029370994301,1.9519500864745964,-3.7981915674989652,20.449527777131312,100.0,0,4,0.09530898861927886
Uniswap v3 5bp,Uniswap v3,reviewed_model,20.0,24,24,50.0,80.32967252821612,71.25558810889633,5.298562528394624,Uniswap v3 5bp,0x69BfaF19C9f377BB306a89aEd9F6B07e2c1a8d9a,720,168,50.0,2452.76,2674.54,649138148.1588731,155.57500026105947,1.074202483716407,4.965509625073383,4.521029370994301,0.4252543787159002,-4.057551611503863,20.482925052816714,100.0,0,4,0.09530898861927886
Uniswap v3 5bp,Uniswap v3,reviewed_model,20.0,24,24,25.0,64.47486022031723,71.25558810889633,-3.959419931025665,Uniswap v3 5bp,0x69BfaF19C9f377BB306a89aEd9F6B07e2c1a8d9a,720,168,75.0,2452.76,2674.54,649138148.1588731,77.55995533860238,1.0370003566974912,4.17454322414903,4.521029370994301,-0.33149898056917815,-4.187283737276926,20.501921475354504,100.0,0,4,0.09530898861927886
Uniswap v3 5bp,Uniswap v3,reviewed_model,20.0,24,72,100.0,116.66584437120422,71.25558810889633,26.516072709658545,Uniswap v3 5bp,0x69BfaF19C9f377BB306a89aEd9F6B07e2c1a8d9a,720,168,0.0,2452.76,2674.54,649138148.1588731,312.97780130282143,1.1492149374772846,6.561227694185545,4.521029370994301,1.9519500864745964,-3.7981915674989652,20.449527777131312,100.0,0,4,0.09530898861927886
Uniswap v3 5bp,Uniswap v3,reviewed_model,20.0,24,72,50.0,80.32967252821612,71.25558810889633,5.298562528394624,Uniswap v3 5bp,0x69BfaF19C9f377BB306a89aEd9F6B07e2c1a8d9a,720,168,50.0,2452.76,2674.54,649138148.1588731,155.57500026105947,1.074202483716407,4.965509625073383,4.521029370994301,0.4252543787159002,-4.057551611503863,20.482925052816714,100.0,0,4,0.09530898861927886
Uniswap v3 5bp,Uniswap v3,reviewed_model,20.0,24,72,25.0,64.47486022031723,71.25558810889633,-3.959419931025665,Uniswap v3 5bp,0x69BfaF19C9f377BB306a89aEd9F6B07e2c1a8d9a,720,168,75.0,2452.76,2674.54,649138148.1588731,77.55995533860238,1.0370003566974912,4.17454322414903,4.521029370994301,-0.33149898056917815,-4.187283737276926,20.501921475354504,100.0,0,4,0.09530898861927886
Uniswap v3 5bp,Uniswap v3,reviewed_model,20.0,24,168,100.0,116.66584437120422,71.25558810889633,26.516072709658545,Uniswap v3 5bp,0x69BfaF19C9f377BB306a89aEd9F6B07e2c1a8d9a,720,168,0.0,2452.76,2674.54,649138148.1588731,312.97780130282143,1.1492149374772846,6.561227694185545,4.521029370994301,1.9519500864745964,-3.7981915674989652,20.449527777131312,100.0,0,4,0.09530898861927886
Uniswap v3 5bp,Uniswap v3,reviewed_model,20.0,24,168,50.0,80.32967252821612,71.25558810889633,5.298562528394624,Uniswap v3 5bp,0x69BfaF19C9f377BB306a89aEd9F6B07e2c1a8d9a,720,168,50.0,2452.76,2674.54,649138148.1588731,155.57500026105947,1.074202483716407,4.965509625073383,4.521029370994301,0.4252543787159002,-4.057551611503863,20.482925052816714,100.0,0,4,0.09530898861927886
Uniswap v3 5bp,Uniswap v3,reviewed_model,20.0,24,168,25.0,64.47486022031723,71.25558810889633,-3.959419931025665,Uniswap v3 5bp,0x69BfaF19C9f377BB306a89aEd9F6B07e2c1a8d9a,720,168,75.0,2452.76,2674.54,649138148.1588731,77.55995533860238,1.0370003566974912,4.17454322414903,4.521029370994301,-0.33149898056917815,-4.187283737276926,20.501921475354504,100.0,0,4,0.09530898861927886
Uniswap v3 5bp,Uniswap v3,reviewed_model,30.0,4,24,100.0,102.27391030129107,71.25558810889633,18.11229784377688,Uniswap v3 5bp,0x69BfaF19C9f377BB306a89aEd9F6B07e2c1a8d9a,720,168,0.0,2452.76,2674.54,649138148.1588731,221.1135731774037,1.105443389046303,5.960925459424837,4.521029370994301,1.3776137654745835,-4.131806899495061,21.331037812274083,100.0,0,4,0.06756430748937166
Uniswap v3 5bp,Uniswap v3,reviewed_model,30.0,4,24,50.0,77.58867367324672,71.25558810889633,3.6980314828171323,Uniswap v3 5bp,0x69BfaF19C9f377BB306a89aEd9F6B07e2c1a8d9a,720,168,50.0,2452.76,2674.54,649138148.1588731,110.09870565656901,1.0525186195480312,4.833451523204024,4.521029370994301,0.2989084149762844,-4.31568767691084,21.354040707263845,100.0,0,4,0.06756430748937166
Uniswap v3 5bp,Uniswap v3,reviewed_model,30.0,4,24,25.0,66.37946043555812,71.25558810889633,-2.8472809133896715,Uniswap v3 5bp,0x69BfaF19C9f377BB306a89aEd9F6B07e2c1a8d9a,720,168,75.0,2452.76,2674.54,649138148.1588731,54.93516361005762,1.0262086696081874,4.273170561822526,4.521029370994301,-0.237137742197302,-4.407654131596894,21.36665943337388,100.0,0,4,0.06756430748937166
Uniswap v3 5bp,Uniswap v3,reviewed_model,30.0,4,72,100.0,102.27391030129107,71.25558810889633,18.11229784377688,Uniswap v3 5bp,0x69BfaF19C9f377BB306a89aEd9F6B07e2c1a8d9a,720,168,0.0,2452.76,2674.54,649138148.1588731,221.1135731774037,1.105443389046303,5.960925459424837,4.521029370994301,1.3776137654745835,-4.131806899495061,21.331037812274083,100.0,0,4,0.06756430748937166
Uniswap v3 5bp,Uniswap v3,reviewed_model,30.0,4,72,50.0,77.58867367324672,71.25558810889633,3.6980314828171323,Uniswap v3 5bp,0x69BfaF19C9f377BB306a89aEd9F6B07e2c1a8d9a,720,168,50.0,2452.76,2674.54,649138148.1588731,110.09870565656901,1.0525186195480312,4.833451523204024,4.521029370994301,0.2989084149762844,-4.31568767691084,21.354040707263845,100.0,0,4,0.06756430748937166
Uniswap v3 5bp,Uniswap v3,reviewed_model,30.0,4,72,25.0,66.37946043555812,71.25558810889633,-2.8472809133896715,Uniswap v3 5bp,0x69BfaF19C9f377BB306a89aEd9F6B07e2c1a8d9a,720,168,75.0,2452.76,2674.54,649138148.1588731,54.93516361005762,1.0262086696081874,4.273170561822526,4.521029370994301,-0.237137742197302,-4.407654131596894,21.36665943337388,100.0,0,4,0.06756430748937166
Uniswap v3 5bp,Uniswap v3,reviewed_model,30.0,4,168,100.0,102.27391030129107,71.25558810889633,18.11229784377688,Uniswap v3 5bp,0x69BfaF19C9f377BB306a89aEd9F6B07e2c1a8d9a,720,168,0.0,2452.76,2674.54,649138148.1588731,221.1135731774037,1.105443389046303,5.960925459424837,4.521029370994301,1.3776137654745835,-4.131806899495061,21.331037812274083,100.0,0,4,0.06756430748937166
Uniswap v3 5bp,Uniswap v3,reviewed_model,30.0,4,168,50.0,77.58867367324672,71.25558810889633,3.6980314828171323,Uniswap v3 5bp,0x69BfaF19C9f377BB306a89aEd9F6B07e2c1a8d9a,720,168,50.0,2452.76,2674.54,649138148.1588731,110.09870565656901,1.0525186195480312,4.833451523204024,4.521029370994301,0.2989084149762844,-4.31568767691084,21.354040707263845,100.0,0,4,0.06756430748937166
Uniswap v3 5bp,Uniswap v3,reviewed_model,30.0,4,168,25.0,66.37946043555812,71.25558810889633,-2.8472809133896715,Uniswap v3 5bp,0x69BfaF19C9f377BB306a89aEd9F6B07e2c1a8d9a,720,168,75.0,2452.76,2674.54,649138148.1588731,54.93516361005762,1.0262086696081874,4.273170561822526,4.521029370994301,-0.237137742197302,-4.407654131596894,21.36665943337388,100.0,0,4,0.06756430748937166
Uniswap v3 5bp,Uniswap v3,reviewed_model,30.0,12,24,100.0,102.27391030129107,71.25558810889633,18.11229784377688,Uniswap v3 5bp,0x69BfaF19C9f377BB306a89aEd9F6B07e2c1a8d9a,720,168,0.0,2452.76,2674.54,649138148.1588731,221.1135731774037,1.105443389046303,5.960925459424837,4.521029370994301,1.3776137654745835,-4.131806899495061,21.331037812274083,100.0,0,4,0.06756430748937166
Uniswap v3 5bp,Uniswap v3,reviewed_model,30.0,12,24,50.0,77.58867367324672,71.25558810889633,3.6980314828171323,Uniswap v3 5bp,0x69BfaF19C9f377BB306a89aEd9F6B07e2c1a8d9a,720,168,50.0,2452.76,2674.54,649138148.1588731,110.09870565656901,1.0525186195480312,4.833451523204024,4.521029370994301,0.2989084149762844,-4.31568767691084,21.354040707263845,100.0,0,4,0.06756430748937166
Uniswap v3 5bp,Uniswap v3,reviewed_model,30.0,12,24,25.0,66.37946043555812,71.25558810889633,-2.8472809133896715,Uniswap v3 5bp,0x69BfaF19C9f377BB306a89aEd9F6B07e2c1a8d9a,720,168,75.0,2452.76,2674.54,649138148.1588731,54.93516361005762,1.0262086696081874,4.273170561822526,4.521029370994301,-0.237137742197302,-4.407654131596894,21.36665943337388,100.0,0,4,0.06756430748937166
Uniswap v3 5bp,Uniswap v3,reviewed_model,30.0,12,72,100.0,102.27391030129107,71.25558810889633,18.11229784377688,Uniswap v3 5bp,0x69BfaF19C9f377BB306a89aEd9F6B07e2c1a8d9a,720,168,0.0,2452.76,2674.54,649138148.1588731,221.1135731774037,1.105443389046303,5.960925459424837,4.521029370994301,1.3776137654745835,-4.131806899495061,21.331037812274083,100.0,0,4,0.06756430748937166
Uniswap v3 5bp,Uniswap v3,reviewed_model,30.0,12,72,50.0,77.58867367324672,71.25558810889633,3.6980314828171323,Uniswap v3 5bp,0x69BfaF19C9f377BB306a89aEd9F6B07e2c1a8d9a,720,168,50.0,2452.76,2674.54,649138148.1588731,110.09870565656901,1.0525186195480312,4.833451523204024,4.521029370994301,0.2989084149762844,-4.31568767691084,21.354040707263845,100.0,0,4,0.06756430748937166
Uniswap v3 5bp,Uniswap v3,reviewed_model,30.0,12,72,25.0,66.37946043555812,71.25558810889633,-2.8472809133896715,Uniswap v3 5bp,0x69BfaF19C9f377BB306a89aEd9F6B07e2c1a8d9a,720,168,75.0,2452.76,2674.54,649138148.1588731,54.93516361005762,1.0262086696081874,4.273170561822526,4.521029370994301,-0.237137742197302,-4.407654131596894,21.36665943337388,100.0,0,4,0.06756430748937166
Uniswap v3 5bp,Uniswap v3,reviewed_model,30.0,12,168,100.0,102.27391030129107,71.25558810889633,18.11229784377688,Uniswap v3 5bp,0x69BfaF19C9f377BB306a89aEd9F6B07e2c1a8d9a,720,168,0.0,2452.76,2674.54,649138148.1588731,221.1135731774037,1.105443389046303,5.960925459424837,4.521029370994301,1.3776137654745835,-4.131806899495061,21.331037812274083,100.0,0,4,0.06756430748937166
Uniswap v3 5bp,Uniswap v3,reviewed_model,30.0,12,168,50.0,77.58867367324672,71.25558810889633,3.6980314828171323,Uniswap v3 5bp,0x69BfaF19C9f377BB306a89aEd9F6B07e2c1a8d9a,720,168,50.0,2452.76,2674.54,649138148.1588731,110.09870565656901,1.0525186195480312,4.833451523204024,4.521029370994301,0.2989084149762844,-4.31568767691084,21.354040707263845,100.0,0,4,0.06756430748937166
Uniswap v3 5bp,Uniswap v3,reviewed_model,30.0,12,168,25.0,66.37946043555812,71.25558810889633,-2.8472809133896715,Uniswap v3 5bp,0x69BfaF19C9f377BB306a89aEd9F6B07e2c1a8d9a,720,168,75.0,2452.76,2674.54,649138148.1588731,54.93516361005762,1.0262086696081874,4.273170561822526,4.521029370994301,-0.237137742197302,-4.407654131596894,21.36665943337388,100.0,0,4,0.06756430748937166
Uniswap v3 5bp,Uniswap v3,reviewed_model,30.0,24,24,100.0,102.27391030129107,71.25558810889633,18.11229784377688,Uniswap v3 5bp,0x69BfaF19C9f377BB306a89aEd9F6B07e2c1a8d9a,720,168,0.0,2452.76,2674.54,649138148.1588731,221.1135731774037,1.105443389046303,5.960925459424837,4.521029370994301,1.3776137654745835,-4.131806899495061,21.331037812274083,100.0,0,4,0.06756430748937166
Uniswap v3 5bp,Uniswap v3,reviewed_model,30.0,24,24,50.0,77.58867367324672,71.25558810889633,3.6980314828171323,Uniswap v3 5bp,0x69BfaF19C9f377BB306a89aEd9F6B07e2c1a8d9a,720,168,50.0,2452.76,2674.54,649138148.1588731,110.09870565656901,1.0525186195480312,4.833451523204024,4.521029370994301,0.2989084149762844,-4.31568767691084,21.354040707263845,100.0,0,4,0.06756430748937166
Uniswap v3 5bp,Uniswap v3,reviewed_model,30.0,24,24,25.0,66.37946043555812,71.25558810889633,-2.8472809133896715,Uniswap v3 5bp,0x69BfaF19C9f377BB306a89aEd9F6B07e2c1a8d9a,720,168,75.0,2452.76,2674.54,649138148.1588731,54.93516361005762,1.0262086696081874,4.273170561822526,4.521029370994301,-0.237137742197302,-4.407654131596894,21.36665943337388,100.0,0,4,0.06756430748937166
Uniswap v3 5bp,Uniswap v3,reviewed_model,30.0,24,72,100.0,102.27391030129107,71.25558810889633,18.11229784377688,Uniswap v3 5bp,0x69BfaF19C9f377BB306a89aEd9F6B07e2c1a8d9a,720,168,0.0,2452.76,2674.54,649138148.1588731,221.1135731774037,1.105443389046303,5.960925459424837,4.521029370994301,1.3776137654745835,-4.131806899495061,21.331037812274083,100.0,0,4,0.06756430748937166
Uniswap v3 5bp,Uniswap v3,reviewed_model,30.0,24,72,50.0,77.58867367324672,71.25558810889633,3.6980314828171323,Uniswap v3 5bp,0x69BfaF19C9f377BB306a89aEd9F6B07e2c1a8d9a,720,168,50.0,2452.76,2674.54,649138148.1588731,110.09870565656901,1.0525186195480312,4.833451523204024,4.521029370994301,0.2989084149762844,-4.31568767691084,21.354040707263845,100.0,0,4,0.06756430748937166
Uniswap v3 5bp,Uniswap v3,reviewed_model,30.0,24,72,25.0,66.37946043555812,71.25558810889633,-2.8472809133896715,Uniswap v3 5bp,0x69BfaF19C9f377BB306a89aEd9F6B07e2c1a8d9a,720,168,75.0,2452.76,2674.54,649138148.1588731,54.93516361005762,1.0262086696081874,4.273170561822526,4.521029370994301,-0.237137742197302,-4.407654131596894,21.36665943337388,100.0,0,4,0.06756430748937166
Uniswap v3 5bp,Uniswap v3,reviewed_model,30.0,24,168,100.0,102.27391030129107,71.25558810889633,18.11229784377688,Uniswap v3 5bp,0x69BfaF19C9f377BB306a89aEd9F6B07e2c1a8d9a,720,168,0.0,2452.76,2674.54,649138148.1588731,221.1135731774037,1.105443389046303,5.960925459424837,4.521029370994301,1.3776137654745835,-4.131806899495061,21.331037812274083,100.0,0,4,0.06756430748937166
Uniswap v3 5bp,Uniswap v3,reviewed_model,30.0,24,168,50.0,77.58867367324672,71.25558810889633,3.6980314828171323,Uniswap v3 5bp,0x69BfaF19C9f377BB306a89aEd9F6B07e2c1a8d9a,720,168,50.0,2452.76,2674.54,649138148.1588731,110.09870565656901,1.0525186195480312,4.833451523204024,4.521029370994301,0.2989084149762844,-4.31568767691084,21.354040707263845,100.0,0,4,0.06756430748937166
Uniswap v3 5bp,Uniswap v3,reviewed_model,30.0,24,168,25.0,66.37946043555812,71.25558810889633,-2.8472809133896715,Uniswap v3 5bp,0x69BfaF19C9f377BB306a89aEd9F6B07e2c1a8d9a,720,168,75.0,2452.76,2674.54,649138148.1588731,54.93516361005762,1.0262086696081874,4.273170561822526,4.521029370994301,-0.237137742197302,-4.407654131596894,21.36665943337388,100.0,0,4,0.06756430748937166
Ramses v3 1bp,Ramses v3,unverified_adapter,2.5,4,24,100.0,27551.97305783409,71.07402753045393,16063.747038054347,Ramses v3 1bp,0xfae65eaa11943f45e83d5b45dc7a7c801c51bfb0,720,168,0.0,2453.17,2674.54,692425746.0087636,7143.017617495414,204.26567996559754,58.74125829180776,4.511917233620144,51.88818892008873,-3.746030170966763,29.857930912579683,92.77777777777779,15,4,9.7816559725564
Ramses v3 1bp,Ramses v3,unverified_adapter,2.5,4,24,50.0,853.0326386267637,71.07402753045393,457.087859790469,Ramses v3 1bp,0xfae65eaa11943f45e83d5b45dc7a7c801c51bfb0,720,168,50.0,2453.17,2674.54,692425746.0087636,3165.07207547416,177.09337409015203,20.35790277127989,4.511917233620144,15.161893453967078,-4.233955461688643,24.193469846910716,92.77777777777779,15,4,9.7816559725564
Ramses v3 1bp,Ramses v3,unverified_adapter,2.5,4,24,25.0,65.55396009606842,71.07402753045393,-3.226712736042392,Ramses v3 1bp,0xfae65eaa11943f45e83d5b45dc7a7c801c51bfb0,720,168,75.0,2453.17,2674.54,692425746.0087636,1488.5939339307965,165.01532207695652,4.2305509622095006,4.511917233620144,-0.2692193185794389,-4.578215579663992,22.612489283889406,92.77777777777779,15,4,9.7816559725564
Ramses v3 1bp,Ramses v3,unverified_adapter,2.5,4,72,100.0,2719.549681924281,71.07402753045393,1548.1459650105876,Ramses v3 1bp,0xfae65eaa11943f45e83d5b45dc7a7c801c51bfb0,720,168,0.0,2453.17,2674.54,692425746.0087636,3722.091053134385,99.63691033215756,31.580901116455816,4.511917233620144,25.90038016652891,-4.764416597347476,29.917111299420835,61.52777777777778,8,4,9.7816559725564
Ramses v3 1bp,Ramses v3,unverified_adapter,2.5,4,72,50.0,303.0942260827195,71.07402753045393,135.62561301771035,Ramses v3 1bp,0xfae65eaa11943f45e83d5b45dc7a7c801c51bfb0,720,168,50.0,2453.17,2674.54,692425746.0087636,1747.9114201285126,91.63445296838856,12.139714147590986,4.511917233620144,7.298494866303207,-5.181336221118682,26.05935593780872,61.52777777777778,8,4,9.7816559725564
Ramses v3 1bp,Ramses v3,unverified_adapter,2.5,4,72,25.0,47.89992438602422,71.07402753045393,-13.546242804334863,Ramses v3 1bp,0xfae65eaa11943f45e83d5b45dc7a7c801c51bfb0,720,168,75.0,2453.17,2674.54,692425746.0087636,846.6727773727939,87.87077081321581,3.2689993059805467,4.511917233620144,-1.1892595223004676,-5.395007192545687,24.903308748650453,61.52777777777778,8,4,9.7816559725564
Ramses v3 1bp,Ramses v3,unverified_adapter,2.5,4,168,100.0,4499.7487220964895,71.07402753045393,2588.747548939103,Ramses v3 1bp,0xfae65eaa11943f45e83d5b45dc7a7c801c51bfb0,720,168,0.0,2453.17,2674.54,692425746.0087636,3783.7426908654943,53.65938044530357,36.98186579314346,4.511917233620144,31.068178078622168,-3.1978498051285498,28.301660998878496,58.75,4,3,9.7816559725564
Ramses v3 1bp,Ramses v3,unverified_adapter,2.5,4,168,50.0,580.9927297708788,71.07402753045393,298.0690345585339,Ramses v3 1bp,0xfae65eaa11943f45e83d5b45dc7a7c801c51bfb0,720,168,50.0,2453.17,2674.54,692425746.0087636,1792.5849990547845,48.40572062218355,17.07858467133112,4.511917233620144,12.024147839159948,-3.4184095617896038,23.307615509147592,58.75,4,3,9.7816559725564
Ramses v3 1bp,Ramses v3,unverified_adapter,2.5,4,168,25.0,151.5723354342125,71.07402753045393,47.05466344938218,Ramses v3 1bp,0xfae65eaa11943f45e83d5b45dc7a7c801c51bfb0,720,168,75.0,2453.17,2674.54,692425746.0087636,871.9488586257065,45.926181640520646,7.8775800759000925,4.511917233620144,3.2203627407930258,-3.8714416587233402,21.85809394389259,58.75,4,3,9.7816559725564
Ramses v3 1bp,Ramses v3,unverified_adapter,2.5,12,24,100.0,17735.762148039266,71.07402753045393,10325.756852462131,Ramses v3 1bp,0xfae65eaa11943f45e83d5b45dc7a7c801c51bfb0,720,168,0.0,2453.17,2674.54,692425746.0087636,6363.697763736992,141.00489439687124,53.1220277411451,4.511917233620144,46.511547959516044,-3.3601619543279337,28.64497763095247,84.58333333333333,10,4,9.7816559725564
Ramses v3 1bp,Ramses v3,unverified_adapter,2.5,12,24,50.0,777.3217738667887,71.07402753045393,412.83165921291703,Ramses v3 1bp,0xfae65eaa11943f45e83d5b45dc7a7c801c51bfb0,720,168,50.0,2453.17,2674.54,692425746.0087636,2874.890746344346,121.06122971571057,19.541832842802243,4.511917233620144,14.381054340037668,-3.731265338414269,22.943944317667068,84.58333333333333,10,4,9.7816559725564
Ramses v3 1bp,Ramses v3,unverified_adapter,2.5,12,24,25.0,81.79763975502263,71.07402753045393,6.268404607858713,Ramses v3 1bp,0xfae65eaa11943f45e83d5b45dc7a7c801c51bfb0,720,168,75.0,2453.17,2674.54,692425746.0087636,1365.0541427202897,112.08772161370628,5.035478867318233,4.511917233620144,0.5009587878172184,-4.028905523088067,21.15633947829633,84.58333333333333,10,4,9.7816559725564
Ramses v3 1bp,Ramses v3,unverified_adapter,2.5,12,72,100.0,19373.55624928125,71.07402753045393,11283.116730454383,Ramses v3 1bp,0xfae65eaa11943f45e83d5b45dc7a7c801c51bfb0,720,168,0.0,2453.17,2674.54,692425746.0087636,6100.778788005712,98.22590272260082,54.23167805731703,4.511917233620144,47.57329320880803,-3.944207227926011,30.35591440160914,84.44444444444444,7,4,9.7816559725564
Ramses v3 1bp,Ramses v3,unverified_adapter,2.5,12,72,50.0,991.4889826094421,71.07402753045393,538.0214450818011,Ramses v3 1bp,0xfae65eaa11943f45e83d5b45dc7a7c801c51bfb0,720,168,50.0,2453.17,2674.54,692425746.0087636,2771.0214595246102,85.4392307787713,21.70730881204768,4.511917233620144,16.453043857180315,-4.433888647540607,24.268068105794818,84.44444444444444,7,4,9.7816559725564
Ramses v3 1bp,Ramses v3,unverified_adapter,2.5,12,72,25.0,142.2178881952886,71.07402753045393,41.58659364710975,Ramses v3 1bp,0xfae65eaa11943f45e83d5b45dc7a7c801c51bfb0,720,168,75.0,2453.17,2674.54,692425746.0087636,1319.2659689252714,79.61131806885453,7.5421198308712745,4.511917233620144,2.8993847567426956,-4.6947205188499375,22.306717491774002,84.44444444444444,7,4,9.7816559725564
Ramses v3 1bp,Ramses v3,unverified_adapter,2.5,12,168,100.0,2539.3686363329775,71.07402753045393,1442.8225280211652,Ramses v3 1bp,0xfae65eaa11943f45e83d5b45dc7a7c801c51bfb0,720,168,0.0,2453.17,2674.54,692425746.0087636,3409.245686650063,50.74558881015669,30.86864948609762,4.511917233620144,25.2188773779368,-1.9648708994250308,23.100246925731494,52.361111111111114,4,3,9.7816559725564
Ramses v3 1bp,Ramses v3,unverified_adapter,2.5,12,168,50.0,345.441362454699,71.07402753045393,160.37930414387606,Ramses v3 1bp,0xfae65eaa11943f45e83d5b45dc7a7c801c51bfb0,720,168,50.0,2453.17,2674.54,692425746.0087636,1623.0495044205325,46.64068882462495,13.06423536639918,4.511917233620144,8.18310328540013,-2.4337182286075287,15.405031732444085,52.361111111111114,4,3,9.7816559725564
Ramses v3 1bp,Ramses v3,unverified_adapter,2.5,12,168,25.0,76.43891328737344,71.07402753045393,3.136002486388101,Ramses v3 1bp,0xfae65eaa11943f45e83d5b45dc7a7c801c51bfb0,720,168,75.0,2453.17,2674.54,692425746.0087636,791.4908083516046,44.66936499972501,4.777499716835609,4.511917233620144,0.25411693732666496,-2.7626275935175526,13.360750090717154,52.361111111111114,4,3,9.7816559725564
Ramses v3 1bp,Ramses v3,unverified_adapter,2.5,24,24,100.0,14197.80221222662,71.07402753045393,8257.669728493047,Ramses v3 1bp,0xfae65eaa11943f45e83d5b45dc7a7c801c51bfb0,720,168,0.0,2453.17,2674.54,692425746.0087636,5746.079976909778,82.23151571805413,50.36453676804917,4.511917233620144,43.87310150662782,-4.604534203598732,31.374635363758063,79.72222222222223,6,4,9.7816559725564
Ramses v3 1bp,Ramses v3,unverified_adapter,2.5,24,24,50.0,812.0566509156067,71.07402753045393,433.1356630118773,Ramses v3 1bp,0xfae65eaa11943f45e83d5b45dc7a7c801c51bfb0,720,168,50.0,2453.17,2674.54,692425746.0087636,2623.419648549438,72.4816461215461,19.923943899318065,4.511917233620144,14.746669158548432,-5.11193770057532,25.23503108299263,79.72222222222223,6,4,9.7816559725564
Ramses v3 1bp,Ramses v3,unverified_adapter,2.5,24,24,25.0,117.04098214989043,71.07402753045393,26.86962789325442,Ramses v3 1bp,0xfae65eaa11943f45e83d5b45dc7a7c801c51bfb0,720,168,75.0,2453.17,2674.54,692425746.0087636,1252.346926295403,67.98907724603609,6.576380153602557,4.511917233620144,1.975337334370808,-5.382323328520878,23.05304210568836,79.72222222222223,6,4,9.7816559725564
Ramses v3 1bp,Ramses v3,unverified_adapter,2.5,24,72,100.0,9884.692949903589,71.07402753045393,5736.475059386877,Ramses v3 1bp,0xfae65eaa11943f45e83d5b45dc7a7c801c51bfb0,720,168,0.0,2453.17,2674.54,692425746.0087636,5288.578264439474,84.42570173885392,45.99194030634541,4.511917233620144,39.68927579809212,-3.6032930760134696,28.624173978063617,72.36111111111111,6,4,9.7816559725564
Ramses v3 1bp,Ramses v3,unverified_adapter,2.5,24,72,50.0,668.8360351302401,71.07402753045393,349.41715947698395,Ramses v3 1bp,0xfae65eaa11943f45e83d5b45dc7a7c801c51bfb0,720,168,50.0,2453.17,2674.54,692425746.0087636,2436.662625333904,73.42419788636215,18.251933863182956,4.511917233620144,13.146841999701465,-3.758790514254229,22.822816658924967,72.36111111111111,6,4,9.7816559725564
Ramses v3 1bp,Ramses v3,unverified_adapter,2.5,24,72,25.0,101.55462090840994,71.07402753045393,17.817195174486677,Ramses v3 1bp,0xfae65eaa11943f45e83d5b45dc7a7c801c51bfb0,720,168,75.0,2453.17,2674.54,692425746.0087636,1168.5416228332936,68.37800478149165,5.92990503995614,4.511917233620144,1.3567714035580325,-4.011360384163931,20.87387365065302,72.36111111111111,6,4,9.7816559725564
Ramses v3 1bp,Ramses v3,unverified_adapter,2.5,24,168,100.0,7060.0948631066285,71.07402753045393,4085.3780883436593,Ramses v3 1bp,0xfae65eaa11943f45e83d5b45dc7a7c801c51bfb0,720,168,0.0,2453.17,2674.54,692425746.0087636,4191.280207523485,39.5383143241665,42.05583508378285,4.511917233620144,35.92309742652515,-2.4580901588068804,24.950358708700733,60.138888888888886,3,3,9.7816559725564
Ramses v3 1bp,Ramses v3,unverified_adapter,2.5,24,168,50.0,783.6099484089332,71.07402753045393,416.50736301957636,Ramses v3 1bp,0xfae65eaa11943f45e83d5b45dc7a7c801c51bfb0,720,168,50.0,2453.17,2674.54,692425746.0087636,1967.0536329596735,35.98962852620154,19.61202517718319,4.511917233620144,14.44821637881648,-2.9067057308556743,19.13072246784299,60.138888888888886,3,3,9.7816559725564
Ramses v3 1bp,Ramses v3,unverified_adapter,2.5,24,168,25.0,197.29775005193747,71.07402753045393,73.78310100229137,Ramses v3 1bp,0xfae65eaa11943f45e83d5b45dc7a7c801c51bfb0,720,168,75.0,2453.17,2674.54,692425746.0087636,952.2655790328253,34.29983802543592,9.36855196739197,4.511917233620144,4.646967410343783,-3.1406681987232066,17.60512969538121,60.138888888888886,3,3,9.7816559725564
Ramses v3 1bp,Ramses v3,unverified_adapter,5.0,4,24,100.0,4019.29977881571,71.07402753045393,2307.9048341118923,Ramses v3 1bp,0xfae65eaa11943f45e83d5b45dc7a7c801c51bfb0,720,168,0.0,2453.17,2674.54,692425746.0087636,3934.8606743442833,95.08816158043508,35.74542789720929,4.511917233620144,29.8851188365165,-2.4597278831071767,25.49761917017786,97.91666666666666,7,4,5.231481974882104
Ramses v3 1bp,Ramses v3,unverified_adapter,5.0,4,24,50.0,458.8284216648409,71.07402753045393,226.6588328642463,Ramses v3 1bp,0xfae65eaa11943f45e83d5b45dc7a7c801c51bfb0,720,168,50.0,2453.17,2674.54,692425746.0087636,1843.3021583950513,84.57098457214079,15.191424651922492,4.511917233620144,10.218459005426105,-2.8979318548442268,22.134499232713477,97.91666666666666,7,4,5.231481974882104
Ramses v3 1bp,Ramses v3,unverified_adapter,5.0,4,24,25.0,99.7348508514041,71.07402753045393,16.753462658642192,Ramses v3 1bp,0xfae65eaa11943f45e83d5b45dc7a7c801c51bfb0,720,168,75.0,2453.17,2674.54,692425746.0087636,891.9051803831139,79.63118507391073,5.850968727912531,4.511917233620144,1.2812428761584504,-3.748293931606106,20.90608361716308,97.91666666666666,7,4,5.231481974882104
Ramses v3 1bp,Ramses v3,unverified_adapter,5.0,4,72,100.0,4843.324909592746,71.07402753045393,2789.5823527114594,Ramses v3 1bp,0xfae65eaa11943f45e83d5b45dc7a7c801c51bfb0,720,168,0.0,2453.17,2674.54,692425746.0087636,3980.757222882522,70.21918940845549,37.79531476507736,4.511917233620144,31.84650938615674,-3.998386322873271,28.09960077350695,99.02777777777779,5,4,5.231481974882104
Ramses v3 1bp,Ramses v3,unverified_adapter,5.0,4,72,50.0,570.0430505434,71.07402753045393,291.6684842321385,Ramses v3 1bp,0xfae65eaa11943f45e83d5b45dc7a7c801c51bfb0,720,168,50.0,2453.17,2674.54,692425746.0087636,1863.792356021534,62.02619322725994,16.922704587304406,4.511917233620144,11.874997303840363,-4.429837851465579,25.384974639044376,99.02777777777779,5,4,5.231481974882104
Ramses v3 1bp,Ramses v3,unverified_adapter,5.0,4,72,25.0,139.38118801170268,71.07402753045393,39.928422488965445,Ramses v3 1bp,0xfae65eaa11943f45e83d5b45dc7a7c801c51bfb0,720,168,75.0,2453.17,2674.54,692425746.0087636,901.5619218780341,58.20177984856292,7.438041682950636,4.511917233620144,2.79979979966265,-4.740385605563313,24.41934662465644,99.02777777777779,5,4,5.231481974882104
Ramses v3 1bp,Ramses v3,unverified_adapter,5.0,4,168,100.0,4950.407810416063,71.07402753045393,2852.176834392351,Ramses v3 1bp,0xfae65eaa11943f45e83d5b45dc7a7c801c51bfb0,720,168,0.0,2453.17,2674.54,692425746.0087636,3684.3722368367094,29.188194800238044,38.03824658490134,4.511917233620144,32.07895351908843,-5.491677087440494,34.25126632753297,91.94444444444444,2,4,5.231481974882104
Ramses v3 1bp,Ramses v3,unverified_adapter,5.0,4,168,50.0,694.3696551694318,71.07402753045393,364.3426396376979,Ramses v3 1bp,0xfae65eaa11943f45e83d5b45dc7a7c801c51bfb0,720,168,50.0,2453.17,2674.54,692425746.0087636,1738.1964692033778,25.905848297024033,18.569902852778085,4.511917233620144,13.451083848871992,-5.79146700538713,31.77027428952643,91.94444444444444,2,4,5.231481974882104
Ramses v3 1bp,Ramses v3,unverified_adapter,5.0,4,168,25.0,205.75662435422277,71.07402753045393,78.72767056927627,Ramses v3 1bp,0xfae65eaa11943f45e83d5b45dc7a7c801c51bfb0,720,168,75.0,2453.17,2674.54,692425746.0087636,843.9579561292345,24.35398363130418,9.621037356371964,4.511917233620144,4.888552672257629,-5.946148804220986,30.951302172997263,91.94444444444444,2,4,5.231481974882104
Ramses v3 1bp,Ramses v3,unverified_adapter,5.0,12,24,100.0,5070.021680120059,71.07402753045393,2922.09619703944,Ramses v3 1bp,0xfae65eaa11943f45e83d5b45dc7a7c801c51bfb0,720,168,0.0,2453.17,2674.54,692425746.0087636,3946.994287057704,45.14739408850333,38.30407897024703,4.511917233620144,32.33330956994096,-3.1773878883364137,23.46392945390922,97.08333333333333,3,4,5.231481974882104
Ramses v3 1bp,Ramses v3,unverified_adapter,5.0,12,24,50.0,625.2667319596983,71.07402753045393,323.9490601988597,Ramses v3 1bp,0xfae65eaa11943f45e83d5b45dc7a7c801c51bfb0,720,168,50.0,2453.17,2674.54,692425746.0087636,1855.2003904804446,39.06193093563539,17.686282106414097,4.511917233620144,12.605610174909243,-3.494749055453328,20.455146393333496,97.08333333333333,3,4,5.231481974882104
Ramses v3 1bp,Ramses v3,unverified_adapter,5.0,12,24,25.0,162.64858569810534,71.07402753045393,53.52919989643053,Ramses v3 1bp,0xfae65eaa11943f45e83d5b45dc7a7c801c51bfb0,720,168,75.0,2453.17,2674.54,692425746.0087636,899.049237910674,36.23511321015818,8.260289361795593,4.511917233620144,3.5865499623325636,-3.657128368174778,19.45556186444472,97.08333333333333,3,4,5.231481974882104
Ramses v3 1bp,Ramses v3,unverified_adapter,5.0,12,72,100.0,5628.784813669253,71.07402753045393,3248.716866240509,Ramses v3 1bp,0xfae65eaa11943f45e83d5b45dc7a7c801c51bfb0,720,168,0.0,2453.17,2674.54,692425746.0087636,3948.4568505000584,30.61045813560494,39.47561609048975,4.511917233620144,33.45426988839337,-2.767657700268289,23.24831319753472,97.22222222222221,2,4,5.231481974882104
Ramses v3 1bp,Ramses v3,unverified_adapter,5.0,12,72,50.0,704.3798832943837,71.07402753045393,370.1940410862131,Ramses v3 1bp,0xfae65eaa11943f45e83d5b45dc7a7c801c51bfb0,720,168,50.0,2453.17,2674.54,692425746.0087636,1855.8688410246928,26.563251007660533,18.69200564333875,4.511917233620144,13.567915301009359,-3.095065752246906,20.23458608939172,97.22222222222221,2,4,5.231481974882104
Ramses v3 1bp,Ramses v3,unverified_adapter,5.0,12,72,25.0,191.4305736806516,71.07402753045393,70.35348842112899,Ramses v3 1bp,0xfae65eaa11943f45e83d5b45dc7a7c801c51bfb0,720,168,75.0,2453.17,2674.54,692425746.0087636,899.3675325966913,24.66944456542011,9.189522820847639,4.511917233620144,4.475667188050347,-3.262548298796897,19.238904713299053,97.22222222222221,2,4,5.231481974882104
Ramses v3 1bp,Ramses v3,unverified_adapter,5.0,12,168,100.0,6577.322856916546,71.07402753045393,3803.1774450553994,Ramses v3 1bp,0xfae65eaa11943f45e83d5b45dc7a7c801c51bfb0,720,168,0.0,2453.17,2674.54,692425746.0087636,3903.629417700019,16.295150241711468,41.24312525298155,4.511917233620144,35.14547335042615,-1.9833838170722262,22.204986428473987,96.38888888888889,1,4,5.231481974882104
Ramses v3 1bp,Ramses v3,unverified_adapter,5.0,12,168,50.0,859.9359426945206,71.07402753045393,461.1231328049701,Ramses v3 1bp,0xfae65eaa11943f45e83d5b45dc7a7c801c51bfb0,720,168,50.0,2453.17,2674.54,692425746.0087636,1838.4306858801253,13.990998673087143,20.429321623963716,4.511917233620144,15.23022906063687,-2.2229445656273716,19.19437115254973,96.38888888888889,1,4,5.231481974882104
Ramses v3 1bp,Ramses v3,unverified_adapter,5.0,12,168,25.0,251.5069156676188,71.07402753045393,105.47064960228676,Ramses v3 1bp,0xfae65eaa11943f45e83d5b45dc7a7c801c51bfb0,720,168,75.0,2453.17,2674.54,692425746.0087636,891.7616490218714,12.909190499030341,10.884611015898948,4.511917233620144,6.097576191271692,-2.524262723745274,18.259391305454244,96.38888888888889,1,4,5.231481974882104
Ramses v3 1bp,Ramses v3,unverified_adapter,5.0,24,24,100.0,5410.149097951094,71.07402753045393,3120.915049170858,Ramses v3 1bp,0xfae65eaa11943f45e83d5b45dc7a7c801c51bfb0,720,168,0.0,2453.17,2674.54,692425746.0087636,3862.6756282972065,30.55909174925649,39.03025409137793,4.511917233620144,33.028134753855284,-2.123211573396888,23.827059978367775,95.69444444444444,2,4,5.231481974882104
Ramses v3 1bp,Ramses v3,unverified_adapter,5.0,24,24,50.0,703.997859152407,71.07402753045393,369.97073182794037,Ramses v3 1bp,0xfae65eaa11943f45e83d5b45dc7a7c801c51bfb0,720,168,50.0,2453.17,2674.54,692425746.0087636,1819.1991038523322,26.53797248721077,18.687371450105374,4.511917233620144,13.56348117200663,-2.4300364156011556,20.55802730873361,95.69444444444444,2,4,5.231481974882104
Ramses v3 1bp,Ramses v3,unverified_adapter,5.0,24,24,25.0,196.98480717746745,71.07402753045393,73.60017266478349,Ramses v3 1bp,0xfae65eaa11943f45e83d5b45dc7a7c801c51bfb0,720,168,75.0,2453.17,2674.54,692425746.0087636,882.4726373385291,24.654667443532908,9.359085146176604,4.511917233620144,4.6379092842793845,-2.589904410080246,19.437752765874926,95.69444444444444,2,4,5.231481974882104
Ramses v3 1bp,Ramses v3,unverified_adapter,5.0,24,72,100.0,5410.149097951094,71.07402753045393,3120.915049170858,Ramses v3 1bp,0xfae65eaa11943f45e83d5b45dc7a7c801c51bfb0,720,168,0.0,2453.17,2674.54,692425746.0087636,3862.6756282972065,30.55909174925649,39.03025409137793,4.511917233620144,33.028134753855284,-2.123211573396888,23.827059978367775,95.69444444444444,2,4,5.231481974882104
Ramses v3 1bp,Ramses v3,unverified_adapter,5.0,24,72,50.0,703.997859152407,71.07402753045393,369.97073182794037,Ramses v3 1bp,0xfae65eaa11943f45e83d5b45dc7a7c801c51bfb0,720,168,50.0,2453.17,2674.54,692425746.0087636,1819.1991038523322,26.53797248721077,18.687371450105374,4.511917233620144,13.56348117200663,-2.4300364156011556,20.55802730873361,95.69444444444444,2,4,5.231481974882104
Ramses v3 1bp,Ramses v3,unverified_adapter,5.0,24,72,25.0,196.98480717746745,71.07402753045393,73.60017266478349,Ramses v3 1bp,0xfae65eaa11943f45e83d5b45dc7a7c801c51bfb0,720,168,75.0,2453.17,2674.54,692425746.0087636,882.4726373385291,24.654667443532908,9.359085146176604,4.511917233620144,4.6379092842793845,-2.589904410080246,19.437752765874926,95.69444444444444,2,4,5.231481974882104
Ramses v3 1bp,Ramses v3,unverified_adapter,5.0,24,168,100.0,6157.518290190147,71.07402753045393,3557.783931623517,Ramses v3 1bp,0xfae65eaa11943f45e83d5b45dc7a7c801c51bfb0,720,168,0.0,2453.17,2674.54,692425746.0087636,3856.0399537989992,16.2716037770821,40.49131901966978,4.511917233620144,34.42612358323047,-1.9833838170722262,22.968059541837,95.69444444444444,1,4,5.231481974882104
Ramses v3 1bp,Ramses v3,unverified_adapter,5.0,24,168,50.0,817.9463053840676,71.07402753045393,436.5784149909362,Ramses v3 1bp,0xfae65eaa11943f45e83d5b45dc7a7c801c51bfb0,720,168,50.0,2453.17,2674.54,692425746.0087636,1818.2700647648196,13.980998209335645,19.9874066220066,4.511917233620144,14.807392111842521,-2.2229445656273716,19.75529927992163,95.69444444444444,1,4,5.231481974882104
Ramses v3 1bp,Ramses v3,unverified_adapter,5.0,24,168,25.0,239.50722694012563,71.07402753045393,98.45632434162897,Ramses v3 1bp,0xfae65eaa11943f45e83d5b45dc7a7c801c51bfb0,720,168,75.0,2453.17,2674.54,692425746.0087636,882.520446924805,12.90460050189874,10.56850221292176,4.511917233620144,5.795114222010733,-2.524262723745274,18.70383089656774,95.69444444444444,1,4,5.231481974882104
Ramses v3 1bp,Ramses v3,unverified_adapter,7.5,4,24,100.0,2242.900283228829,71.07402753045393,1269.5242445915724,Ramses v3 1bp,0xfae65eaa11943f45e83d5b45dc7a7c801c51bfb0,720,168,0.0,2453.17,2674.54,692425746.0087636,2697.9309034766193,14.976227991478686,29.593286723695034,4.511917233620144,23.998573707158567,-2.322853186117646,21.867147877347232,99.72222222222223,1,4,3.6107789586543446
Ramses v3 1bp,Ramses v3,unverified_adapter,7.5,4,24,50.0,470.4390949206786,71.07402753045393,233.4457621389256,Ramses v3 1bp,0xfae65eaa11943f45e83d5b45dc7a7c801c51bfb0,720,168,50.0,2453.17,2674.54,692425746.0087636,1290.5847424094086,13.407789869556186,15.386284104327942,4.511917233620144,10.404906118409274,-2.6423606927647114,19.96148570402239,99.72222222222223,1,4,3.6107789586543446
Ramses v3 1bp,Ramses v3,unverified_adapter,7.5,4,24,25.0,176.7265722475261,71.07402753045393,61.75837807890754,Ramses v3 1bp,0xfae65eaa11943f45e83d5b45dc7a7c801c51bfb0,720,168,75.0,2453.17,2674.54,692425746.0087636,631.0777114631169,12.659120153932616,8.725884073634171,4.511917233620144,4.032044336718421,-2.871901210155259,19.28967378464739,99.72222222222223,1,4,3.6107789586543446
Ramses v3 1bp,Ramses v3,unverified_adapter,7.5,4,72,100.0,2242.900283228829,71.07402753045393,1269.5242445915724,Ramses v3 1bp,0xfae65eaa11943f45e83d5b45dc7a7c801c51bfb0,720,168,0.0,2453.17,2674.54,692425746.0087636,2697.9309034766193,14.976227991478686,29.593286723695034,4.511917233620144,23.998573707158567,-2.322853186117646,21.867147877347232,99.72222222222223,1,4,3.6107789586543446
Ramses v3 1bp,Ramses v3,unverified_adapter,7.5,4,72,50.0,470.4390949206786,71.07402753045393,233.4457621389256,Ramses v3 1bp,0xfae65eaa11943f45e83d5b45dc7a7c801c51bfb0,720,168,50.0,2453.17,2674.54,692425746.0087636,1290.5847424094086,13.407789869556186,15.386284104327942,4.511917233620144,10.404906118409274,-2.6423606927647114,19.96148570402239,99.72222222222223,1,4,3.6107789586543446
Ramses v3 1bp,Ramses v3,unverified_adapter,7.5,4,72,25.0,176.7265722475261,71.07402753045393,61.75837807890754,Ramses v3 1bp,0xfae65eaa11943f45e83d5b45dc7a7c801c51bfb0,720,168,75.0,2453.17,2674.54,692425746.0087636,631.0777114631169,12.659120153932616,8.725884073634171,4.511917233620144,4.032044336718421,-2.871901210155259,19.28967378464739,99.72222222222223,1,4,3.6107789586543446
Ramses v3 1bp,Ramses v3,unverified_adapter,7.5,4,168,100.0,2242.900283228829,71.07402753045393,1269.5242445915724,Ramses v3 1bp,0xfae65eaa11943f45e83d5b45dc7a7c801c51bfb0,720,168,0.0,2453.17,2674.54,692425746.0087636,2697.9309034766193,14.976227991478686,29.593286723695034,4.511917233620144,23.998573707158567,-2.322853186117646,21.867147877347232,99.72222222222223,1,4,3.6107789586543446
Ramses v3 1bp,Ramses v3,unverified_adapter,7.5,4,168,50.0,470.4390949206786,71.07402753045393,233.4457621389256,Ramses v3 1bp,0xfae65eaa11943f45e83d5b45dc7a7c801c51bfb0,720,168,50.0,2453.17,2674.54,692425746.0087636,1290.5847424094086,13.407789869556186,15.386284104327942,4.511917233620144,10.404906118409274,-2.6423606927647114,19.96148570402239,99.72222222222223,1,4,3.6107789586543446
Ramses v3 1bp,Ramses v3,unverified_adapter,7.5,4,168,25.0,176.7265722475261,71.07402753045393,61.75837807890754,Ramses v3 1bp,0xfae65eaa11943f45e83d5b45dc7a7c801c51bfb0,720,168,75.0,2453.17,2674.54,692425746.0087636,631.0777114631169,12.659120153932616,8.725884073634171,4.511917233620144,4.032044336718421,-2.871901210155259,19.28967378464739,99.72222222222223,1,4,3.6107789586543446
Ramses v3 1bp,Ramses v3,unverified_adapter,7.5,12,24,100.0,2309.6387820356063,71.07402753045393,1308.535718028063,Ramses v3 1bp,0xfae65eaa11943f45e83d5b45dc7a7c801c51bfb0,720,168,0.0,2453.17,2674.54,692425746.0087636,2699.013690884526,14.994805967190569,29.892803786462263,4.511917233620144,24.285160223505507,-2.322853186117646,21.775326799084045,99.72222222222223,1,4,3.6107789586543446
Ramses v3 1bp,Ramses v3,unverified_adapter,7.5,12,24,50.0,487.0415902919085,71.07402753045393,243.15062243297228,Ramses v3 1bp,0xfae65eaa11943f45e83d5b45dc7a7c801c51bfb0,720,168,50.0,2453.17,2674.54,692425746.0087636,1291.455346124468,13.416025195225986,15.658688501513884,4.511917233620144,10.665550458687733,-2.6423606927647114,20.004533957959296,99.72222222222223,1,4,3.6107789586543446
Ramses v3 1bp,Ramses v3,unverified_adapter,7.5,12,24,25.0,184.7838982054634,71.07402753045393,66.46822566608883,Ramses v3 1bp,0xfae65eaa11943f45e83d5b45dc7a7c801c51bfb0,720,168,75.0,2453.17,2674.54,692425746.0087636,631.5845456439099,12.662497242812057,8.982667246971454,4.511917233620144,4.277741841973515,-2.871901210155259,19.408215632325724,99.72222222222223,1,4,3.6107789586543446
Ramses v3 1bp,Ramses v3,unverified_adapter,7.5,12,72,100.0,2309.6387820356063,71.07402753045393,1308.535718028063,Ramses v3 1bp,0xfae65eaa11943f45e83d5b45dc7a7c801c51bfb0,720,168,0.0,2453.17,2674.54,692425746.0087636,2699.013690884526,14.994805967190569,29.892803786462263,4.511917233620144,24.285160223505507,-2.322853186117646,21.775326799084045,99.72222222222223,1,4,3.6107789586543446
Ramses v3 1bp,Ramses v3,unverified_adapter,7.5,12,72,50.0,487.0415902919085,71.07402753045393,243.15062243297228,Ramses v3 1bp,0xfae65eaa11943f45e83d5b45dc7a7c801c51bfb0,720,168,50.0,2453.17,2674.54,692425746.0087636,1291.455346124468,13.416025195225986,15.658688501513884,4.511917233620144,10.665550458687733,-2.6423606927647114,20.004533957959296,99.72222222222223,1,4,3.6107789586543446
Ramses v3 1bp,Ramses v3,unverified_adapter,7.5,12,72,25.0,184.7838982054634,71.07402753045393,66.46822566608883,Ramses v3 1bp,0xfae65eaa11943f45e83d5b45dc7a7c801c51bfb0,720,168,75.0,2453.17,2674.54,692425746.0087636,631.5845456439099,12.662497242812057,8.982667246971454,4.511917233620144,4.277741841973515,-2.871901210155259,19.408215632325724,99.72222222222223,1,4,3.6107789586543446
Ramses v3 1bp,Ramses v3,unverified_adapter,7.5,12,168,100.0,2309.6387820356063,71.07402753045393,1308.535718028063,Ramses v3 1bp,0xfae65eaa11943f45e83d5b45dc7a7c801c51bfb0,720,168,0.0,2453.17,2674.54,692425746.0087636,2699.013690884526,14.994805967190569,29.892803786462263,4.511917233620144,24.285160223505507,-2.322853186117646,21.775326799084045,99.72222222222223,1,4,3.6107789586543446
Ramses v3 1bp,Ramses v3,unverified_adapter,7.5,12,168,50.0,487.0415902919085,71.07402753045393,243.15062243297228,Ramses v3 1bp,0xfae65eaa11943f45e83d5b45dc7a7c801c51bfb0,720,168,50.0,2453.17,2674.54,692425746.0087636,1291.455346124468,13.416025195225986,15.658688501513884,4.511917233620144,10.665550458687733,-2.6423606927647114,20.004533957959296,99.72222222222223,1,4,3.6107789586543446
Ramses v3 1bp,Ramses v3,unverified_adapter,7.5,12,168,25.0,184.7838982054634,71.07402753045393,66.46822566608883,Ramses v3 1bp,0xfae65eaa11943f45e83d5b45dc7a7c801c51bfb0,720,168,75.0,2453.17,2674.54,692425746.0087636,631.5845456439099,12.662497242812057,8.982667246971454,4.511917233620144,4.277741841973515,-2.871901210155259,19.408215632325724,99.72222222222223,1,4,3.6107789586543446
Ramses v3 1bp,Ramses v3,unverified_adapter,7.5,24,24,100.0,2168.3688850164035,71.07402753045393,1225.9574920644188,Ramses v3 1bp,0xfae65eaa11943f45e83d5b45dc7a7c801c51bfb0,720,168,0.0,2453.17,2674.54,692425746.0087636,2670.40647242575,14.992695351642503,29.249395854789295,4.511917233620144,23.669529060377247,-2.322853186117646,22.331349240866402,98.75,1,4,3.6107789586543446
Ramses v3 1bp,Ramses v3,unverified_adapter,7.5,24,24,50.0,459.78343062605626,71.07402753045393,227.21707596812456,Ramses v3 1bp,0xfae65eaa11943f45e83d5b45dc7a7c801c51bfb0,720,168,50.0,2453.17,2674.54,692425746.0087636,1278.8314060652615,13.416101632483533,15.207591938861032,4.511917233620144,10.233928329275944,-2.6423606927647114,20.498507169455873,98.75,1,4,3.6107789586543446
Ramses v3 1bp,Ramses v3,unverified_adapter,7.5,24,24,25.0,173.28543713025462,71.07402753045393,59.7468891539396,Ramses v3 1bp,0xfae65eaa11943f45e83d5b45dc7a7c801c51bfb0,720,168,75.0,2453.17,2674.54,692425746.0087636,625.6668302957296,12.663282250643503,8.61411973761288,4.511917233620144,3.92510501440988,-2.871901210155259,19.861328340291436,98.75,1,4,3.6107789586543446
Ramses v3 1bp,Ramses v3,unverified_adapter,7.5,24,72,100.0,2168.3688850164035,71.07402753045393,1225.9574920644188,Ramses v3 1bp,0xfae65eaa11943f45e83d5b45dc7a7c801c51bfb0,720,168,0.0,2453.17,2674.54,692425746.0087636,2670.40647242575,14.992695351642503,29.249395854789295,4.511917233620144,23.669529060377247,-2.322853186117646,22.331349240866402,98.75,1,4,3.6107789586543446
Ramses v3 1bp,Ramses v3,unverified_adapter,7.5,24,72,50.0,459.78343062605626,71.07402753045393,227.21707596812456,Ramses v3 1bp,0xfae65eaa11943f45e83d5b45dc7a7c801c51bfb0,720,168,50.0,2453.17,2674.54,692425746.0087636,1278.8314060652615,13.416101632483533,15.207591938861032,4.511917233620144,10.233928329275944,-2.6423606927647114,20.498507169455873,98.75,1,4,3.6107789586543446
Ramses v3 1bp,Ramses v3,unverified_adapter,7.5,24,72,25.0,173.28543713025462,71.07402753045393,59.7468891539396,Ramses v3 1bp,0xfae65eaa11943f45e83d5b45dc7a7c801c51bfb0,720,168,75.0,2453.17,2674.54,692425746.0087636,625.6668302957296,12.663282250643503,8.61411973761288,4.511917233620144,3.92510501440988,-2.871901210155259,19.861328340291436,98.75,1,4,3.6107789586543446
Ramses v3 1bp,Ramses v3,unverified_adapter,7.5,24,168,100.0,2168.3688850164035,71.07402753045393,1225.9574920644188,Ramses v3 1bp,0xfae65eaa11943f45e83d5b45dc7a7c801c51bfb0,720,168,0.0,2453.17,2674.54,692425746.0087636,2670.40647242575,14.992695351642503,29.249395854789295,4.511917233620144,23.669529060377247,-2.322853186117646,22.331349240866402,98.75,1,4,3.6107789586543446
Ramses v3 1bp,Ramses v3,unverified_adapter,7.5,24,168,50.0,459.78343062605626,71.07402753045393,227.21707596812456,Ramses v3 1bp,0xfae65eaa11943f45e83d5b45dc7a7c801c51bfb0,720,168,50.0,2453.17,2674.54,692425746.0087636,1278.8314060652615,13.416101632483533,15.207591938861032,4.511917233620144,10.233928329275944,-2.6423606927647114,20.498507169455873,98.75,1,4,3.6107789586543446
Ramses v3 1bp,Ramses v3,unverified_adapter,7.5,24,168,25.0,173.28543713025462,71.07402753045393,59.7468891539396,Ramses v3 1bp,0xfae65eaa11943f45e83d5b45dc7a7c801c51bfb0,720,168,75.0,2453.17,2674.54,692425746.0087636,625.6668302957296,12.663282250643503,8.61411973761288,4.511917233620144,3.92510501440988,-2.871901210155259,19.861328340291436,98.75,1,4,3.6107789586543446
Ramses v3 1bp,Ramses v3,unverified_adapter,10.0,4,24,100.0,1218.5750892829572,71.07402753045437,670.7628728435853,Ramses v3 1bp,0xfae65eaa11943f45e83d5b45dc7a7c801c51bfb0,720,168,0.0,2453.17,2674.54,692425746.0087636,2055.4127953015045,14.346281661521177,23.612791404007538,4.511917233620166,18.27626425385569,-2.591257816951309,22.291499904338664,100.0,1,4,2.779284271356631
Ramses v3 1bp,Ramses v3,unverified_adapter,10.0,4,24,50.0,335.8868377003979,71.07402753045437,154.79428057704524,Ramses v3 1bp,0xfae65eaa11943f45e83d5b45dc7a7c801c51bfb0,720,168,50.0,2453.17,2674.54,692425746.0087636,992.9730066566532,13.13413744643888,12.862916192156204,4.511917233620166,7.990475325286273,-2.869123179076427,21.046609551496882,100.0,1,4,2.779284271356631
Ramses v3 1bp,Ramses v3,unverified_adapter,10.0,4,24,25.0,148.01215423361657,71.07402753045437,44.973587056904684,Ramses v3 1bp,0xfae65eaa11943f45e83d5b45dc7a7c801c51bfb0,720,168,75.0,2453.17,2674.54,692425746.0087636,487.9816076529357,12.549951379595118,7.7512793826878035,4.511917233620166,3.0995146149950914,-3.0469322360624607,20.597635921428335,100.0,1,4,2.779284271356631
Ramses v3 1bp,Ramses v3,unverified_adapter,10.0,4,72,100.0,1218.5750892829572,71.07402753045437,670.7628728435853,Ramses v3 1bp,0xfae65eaa11943f45e83d5b45dc7a7c801c51bfb0,720,168,0.0,2453.17,2674.54,692425746.0087636,2055.4127953015045,14.346281661521177,23.612791404007538,4.511917233620166,18.27626425385569,-2.591257816951309,22.291499904338664,100.0,1,4,2.779284271356631
Ramses v3 1bp,Ramses v3,unverified_adapter,10.0,4,72,50.0,335.8868377003979,71.07402753045437,154.79428057704524,Ramses v3 1bp,0xfae65eaa11943f45e83d5b45dc7a7c801c51bfb0,720,168,50.0,2453.17,2674.54,692425746.0087636,992.9730066566532,13.13413744643888,12.862916192156204,4.511917233620166,7.990475325286273,-2.869123179076427,21.046609551496882,100.0,1,4,2.779284271356631
Ramses v3 1bp,Ramses v3,unverified_adapter,10.0,4,72,25.0,148.01215423361657,71.07402753045437,44.973587056904684,Ramses v3 1bp,0xfae65eaa11943f45e83d5b45dc7a7c801c51bfb0,720,168,75.0,2453.17,2674.54,692425746.0087636,487.9816076529357,12.549951379595118,7.7512793826878035,4.511917233620166,3.0995146149950914,-3.0469322360624607,20.597635921428335,100.0,1,4,2.779284271356631
Ramses v3 1bp,Ramses v3,unverified_adapter,10.0,4,168,100.0,1218.5750892829572,71.07402753045437,670.7628728435853,Ramses v3 1bp,0xfae65eaa11943f45e83d5b45dc7a7c801c51bfb0,720,168,0.0,2453.17,2674.54,692425746.0087636,2055.4127953015045,14.346281661521177,23.612791404007538,4.511917233620166,18.27626425385569,-2.591257816951309,22.291499904338664,100.0,1,4,2.779284271356631
Ramses v3 1bp,Ramses v3,unverified_adapter,10.0,4,168,50.0,335.8868377003979,71.07402753045437,154.79428057704524,Ramses v3 1bp,0xfae65eaa11943f45e83d5b45dc7a7c801c51bfb0,720,168,50.0,2453.17,2674.54,692425746.0087636,992.9730066566532,13.13413744643888,12.862916192156204,4.511917233620166,7.990475325286273,-2.869123179076427,21.046609551496882,100.0,1,4,2.779284271356631
Ramses v3 1bp,Ramses v3,unverified_adapter,10.0,4,168,25.0,148.01215423361657,71.07402753045437,44.973587056904684,Ramses v3 1bp,0xfae65eaa11943f45e83d5b45dc7a7c801c51bfb0,720,168,75.0,2453.17,2674.54,692425746.0087636,487.9816076529357,12.549951379595118,7.7512793826878035,4.511917233620166,3.0995146149950914,-3.0469322360624607,20.597635921428335,100.0,1,4,2.779284271356631
Ramses v3 1bp,Ramses v3,unverified_adapter,10.0,12,24,100.0,1218.8401008586081,71.07402753045437,670.9177833109877,Ramses v3 1bp,0xfae65eaa11943f45e83d5b45dc7a7c801c51bfb0,720,168,0.0,2453.17,2674.54,692425746.0087636,2054.842410664712,14.357291686684276,23.614833197093766,4.511917233620166,18.278217900042915,-2.591257816951309,22.28045970290794,100.0,1,4,2.779284271356631
Ramses v3 1bp,Ramses v3,unverified_adapter,10.0,12,24,50.0,336.2147041584677,71.07402753045437,154.9859323799534,Ramses v3 1bp,0xfae65eaa11943f45e83d5b45dc7a7c801c51bfb0,720,168,50.0,2453.17,2674.54,692425746.0087636,992.9283768258915,13.13934738492616,12.869891333754735,4.511917233620166,7.997149340827425,-2.869123179076427,21.0354421062266,100.0,1,4,2.779284271356631
Ramses v3 1bp,Ramses v3,unverified_adapter,10.0,12,24,25.0,148.22430155303965,71.07402753045437,45.09759613209019,Ramses v3 1bp,0xfae65eaa11943f45e83d5b45dc7a7c801c51bfb0,720,168,75.0,2453.17,2674.54,692425746.0087636,488.0139816411119,12.552380200096021,7.7588519822227475,4.511917233620166,3.106760295425981,-3.0469322360624607,20.586737347515008,100.0,1,4,2.779284271356631
Ramses v3 1bp,Ramses v3,unverified_adapter,10.0,12,72,100.0,1218.8401008586081,71.07402753045437,670.9177833109877,Ramses v3 1bp,0xfae65eaa11943f45e83d5b45dc7a7c801c51bfb0,720,168,0.0,2453.17,2674.54,692425746.0087636,2054.842410664712,14.357291686684276,23.614833197093766,4.511917233620166,18.278217900042915,-2.591257816951309,22.28045970290794,100.0,1,4,2.779284271356631
Ramses v3 1bp,Ramses v3,unverified_adapter,10.0,12,72,50.0,336.2147041584677,71.07402753045437,154.9859323799534,Ramses v3 1bp,0xfae65eaa11943f45e83d5b45dc7a7c801c51bfb0,720,168,50.0,2453.17,2674.54,692425746.0087636,992.9283768258915,13.13934738492616,12.869891333754735,4.511917233620166,7.997149340827425,-2.869123179076427,21.0354421062266,100.0,1,4,2.779284271356631
Ramses v3 1bp,Ramses v3,unverified_adapter,10.0,12,72,25.0,148.22430155303965,71.07402753045437,45.09759613209019,Ramses v3 1bp,0xfae65eaa11943f45e83d5b45dc7a7c801c51bfb0,720,168,75.0,2453.17,2674.54,692425746.0087636,488.0139816411119,12.552380200096021,7.7588519822227475,4.511917233620166,3.106760295425981,-3.0469322360624607,20.586737347515008,100.0,1,4,2.779284271356631
Ramses v3 1bp,Ramses v3,unverified_adapter,10.0,12,168,100.0,1218.8401008586081,71.07402753045437,670.9177833109877,Ramses v3 1bp,0xfae65eaa11943f45e83d5b45dc7a7c801c51bfb0,720,168,0.0,2453.17,2674.54,692425746.0087636,2054.842410664712,14.357291686684276,23.614833197093766,4.511917233620166,18.278217900042915,-2.591257816951309,22.28045970290794,100.0,1,4,2.779284271356631
Ramses v3 1bp,Ramses v3,unverified_adapter,10.0,12,168,50.0,336.2147041584677,71.07402753045437,154.9859323799534,Ramses v3 1bp,0xfae65eaa11943f45e83d5b45dc7a7c801c51bfb0,720,168,50.0,2453.17,2674.54,692425746.0087636,992.9283768258915,13.13934738492616,12.869891333754735,4.511917233620166,7.997149340827425,-2.869123179076427,21.0354421062266,100.0,1,4,2.779284271356631
Ramses v3 1bp,Ramses v3,unverified_adapter,10.0,12,168,25.0,148.22430155303965,71.07402753045437,45.09759613209019,Ramses v3 1bp,0xfae65eaa11943f45e83d5b45dc7a7c801c51bfb0,720,168,75.0,2453.17,2674.54,692425746.0087636,488.0139816411119,12.552380200096021,7.7588519822227475,4.511917233620166,3.106760295425981,-3.0469322360624607,20.586737347515008,100.0,1,4,2.779284271356631
Ramses v3 1bp,Ramses v3,unverified_adapter,10.0,24,24,100.0,775.5631323172574,71.07402753045437,411.803658893452,Ramses v3 1bp,0xfae65eaa11943f45e83d5b45dc7a7c801c51bfb0,720,168,0.0,2453.17,2674.54,692425746.0087636,1956.8237809976602,14.636357406164134,19.522119214766633,4.511917233620166,14.36219177531064,-2.8066464775475475,21.14242130246233,98.05555555555556,1,4,2.779284271356631
Ramses v3 1bp,Ramses v3,unverified_adapter,10.0,24,24,50.0,202.58038679434608,71.07402753045437,76.87102546321991,Ramses v3 1bp,0xfae65eaa11943f45e83d5b45dc7a7c801c51bfb0,720,168,50.0,2453.17,2674.54,692425746.0087636,947.0277126639166,13.279022499063531,9.526991727122503,4.511917233620166,4.798567116792918,-2.985039178109028,20.176253904944677,98.05555555555556,1,4,2.779284271356631
Ramses v3 1bp,Ramses v3,unverified_adapter,10.0,24,24,25.0,76.14308411162793,71.07402753045437,2.963077829141003,Ramses v3 1bp,0xfae65eaa11943f45e83d5b45dc7a7c801c51bfb0,720,168,75.0,2453.17,2674.54,692425746.0087636,465.82098435943897,12.62733233426107,4.763049397690566,4.511917233620166,0.240290457507375,-3.0750232660265664,19.861659312236387,98.05555555555556,1,4,2.779284271356631
Ramses v3 1bp,Ramses v3,unverified_adapter,10.0,24,72,100.0,775.5631323172574,71.07402753045437,411.803658893452,Ramses v3 1bp,0xfae65eaa11943f45e83d5b45dc7a7c801c51bfb0,720,168,0.0,2453.17,2674.54,692425746.0087636,1956.8237809976602,14.636357406164134,19.522119214766633,4.511917233620166,14.36219177531064,-2.8066464775475475,21.14242130246233,98.05555555555556,1,4,2.779284271356631
Ramses v3 1bp,Ramses v3,unverified_adapter,10.0,24,72,50.0,202.58038679434608,71.07402753045437,76.87102546321991,Ramses v3 1bp,0xfae65eaa11943f45e83d5b45dc7a7c801c51bfb0,720,168,50.0,2453.17,2674.54,692425746.0087636,947.0277126639166,13.279022499063531,9.526991727122503,4.511917233620166,4.798567116792918,-2.985039178109028,20.176253904944677,98.05555555555556,1,4,2.779284271356631
Ramses v3 1bp,Ramses v3,unverified_adapter,10.0,24,72,25.0,76.14308411162793,71.07402753045437,2.963077829141003,Ramses v3 1bp,0xfae65eaa11943f45e83d5b45dc7a7c801c51bfb0,720,168,75.0,2453.17,2674.54,692425746.0087636,465.82098435943897,12.62733233426107,4.763049397690566,4.511917233620166,0.240290457507375,-3.0750232660265664,19.861659312236387,98.05555555555556,1,4,2.779284271356631
Ramses v3 1bp,Ramses v3,unverified_adapter,10.0,24,168,100.0,775.5631323172574,71.07402753045437,411.803658893452,Ramses v3 1bp,0xfae65eaa11943f45e83d5b45dc7a7c801c51bfb0,720,168,0.0,2453.17,2674.54,692425746.0087636,1956.8237809976602,14.636357406164134,19.522119214766633,4.511917233620166,14.36219177531064,-2.8066464775475475,21.14242130246233,98.05555555555556,1,4,2.779284271356631
Ramses v3 1bp,Ramses v3,unverified_adapter,10.0,24,168,50.0,202.58038679434608,71.07402753045437,76.87102546321991,Ramses v3 1bp,0xfae65eaa11943f45e83d5b45dc7a7c801c51bfb0,720,168,50.0,2453.17,2674.54,692425746.0087636,947.0277126639166,13.279022499063531,9.526991727122503,4.511917233620166,4.798567116792918,-2.985039178109028,20.176253904944677,98.05555555555556,1,4,2.779284271356631
Ramses v3 1bp,Ramses v3,unverified_adapter,10.0,24,168,25.0,76.14308411162793,71.07402753045437,2.963077829141003,Ramses v3 1bp,0xfae65eaa11943f45e83d5b45dc7a7c801c51bfb0,720,168,75.0,2453.17,2674.54,692425746.0087636,465.82098435943897,12.62733233426107,4.763049397690566,4.511917233620166,0.240290457507375,-3.0750232660265664,19.861659312236387,98.05555555555556,1,4,2.779284271356631
Ramses v3 1bp,Ramses v3,unverified_adapter,15.0,4,24,100.0,513.7909828829378,71.07402753045393,258.7867730381646,Ramses v3 1bp,0xfae65eaa11943f45e83d5b45dc7a7c801c51bfb0,720,168,0.0,2453.17,2674.54,692425746.0087636,1401.9511396411974,13.965446119428904,16.083049515344694,4.511917233620144,11.071591248162704,-2.867451985182412,21.71373913314993,100.0,1,4,1.9329763090959822
Ramses v3 1bp,Ramses v3,unverified_adapter,15.0,4,24,50.0,181.45278158823493,71.07402753045393,64.5210472046267,Ramses v3 1bp,0xfae65eaa11943f45e83d5b45dc7a7c801c51bfb0,720,168,50.0,2453.17,2674.54,692425746.0087636,683.9920359336846,13.010886741089488,8.8773249731118,4.511917233620144,4.176947332937586,-3.098419744355363,21.048865435787597,100.0,1,4,1.9329763090959822
Ramses v3 1bp,Ramses v3,unverified_adapter,15.0,4,24,25.0,89.66788506038918,71.07402753045393,10.868895646140508,Ramses v3 1bp,0xfae65eaa11943f45e83d5b45dc7a7c801c51bfb0,720,168,75.0,2453.17,2674.54,692425746.0087636,337.8175623436867,12.547754338469815,5.4019888174397845,4.511917233620144,0.8516460202619758,-3.5027352555979885,20.807223183341357,100.0,1,4,1.9329763090959822
Ramses v3 1bp,Ramses v3,unverified_adapter,15.0,4,72,100.0,513.7909828829378,71.07402753045393,258.7867730381646,Ramses v3 1bp,0xfae65eaa11943f45e83d5b45dc7a7c801c51bfb0,720,168,0.0,2453.17,2674.54,692425746.0087636,1401.9511396411974,13.965446119428904,16.083049515344694,4.511917233620144,11.071591248162704,-2.867451985182412,21.71373913314993,100.0,1,4,1.9329763090959822
Ramses v3 1bp,Ramses v3,unverified_adapter,15.0,4,72,50.0,181.45278158823493,71.07402753045393,64.5210472046267,Ramses v3 1bp,0xfae65eaa11943f45e83d5b45dc7a7c801c51bfb0,720,168,50.0,2453.17,2674.54,692425746.0087636,683.9920359336846,13.010886741089488,8.8773249731118,4.511917233620144,4.176947332937586,-3.098419744355363,21.048865435787597,100.0,1,4,1.9329763090959822
Ramses v3 1bp,Ramses v3,unverified_adapter,15.0,4,72,25.0,89.66788506038918,71.07402753045393,10.868895646140508,Ramses v3 1bp,0xfae65eaa11943f45e83d5b45dc7a7c801c51bfb0,720,168,75.0,2453.17,2674.54,692425746.0087636,337.8175623436867,12.547754338469815,5.4019888174397845,4.511917233620144,0.8516460202619758,-3.5027352555979885,20.807223183341357,100.0,1,4,1.9329763090959822
Ramses v3 1bp,Ramses v3,unverified_adapter,15.0,4,168,100.0,513.7909828829378,71.07402753045393,258.7867730381646,Ramses v3 1bp,0xfae65eaa11943f45e83d5b45dc7a7c801c51bfb0,720,168,0.0,2453.17,2674.54,692425746.0087636,1401.9511396411974,13.965446119428904,16.083049515344694,4.511917233620144,11.071591248162704,-2.867451985182412,21.71373913314993,100.0,1,4,1.9329763090959822
Ramses v3 1bp,Ramses v3,unverified_adapter,15.0,4,168,50.0,181.45278158823493,71.07402753045393,64.5210472046267,Ramses v3 1bp,0xfae65eaa11943f45e83d5b45dc7a7c801c51bfb0,720,168,50.0,2453.17,2674.54,692425746.0087636,683.9920359336846,13.010886741089488,8.8773249731118,4.511917233620144,4.176947332937586,-3.098419744355363,21.048865435787597,100.0,1,4,1.9329763090959822
Ramses v3 1bp,Ramses v3,unverified_adapter,15.0,4,168,25.0,89.66788506038918,71.07402753045393,10.868895646140508,Ramses v3 1bp,0xfae65eaa11943f45e83d5b45dc7a7c801c51bfb0,720,168,75.0,2453.17,2674.54,692425746.0087636,337.8175623436867,12.547754338469815,5.4019888174397845,4.511917233620144,0.8516460202619758,-3.5027352555979885,20.807223183341357,100.0,1,4,1.9329763090959822
Ramses v3 1bp,Ramses v3,unverified_adapter,15.0,12,24,100.0,461.38959855744775,71.07402753045393,228.1559490130728,Ramses v3 1bp,0xfae65eaa11943f45e83d5b45dc7a7c801c51bfb0,720,168,0.0,2453.17,2674.54,692425746.0087636,1401.6447549397828,13.992191639523256,15.234725651944835,4.511917233620144,10.2598906441985,-2.867451985182412,21.414277606194428,100.0,1,4,1.9329763090959822
Ramses v3 1bp,Ramses v3,unverified_adapter,15.0,12,24,50.0,157.3659497441163,71.07402753045393,50.441275896366335,Ramses v3 1bp,0xfae65eaa11943f45e83d5b45dc7a7c801c51bfb0,720,168,50.0,2453.17,2674.54,692425746.0087636,683.8361054192808,13.030163974150382,8.079648860230005,4.511917233620144,3.413707949338196,-3.098419744355363,20.800616731560744,100.0,1,4,1.9329763090959822
Ramses v3 1bp,Ramses v3,unverified_adapter,15.0,12,24,25.0,73.41802084840508,71.07402753045393,1.3701631695869354,Ramses v3 1bp,0xfae65eaa11943f45e83d5b45dc7a7c801c51bfb0,720,168,75.0,2453.17,2674.54,692425746.0087636,337.739059722771,12.563548986764376,4.628880900651922,4.511917233620144,0.11191419134559677,-3.5027352555979885,20.585919465494975,100.0,1,4,1.9329763090959822
Ramses v3 1bp,Ramses v3,unverified_adapter,15.0,12,72,100.0,461.38959855744775,71.07402753045393,228.1559490130728,Ramses v3 1bp,0xfae65eaa11943f45e83d5b45dc7a7c801c51bfb0,720,168,0.0,2453.17,2674.54,692425746.0087636,1401.6447549397828,13.992191639523256,15.234725651944835,4.511917233620144,10.2598906441985,-2.867451985182412,21.414277606194428,100.0,1,4,1.9329763090959822
Ramses v3 1bp,Ramses v3,unverified_adapter,15.0,12,72,50.0,157.3659497441163,71.07402753045393,50.441275896366335,Ramses v3 1bp,0xfae65eaa11943f45e83d5b45dc7a7c801c51bfb0,720,168,50.0,2453.17,2674.54,692425746.0087636,683.8361054192808,13.030163974150382,8.079648860230005,4.511917233620144,3.413707949338196,-3.098419744355363,20.800616731560744,100.0,1,4,1.9329763090959822
Ramses v3 1bp,Ramses v3,unverified_adapter,15.0,12,72,25.0,73.41802084840508,71.07402753045393,1.3701631695869354,Ramses v3 1bp,0xfae65eaa11943f45e83d5b45dc7a7c801c51bfb0,720,168,75.0,2453.17,2674.54,692425746.0087636,337.739059722771,12.563548986764376,4.628880900651922,4.511917233620144,0.11191419134559677,-3.5027352555979885,20.585919465494975,100.0,1,4,1.9329763090959822
Ramses v3 1bp,Ramses v3,unverified_adapter,15.0,12,168,100.0,461.38959855744775,71.07402753045393,228.1559490130728,Ramses v3 1bp,0xfae65eaa11943f45e83d5b45dc7a7c801c51bfb0,720,168,0.0,2453.17,2674.54,692425746.0087636,1401.6447549397828,13.992191639523256,15.234725651944835,4.511917233620144,10.2598906441985,-2.867451985182412,21.414277606194428,100.0,1,4,1.9329763090959822
Ramses v3 1bp,Ramses v3,unverified_adapter,15.0,12,168,50.0,157.3659497441163,71.07402753045393,50.441275896366335,Ramses v3 1bp,0xfae65eaa11943f45e83d5b45dc7a7c801c51bfb0,720,168,50.0,2453.17,2674.54,692425746.0087636,683.8361054192808,13.030163974150382,8.079648860230005,4.511917233620144,3.413707949338196,-3.098419744355363,20.800616731560744,100.0,1,4,1.9329763090959822
Ramses v3 1bp,Ramses v3,unverified_adapter,15.0,12,168,25.0,73.41802084840508,71.07402753045393,1.3701631695869354,Ramses v3 1bp,0xfae65eaa11943f45e83d5b45dc7a7c801c51bfb0,720,168,75.0,2453.17,2674.54,692425746.0087636,337.739059722771,12.563548986764376,4.628880900651922,4.511917233620144,0.11191419134559677,-3.5027352555979885,20.585919465494975,100.0,1,4,1.9329763090959822
Ramses v3 1bp,Ramses v3,unverified_adapter,15.0,24,24,100.0,508.35374470938393,71.07402753045393,255.6084775060826,Ramses v3 1bp,0xfae65eaa11943f45e83d5b45dc7a7c801c51bfb0,720,168,0.0,2453.17,2674.54,692425746.0087636,1402.6988065029952,13.986299235325614,15.99818483481279,4.511917233620144,10.990390287757211,-2.867451985182412,21.288416572938754,100.0,1,4,1.9329763090959822
Ramses v3 1bp,Ramses v3,unverified_adapter,15.0,24,24,50.0,178.89195930034546,71.07402753045393,63.024138337245475,Ramses v3 1bp,0xfae65eaa11943f45e83d5b45dc7a7c801c51bfb0,720,168,50.0,2453.17,2674.54,692425746.0087636,684.3373424989104,13.021751833853422,8.795561398466244,4.511917233620144,4.098713599589465,-3.098419744355363,20.675290960116126,100.0,1,4,1.9329763090959822
Ramses v3 1bp,Ramses v3,unverified_adapter,15.0,24,24,25.0,87.92059833273427,71.07402753045393,9.847532700006756,Ramses v3 1bp,0xfae65eaa11943f45e83d5b45dc7a7c801c51bfb0,720,168,75.0,2453.17,2674.54,692425746.0087636,337.9833713439604,12.553979267824415,5.321841210636635,4.511917233620144,0.7749584912943641,-3.5027352555979885,20.46175257183077,100.0,1,4,1.9329763090959822
Ramses v3 1bp,Ramses v3,unverified_adapter,15.0,24,72,100.0,508.35374470938393,71.07402753045393,255.6084775060826,Ramses v3 1bp,0xfae65eaa11943f45e83d5b45dc7a7c801c51bfb0,720,168,0.0,2453.17,2674.54,692425746.0087636,1402.6988065029952,13.986299235325614,15.99818483481279,4.511917233620144,10.990390287757211,-2.867451985182412,21.288416572938754,100.0,1,4,1.9329763090959822
Ramses v3 1bp,Ramses v3,unverified_adapter,15.0,24,72,50.0,178.89195930034546,71.07402753045393,63.024138337245475,Ramses v3 1bp,0xfae65eaa11943f45e83d5b45dc7a7c801c51bfb0,720,168,50.0,2453.17,2674.54,692425746.0087636,684.3373424989104,13.021751833853422,8.795561398466244,4.511917233620144,4.098713599589465,-3.098419744355363,20.675290960116126,100.0,1,4,1.9329763090959822
Ramses v3 1bp,Ramses v3,unverified_adapter,15.0,24,72,25.0,87.92059833273427,71.07402753045393,9.847532700006756,Ramses v3 1bp,0xfae65eaa11943f45e83d5b45dc7a7c801c51bfb0,720,168,75.0,2453.17,2674.54,692425746.0087636,337.9833713439604,12.553979267824415,5.321841210636635,4.511917233620144,0.7749584912943641,-3.5027352555979885,20.46175257183077,100.0,1,4,1.9329763090959822
Ramses v3 1bp,Ramses v3,unverified_adapter,15.0,24,168,100.0,508.35374470938393,71.07402753045393,255.6084775060826,Ramses v3 1bp,0xfae65eaa11943f45e83d5b45dc7a7c801c51bfb0,720,168,0.0,2453.17,2674.54,692425746.0087636,1402.6988065029952,13.986299235325614,15.99818483481279,4.511917233620144,10.990390287757211,-2.867451985182412,21.288416572938754,100.0,1,4,1.9329763090959822
Ramses v3 1bp,Ramses v3,unverified_adapter,15.0,24,168,50.0,178.89195930034546,71.07402753045393,63.024138337245475,Ramses v3 1bp,0xfae65eaa11943f45e83d5b45dc7a7c801c51bfb0,720,168,50.0,2453.17,2674.54,692425746.0087636,684.3373424989104,13.021751833853422,8.795561398466244,4.511917233620144,4.098713599589465,-3.098419744355363,20.675290960116126,100.0,1,4,1.9329763090959822
Ramses v3 1bp,Ramses v3,unverified_adapter,15.0,24,168,25.0,87.92059833273427,71.07402753045393,9.847532700006756,Ramses v3 1bp,0xfae65eaa11943f45e83d5b45dc7a7c801c51bfb0,720,168,75.0,2453.17,2674.54,692425746.0087636,337.9833713439604,12.553979267824415,5.321841210636635,4.511917233620144,0.7749584912943641,-3.5027352555979885,20.46175257183077,100.0,1,4,1.9329763090959822
Ramses v3 1bp,Ramses v3,unverified_adapter,20.0,4,24,100.0,411.6829593433775,71.07402753045393,199.10031740632817,Ramses v3 1bp,0xfae65eaa11943f45e83d5b45dc7a7c801c51bfb0,720,168,0.0,2453.17,2674.54,692425746.0087636,1081.3632890745914,1.5305163162719468,14.359974803704457,4.511917233620144,9.422903943165162,-3.02136713771165,21.11094595419117,100.0,0,4,1.5039455852897283
Ramses v3 1bp,Ramses v3,unverified_adapter,20.0,4,24,50.0,178.10755374217027,71.07402753045393,62.5656201334609,Ramses v3 1bp,0xfae65eaa11943f45e83d5b45dc7a7c801c51bfb0,720,168,50.0,2453.17,2674.54,692425746.0087636,530.5962593593115,1.260455738389803,8.770378516521049,4.511917233620144,4.074617895853705,-3.3562260913017505,20.712083828680253,100.0,0,4,1.5039455852897283
Ramses v3 1bp,Ramses v3,unverified_adapter,20.0,4,24,25.0,104.39654502515427,71.07402753045393,19.478419942365765,Ramses v3 1bp,0xfae65eaa11943f45e83d5b45dc7a7c801c51bfb0,720,168,75.0,2453.17,2674.54,692425746.0087636,262.80638266103847,1.1290405410941644,6.051880557005496,4.511917233620144,1.4734810767493611,-3.826106819265973,20.57123027242121,100.0,0,4,1.5039455852897283
Ramses v3 1bp,Ramses v3,unverified_adapter,20.0,4,72,100.0,411.6829593433775,71.07402753045393,199.10031740632817,Ramses v3 1bp,0xfae65eaa11943f45e83d5b45dc7a7c801c51bfb0,720,168,0.0,2453.17,2674.54,692425746.0087636,1081.3632890745914,1.5305163162719468,14.359974803704457,4.511917233620144,9.422903943165162,-3.02136713771165,21.11094595419117,100.0,0,4,1.5039455852897283
Ramses v3 1bp,Ramses v3,unverified_adapter,20.0,4,72,50.0,178.10755374217027,71.07402753045393,62.5656201334609,Ramses v3 1bp,0xfae65eaa11943f45e83d5b45dc7a7c801c51bfb0,720,168,50.0,2453.17,2674.54,692425746.0087636,530.5962593593115,1.260455738389803,8.770378516521049,4.511917233620144,4.074617895853705,-3.3562260913017505,20.712083828680253,100.0,0,4,1.5039455852897283
Ramses v3 1bp,Ramses v3,unverified_adapter,20.0,4,72,25.0,104.39654502515427,71.07402753045393,19.478419942365765,Ramses v3 1bp,0xfae65eaa11943f45e83d5b45dc7a7c801c51bfb0,720,168,75.0,2453.17,2674.54,692425746.0087636,262.80638266103847,1.1290405410941644,6.051880557005496,4.511917233620144,1.4734810767493611,-3.826106819265973,20.57123027242121,100.0,0,4,1.5039455852897283
Ramses v3 1bp,Ramses v3,unverified_adapter,20.0,4,168,100.0,411.6829593433775,71.07402753045393,199.10031740632817,Ramses v3 1bp,0xfae65eaa11943f45e83d5b45dc7a7c801c51bfb0,720,168,0.0,2453.17,2674.54,692425746.0087636,1081.3632890745914,1.5305163162719468,14.359974803704457,4.511917233620144,9.422903943165162,-3.02136713771165,21.11094595419117,100.0,0,4,1.5039455852897283
Ramses v3 1bp,Ramses v3,unverified_adapter,20.0,4,168,50.0,178.10755374217027,71.07402753045393,62.5656201334609,Ramses v3 1bp,0xfae65eaa11943f45e83d5b45dc7a7c801c51bfb0,720,168,50.0,2453.17,2674.54,692425746.0087636,530.5962593593115,1.260455738389803,8.770378516521049,4.511917233620144,4.074617895853705,-3.3562260913017505,20.712083828680253,100.0,0,4,1.5039455852897283
Ramses v3 1bp,Ramses v3,unverified_adapter,20.0,4,168,25.0,104.39654502515427,71.07402753045393,19.478419942365765,Ramses v3 1bp,0xfae65eaa11943f45e83d5b45dc7a7c801c51bfb0,720,168,75.0,2453.17,2674.54,692425746.0087636,262.80638266103847,1.1290405410941644,6.051880557005496,4.511917233620144,1.4734810767493611,-3.826106819265973,20.57123027242121,100.0,0,4,1.5039455852897283
Ramses v3 1bp,Ramses v3,unverified_adapter,20.0,12,24,100.0,411.6829593433775,71.07402753045393,199.10031740632817,Ramses v3 1bp,0xfae65eaa11943f45e83d5b45dc7a7c801c51bfb0,720,168,0.0,2453.17,2674.54,692425746.0087636,1081.3632890745914,1.5305163162719468,14.359974803704457,4.511917233620144,9.422903943165162,-3.02136713771165,21.11094595419117,100.0,0,4,1.5039455852897283
Ramses v3 1bp,Ramses v3,unverified_adapter,20.0,12,24,50.0,178.10755374217027,71.07402753045393,62.5656201334609,Ramses v3 1bp,0xfae65eaa11943f45e83d5b45dc7a7c801c51bfb0,720,168,50.0,2453.17,2674.54,692425746.0087636,530.5962593593115,1.260455738389803,8.770378516521049,4.511917233620144,4.074617895853705,-3.3562260913017505,20.712083828680253,100.0,0,4,1.5039455852897283
Ramses v3 1bp,Ramses v3,unverified_adapter,20.0,12,24,25.0,104.39654502515427,71.07402753045393,19.478419942365765,Ramses v3 1bp,0xfae65eaa11943f45e83d5b45dc7a7c801c51bfb0,720,168,75.0,2453.17,2674.54,692425746.0087636,262.80638266103847,1.1290405410941644,6.051880557005496,4.511917233620144,1.4734810767493611,-3.826106819265973,20.57123027242121,100.0,0,4,1.5039455852897283
Ramses v3 1bp,Ramses v3,unverified_adapter,20.0,12,72,100.0,411.6829593433775,71.07402753045393,199.10031740632817,Ramses v3 1bp,0xfae65eaa11943f45e83d5b45dc7a7c801c51bfb0,720,168,0.0,2453.17,2674.54,692425746.0087636,1081.3632890745914,1.5305163162719468,14.359974803704457,4.511917233620144,9.422903943165162,-3.02136713771165,21.11094595419117,100.0,0,4,1.5039455852897283
Ramses v3 1bp,Ramses v3,unverified_adapter,20.0,12,72,50.0,178.10755374217027,71.07402753045393,62.5656201334609,Ramses v3 1bp,0xfae65eaa11943f45e83d5b45dc7a7c801c51bfb0,720,168,50.0,2453.17,2674.54,692425746.0087636,530.5962593593115,1.260455738389803,8.770378516521049,4.511917233620144,4.074617895853705,-3.3562260913017505,20.712083828680253,100.0,0,4,1.5039455852897283
Ramses v3 1bp,Ramses v3,unverified_adapter,20.0,12,72,25.0,104.39654502515427,71.07402753045393,19.478419942365765,Ramses v3 1bp,0xfae65eaa11943f45e83d5b45dc7a7c801c51bfb0,720,168,75.0,2453.17,2674.54,692425746.0087636,262.80638266103847,1.1290405410941644,6.051880557005496,4.511917233620144,1.4734810767493611,-3.826106819265973,20.57123027242121,100.0,0,4,1.5039455852897283
Ramses v3 1bp,Ramses v3,unverified_adapter,20.0,12,168,100.0,411.6829593433775,71.07402753045393,199.10031740632817,Ramses v3 1bp,0xfae65eaa11943f45e83d5b45dc7a7c801c51bfb0,720,168,0.0,2453.17,2674.54,692425746.0087636,1081.3632890745914,1.5305163162719468,14.359974803704457,4.511917233620144,9.422903943165162,-3.02136713771165,21.11094595419117,100.0,0,4,1.5039455852897283
Ramses v3 1bp,Ramses v3,unverified_adapter,20.0,12,168,50.0,178.10755374217027,71.07402753045393,62.5656201334609,Ramses v3 1bp,0xfae65eaa11943f45e83d5b45dc7a7c801c51bfb0,720,168,50.0,2453.17,2674.54,692425746.0087636,530.5962593593115,1.260455738389803,8.770378516521049,4.511917233620144,4.074617895853705,-3.3562260913017505,20.712083828680253,100.0,0,4,1.5039455852897283
Ramses v3 1bp,Ramses v3,unverified_adapter,20.0,12,168,25.0,104.39654502515427,71.07402753045393,19.478419942365765,Ramses v3 1bp,0xfae65eaa11943f45e83d5b45dc7a7c801c51bfb0,720,168,75.0,2453.17,2674.54,692425746.0087636,262.80638266103847,1.1290405410941644,6.051880557005496,4.511917233620144,1.4734810767493611,-3.826106819265973,20.57123027242121,100.0,0,4,1.5039455852897283
Ramses v3 1bp,Ramses v3,unverified_adapter,20.0,24,24,100.0,411.6829593433775,71.07402753045393,199.10031740632817,Ramses v3 1bp,0xfae65eaa11943f45e83d5b45dc7a7c801c51bfb0,720,168,0.0,2453.17,2674.54,692425746.0087636,1081.3632890745914,1.5305163162719468,14.359974803704457,4.511917233620144,9.422903943165162,-3.02136713771165,21.11094595419117,100.0,0,4,1.5039455852897283
Ramses v3 1bp,Ramses v3,unverified_adapter,20.0,24,24,50.0,178.10755374217027,71.07402753045393,62.5656201334609,Ramses v3 1bp,0xfae65eaa11943f45e83d5b45dc7a7c801c51bfb0,720,168,50.0,2453.17,2674.54,692425746.0087636,530.5962593593115,1.260455738389803,8.770378516521049,4.511917233620144,4.074617895853705,-3.3562260913017505,20.712083828680253,100.0,0,4,1.5039455852897283
Ramses v3 1bp,Ramses v3,unverified_adapter,20.0,24,24,25.0,104.39654502515427,71.07402753045393,19.478419942365765,Ramses v3 1bp,0xfae65eaa11943f45e83d5b45dc7a7c801c51bfb0,720,168,75.0,2453.17,2674.54,692425746.0087636,262.80638266103847,1.1290405410941644,6.051880557005496,4.511917233620144,1.4734810767493611,-3.826106819265973,20.57123027242121,100.0,0,4,1.5039455852897283
Ramses v3 1bp,Ramses v3,unverified_adapter,20.0,24,72,100.0,411.6829593433775,71.07402753045393,199.10031740632817,Ramses v3 1bp,0xfae65eaa11943f45e83d5b45dc7a7c801c51bfb0,720,168,0.0,2453.17,2674.54,692425746.0087636,1081.3632890745914,1.5305163162719468,14.359974803704457,4.511917233620144,9.422903943165162,-3.02136713771165,21.11094595419117,100.0,0,4,1.5039455852897283
Ramses v3 1bp,Ramses v3,unverified_adapter,20.0,24,72,50.0,178.10755374217027,71.07402753045393,62.5656201334609,Ramses v3 1bp,0xfae65eaa11943f45e83d5b45dc7a7c801c51bfb0,720,168,50.0,2453.17,2674.54,692425746.0087636,530.5962593593115,1.260455738389803,8.770378516521049,4.511917233620144,4.074617895853705,-3.3562260913017505,20.712083828680253,100.0,0,4,1.5039455852897283
Ramses v3 1bp,Ramses v3,unverified_adapter,20.0,24,72,25.0,104.39654502515427,71.07402753045393,19.478419942365765,Ramses v3 1bp,0xfae65eaa11943f45e83d5b45dc7a7c801c51bfb0,720,168,75.0,2453.17,2674.54,692425746.0087636,262.80638266103847,1.1290405410941644,6.051880557005496,4.511917233620144,1.4734810767493611,-3.826106819265973,20.57123027242121,100.0,0,4,1.5039455852897283
Ramses v3 1bp,Ramses v3,unverified_adapter,20.0,24,168,100.0,411.6829593433775,71.07402753045393,199.10031740632817,Ramses v3 1bp,0xfae65eaa11943f45e83d5b45dc7a7c801c51bfb0,720,168,0.0,2453.17,2674.54,692425746.0087636,1081.3632890745914,1.5305163162719468,14.359974803704457,4.511917233620144,9.422903943165162,-3.02136713771165,21.11094595419117,100.0,0,4,1.5039455852897283
Ramses v3 1bp,Ramses v3,unverified_adapter,20.0,24,168,50.0,178.10755374217027,71.07402753045393,62.5656201334609,Ramses v3 1bp,0xfae65eaa11943f45e83d5b45dc7a7c801c51bfb0,720,168,50.0,2453.17,2674.54,692425746.0087636,530.5962593593115,1.260455738389803,8.770378516521049,4.511917233620144,4.074617895853705,-3.3562260913017505,20.712083828680253,100.0,0,4,1.5039455852897283
Ramses v3 1bp,Ramses v3,unverified_adapter,20.0,24,168,25.0,104.39654502515427,71.07402753045393,19.478419942365765,Ramses v3 1bp,0xfae65eaa11943f45e83d5b45dc7a7c801c51bfb0,720,168,75.0,2453.17,2674.54,692425746.0087636,262.80638266103847,1.1290405410941644,6.051880557005496,4.511917233620144,1.4734810767493611,-3.826106819265973,20.57123027242121,100.0,0,4,1.5039455852897283
Ramses v3 1bp,Ramses v3,unverified_adapter,30.0,4,24,100.0,274.1242399782371,71.07402753045393,118.69143164448856,Ramses v3 1bp,0xfae65eaa11943f45e83d5b45dc7a7c801c51bfb0,720,168,0.0,2453.17,2674.54,692425746.0087636,761.5182546964315,1.3737201266394052,11.454393509277638,4.511917233620144,6.642760423329186,-3.1926442188636384,21.777035242047234,100.0,0,4,1.0705373317574014
Ramses v3 1bp,Ramses v3,unverified_adapter,30.0,4,24,50.0,141.9006022218544,71.07402753045393,41.40112658468416,Ramses v3 1bp,0xfae65eaa11943f45e83d5b45dc7a7c801c51bfb0,720,168,50.0,2453.17,2674.54,692425746.0087636,375.661344560547,1.1844315842689808,7.530534382407672,4.511917233620144,2.8882994673611107,-3.8002309833341408,21.517468299334062,100.0,0,4,1.0705373317574014
Ramses v3 1bp,Ramses v3,unverified_adapter,30.0,4,24,25.0,94.20905164592972,71.07402753045393,13.52339946012988,Ramses v3 1bp,0xfae65eaa11943f45e83d5b45dc7a7c801c51bfb0,720,168,75.0,2453.17,2674.54,692425746.0087636,186.5671632525235,1.0916135837843777,5.607164185289815,4.511917233620144,1.04796369702167,-4.1502323981846505,21.416783249894973,100.0,0,4,1.0705373317574014
Ramses v3 1bp,Ramses v3,unverified_adapter,30.0,4,72,100.0,274.1242399782371,71.07402753045393,118.69143164448856,Ramses v3 1bp,0xfae65eaa11943f45e83d5b45dc7a7c801c51bfb0,720,168,0.0,2453.17,2674.54,692425746.0087636,761.5182546964315,1.3737201266394052,11.454393509277638,4.511917233620144,6.642760423329186,-3.1926442188636384,21.777035242047234,100.0,0,4,1.0705373317574014
Ramses v3 1bp,Ramses v3,unverified_adapter,30.0,4,72,50.0,141.9006022218544,71.07402753045393,41.40112658468416,Ramses v3 1bp,0xfae65eaa11943f45e83d5b45dc7a7c801c51bfb0,720,168,50.0,2453.17,2674.54,692425746.0087636,375.661344560547,1.1844315842689808,7.530534382407672,4.511917233620144,2.8882994673611107,-3.8002309833341408,21.517468299334062,100.0,0,4,1.0705373317574014
Ramses v3 1bp,Ramses v3,unverified_adapter,30.0,4,72,25.0,94.20905164592972,71.07402753045393,13.52339946012988,Ramses v3 1bp,0xfae65eaa11943f45e83d5b45dc7a7c801c51bfb0,720,168,75.0,2453.17,2674.54,692425746.0087636,186.5671632525235,1.0916135837843777,5.607164185289815,4.511917233620144,1.04796369702167,-4.1502323981846505,21.416783249894973,100.0,0,4,1.0705373317574014
Ramses v3 1bp,Ramses v3,unverified_adapter,30.0,4,168,100.0,274.1242399782371,71.07402753045393,118.69143164448856,Ramses v3 1bp,0xfae65eaa11943f45e83d5b45dc7a7c801c51bfb0,720,168,0.0,2453.17,2674.54,692425746.0087636,761.5182546964315,1.3737201266394052,11.454393509277638,4.511917233620144,6.642760423329186,-3.1926442188636384,21.777035242047234,100.0,0,4,1.0705373317574014
Ramses v3 1bp,Ramses v3,unverified_adapter,30.0,4,168,50.0,141.9006022218544,71.07402753045393,41.40112658468416,Ramses v3 1bp,0xfae65eaa11943f45e83d5b45dc7a7c801c51bfb0,720,168,50.0,2453.17,2674.54,692425746.0087636,375.661344560547,1.1844315842689808,7.530534382407672,4.511917233620144,2.8882994673611107,-3.8002309833341408,21.517468299334062,100.0,0,4,1.0705373317574014
Ramses v3 1bp,Ramses v3,unverified_adapter,30.0,4,168,25.0,94.20905164592972,71.07402753045393,13.52339946012988,Ramses v3 1bp,0xfae65eaa11943f45e83d5b45dc7a7c801c51bfb0,720,168,75.0,2453.17,2674.54,692425746.0087636,186.5671632525235,1.0916135837843777,5.607164185289815,4.511917233620144,1.04796369702167,-4.1502323981846505,21.416783249894973,100.0,0,4,1.0705373317574014
Ramses v3 1bp,Ramses v3,unverified_adapter,30.0,12,24,100.0,274.1242399782371,71.07402753045393,118.69143164448856,Ramses v3 1bp,0xfae65eaa11943f45e83d5b45dc7a7c801c51bfb0,720,168,0.0,2453.17,2674.54,692425746.0087636,761.5182546964315,1.3737201266394052,11.454393509277638,4.511917233620144,6.642760423329186,-3.1926442188636384,21.777035242047234,100.0,0,4,1.0705373317574014
Ramses v3 1bp,Ramses v3,unverified_adapter,30.0,12,24,50.0,141.9006022218544,71.07402753045393,41.40112658468416,Ramses v3 1bp,0xfae65eaa11943f45e83d5b45dc7a7c801c51bfb0,720,168,50.0,2453.17,2674.54,692425746.0087636,375.661344560547,1.1844315842689808,7.530534382407672,4.511917233620144,2.8882994673611107,-3.8002309833341408,21.517468299334062,100.0,0,4,1.0705373317574014
Ramses v3 1bp,Ramses v3,unverified_adapter,30.0,12,24,25.0,94.20905164592972,71.07402753045393,13.52339946012988,Ramses v3 1bp,0xfae65eaa11943f45e83d5b45dc7a7c801c51bfb0,720,168,75.0,2453.17,2674.54,692425746.0087636,186.5671632525235,1.0916135837843777,5.607164185289815,4.511917233620144,1.04796369702167,-4.1502323981846505,21.416783249894973,100.0,0,4,1.0705373317574014
Ramses v3 1bp,Ramses v3,unverified_adapter,30.0,12,72,100.0,274.1242399782371,71.07402753045393,118.69143164448856,Ramses v3 1bp,0xfae65eaa11943f45e83d5b45dc7a7c801c51bfb0,720,168,0.0,2453.17,2674.54,692425746.0087636,761.5182546964315,1.3737201266394052,11.454393509277638,4.511917233620144,6.642760423329186,-3.1926442188636384,21.777035242047234,100.0,0,4,1.0705373317574014
Ramses v3 1bp,Ramses v3,unverified_adapter,30.0,12,72,50.0,141.9006022218544,71.07402753045393,41.40112658468416,Ramses v3 1bp,0xfae65eaa11943f45e83d5b45dc7a7c801c51bfb0,720,168,50.0,2453.17,2674.54,692425746.0087636,375.661344560547,1.1844315842689808,7.530534382407672,4.511917233620144,2.8882994673611107,-3.8002309833341408,21.517468299334062,100.0,0,4,1.0705373317574014
Ramses v3 1bp,Ramses v3,unverified_adapter,30.0,12,72,25.0,94.20905164592972,71.07402753045393,13.52339946012988,Ramses v3 1bp,0xfae65eaa11943f45e83d5b45dc7a7c801c51bfb0,720,168,75.0,2453.17,2674.54,692425746.0087636,186.5671632525235,1.0916135837843777,5.607164185289815,4.511917233620144,1.04796369702167,-4.1502323981846505,21.416783249894973,100.0,0,4,1.0705373317574014
Ramses v3 1bp,Ramses v3,unverified_adapter,30.0,12,168,100.0,274.1242399782371,71.07402753045393,118.69143164448856,Ramses v3 1bp,0xfae65eaa11943f45e83d5b45dc7a7c801c51bfb0,720,168,0.0,2453.17,2674.54,692425746.0087636,761.5182546964315,1.3737201266394052,11.454393509277638,4.511917233620144,6.642760423329186,-3.1926442188636384,21.777035242047234,100.0,0,4,1.0705373317574014
Ramses v3 1bp,Ramses v3,unverified_adapter,30.0,12,168,50.0,141.9006022218544,71.07402753045393,41.40112658468416,Ramses v3 1bp,0xfae65eaa11943f45e83d5b45dc7a7c801c51bfb0,720,168,50.0,2453.17,2674.54,692425746.0087636,375.661344560547,1.1844315842689808,7.530534382407672,4.511917233620144,2.8882994673611107,-3.8002309833341408,21.517468299334062,100.0,0,4,1.0705373317574014
Ramses v3 1bp,Ramses v3,unverified_adapter,30.0,12,168,25.0,94.20905164592972,71.07402753045393,13.52339946012988,Ramses v3 1bp,0xfae65eaa11943f45e83d5b45dc7a7c801c51bfb0,720,168,75.0,2453.17,2674.54,692425746.0087636,186.5671632525235,1.0916135837843777,5.607164185289815,4.511917233620144,1.04796369702167,-4.1502323981846505,21.416783249894973,100.0,0,4,1.0705373317574014
Ramses v3 1bp,Ramses v3,unverified_adapter,30.0,24,24,100.0,274.1242399782371,71.07402753045393,118.69143164448856,Ramses v3 1bp,0xfae65eaa11943f45e83d5b45dc7a7c801c51bfb0,720,168,0.0,2453.17,2674.54,692425746.0087636,761.5182546964315,1.3737201266394052,11.454393509277638,4.511917233620144,6.642760423329186,-3.1926442188636384,21.777035242047234,100.0,0,4,1.0705373317574014
Ramses v3 1bp,Ramses v3,unverified_adapter,30.0,24,24,50.0,141.9006022218544,71.07402753045393,41.40112658468416,Ramses v3 1bp,0xfae65eaa11943f45e83d5b45dc7a7c801c51bfb0,720,168,50.0,2453.17,2674.54,692425746.0087636,375.661344560547,1.1844315842689808,7.530534382407672,4.511917233620144,2.8882994673611107,-3.8002309833341408,21.517468299334062,100.0,0,4,1.0705373317574014
Ramses v3 1bp,Ramses v3,unverified_adapter,30.0,24,24,25.0,94.20905164592972,71.07402753045393,13.52339946012988,Ramses v3 1bp,0xfae65eaa11943f45e83d5b45dc7a7c801c51bfb0,720,168,75.0,2453.17,2674.54,692425746.0087636,186.5671632525235,1.0916135837843777,5.607164185289815,4.511917233620144,1.04796369702167,-4.1502323981846505,21.416783249894973,100.0,0,4,1.0705373317574014
Ramses v3 1bp,Ramses v3,unverified_adapter,30.0,24,72,100.0,274.1242399782371,71.07402753045393,118.69143164448856,Ramses v3 1bp,0xfae65eaa11943f45e83d5b45dc7a7c801c51bfb0,720,168,0.0,2453.17,2674.54,692425746.0087636,761.5182546964315,1.3737201266394052,11.454393509277638,4.511917233620144,6.642760423329186,-3.1926442188636384,21.777035242047234,100.0,0,4,1.0705373317574014
Ramses v3 1bp,Ramses v3,unverified_adapter,30.0,24,72,50.0,141.9006022218544,71.07402753045393,41.40112658468416,Ramses v3 1bp,0xfae65eaa11943f45e83d5b45dc7a7c801c51bfb0,720,168,50.0,2453.17,2674.54,692425746.0087636,375.661344560547,1.1844315842689808,7.530534382407672,4.511917233620144,2.8882994673611107,-3.8002309833341408,21.517468299334062,100.0,0,4,1.0705373317574014
Ramses v3 1bp,Ramses v3,unverified_adapter,30.0,24,72,25.0,94.20905164592972,71.07402753045393,13.52339946012988,Ramses v3 1bp,0xfae65eaa11943f45e83d5b45dc7a7c801c51bfb0,720,168,75.0,2453.17,2674.54,692425746.0087636,186.5671632525235,1.0916135837843777,5.607164185289815,4.511917233620144,1.04796369702167,-4.1502323981846505,21.416783249894973,100.0,0,4,1.0705373317574014
Ramses v3 1bp,Ramses v3,unverified_adapter,30.0,24,168,100.0,274.1242399782371,71.07402753045393,118.69143164448856,Ramses v3 1bp,0xfae65eaa11943f45e83d5b45dc7a7c801c51bfb0,720,168,0.0,2453.17,2674.54,692425746.0087636,761.5182546964315,1.3737201266394052,11.454393509277638,4.511917233620144,6.642760423329186,-3.1926442188636384,21.777035242047234,100.0,0,4,1.0705373317574014
Ramses v3 1bp,Ramses v3,unverified_adapter,30.0,24,168,50.0,141.9006022218544,71.07402753045393,41.40112658468416,Ramses v3 1bp,0xfae65eaa11943f45e83d5b45dc7a7c801c51bfb0,720,168,50.0,2453.17,2674.54,692425746.0087636,375.661344560547,1.1844315842689808,7.530534382407672,4.511917233620144,2.8882994673611107,-3.8002309833341408,21.517468299334062,100.0,0,4,1.0705373317574014
Ramses v3 1bp,Ramses v3,unverified_adapter,30.0,24,168,25.0,94.20905164592972,71.07402753045393,13.52339946012988,Ramses v3 1bp,0xfae65eaa11943f45e83d5b45dc7a7c801c51bfb0,720,168,75.0,2453.17,2674.54,692425746.0087636,186.5671632525235,1.0916135837843777,5.607164185289815,4.511917233620144,1.04796369702167,-4.1502323981846505,21.416783249894973,100.0,0,4,1.0705373317574014
Sushi v3 5bp,Sushi v3,unverified_adapter,2.5,4,24,100.0,-14.931209208774565,71.13447592633726,-50.29126052435969,Sushi v3 5bp,0x9b050cb1f265094b0977160a2bd7da8c9e529c3c,720,168,0.0,2452.85,2674.34,58660259.26974459,935.6113804361275,169.28774883257887,-1.320329069431514,4.514951994618532,-5.583202166471368,-6.639578908723509,20.450401452285067,88.75,16,4,4.167808602359828
Sushi v3 5bp,Sushi v3,unverified_adapter,2.5,4,24,50.0,-52.61176623562799,71.13447592633726,-72.30935876136981,Sushi v3 5bp,0x9b050cb1f265094b0977160a2bd7da8c9e529c3c,720,168,50.0,2452.85,2674.34,58660259.26974459,458.0940753912571,166.38879949815095,-5.953468600437972,4.514951994618532,-10.016194233716458,-8.729781352810939,20.615896721893158,88.75,16,4,4.167808602359828
Sushi v3 5bp,Sushi v3,unverified_adapter,2.5,4,24,25.0,-64.66869096110466,71.13447592633726,-79.35465145310447,Sushi v3 5bp,0x9b050cb1f265094b0977160a2bd7da8c9e529c3c,720,168,75.0,2452.85,2674.34,58660259.26974459,226.66328466784236,164.96015950947574,-8.195822616156967,4.514951994618532,-12.161680571244936,-9.845678092151156,20.74042797215976,88.75,16,4,4.167808602359828
Sushi v3 5bp,Sushi v3,unverified_adapter,2.5,4,72,100.0,11.173531908452073,71.13447592633726,-35.037325876812005,Sushi v3 5bp,0x9b050cb1f265094b0977160a2bd7da8c9e529c3c,720,168,0.0,2452.85,2674.34,58660259.26974459,606.930606705129,86.06492074074066,0.8743936554572285,4.514951994618532,-3.4832894908173095,-6.504503725082833,24.331562704008853,61.111111111111114,8,4,4.167808602359828
Sushi v3 5bp,Sushi v3,unverified_adapter,2.5,4,72,50.0,-23.335569307679194,71.13447592633726,-55.20222896214082,Sushi v3 5bp,0x9b050cb1f265094b0977160a2bd7da8c9e529c3c,720,168,50.0,2452.85,2674.34,58660259.26974459,299.71204994754453,85.1469868978688,-2.1604225603663707,4.514951994618532,-6.387004373621696,-7.9093432331033835,24.06220082791765,61.111111111111114,8,4,4.167808602359828
Sushi v3 5bp,Sushi v3,unverified_adapter,2.5,4,72,25.0,-36.388117743422335,71.13447592633726,-62.82930022588866,Sushi v3 5bp,0x9b050cb1f265094b0977160a2bd7da8c9e529c3c,720,168,75.0,2452.85,2674.34,58660259.26974459,148.92847219270192,84.69251921662419,-3.6498359126797553,4.514951994618532,-7.81207640770738,-8.606618624577589,23.962810013909078,61.111111111111114,8,4,4.167808602359828
Sushi v3 5bp,Sushi v3,unverified_adapter,2.5,4,168,100.0,93.42369196404157,71.13447592633726,13.024386767806329,Sushi v3 5bp,0x9b050cb1f265094b0977160a2bd7da8c9e529c3c,720,168,0.0,2452.85,2674.34,58660259.26974459,636.4298104516832,44.908675793832344,5.571997762789316,4.514951994618532,1.0113823409929168,-4.279336571521341,21.37017427211399,58.75,4,3,4.167808602359828
Sushi v3 5bp,Sushi v3,unverified_adapter,2.5,4,168,50.0,32.725965397576616,71.13447592633726,-22.443467525090245,Sushi v3 5bp,0x9b050cb1f265094b0977160a2bd7da8c9e529c3c,720,168,50.0,2452.85,2674.34,58660259.26974459,314.5353135179077,44.221687411326826,2.354269668428288,4.514951994618532,-2.0673427915859466,-4.528069800033752,21.28697211643756,58.75,4,3,4.167808602359828
Sushi v3 5bp,Sushi v3,unverified_adapter,2.5,4,168,25.0,9.822470795205685,71.13447592633726,-35.826799246180286,Sushi v3 5bp,0x9b050cb1f265094b0977160a2bd7da8c9e529c3c,720,168,75.0,2452.85,2674.34,58660259.26974459,156.3559644360101,43.88193425180333,0.7730685415224814,4.514951994618532,-3.5802374508947965,-4.652417182022173,21.292259939814585,58.75,4,3,4.167808602359828
Sushi v3 5bp,Sushi v3,unverified_adapter,2.5,12,24,100.0,-5.350423753131395,71.13447592633726,-44.69286464078151,Sushi v3 5bp,0x9b050cb1f265094b0977160a2bd7da8c9e529c3c,720,168,0.0,2452.85,2674.34,58660259.26974459,855.8844080510627,107.58294172770829,-0.4509428056202691,4.514951994618532,-4.751372607906379,-4.722236392750833,20.733785805098,83.61111111111111,10,4,4.167808602359828
Sushi v3 5bp,Sushi v3,unverified_adapter,2.5,12,24,50.0,-44.01919563793627,71.13447592633726,-67.28841219219905,Sushi v3 5bp,0x9b050cb1f265094b0977160a2bd7da8c9e529c3c,720,168,50.0,2452.85,2674.34,58660259.26974459,420.4983260837225,105.46717300242402,-4.656544523429151,4.514951994618532,-8.775296111239584,-6.902233096786614,20.481412015594948,83.61111111111111,10,4,4.167808602359828
Sushi v3 5bp,Sushi v3,unverified_adapter,2.5,12,24,25.0,-57.01521749001653,71.13447592633726,-74.88245294975762,Sushi v3 5bp,0x9b050cb1f265094b0977160a2bd7da8c9e529c3c,720,168,75.0,2452.85,2674.34,58660259.26974459,208.41294625890828,104.42616607701028,-6.7043306355507255,4.514951994618532,-10.734619703740512,-8.445199514453861,20.386800998731555,83.61111111111111,10,4,4.167808602359828
Sushi v3 5bp,Sushi v3,unverified_adapter,2.5,12,72,100.0,57.61621589574533,71.13447592633726,-7.899203218649243,Sushi v3 5bp,0x9b050cb1f265094b0977160a2bd7da8c9e529c3c,720,168,0.0,2452.85,2674.34,58660259.26974459,899.1794236162979,77.1133962847751,3.810472934475939,4.514951994618532,-0.6740461978864576,-4.555423752053789,20.10802551165883,83.88888888888889,7,4,4.167808602359828
Sushi v3 5bp,Sushi v3,unverified_adapter,2.5,12,72,50.0,-8.04313799064198,71.13447592633726,-46.266313954799074,Sushi v3 5bp,0x9b050cb1f265094b0977160a2bd7da8c9e529c3c,720,168,50.0,2452.85,2674.34,58660259.26974459,441.2993220194036,75.67378802410991,-0.6868136763931387,4.514951994618532,-4.977054069047949,-4.67278214624417,20.196317534057712,83.88888888888889,7,4,4.167808602359828
Sushi v3 5bp,Sushi v3,unverified_adapter,2.5,12,72,25.0,-29.85588577604198,71.13447592633726,-59.01228326772061,Sushi v3 5bp,0x9b050cb1f265094b0977160a2bd7da8c9e529c3c,720,168,75.0,2452.85,2674.34,58660259.26974459,218.6093782516431,74.96675155895113,-2.8726040047018397,4.514951994618532,-7.068420219626336,-5.124319079814754,20.276423446088394,83.88888888888889,7,4,4.167808602359828
Sushi v3 5bp,Sushi v3,unverified_adapter,2.5,12,168,100.0,34.98054704982274,71.13447592633726,-21.126034763489965,Sushi v3 5bp,0x9b050cb1f265094b0977160a2bd7da8c9e529c3c,720,168,0.0,2452.85,2674.34,58660259.26974459,552.7497849770956,43.64577437360545,2.4960716543044104,4.514951994618532,-1.9316665240568298,-2.9415750600731205,13.220188802162713,52.5,4,3,4.167808602359828
Sushi v3 5bp,Sushi v3,unverified_adapter,2.5,12,168,50.0,-3.46344763230072,71.13447592633726,-43.590236949536475,Sushi v3 5bp,0x9b050cb1f265094b0977160a2bd7da8c9e529c3c,720,168,50.0,2452.85,2674.34,58660259.26974459,273.7352762217351,43.208138171167015,-0.28929417409825353,4.514951994618532,-4.596707051986348,-3.5061654500657125,13.18841676829297,52.5,4,3,4.167808602359828
Sushi v3 5bp,Sushi v3,unverified_adapter,2.5,12,168,25.0,-18.447730021886997,71.13447592633726,-52.346089508454085,Sushi v3 5bp,0x9b050cb1f265094b0977160a2bd7da8c9e529c3c,720,168,75.0,2452.85,2674.34,58660259.26974459,136.20418221370804,42.989846419159555,-1.6621358125506025,4.514951994618532,-5.910243165482387,-4.0690778539884125,13.25385593388804,52.5,4,3,4.167808602359828
Sushi v3 5bp,Sushi v3,unverified_adapter,2.5,24,24,100.0,37.06460693957481,71.13447592633726,-19.908243971499584,Sushi v3 5bp,0x9b050cb1f265094b0977160a2bd7da8c9e529c3c,720,168,0.0,2452.85,2674.34,58660259.26974459,844.7399662980671,65.88423222127564,2.625228309686012,4.514951994618532,-1.8080893201097403,-5.461597306475918,22.120164770871735,79.72222222222223,6,4,4.167808602359828
Sushi v3 5bp,Sushi v3,unverified_adapter,2.5,24,24,50.0,-17.584797117574645,71.13447592633726,-51.84184692399445,Sushi v3 5bp,0x9b050cb1f265094b0977160a2bd7da8c9e529c3c,720,168,50.0,2452.85,2674.34,58660259.26974459,415.1918924816537,64.80013437863559,-1.5770238964952332,4.514951994618532,-5.828808007707298,-5.548918817333382,21.774979954716695,79.72222222222223,6,4,4.167808602359828
Sushi v3 5bp,Sushi v3,unverified_adapter,2.5,24,24,25.0,-36.18563628656535,71.13447592633726,-62.710983062873424,Sushi v3 5bp,0x9b050cb1f265094b0977160a2bd7da8c9e529c3c,720,168,75.0,2452.85,2674.34,58660259.26974459,205.82454934760236,64.2650745642339,-3.624665270270111,4.514951994618532,-7.787993114428016,-5.837947973323654,21.633531151254797,79.72222222222223,6,4,4.167808602359828
Sushi v3 5bp,Sushi v3,unverified_adapter,2.5,24,72,100.0,26.909112205974182,71.13447592633726,-25.842463057764743,Sushi v3 5bp,0x9b050cb1f265094b0977160a2bd7da8c9e529c3c,720,168,0.0,2452.85,2674.34,58660259.26974459,747.1445962316332,66.10072727264382,1.9779454595969526,4.514951994618532,-2.4274101328125797,-3.967470779896287,19.751286100421243,72.22222222222221,6,4,4.167808602359828
Sushi v3 5bp,Sushi v3,unverified_adapter,2.5,24,72,50.0,-19.155367277715875,71.13447592633726,-52.759587286735396,Sushi v3 5bp,0x9b050cb1f265094b0977160a2bd7da8c9e529c3c,720,168,50.0,2452.85,2674.34,58660259.26974459,367.8750125467313,64.87046581892356,-1.7325498620064717,4.514951994618532,-5.9776153912855285,-4.877978723625809,19.592252350413144,72.22222222222221,6,4,4.167808602359828
Sushi v3 5bp,Sushi v3,unverified_adapter,2.5,24,72,25.0,-35.54145864112541,71.13447592633726,-62.33456700646342,Sushi v3 5bp,0x9b050cb1f265094b0977160a2bd7da8c9e529c3c,720,168,75.0,2452.85,2674.34,58660259.26974459,182.53354956299444,64.26488029133249,-3.5450717103886698,4.514951994618532,-7.711837924799713,-5.746989816549974,19.533060305664215,72.22222222222221,6,4,4.167808602359828
Sushi v3 5bp,Sushi v3,unverified_adapter,2.5,24,168,100.0,113.1674251350049,71.13447592633726,24.561356781645948,Sushi v3 5bp,0x9b050cb1f265094b0977160a2bd7da8c9e529c3c,720,168,0.0,2452.85,2674.34,58660259.26974459,660.9122306048351,33.445289640880056,6.418749462413054,4.514951994618532,1.821555128200747,-3.1626404040812184,17.508473684404272,59.86111111111111,3,3,4.167808602359828
Sushi v3 5bp,Sushi v3,unverified_adapter,2.5,24,168,50.0,44.16808611256619,71.13447592633726,-15.75742682344059,Sushi v3 5bp,0x9b050cb1f265094b0977160a2bd7da8c9e529c3c,720,168,50.0,2452.85,2674.34,58660259.26974459,326.37527088846923,33.05530985467515,3.0523113481725206,4.514951994618532,-1.3994558850501382,-3.321755347036459,17.32068218514152,59.86111111111111,3,3,4.167808602359828
Sushi v3 5bp,Sushi v3,unverified_adapter,2.5,24,168,25.0,18.428038012388836,71.13447592633726,-30.798258287029988,Sushi v3 5bp,0x9b050cb1f265094b0977160a2bd7da8c9e529c3c,720,168,75.0,2452.85,2674.34,58660259.26974459,162.1759312482966,32.86179273009636,1.3998608438055449,4.514951994618532,-2.9805220127483656,-3.926907642642563,17.272720411281636,59.86111111111111,3,3,4.167808602359828
Sushi v3 5bp,Sushi v3,unverified_adapter,5.0,4,24,100.0,43.39983397334344,71.13447592633639,-16.20634404778336,Sushi v3 5bp,0x9b050cb1f265094b0977160a2bd7da8c9e529c3c,720,168,0.0,2452.85,2674.34,58660259.26974459,607.3394444827974,77.35216213852723,3.00706483267259,4.514951994618488,-1.4427477917451914,-4.529945334332375,19.848697582774843,97.77777777777777,7,4,2.166345566584139
Sushi v3 5bp,Sushi v3,unverified_adapter,5.0,4,24,50.0,-0.31916479992706304,71.13447592633639,-41.752919941754016,Sushi v3 5bp,0x9b050cb1f265094b0977160a2bd7da8c9e529c3c,720,168,50.0,2452.85,2674.34,58660259.26974459,299.8378779865021,76.09704821832749,-0.02627122388852987,4.514951994618488,-4.345046456836965,-4.963371273611584,19.867680162167687,97.77777777777777,7,4,2.166345566584139
Sushi v3 5bp,Sushi v3,unverified_adapter,5.0,4,24,25.0,-16.942667646551314,71.13447592633639,-51.46662768920973,Sushi v3 5bp,0x9b050cb1f265094b0977160a2bd7da8c9e529c3c,720,168,75.0,2452.85,2674.34,58660259.26974459,148.9708296039557,75.47587093123319,-1.5142191787947512,4.514951994618488,-5.768716397366469,-5.179923762287797,19.892036176105336,97.77777777777777,7,4,2.166345566584139
Sushi v3 5bp,Sushi v3,unverified_adapter,5.0,4,72,100.0,71.3523942058887,71.13447592633639,0.12733745107320615,Sushi v3 5bp,0x9b050cb1f265094b0977160a2bd7da8c9e529c3c,720,168,0.0,2452.85,2674.34,58660259.26974459,611.2260281785104,56.544324139636224,4.525884238646327,4.514951994618488,0.010459980911048383,-4.732947351787442,23.388165449995324,98.88888888888889,5,4,2.166345566584139
Sushi v3 5bp,Sushi v3,unverified_adapter,5.0,4,72,50.0,19.473596542849748,71.13447592633639,-30.18730101217232,Sushi v3 5bp,0x9b050cb1f265094b0977160a2bd7da8c9e529c3c,720,168,50.0,2452.85,2674.34,58660259.26974459,301.88349163974385,55.52866258624883,1.4731443692725277,4.514951994618488,-2.910404269718836,-4.966177658874871,23.42793281496871,98.88888888888889,5,4,2.166345566584139
Sushi v3 5bp,Sushi v3,unverified_adapter,5.0,4,72,25.0,-0.3089380782932638,71.13447592633639,-41.746944102240455,Sushi v3 5bp,0x9b050cb1f265094b0977160a2bd7da8c9e529c3c,720,168,75.0,2452.85,2674.34,58660259.26974459,150.01822433325222,55.02683029584518,-0.025428241306379995,4.514951994618488,-4.344239890344747,-5.181511211911738,23.457517407752025,98.88888888888889,5,4,2.166345566584139
Sushi v3 5bp,Sushi v3,unverified_adapter,5.0,4,168,100.0,118.43587068502117,71.13447592633639,27.639898099226578,Sushi v3 5bp,0x9b050cb1f265094b0977160a2bd7da8c9e529c3c,720,168,0.0,2452.85,2674.34,58660259.26974459,550.9459245576818,23.629927565711085,6.632512036206806,4.514951994618488,2.02608335092318,-6.02973594283942,30.675601570471795,91.66666666666666,2,4,2.166345566584139
Sushi v3 5bp,Sushi v3,unverified_adapter,5.0,4,168,50.0,58.39776626237361,71.13447592633639,-7.442515364025981,Sushi v3 5bp,0x9b050cb1f265094b0977160a2bd7da8c9e529c3c,720,168,50.0,2452.85,2674.34,58660259.26974459,272.59724092687543,23.242651040073877,3.8526852715034865,4.514951994618488,-0.6336573958806491,-6.088093473873302,30.47831142389611,91.66666666666666,2,4,2.166345566584139
Sushi v3 5bp,Sushi v3,unverified_adapter,5.0,4,168,25.0,34.79216776625598,71.13447592633639,-21.236111521867517,Sushi v3 5bp,0x9b050cb1f265094b0977160a2bd7da8c9e529c3c,720,168,75.0,2452.85,2674.34,58660259.26974459,135.58509522948333,23.050723164255682,2.4843070893990182,4.514951994618488,-1.9429228703315315,-6.21495730445738,30.387919798397583,91.66666666666666,2,4,2.166345566584139
Sushi v3 5bp,Sushi v3,unverified_adapter,5.0,12,24,100.0,84.14051946931211,71.13447592633639,7.599896790272664,Sushi v3 5bp,0x9b050cb1f265094b0977160a2bd7da8c9e529c3c,720,168,0.0,2452.85,2674.34,58660259.26974459,591.3653143154452,35.07652654730374,5.146082958640408,4.514951994618488,0.6038666735974862,-3.4312146691397483,18.417749498984445,96.38888888888889,3,4,2.166345566584139
Sushi v3 5bp,Sushi v3,unverified_adapter,5.0,12,24,50.0,30.26976523299323,71.13447592633639,-23.87871320033319,Sushi v3 5bp,0x9b050cb1f265094b0977160a2bd7da8c9e529c3c,720,168,50.0,2452.85,2674.34,58660259.26974459,292.3190315676721,34.29788613305173,2.1972483220999983,4.514951994618488,-2.2175809568738325,-3.6200472099500614,18.539761709873854,96.38888888888889,3,4,2.166345566584139
Sushi v3 5bp,Sushi v3,unverified_adapter,5.0,12,24,25.0,9.487940226573087,71.13447592633639,-36.022277431870954,Sushi v3 5bp,0x9b050cb1f265094b0977160a2bd7da8c9e529c3c,720,168,75.0,2452.85,2674.34,58660259.26974459,145.32562217725825,33.91348103451765,0.7478031915802541,4.514951994618488,-3.604411360426407,-3.7147556063977905,18.61232342174888,96.38888888888889,3,4,2.166345566584139
Sushi v3 5bp,Sushi v3,unverified_adapter,5.0,12,72,100.0,108.3119922356134,71.13447592633639,21.724153539512358,Sushi v3 5bp,0x9b050cb1f265094b0977160a2bd7da8c9e529c3c,720,168,0.0,2452.85,2674.34,58660259.26974459,601.2577492281648,23.843877952561463,6.21740663097734,4.514951994618488,1.6289101261286687,-2.969220491592439,18.227362108426156,96.80555555555556,2,4,2.166345566584139
Sushi v3 5bp,Sushi v3,unverified_adapter,5.0,12,72,50.0,46.647644239920496,71.13447592633639,-14.308532254457207,Sushi v3 5bp,0x9b050cb1f265094b0977160a2bd7da8c9e529c3c,720,168,50.0,2452.85,2674.34,58660259.26974459,297.1638519990781,23.348268664283058,3.1968511439712355,4.514951994618488,-1.261160078526502,-3.1931903283936136,18.33232278554031,96.80555555555556,2,4,2.166345566584139
Sushi v3 5bp,Sushi v3,unverified_adapter,5.0,12,72,25.0,22.94700283888773,71.13447592633639,-28.157665383678044,Sushi v3 5bp,0x9b050cb1f265094b0977160a2bd7da8c9e529c3c,720,168,75.0,2452.85,2674.34,58660259.26974459,147.7229386719203,23.103100724326403,1.7124411590467847,4.514951994618488,-2.681444886197737,-3.3055071645824774,18.397812306187575,96.80555555555556,2,4,2.166345566584139
Sushi v3 5bp,Sushi v3,unverified_adapter,5.0,12,168,100.0,150.3985609546608,71.13447592633639,46.31684212037,Sushi v3 5bp,0x9b050cb1f265094b0977160a2bd7da8c9e529c3c,720,168,0.0,2452.85,2674.34,58660259.26974459,589.2610708716551,12.44535081766079,7.8361216286207735,4.514951994618488,3.177698090674408,-2.812181877203901,17.45853096041108,95.41666666666667,1,4,2.166345566584139
Sushi v3 5bp,Sushi v3,unverified_adapter,5.0,12,168,50.0,77.73471539560315,71.13447592633639,3.856756175831988,Sushi v3 5bp,0x9b050cb1f265094b0977160a2bd7da8c9e529c3c,720,168,50.0,2452.85,2674.34,58660259.26974459,291.4288478068309,12.157155395674831,4.840534667949936,4.514951994618488,0.3115177944570169,-3.0626794342922703,17.500324907041367,95.41666666666667,1,4,2.166345566584139
Sushi v3 5bp,Sushi v3,unverified_adapter,5.0,12,168,25.0,49.614064866880405,71.13447592633639,-12.575146499831803,Sushi v3 5bp,0x9b050cb1f265094b0977160a2bd7da8c9e529c3c,720,168,75.0,2452.85,2674.34,58660259.26974459,144.91993244314915,12.01456480947392,3.366853142952775,4.514951994618488,-1.0985020131137224,-3.1879803132396467,17.53376874349188,95.41666666666667,1,4,2.166345566584139
Sushi v3 5bp,Sushi v3,unverified_adapter,5.0,24,24,100.0,116.11946787441676,71.13447592633639,26.28634102192442,Sushi v3 5bp,0x9b050cb1f265094b0977160a2bd7da8c9e529c3c,720,168,0.0,2452.85,2674.34,58660259.26974459,600.040884155349,23.850819978090584,6.539115478372226,4.514951994618488,1.9367214404480082,-2.812181877203901,18.459613048517674,95.69444444444444,2,4,2.166345566584139
Sushi v3 5bp,Sushi v3,unverified_adapter,5.0,24,24,50.0,52.3298598451754,71.13447592633639,-10.988210282804545,Sushi v3 5bp,0x9b050cb1f265094b0977160a2bd7da8c9e529c3c,720,168,50.0,2452.85,2674.34,58660259.26974459,296.5450497775305,23.348754835649952,3.5198009251478757,4.514951994618488,-0.9521614376494902,-3.0626794342922703,18.48648909903557,95.69444444444444,2,4,2.166345566584139
Sushi v3 5bp,Sushi v3,unverified_adapter,5.0,24,24,25.0,27.792464971857033,71.13447592633639,-25.326288417265285,Sushi v3 5bp,0x9b050cb1f265094b0977160a2bd7da8c9e529c3c,720,168,75.0,2452.85,2674.34,58660259.26974459,147.41105246696793,23.100448627315743,2.0361012187180227,4.514951994618488,-2.3717666502187207,-3.1879803132396467,18.51455883045761,95.69444444444444,2,4,2.166345566584139
Sushi v3 5bp,Sushi v3,unverified_adapter,5.0,24,72,100.0,116.11946787441676,71.13447592633639,26.28634102192442,Sushi v3 5bp,0x9b050cb1f265094b0977160a2bd7da8c9e529c3c,720,168,0.0,2452.85,2674.34,58660259.26974459,600.040884155349,23.850819978090584,6.539115478372226,4.514951994618488,1.9367214404480082,-2.812181877203901,18.459613048517674,95.69444444444444,2,4,2.166345566584139
Sushi v3 5bp,Sushi v3,unverified_adapter,5.0,24,72,50.0,52.3298598451754,71.13447592633639,-10.988210282804545,Sushi v3 5bp,0x9b050cb1f265094b0977160a2bd7da8c9e529c3c,720,168,50.0,2452.85,2674.34,58660259.26974459,296.5450497775305,23.348754835649952,3.5198009251478757,4.514951994618488,-0.9521614376494902,-3.0626794342922703,18.48648909903557,95.69444444444444,2,4,2.166345566584139
Sushi v3 5bp,Sushi v3,unverified_adapter,5.0,24,72,25.0,27.792464971857033,71.13447592633639,-25.326288417265285,Sushi v3 5bp,0x9b050cb1f265094b0977160a2bd7da8c9e529c3c,720,168,75.0,2452.85,2674.34,58660259.26974459,147.41105246696793,23.100448627315743,2.0361012187180227,4.514951994618488,-2.3717666502187207,-3.1879803132396467,18.51455883045761,95.69444444444444,2,4,2.166345566584139
Sushi v3 5bp,Sushi v3,unverified_adapter,5.0,24,168,100.0,146.98597187759233,71.13447592633639,44.32274416985682,Sushi v3 5bp,0x9b050cb1f265094b0977160a2bd7da8c9e529c3c,720,168,0.0,2452.85,2674.34,58660259.26974459,600.4191635205093,12.450977456053177,7.714565659124606,4.514951994618488,3.061393229813514,-2.812181877203901,17.88047403682808,95.69444444444444,1,4,2.166345566584139
Sushi v3 5bp,Sushi v3,unverified_adapter,5.0,24,168,50.0,74.19210409566345,71.13447592633639,1.786681586381933,Sushi v3 5bp,0x9b050cb1f265094b0977160a2bd7da8c9e529c3c,720,168,50.0,2452.85,2674.34,58660259.26974459,296.9278022288661,12.15993366298032,4.667188543212197,4.514951994618488,0.14566006651521857,-3.0626794342922703,17.873110213448946,95.69444444444444,1,4,2.166345566584139
Sushi v3 5bp,Sushi v3,unverified_adapter,5.0,24,168,25.0,46.15282449033693,71.13447592633639,-14.597673146089384,Sushi v3 5bp,0x9b050cb1f265094b0977160a2bd7da8c9e529c3c,720,168,75.0,2452.85,2674.34,58660259.26974459,147.64946077120823,12.015945195085838,3.168186920542393,4.514951994618488,-1.288586033264838,-3.1879803132396467,17.884741504995656,95.69444444444444,1,4,2.166345566584139
Sushi v3 5bp,Sushi v3,unverified_adapter,7.5,4,24,100.0,120.3013098784036,71.13447592633726,28.72994099285393,Sushi v3 5bp,0x9b050cb1f265094b0977160a2bd7da8c9e529c3c,720,168,0.0,2452.85,2674.34,58660259.26974459,433.65964298904464,12.35084505572036,6.707067432240343,4.514951994618532,2.097418020853792,-2.9109261575161915,18.71827278291425,99.72222222222223,1,4,1.4803825715160837
Sushi v3 5bp,Sushi v3,unverified_adapter,7.5,4,24,50.0,70.98198932374625,71.13447592633726,-0.08910338011416385,Sushi v3 5bp,0x9b050cb1f265094b0977160a2bd7da8c9e529c3c,720,168,50.0,2452.85,2674.34,58660259.26974459,215.0807999411068,12.14113448933852,4.507294642075799,4.514951994618532,-0.007326561794840369,-3.0818997876239096,18.662890369039584,99.72222222222223,1,4,1.4803825715160837
Sushi v3 5bp,Sushi v3,unverified_adapter,7.5,4,24,25.0,50.562703261105725,71.13447592633726,-12.02082312980962,Sushi v3 5bp,0x9b050cb1f265094b0977160a2bd7da8c9e529c3c,720,168,75.0,2452.85,2674.34,58660259.26974459,107.10560132511668,12.037098114529101,3.420565914154383,4.514951994618532,-1.0471095853543555,-3.224378454137955,18.642082792865082,99.72222222222223,1,4,1.4803825715160837
Sushi v3 5bp,Sushi v3,unverified_adapter,7.5,4,72,100.0,120.3013098784036,71.13447592633726,28.72994099285393,Sushi v3 5bp,0x9b050cb1f265094b0977160a2bd7da8c9e529c3c,720,168,0.0,2452.85,2674.34,58660259.26974459,433.65964298904464,12.35084505572036,6.707067432240343,4.514951994618532,2.097418020853792,-2.9109261575161915,18.71827278291425,99.72222222222223,1,4,1.4803825715160837
Sushi v3 5bp,Sushi v3,unverified_adapter,7.5,4,72,50.0,70.98198932374625,71.13447592633726,-0.08910338011416385,Sushi v3 5bp,0x9b050cb1f265094b0977160a2bd7da8c9e529c3c,720,168,50.0,2452.85,2674.34,58660259.26974459,215.0807999411068,12.14113448933852,4.507294642075799,4.514951994618532,-0.007326561794840369,-3.0818997876239096,18.662890369039584,99.72222222222223,1,4,1.4803825715160837
Sushi v3 5bp,Sushi v3,unverified_adapter,7.5,4,72,25.0,50.562703261105725,71.13447592633726,-12.02082312980962,Sushi v3 5bp,0x9b050cb1f265094b0977160a2bd7da8c9e529c3c,720,168,75.0,2452.85,2674.34,58660259.26974459,107.10560132511668,12.037098114529101,3.420565914154383,4.514951994618532,-1.0471095853543555,-3.224378454137955,18.642082792865082,99.72222222222223,1,4,1.4803825715160837
Sushi v3 5bp,Sushi v3,unverified_adapter,7.5,4,168,100.0,120.3013098784036,71.13447592633726,28.72994099285393,Sushi v3 5bp,0x9b050cb1f265094b0977160a2bd7da8c9e529c3c,720,168,0.0,2452.85,2674.34,58660259.26974459,433.65964298904464,12.35084505572036,6.707067432240343,4.514951994618532,2.097418020853792,-2.9109261575161915,18.71827278291425,99.72222222222223,1,4,1.4803825715160837
Sushi v3 5bp,Sushi v3,unverified_adapter,7.5,4,168,50.0,70.98198932374625,71.13447592633726,-0.08910338011416385,Sushi v3 5bp,0x9b050cb1f265094b0977160a2bd7da8c9e529c3c,720,168,50.0,2452.85,2674.34,58660259.26974459,215.0807999411068,12.14113448933852,4.507294642075799,4.514951994618532,-0.007326561794840369,-3.0818997876239096,18.662890369039584,99.72222222222223,1,4,1.4803825715160837
Sushi v3 5bp,Sushi v3,unverified_adapter,7.5,4,168,25.0,50.562703261105725,71.13447592633726,-12.02082312980962,Sushi v3 5bp,0x9b050cb1f265094b0977160a2bd7da8c9e529c3c,720,168,75.0,2452.85,2674.34,58660259.26974459,107.10560132511668,12.037098114529101,3.420565914154383,4.514951994618532,-1.0471095853543555,-3.224378454137955,18.642082792865082,99.72222222222223,1,4,1.4803825715160837
Sushi v3 5bp,Sushi v3,unverified_adapter,7.5,12,24,100.0,126.88148622007738,71.13447592633726,32.5749735650785,Sushi v3 5bp,0x9b050cb1f265094b0977160a2bd7da8c9e529c3c,720,168,0.0,2452.85,2674.34,58660259.26974459,434.2243725179006,12.352011315196384,6.965508041631341,4.514951994618532,2.344694228189459,-2.9109261575161915,18.924858442438655,99.72222222222223,1,4,1.4803825715160837
Sushi v3 5bp,Sushi v3,unverified_adapter,7.5,12,24,50.0,76.07178603446789,71.13447592633726,2.8850470259749406,Sushi v3 5bp,0x9b050cb1f265094b0977160a2bd7da8c9e529c3c,720,168,50.0,2452.85,2674.34,58660259.26974459,215.36827953166403,12.141106916282684,4.759563381279075,4.514951994618532,0.2340443945983317,-3.0818997876239096,18.87197677662472,99.72222222222223,1,4,1.4803825715160837
Sushi v3 5bp,Sushi v3,unverified_adapter,7.5,12,24,25.0,55.03573642438726,71.13447592633726,-9.407069741388463,Sushi v3 5bp,0x9b050cb1f265094b0977160a2bd7da8c9e529c3c,720,168,75.0,2452.85,2674.34,58660259.26974459,107.2505747737397,12.036477772782431,3.6697210901225352,4.514951994618532,-0.8087176890628323,-3.224378454137955,18.852278390956208,99.72222222222223,1,4,1.4803825715160837
Sushi v3 5bp,Sushi v3,unverified_adapter,7.5,12,72,100.0,126.88148622007738,71.13447592633726,32.5749735650785,Sushi v3 5bp,0x9b050cb1f265094b0977160a2bd7da8c9e529c3c,720,168,0.0,2452.85,2674.34,58660259.26974459,434.2243725179006,12.352011315196384,6.965508041631341,4.514951994618532,2.344694228189459,-2.9109261575161915,18.924858442438655,99.72222222222223,1,4,1.4803825715160837
Sushi v3 5bp,Sushi v3,unverified_adapter,7.5,12,72,50.0,76.07178603446789,71.13447592633726,2.8850470259749406,Sushi v3 5bp,0x9b050cb1f265094b0977160a2bd7da8c9e529c3c,720,168,50.0,2452.85,2674.34,58660259.26974459,215.36827953166403,12.141106916282684,4.759563381279075,4.514951994618532,0.2340443945983317,-3.0818997876239096,18.87197677662472,99.72222222222223,1,4,1.4803825715160837
Sushi v3 5bp,Sushi v3,unverified_adapter,7.5,12,72,25.0,55.03573642438726,71.13447592633726,-9.407069741388463,Sushi v3 5bp,0x9b050cb1f265094b0977160a2bd7da8c9e529c3c,720,168,75.0,2452.85,2674.34,58660259.26974459,107.2505747737397,12.036477772782431,3.6697210901225352,4.514951994618532,-0.8087176890628323,-3.224378454137955,18.852278390956208,99.72222222222223,1,4,1.4803825715160837
Sushi v3 5bp,Sushi v3,unverified_adapter,7.5,12,168,100.0,126.88148622007738,71.13447592633726,32.5749735650785,Sushi v3 5bp,0x9b050cb1f265094b0977160a2bd7da8c9e529c3c,720,168,0.0,2452.85,2674.34,58660259.26974459,434.2243725179006,12.352011315196384,6.965508041631341,4.514951994618532,2.344694228189459,-2.9109261575161915,18.924858442438655,99.72222222222223,1,4,1.4803825715160837
Sushi v3 5bp,Sushi v3,unverified_adapter,7.5,12,168,50.0,76.07178603446789,71.13447592633726,2.8850470259749406,Sushi v3 5bp,0x9b050cb1f265094b0977160a2bd7da8c9e529c3c,720,168,50.0,2452.85,2674.34,58660259.26974459,215.36827953166403,12.141106916282684,4.759563381279075,4.514951994618532,0.2340443945983317,-3.0818997876239096,18.87197677662472,99.72222222222223,1,4,1.4803825715160837
Sushi v3 5bp,Sushi v3,unverified_adapter,7.5,12,168,25.0,55.03573642438726,71.13447592633726,-9.407069741388463,Sushi v3 5bp,0x9b050cb1f265094b0977160a2bd7da8c9e529c3c,720,168,75.0,2452.85,2674.34,58660259.26974459,107.2505747737397,12.036477772782431,3.6697210901225352,4.514951994618532,-0.8087176890628323,-3.224378454137955,18.852278390956208,99.72222222222223,1,4,1.4803825715160837
Sushi v3 5bp,Sushi v3,unverified_adapter,7.5,24,24,100.0,118.21419822279617,71.13447592633726,27.510366944836882,Sushi v3 5bp,0x9b050cb1f265094b0977160a2bd7da8c9e529c3c,720,168,0.0,2452.85,2674.34,58660259.26974459,431.38887652647384,12.352526095509468,6.623613713443732,4.514951994618532,2.0175694277061673,-2.9109261575161915,19.369031095765408,98.75,1,4,1.4803825715160837
Sushi v3 5bp,Sushi v3,unverified_adapter,7.5,24,24,50.0,69.5780987784258,71.13447592633726,-0.9094468776597031,Sushi v3 5bp,0x9b050cb1f265094b0977160a2bd7da8c9e529c3c,720,168,50.0,2452.85,2674.34,58660259.26974459,213.9801931633168,12.141980339401922,4.436500094396667,4.514951994618532,-0.07506284863997292,-3.0818997876239096,19.300453419685095,98.75,1,4,1.4803825715160837
Sushi v3 5bp,Sushi v3,unverified_adapter,7.5,24,24,25.0,49.41638097517369,71.13447592633726,-12.690660273802424,Sushi v3 5bp,0x9b050cb1f265094b0977160a2bd7da8c9e529c3c,720,168,75.0,2452.85,2674.34,58660259.26974459,106.56515177030485,12.037611139173523,3.355620756924438,4.514951994618532,-1.1092491701606422,-3.224378454137955,19.272445240555847,98.75,1,4,1.4803825715160837
Sushi v3 5bp,Sushi v3,unverified_adapter,7.5,24,72,100.0,118.21419822279617,71.13447592633726,27.510366944836882,Sushi v3 5bp,0x9b050cb1f265094b0977160a2bd7da8c9e529c3c,720,168,0.0,2452.85,2674.34,58660259.26974459,431.38887652647384,12.352526095509468,6.623613713443732,4.514951994618532,2.0175694277061673,-2.9109261575161915,19.369031095765408,98.75,1,4,1.4803825715160837
Sushi v3 5bp,Sushi v3,unverified_adapter,7.5,24,72,50.0,69.5780987784258,71.13447592633726,-0.9094468776597031,Sushi v3 5bp,0x9b050cb1f265094b0977160a2bd7da8c9e529c3c,720,168,50.0,2452.85,2674.34,58660259.26974459,213.9801931633168,12.141980339401922,4.436500094396667,4.514951994618532,-0.07506284863997292,-3.0818997876239096,19.300453419685095,98.75,1,4,1.4803825715160837
Sushi v3 5bp,Sushi v3,unverified_adapter,7.5,24,72,25.0,49.41638097517369,71.13447592633726,-12.690660273802424,Sushi v3 5bp,0x9b050cb1f265094b0977160a2bd7da8c9e529c3c,720,168,75.0,2452.85,2674.34,58660259.26974459,106.56515177030485,12.037611139173523,3.355620756924438,4.514951994618532,-1.1092491701606422,-3.224378454137955,19.272445240555847,98.75,1,4,1.4803825715160837
Sushi v3 5bp,Sushi v3,unverified_adapter,7.5,24,168,100.0,118.21419822279617,71.13447592633726,27.510366944836882,Sushi v3 5bp,0x9b050cb1f265094b0977160a2bd7da8c9e529c3c,720,168,0.0,2452.85,2674.34,58660259.26974459,431.38887652647384,12.352526095509468,6.623613713443732,4.514951994618532,2.0175694277061673,-2.9109261575161915,19.369031095765408,98.75,1,4,1.4803825715160837
Sushi v3 5bp,Sushi v3,unverified_adapter,7.5,24,168,50.0,69.5780987784258,71.13447592633726,-0.9094468776597031,Sushi v3 5bp,0x9b050cb1f265094b0977160a2bd7da8c9e529c3c,720,168,50.0,2452.85,2674.34,58660259.26974459,213.9801931633168,12.141980339401922,4.436500094396667,4.514951994618532,-0.07506284863997292,-3.0818997876239096,19.300453419685095,98.75,1,4,1.4803825715160837
Sushi v3 5bp,Sushi v3,unverified_adapter,7.5,24,168,25.0,49.41638097517369,71.13447592633726,-12.690660273802424,Sushi v3 5bp,0x9b050cb1f265094b0977160a2bd7da8c9e529c3c,720,168,75.0,2452.85,2674.34,58660259.26974459,106.56515177030485,12.037611139173523,3.355620756924438,4.514951994618532,-1.1092491701606422,-3.224378454137955,19.272445240555847,98.75,1,4,1.4803825715160837
Sushi v3 5bp,Sushi v3,unverified_adapter,10.0,4,24,100.0,105.07110254073146,71.13447592633639,19.83038568394775,Sushi v3 5bp,0x9b050cb1f265094b0977160a2bd7da8c9e529c3c,720,168,0.0,2452.85,2674.34,58660259.26974459,334.6662741982223,12.309943592215733,6.080603924241124,4.514951994618488,1.498017173373678,-3.241290031534594,20.342617441959685,100.0,1,4,1.1337080128439236
Sushi v3 5bp,Sushi v3,unverified_adapter,10.0,4,24,50.0,68.55498235754914,71.13447592633639,-1.5072904245767016,Sushi v3 5bp,0x9b050cb1f265094b0977160a2bd7da8c9e529c3c,720,168,50.0,2452.85,2674.34,58660259.26974459,166.29162376961642,12.146085782740705,4.384567333533607,4.514951994618488,-0.12475216090764851,-3.5042467081538686,20.280214150798248,100.0,1,4,1.1337080128439236
Sushi v3 5bp,Sushi v3,unverified_adapter,10.0,4,24,25.0,52.767510493976275,71.13447592633639,-10.732475343113357,Sushi v3 5bp,0x9b050cb1f265094b0977160a2bd7da8c9e529c3c,720,168,75.0,2452.85,2674.34,58660259.26974459,82.88731731674885,12.064722132682183,3.5442139969782405,4.514951994618488,-0.9288029885812343,-3.635748287330154,20.252450895093858,100.0,1,4,1.1337080128439236
Sushi v3 5bp,Sushi v3,unverified_adapter,10.0,4,72,100.0,105.07110254073146,71.13447592633639,19.83038568394775,Sushi v3 5bp,0x9b050cb1f265094b0977160a2bd7da8c9e529c3c,720,168,0.0,2452.85,2674.34,58660259.26974459,334.6662741982223,12.309943592215733,6.080603924241124,4.514951994618488,1.498017173373678,-3.241290031534594,20.342617441959685,100.0,1,4,1.1337080128439236
Sushi v3 5bp,Sushi v3,unverified_adapter,10.0,4,72,50.0,68.55498235754914,71.13447592633639,-1.5072904245767016,Sushi v3 5bp,0x9b050cb1f265094b0977160a2bd7da8c9e529c3c,720,168,50.0,2452.85,2674.34,58660259.26974459,166.29162376961642,12.146085782740705,4.384567333533607,4.514951994618488,-0.12475216090764851,-3.5042467081538686,20.280214150798248,100.0,1,4,1.1337080128439236
Sushi v3 5bp,Sushi v3,unverified_adapter,10.0,4,72,25.0,52.767510493976275,71.13447592633639,-10.732475343113357,Sushi v3 5bp,0x9b050cb1f265094b0977160a2bd7da8c9e529c3c,720,168,75.0,2452.85,2674.34,58660259.26974459,82.88731731674885,12.064722132682183,3.5442139969782405,4.514951994618488,-0.9288029885812343,-3.635748287330154,20.252450895093858,100.0,1,4,1.1337080128439236
Sushi v3 5bp,Sushi v3,unverified_adapter,10.0,4,168,100.0,105.07110254073146,71.13447592633639,19.83038568394775,Sushi v3 5bp,0x9b050cb1f265094b0977160a2bd7da8c9e529c3c,720,168,0.0,2452.85,2674.34,58660259.26974459,334.6662741982223,12.309943592215733,6.080603924241124,4.514951994618488,1.498017173373678,-3.241290031534594,20.342617441959685,100.0,1,4,1.1337080128439236
Sushi v3 5bp,Sushi v3,unverified_adapter,10.0,4,168,50.0,68.55498235754914,71.13447592633639,-1.5072904245767016,Sushi v3 5bp,0x9b050cb1f265094b0977160a2bd7da8c9e529c3c,720,168,50.0,2452.85,2674.34,58660259.26974459,166.29162376961642,12.146085782740705,4.384567333533607,4.514951994618488,-0.12475216090764851,-3.5042467081538686,20.280214150798248,100.0,1,4,1.1337080128439236
Sushi v3 5bp,Sushi v3,unverified_adapter,10.0,4,168,25.0,52.767510493976275,71.13447592633639,-10.732475343113357,Sushi v3 5bp,0x9b050cb1f265094b0977160a2bd7da8c9e529c3c,720,168,75.0,2452.85,2674.34,58660259.26974459,82.88731731674885,12.064722132682183,3.5442139969782405,4.514951994618488,-0.9288029885812343,-3.635748287330154,20.252450895093858,100.0,1,4,1.1337080128439236
Sushi v3 5bp,Sushi v3,unverified_adapter,10.0,12,24,100.0,105.28488717588527,71.13447592633639,19.955307698635806,Sushi v3 5bp,0x9b050cb1f265094b0977160a2bd7da8c9e529c3c,720,168,0.0,2452.85,2674.34,58660259.26974459,334.6911295553938,12.3104358529273,6.089689003433296,4.514951994618488,1.5067097853098232,-3.241290031534594,20.329511921556325,100.0,1,4,1.1337080128439236
Sushi v3 5bp,Sushi v3,unverified_adapter,10.0,12,24,50.0,68.72261642496997,71.13447592633639,-1.4093358385628973,Sushi v3 5bp,0x9b050cb1f265094b0977160a2bd7da8c9e529c3c,720,168,50.0,2452.85,2674.34,58660259.26974459,166.30968215689705,12.146338864576315,4.393096120056406,4.514951994618488,-0.1165918102975061,-3.5042467081538686,20.267157343548188,100.0,1,4,1.1337080128439236
Sushi v3 5bp,Sushi v3,unverified_adapter,10.0,12,24,25.0,52.93007976397639,71.13447592633639,-10.637480299525325,Sushi v3 5bp,0x9b050cb1f265094b0977160a2bd7da8c9e529c3c,720,168,75.0,2452.85,2674.34,58660259.26974459,82.89598911198665,12.064668679188287,3.553266104122166,4.514951994618488,-0.9201419243304421,-3.635748287330154,20.239711938973006,100.0,1,4,1.1337080128439236
Sushi v3 5bp,Sushi v3,unverified_adapter,10.0,12,72,100.0,105.28488717588527,71.13447592633639,19.955307698635806,Sushi v3 5bp,0x9b050cb1f265094b0977160a2bd7da8c9e529c3c,720,168,0.0,2452.85,2674.34,58660259.26974459,334.6911295553938,12.3104358529273,6.089689003433296,4.514951994618488,1.5067097853098232,-3.241290031534594,20.329511921556325,100.0,1,4,1.1337080128439236
Sushi v3 5bp,Sushi v3,unverified_adapter,10.0,12,72,50.0,68.72261642496997,71.13447592633639,-1.4093358385628973,Sushi v3 5bp,0x9b050cb1f265094b0977160a2bd7da8c9e529c3c,720,168,50.0,2452.85,2674.34,58660259.26974459,166.30968215689705,12.146338864576315,4.393096120056406,4.514951994618488,-0.1165918102975061,-3.5042467081538686,20.267157343548188,100.0,1,4,1.1337080128439236
Sushi v3 5bp,Sushi v3,unverified_adapter,10.0,12,72,25.0,52.93007976397639,71.13447592633639,-10.637480299525325,Sushi v3 5bp,0x9b050cb1f265094b0977160a2bd7da8c9e529c3c,720,168,75.0,2452.85,2674.34,58660259.26974459,82.89598911198665,12.064668679188287,3.553266104122166,4.514951994618488,-0.9201419243304421,-3.635748287330154,20.239711938973006,100.0,1,4,1.1337080128439236
Sushi v3 5bp,Sushi v3,unverified_adapter,10.0,12,168,100.0,105.28488717588527,71.13447592633639,19.955307698635806,Sushi v3 5bp,0x9b050cb1f265094b0977160a2bd7da8c9e529c3c,720,168,0.0,2452.85,2674.34,58660259.26974459,334.6911295553938,12.3104358529273,6.089689003433296,4.514951994618488,1.5067097853098232,-3.241290031534594,20.329511921556325,100.0,1,4,1.1337080128439236
Sushi v3 5bp,Sushi v3,unverified_adapter,10.0,12,168,50.0,68.72261642496997,71.13447592633639,-1.4093358385628973,Sushi v3 5bp,0x9b050cb1f265094b0977160a2bd7da8c9e529c3c,720,168,50.0,2452.85,2674.34,58660259.26974459,166.30968215689705,12.146338864576315,4.393096120056406,4.514951994618488,-0.1165918102975061,-3.5042467081538686,20.267157343548188,100.0,1,4,1.1337080128439236
Sushi v3 5bp,Sushi v3,unverified_adapter,10.0,12,168,25.0,52.93007976397639,71.13447592633639,-10.637480299525325,Sushi v3 5bp,0x9b050cb1f265094b0977160a2bd7da8c9e529c3c,720,168,75.0,2452.85,2674.34,58660259.26974459,82.89598911198665,12.064668679188287,3.553266104122166,4.514951994618488,-0.9201419243304421,-3.635748287330154,20.239711938973006,100.0,1,4,1.1337080128439236
Sushi v3 5bp,Sushi v3,unverified_adapter,10.0,24,24,100.0,57.06732911954744,71.13447592633639,-8.219937409247747,Sushi v3 5bp,0x9b050cb1f265094b0977160a2bd7da8c9e529c3c,720,168,0.0,2452.85,2674.34,58660259.26974459,321.37990625952006,12.363935163180637,3.7807120064556887,4.514951994618488,-0.7025214805634783,-3.241290031534594,19.46770550295214,98.47222222222223,1,4,1.1337080128439236
Sushi v3 5bp,Sushi v3,unverified_adapter,10.0,24,24,50.0,29.92712674276976,71.13447592633639,-24.07892913483097,Sushi v3 5bp,0x9b050cb1f265094b0977160a2bd7da8c9e529c3c,720,168,50.0,2452.85,2674.34,58660259.26974459,159.70132081580613,12.177796612026201,2.1751283345553096,4.514951994618488,-2.238745380836682,-3.5042467081538686,19.479738427327657,98.47222222222223,1,4,1.1337080128439236
Sushi v3 5bp,Sushi v3,unverified_adapter,10.0,24,24,25.0,18.141913586481696,71.13447592633639,-30.965451030840264,Sushi v3 5bp,0x9b050cb1f265094b0977160a2bd7da8c9e529c3c,720,168,75.0,2452.85,2674.34,58660259.26974459,79.60460437289588,12.085338281101086,1.3797028114444831,4.514951994618488,-2.999809236228179,-3.635748287330154,19.489185808745276,98.47222222222223,1,4,1.1337080128439236
Sushi v3 5bp,Sushi v3,unverified_adapter,10.0,24,72,100.0,57.06732911954744,71.13447592633639,-8.219937409247747,Sushi v3 5bp,0x9b050cb1f265094b0977160a2bd7da8c9e529c3c,720,168,0.0,2452.85,2674.34,58660259.26974459,321.37990625952006,12.363935163180637,3.7807120064556887,4.514951994618488,-0.7025214805634783,-3.241290031534594,19.46770550295214,98.47222222222223,1,4,1.1337080128439236
Sushi v3 5bp,Sushi v3,unverified_adapter,10.0,24,72,50.0,29.92712674276976,71.13447592633639,-24.07892913483097,Sushi v3 5bp,0x9b050cb1f265094b0977160a2bd7da8c9e529c3c,720,168,50.0,2452.85,2674.34,58660259.26974459,159.70132081580613,12.177796612026201,2.1751283345553096,4.514951994618488,-2.238745380836682,-3.5042467081538686,19.479738427327657,98.47222222222223,1,4,1.1337080128439236
Sushi v3 5bp,Sushi v3,unverified_adapter,10.0,24,72,25.0,18.141913586481696,71.13447592633639,-30.965451030840264,Sushi v3 5bp,0x9b050cb1f265094b0977160a2bd7da8c9e529c3c,720,168,75.0,2452.85,2674.34,58660259.26974459,79.60460437289588,12.085338281101086,1.3797028114444831,4.514951994618488,-2.999809236228179,-3.635748287330154,19.489185808745276,98.47222222222223,1,4,1.1337080128439236
Sushi v3 5bp,Sushi v3,unverified_adapter,10.0,24,168,100.0,57.06732911954744,71.13447592633639,-8.219937409247747,Sushi v3 5bp,0x9b050cb1f265094b0977160a2bd7da8c9e529c3c,720,168,0.0,2452.85,2674.34,58660259.26974459,321.37990625952006,12.363935163180637,3.7807120064556887,4.514951994618488,-0.7025214805634783,-3.241290031534594,19.46770550295214,98.47222222222223,1,4,1.1337080128439236
Sushi v3 5bp,Sushi v3,unverified_adapter,10.0,24,168,50.0,29.92712674276976,71.13447592633639,-24.07892913483097,Sushi v3 5bp,0x9b050cb1f265094b0977160a2bd7da8c9e529c3c,720,168,50.0,2452.85,2674.34,58660259.26974459,159.70132081580613,12.177796612026201,2.1751283345553096,4.514951994618488,-2.238745380836682,-3.5042467081538686,19.479738427327657,98.47222222222223,1,4,1.1337080128439236
Sushi v3 5bp,Sushi v3,unverified_adapter,10.0,24,168,25.0,18.141913586481696,71.13447592633639,-30.965451030840264,Sushi v3 5bp,0x9b050cb1f265094b0977160a2bd7da8c9e529c3c,720,168,75.0,2452.85,2674.34,58660259.26974459,79.60460437289588,12.085338281101086,1.3797028114444831,4.514951994618488,-2.999809236228179,-3.635748287330154,19.489185808745276,98.47222222222223,1,4,1.1337080128439236
Sushi v3 5bp,Sushi v3,unverified_adapter,15.0,4,24,100.0,67.19942058868058,71.13447592633639,-2.299393688124829,Sushi v3 5bp,0x9b050cb1f265094b0977160a2bd7da8c9e529c3c,720,168,0.0,2452.85,2674.34,58660259.26974459,230.61631819549223,12.358104347798937,4.315312430070817,4.514951994618488,-0.19101531478284972,-3.7716582949243516,20.523958080999023,100.0,1,4,0.7844443150921689
Sushi v3 5bp,Sushi v3,unverified_adapter,15.0,4,24,50.0,45.94261820284766,71.13447592633639,-14.720504204151364,Sushi v3 5bp,0x9b050cb1f265094b0977160a2bd7da8c9e529c3c,720,168,50.0,2452.85,2674.34,58660259.26974459,114.79243802179148,12.225660818827572,3.1559829966034236,4.514951994618488,-1.3002627586577664,-3.95338241150619,20.50682225659477,100.0,1,4,0.7844443150921689
Sushi v3 5bp,Sushi v3,unverified_adapter,15.0,4,24,25.0,36.334302130782305,71.13447592633639,-20.334987212356737,Sushi v3 5bp,0x9b050cb1f265094b0977160a2bd7da8c9e529c3c,720,168,75.0,2452.85,2674.34,58660259.26974459,57.26771580934773,12.1597541439547,2.5801751150287044,4.514951994618488,-1.8511962572488327,-4.044253555049437,20.500071517788935,100.0,1,4,0.7844443150921689
Sushi v3 5bp,Sushi v3,unverified_adapter,15.0,4,72,100.0,67.19942058868058,71.13447592633639,-2.299393688124829,Sushi v3 5bp,0x9b050cb1f265094b0977160a2bd7da8c9e529c3c,720,168,0.0,2452.85,2674.34,58660259.26974459,230.61631819549223,12.358104347798937,4.315312430070817,4.514951994618488,-0.19101531478284972,-3.7716582949243516,20.523958080999023,100.0,1,4,0.7844443150921689
Sushi v3 5bp,Sushi v3,unverified_adapter,15.0,4,72,50.0,45.94261820284766,71.13447592633639,-14.720504204151364,Sushi v3 5bp,0x9b050cb1f265094b0977160a2bd7da8c9e529c3c,720,168,50.0,2452.85,2674.34,58660259.26974459,114.79243802179148,12.225660818827572,3.1559829966034236,4.514951994618488,-1.3002627586577664,-3.95338241150619,20.50682225659477,100.0,1,4,0.7844443150921689
Sushi v3 5bp,Sushi v3,unverified_adapter,15.0,4,72,25.0,36.334302130782305,71.13447592633639,-20.334987212356737,Sushi v3 5bp,0x9b050cb1f265094b0977160a2bd7da8c9e529c3c,720,168,75.0,2452.85,2674.34,58660259.26974459,57.26771580934773,12.1597541439547,2.5801751150287044,4.514951994618488,-1.8511962572488327,-4.044253555049437,20.500071517788935,100.0,1,4,0.7844443150921689
Sushi v3 5bp,Sushi v3,unverified_adapter,15.0,4,168,100.0,67.19942058868058,71.13447592633639,-2.299393688124829,Sushi v3 5bp,0x9b050cb1f265094b0977160a2bd7da8c9e529c3c,720,168,0.0,2452.85,2674.34,58660259.26974459,230.61631819549223,12.358104347798937,4.315312430070817,4.514951994618488,-0.19101531478284972,-3.7716582949243516,20.523958080999023,100.0,1,4,0.7844443150921689
Sushi v3 5bp,Sushi v3,unverified_adapter,15.0,4,168,50.0,45.94261820284766,71.13447592633639,-14.720504204151364,Sushi v3 5bp,0x9b050cb1f265094b0977160a2bd7da8c9e529c3c,720,168,50.0,2452.85,2674.34,58660259.26974459,114.79243802179148,12.225660818827572,3.1559829966034236,4.514951994618488,-1.3002627586577664,-3.95338241150619,20.50682225659477,100.0,1,4,0.7844443150921689
Sushi v3 5bp,Sushi v3,unverified_adapter,15.0,4,168,25.0,36.334302130782305,71.13447592633639,-20.334987212356737,Sushi v3 5bp,0x9b050cb1f265094b0977160a2bd7da8c9e529c3c,720,168,75.0,2452.85,2674.34,58660259.26974459,57.26771580934773,12.1597541439547,2.5801751150287044,4.514951994618488,-1.8511962572488327,-4.044253555049437,20.500071517788935,100.0,1,4,0.7844443150921689
Sushi v3 5bp,Sushi v3,unverified_adapter,15.0,12,24,100.0,52.767946541404484,71.13447592633639,-10.732220544992765,Sushi v3 5bp,0x9b050cb1f265094b0977160a2bd7da8c9e529c3c,720,168,0.0,2452.85,2674.34,58660259.26974459,230.36308693552132,12.373083305367029,3.5442382885930046,4.514951994618488,-0.9287797463423897,-3.7716582949243516,20.313354234246212,100.0,1,4,0.7844443150921689
Sushi v3 5bp,Sushi v3,unverified_adapter,15.0,12,24,50.0,33.334953220280795,71.13447592633639,-22.087614141715374,Sushi v3 5bp,0x9b050cb1f265094b0977160a2bd7da8c9e529c3c,720,168,50.0,2452.85,2674.34,58660259.26974459,114.66327980763393,12.239369120801673,2.3927886092579786,4.514951994618488,-2.0304878343816335,-3.95338241150619,20.30899700189148,100.0,1,4,0.7844443150921689
Sushi v3 5bp,Sushi v3,unverified_adapter,15.0,12,24,25.0,24.55196024528037,71.13447592633639,-27.219831322069375,Sushi v3 5bp,0x9b050cb1f265094b0977160a2bd7da8c9e529c3c,720,168,75.0,2452.85,2674.34,58660259.26974459,57.20251022765923,12.1728347910152,1.8209237819295954,4.514951994618488,-2.577648615126016,-4.044253555049437,20.308633442368883,100.0,1,4,0.7844443150921689
Sushi v3 5bp,Sushi v3,unverified_adapter,15.0,12,72,100.0,52.767946541404484,71.13447592633639,-10.732220544992765,Sushi v3 5bp,0x9b050cb1f265094b0977160a2bd7da8c9e529c3c,720,168,0.0,2452.85,2674.34,58660259.26974459,230.36308693552132,12.373083305367029,3.5442382885930046,4.514951994618488,-0.9287797463423897,-3.7716582949243516,20.313354234246212,100.0,1,4,0.7844443150921689
Sushi v3 5bp,Sushi v3,unverified_adapter,15.0,12,72,50.0,33.334953220280795,71.13447592633639,-22.087614141715374,Sushi v3 5bp,0x9b050cb1f265094b0977160a2bd7da8c9e529c3c,720,168,50.0,2452.85,2674.34,58660259.26974459,114.66327980763393,12.239369120801673,2.3927886092579786,4.514951994618488,-2.0304878343816335,-3.95338241150619,20.30899700189148,100.0,1,4,0.7844443150921689
Sushi v3 5bp,Sushi v3,unverified_adapter,15.0,12,72,25.0,24.55196024528037,71.13447592633639,-27.219831322069375,Sushi v3 5bp,0x9b050cb1f265094b0977160a2bd7da8c9e529c3c,720,168,75.0,2452.85,2674.34,58660259.26974459,57.20251022765923,12.1728347910152,1.8209237819295954,4.514951994618488,-2.577648615126016,-4.044253555049437,20.308633442368883,100.0,1,4,0.7844443150921689
Sushi v3 5bp,Sushi v3,unverified_adapter,15.0,12,168,100.0,52.767946541404484,71.13447592633639,-10.732220544992765,Sushi v3 5bp,0x9b050cb1f265094b0977160a2bd7da8c9e529c3c,720,168,0.0,2452.85,2674.34,58660259.26974459,230.36308693552132,12.373083305367029,3.5442382885930046,4.514951994618488,-0.9287797463423897,-3.7716582949243516,20.313354234246212,100.0,1,4,0.7844443150921689
Sushi v3 5bp,Sushi v3,unverified_adapter,15.0,12,168,50.0,33.334953220280795,71.13447592633639,-22.087614141715374,Sushi v3 5bp,0x9b050cb1f265094b0977160a2bd7da8c9e529c3c,720,168,50.0,2452.85,2674.34,58660259.26974459,114.66327980763393,12.239369120801673,2.3927886092579786,4.514951994618488,-2.0304878343816335,-3.95338241150619,20.30899700189148,100.0,1,4,0.7844443150921689
Sushi v3 5bp,Sushi v3,unverified_adapter,15.0,12,168,25.0,24.55196024528037,71.13447592633639,-27.219831322069375,Sushi v3 5bp,0x9b050cb1f265094b0977160a2bd7da8c9e529c3c,720,168,75.0,2452.85,2674.34,58660259.26974459,57.20251022765923,12.1728347910152,1.8209237819295954,4.514951994618488,-2.577648615126016,-4.044253555049437,20.308633442368883,100.0,1,4,0.7844443150921689
Sushi v3 5bp,Sushi v3,unverified_adapter,15.0,24,24,100.0,65.59123252874362,71.13447592633639,-3.239115536239956,Sushi v3 5bp,0x9b050cb1f265094b0977160a2bd7da8c9e529c3c,720,168,0.0,2452.85,2674.34,58660259.26974459,230.78111685124506,12.36425595876201,4.232479493649288,4.514951994618488,-0.2702699427960753,-3.7716582949243516,20.19779217314433,100.0,1,4,0.7844443150921689
Sushi v3 5bp,Sushi v3,unverified_adapter,15.0,24,24,50.0,44.527581921788205,71.13447592633639,-15.54736055404825,Sushi v3 5bp,0x9b050cb1f265094b0977160a2bd7da8c9e529c3c,720,168,50.0,2452.85,2674.34,58660259.26974459,114.868574233037,12.22966107481244,3.0734080401689123,4.514951994618488,-1.3792705511875614,-3.95338241150619,20.187460674945584,100.0,1,4,0.7844443150921689
Sushi v3 5bp,Sushi v3,unverified_adapter,15.0,24,24,25.0,35.007796770750545,71.13447592633639,-21.110111776154582,Sushi v3 5bp,0x9b050cb1f265094b0977160a2bd7da8c9e529c3c,720,168,75.0,2452.85,2674.34,58660259.26974459,57.304234964056285,12.162692071058855,2.497772191966652,4.514951994618488,-1.9300394480932348,-4.044253555049437,20.18412023855733,100.0,1,4,0.7844443150921689
Sushi v3 5bp,Sushi v3,unverified_adapter,15.0,24,72,100.0,65.59123252874362,71.13447592633639,-3.239115536239956,Sushi v3 5bp,0x9b050cb1f265094b0977160a2bd7da8c9e529c3c,720,168,0.0,2452.85,2674.34,58660259.26974459,230.78111685124506,12.36425595876201,4.232479493649288,4.514951994618488,-0.2702699427960753,-3.7716582949243516,20.19779217314433,100.0,1,4,0.7844443150921689
Sushi v3 5bp,Sushi v3,unverified_adapter,15.0,24,72,50.0,44.527581921788205,71.13447592633639,-15.54736055404825,Sushi v3 5bp,0x9b050cb1f265094b0977160a2bd7da8c9e529c3c,720,168,50.0,2452.85,2674.34,58660259.26974459,114.868574233037,12.22966107481244,3.0734080401689123,4.514951994618488,-1.3792705511875614,-3.95338241150619,20.187460674945584,100.0,1,4,0.7844443150921689
Sushi v3 5bp,Sushi v3,unverified_adapter,15.0,24,72,25.0,35.007796770750545,71.13447592633639,-21.110111776154582,Sushi v3 5bp,0x9b050cb1f265094b0977160a2bd7da8c9e529c3c,720,168,75.0,2452.85,2674.34,58660259.26974459,57.304234964056285,12.162692071058855,2.497772191966652,4.514951994618488,-1.9300394480932348,-4.044253555049437,20.18412023855733,100.0,1,4,0.7844443150921689
Sushi v3 5bp,Sushi v3,unverified_adapter,15.0,24,168,100.0,65.59123252874362,71.13447592633639,-3.239115536239956,Sushi v3 5bp,0x9b050cb1f265094b0977160a2bd7da8c9e529c3c,720,168,0.0,2452.85,2674.34,58660259.26974459,230.78111685124506,12.36425595876201,4.232479493649288,4.514951994618488,-0.2702699427960753,-3.7716582949243516,20.19779217314433,100.0,1,4,0.7844443150921689
Sushi v3 5bp,Sushi v3,unverified_adapter,15.0,24,168,50.0,44.527581921788205,71.13447592633639,-15.54736055404825,Sushi v3 5bp,0x9b050cb1f265094b0977160a2bd7da8c9e529c3c,720,168,50.0,2452.85,2674.34,58660259.26974459,114.868574233037,12.22966107481244,3.0734080401689123,4.514951994618488,-1.3792705511875614,-3.95338241150619,20.187460674945584,100.0,1,4,0.7844443150921689
Sushi v3 5bp,Sushi v3,unverified_adapter,15.0,24,168,25.0,35.007796770750545,71.13447592633639,-21.110111776154582,Sushi v3 5bp,0x9b050cb1f265094b0977160a2bd7da8c9e529c3c,720,168,75.0,2452.85,2674.34,58660259.26974459,57.304234964056285,12.162692071058855,2.497772191966652,4.514951994618488,-1.9300394480932348,-4.044253555049437,20.18412023855733,100.0,1,4,0.7844443150921689
Sushi v3 5bp,Sushi v3,unverified_adapter,20.0,4,24,100.0,85.3056633368833,71.13447592633639,8.280732058131136,Sushi v3 5bp,0x9b050cb1f265094b0977160a2bd7da8c9e529c3c,720,168,0.0,2452.85,2674.34,58660259.26974459,179.74537203533941,1.083723455287598,5.200607732650897,4.514951994618488,0.6560360263742071,-4.036096641467813,20.364833808604295,100.0,0,4,0.6087517863019375
Sushi v3 5bp,Sushi v3,unverified_adapter,20.0,4,24,50.0,66.7024065405761,71.13447592633639,-2.5898167869272126,Sushi v3 5bp,0x9b050cb1f265094b0977160a2bd7da8c9e529c3c,720,168,50.0,2452.85,2674.34,58660259.26974459,89.57077675996729,1.0417354577478024,4.289791088105077,4.514951994618488,-0.21543415771266838,-4.177030411436444,20.344996856346793,100.0,0,4,0.6087517863019375
Sushi v3 5bp,Sushi v3,unverified_adapter,20.0,4,24,25.0,58.10052568777764,71.13447592633639,-7.616203671415356,Sushi v3 5bp,0x9b050cb1f265094b0977160a2bd7da8c9e529c3c,720,168,75.0,2452.85,2674.34,58660259.26974459,44.71008770414936,1.0208362225522722,3.836653576482263,4.514951994618488,-0.6489965360852556,-4.247502152608673,20.33620139213147,100.0,0,4,0.6087517863019375
Sushi v3 5bp,Sushi v3,unverified_adapter,20.0,4,72,100.0,85.3056633368833,71.13447592633639,8.280732058131136,Sushi v3 5bp,0x9b050cb1f265094b0977160a2bd7da8c9e529c3c,720,168,0.0,2452.85,2674.34,58660259.26974459,179.74537203533941,1.083723455287598,5.200607732650897,4.514951994618488,0.6560360263742071,-4.036096641467813,20.364833808604295,100.0,0,4,0.6087517863019375
Sushi v3 5bp,Sushi v3,unverified_adapter,20.0,4,72,50.0,66.7024065405761,71.13447592633639,-2.5898167869272126,Sushi v3 5bp,0x9b050cb1f265094b0977160a2bd7da8c9e529c3c,720,168,50.0,2452.85,2674.34,58660259.26974459,89.57077675996729,1.0417354577478024,4.289791088105077,4.514951994618488,-0.21543415771266838,-4.177030411436444,20.344996856346793,100.0,0,4,0.6087517863019375
Sushi v3 5bp,Sushi v3,unverified_adapter,20.0,4,72,25.0,58.10052568777764,71.13447592633639,-7.616203671415356,Sushi v3 5bp,0x9b050cb1f265094b0977160a2bd7da8c9e529c3c,720,168,75.0,2452.85,2674.34,58660259.26974459,44.71008770414936,1.0208362225522722,3.836653576482263,4.514951994618488,-0.6489965360852556,-4.247502152608673,20.33620139213147,100.0,0,4,0.6087517863019375
Sushi v3 5bp,Sushi v3,unverified_adapter,20.0,4,168,100.0,85.3056633368833,71.13447592633639,8.280732058131136,Sushi v3 5bp,0x9b050cb1f265094b0977160a2bd7da8c9e529c3c,720,168,0.0,2452.85,2674.34,58660259.26974459,179.74537203533941,1.083723455287598,5.200607732650897,4.514951994618488,0.6560360263742071,-4.036096641467813,20.364833808604295,100.0,0,4,0.6087517863019375
Sushi v3 5bp,Sushi v3,unverified_adapter,20.0,4,168,50.0,66.7024065405761,71.13447592633639,-2.5898167869272126,Sushi v3 5bp,0x9b050cb1f265094b0977160a2bd7da8c9e529c3c,720,168,50.0,2452.85,2674.34,58660259.26974459,89.57077675996729,1.0417354577478024,4.289791088105077,4.514951994618488,-0.21543415771266838,-4.177030411436444,20.344996856346793,100.0,0,4,0.6087517863019375
Sushi v3 5bp,Sushi v3,unverified_adapter,20.0,4,168,25.0,58.10052568777764,71.13447592633639,-7.616203671415356,Sushi v3 5bp,0x9b050cb1f265094b0977160a2bd7da8c9e529c3c,720,168,75.0,2452.85,2674.34,58660259.26974459,44.71008770414936,1.0208362225522722,3.836653576482263,4.514951994618488,-0.6489965360852556,-4.247502152608673,20.33620139213147,100.0,0,4,0.6087517863019375
Sushi v3 5bp,Sushi v3,unverified_adapter,20.0,12,24,100.0,85.3056633368833,71.13447592633639,8.280732058131136,Sushi v3 5bp,0x9b050cb1f265094b0977160a2bd7da8c9e529c3c,720,168,0.0,2452.85,2674.34,58660259.26974459,179.74537203533941,1.083723455287598,5.200607732650897,4.514951994618488,0.6560360263742071,-4.036096641467813,20.364833808604295,100.0,0,4,0.6087517863019375
Sushi v3 5bp,Sushi v3,unverified_adapter,20.0,12,24,50.0,66.7024065405761,71.13447592633639,-2.5898167869272126,Sushi v3 5bp,0x9b050cb1f265094b0977160a2bd7da8c9e529c3c,720,168,50.0,2452.85,2674.34,58660259.26974459,89.57077675996729,1.0417354577478024,4.289791088105077,4.514951994618488,-0.21543415771266838,-4.177030411436444,20.344996856346793,100.0,0,4,0.6087517863019375
Sushi v3 5bp,Sushi v3,unverified_adapter,20.0,12,24,25.0,58.10052568777764,71.13447592633639,-7.616203671415356,Sushi v3 5bp,0x9b050cb1f265094b0977160a2bd7da8c9e529c3c,720,168,75.0,2452.85,2674.34,58660259.26974459,44.71008770414936,1.0208362225522722,3.836653576482263,4.514951994618488,-0.6489965360852556,-4.247502152608673,20.33620139213147,100.0,0,4,0.6087517863019375
Sushi v3 5bp,Sushi v3,unverified_adapter,20.0,12,72,100.0,85.3056633368833,71.13447592633639,8.280732058131136,Sushi v3 5bp,0x9b050cb1f265094b0977160a2bd7da8c9e529c3c,720,168,0.0,2452.85,2674.34,58660259.26974459,179.74537203533941,1.083723455287598,5.200607732650897,4.514951994618488,0.6560360263742071,-4.036096641467813,20.364833808604295,100.0,0,4,0.6087517863019375
Sushi v3 5bp,Sushi v3,unverified_adapter,20.0,12,72,50.0,66.7024065405761,71.13447592633639,-2.5898167869272126,Sushi v3 5bp,0x9b050cb1f265094b0977160a2bd7da8c9e529c3c,720,168,50.0,2452.85,2674.34,58660259.26974459,89.57077675996729,1.0417354577478024,4.289791088105077,4.514951994618488,-0.21543415771266838,-4.177030411436444,20.344996856346793,100.0,0,4,0.6087517863019375
Sushi v3 5bp,Sushi v3,unverified_adapter,20.0,12,72,25.0,58.10052568777764,71.13447592633639,-7.616203671415356,Sushi v3 5bp,0x9b050cb1f265094b0977160a2bd7da8c9e529c3c,720,168,75.0,2452.85,2674.34,58660259.26974459,44.71008770414936,1.0208362225522722,3.836653576482263,4.514951994618488,-0.6489965360852556,-4.247502152608673,20.33620139213147,100.0,0,4,0.6087517863019375
Sushi v3 5bp,Sushi v3,unverified_adapter,20.0,12,168,100.0,85.3056633368833,71.13447592633639,8.280732058131136,Sushi v3 5bp,0x9b050cb1f265094b0977160a2bd7da8c9e529c3c,720,168,0.0,2452.85,2674.34,58660259.26974459,179.74537203533941,1.083723455287598,5.200607732650897,4.514951994618488,0.6560360263742071,-4.036096641467813,20.364833808604295,100.0,0,4,0.6087517863019375
Sushi v3 5bp,Sushi v3,unverified_adapter,20.0,12,168,50.0,66.7024065405761,71.13447592633639,-2.5898167869272126,Sushi v3 5bp,0x9b050cb1f265094b0977160a2bd7da8c9e529c3c,720,168,50.0,2452.85,2674.34,58660259.26974459,89.57077675996729,1.0417354577478024,4.289791088105077,4.514951994618488,-0.21543415771266838,-4.177030411436444,20.344996856346793,100.0,0,4,0.6087517863019375
Sushi v3 5bp,Sushi v3,unverified_adapter,20.0,12,168,25.0,58.10052568777764,71.13447592633639,-7.616203671415356,Sushi v3 5bp,0x9b050cb1f265094b0977160a2bd7da8c9e529c3c,720,168,75.0,2452.85,2674.34,58660259.26974459,44.71008770414936,1.0208362225522722,3.836653576482263,4.514951994618488,-0.6489965360852556,-4.247502152608673,20.33620139213147,100.0,0,4,0.6087517863019375
Sushi v3 5bp,Sushi v3,unverified_adapter,20.0,24,24,100.0,85.3056633368833,71.13447592633639,8.280732058131136,Sushi v3 5bp,0x9b050cb1f265094b0977160a2bd7da8c9e529c3c,720,168,0.0,2452.85,2674.34,58660259.26974459,179.74537203533941,1.083723455287598,5.200607732650897,4.514951994618488,0.6560360263742071,-4.036096641467813,20.364833808604295,100.0,0,4,0.6087517863019375
Sushi v3 5bp,Sushi v3,unverified_adapter,20.0,24,24,50.0,66.7024065405761,71.13447592633639,-2.5898167869272126,Sushi v3 5bp,0x9b050cb1f265094b0977160a2bd7da8c9e529c3c,720,168,50.0,2452.85,2674.34,58660259.26974459,89.57077675996729,1.0417354577478024,4.289791088105077,4.514951994618488,-0.21543415771266838,-4.177030411436444,20.344996856346793,100.0,0,4,0.6087517863019375
Sushi v3 5bp,Sushi v3,unverified_adapter,20.0,24,24,25.0,58.10052568777764,71.13447592633639,-7.616203671415356,Sushi v3 5bp,0x9b050cb1f265094b0977160a2bd7da8c9e529c3c,720,168,75.0,2452.85,2674.34,58660259.26974459,44.71008770414936,1.0208362225522722,3.836653576482263,4.514951994618488,-0.6489965360852556,-4.247502152608673,20.33620139213147,100.0,0,4,0.6087517863019375
Sushi v3 5bp,Sushi v3,unverified_adapter,20.0,24,72,100.0,85.3056633368833,71.13447592633639,8.280732058131136,Sushi v3 5bp,0x9b050cb1f265094b0977160a2bd7da8c9e529c3c,720,168,0.0,2452.85,2674.34,58660259.26974459,179.74537203533941,1.083723455287598,5.200607732650897,4.514951994618488,0.6560360263742071,-4.036096641467813,20.364833808604295,100.0,0,4,0.6087517863019375
Sushi v3 5bp,Sushi v3,unverified_adapter,20.0,24,72,50.0,66.7024065405761,71.13447592633639,-2.5898167869272126,Sushi v3 5bp,0x9b050cb1f265094b0977160a2bd7da8c9e529c3c,720,168,50.0,2452.85,2674.34,58660259.26974459,89.57077675996729,1.0417354577478024,4.289791088105077,4.514951994618488,-0.21543415771266838,-4.177030411436444,20.344996856346793,100.0,0,4,0.6087517863019375
Sushi v3 5bp,Sushi v3,unverified_adapter,20.0,24,72,25.0,58.10052568777764,71.13447592633639,-7.616203671415356,Sushi v3 5bp,0x9b050cb1f265094b0977160a2bd7da8c9e529c3c,720,168,75.0,2452.85,2674.34,58660259.26974459,44.71008770414936,1.0208362225522722,3.836653576482263,4.514951994618488,-0.6489965360852556,-4.247502152608673,20.33620139213147,100.0,0,4,0.6087517863019375
Sushi v3 5bp,Sushi v3,unverified_adapter,20.0,24,168,100.0,85.3056633368833,71.13447592633639,8.280732058131136,Sushi v3 5bp,0x9b050cb1f265094b0977160a2bd7da8c9e529c3c,720,168,0.0,2452.85,2674.34,58660259.26974459,179.74537203533941,1.083723455287598,5.200607732650897,4.514951994618488,0.6560360263742071,-4.036096641467813,20.364833808604295,100.0,0,4,0.6087517863019375
Sushi v3 5bp,Sushi v3,unverified_adapter,20.0,24,168,50.0,66.7024065405761,71.13447592633639,-2.5898167869272126,Sushi v3 5bp,0x9b050cb1f265094b0977160a2bd7da8c9e529c3c,720,168,50.0,2452.85,2674.34,58660259.26974459,89.57077675996729,1.0417354577478024,4.289791088105077,4.514951994618488,-0.21543415771266838,-4.177030411436444,20.344996856346793,100.0,0,4,0.6087517863019375
Sushi v3 5bp,Sushi v3,unverified_adapter,20.0,24,168,25.0,58.10052568777764,71.13447592633639,-7.616203671415356,Sushi v3 5bp,0x9b050cb1f265094b0977160a2bd7da8c9e529c3c,720,168,75.0,2452.85,2674.34,58660259.26974459,44.71008770414936,1.0208362225522722,3.836653576482263,4.514951994618488,-0.6489965360852556,-4.247502152608673,20.33620139213147,100.0,0,4,0.6087517863019375
Sushi v3 5bp,Sushi v3,unverified_adapter,30.0,4,24,100.0,81.03922921928948,71.13447592633639,5.787701887267094,Sushi v3 5bp,0x9b050cb1f265094b0977160a2bd7da8c9e529c3c,720,168,0.0,2452.85,2674.34,58660259.26974459,127.36374996065648,1.0593365234335386,4.99939497520745,4.514951994618488,0.4635154792147933,-4.300276275720016,21.21990541360707,100.0,0,4,0.43218922881116284
Sushi v3 5bp,Sushi v3,unverified_adapter,30.0,4,24,50.0,67.95100787395094,71.13447592633639,-1.860214334460486,Sushi v3 5bp,0x9b050cb1f265094b0977160a2bd7da8c9e529c3c,720,168,50.0,2452.85,2674.34,58660259.26974459,63.529749238732364,1.0296046100599179,4.35377398814889,4.514951994618488,-0.15421526144689945,-4.400268590905066,21.204781133528826,100.0,0,4,0.43218922881116284
Sushi v3 5bp,Sushi v3,unverified_adapter,30.0,4,24,25.0,61.759579816448664,71.13447592633639,-5.47808736909523,Sushi v3 5bp,0x9b050cb1f265094b0977160a2bd7da8c9e529c3c,720,168,75.0,2452.85,2674.34,58660259.26974459,31.726906817653408,1.0147864141721057,4.032107860579481,4.514951994618488,-0.4619857013988593,-4.450266885781396,21.19776158567235,100.0,0,4,0.43218922881116284
Sushi v3 5bp,Sushi v3,unverified_adapter,30.0,4,72,100.0,81.03922921928948,71.13447592633639,5.787701887267094,Sushi v3 5bp,0x9b050cb1f265094b0977160a2bd7da8c9e529c3c,720,168,0.0,2452.85,2674.34,58660259.26974459,127.36374996065648,1.0593365234335386,4.99939497520745,4.514951994618488,0.4635154792147933,-4.300276275720016,21.21990541360707,100.0,0,4,0.43218922881116284
Sushi v3 5bp,Sushi v3,unverified_adapter,30.0,4,72,50.0,67.95100787395094,71.13447592633639,-1.860214334460486,Sushi v3 5bp,0x9b050cb1f265094b0977160a2bd7da8c9e529c3c,720,168,50.0,2452.85,2674.34,58660259.26974459,63.529749238732364,1.0296046100599179,4.35377398814889,4.514951994618488,-0.15421526144689945,-4.400268590905066,21.204781133528826,100.0,0,4,0.43218922881116284
Sushi v3 5bp,Sushi v3,unverified_adapter,30.0,4,72,25.0,61.759579816448664,71.13447592633639,-5.47808736909523,Sushi v3 5bp,0x9b050cb1f265094b0977160a2bd7da8c9e529c3c,720,168,75.0,2452.85,2674.34,58660259.26974459,31.726906817653408,1.0147864141721057,4.032107860579481,4.514951994618488,-0.4619857013988593,-4.450266885781396,21.19776158567235,100.0,0,4,0.43218922881116284
Sushi v3 5bp,Sushi v3,unverified_adapter,30.0,4,168,100.0,81.03922921928948,71.13447592633639,5.787701887267094,Sushi v3 5bp,0x9b050cb1f265094b0977160a2bd7da8c9e529c3c,720,168,0.0,2452.85,2674.34,58660259.26974459,127.36374996065648,1.0593365234335386,4.99939497520745,4.514951994618488,0.4635154792147933,-4.300276275720016,21.21990541360707,100.0,0,4,0.43218922881116284
Sushi v3 5bp,Sushi v3,unverified_adapter,30.0,4,168,50.0,67.95100787395094,71.13447592633639,-1.860214334460486,Sushi v3 5bp,0x9b050cb1f265094b0977160a2bd7da8c9e529c3c,720,168,50.0,2452.85,2674.34,58660259.26974459,63.529749238732364,1.0296046100599179,4.35377398814889,4.514951994618488,-0.15421526144689945,-4.400268590905066,21.204781133528826,100.0,0,4,0.43218922881116284
Sushi v3 5bp,Sushi v3,unverified_adapter,30.0,4,168,25.0,61.759579816448664,71.13447592633639,-5.47808736909523,Sushi v3 5bp,0x9b050cb1f265094b0977160a2bd7da8c9e529c3c,720,168,75.0,2452.85,2674.34,58660259.26974459,31.726906817653408,1.0147864141721057,4.032107860579481,4.514951994618488,-0.4619857013988593,-4.450266885781396,21.19776158567235,100.0,0,4,0.43218922881116284
Sushi v3 5bp,Sushi v3,unverified_adapter,30.0,12,24,100.0,81.03922921928948,71.13447592633639,5.787701887267094,Sushi v3 5bp,0x9b050cb1f265094b0977160a2bd7da8c9e529c3c,720,168,0.0,2452.85,2674.34,58660259.26974459,127.36374996065648,1.0593365234335386,4.99939497520745,4.514951994618488,0.4635154792147933,-4.300276275720016,21.21990541360707,100.0,0,4,0.43218922881116284
Sushi v3 5bp,Sushi v3,unverified_adapter,30.0,12,24,50.0,67.95100787395094,71.13447592633639,-1.860214334460486,Sushi v3 5bp,0x9b050cb1f265094b0977160a2bd7da8c9e529c3c,720,168,50.0,2452.85,2674.34,58660259.26974459,63.529749238732364,1.0296046100599179,4.35377398814889,4.514951994618488,-0.15421526144689945,-4.400268590905066,21.204781133528826,100.0,0,4,0.43218922881116284
Sushi v3 5bp,Sushi v3,unverified_adapter,30.0,12,24,25.0,61.759579816448664,71.13447592633639,-5.47808736909523,Sushi v3 5bp,0x9b050cb1f265094b0977160a2bd7da8c9e529c3c,720,168,75.0,2452.85,2674.34,58660259.26974459,31.726906817653408,1.0147864141721057,4.032107860579481,4.514951994618488,-0.4619857013988593,-4.450266885781396,21.19776158567235,100.0,0,4,0.43218922881116284
Sushi v3 5bp,Sushi v3,unverified_adapter,30.0,12,72,100.0,81.03922921928948,71.13447592633639,5.787701887267094,Sushi v3 5bp,0x9b050cb1f265094b0977160a2bd7da8c9e529c3c,720,168,0.0,2452.85,2674.34,58660259.26974459,127.36374996065648,1.0593365234335386,4.99939497520745,4.514951994618488,0.4635154792147933,-4.300276275720016,21.21990541360707,100.0,0,4,0.43218922881116284
Sushi v3 5bp,Sushi v3,unverified_adapter,30.0,12,72,50.0,67.95100787395094,71.13447592633639,-1.860214334460486,Sushi v3 5bp,0x9b050cb1f265094b0977160a2bd7da8c9e529c3c,720,168,50.0,2452.85,2674.34,58660259.26974459,63.529749238732364,1.0296046100599179,4.35377398814889,4.514951994618488,-0.15421526144689945,-4.400268590905066,21.204781133528826,100.0,0,4,0.43218922881116284
Sushi v3 5bp,Sushi v3,unverified_adapter,30.0,12,72,25.0,61.759579816448664,71.13447592633639,-5.47808736909523,Sushi v3 5bp,0x9b050cb1f265094b0977160a2bd7da8c9e529c3c,720,168,75.0,2452.85,2674.34,58660259.26974459,31.726906817653408,1.0147864141721057,4.032107860579481,4.514951994618488,-0.4619857013988593,-4.450266885781396,21.19776158567235,100.0,0,4,0.43218922881116284
Sushi v3 5bp,Sushi v3,unverified_adapter,30.0,12,168,100.0,81.03922921928948,71.13447592633639,5.787701887267094,Sushi v3 5bp,0x9b050cb1f265094b0977160a2bd7da8c9e529c3c,720,168,0.0,2452.85,2674.34,58660259.26974459,127.36374996065648,1.0593365234335386,4.99939497520745,4.514951994618488,0.4635154792147933,-4.300276275720016,21.21990541360707,100.0,0,4,0.43218922881116284
Sushi v3 5bp,Sushi v3,unverified_adapter,30.0,12,168,50.0,67.95100787395094,71.13447592633639,-1.860214334460486,Sushi v3 5bp,0x9b050cb1f265094b0977160a2bd7da8c9e529c3c,720,168,50.0,2452.85,2674.34,58660259.26974459,63.529749238732364,1.0296046100599179,4.35377398814889,4.514951994618488,-0.15421526144689945,-4.400268590905066,21.204781133528826,100.0,0,4,0.43218922881116284
Sushi v3 5bp,Sushi v3,unverified_adapter,30.0,12,168,25.0,61.759579816448664,71.13447592633639,-5.47808736909523,Sushi v3 5bp,0x9b050cb1f265094b0977160a2bd7da8c9e529c3c,720,168,75.0,2452.85,2674.34,58660259.26974459,31.726906817653408,1.0147864141721057,4.032107860579481,4.514951994618488,-0.4619857013988593,-4.450266885781396,21.19776158567235,100.0,0,4,0.43218922881116284
Sushi v3 5bp,Sushi v3,unverified_adapter,30.0,24,24,100.0,81.03922921928948,71.13447592633639,5.787701887267094,Sushi v3 5bp,0x9b050cb1f265094b0977160a2bd7da8c9e529c3c,720,168,0.0,2452.85,2674.34,58660259.26974459,127.36374996065648,1.0593365234335386,4.99939497520745,4.514951994618488,0.4635154792147933,-4.300276275720016,21.21990541360707,100.0,0,4,0.43218922881116284
Sushi v3 5bp,Sushi v3,unverified_adapter,30.0,24,24,50.0,67.95100787395094,71.13447592633639,-1.860214334460486,Sushi v3 5bp,0x9b050cb1f265094b0977160a2bd7da8c9e529c3c,720,168,50.0,2452.85,2674.34,58660259.26974459,63.529749238732364,1.0296046100599179,4.35377398814889,4.514951994618488,-0.15421526144689945,-4.400268590905066,21.204781133528826,100.0,0,4,0.43218922881116284
Sushi v3 5bp,Sushi v3,unverified_adapter,30.0,24,24,25.0,61.759579816448664,71.13447592633639,-5.47808736909523,Sushi v3 5bp,0x9b050cb1f265094b0977160a2bd7da8c9e529c3c,720,168,75.0,2452.85,2674.34,58660259.26974459,31.726906817653408,1.0147864141721057,4.032107860579481,4.514951994618488,-0.4619857013988593,-4.450266885781396,21.19776158567235,100.0,0,4,0.43218922881116284
Sushi v3 5bp,Sushi v3,unverified_adapter,30.0,24,72,100.0,81.03922921928948,71.13447592633639,5.787701887267094,Sushi v3 5bp,0x9b050cb1f265094b0977160a2bd7da8c9e529c3c,720,168,0.0,2452.85,2674.34,58660259.26974459,127.36374996065648,1.0593365234335386,4.99939497520745,4.514951994618488,0.4635154792147933,-4.300276275720016,21.21990541360707,100.0,0,4,0.43218922881116284
Sushi v3 5bp,Sushi v3,unverified_adapter,30.0,24,72,50.0,67.95100787395094,71.13447592633639,-1.860214334460486,Sushi v3 5bp,0x9b050cb1f265094b0977160a2bd7da8c9e529c3c,720,168,50.0,2452.85,2674.34,58660259.26974459,63.529749238732364,1.0296046100599179,4.35377398814889,4.514951994618488,-0.15421526144689945,-4.400268590905066,21.204781133528826,100.0,0,4,0.43218922881116284
Sushi v3 5bp,Sushi v3,unverified_adapter,30.0,24,72,25.0,61.759579816448664,71.13447592633639,-5.47808736909523,Sushi v3 5bp,0x9b050cb1f265094b0977160a2bd7da8c9e529c3c,720,168,75.0,2452.85,2674.34,58660259.26974459,31.726906817653408,1.0147864141721057,4.032107860579481,4.514951994618488,-0.4619857013988593,-4.450266885781396,21.19776158567235,100.0,0,4,0.43218922881116284
Sushi v3 5bp,Sushi v3,unverified_adapter,30.0,24,168,100.0,81.03922921928948,71.13447592633639,5.787701887267094,Sushi v3 5bp,0x9b050cb1f265094b0977160a2bd7da8c9e529c3c,720,168,0.0,2452.85,2674.34,58660259.26974459,127.36374996065648,1.0593365234335386,4.99939497520745,4.514951994618488,0.4635154792147933,-4.300276275720016,21.21990541360707,100.0,0,4,0.43218922881116284
Sushi v3 5bp,Sushi v3,unverified_adapter,30.0,24,168,50.0,67.95100787395094,71.13447592633639,-1.860214334460486,Sushi v3 5bp,0x9b050cb1f265094b0977160a2bd7da8c9e529c3c,720,168,50.0,2452.85,2674.34,58660259.26974459,63.529749238732364,1.0296046100599179,4.35377398814889,4.514951994618488,-0.15421526144689945,-4.400268590905066,21.204781133528826,100.0,0,4,0.43218922881116284
Sushi v3 5bp,Sushi v3,unverified_adapter,30.0,24,168,25.0,61.759579816448664,71.13447592633639,-5.47808736909523,Sushi v3 5bp,0x9b050cb1f265094b0977160a2bd7da8c9e529c3c,720,168,75.0,2452.85,2674.34,58660259.26974459,31.726906817653408,1.0147864141721057,4.032107860579481,4.514951994618488,-0.4619857013988593,-4.450266885781396,21.19776158567235,100.0,0,4,0.43218922881116284
Up v3 5bp,Up v3,unverified_adapter,2.5,4,24,100.0,419352704.28613275,71.09026473048633,245106075.35528803,Up v3 5bp,0x16679e2ac1a798865ecf1c1639e67693ddb1c220,720,168,0.0,2453.17,2674.58,625368928.1046212,26884.85496927711,322.5502478083842,250.20440700010238,4.512732505289052,235.08300721386232,-2.679937997605386,44.77809123648769,92.77777777777779,15,4,5.271382861085942
Up v3 5bp,Up v3,unverified_adapter,2.5,4,24,50.0,168861.53794660978,71.09026473048633,98655.78731073334,Up v3 5bp,0x16679e2ac1a798865ecf1c1639e67693ddb1c220,720,168,50.0,2453.17,2674.58,625368928.1046212,9787.397460175795,221.44641632106226,84.20339565380148,4.512732505289052,76.24971736767053,-2.971923736349369,28.77000984303062,92.77777777777779,15,4,5.271382861085942
Up v3 5bp,Up v3,unverified_adapter,2.5,4,24,25.0,2303.1711697695628,71.09026473048633,1304.6218080001254,Up v3 5bp,0x16679e2ac1a798865ecf1c1639e67693ddb1c220,720,168,75.0,2453.17,2674.58,625368928.1046212,4159.404655585684,184.1034211769334,29.864113093736535,4.512732505289052,24.256738849655957,-3.8298805064443275,23.56112202422979,92.77777777777779,15,4,5.271382861085942
Up v3 5bp,Up v3,unverified_adapter,2.5,4,72,100.0,2446101.9806691855,71.09026473048633,1429672.7486263537,Up v3 5bp,0x16679e2ac1a798865ecf1c1639e67693ddb1c220,720,168,0.0,2453.17,2674.58,625368928.1046212,13652.446156263508,136.18640042626848,129.45524970690445,4.512732505289052,119.54765147422819,-3.6124954688065314,47.44165726339736,61.66666666666667,8,4,5.271382861085942
Up v3 5bp,Up v3,unverified_adapter,2.5,4,72,50.0,14961.668183948257,71.09026473048633,8703.346121226987,Up v3 5bp,0x16679e2ac1a798865ecf1c1639e67693ddb1c220,720,168,50.0,2453.17,2674.58,625368928.1046212,5698.2189303690675,107.31018726006053,51.00915120855403,4.512732505289052,44.488759970859945,-3.9642152360185534,32.38032981532552,61.66666666666667,8,4,5.271382861085942
Up v3 5bp,Up v3,unverified_adapter,2.5,4,72,25.0,865.351414968873,71.09026473048633,464.23515183027206,Up v3 5bp,0x16679e2ac1a798865ecf1c1639e67693ddb1c220,720,168,75.0,2453.17,2674.58,625368928.1046212,2597.981560551268,95.11076165061533,20.485018771985096,4.512732505289052,15.282622398077429,-4.776887160196852,26.757442241829963,61.66666666666667,8,4,5.271382861085942
Up v3 5bp,Up v3,unverified_adapter,2.5,4,168,100.0,6301073.351276568,71.09026473048633,3682852.5988533758,Up v3 5bp,0x16679e2ac1a798865ecf1c1639e67693ddb1c220,720,168,0.0,2453.17,2674.58,625368928.1046212,14884.138645348625,79.8870427629043,148.01217102667366,4.512732505289052,137.3033075315704,-2.994143205586719,52.64936966393336,58.611111111111114,4,3,5.271382861085942
Up v3 5bp,Up v3,unverified_adapter,2.5,4,168,50.0,34301.44127791067,71.09026473048633,20007.188057778894,Up v3 5bp,0x16679e2ac1a798865ecf1c1639e67693ddb1c220,720,168,50.0,2453.17,2674.58,625368928.1046212,6246.296502774977,59.53936187021663,61.61651998913313,4.512732505289052,54.63811548602868,-3.165882429628053,32.66026822610139,58.611111111111114,4,3,5.271382861085942
Up v3 5bp,Up v3,unverified_adapter,2.5,4,168,25.0,1850.928742525294,71.09026473048633,1040.2920824270952,Up v3 5bp,0x16679e2ac1a798865ecf1c1639e67693ddb1c220,720,168,75.0,2453.17,2674.58,625368928.1046212,2850.199169925647,51.029274812101,27.657765675957926,4.512732505289052,22.145658826303837,-3.34705409582855,24.493507751115388,58.611111111111114,4,3,5.271382861085942
Up v3 5bp,Up v3,unverified_adapter,2.5,12,24,100.0,114863825.84347941,71.09026473048633,67136347.54973124,Up v3 5bp,0x16679e2ac1a798865ecf1c1639e67693ddb1c220,720,168,0.0,2453.17,2674.58,625368928.1046212,23126.456870339487,229.3338008529316,214.84535234858723,4.512732505289052,201.25071347900496,-2.357426854177236,46.3652506623235,84.58333333333333,10,4,5.271382861085942
Up v3 5bp,Up v3,unverified_adapter,2.5,12,24,50.0,104602.6806686186,71.09026473048633,61097.33395325194,Up v3 5bp,0x16679e2ac1a798865ecf1c1639e67693ddb1c220,720,168,50.0,2453.17,2674.58,625368928.1046212,8863.19199010997,155.097996980472,77.09883718652759,4.512732505289052,69.45192508249191,-2.7762538557622007,29.06598826461589,84.58333333333333,10,4,5.271382861085942
Up v3 5bp,Up v3,unverified_adapter,2.5,12,24,25.0,2107.953283422782,71.09026473048633,1190.5195318394708,Up v3 5bp,0x16679e2ac1a798865ecf1c1639e67693ddb1c220,720,168,75.0,2453.17,2674.58,625368928.1046212,3860.734339960489,126.9170363284363,28.962938921764845,4.512732505289052,23.394476280905252,-3.3198167478005414,22.79019820450978,84.58333333333333,10,4,5.271382861085942
Up v3 5bp,Up v3,unverified_adapter,2.5,12,72,100.0,53915030.31860253,71.09026473048633,31512581.568138044,Up v3 5bp,0x16679e2ac1a798865ecf1c1639e67693ddb1c220,720,168,0.0,2453.17,2674.58,625368928.1046212,20582.18359238586,148.4282671937162,195.86902887213213,4.512732505289052,183.0937645393198,-2.6185873406615046,42.34421598973766,84.44444444444444,7,4,5.271382861085942
Up v3 5bp,Up v3,unverified_adapter,2.5,12,72,50.0,82976.88816025593,71.09026473048633,48457.34386239012,Up v3 5bp,0x16679e2ac1a798865ecf1c1639e67693ddb1c220,720,168,50.0,2453.17,2674.58,625368928.1046212,8106.963211041319,105.75328961283465,73.76298895203661,4.512732505289052,66.2601147120931,-3.2269815043351913,28.683253477098468,84.44444444444444,7,4,5.271382861085942
Up v3 5bp,Up v3,unverified_adapter,2.5,12,72,25.0,2237.477156241557,71.09026473048633,1266.2245247698465,Up v3 5bp,0x16679e2ac1a798865ecf1c1639e67693ddb1c220,720,168,75.0,2453.17,2674.58,625368928.1046212,3580.6100864451705,88.69582133478752,29.568605390101865,4.512732505289052,23.97399080877043,-4.061345087311463,23.57615207022698,84.44444444444444,7,4,5.271382861085942
Up v3 5bp,Up v3,unverified_adapter,2.5,12,168,100.0,478413.2549858231,71.09026473048633,279584.6774067543,Up v3 5bp,0x16679e2ac1a798865ecf1c1639e67693ddb1c220,720,168,0.0,2453.17,2674.58,625368928.1046212,10397.209429020402,63.26277616053393,100.6582585524094,4.512732505289052,91.99407932641577,-1.6308779694479747,45.55534783465952,52.22222222222223,4,3,5.271382861085942
Up v3 5bp,Up v3,unverified_adapter,2.5,12,168,50.0,7286.603111218043,71.09026473048633,4217.371957343069,Up v3 5bp,0x16679e2ac1a798865ecf1c1639e67693ddb1c220,720,168,50.0,2453.17,2674.58,625368928.1046212,4563.336049071482,52.340517472518464,42.41994134489377,4.512732505289052,36.27042172845911,-1.7945127161535956,24.970553690438532,52.22222222222223,4,3,5.271382861085942
Up v3 5bp,Up v3,unverified_adapter,2.5,12,168,25.0,661.9948548320192,71.09026473048633,345.37592833371826,Up v3 5bp,0x16679e2ac1a798865ecf1c1639e67693ddb1c220,720,168,75.0,2453.17,2674.58,625368928.1046212,2132.630925728616,47.383340599907854,18.165095058596535,4.512732505289052,13.062870165237129,-2.1565430161511245,16.131425812053003,52.22222222222223,4,3,5.271382861085942
Up v3 5bp,Up v3,unverified_adapter,2.5,24,24,100.0,61262629.17785159,71.09026473048633,35807156.05536763,Up v3 5bp,0x16679e2ac1a798865ecf1c1639e67693ddb1c220,720,168,0.0,2453.17,2674.58,625368928.1046212,21005.802014353907,126.6438061667854,198.99227876602427,4.512732505289052,186.0821563065469,-3.192813363388469,48.848955585407964,79.86111111111111,6,4,5.271382861085942
Up v3 5bp,Up v3,unverified_adapter,2.5,24,24,50.0,87021.19186399951,71.09026473048633,50821.1859606618,Up v3 5bp,0x16679e2ac1a798865ecf1c1639e67693ddb1c220,720,168,50.0,2453.17,2674.58,625368928.1046212,8239.257219732694,90.46913094789585,74.44318667378286,4.512732505289052,66.91094232461568,-3.8899874448526495,31.622452229444093,79.86111111111111,6,4,5.271382861085942
Up v3 5bp,Up v3,unverified_adapter,2.5,24,24,25.0,2249.8756606384036,71.09026473048633,1273.4712868321826,Up v3 5bp,0x16679e2ac1a798865ecf1c1639e67693ddb1c220,720,168,75.0,2453.17,2674.58,625368928.1046212,3631.223528198044,76.038435461204,29.624955564034217,4.512732505289052,24.027907850820274,-4.739595198259961,24.914615682380276,79.86111111111111,6,4,5.271382861085942
Up v3 5bp,Up v3,unverified_adapter,2.5,24,72,100.0,17036140.533945274,71.09026473048633,9957357.579940027,Up v3 5bp,0x16679e2ac1a798865ecf1c1639e67693ddb1c220,720,168,0.0,2453.17,2674.58,625368928.1046212,17967.550593096377,130.65037536839233,169.1385608157276,4.512732505289052,157.51748553900583,-2.7091910851938295,42.49047685029947,72.08333333333333,6,4,5.271382861085942
Up v3 5bp,Up v3,unverified_adapter,2.5,24,72,50.0,44740.61655119202,71.09026473048633,26108.748125925296,Up v3 5bp,0x16679e2ac1a798865ecf1c1639e67693ddb1c220,720,168,50.0,2453.17,2674.58,625368928.1046212,7287.417744122261,92.23855790440463,65.17549194176704,4.512732505289052,58.0434153641596,-3.280954582576301,27.925675079293594,72.08333333333333,6,4,5.271382861085942
Up v3 5bp,Up v3,unverified_adapter,2.5,24,72,25.0,1586.6997047966954,71.09026473048633,885.8536997728676,Up v3 5bp,0x16679e2ac1a798865ecf1c1639e67693ddb1c220,720,168,75.0,2453.17,2674.58,625368928.1046212,3267.584774092535,76.79144953925467,26.13988170230781,4.512732505289052,20.693315234030706,-3.592203276961581,22.305107395200437,72.08333333333333,6,4,5.271382861085942
Up v3 5bp,Up v3,unverified_adapter,2.5,24,168,100.0,3784392.4650275186,71.09026473048633,2211885.860790571,Up v3 5bp,0x16679e2ac1a798865ecf1c1639e67693ddb1c220,720,168,0.0,2453.17,2674.58,625368928.1046212,13690.650566003265,52.69807251608502,137.83436190726968,4.512732505289052,127.56496381456071,-1.795929331528534,45.36915962765511,60.0,3,3,5.271382861085942
Up v3 5bp,Up v3,unverified_adapter,2.5,24,168,50.0,25970.93990954005,71.09026473048633,15138.120035999038,Up v3 5bp,0x16679e2ac1a798865ecf1c1639e67693ddb1c220,720,168,50.0,2453.17,2674.58,625368928.1046212,5769.165482220383,41.766176753330534,57.97494796461289,4.512732505289052,51.15378210651824,-2.260328662544042,27.524361771730444,60.0,3,3,5.271382861085942
Up v3 5bp,Up v3,unverified_adapter,2.5,24,168,25.0,1630.010731705361,71.09026473048633,911.1684229553312,Up v3 5bp,0x16679e2ac1a798865ecf1c1639e67693ddb1c220,720,168,75.0,2453.17,2674.58,625368928.1046212,2639.8174546813693,36.99808451150923,26.403015698937683,4.512732505289052,20.945087425152554,-2.6284016459137693,20.275970714321492,60.0,3,3,5.271382861085942
Up v3 5bp,Up v3,unverified_adapter,5.0,4,24,100.0,878351.2866303452,71.09026473048633,513343.174580473,Up v3 5bp,0x16679e2ac1a798865ecf1c1639e67693ddb1c220,720,168,0.0,2453.17,2674.58,625368928.1046212,11579.805605638168,131.89623543480428,110.93137293261996,4.512732505289052,101.8236131391411,-1.7709263899038152,27.198319607001753,97.91666666666666,7,4,2.7551983432103437
Up v3 5bp,Up v3,unverified_adapter,5.0,4,24,50.0,9386.939799063262,71.09026473048633,5444.991010451568,Up v3 5bp,0x16679e2ac1a798865ecf1c1639e67693ddb1c220,720,168,50.0,2453.17,2674.58,625368928.1046212,4918.874446403563,100.43055654903142,45.37961645136186,4.512732505289052,39.10230166836817,-2.1779964445773126,22.15507024280679,97.91666666666666,7,4,2.7551983432103437
Up v3 5bp,Up v3,unverified_adapter,5.0,4,24,25.0,757.9347818661815,71.09026473048633,401.4515485247871,Up v3 5bp,0x16679e2ac1a798865ecf1c1639e67693ddb1c220,720,168,75.0,2453.17,2674.58,625368928.1046212,2265.2779261180312,86.97491249795932,19.322479455694143,4.512732505289052,14.170280113626932,-2.6790394914428917,20.597446213663122,97.91666666666666,7,4,2.7551983432103437
Up v3 5bp,Up v3,unverified_adapter,5.0,4,72,100.0,977067.9608385675,71.09026473048633,571041.766819914,Up v3 5bp,0x16679e2ac1a798865ecf1c1639e67693ddb1c220,720,168,0.0,2453.17,2674.58,625368928.1046212,11592.75067035124,98.6894544682388,112.78581619501678,4.512732505289052,103.59798379996272,-2.414260461314266,29.94851915053291,98.75,5,4,2.7551983432103437
Up v3 5bp,Up v3,unverified_adapter,5.0,4,72,50.0,10896.039960265707,71.09026473048633,6327.040122702154,Up v3 5bp,0x16679e2ac1a798865ecf1c1639e67693ddb1c220,720,168,50.0,2453.17,2674.58,625368928.1046212,4938.98752206818,74.15840428493051,47.15426279508064,4.512732505289052,40.800320944276926,-3.4629000777600782,25.603268025582793,98.75,5,4,2.7551983432103437
Up v3 5bp,Up v3,unverified_adapter,5.0,4,72,25.0,908.5933400718641,71.09026473048633,489.50948592000384,Up v3 5bp,0x16679e2ac1a798865ecf1c1639e67693ddb1c220,720,168,75.0,2453.17,2674.58,625368928.1046212,2277.1768182935193,63.776918503702106,20.919742418409413,4.512732505289052,15.698575206891707,-4.2081940471486945,24.257611574554122,98.75,5,4,2.7551983432103437
Up v3 5bp,Up v3,unverified_adapter,5.0,4,168,100.0,698955.0889827342,71.09026473048633,408488.46649394947,Up v3 5bp,0x16679e2ac1a798865ecf1c1639e67693ddb1c220,720,168,0.0,2453.17,2674.58,625368928.1046212,10591.039734324537,40.285210665598655,107.00805196971888,4.512732505289052,98.06969639727183,-4.135072005865926,37.76264876038927,91.94444444444444,2,4,2.7551983432103437
Up v3 5bp,Up v3,unverified_adapter,5.0,4,168,50.0,10825.093185330743,71.09026473048633,6285.572669807205,Up v3 5bp,0x16679e2ac1a798865ecf1c1639e67693ddb1c220,720,168,50.0,2453.17,2674.58,625368928.1046212,4593.206679040935,30.7669518942589,47.07599431755243,4.512732505289052,40.72543200428653,-5.079863419177522,32.87651017892278,91.94444444444444,2,4,2.7551983432103437
Up v3 5bp,Up v3,unverified_adapter,5.0,4,168,25.0,1081.7768125266464,71.09026473048633,590.7329381880751,Up v3 5bp,0x16679e2ac1a798865ecf1c1639e67693ddb1c220,720,168,75.0,2453.17,2674.58,625368928.1046212,2135.874717052604,26.62362819877328,22.504939403281774,4.512732505289052,17.215325316541865,-5.581627553819568,31.268449212094886,91.94444444444444,2,4,2.7551983432103437
Up v3 5bp,Up v3,unverified_adapter,5.0,12,24,100.0,805807.4853667706,71.09026473048633,470942.28088973585,Up v3 5bp,0x16679e2ac1a798865ecf1c1639e67693ddb1c220,720,168,0.0,2453.17,2674.58,625368928.1046212,11158.803716674054,65.92792290231169,109.4423663935022,4.512732505289052,100.39890008894656,-2.4169428635665624,25.560598657200785,97.08333333333333,3,4,2.7551983432103437
Up v3 5bp,Up v3,unverified_adapter,5.0,12,24,50.0,10745.018207718518,71.09026473048633,6238.769903011356,Up v3 5bp,0x16679e2ac1a798865ecf1c1639e67693ddb1c220,720,168,50.0,2453.17,2674.58,625368928.1046212,4825.551530325077,47.915275783125516,46.98709324038302,4.512732505289052,40.64036956735819,-2.901172796485052,20.761815769878268,97.08333333333333,3,4,2.7551983432103437
Up v3 5bp,Up v3,unverified_adapter,5.0,12,24,25.0,967.5425225002334,71.09026473048633,523.9645044572835,Up v3 5bp,0x16679e2ac1a798865ecf1c1639e67693ddb1c220,720,168,75.0,2453.17,2674.58,625368928.1046212,2239.9018155851645,40.3040510830502,21.485601848932045,4.512732505289052,16.240001516355008,-3.3531481679260122,19.31419403771199,97.08333333333333,3,4,2.7551983432103437
Up v3 5bp,Up v3,unverified_adapter,5.0,12,72,100.0,898808.95346092,71.09026473048633,525300.4106411,Up v3 5bp,0x16679e2ac1a798865ecf1c1639e67693ddb1c220,720,168,0.0,2453.17,2674.58,625368928.1046212,11179.333984263238,44.393790538777935,111.33086699482755,4.512732505289052,102.20585753427964,-2.0816562266597005,25.10946153434676,97.22222222222221,2,4,2.7551983432103437
Up v3 5bp,Up v3,unverified_adapter,5.0,12,72,50.0,11976.129857566522,71.09026473048633,6958.33840200651,Up v3 5bp,0x16679e2ac1a798865ecf1c1639e67693ddb1c220,720,168,50.0,2453.17,2674.58,625368928.1046212,4833.434747290782,32.52601868556776,48.2918732576745,4.512732505289052,41.88881077257254,-2.4857316753076786,20.38074690928448,97.22222222222221,2,4,2.7551983432103437
Up v3 5bp,Up v3,unverified_adapter,5.0,12,72,25.0,1087.4440593151082,71.09026473048633,594.0453690837727,Up v3 5bp,0x16679e2ac1a798865ecf1c1639e67693ddb1c220,720,168,75.0,2453.17,2674.58,625368928.1046212,2243.3059450838964,27.43198713098448,22.553119179298385,4.512732505289052,17.261424748507427,-2.923711059590939,19.004713977791386,97.22222222222221,2,4,2.7551983432103437
Up v3 5bp,Up v3,unverified_adapter,5.0,12,168,100.0,1014716.2926295403,71.09026473048633,593046.7194981258,Up v3 5bp,0x16679e2ac1a798865ecf1c1639e67693ddb1c220,720,168,0.0,2453.17,2674.58,625368928.1046212,11072.495209037754,24.281694306709703,113.44801365779506,4.512732505289052,104.2315883827773,-1.3158457774107402,23.96590905916031,96.38888888888889,1,4,2.7551983432103437
Up v3 5bp,Up v3,unverified_adapter,5.0,12,168,50.0,14122.626533045932,71.09026473048633,8212.937358212883,Up v3 5bp,0x16679e2ac1a798865ecf1c1639e67693ddb1c220,720,168,50.0,2453.17,2674.58,625368928.1046212,4801.876443406073,17.459885022236048,50.299399125268195,4.512732505289052,43.809654118135334,-1.6098826107580844,19.11178375510211,96.38888888888889,1,4,2.7551983432103437
Up v3 5bp,Up v3,unverified_adapter,5.0,12,168,25.0,1323.9737495439447,71.09026473048633,732.2938489732813,Up v3 5bp,0x16679e2ac1a798865ecf1c1639e67693ddb1c220,720,168,75.0,2453.17,2674.58,625368928.1046212,2231.705280250338,14.519967188174816,24.396563274045956,4.512732505289052,19.02527117234316,-1.9815222752184836,17.85075861053514,96.38888888888889,1,4,2.7551983432103437
Up v3 5bp,Up v3,unverified_adapter,5.0,24,24,100.0,888676.0498838036,71.09026473048633,519377.86233417003,Up v3 5bp,0x16679e2ac1a798865ecf1c1639e67693ddb1c220,720,168,0.0,2453.17,2674.58,625368928.1046212,11102.582184725847,44.46958705187904,111.1340481989156,4.512732505289052,102.01753713427286,-1.5388985759777762,25.8532861154926,95.69444444444444,2,4,2.7551983432103437
Up v3 5bp,Up v3,unverified_adapter,5.0,24,24,50.0,12123.965899940376,71.09026473048633,7044.746616177395,Up v3 5bp,0x16679e2ac1a798865ecf1c1639e67693ddb1c220,720,168,50.0,2453.17,2674.58,625368928.1046212,4804.77933471061,32.55100110914996,48.4402516364677,4.512732505289052,42.03078235367697,-1.8751298134292327,20.75120905370349,95.69444444444444,2,4,2.7551983432103437
Up v3 5bp,Up v3,unverified_adapter,5.0,24,24,25.0,1117.6081526521205,71.09026473048633,611.675883236363,Up v3 5bp,0x16679e2ac1a798865ecf1c1639e67693ddb1c220,720,168,75.0,2453.17,2674.58,625368928.1046212,2231.0802736883893,27.43932232621135,22.806060095198898,4.512732505289052,17.50344398371182,-2.250922168373093,19.205084589612063,95.69444444444444,2,4,2.7551983432103437
Up v3 5bp,Up v3,unverified_adapter,5.0,24,72,100.0,888676.0498838036,71.09026473048633,519377.86233417003,Up v3 5bp,0x16679e2ac1a798865ecf1c1639e67693ddb1c220,720,168,0.0,2453.17,2674.58,625368928.1046212,11102.582184725847,44.46958705187904,111.1340481989156,4.512732505289052,102.01753713427286,-1.5388985759777762,25.8532861154926,95.69444444444444,2,4,2.7551983432103437
Up v3 5bp,Up v3,unverified_adapter,5.0,24,72,50.0,12123.965899940376,71.09026473048633,7044.746616177395,Up v3 5bp,0x16679e2ac1a798865ecf1c1639e67693ddb1c220,720,168,50.0,2453.17,2674.58,625368928.1046212,4804.77933471061,32.55100110914996,48.4402516364677,4.512732505289052,42.03078235367697,-1.8751298134292327,20.75120905370349,95.69444444444444,2,4,2.7551983432103437
Up v3 5bp,Up v3,unverified_adapter,5.0,24,72,25.0,1117.6081526521205,71.09026473048633,611.675883236363,Up v3 5bp,0x16679e2ac1a798865ecf1c1639e67693ddb1c220,720,168,75.0,2453.17,2674.58,625368928.1046212,2231.0802736883893,27.43932232621135,22.806060095198898,4.512732505289052,17.50344398371182,-2.250922168373093,19.205084589612063,95.69444444444444,2,4,2.7551983432103437
Up v3 5bp,Up v3,unverified_adapter,5.0,24,168,100.0,984000.5599798735,71.09026473048633,575093.7794532592,Up v3 5bp,0x16679e2ac1a798865ecf1c1639e67693ddb1c220,720,168,0.0,2453.17,2674.58,625368928.1046212,11058.18077061217,24.275241074889422,112.90949295025597,4.512732505289052,103.71632034353446,-1.3429571873496138,24.872926760489893,95.69444444444444,1,4,2.7551983432103437
Up v3 5bp,Up v3,unverified_adapter,5.0,24,168,50.0,13751.403504877246,71.09026473048633,7995.962401307255,Up v3 5bp,0x16679e2ac1a798865ecf1c1639e67693ddb1c220,720,168,50.0,2453.17,2674.58,625368928.1046212,4798.40038941366,17.4583796759443,49.97303745290307,4.512732505289052,43.49738434531256,-1.6098826107580844,19.75271850547099,95.69444444444444,1,4,2.7551983432103437
Up v3 5bp,Up v3,unverified_adapter,5.0,24,168,25.0,1288.4639809895366,71.09026473048633,711.5388582610141,Up v3 5bp,0x16679e2ac1a798865ecf1c1639e67693ddb1c220,720,168,75.0,2453.17,2674.58,625368928.1046212,2230.643841104084,14.519531593083514,24.138631920145603,4.512732505289052,18.77847698017401,-1.9815222752184836,18.334791873630344,95.69444444444444,1,4,2.7551983432103437
Up v3 5bp,Up v3,unverified_adapter,7.5,4,24,100.0,92129.10444736136,71.09026473048633,53806.6934010811,Up v3 5bp,0x16679e2ac1a798865ecf1c1639e67693ddb1c220,720,168,0.0,2453.17,2674.58,625368928.1046212,7225.088688608857,20.113620305410873,75.26200678054771,4.512732505289052,67.69440677639756,-1.475465757799277,21.9174641489318,99.72222222222223,1,4,1.8863730903288813
Up v3 5bp,Up v3,unverified_adapter,7.5,4,24,50.0,3826.5663636623485,71.09026473048633,2195.026178051546,Up v3 5bp,0x16679e2ac1a798865ecf1c1639e67693ddb1c220,720,168,50.0,2453.17,2674.58,625368928.1046212,3254.596397814814,15.723281406019893,35.21185230459389,4.512732505289052,29.373569194309667,-1.9534628537903442,19.518537803087295,99.72222222222223,1,4,1.8863730903288813
Up v3 5bp,Up v3,unverified_adapter,7.5,4,24,25.0,644.2787410683484,71.09026473048633,335.0210938306682,Up v3 5bp,0x16679e2ac1a798865ecf1c1639e67693ddb1c220,720,168,75.0,2453.17,2674.58,625368928.1046212,1543.3930426784711,13.756468536970466,17.936844192833455,4.512732505289052,12.844474893874814,-2.4986206840907688,18.9305839892174,99.72222222222223,1,4,1.8863730903288813
Up v3 5bp,Up v3,unverified_adapter,7.5,4,72,100.0,92129.10444736136,71.09026473048633,53806.6934010811,Up v3 5bp,0x16679e2ac1a798865ecf1c1639e67693ddb1c220,720,168,0.0,2453.17,2674.58,625368928.1046212,7225.088688608857,20.113620305410873,75.26200678054771,4.512732505289052,67.69440677639756,-1.475465757799277,21.9174641489318,99.72222222222223,1,4,1.8863730903288813
Up v3 5bp,Up v3,unverified_adapter,7.5,4,72,50.0,3826.5663636623485,71.09026473048633,2195.026178051546,Up v3 5bp,0x16679e2ac1a798865ecf1c1639e67693ddb1c220,720,168,50.0,2453.17,2674.58,625368928.1046212,3254.596397814814,15.723281406019893,35.21185230459389,4.512732505289052,29.373569194309667,-1.9534628537903442,19.518537803087295,99.72222222222223,1,4,1.8863730903288813
Up v3 5bp,Up v3,unverified_adapter,7.5,4,72,25.0,644.2787410683484,71.09026473048633,335.0210938306682,Up v3 5bp,0x16679e2ac1a798865ecf1c1639e67693ddb1c220,720,168,75.0,2453.17,2674.58,625368928.1046212,1543.3930426784711,13.756468536970466,17.936844192833455,4.512732505289052,12.844474893874814,-2.4986206840907688,18.9305839892174,99.72222222222223,1,4,1.8863730903288813
Up v3 5bp,Up v3,unverified_adapter,7.5,4,168,100.0,92129.10444736136,71.09026473048633,53806.6934010811,Up v3 5bp,0x16679e2ac1a798865ecf1c1639e67693ddb1c220,720,168,0.0,2453.17,2674.58,625368928.1046212,7225.088688608857,20.113620305410873,75.26200678054771,4.512732505289052,67.69440677639756,-1.475465757799277,21.9174641489318,99.72222222222223,1,4,1.8863730903288813
Up v3 5bp,Up v3,unverified_adapter,7.5,4,168,50.0,3826.5663636623485,71.09026473048633,2195.026178051546,Up v3 5bp,0x16679e2ac1a798865ecf1c1639e67693ddb1c220,720,168,50.0,2453.17,2674.58,625368928.1046212,3254.596397814814,15.723281406019893,35.21185230459389,4.512732505289052,29.373569194309667,-1.9534628537903442,19.518537803087295,99.72222222222223,1,4,1.8863730903288813
Up v3 5bp,Up v3,unverified_adapter,7.5,4,168,25.0,644.2787410683484,71.09026473048633,335.0210938306682,Up v3 5bp,0x16679e2ac1a798865ecf1c1639e67693ddb1c220,720,168,75.0,2453.17,2674.58,625368928.1046212,1543.3930426784711,13.756468536970466,17.936844192833455,4.512732505289052,12.844474893874814,-2.4986206840907688,18.9305839892174,99.72222222222223,1,4,1.8863730903288813
Up v3 5bp,Up v3,unverified_adapter,7.5,12,24,100.0,94638.04809910053,71.09026473048633,55273.13782776511,Up v3 5bp,0x16679e2ac1a798865ecf1c1639e67693ddb1c220,720,168,0.0,2453.17,2674.58,625368928.1046212,7225.13815280748,20.135144998760026,75.64906558433479,4.512732505289052,68.06475285242948,-1.475465757799277,22.169916457206767,99.72222222222223,1,4,1.8863730903288813
Up v3 5bp,Up v3,unverified_adapter,7.5,12,24,50.0,3942.5257952410066,71.09026473048633,2262.802934234205,Up v3 5bp,0x16679e2ac1a798865ecf1c1639e67693ddb1c220,720,168,50.0,2453.17,2674.58,625368928.1046212,3255.7983474851176,15.73239357440539,35.53568491546073,4.512732505289052,29.683419107429508,-1.9534628537903442,19.76547384116001,99.72222222222223,1,4,1.8863730903288813
Up v3 5bp,Up v3,unverified_adapter,7.5,12,24,25.0,666.5662593758238,71.09026473048633,348.04785391113467,Up v3 5bp,0x16679e2ac1a798865ecf1c1639e67693ddb1c220,720,168,75.0,2453.17,2674.58,625368928.1046212,1544.2053621230111,13.760107766574372,18.223201261381817,4.512732505289052,13.118467412952683,-2.4986206840907688,19.15857610281219,99.72222222222223,1,4,1.8863730903288813
Up v3 5bp,Up v3,unverified_adapter,7.5,12,72,100.0,94638.04809910053,71.09026473048633,55273.13782776511,Up v3 5bp,0x16679e2ac1a798865ecf1c1639e67693ddb1c220,720,168,0.0,2453.17,2674.58,625368928.1046212,7225.13815280748,20.135144998760026,75.64906558433479,4.512732505289052,68.06475285242948,-1.475465757799277,22.169916457206767,99.72222222222223,1,4,1.8863730903288813
Up v3 5bp,Up v3,unverified_adapter,7.5,12,72,50.0,3942.5257952410066,71.09026473048633,2262.802934234205,Up v3 5bp,0x16679e2ac1a798865ecf1c1639e67693ddb1c220,720,168,50.0,2453.17,2674.58,625368928.1046212,3255.7983474851176,15.73239357440539,35.53568491546073,4.512732505289052,29.683419107429508,-1.9534628537903442,19.76547384116001,99.72222222222223,1,4,1.8863730903288813
Up v3 5bp,Up v3,unverified_adapter,7.5,12,72,25.0,666.5662593758238,71.09026473048633,348.04785391113467,Up v3 5bp,0x16679e2ac1a798865ecf1c1639e67693ddb1c220,720,168,75.0,2453.17,2674.58,625368928.1046212,1544.2053621230111,13.760107766574372,18.223201261381817,4.512732505289052,13.118467412952683,-2.4986206840907688,19.15857610281219,99.72222222222223,1,4,1.8863730903288813
Up v3 5bp,Up v3,unverified_adapter,7.5,12,168,100.0,94638.04809910053,71.09026473048633,55273.13782776511,Up v3 5bp,0x16679e2ac1a798865ecf1c1639e67693ddb1c220,720,168,0.0,2453.17,2674.58,625368928.1046212,7225.13815280748,20.135144998760026,75.64906558433479,4.512732505289052,68.06475285242948,-1.475465757799277,22.169916457206767,99.72222222222223,1,4,1.8863730903288813
Up v3 5bp,Up v3,unverified_adapter,7.5,12,168,50.0,3942.5257952410066,71.09026473048633,2262.802934234205,Up v3 5bp,0x16679e2ac1a798865ecf1c1639e67693ddb1c220,720,168,50.0,2453.17,2674.58,625368928.1046212,3255.7983474851176,15.73239357440539,35.53568491546073,4.512732505289052,29.683419107429508,-1.9534628537903442,19.76547384116001,99.72222222222223,1,4,1.8863730903288813
Up v3 5bp,Up v3,unverified_adapter,7.5,12,168,25.0,666.5662593758238,71.09026473048633,348.04785391113467,Up v3 5bp,0x16679e2ac1a798865ecf1c1639e67693ddb1c220,720,168,75.0,2453.17,2674.58,625368928.1046212,1544.2053621230111,13.760107766574372,18.223201261381817,4.512732505289052,13.118467412952683,-2.4986206840907688,19.15857610281219,99.72222222222223,1,4,1.8863730903288813
Up v3 5bp,Up v3,unverified_adapter,7.5,24,24,100.0,88935.83492980509,71.09026473048633,51940.26954430202,Up v3 5bp,0x16679e2ac1a798865ecf1c1639e67693ddb1c220,720,168,0.0,2453.17,2674.58,625368928.1046212,7182.537707769667,20.12945395401497,74.75515133227206,4.512732505289052,67.20943672908778,-1.475465757799277,22.95221589832834,98.75,1,4,1.8863730903288813
Up v3 5bp,Up v3,unverified_adapter,7.5,24,24,50.0,3752.2724818184556,71.09026473048633,2151.6023853764136,Up v3 5bp,0x16679e2ac1a798865ecf1c1639e67693ddb1c220,720,168,50.0,2453.17,2674.58,625368928.1046212,3239.7644061051797,15.731783657377024,34.99973126557363,4.512732505289052,29.17060728341565,-1.9534628537903442,20.363625033388168,98.75,1,4,1.8863730903288813
Up v3 5bp,Up v3,unverified_adapter,7.5,24,24,25.0,635.3518975368988,71.09026473048633,329.8034716909683,Up v3 5bp,0x16679e2ac1a798865ecf1c1639e67693ddb1c220,720,168,75.0,2453.17,2674.58,625368928.1046212,1537.3187305536605,13.760771910499157,17.819936679281632,4.512732505289052,12.73261530437848,-2.4986206840907688,19.66094485256022,98.75,1,4,1.8863730903288813
Up v3 5bp,Up v3,unverified_adapter,7.5,24,72,100.0,88935.83492980509,71.09026473048633,51940.26954430202,Up v3 5bp,0x16679e2ac1a798865ecf1c1639e67693ddb1c220,720,168,0.0,2453.17,2674.58,625368928.1046212,7182.537707769667,20.12945395401497,74.75515133227206,4.512732505289052,67.20943672908778,-1.475465757799277,22.95221589832834,98.75,1,4,1.8863730903288813
Up v3 5bp,Up v3,unverified_adapter,7.5,24,72,50.0,3752.2724818184556,71.09026473048633,2151.6023853764136,Up v3 5bp,0x16679e2ac1a798865ecf1c1639e67693ddb1c220,720,168,50.0,2453.17,2674.58,625368928.1046212,3239.7644061051797,15.731783657377024,34.99973126557363,4.512732505289052,29.17060728341565,-1.9534628537903442,20.363625033388168,98.75,1,4,1.8863730903288813
Up v3 5bp,Up v3,unverified_adapter,7.5,24,72,25.0,635.3518975368988,71.09026473048633,329.8034716909683,Up v3 5bp,0x16679e2ac1a798865ecf1c1639e67693ddb1c220,720,168,75.0,2453.17,2674.58,625368928.1046212,1537.3187305536605,13.760771910499157,17.819936679281632,4.512732505289052,12.73261530437848,-2.4986206840907688,19.66094485256022,98.75,1,4,1.8863730903288813
Up v3 5bp,Up v3,unverified_adapter,7.5,24,168,100.0,88935.83492980509,71.09026473048633,51940.26954430202,Up v3 5bp,0x16679e2ac1a798865ecf1c1639e67693ddb1c220,720,168,0.0,2453.17,2674.58,625368928.1046212,7182.537707769667,20.12945395401497,74.75515133227206,4.512732505289052,67.20943672908778,-1.475465757799277,22.95221589832834,98.75,1,4,1.8863730903288813
Up v3 5bp,Up v3,unverified_adapter,7.5,24,168,50.0,3752.2724818184556,71.09026473048633,2151.6023853764136,Up v3 5bp,0x16679e2ac1a798865ecf1c1639e67693ddb1c220,720,168,50.0,2453.17,2674.58,625368928.1046212,3239.7644061051797,15.731783657377024,34.99973126557363,4.512732505289052,29.17060728341565,-1.9534628537903442,20.363625033388168,98.75,1,4,1.8863730903288813
Up v3 5bp,Up v3,unverified_adapter,7.5,24,168,25.0,635.3518975368988,71.09026473048633,329.8034716909683,Up v3 5bp,0x16679e2ac1a798865ecf1c1639e67693ddb1c220,720,168,75.0,2453.17,2674.58,625368928.1046212,1537.3187305536605,13.760771910499157,17.819936679281632,4.512732505289052,12.73261530437848,-2.4986206840907688,19.66094485256022,98.75,1,4,1.8863730903288813
Up v3 5bp,Up v3,unverified_adapter,10.0,4,24,100.0,23141.9494862032,71.09026473048633,13484.612498446691,Up v3 5bp,0x16679e2ac1a798865ecf1c1639e67693ddb1c220,720,168,0.0,2453.17,2674.58,625368928.1046212,5306.587174716556,18.11078185208523,56.49056373544323,4.512732505289052,49.733491780557685,-1.6900909438155254,22.376780605991467,100.0,1,4,1.4460195180607762
Up v3 5bp,Up v3,unverified_adapter,10.0,4,24,50.0,1836.4975879837214,71.09026473048633,1031.8572632021062,Up v3 5bp,0x16679e2ac1a798865ecf1c1639e67693ddb1c220,720,168,50.0,2453.17,2674.58,625368928.1046212,2447.336153791482,14.86848023607174,27.579887813871817,4.512732505289052,22.07114363545648,-2.309045240433938,20.83605654042869,100.0,1,4,1.4460195180607762
Up v3 5bp,Up v3,unverified_adapter,10.0,4,24,25.0,430.57701301253377,71.09026473048633,210.1152563229339,Up v3 5bp,0x16679e2ac1a798865ecf1c1639e67693ddb1c220,720,168,75.0,2453.17,2674.58,625368928.1046212,1174.7127837580279,13.381564527528136,14.701306343234188,4.512732505289052,9.74864362811443,-2.760239428388367,20.43531231624201,100.0,1,4,1.4460195180607762
Up v3 5bp,Up v3,unverified_adapter,10.0,4,72,100.0,23141.9494862032,71.09026473048633,13484.612498446691,Up v3 5bp,0x16679e2ac1a798865ecf1c1639e67693ddb1c220,720,168,0.0,2453.17,2674.58,625368928.1046212,5306.587174716556,18.11078185208523,56.49056373544323,4.512732505289052,49.733491780557685,-1.6900909438155254,22.376780605991467,100.0,1,4,1.4460195180607762
Up v3 5bp,Up v3,unverified_adapter,10.0,4,72,50.0,1836.4975879837214,71.09026473048633,1031.8572632021062,Up v3 5bp,0x16679e2ac1a798865ecf1c1639e67693ddb1c220,720,168,50.0,2453.17,2674.58,625368928.1046212,2447.336153791482,14.86848023607174,27.579887813871817,4.512732505289052,22.07114363545648,-2.309045240433938,20.83605654042869,100.0,1,4,1.4460195180607762
Up v3 5bp,Up v3,unverified_adapter,10.0,4,72,25.0,430.57701301253377,71.09026473048633,210.1152563229339,Up v3 5bp,0x16679e2ac1a798865ecf1c1639e67693ddb1c220,720,168,75.0,2453.17,2674.58,625368928.1046212,1174.7127837580279,13.381564527528136,14.701306343234188,4.512732505289052,9.74864362811443,-2.760239428388367,20.43531231624201,100.0,1,4,1.4460195180607762
Up v3 5bp,Up v3,unverified_adapter,10.0,4,168,100.0,23141.9494862032,71.09026473048633,13484.612498446691,Up v3 5bp,0x16679e2ac1a798865ecf1c1639e67693ddb1c220,720,168,0.0,2453.17,2674.58,625368928.1046212,5306.587174716556,18.11078185208523,56.49056373544323,4.512732505289052,49.733491780557685,-1.6900909438155254,22.376780605991467,100.0,1,4,1.4460195180607762
Up v3 5bp,Up v3,unverified_adapter,10.0,4,168,50.0,1836.4975879837214,71.09026473048633,1031.8572632021062,Up v3 5bp,0x16679e2ac1a798865ecf1c1639e67693ddb1c220,720,168,50.0,2453.17,2674.58,625368928.1046212,2447.336153791482,14.86848023607174,27.579887813871817,4.512732505289052,22.07114363545648,-2.309045240433938,20.83605654042869,100.0,1,4,1.4460195180607762
Up v3 5bp,Up v3,unverified_adapter,10.0,4,168,25.0,430.57701301253377,71.09026473048633,210.1152563229339,Up v3 5bp,0x16679e2ac1a798865ecf1c1639e67693ddb1c220,720,168,75.0,2453.17,2674.58,625368928.1046212,1174.7127837580279,13.381564527528136,14.701306343234188,4.512732505289052,9.74864362811443,-2.760239428388367,20.43531231624201,100.0,1,4,1.4460195180607762
Up v3 5bp,Up v3,unverified_adapter,10.0,12,24,100.0,23334.569677365696,71.09026473048633,13597.196456082096,Up v3 5bp,0x16679e2ac1a798865ecf1c1639e67693ddb1c220,720,168,0.0,2453.17,2674.58,625368928.1046212,5305.387278562627,18.11843924768364,56.59675765919565,4.512732505289052,49.83510038001424,-1.6900909438155254,22.2248283919315,100.0,1,4,1.4460195180607762
Up v3 5bp,Up v3,unverified_adapter,10.0,12,24,50.0,1854.7799239318585,71.09026473048633,1042.5430470933952,Up v3 5bp,0x16679e2ac1a798865ecf1c1639e67693ddb1c220,720,168,50.0,2453.17,2674.58,625368928.1046212,2447.376434673764,14.870286696828224,27.678459230401643,4.512732505289052,22.165458858268995,-2.309045240433938,20.693434837136582,100.0,1,4,1.4460195180607762
Up v3 5bp,Up v3,unverified_adapter,10.0,12,24,25.0,435.69315969969233,71.09026473048633,213.1055764882671,Up v3 5bp,0x16679e2ac1a798865ecf1c1639e67693ddb1c220,720,168,75.0,2453.17,2674.58,625368928.1046212,1174.8603677562837,13.38071042577564,14.791812285768579,4.512732505289052,9.835241634275826,-2.760239428388367,20.303386989865817,100.0,1,4,1.4460195180607762
Up v3 5bp,Up v3,unverified_adapter,10.0,12,72,100.0,23334.569677365696,71.09026473048633,13597.196456082096,Up v3 5bp,0x16679e2ac1a798865ecf1c1639e67693ddb1c220,720,168,0.0,2453.17,2674.58,625368928.1046212,5305.387278562627,18.11843924768364,56.59675765919565,4.512732505289052,49.83510038001424,-1.6900909438155254,22.2248283919315,100.0,1,4,1.4460195180607762
Up v3 5bp,Up v3,unverified_adapter,10.0,12,72,50.0,1854.7799239318585,71.09026473048633,1042.5430470933952,Up v3 5bp,0x16679e2ac1a798865ecf1c1639e67693ddb1c220,720,168,50.0,2453.17,2674.58,625368928.1046212,2447.376434673764,14.870286696828224,27.678459230401643,4.512732505289052,22.165458858268995,-2.309045240433938,20.693434837136582,100.0,1,4,1.4460195180607762
Up v3 5bp,Up v3,unverified_adapter,10.0,12,72,25.0,435.69315969969233,71.09026473048633,213.1055764882671,Up v3 5bp,0x16679e2ac1a798865ecf1c1639e67693ddb1c220,720,168,75.0,2453.17,2674.58,625368928.1046212,1174.8603677562837,13.38071042577564,14.791812285768579,4.512732505289052,9.835241634275826,-2.760239428388367,20.303386989865817,100.0,1,4,1.4460195180607762
Up v3 5bp,Up v3,unverified_adapter,10.0,12,168,100.0,23334.569677365696,71.09026473048633,13597.196456082096,Up v3 5bp,0x16679e2ac1a798865ecf1c1639e67693ddb1c220,720,168,0.0,2453.17,2674.58,625368928.1046212,5305.387278562627,18.11843924768364,56.59675765919565,4.512732505289052,49.83510038001424,-1.6900909438155254,22.2248283919315,100.0,1,4,1.4460195180607762
Up v3 5bp,Up v3,unverified_adapter,10.0,12,168,50.0,1854.7799239318585,71.09026473048633,1042.5430470933952,Up v3 5bp,0x16679e2ac1a798865ecf1c1639e67693ddb1c220,720,168,50.0,2453.17,2674.58,625368928.1046212,2447.376434673764,14.870286696828224,27.678459230401643,4.512732505289052,22.165458858268995,-2.309045240433938,20.693434837136582,100.0,1,4,1.4460195180607762
Up v3 5bp,Up v3,unverified_adapter,10.0,12,168,25.0,435.69315969969233,71.09026473048633,213.1055764882671,Up v3 5bp,0x16679e2ac1a798865ecf1c1639e67693ddb1c220,720,168,75.0,2453.17,2674.58,625368928.1046212,1174.8603677562837,13.38071042577564,14.791812285768579,4.512732505289052,9.835241634275826,-2.760239428388367,20.303386989865817,100.0,1,4,1.4460195180607762
Up v3 5bp,Up v3,unverified_adapter,10.0,24,24,100.0,15512.004455226619,71.09026473048633,9025.010403028933,Up v3 5bp,0x16679e2ac1a798865ecf1c1639e67693ddb1c220,720,168,0.0,2453.17,2674.58,625368928.1046212,5183.206439864226,18.86293114013373,51.45522969549052,4.512732505289052,44.91557733200197,-2.29218613916069,22.608233899795234,98.05555555555556,1,4,1.4460195180607762
Up v3 5bp,Up v3,unverified_adapter,10.0,24,24,50.0,1250.8959562805567,71.09026473048633,689.5808440115424,Up v3 5bp,0x16679e2ac1a798865ecf1c1639e67693ddb1c220,720,168,50.0,2453.17,2674.58,625368928.1046212,2394.6048597749505,15.209084521476807,23.859073640428342,4.512732505289052,18.510989686505642,-2.631908071328448,20.62530859519956,98.05555555555556,1,4,1.4460195180607762
Up v3 5bp,Up v3,unverified_adapter,10.0,24,24,25.0,277.75760533051397,71.09026473048633,120.79433094897855,Up v3 5bp,0x16679e2ac1a798865ecf1c1639e67693ddb1c220,720,168,75.0,2453.17,2674.58,625368928.1046212,1150.4406780458658,13.548352309379759,11.542964384716647,4.512732505289052,6.726675028874407,-2.895140387768169,20.012740594532588,98.05555555555556,1,4,1.4460195180607762
Up v3 5bp,Up v3,unverified_adapter,10.0,24,72,100.0,15512.004455226619,71.09026473048633,9025.010403028933,Up v3 5bp,0x16679e2ac1a798865ecf1c1639e67693ddb1c220,720,168,0.0,2453.17,2674.58,625368928.1046212,5183.206439864226,18.86293114013373,51.45522969549052,4.512732505289052,44.91557733200197,-2.29218613916069,22.608233899795234,98.05555555555556,1,4,1.4460195180607762
Up v3 5bp,Up v3,unverified_adapter,10.0,24,72,50.0,1250.8959562805567,71.09026473048633,689.5808440115424,Up v3 5bp,0x16679e2ac1a798865ecf1c1639e67693ddb1c220,720,168,50.0,2453.17,2674.58,625368928.1046212,2394.6048597749505,15.209084521476807,23.859073640428342,4.512732505289052,18.510989686505642,-2.631908071328448,20.62530859519956,98.05555555555556,1,4,1.4460195180607762
Up v3 5bp,Up v3,unverified_adapter,10.0,24,72,25.0,277.75760533051397,71.09026473048633,120.79433094897855,Up v3 5bp,0x16679e2ac1a798865ecf1c1639e67693ddb1c220,720,168,75.0,2453.17,2674.58,625368928.1046212,1150.4406780458658,13.548352309379759,11.542964384716647,4.512732505289052,6.726675028874407,-2.895140387768169,20.012740594532588,98.05555555555556,1,4,1.4460195180607762
Up v3 5bp,Up v3,unverified_adapter,10.0,24,168,100.0,15512.004455226619,71.09026473048633,9025.010403028933,Up v3 5bp,0x16679e2ac1a798865ecf1c1639e67693ddb1c220,720,168,0.0,2453.17,2674.58,625368928.1046212,5183.206439864226,18.86293114013373,51.45522969549052,4.512732505289052,44.91557733200197,-2.29218613916069,22.608233899795234,98.05555555555556,1,4,1.4460195180607762
Up v3 5bp,Up v3,unverified_adapter,10.0,24,168,50.0,1250.8959562805567,71.09026473048633,689.5808440115424,Up v3 5bp,0x16679e2ac1a798865ecf1c1639e67693ddb1c220,720,168,50.0,2453.17,2674.58,625368928.1046212,2394.6048597749505,15.209084521476807,23.859073640428342,4.512732505289052,18.510989686505642,-2.631908071328448,20.62530859519956,98.05555555555556,1,4,1.4460195180607762
Up v3 5bp,Up v3,unverified_adapter,10.0,24,168,25.0,277.75760533051397,71.09026473048633,120.79433094897855,Up v3 5bp,0x16679e2ac1a798865ecf1c1639e67693ddb1c220,720,168,75.0,2453.17,2674.58,625368928.1046212,1150.4406780458658,13.548352309379759,11.542964384716647,4.512732505289052,6.726675028874407,-2.895140387768169,20.012740594532588,98.05555555555556,1,4,1.4460195180607762
Up v3 5bp,Up v3,unverified_adapter,15.0,4,24,100.0,4572.655323566701,71.09026473048633,2631.105320882747,Up v3 5bp,0x16679e2ac1a798865ecf1c1639e67693ddb1c220,720,168,0.0,2453.17,2674.58,625368928.1046212,3501.261275671487,16.747852030073254,37.15903393077839,4.512732505289052,31.236673889315057,-2.1560038602463916,21.84661920357388,100.0,1,4,1.001516042172244
Up v3 5bp,Up v3,unverified_adapter,15.0,4,24,50.0,698.2186336949093,71.09026473048633,366.54824864075135,Up v3 5bp,0x16679e2ac1a798865ecf1c1639e67693ddb1c220,720,168,50.0,2453.17,2674.58,625368928.1046212,1653.5478668997982,14.313678602052917,18.61701815028414,4.512732505289052,13.495279768215141,-2.7040387697246815,21.00651465572071,100.0,1,4,1.001516042172244
Up v3 5bp,Up v3,unverified_adapter,15.0,4,24,25.0,221.72918463355575,71.09026473048633,88.04645906671935,Up v3 5bp,0x16679e2ac1a798865ecf1c1639e67693ddb1c220,720,168,75.0,2453.17,2674.58,625368928.1046212,803.3947785757678,13.177706222218202,10.080791744431682,4.512732505289052,5.327637222441628,-3.0239384056287344,20.775229205457453,100.0,1,4,1.001516042172244
Up v3 5bp,Up v3,unverified_adapter,15.0,4,72,100.0,4572.655323566701,71.09026473048633,2631.105320882747,Up v3 5bp,0x16679e2ac1a798865ecf1c1639e67693ddb1c220,720,168,0.0,2453.17,2674.58,625368928.1046212,3501.261275671487,16.747852030073254,37.15903393077839,4.512732505289052,31.236673889315057,-2.1560038602463916,21.84661920357388,100.0,1,4,1.001516042172244
Up v3 5bp,Up v3,unverified_adapter,15.0,4,72,50.0,698.2186336949093,71.09026473048633,366.54824864075135,Up v3 5bp,0x16679e2ac1a798865ecf1c1639e67693ddb1c220,720,168,50.0,2453.17,2674.58,625368928.1046212,1653.5478668997982,14.313678602052917,18.61701815028414,4.512732505289052,13.495279768215141,-2.7040387697246815,21.00651465572071,100.0,1,4,1.001516042172244
Up v3 5bp,Up v3,unverified_adapter,15.0,4,72,25.0,221.72918463355575,71.09026473048633,88.04645906671935,Up v3 5bp,0x16679e2ac1a798865ecf1c1639e67693ddb1c220,720,168,75.0,2453.17,2674.58,625368928.1046212,803.3947785757678,13.177706222218202,10.080791744431682,4.512732505289052,5.327637222441628,-3.0239384056287344,20.775229205457453,100.0,1,4,1.001516042172244
Up v3 5bp,Up v3,unverified_adapter,15.0,4,168,100.0,4572.655323566701,71.09026473048633,2631.105320882747,Up v3 5bp,0x16679e2ac1a798865ecf1c1639e67693ddb1c220,720,168,0.0,2453.17,2674.58,625368928.1046212,3501.261275671487,16.747852030073254,37.15903393077839,4.512732505289052,31.236673889315057,-2.1560038602463916,21.84661920357388,100.0,1,4,1.001516042172244
Up v3 5bp,Up v3,unverified_adapter,15.0,4,168,50.0,698.2186336949093,71.09026473048633,366.54824864075135,Up v3 5bp,0x16679e2ac1a798865ecf1c1639e67693ddb1c220,720,168,50.0,2453.17,2674.58,625368928.1046212,1653.5478668997982,14.313678602052917,18.61701815028414,4.512732505289052,13.495279768215141,-2.7040387697246815,21.00651465572071,100.0,1,4,1.001516042172244
Up v3 5bp,Up v3,unverified_adapter,15.0,4,168,25.0,221.72918463355575,71.09026473048633,88.04645906671935,Up v3 5bp,0x16679e2ac1a798865ecf1c1639e67693ddb1c220,720,168,75.0,2453.17,2674.58,625368928.1046212,803.3947785757678,13.177706222218202,10.080791744431682,4.512732505289052,5.327637222441628,-3.0239384056287344,20.775229205457453,100.0,1,4,1.001516042172244
Up v3 5bp,Up v3,unverified_adapter,15.0,12,24,100.0,4177.643022301988,71.09026473048633,2400.2258480577116,Up v3 5bp,0x16679e2ac1a798865ecf1c1639e67693ddb1c220,720,168,0.0,2453.17,2674.58,625368928.1046212,3499.793290898943,16.780798218901808,36.16691743189813,4.512732505289052,30.287395772574556,-2.3090054702716523,21.777227801207825,100.0,1,4,1.001516042172244
Up v3 5bp,Up v3,unverified_adapter,15.0,12,24,50.0,630.1563672861105,71.09026473048633,326.76675288117866,Up v3 5bp,0x16679e2ac1a798865ecf1c1639e67693ddb1c220,720,168,50.0,2453.17,2674.58,625368928.1046212,1652.764775137451,14.335300041792808,17.751294027273733,4.512732505289052,12.666936558485542,-2.7040387697246815,20.880223065072016,100.0,1,4,1.001516042172244
Up v3 5bp,Up v3,unverified_adapter,15.0,12,24,25.0,194.20736273744347,71.09026473048633,71.96031767260378,Up v3 5bp,0x16679e2ac1a798865ecf1c1639e67693ddb1c220,720,168,75.0,2453.17,2674.58,625368928.1046212,802.995733303237,13.194498677107237,9.274661235184967,4.512732505289052,4.55631444681146,-3.0239384056287344,20.616680727840496,100.0,1,4,1.001516042172244
Up v3 5bp,Up v3,unverified_adapter,15.0,12,72,100.0,4177.643022301988,71.09026473048633,2400.2258480577116,Up v3 5bp,0x16679e2ac1a798865ecf1c1639e67693ddb1c220,720,168,0.0,2453.17,2674.58,625368928.1046212,3499.793290898943,16.780798218901808,36.16691743189813,4.512732505289052,30.287395772574556,-2.3090054702716523,21.777227801207825,100.0,1,4,1.001516042172244
Up v3 5bp,Up v3,unverified_adapter,15.0,12,72,50.0,630.1563672861105,71.09026473048633,326.76675288117866,Up v3 5bp,0x16679e2ac1a798865ecf1c1639e67693ddb1c220,720,168,50.0,2453.17,2674.58,625368928.1046212,1652.764775137451,14.335300041792808,17.751294027273733,4.512732505289052,12.666936558485542,-2.7040387697246815,20.880223065072016,100.0,1,4,1.001516042172244
Up v3 5bp,Up v3,unverified_adapter,15.0,12,72,25.0,194.20736273744347,71.09026473048633,71.96031767260378,Up v3 5bp,0x16679e2ac1a798865ecf1c1639e67693ddb1c220,720,168,75.0,2453.17,2674.58,625368928.1046212,802.995733303237,13.194498677107237,9.274661235184967,4.512732505289052,4.55631444681146,-3.0239384056287344,20.616680727840496,100.0,1,4,1.001516042172244
Up v3 5bp,Up v3,unverified_adapter,15.0,12,168,100.0,4177.643022301988,71.09026473048633,2400.2258480577116,Up v3 5bp,0x16679e2ac1a798865ecf1c1639e67693ddb1c220,720,168,0.0,2453.17,2674.58,625368928.1046212,3499.793290898943,16.780798218901808,36.16691743189813,4.512732505289052,30.287395772574556,-2.3090054702716523,21.777227801207825,100.0,1,4,1.001516042172244
Up v3 5bp,Up v3,unverified_adapter,15.0,12,168,50.0,630.1563672861105,71.09026473048633,326.76675288117866,Up v3 5bp,0x16679e2ac1a798865ecf1c1639e67693ddb1c220,720,168,50.0,2453.17,2674.58,625368928.1046212,1652.764775137451,14.335300041792808,17.751294027273733,4.512732505289052,12.666936558485542,-2.7040387697246815,20.880223065072016,100.0,1,4,1.001516042172244
Up v3 5bp,Up v3,unverified_adapter,15.0,12,168,25.0,194.20736273744347,71.09026473048633,71.96031767260378,Up v3 5bp,0x16679e2ac1a798865ecf1c1639e67693ddb1c220,720,168,75.0,2453.17,2674.58,625368928.1046212,802.995733303237,13.194498677107237,9.274661235184967,4.512732505289052,4.55631444681146,-3.0239384056287344,20.616680727840496,100.0,1,4,1.001516042172244
Up v3 5bp,Up v3,unverified_adapter,15.0,24,24,100.0,4538.053929238606,71.09026473048633,2610.8812629080926,Up v3 5bp,0x16679e2ac1a798865ecf1c1639e67693ddb1c220,720,168,0.0,2453.17,2674.58,625368928.1046212,3504.018179812341,16.793054262533886,37.07526885441275,4.512732505289052,31.156525686930834,-2.1560038602463916,21.541413746371173,100.0,1,4,1.001516042172244
Up v3 5bp,Up v3,unverified_adapter,15.0,24,24,50.0,691.3415739882706,71.09026473048633,362.52869807340994,Up v3 5bp,0x16679e2ac1a798865ecf1c1639e67693ddb1c220,720,168,50.0,2453.17,2674.58,625368928.1046212,1654.4995034268043,14.334639382132524,18.53268865786739,4.512732505289052,13.414591520577467,-2.7040387697246815,20.695251510674467,100.0,1,4,1.001516042172244
Up v3 5bp,Up v3,unverified_adapter,15.0,24,24,25.0,218.8227616408065,71.09026473048633,86.34769321506323,Up v3 5bp,0x16679e2ac1a798865ecf1c1639e67693ddb1c220,720,168,75.0,2453.17,2674.58,625368928.1046212,803.7782752202013,13.188496271766992,9.998715888255184,4.512732505289052,5.249105301776025,-3.0239384056287344,20.46155066298823,100.0,1,4,1.001516042172244
Up v3 5bp,Up v3,unverified_adapter,15.0,24,72,100.0,4538.053929238606,71.09026473048633,2610.8812629080926,Up v3 5bp,0x16679e2ac1a798865ecf1c1639e67693ddb1c220,720,168,0.0,2453.17,2674.58,625368928.1046212,3504.018179812341,16.793054262533886,37.07526885441275,4.512732505289052,31.156525686930834,-2.1560038602463916,21.541413746371173,100.0,1,4,1.001516042172244
Up v3 5bp,Up v3,unverified_adapter,15.0,24,72,50.0,691.3415739882706,71.09026473048633,362.52869807340994,Up v3 5bp,0x16679e2ac1a798865ecf1c1639e67693ddb1c220,720,168,50.0,2453.17,2674.58,625368928.1046212,1654.4995034268043,14.334639382132524,18.53268865786739,4.512732505289052,13.414591520577467,-2.7040387697246815,20.695251510674467,100.0,1,4,1.001516042172244
Up v3 5bp,Up v3,unverified_adapter,15.0,24,72,25.0,218.8227616408065,71.09026473048633,86.34769321506323,Up v3 5bp,0x16679e2ac1a798865ecf1c1639e67693ddb1c220,720,168,75.0,2453.17,2674.58,625368928.1046212,803.7782752202013,13.188496271766992,9.998715888255184,4.512732505289052,5.249105301776025,-3.0239384056287344,20.46155066298823,100.0,1,4,1.001516042172244
Up v3 5bp,Up v3,unverified_adapter,15.0,24,168,100.0,4538.053929238606,71.09026473048633,2610.8812629080926,Up v3 5bp,0x16679e2ac1a798865ecf1c1639e67693ddb1c220,720,168,0.0,2453.17,2674.58,625368928.1046212,3504.018179812341,16.793054262533886,37.07526885441275,4.512732505289052,31.156525686930834,-2.1560038602463916,21.541413746371173,100.0,1,4,1.001516042172244
Up v3 5bp,Up v3,unverified_adapter,15.0,24,168,50.0,691.3415739882706,71.09026473048633,362.52869807340994,Up v3 5bp,0x16679e2ac1a798865ecf1c1639e67693ddb1c220,720,168,50.0,2453.17,2674.58,625368928.1046212,1654.4995034268043,14.334639382132524,18.53268865786739,4.512732505289052,13.414591520577467,-2.7040387697246815,20.695251510674467,100.0,1,4,1.001516042172244
Up v3 5bp,Up v3,unverified_adapter,15.0,24,168,25.0,218.8227616408065,71.09026473048633,86.34769321506323,Up v3 5bp,0x16679e2ac1a798865ecf1c1639e67693ddb1c220,720,168,75.0,2453.17,2674.58,625368928.1046212,803.7782752202013,13.188496271766992,9.998715888255184,4.512732505289052,5.249105301776025,-3.0239384056287344,20.46155066298823,100.0,1,4,1.001516042172244
Up v3 5bp,Up v3,unverified_adapter,20.0,4,24,100.0,2414.447423312184,71.09026473048587,1369.6613084754558,Up v3 5bp,0x16679e2ac1a798865ecf1c1639e67693ddb1c220,720,168,0.0,2453.17,2674.58,625368928.1046212,2656.5526742058387,2.2895663957124395,30.348148845753144,4.51273250528903,24.719874527399476,-2.4493467034222616,21.019269792983845,100.0,0,4,0.7775868443336155
Up v3 5bp,Up v3,unverified_adapter,20.0,4,24,50.0,527.1763925518487,71.09026473048587,266.5763177933136,Up v3 5bp,0x16679e2ac1a798865ecf1c1639e67693ddb1c220,720,168,50.0,2453.17,2674.58,625368928.1046212,1270.898687297658,1.6181128427448095,16.28906527007321,4.51273250528903,11.26784505819729,-2.9070311208887256,20.601503049021954,100.0,0,4,0.7775868443336155
Up v3 5bp,Up v3,unverified_adapter,20.0,4,24,25.0,208.31902403460924,71.09026473048587,80.2083973160574,Up v3 5bp,0x16679e2ac1a798865ecf1c1639e67693ddb1c220,720,168,75.0,2453.17,2674.58,625368928.1046212,621.5068930353212,1.3025604793933994,9.696256566492512,4.51273250528903,4.959705805166981,-3.2658642900147083,20.51968794413235,100.0,0,4,0.7775868443336155
Up v3 5bp,Up v3,unverified_adapter,20.0,4,72,100.0,2414.447423312184,71.09026473048587,1369.6613084754558,Up v3 5bp,0x16679e2ac1a798865ecf1c1639e67693ddb1c220,720,168,0.0,2453.17,2674.58,625368928.1046212,2656.5526742058387,2.2895663957124395,30.348148845753144,4.51273250528903,24.719874527399476,-2.4493467034222616,21.019269792983845,100.0,0,4,0.7775868443336155
Up v3 5bp,Up v3,unverified_adapter,20.0,4,72,50.0,527.1763925518487,71.09026473048587,266.5763177933136,Up v3 5bp,0x16679e2ac1a798865ecf1c1639e67693ddb1c220,720,168,50.0,2453.17,2674.58,625368928.1046212,1270.898687297658,1.6181128427448095,16.28906527007321,4.51273250528903,11.26784505819729,-2.9070311208887256,20.601503049021954,100.0,0,4,0.7775868443336155
Up v3 5bp,Up v3,unverified_adapter,20.0,4,72,25.0,208.31902403460924,71.09026473048587,80.2083973160574,Up v3 5bp,0x16679e2ac1a798865ecf1c1639e67693ddb1c220,720,168,75.0,2453.17,2674.58,625368928.1046212,621.5068930353212,1.3025604793933994,9.696256566492512,4.51273250528903,4.959705805166981,-3.2658642900147083,20.51968794413235,100.0,0,4,0.7775868443336155
Up v3 5bp,Up v3,unverified_adapter,20.0,4,168,100.0,2414.447423312184,71.09026473048587,1369.6613084754558,Up v3 5bp,0x16679e2ac1a798865ecf1c1639e67693ddb1c220,720,168,0.0,2453.17,2674.58,625368928.1046212,2656.5526742058387,2.2895663957124395,30.348148845753144,4.51273250528903,24.719874527399476,-2.4493467034222616,21.019269792983845,100.0,0,4,0.7775868443336155
Up v3 5bp,Up v3,unverified_adapter,20.0,4,168,50.0,527.1763925518487,71.09026473048587,266.5763177933136,Up v3 5bp,0x16679e2ac1a798865ecf1c1639e67693ddb1c220,720,168,50.0,2453.17,2674.58,625368928.1046212,1270.898687297658,1.6181128427448095,16.28906527007321,4.51273250528903,11.26784505819729,-2.9070311208887256,20.601503049021954,100.0,0,4,0.7775868443336155
Up v3 5bp,Up v3,unverified_adapter,20.0,4,168,25.0,208.31902403460924,71.09026473048587,80.2083973160574,Up v3 5bp,0x16679e2ac1a798865ecf1c1639e67693ddb1c220,720,168,75.0,2453.17,2674.58,625368928.1046212,621.5068930353212,1.3025604793933994,9.696256566492512,4.51273250528903,4.959705805166981,-3.2658642900147083,20.51968794413235,100.0,0,4,0.7775868443336155
Up v3 5bp,Up v3,unverified_adapter,20.0,12,24,100.0,2414.447423312184,71.09026473048587,1369.6613084754558,Up v3 5bp,0x16679e2ac1a798865ecf1c1639e67693ddb1c220,720,168,0.0,2453.17,2674.58,625368928.1046212,2656.5526742058387,2.2895663957124395,30.348148845753144,4.51273250528903,24.719874527399476,-2.4493467034222616,21.019269792983845,100.0,0,4,0.7775868443336155
Up v3 5bp,Up v3,unverified_adapter,20.0,12,24,50.0,527.1763925518487,71.09026473048587,266.5763177933136,Up v3 5bp,0x16679e2ac1a798865ecf1c1639e67693ddb1c220,720,168,50.0,2453.17,2674.58,625368928.1046212,1270.898687297658,1.6181128427448095,16.28906527007321,4.51273250528903,11.26784505819729,-2.9070311208887256,20.601503049021954,100.0,0,4,0.7775868443336155
Up v3 5bp,Up v3,unverified_adapter,20.0,12,24,25.0,208.31902403460924,71.09026473048587,80.2083973160574,Up v3 5bp,0x16679e2ac1a798865ecf1c1639e67693ddb1c220,720,168,75.0,2453.17,2674.58,625368928.1046212,621.5068930353212,1.3025604793933994,9.696256566492512,4.51273250528903,4.959705805166981,-3.2658642900147083,20.51968794413235,100.0,0,4,0.7775868443336155
Up v3 5bp,Up v3,unverified_adapter,20.0,12,72,100.0,2414.447423312184,71.09026473048587,1369.6613084754558,Up v3 5bp,0x16679e2ac1a798865ecf1c1639e67693ddb1c220,720,168,0.0,2453.17,2674.58,625368928.1046212,2656.5526742058387,2.2895663957124395,30.348148845753144,4.51273250528903,24.719874527399476,-2.4493467034222616,21.019269792983845,100.0,0,4,0.7775868443336155
Up v3 5bp,Up v3,unverified_adapter,20.0,12,72,50.0,527.1763925518487,71.09026473048587,266.5763177933136,Up v3 5bp,0x16679e2ac1a798865ecf1c1639e67693ddb1c220,720,168,50.0,2453.17,2674.58,625368928.1046212,1270.898687297658,1.6181128427448095,16.28906527007321,4.51273250528903,11.26784505819729,-2.9070311208887256,20.601503049021954,100.0,0,4,0.7775868443336155
Up v3 5bp,Up v3,unverified_adapter,20.0,12,72,25.0,208.31902403460924,71.09026473048587,80.2083973160574,Up v3 5bp,0x16679e2ac1a798865ecf1c1639e67693ddb1c220,720,168,75.0,2453.17,2674.58,625368928.1046212,621.5068930353212,1.3025604793933994,9.696256566492512,4.51273250528903,4.959705805166981,-3.2658642900147083,20.51968794413235,100.0,0,4,0.7775868443336155
Up v3 5bp,Up v3,unverified_adapter,20.0,12,168,100.0,2414.447423312184,71.09026473048587,1369.6613084754558,Up v3 5bp,0x16679e2ac1a798865ecf1c1639e67693ddb1c220,720,168,0.0,2453.17,2674.58,625368928.1046212,2656.5526742058387,2.2895663957124395,30.348148845753144,4.51273250528903,24.719874527399476,-2.4493467034222616,21.019269792983845,100.0,0,4,0.7775868443336155
Up v3 5bp,Up v3,unverified_adapter,20.0,12,168,50.0,527.1763925518487,71.09026473048587,266.5763177933136,Up v3 5bp,0x16679e2ac1a798865ecf1c1639e67693ddb1c220,720,168,50.0,2453.17,2674.58,625368928.1046212,1270.898687297658,1.6181128427448095,16.28906527007321,4.51273250528903,11.26784505819729,-2.9070311208887256,20.601503049021954,100.0,0,4,0.7775868443336155
Up v3 5bp,Up v3,unverified_adapter,20.0,12,168,25.0,208.31902403460924,71.09026473048587,80.2083973160574,Up v3 5bp,0x16679e2ac1a798865ecf1c1639e67693ddb1c220,720,168,75.0,2453.17,2674.58,625368928.1046212,621.5068930353212,1.3025604793933994,9.696256566492512,4.51273250528903,4.959705805166981,-3.2658642900147083,20.51968794413235,100.0,0,4,0.7775868443336155
Up v3 5bp,Up v3,unverified_adapter,20.0,24,24,100.0,2414.447423312184,71.09026473048587,1369.6613084754558,Up v3 5bp,0x16679e2ac1a798865ecf1c1639e67693ddb1c220,720,168,0.0,2453.17,2674.58,625368928.1046212,2656.5526742058387,2.2895663957124395,30.348148845753144,4.51273250528903,24.719874527399476,-2.4493467034222616,21.019269792983845,100.0,0,4,0.7775868443336155
Up v3 5bp,Up v3,unverified_adapter,20.0,24,24,50.0,527.1763925518487,71.09026473048587,266.5763177933136,Up v3 5bp,0x16679e2ac1a798865ecf1c1639e67693ddb1c220,720,168,50.0,2453.17,2674.58,625368928.1046212,1270.898687297658,1.6181128427448095,16.28906527007321,4.51273250528903,11.26784505819729,-2.9070311208887256,20.601503049021954,100.0,0,4,0.7775868443336155
Up v3 5bp,Up v3,unverified_adapter,20.0,24,24,25.0,208.31902403460924,71.09026473048587,80.2083973160574,Up v3 5bp,0x16679e2ac1a798865ecf1c1639e67693ddb1c220,720,168,75.0,2453.17,2674.58,625368928.1046212,621.5068930353212,1.3025604793933994,9.696256566492512,4.51273250528903,4.959705805166981,-3.2658642900147083,20.51968794413235,100.0,0,4,0.7775868443336155
Up v3 5bp,Up v3,unverified_adapter,20.0,24,72,100.0,2414.447423312184,71.09026473048587,1369.6613084754558,Up v3 5bp,0x16679e2ac1a798865ecf1c1639e67693ddb1c220,720,168,0.0,2453.17,2674.58,625368928.1046212,2656.5526742058387,2.2895663957124395,30.348148845753144,4.51273250528903,24.719874527399476,-2.4493467034222616,21.019269792983845,100.0,0,4,0.7775868443336155
Up v3 5bp,Up v3,unverified_adapter,20.0,24,72,50.0,527.1763925518487,71.09026473048587,266.5763177933136,Up v3 5bp,0x16679e2ac1a798865ecf1c1639e67693ddb1c220,720,168,50.0,2453.17,2674.58,625368928.1046212,1270.898687297658,1.6181128427448095,16.28906527007321,4.51273250528903,11.26784505819729,-2.9070311208887256,20.601503049021954,100.0,0,4,0.7775868443336155
Up v3 5bp,Up v3,unverified_adapter,20.0,24,72,25.0,208.31902403460924,71.09026473048587,80.2083973160574,Up v3 5bp,0x16679e2ac1a798865ecf1c1639e67693ddb1c220,720,168,75.0,2453.17,2674.58,625368928.1046212,621.5068930353212,1.3025604793933994,9.696256566492512,4.51273250528903,4.959705805166981,-3.2658642900147083,20.51968794413235,100.0,0,4,0.7775868443336155
Up v3 5bp,Up v3,unverified_adapter,20.0,24,168,100.0,2414.447423312184,71.09026473048587,1369.6613084754558,Up v3 5bp,0x16679e2ac1a798865ecf1c1639e67693ddb1c220,720,168,0.0,2453.17,2674.58,625368928.1046212,2656.5526742058387,2.2895663957124395,30.348148845753144,4.51273250528903,24.719874527399476,-2.4493467034222616,21.019269792983845,100.0,0,4,0.7775868443336155
Up v3 5bp,Up v3,unverified_adapter,20.0,24,168,50.0,527.1763925518487,71.09026473048587,266.5763177933136,Up v3 5bp,0x16679e2ac1a798865ecf1c1639e67693ddb1c220,720,168,50.0,2453.17,2674.58,625368928.1046212,1270.898687297658,1.6181128427448095,16.28906527007321,4.51273250528903,11.26784505819729,-2.9070311208887256,20.601503049021954,100.0,0,4,0.7775868443336155
Up v3 5bp,Up v3,unverified_adapter,20.0,24,168,25.0,208.31902403460924,71.09026473048587,80.2083973160574,Up v3 5bp,0x16679e2ac1a798865ecf1c1639e67693ddb1c220,720,168,75.0,2453.17,2674.58,625368928.1046212,621.5068930353212,1.3025604793933994,9.696256566492512,4.51273250528903,4.959705805166981,-3.2658642900147083,20.51968794413235,100.0,0,4,0.7775868443336155
Up v3 5bp,Up v3,unverified_adapter,30.0,4,24,100.0,1072.1566747295585,71.09026473048633,585.1100947070385,Up v3 5bp,0x16679e2ac1a798865ecf1c1639e67693ddb1c220,720,168,0.0,2453.17,2674.58,625368928.1046212,1839.6231240234044,1.8939981032521724,22.422666725038386,4.512732505289052,17.136605072346534,-2.759297429451557,21.60084175394487,100.0,0,4,0.5523274397274405
Up v3 5bp,Up v3,unverified_adapter,30.0,4,24,50.0,331.95458637980585,71.09026473048633,152.47175054656122,Up v3 5bp,0x16679e2ac1a798865ecf1c1639e67693ddb1c220,720,168,50.0,2453.17,2674.58,625368928.1046212,891.2667119473778,1.4337122966581513,12.778882820937953,4.512732505289052,7.909228012223823,-3.111840901634,21.410129109766267,100.0,0,4,0.5523274397274405
Up v3 5bp,Up v3,unverified_adapter,30.0,4,24,25.0,160.1109252127622,71.09026473048633,52.03140028014297,Up v3 5bp,0x16679e2ac1a798865ecf1c1639e67693ddb1c220,720,168,75.0,2453.17,2674.58,625368928.1046212,438.64219823816467,1.2135965342568935,8.173934004198923,4.512732505289052,3.50311527710232,-3.7517006904839834,21.379818541488856,100.0,0,4,0.5523274397274405
Up v3 5bp,Up v3,unverified_adapter,30.0,4,72,100.0,1072.1566747295585,71.09026473048633,585.1100947070385,Up v3 5bp,0x16679e2ac1a798865ecf1c1639e67693ddb1c220,720,168,0.0,2453.17,2674.58,625368928.1046212,1839.6231240234044,1.8939981032521724,22.422666725038386,4.512732505289052,17.136605072346534,-2.759297429451557,21.60084175394487,100.0,0,4,0.5523274397274405
Up v3 5bp,Up v3,unverified_adapter,30.0,4,72,50.0,331.95458637980585,71.09026473048633,152.47175054656122,Up v3 5bp,0x16679e2ac1a798865ecf1c1639e67693ddb1c220,720,168,50.0,2453.17,2674.58,625368928.1046212,891.2667119473778,1.4337122966581513,12.778882820937953,4.512732505289052,7.909228012223823,-3.111840901634,21.410129109766267,100.0,0,4,0.5523274397274405
Up v3 5bp,Up v3,unverified_adapter,30.0,4,72,25.0,160.1109252127622,71.09026473048633,52.03140028014297,Up v3 5bp,0x16679e2ac1a798865ecf1c1639e67693ddb1c220,720,168,75.0,2453.17,2674.58,625368928.1046212,438.64219823816467,1.2135965342568935,8.173934004198923,4.512732505289052,3.50311527710232,-3.7517006904839834,21.379818541488856,100.0,0,4,0.5523274397274405
Up v3 5bp,Up v3,unverified_adapter,30.0,4,168,100.0,1072.1566747295585,71.09026473048633,585.1100947070385,Up v3 5bp,0x16679e2ac1a798865ecf1c1639e67693ddb1c220,720,168,0.0,2453.17,2674.58,625368928.1046212,1839.6231240234044,1.8939981032521724,22.422666725038386,4.512732505289052,17.136605072346534,-2.759297429451557,21.60084175394487,100.0,0,4,0.5523274397274405
Up v3 5bp,Up v3,unverified_adapter,30.0,4,168,50.0,331.95458637980585,71.09026473048633,152.47175054656122,Up v3 5bp,0x16679e2ac1a798865ecf1c1639e67693ddb1c220,720,168,50.0,2453.17,2674.58,625368928.1046212,891.2667119473778,1.4337122966581513,12.778882820937953,4.512732505289052,7.909228012223823,-3.111840901634,21.410129109766267,100.0,0,4,0.5523274397274405
Up v3 5bp,Up v3,unverified_adapter,30.0,4,168,25.0,160.1109252127622,71.09026473048633,52.03140028014297,Up v3 5bp,0x16679e2ac1a798865ecf1c1639e67693ddb1c220,720,168,75.0,2453.17,2674.58,625368928.1046212,438.64219823816467,1.2135965342568935,8.173934004198923,4.512732505289052,3.50311527710232,-3.7517006904839834,21.379818541488856,100.0,0,4,0.5523274397274405
Up v3 5bp,Up v3,unverified_adapter,30.0,12,24,100.0,1072.1566747295585,71.09026473048633,585.1100947070385,Up v3 5bp,0x16679e2ac1a798865ecf1c1639e67693ddb1c220,720,168,0.0,2453.17,2674.58,625368928.1046212,1839.6231240234044,1.8939981032521724,22.422666725038386,4.512732505289052,17.136605072346534,-2.759297429451557,21.60084175394487,100.0,0,4,0.5523274397274405
Up v3 5bp,Up v3,unverified_adapter,30.0,12,24,50.0,331.95458637980585,71.09026473048633,152.47175054656122,Up v3 5bp,0x16679e2ac1a798865ecf1c1639e67693ddb1c220,720,168,50.0,2453.17,2674.58,625368928.1046212,891.2667119473778,1.4337122966581513,12.778882820937953,4.512732505289052,7.909228012223823,-3.111840901634,21.410129109766267,100.0,0,4,0.5523274397274405
Up v3 5bp,Up v3,unverified_adapter,30.0,12,24,25.0,160.1109252127622,71.09026473048633,52.03140028014297,Up v3 5bp,0x16679e2ac1a798865ecf1c1639e67693ddb1c220,720,168,75.0,2453.17,2674.58,625368928.1046212,438.64219823816467,1.2135965342568935,8.173934004198923,4.512732505289052,3.50311527710232,-3.7517006904839834,21.379818541488856,100.0,0,4,0.5523274397274405
Up v3 5bp,Up v3,unverified_adapter,30.0,12,72,100.0,1072.1566747295585,71.09026473048633,585.1100947070385,Up v3 5bp,0x16679e2ac1a798865ecf1c1639e67693ddb1c220,720,168,0.0,2453.17,2674.58,625368928.1046212,1839.6231240234044,1.8939981032521724,22.422666725038386,4.512732505289052,17.136605072346534,-2.759297429451557,21.60084175394487,100.0,0,4,0.5523274397274405
Up v3 5bp,Up v3,unverified_adapter,30.0,12,72,50.0,331.95458637980585,71.09026473048633,152.47175054656122,Up v3 5bp,0x16679e2ac1a798865ecf1c1639e67693ddb1c220,720,168,50.0,2453.17,2674.58,625368928.1046212,891.2667119473778,1.4337122966581513,12.778882820937953,4.512732505289052,7.909228012223823,-3.111840901634,21.410129109766267,100.0,0,4,0.5523274397274405
Up v3 5bp,Up v3,unverified_adapter,30.0,12,72,25.0,160.1109252127622,71.09026473048633,52.03140028014297,Up v3 5bp,0x16679e2ac1a798865ecf1c1639e67693ddb1c220,720,168,75.0,2453.17,2674.58,625368928.1046212,438.64219823816467,1.2135965342568935,8.173934004198923,4.512732505289052,3.50311527710232,-3.7517006904839834,21.379818541488856,100.0,0,4,0.5523274397274405
Up v3 5bp,Up v3,unverified_adapter,30.0,12,168,100.0,1072.1566747295585,71.09026473048633,585.1100947070385,Up v3 5bp,0x16679e2ac1a798865ecf1c1639e67693ddb1c220,720,168,0.0,2453.17,2674.58,625368928.1046212,1839.6231240234044,1.8939981032521724,22.422666725038386,4.512732505289052,17.136605072346534,-2.759297429451557,21.60084175394487,100.0,0,4,0.5523274397274405
Up v3 5bp,Up v3,unverified_adapter,30.0,12,168,50.0,331.95458637980585,71.09026473048633,152.47175054656122,Up v3 5bp,0x16679e2ac1a798865ecf1c1639e67693ddb1c220,720,168,50.0,2453.17,2674.58,625368928.1046212,891.2667119473778,1.4337122966581513,12.778882820937953,4.512732505289052,7.909228012223823,-3.111840901634,21.410129109766267,100.0,0,4,0.5523274397274405
Up v3 5bp,Up v3,unverified_adapter,30.0,12,168,25.0,160.1109252127622,71.09026473048633,52.03140028014297,Up v3 5bp,0x16679e2ac1a798865ecf1c1639e67693ddb1c220,720,168,75.0,2453.17,2674.58,625368928.1046212,438.64219823816467,1.2135965342568935,8.173934004198923,4.512732505289052,3.50311527710232,-3.7517006904839834,21.379818541488856,100.0,0,4,0.5523274397274405
Up v3 5bp,Up v3,unverified_adapter,30.0,24,24,100.0,1072.1566747295585,71.09026473048633,585.1100947070385,Up v3 5bp,0x16679e2ac1a798865ecf1c1639e67693ddb1c220,720,168,0.0,2453.17,2674.58,625368928.1046212,1839.6231240234044,1.8939981032521724,22.422666725038386,4.512732505289052,17.136605072346534,-2.759297429451557,21.60084175394487,100.0,0,4,0.5523274397274405
Up v3 5bp,Up v3,unverified_adapter,30.0,24,24,50.0,331.95458637980585,71.09026473048633,152.47175054656122,Up v3 5bp,0x16679e2ac1a798865ecf1c1639e67693ddb1c220,720,168,50.0,2453.17,2674.58,625368928.1046212,891.2667119473778,1.4337122966581513,12.778882820937953,4.512732505289052,7.909228012223823,-3.111840901634,21.410129109766267,100.0,0,4,0.5523274397274405
Up v3 5bp,Up v3,unverified_adapter,30.0,24,24,25.0,160.1109252127622,71.09026473048633,52.03140028014297,Up v3 5bp,0x16679e2ac1a798865ecf1c1639e67693ddb1c220,720,168,75.0,2453.17,2674.58,625368928.1046212,438.64219823816467,1.2135965342568935,8.173934004198923,4.512732505289052,3.50311527710232,-3.7517006904839834,21.379818541488856,100.0,0,4,0.5523274397274405
Up v3 5bp,Up v3,unverified_adapter,30.0,24,72,100.0,1072.1566747295585,71.09026473048633,585.1100947070385,Up v3 5bp,0x16679e2ac1a798865ecf1c1639e67693ddb1c220,720,168,0.0,2453.17,2674.58,625368928.1046212,1839.6231240234044,1.8939981032521724,22.422666725038386,4.512732505289052,17.136605072346534,-2.759297429451557,21.60084175394487,100.0,0,4,0.5523274397274405
Up v3 5bp,Up v3,unverified_adapter,30.0,24,72,50.0,331.95458637980585,71.09026473048633,152.47175054656122,Up v3 5bp,0x16679e2ac1a798865ecf1c1639e67693ddb1c220,720,168,50.0,2453.17,2674.58,625368928.1046212,891.2667119473778,1.4337122966581513,12.778882820937953,4.512732505289052,7.909228012223823,-3.111840901634,21.410129109766267,100.0,0,4,0.5523274397274405
Up v3 5bp,Up v3,unverified_adapter,30.0,24,72,25.0,160.1109252127622,71.09026473048633,52.03140028014297,Up v3 5bp,0x16679e2ac1a798865ecf1c1639e67693ddb1c220,720,168,75.0,2453.17,2674.58,625368928.1046212,438.64219823816467,1.2135965342568935,8.173934004198923,4.512732505289052,3.50311527710232,-3.7517006904839834,21.379818541488856,100.0,0,4,0.5523274397274405
Up v3 5bp,Up v3,unverified_adapter,30.0,24,168,100.0,1072.1566747295585,71.09026473048633,585.1100947070385,Up v3 5bp,0x16679e2ac1a798865ecf1c1639e67693ddb1c220,720,168,0.0,2453.17,2674.58,625368928.1046212,1839.6231240234044,1.8939981032521724,22.422666725038386,4.512732505289052,17.136605072346534,-2.759297429451557,21.60084175394487,100.0,0,4,0.5523274397274405
Up v3 5bp,Up v3,unverified_adapter,30.0,24,168,50.0,331.95458637980585,71.09026473048633,152.47175054656122,Up v3 5bp,0x16679e2ac1a798865ecf1c1639e67693ddb1c220,720,168,50.0,2453.17,2674.58,625368928.1046212,891.2667119473778,1.4337122966581513,12.778882820937953,4.512732505289052,7.909228012223823,-3.111840901634,21.410129109766267,100.0,0,4,0.5523274397274405
Up v3 5bp,Up v3,unverified_adapter,30.0,24,168,25.0,160.1109252127622,71.09026473048633,52.03140028014297,Up v3 5bp,0x16679e2ac1a798865ecf1c1639e67693ddb1c220,720,168,75.0,2453.17,2674.58,625368928.1046212,438.64219823816467,1.2135965342568935,8.173934004198923,4.512732505289052,3.50311527710232,-3.7517006904839834,21.379818541488856,100.0,0,4,0.5523274397274405
Alandale CL 0.6bp,Alandale CL,unverified_adapter,2.5,4,24,100.0,-46.38119337206926,68.42523464981878,-68.16462406039557,Alandale CL 0.6bp,0x7a35168956f129c032ec035cc47383a605a71df0,720,168,0.0,2459.25,2674.58,174606210.71325126,381.118932790296,136.7333032267569,-4.993768012766376,4.37796076039445,-8.978647125205065,-7.577182166117058,22.348022328274954,94.44444444444444,13,4,4.169577108708268
Alandale CL 0.6bp,Alandale CL,unverified_adapter,2.5,4,24,50.0,-57.83210476341082,68.42523464981878,-74.96343387957126,Alandale CL 0.6bp,0x7a35168956f129c032ec035cc47383a605a71df0,720,168,50.0,2459.25,2674.58,174606210.71325126,188.9683978383013,135.52501109356058,-6.851343254847997,4.37796076039445,-10.758309449079928,-8.58171592127972,22.42807900391228,94.44444444444444,13,4,4.169577108708268
Alandale CL 0.6bp,Alandale CL,unverified_adapter,2.5,4,24,25.0,-62.61131282576437,68.42523464981878,-77.80101820729402,Alandale CL 0.6bp,0x7a35168956f129c032ec035cc47383a605a71df0,720,168,75.0,2459.25,2674.58,174606210.71325126,94.08921691929739,134.9245807306297,-7.767759741123593,4.37796076039445,-11.636288363018743,-9.15142333913771,22.47409254264867,94.44444444444444,13,4,4.169577108708268
Alandale CL 0.6bp,Alandale CL,unverified_adapter,2.5,4,72,100.0,0.6637099421862525,68.42523464981878,-40.23240629500624,Alandale CL 0.6bp,0x7a35168956f129c032ec035cc47383a605a71df0,720,168,0.0,2459.25,2674.58,174606210.71325126,305.20371722925444,76.12410442261249,0.054386051130195234,4.37796076039445,-4.142229526010077,-6.279508619474916,24.114143522341323,70.41666666666667,7,4,4.169577108708268
Alandale CL 0.6bp,Alandale CL,unverified_adapter,2.5,4,72,50.0,-16.367359932529922,68.42523464981878,-50.3443529460685,Alandale CL 0.6bp,0x7a35168956f129c032ec035cc47383a605a71df0,720,168,50.0,2459.25,2674.58,174606210.71325126,151.677158747117,75.53035950298354,-1.4583274465768903,4.37796076039445,-5.591494760439786,-6.3860146115898075,24.163377588493944,70.41666666666667,7,4,4.169577108708268
Alandale CL 0.6bp,Alandale CL,unverified_adapter,2.5,4,72,25.0,-23.777392448670764,68.42523464981878,-54.74395050729337,Alandale CL 0.6bp,0x7a35168956f129c032ec035cc47383a605a71df0,720,168,75.0,2459.25,2674.58,174606210.71325126,75.60505108985484,74.97976267812625,-2.20689000640798,4.37796076039445,-6.308660102986996,-6.840277568906139,24.198367486722734,70.41666666666667,7,3,4.169577108708268
Alandale CL 0.6bp,Alandale CL,unverified_adapter,2.5,4,168,100.0,-42.186603661516145,68.42523464981878,-65.67414826009504,Alandale CL 0.6bp,0x7a35168956f129c032ec035cc47383a605a71df0,720,168,0.0,2459.25,2674.58,174606210.71325126,202.783413856628,43.38537604279829,-4.403785012819139,4.37796076039445,-8.413409985439923,-6.913697902898952,19.834064176773254,49.583333333333336,4,3,4.169577108708268
Alandale CL 0.6bp,Alandale CL,unverified_adapter,2.5,4,168,50.0,-48.944139435051916,68.42523464981878,-69.6863355000806,Alandale CL 0.6bp,0x7a35168956f129c032ec035cc47383a605a71df0,720,168,50.0,2459.25,2674.58,174606210.71325126,100.99210964887604,43.11303044806543,-5.375467246780719,4.37796076039445,-9.344336616773653,-7.185961400767682,19.890430419795628,49.583333333333336,4,3,4.169577108708268
Alandale CL 0.6bp,Alandale CL,unverified_adapter,2.5,4,168,25.0,-52.02599657156496,68.42523464981878,-71.51614273942965,Alandale CL 0.6bp,0x7a35168956f129c032ec035cc47383a605a71df0,720,168,75.0,2459.25,2674.58,174606210.71325126,50.3964551357543,42.97753932096916,-5.858457059990629,4.37796076039445,-9.807068221885807,-7.650881452069402,19.926078811712934,49.583333333333336,4,3,4.169577108708268
Alandale CL 0.6bp,Alandale CL,unverified_adapter,2.5,12,24,100.0,-45.21230702031741,68.42523464981878,-67.47061502179628,Alandale CL 0.6bp,0x7a35168956f129c032ec035cc47383a605a71df0,720,168,0.0,2459.25,2674.58,174606210.71325126,359.78458733521353,105.34655086165361,-4.8252178279302615,4.37796076039445,-8.817166498827412,-7.076468562452232,20.420046739946944,84.02777777777779,10,4,4.169577108708268
Alandale CL 0.6bp,Alandale CL,unverified_adapter,2.5,12,24,50.0,-56.305139593907214,68.42523464981878,-74.05682082204552,Alandale CL 0.6bp,0x7a35168956f129c032ec035cc47383a605a71df0,720,168,50.0,2459.25,2674.58,174606210.71325126,178.55347636709632,104.42081127370373,-6.578608739527736,4.37796076039445,-10.49701433147714,-8.373489734892093,20.442184379419512,84.02777777777779,10,4,4.169577108708268
Alandale CL 0.6bp,Alandale CL,unverified_adapter,2.5,12,24,25.0,-60.95774130806524,68.42523464981878,-76.81923449706962,Alandale CL 0.6bp,0x7a35168956f129c032ec035cc47383a605a71df0,720,168,75.0,2459.25,2674.58,174606210.71325126,88.9429751831192,103.9523014321409,-7.439108497314684,4.37796076039445,-11.321421851530411,-9.064176432761538,20.45585208355648,84.02777777777779,10,4,4.169577108708268
Alandale CL 0.6bp,Alandale CL,unverified_adapter,2.5,12,72,100.0,-37.097460894906064,68.42523464981878,-62.65254477105064,Alandale CL 0.6bp,0x7a35168956f129c032ec035cc47383a605a71df0,720,168,0.0,2459.25,2674.58,174606210.71325126,316.5011654955914,74.72023302552374,-3.738598840235541,4.37796076039445,-7.776123945611479,-6.624034911958843,21.179128175904953,77.77777777777779,7,4,4.169577108708268
Alandale CL 0.6bp,Alandale CL,unverified_adapter,2.5,12,72,50.0,-48.336097323141146,68.42523464981878,-69.32531946042657,Alandale CL 0.6bp,0x7a35168956f129c032ec035cc47383a605a71df0,720,168,50.0,2459.25,2674.58,174606210.71325126,157.23926910779053,74.13616146797642,-5.283346346903017,4.37796076039445,-9.256079575529885,-7.4672669319157166,21.15476343335876,77.77777777777779,7,4,4.169577108708268
Alandale CL 0.6bp,Alandale CL,unverified_adapter,2.5,12,72,25.0,-53.1885660698217,68.42523464981878,-72.2064012393949,Alandale CL 0.6bp,0x7a35168956f129c032ec035cc47383a605a71df0,720,168,75.0,2459.25,2674.58,174606210.71325126,78.36820918200101,73.84620186880626,-6.048084429486044,4.37796076039445,-9.988741985306726,-8.063417538824758,21.149812538537077,77.77777777777779,7,4,4.169577108708268
Alandale CL 0.6bp,Alandale CL,unverified_adapter,2.5,12,168,100.0,-12.86969985355827,68.42523464981878,-48.26766883976823,Alandale CL 0.6bp,0x7a35168956f129c032ec035cc47383a605a71df0,720,168,0.0,2459.25,2674.58,174606210.71325126,222.73191040294054,43.040843083716226,-1.1259324503972157,4.37796076039445,-5.273041522075883,-3.997734299480382,13.552736563393792,51.52777777777777,4,3,4.169577108708268
Alandale CL 0.6bp,Alandale CL,unverified_adapter,2.5,12,168,50.0,-24.10022108347186,68.42523464981878,-54.93562524978217,Alandale CL 0.6bp,0x7a35168956f129c032ec035cc47383a605a71df0,720,168,50.0,2459.25,2674.58,174606210.71325126,110.93840223427733,42.84846852753549,-2.2409991225408654,4.37796076039445,-6.3413385687132955,-4.495858769049099,13.621200998798082,51.52777777777777,4,3,4.169577108708268
Alandale CL 0.6bp,Alandale CL,unverified_adapter,2.5,12,168,25.0,-29.17439027576347,68.42523464981878,-57.94833839982856,Alandale CL 0.6bp,0x7a35168956f129c032ec035cc47383a605a71df0,720,168,75.0,2459.25,2674.58,174606210.71325126,55.36188823640745,42.75221331866354,-2.7953869495841333,4.37796076039445,-6.872473516172073,-4.793780053697061,13.67045845027142,51.52777777777777,4,3,4.169577108708268
Alandale CL 0.6bp,Alandale CL,unverified_adapter,2.5,24,24,100.0,-26.838037408084205,68.42523464981878,-56.561163329218246,Alandale CL 0.6bp,0x7a35168956f129c032ec035cc47383a605a71df0,720,168,0.0,2459.25,2674.58,174606210.71325126,342.9929339301162,64.57499404251396,-2.535744209375712,4.37796076039445,-6.623721060848253,-5.78509150645754,21.906004067263776,78.88888888888889,6,4,4.169577108708268
Alandale CL 0.6bp,Alandale CL,unverified_adapter,2.5,24,24,50.0,-40.80497511967525,68.42523464981878,-64.85382668256328,Alandale CL 0.6bp,0x7a35168956f129c032ec035cc47383a605a71df0,720,168,50.0,2459.25,2674.58,174606210.71325126,170.32135079586533,64.0786673985773,-4.218040914876187,4.37796076039445,-8.235456616175174,-6.280580926754286,21.878141756639703,78.88888888888889,6,4,4.169577108708268
Alandale CL 0.6bp,Alandale CL,unverified_adapter,2.5,24,24,25.0,-46.7692422225464,68.42523464981878,-68.39502234440802,Alandale CL 0.6bp,0x7a35168956f129c032ec035cc47383a605a71df0,720,168,75.0,2459.25,2674.58,174606210.71325126,84.86656673571575,63.832942090503956,-5.050469755114939,4.37796076039445,-9.032970606843804,-6.9279296977748706,21.872779863573363,78.88888888888889,6,4,4.169577108708268
Alandale CL 0.6bp,Alandale CL,unverified_adapter,2.5,24,72,100.0,-29.032766588970826,68.42523464981878,-57.864251423736725,Alandale CL 0.6bp,0x7a35168956f129c032ec035cc47383a605a71df0,720,168,0.0,2459.25,2674.58,174606210.71325126,293.7106217378159,64.52462790397483,-2.779425855978024,4.37796076039445,-6.857181884212771,-5.564301706958985,19.851500627741157,71.25,6,4,4.169577108708268
Alandale CL 0.6bp,Alandale CL,unverified_adapter,2.5,24,72,50.0,-40.82726677075912,68.42523464981878,-64.86706202175114,Alandale CL 0.6bp,0x7a35168956f129c032ec035cc47383a605a71df0,720,168,50.0,2459.25,2674.58,174606210.71325126,145.99475630387943,64.00171943267661,-4.221006048017683,4.37796076039445,-8.238297381715999,-6.370576037682641,19.917950258873063,71.25,6,4,4.169577108708268
Alandale CL 0.6bp,Alandale CL,unverified_adapter,2.5,24,72,25.0,-45.97936583083594,68.42523464981878,-67.92604488188427,Alandale CL 0.6bp,0x7a35168956f129c032ec035cc47383a605a71df0,720,168,75.0,2459.25,2674.58,174606210.71325126,72.78403494313648,63.74307336609887,-4.935448481317084,4.37796076039445,-8.922773709951093,-6.937126030469642,19.956064637291256,71.25,6,4,4.169577108708268
Alandale CL 0.6bp,Alandale CL,unverified_adapter,2.5,24,168,100.0,26.382058584108513,68.42523464981878,-24.96251595143938,Alandale CL 0.6bp,0x7a35168956f129c032ec035cc47383a605a71df0,720,168,0.0,2459.25,2674.58,174606210.71325126,241.22282156770208,32.91369931009423,1.9430695335873605,4.37796076039445,-2.3327637454007344,-3.812030888264739,17.587976581999325,59.44444444444444,3,3,4.169577108708268
Alandale CL 0.6bp,Alandale CL,unverified_adapter,2.5,24,168,50.0,9.155261229546241,68.42523464981878,-35.19067290807324,Alandale CL 0.6bp,0x7a35168956f129c032ec035cc47383a605a71df0,720,168,50.0,2459.25,2674.58,174606210.71325126,120.09475323190296,32.7534563543042,0.7226073191878291,4.37796076039445,-3.502035692762473,-4.336790697670212,17.658871764940816,59.44444444444444,3,3,4.169577108708268
Alandale CL 0.6bp,Alandale CL,unverified_adapter,2.5,24,168,25.0,1.42381529367559,68.42523464981878,-39.78110494870268,Alandale CL 0.6bp,0x7a35168956f129c032ec035cc47383a605a71df0,720,168,75.0,2459.25,2674.58,174606210.71325126,59.91854086545535,32.67353217754287,0.1162681617254746,4.37796076039445,-4.082942958094316,-4.647951581395127,17.70357922899563,59.44444444444444,3,3,4.169577108708268
Alandale CL 0.6bp,Alandale CL,unverified_adapter,5.0,4,24,100.0,-10.164807364905947,68.42523464981791,-46.661678802540976,Alandale CL 0.6bp,0x7a35168956f129c032ec035cc47383a605a71df0,720,168,0.0,2459.25,2674.58,174606210.71325126,220.79059783907485,75.80452447145726,-0.8771717415371083,4.377960760394406,-5.034714669311258,-5.2527961817893765,20.194240166660645,97.91666666666666,7,4,2.1672840082826275
Alandale CL 0.6bp,Alandale CL,unverified_adapter,5.0,4,24,50.0,-21.470825682044026,68.42523464981791,-53.37446049504982,Alandale CL 0.6bp,0x7a35168956f129c032ec035cc47383a605a71df0,720,168,50.0,2459.25,2674.58,174606210.71325126,109.90462823837774,75.31003245938457,-1.966972816579804,4.377960760394406,-6.078805842489466,-5.382287397185781,20.262346952261346,97.91666666666666,7,4,2.1672840082826275
Alandale CL 0.6bp,Alandale CL,unverified_adapter,5.0,4,24,25.0,-26.584688557509793,68.42523464981791,-56.41074118428158,Alandale CL 0.6bp,0x7a35168956f129c032ec035cc47383a605a71df0,720,168,75.0,2459.25,2674.58,174606210.71325126,54.82972705772773,75.06322732734667,-2.508048136985186,4.377960760394406,-6.597186654361664,-5.447042433576065,20.29886188524462,97.91666666666666,7,4,2.1672840082826275
Alandale CL 0.6bp,Alandale CL,unverified_adapter,5.0,4,72,100.0,8.401669999955308,68.42523464981791,-35.638106590536246,Alandale CL 0.6bp,0x7a35168956f129c032ec035cc47383a605a71df0,720,168,0.0,2459.25,2674.58,174606210.71325126,220.8886053861264,55.31049832901676,0.6652714561264039,4.377960760394406,-3.556966697970576,-5.154296525661717,23.853049300108406,98.88888888888889,5,4,2.1672840082826275
Alandale CL 0.6bp,Alandale CL,unverified_adapter,5.0,4,72,50.0,-5.104642275817984,68.42523464981791,-43.65728038231092,Alandale CL 0.6bp,0x7a35168956f129c032ec035cc47383a605a71df0,720,168,50.0,2459.25,2674.58,174606210.71325126,109.96772136487222,54.91618808086522,-0.42972116105567393,4.377960760394406,-4.606031662648025,-5.282813761652516,23.918390848473347,98.88888888888889,5,4,2.1672840082826275
Alandale CL 0.6bp,Alandale CL,unverified_adapter,5.0,4,72,25.0,-11.203084083710312,68.42523464981791,-47.27814029714011,Alandale CL 0.6bp,0x7a35168956f129c032ec035cc47383a605a71df0,720,168,75.0,2459.25,2674.58,174606210.71325126,54.862723085247154,54.72118685732791,-0.971835358056683,4.377960760394406,-5.1254077771569655,-5.347069996594255,23.952853887578883,98.88888888888889,5,4,2.1672840082826275
Alandale CL 0.6bp,Alandale CL,unverified_adapter,5.0,4,168,100.0,48.224905503791724,68.42523464981791,-11.993647619387826,Alandale CL 0.6bp,0x7a35168956f129c032ec035cc47383a605a71df0,720,168,0.0,2459.25,2674.58,174606210.71325126,211.56115389373235,23.17294011860919,3.2876309426784545,4.377960760394406,-1.0445977386154048,-6.165711116975681,30.538675598309883,91.94444444444444,2,4,2.1672840082826275
Alandale CL 0.6bp,Alandale CL,unverified_adapter,5.0,4,168,50.0,30.69545358928325,68.42523464981791,-22.401501258989388,Alandale CL 0.6bp,0x7a35168956f129c032ec035cc47383a605a71df0,720,168,50.0,2459.25,2674.58,174606210.71325126,105.36178212235095,23.015695923374036,2.224655564696798,4.377960760394406,-2.062988374184327,-6.261397631606003,30.605497328095517,91.94444444444444,2,4,2.1672840082826275
Alandale CL 0.6bp,Alandale CL,unverified_adapter,5.0,4,168,25.0,22.70433662370217,68.42523464981791,-27.146109145210286,Alandale CL 0.6bp,0x7a35168956f129c032ec035cc47383a605a71df0,720,168,75.0,2459.25,2674.58,174606210.71325126,52.57642489101627,22.937385736721282,1.6959258188611326,4.377960760394406,-2.5695414261733496,-6.3092910634868,30.642881464875,91.94444444444444,2,4,2.1672840082826275
Alandale CL 0.6bp,Alandale CL,unverified_adapter,5.0,12,24,100.0,20.513630823636507,68.42523464981791,-28.44680841668251,Alandale CL 0.6bp,0x7a35168956f129c032ec035cc47383a605a71df0,720,168,0.0,2459.25,2674.58,174606210.71325126,217.7980581940897,34.127047078426315,1.5454590466184914,4.377960760394406,-2.7136971187606385,-3.6821410997224246,19.544057068717752,97.22222222222221,3,4,2.1672840082826275
Alandale CL 0.6bp,Alandale CL,unverified_adapter,5.0,12,24,50.0,5.770706046846574,68.42523464981791,-37.200202649703854,Alandale CL 0.6bp,0x7a35168956f129c032ec035cc47383a605a71df0,720,168,50.0,2459.25,2674.58,174606210.71325126,108.44380735847788,33.83629909006538,0.46218876847436974,4.377960760394406,-3.7515314185040727,-3.7483724084813375,19.64553712528985,97.22222222222221,3,4,2.1672840082826275
Alandale CL 0.6bp,Alandale CL,unverified_adapter,5.0,12,24,25.0,-0.8744112321005915,68.42523464981791,-41.145643065899975,Alandale CL 0.6bp,0x7a35168956f129c032ec035cc47383a605a71df0,720,168,75.0,2459.25,2674.58,174606210.71325126,54.10733110151933,33.692409777959064,-0.07215942981069201,4.377960760394406,-4.263467266256149,-3.7815331258200913,19.695161187951822,97.22222222222221,3,4,2.1672840082826275
Alandale CL 0.6bp,Alandale CL,unverified_adapter,5.0,12,72,100.0,34.1009855964693,68.42523464981791,-20.37951683707857,Alandale CL 0.6bp,0x7a35168956f129c032ec035cc47383a605a71df0,720,168,0.0,2459.25,2674.58,174606210.71325126,219.66117576214546,23.23568620559375,2.4410120895438148,4.377960760394406,-1.8557065655813831,-3.2760772595783805,19.35731131354318,97.36111111111111,2,4,2.1672840082826275
Alandale CL 0.6bp,Alandale CL,unverified_adapter,5.0,12,72,50.0,17.603005737764875,68.42523464981791,-30.17494915041714,Alandale CL 0.6bp,0x7a35168956f129c032ec035cc47383a605a71df0,720,168,50.0,2459.25,2674.58,174606210.71325126,109.37074497712004,23.048011736075196,1.3416137100699332,4.377960760394406,-2.908992500145313,-3.373592462058317,19.453279944333488,97.36111111111111,2,4,2.1672840082826275
Alandale CL 0.6bp,Alandale CL,unverified_adapter,5.0,12,72,25.0,10.16691788612427,68.42523464981791,-34.59001668296436,Alandale CL 0.6bp,0x7a35168956f129c032ec035cc47383a605a71df0,720,168,75.0,2459.25,2674.58,174606210.71325126,54.56979195995276,22.954970226262308,0.7990091347347406,4.377960760394406,-3.4288384248810644,-3.4454673173176076,19.500241416085334,97.36111111111111,2,4,2.1672840082826275
Alandale CL 0.6bp,Alandale CL,unverified_adapter,5.0,12,168,100.0,62.713684916275184,68.42523464981791,-3.391148449588355,Alandale CL 0.6bp,0x7a35168956f129c032ec035cc47383a605a71df0,720,168,0.0,2459.25,2674.58,174606210.71325126,217.2705655857088,12.098768634135263,4.082405696572855,4.377960760394406,-0.28315849597791987,-3.2298672646882243,18.579906299966353,96.52777777777779,1,4,2.1672840082826275
Alandale CL 0.6bp,Alandale CL,unverified_adapter,5.0,12,168,50.0,42.99836720686749,68.42523464981791,-15.09682767895022,Alandale CL 0.6bp,0x7a35168956f129c032ec035cc47383a605a71df0,720,168,50.0,2459.25,2674.58,174606210.71325126,108.19197625202614,11.986186982153553,2.9833317058151065,4.377960760394406,-1.3361336477733632,-3.373592462058317,18.65431695545902,96.52777777777779,1,4,2.1672840082826275
Alandale CL 0.6bp,Alandale CL,unverified_adapter,5.0,12,168,25.0,34.05740361385885,68.42523464981791,-20.405392996729667,Alandale CL 0.6bp,0x7a35168956f129c032ec035cc47383a605a71df0,720,168,75.0,2459.25,2674.58,174606210.71325126,53.98468013892645,11.930507581673488,2.438275295954928,4.377960760394406,-1.8583285688941187,-3.4454673173176076,18.691502584350015,96.52777777777779,1,4,2.1672840082826275
Alandale CL 0.6bp,Alandale CL,unverified_adapter,5.0,24,24,100.0,39.51733164190827,68.42523464981791,-17.163641225148783,Alandale CL 0.6bp,0x7a35168956f129c032ec035cc47383a605a71df0,720,168,0.0,2459.25,2674.58,174606210.71325126,220.78665950943693,23.238880104397815,2.774943369868388,4.377960760394406,-1.535781479967635,-3.2298672646882243,19.489706924037833,95.97222222222223,2,4,2.1672840082826275
Alandale CL 0.6bp,Alandale CL,unverified_adapter,5.0,24,24,50.0,22.32924275319814,68.42523464981791,-27.36881560085732,Alandale CL 0.6bp,0x7a35168956f129c032ec035cc47383a605a71df0,720,168,50.0,2459.25,2674.58,174606210.71325126,109.91856554639044,23.047162016401224,1.6703386637545004,4.377960760394406,-2.594055370420023,-3.373592462058317,19.564927660271422,95.97222222222223,2,4,2.1672840082826275
Alandale CL 0.6bp,Alandale CL,unverified_adapter,5.0,24,24,25.0,14.530903515541006,68.42523464981791,-31.998964553222496,Alandale CL 0.6bp,0x7a35168956f129c032ec035cc47383a605a71df0,720,168,75.0,2459.25,2674.58,174606210.71325126,54.84060906514424,22.95148469609811,1.1213736618773007,4.377960760394406,-3.1199949441365282,-3.4454673173176076,19.601785610981178,95.97222222222223,2,4,2.1672840082826275
Alandale CL 0.6bp,Alandale CL,unverified_adapter,5.0,24,72,100.0,39.51733164190827,68.42523464981791,-17.163641225148783,Alandale CL 0.6bp,0x7a35168956f129c032ec035cc47383a605a71df0,720,168,0.0,2459.25,2674.58,174606210.71325126,220.78665950943693,23.238880104397815,2.774943369868388,4.377960760394406,-1.535781479967635,-3.2298672646882243,19.489706924037833,95.97222222222223,2,4,2.1672840082826275
Alandale CL 0.6bp,Alandale CL,unverified_adapter,5.0,24,72,50.0,22.32924275319814,68.42523464981791,-27.36881560085732,Alandale CL 0.6bp,0x7a35168956f129c032ec035cc47383a605a71df0,720,168,50.0,2459.25,2674.58,174606210.71325126,109.91856554639044,23.047162016401224,1.6703386637545004,4.377960760394406,-2.594055370420023,-3.373592462058317,19.564927660271422,95.97222222222223,2,4,2.1672840082826275
Alandale CL 0.6bp,Alandale CL,unverified_adapter,5.0,24,72,25.0,14.530903515541006,68.42523464981791,-31.998964553222496,Alandale CL 0.6bp,0x7a35168956f129c032ec035cc47383a605a71df0,720,168,75.0,2459.25,2674.58,174606210.71325126,54.84060906514424,22.95148469609811,1.1213736618773007,4.377960760394406,-3.1199949441365282,-3.4454673173176076,19.601785610981178,95.97222222222223,2,4,2.1672840082826275
Alandale CL 0.6bp,Alandale CL,unverified_adapter,5.0,24,168,100.0,59.416239796398784,68.42523464981791,-5.348957875671367,Alandale CL 0.6bp,0x7a35168956f129c032ec035cc47383a605a71df0,720,168,0.0,2459.25,2674.58,174606210.71325126,221.17188778323012,12.10106338435632,3.907408122312339,4.377960760394406,-0.4508160867046085,-3.2298672646882243,18.906725125976955,95.97222222222223,1,4,2.1672840082826275
Alandale CL 0.6bp,Alandale CL,unverified_adapter,5.0,24,168,50.0,39.783349095472516,68.42523464981791,-17.005697283959044,Alandale CL 0.6bp,0x7a35168956f129c032ec035cc47383a605a71df0,720,168,50.0,2459.25,2674.58,174606210.71325126,110.1264083248774,11.98780493671872,2.7910356616812626,4.377960760394406,-1.5203641526931544,-3.373592462058317,18.973265191714496,95.97222222222223,1,4,2.1672840082826275
Alandale CL 0.6bp,Alandale CL,unverified_adapter,5.0,24,168,25.0,30.8739674253248,68.42523464981791,-22.295511300648197,Alandale CL 0.6bp,0x7a35168956f129c032ec035cc47383a605a71df0,720,168,75.0,2459.25,2674.58,174606210.71325126,54.94860550272063,11.931210611835795,2.2361245073743596,4.377960760394406,-2.052000477319893,-3.4454673173176076,19.006122303481195,95.97222222222223,1,4,2.1672840082826275
Alandale CL 0.6bp,Alandale CL,unverified_adapter,7.5,4,24,100.0,59.44318712989192,68.42523464981835,-5.332958293691292,Alandale CL 0.6bp,0x7a35168956f129c032ec035cc47383a605a71df0,720,168,0.0,2459.25,2674.58,174606210.71325126,155.05117944438823,12.09239013795622,3.908851647783318,4.377960760394428,-0.44943310751968113,-3.433493641063512,19.369402475721962,100.0,1,4,1.4810283584968034
Alandale CL 0.6bp,Alandale CL,unverified_adapter,7.5,4,24,50.0,45.404880656926096,68.42523464981835,-13.66799579692154,Alandale CL 0.6bp,0x7a35168956f129c032ec035cc47383a605a71df0,720,168,50.0,2459.25,2674.58,174606210.71325126,77.29739947395166,12.01360021371982,3.1246900480208284,4.377960760394428,-1.2007043472046397,-3.5259492237762036,19.418378792240944,100.0,1,4,1.4810283584968034
Alandale CL 0.6bp,Alandale CL,unverified_adapter,7.5,4,24,25.0,38.84510363217311,68.42523464981835,-17.562766695351062,Alandale CL 0.6bp,0x7a35168956f129c032ec035cc47383a605a71df0,720,168,75.0,2459.25,2674.58,174606210.71325126,38.59117681326621,11.974570444579632,2.7341521912740863,4.377960760394428,-1.5748617401079468,-3.572191271744407,19.440538610260962,100.0,1,4,1.4810283584968034
Alandale CL 0.6bp,Alandale CL,unverified_adapter,7.5,4,72,100.0,59.44318712989192,68.42523464981835,-5.332958293691292,Alandale CL 0.6bp,0x7a35168956f129c032ec035cc47383a605a71df0,720,168,0.0,2459.25,2674.58,174606210.71325126,155.05117944438823,12.09239013795622,3.908851647783318,4.377960760394428,-0.44943310751968113,-3.433493641063512,19.369402475721962,100.0,1,4,1.4810283584968034
Alandale CL 0.6bp,Alandale CL,unverified_adapter,7.5,4,72,50.0,45.404880656926096,68.42523464981835,-13.66799579692154,Alandale CL 0.6bp,0x7a35168956f129c032ec035cc47383a605a71df0,720,168,50.0,2459.25,2674.58,174606210.71325126,77.29739947395166,12.01360021371982,3.1246900480208284,4.377960760394428,-1.2007043472046397,-3.5259492237762036,19.418378792240944,100.0,1,4,1.4810283584968034
Alandale CL 0.6bp,Alandale CL,unverified_adapter,7.5,4,72,25.0,38.84510363217311,68.42523464981835,-17.562766695351062,Alandale CL 0.6bp,0x7a35168956f129c032ec035cc47383a605a71df0,720,168,75.0,2459.25,2674.58,174606210.71325126,38.59117681326621,11.974570444579632,2.7341521912740863,4.377960760394428,-1.5748617401079468,-3.572191271744407,19.440538610260962,100.0,1,4,1.4810283584968034
Alandale CL 0.6bp,Alandale CL,unverified_adapter,7.5,4,168,100.0,59.44318712989192,68.42523464981835,-5.332958293691292,Alandale CL 0.6bp,0x7a35168956f129c032ec035cc47383a605a71df0,720,168,0.0,2459.25,2674.58,174606210.71325126,155.05117944438823,12.09239013795622,3.908851647783318,4.377960760394428,-0.44943310751968113,-3.433493641063512,19.369402475721962,100.0,1,4,1.4810283584968034
Alandale CL 0.6bp,Alandale CL,unverified_adapter,7.5,4,168,50.0,45.404880656926096,68.42523464981835,-13.66799579692154,Alandale CL 0.6bp,0x7a35168956f129c032ec035cc47383a605a71df0,720,168,50.0,2459.25,2674.58,174606210.71325126,77.29739947395166,12.01360021371982,3.1246900480208284,4.377960760394428,-1.2007043472046397,-3.5259492237762036,19.418378792240944,100.0,1,4,1.4810283584968034
Alandale CL 0.6bp,Alandale CL,unverified_adapter,7.5,4,168,25.0,38.84510363217311,68.42523464981835,-17.562766695351062,Alandale CL 0.6bp,0x7a35168956f129c032ec035cc47383a605a71df0,720,168,75.0,2459.25,2674.58,174606210.71325126,38.59117681326621,11.974570444579632,2.7341521912740863,4.377960760394428,-1.5748617401079468,-3.572191271744407,19.440538610260962,100.0,1,4,1.4810283584968034
Alandale CL 0.6bp,Alandale CL,unverified_adapter,7.5,12,24,100.0,63.928551124962475,68.42523464981835,-2.669839548809505,Alandale CL 0.6bp,0x7a35168956f129c032ec035cc47383a605a71df0,720,168,0.0,2459.25,2674.58,174606210.71325126,155.22457873428857,12.09042556098158,4.146059827120552,4.377960760394428,-0.2221742325530074,-3.433493641063512,19.579776780469537,100.0,1,4,1.4810283584968034
Alandale CL 0.6bp,Alandale CL,unverified_adapter,7.5,12,24,50.0,49.50237061532145,68.42523464981835,-11.235171542934442,Alandale CL 0.6bp,0x7a35168956f129c032ec035cc47383a605a71df0,720,168,50.0,2459.25,2674.58,174606210.71325126,77.38248445761866,12.011912863217644,3.3605083578439165,4.377960760394428,-0.9747770459763383,-3.5259492237762036,19.62790237706772,100.0,1,4,1.4810283584968034
Alandale CL 0.6bp,Alandale CL,unverified_adapter,7.5,12,24,25.0,42.750177427011394,68.42523464981835,-15.244186701707452,Alandale CL 0.6bp,0x7a35168956f129c032ec035cc47383a605a71df0,720,168,75.0,2459.25,2674.58,174606210.71325126,38.63437801395719,11.972212930382025,2.9686291005819543,4.377960760394428,-1.3502195765710434,-3.572191271744407,19.654223306035444,100.0,1,4,1.4810283584968034
Alandale CL 0.6bp,Alandale CL,unverified_adapter,7.5,12,72,100.0,63.928551124962475,68.42523464981835,-2.669839548809505,Alandale CL 0.6bp,0x7a35168956f129c032ec035cc47383a605a71df0,720,168,0.0,2459.25,2674.58,174606210.71325126,155.22457873428857,12.09042556098158,4.146059827120552,4.377960760394428,-0.2221742325530074,-3.433493641063512,19.579776780469537,100.0,1,4,1.4810283584968034
Alandale CL 0.6bp,Alandale CL,unverified_adapter,7.5,12,72,50.0,49.50237061532145,68.42523464981835,-11.235171542934442,Alandale CL 0.6bp,0x7a35168956f129c032ec035cc47383a605a71df0,720,168,50.0,2459.25,2674.58,174606210.71325126,77.38248445761866,12.011912863217644,3.3605083578439165,4.377960760394428,-0.9747770459763383,-3.5259492237762036,19.62790237706772,100.0,1,4,1.4810283584968034
Alandale CL 0.6bp,Alandale CL,unverified_adapter,7.5,12,72,25.0,42.750177427011394,68.42523464981835,-15.244186701707452,Alandale CL 0.6bp,0x7a35168956f129c032ec035cc47383a605a71df0,720,168,75.0,2459.25,2674.58,174606210.71325126,38.63437801395719,11.972212930382025,2.9686291005819543,4.377960760394428,-1.3502195765710434,-3.572191271744407,19.654223306035444,100.0,1,4,1.4810283584968034
Alandale CL 0.6bp,Alandale CL,unverified_adapter,7.5,12,168,100.0,63.928551124962475,68.42523464981835,-2.669839548809505,Alandale CL 0.6bp,0x7a35168956f129c032ec035cc47383a605a71df0,720,168,0.0,2459.25,2674.58,174606210.71325126,155.22457873428857,12.09042556098158,4.146059827120552,4.377960760394428,-0.2221742325530074,-3.433493641063512,19.579776780469537,100.0,1,4,1.4810283584968034
Alandale CL 0.6bp,Alandale CL,unverified_adapter,7.5,12,168,50.0,49.50237061532145,68.42523464981835,-11.235171542934442,Alandale CL 0.6bp,0x7a35168956f129c032ec035cc47383a605a71df0,720,168,50.0,2459.25,2674.58,174606210.71325126,77.38248445761866,12.011912863217644,3.3605083578439165,4.377960760394428,-0.9747770459763383,-3.5259492237762036,19.62790237706772,100.0,1,4,1.4810283584968034
Alandale CL 0.6bp,Alandale CL,unverified_adapter,7.5,12,168,25.0,42.750177427011394,68.42523464981835,-15.244186701707452,Alandale CL 0.6bp,0x7a35168956f129c032ec035cc47383a605a71df0,720,168,75.0,2459.25,2674.58,174606210.71325126,38.63437801395719,11.972212930382025,2.9686291005819543,4.377960760394428,-1.3502195765710434,-3.572191271744407,19.654223306035444,100.0,1,4,1.4810283584968034
Alandale CL 0.6bp,Alandale CL,unverified_adapter,7.5,24,24,100.0,58.52497098263256,68.42523464981835,-5.8781355939744095,Alandale CL 0.6bp,0x7a35168956f129c032ec035cc47383a605a71df0,720,168,0.0,2459.25,2674.58,174606210.71325126,154.96738554020828,12.094134364826312,3.8595376334702225,4.377960760394428,-0.49667872714459493,-3.433493641063512,19.976001284622562,99.86111111111111,1,4,1.4810283584968034
Alandale CL 0.6bp,Alandale CL,unverified_adapter,7.5,24,24,50.0,44.59004666190465,68.42523464981835,-14.151791468464225,Alandale CL 0.6bp,0x7a35168956f129c032ec035cc47383a605a71df0,720,168,50.0,2459.25,2674.58,174606210.71325126,77.25635368956011,12.014745149807734,3.077068815743611,4.377960760394428,-1.2463281857336694,-3.5259492237762036,20.02030363074235,99.86111111111111,1,4,1.4810283584968034
Alandale CL 0.6bp,Alandale CL,unverified_adapter,7.5,24,24,25.0,38.04807324526453,68.42523464981835,-18.0359917370533,Alandale CL 0.6bp,0x7a35168956f129c032ec035cc47383a605a71df0,720,168,75.0,2459.25,2674.58,174606210.71325126,38.57173460959511,11.974874230891807,2.6855524108471585,4.377960760394428,-1.6214230832045984,-3.572191271744407,20.044849303677793,99.86111111111111,1,4,1.4810283584968034
Alandale CL 0.6bp,Alandale CL,unverified_adapter,7.5,24,72,100.0,58.52497098263256,68.42523464981835,-5.8781355939744095,Alandale CL 0.6bp,0x7a35168956f129c032ec035cc47383a605a71df0,720,168,0.0,2459.25,2674.58,174606210.71325126,154.96738554020828,12.094134364826312,3.8595376334702225,4.377960760394428,-0.49667872714459493,-3.433493641063512,19.976001284622562,99.86111111111111,1,4,1.4810283584968034
Alandale CL 0.6bp,Alandale CL,unverified_adapter,7.5,24,72,50.0,44.59004666190465,68.42523464981835,-14.151791468464225,Alandale CL 0.6bp,0x7a35168956f129c032ec035cc47383a605a71df0,720,168,50.0,2459.25,2674.58,174606210.71325126,77.25635368956011,12.014745149807734,3.077068815743611,4.377960760394428,-1.2463281857336694,-3.5259492237762036,20.02030363074235,99.86111111111111,1,4,1.4810283584968034
Alandale CL 0.6bp,Alandale CL,unverified_adapter,7.5,24,72,25.0,38.04807324526453,68.42523464981835,-18.0359917370533,Alandale CL 0.6bp,0x7a35168956f129c032ec035cc47383a605a71df0,720,168,75.0,2459.25,2674.58,174606210.71325126,38.57173460959511,11.974874230891807,2.6855524108471585,4.377960760394428,-1.6214230832045984,-3.572191271744407,20.044849303677793,99.86111111111111,1,4,1.4810283584968034
Alandale CL 0.6bp,Alandale CL,unverified_adapter,7.5,24,168,100.0,58.52497098263256,68.42523464981835,-5.8781355939744095,Alandale CL 0.6bp,0x7a35168956f129c032ec035cc47383a605a71df0,720,168,0.0,2459.25,2674.58,174606210.71325126,154.96738554020828,12.094134364826312,3.8595376334702225,4.377960760394428,-0.49667872714459493,-3.433493641063512,19.976001284622562,99.86111111111111,1,4,1.4810283584968034
Alandale CL 0.6bp,Alandale CL,unverified_adapter,7.5,24,168,50.0,44.59004666190465,68.42523464981835,-14.151791468464225,Alandale CL 0.6bp,0x7a35168956f129c032ec035cc47383a605a71df0,720,168,50.0,2459.25,2674.58,174606210.71325126,77.25635368956011,12.014745149807734,3.077068815743611,4.377960760394428,-1.2463281857336694,-3.5259492237762036,20.02030363074235,99.86111111111111,1,4,1.4810283584968034
Alandale CL 0.6bp,Alandale CL,unverified_adapter,7.5,24,168,25.0,38.04807324526453,68.42523464981835,-18.0359917370533,Alandale CL 0.6bp,0x7a35168956f129c032ec035cc47383a605a71df0,720,168,75.0,2459.25,2674.58,174606210.71325126,38.57173460959511,11.974874230891807,2.6855524108471585,4.377960760394428,-1.6214230832045984,-3.572191271744407,20.044849303677793,99.86111111111111,1,4,1.4810283584968034
Alandale CL 0.6bp,Alandale CL,unverified_adapter,10.0,4,24,100.0,60.674982302867896,68.42523464981791,-4.601598069947244,Alandale CL 0.6bp,0x7a35168956f129c032ec035cc47383a605a71df0,720,168,0.0,2459.25,2674.58,174606210.71325126,118.751984338821,12.100517962851855,3.9745990517748853,4.377960760394406,-0.38644336953992386,-3.800381106476436,20.673752040307672,100.0,1,4,1.134204311082606
Alandale CL 0.6bp,Alandale CL,unverified_adapter,10.0,4,24,50.0,49.74113106217977,68.42523464981791,-11.093411047629365,Alandale CL 0.6bp,0x7a35168956f129c032ec035cc47383a605a71df0,720,168,50.0,2459.25,2674.58,174606210.71325126,59.24224073766445,12.039510136268698,3.3740658465290396,4.377960760394406,-0.9617882037089132,-3.8713384676659635,20.711664362896208,100.0,1,4,1.134204311082606
Alandale CL 0.6bp,Alandale CL,unverified_adapter,10.0,4,24,25.0,44.53066305692992,68.42523464981791,-14.18704960843218,Alandale CL 0.6bp,0x7a35168956f129c032ec035cc47383a605a71df0,720,168,75.0,2459.25,2674.58,174606210.71325126,29.58781682170026,12.00888453543826,3.0735886455925288,4.377960760394406,-1.2496623859093559,-3.906825161063443,20.732793989697836,100.0,1,4,1.134204311082606
Alandale CL 0.6bp,Alandale CL,unverified_adapter,10.0,4,72,100.0,60.674982302867896,68.42523464981791,-4.601598069947244,Alandale CL 0.6bp,0x7a35168956f129c032ec035cc47383a605a71df0,720,168,0.0,2459.25,2674.58,174606210.71325126,118.751984338821,12.100517962851855,3.9745990517748853,4.377960760394406,-0.38644336953992386,-3.800381106476436,20.673752040307672,100.0,1,4,1.134204311082606
Alandale CL 0.6bp,Alandale CL,unverified_adapter,10.0,4,72,50.0,49.74113106217977,68.42523464981791,-11.093411047629365,Alandale CL 0.6bp,0x7a35168956f129c032ec035cc47383a605a71df0,720,168,50.0,2459.25,2674.58,174606210.71325126,59.24224073766445,12.039510136268698,3.3740658465290396,4.377960760394406,-0.9617882037089132,-3.8713384676659635,20.711664362896208,100.0,1,4,1.134204311082606
Alandale CL 0.6bp,Alandale CL,unverified_adapter,10.0,4,72,25.0,44.53066305692992,68.42523464981791,-14.18704960843218,Alandale CL 0.6bp,0x7a35168956f129c032ec035cc47383a605a71df0,720,168,75.0,2459.25,2674.58,174606210.71325126,29.58781682170026,12.00888453543826,3.0735886455925288,4.377960760394406,-1.2496623859093559,-3.906825161063443,20.732793989697836,100.0,1,4,1.134204311082606
Alandale CL 0.6bp,Alandale CL,unverified_adapter,10.0,4,168,100.0,60.674982302867896,68.42523464981791,-4.601598069947244,Alandale CL 0.6bp,0x7a35168956f129c032ec035cc47383a605a71df0,720,168,0.0,2459.25,2674.58,174606210.71325126,118.751984338821,12.100517962851855,3.9745990517748853,4.377960760394406,-0.38644336953992386,-3.800381106476436,20.673752040307672,100.0,1,4,1.134204311082606
Alandale CL 0.6bp,Alandale CL,unverified_adapter,10.0,4,168,50.0,49.74113106217977,68.42523464981791,-11.093411047629365,Alandale CL 0.6bp,0x7a35168956f129c032ec035cc47383a605a71df0,720,168,50.0,2459.25,2674.58,174606210.71325126,59.24224073766445,12.039510136268698,3.3740658465290396,4.377960760394406,-0.9617882037089132,-3.8713384676659635,20.711664362896208,100.0,1,4,1.134204311082606
Alandale CL 0.6bp,Alandale CL,unverified_adapter,10.0,4,168,25.0,44.53066305692992,68.42523464981791,-14.18704960843218,Alandale CL 0.6bp,0x7a35168956f129c032ec035cc47383a605a71df0,720,168,75.0,2459.25,2674.58,174606210.71325126,29.58781682170026,12.00888453543826,3.0735886455925288,4.377960760394406,-1.2496623859093559,-3.906825161063443,20.732793989697836,100.0,1,4,1.134204311082606
Alandale CL 0.6bp,Alandale CL,unverified_adapter,10.0,12,24,100.0,37.047306743942656,68.42523464981791,-18.630182093030744,Alandale CL 0.6bp,0x7a35168956f129c032ec035cc47383a605a71df0,720,168,0.0,2459.25,2674.58,174606210.71325126,118.16102932802129,12.124995022360105,2.6241635946861575,4.377960760394406,-1.680237047104416,-3.800381106476436,20.130587088260636,99.86111111111111,1,4,1.134204311082606
Alandale CL 0.6bp,Alandale CL,unverified_adapter,10.0,12,24,50.0,27.714460306655674,68.42523464981791,-24.171422072117853,Alandale CL 0.6bp,0x7a35168956f129c032ec035cc47383a605a71df0,720,168,50.0,2459.25,2674.58,174606210.71325126,58.947392181392196,12.05903948281402,2.030980637496449,4.377960760394406,-2.248539927203208,-3.8713384676659635,20.178119357859362,99.86111111111111,1,4,1.134204311082606
Alandale CL 0.6bp,Alandale CL,unverified_adapter,10.0,12,24,25.0,23.284863896666486,68.42523464981791,-26.801429635532614,Alandale CL 0.6bp,0x7a35168956f129c032ec035cc47383a605a71df0,720,168,75.0,2459.25,2674.58,174606210.71325126,29.440468232281276,12.026137048556686,1.7353855004227814,4.377960760394406,-2.531736815627028,-3.906825161063443,20.202369484641284,99.86111111111111,1,4,1.134204311082606
Alandale CL 0.6bp,Alandale CL,unverified_adapter,10.0,12,72,100.0,37.047306743942656,68.42523464981791,-18.630182093030744,Alandale CL 0.6bp,0x7a35168956f129c032ec035cc47383a605a71df0,720,168,0.0,2459.25,2674.58,174606210.71325126,118.16102932802129,12.124995022360105,2.6241635946861575,4.377960760394406,-1.680237047104416,-3.800381106476436,20.130587088260636,99.86111111111111,1,4,1.134204311082606
Alandale CL 0.6bp,Alandale CL,unverified_adapter,10.0,12,72,50.0,27.714460306655674,68.42523464981791,-24.171422072117853,Alandale CL 0.6bp,0x7a35168956f129c032ec035cc47383a605a71df0,720,168,50.0,2459.25,2674.58,174606210.71325126,58.947392181392196,12.05903948281402,2.030980637496449,4.377960760394406,-2.248539927203208,-3.8713384676659635,20.178119357859362,99.86111111111111,1,4,1.134204311082606
Alandale CL 0.6bp,Alandale CL,unverified_adapter,10.0,12,72,25.0,23.284863896666486,68.42523464981791,-26.801429635532614,Alandale CL 0.6bp,0x7a35168956f129c032ec035cc47383a605a71df0,720,168,75.0,2459.25,2674.58,174606210.71325126,29.440468232281276,12.026137048556686,1.7353855004227814,4.377960760394406,-2.531736815627028,-3.906825161063443,20.202369484641284,99.86111111111111,1,4,1.134204311082606
Alandale CL 0.6bp,Alandale CL,unverified_adapter,10.0,12,168,100.0,37.047306743942656,68.42523464981791,-18.630182093030744,Alandale CL 0.6bp,0x7a35168956f129c032ec035cc47383a605a71df0,720,168,0.0,2459.25,2674.58,174606210.71325126,118.16102932802129,12.124995022360105,2.6241635946861575,4.377960760394406,-1.680237047104416,-3.800381106476436,20.130587088260636,99.86111111111111,1,4,1.134204311082606
Alandale CL 0.6bp,Alandale CL,unverified_adapter,10.0,12,168,50.0,27.714460306655674,68.42523464981791,-24.171422072117853,Alandale CL 0.6bp,0x7a35168956f129c032ec035cc47383a605a71df0,720,168,50.0,2459.25,2674.58,174606210.71325126,58.947392181392196,12.05903948281402,2.030980637496449,4.377960760394406,-2.248539927203208,-3.8713384676659635,20.178119357859362,99.86111111111111,1,4,1.134204311082606
Alandale CL 0.6bp,Alandale CL,unverified_adapter,10.0,12,168,25.0,23.284863896666486,68.42523464981791,-26.801429635532614,Alandale CL 0.6bp,0x7a35168956f129c032ec035cc47383a605a71df0,720,168,75.0,2459.25,2674.58,174606210.71325126,29.440468232281276,12.026137048556686,1.7353855004227814,4.377960760394406,-2.531736815627028,-3.906825161063443,20.202369484641284,99.86111111111111,1,4,1.134204311082606
Alandale CL 0.6bp,Alandale CL,unverified_adapter,10.0,24,24,100.0,16.93631281555914,68.42523464981791,-30.57078824400177,Alandale CL 0.6bp,0x7a35168956f129c032ec035cc47383a605a71df0,720,168,0.0,2459.25,2674.58,174606210.71325126,115.02820191355093,12.123483887425072,1.2942706752636646,4.377960760394406,-2.9543498097357346,-3.800381106476436,20.051249721272505,98.19444444444444,1,4,1.134204311082606
Alandale CL 0.6bp,Alandale CL,unverified_adapter,10.0,24,24,50.0,9.144626887801177,68.42523464981791,-35.1969868917032,Alandale CL 0.6bp,0x7a35168956f129c032ec035cc47383a605a71df0,720,168,50.0,2459.25,2674.58,174606210.71325126,57.38766217378899,12.058286769315336,0.7218007517102443,4.377960760394406,-3.5028084301024887,-3.8713384676659635,20.101897767667698,98.19444444444444,1,4,1.134204311082606
Alandale CL 0.6bp,Alandale CL,unverified_adapter,10.0,24,24,25.0,5.442206186949283,68.42523464981791,-37.39524459848328,Alandale CL 0.6bp,0x7a35168956f129c032ec035cc47383a605a71df0,720,168,75.0,2459.25,2674.58,174606210.71325126,28.662270426786478,12.025761404009469,0.4365072570266415,4.377960760394406,-3.776135761471344,-3.906825161063443,20.127741997995045,98.19444444444444,1,4,1.134204311082606
Alandale CL 0.6bp,Alandale CL,unverified_adapter,10.0,24,72,100.0,16.93631281555914,68.42523464981791,-30.57078824400177,Alandale CL 0.6bp,0x7a35168956f129c032ec035cc47383a605a71df0,720,168,0.0,2459.25,2674.58,174606210.71325126,115.02820191355093,12.123483887425072,1.2942706752636646,4.377960760394406,-2.9543498097357346,-3.800381106476436,20.051249721272505,98.19444444444444,1,4,1.134204311082606
Alandale CL 0.6bp,Alandale CL,unverified_adapter,10.0,24,72,50.0,9.144626887801177,68.42523464981791,-35.1969868917032,Alandale CL 0.6bp,0x7a35168956f129c032ec035cc47383a605a71df0,720,168,50.0,2459.25,2674.58,174606210.71325126,57.38766217378899,12.058286769315336,0.7218007517102443,4.377960760394406,-3.5028084301024887,-3.8713384676659635,20.101897767667698,98.19444444444444,1,4,1.134204311082606
Alandale CL 0.6bp,Alandale CL,unverified_adapter,10.0,24,72,25.0,5.442206186949283,68.42523464981791,-37.39524459848328,Alandale CL 0.6bp,0x7a35168956f129c032ec035cc47383a605a71df0,720,168,75.0,2459.25,2674.58,174606210.71325126,28.662270426786478,12.025761404009469,0.4365072570266415,4.377960760394406,-3.776135761471344,-3.906825161063443,20.127741997995045,98.19444444444444,1,4,1.134204311082606
Alandale CL 0.6bp,Alandale CL,unverified_adapter,10.0,24,168,100.0,16.93631281555914,68.42523464981791,-30.57078824400177,Alandale CL 0.6bp,0x7a35168956f129c032ec035cc47383a605a71df0,720,168,0.0,2459.25,2674.58,174606210.71325126,115.02820191355093,12.123483887425072,1.2942706752636646,4.377960760394406,-2.9543498097357346,-3.800381106476436,20.051249721272505,98.19444444444444,1,4,1.134204311082606
Alandale CL 0.6bp,Alandale CL,unverified_adapter,10.0,24,168,50.0,9.144626887801177,68.42523464981791,-35.1969868917032,Alandale CL 0.6bp,0x7a35168956f129c032ec035cc47383a605a71df0,720,168,50.0,2459.25,2674.58,174606210.71325126,57.38766217378899,12.058286769315336,0.7218007517102443,4.377960760394406,-3.5028084301024887,-3.8713384676659635,20.101897767667698,98.19444444444444,1,4,1.134204311082606
Alandale CL 0.6bp,Alandale CL,unverified_adapter,10.0,24,168,25.0,5.442206186949283,68.42523464981791,-37.39524459848328,Alandale CL 0.6bp,0x7a35168956f129c032ec035cc47383a605a71df0,720,168,75.0,2459.25,2674.58,174606210.71325126,28.662270426786478,12.025761404009469,0.4365072570266415,4.377960760394406,-3.776135761471344,-3.906825161063443,20.127741997995045,98.19444444444444,1,4,1.134204311082606
Alandale CL 0.6bp,Alandale CL,unverified_adapter,15.0,4,24,100.0,34.49090917388684,68.42523464981791,-20.148005461584074,Alandale CL 0.6bp,0x7a35168956f129c032ec035cc47383a605a71df0,720,168,0.0,2459.25,2674.58,174606210.71325126,81.811055427004,12.190360734003125,2.465461644950473,4.377960760394406,-1.8322825062986103,-4.165234708076138,20.792305582631577,100.0,1,4,0.7847889314057555
Alandale CL 0.6bp,Alandale CL,unverified_adapter,15.0,4,24,50.0,28.0788059963583,68.42523464981791,-23.955097190362352,Alandale CL 0.6bp,0x7a35168956f129c032ec035cc47383a605a71df0,720,168,50.0,2459.25,2674.58,174606210.71325126,40.8412409476623,12.144395965310583,2.054873386104439,4.377960760394406,-2.2256493203797634,-4.214434297314995,20.828026674242548,100.0,1,4,0.7847889314057555
Alandale CL 0.6bp,Alandale CL,unverified_adapter,15.0,4,24,25.0,24.98628442418429,68.42523464981791,-25.791236281160657,Alandale CL 0.6bp,0x7a35168956f129c032ec035cc47383a605a71df0,720,168,75.0,2459.25,2674.58,174606210.71325126,20.404566851075852,12.121450225074852,1.8500601140366113,4.377960760394406,-2.42187203883083,-4.239037757870268,20.846110138509196,100.0,1,4,0.7847889314057555
Alandale CL 0.6bp,Alandale CL,unverified_adapter,15.0,4,72,100.0,34.49090917388684,68.42523464981791,-20.148005461584074,Alandale CL 0.6bp,0x7a35168956f129c032ec035cc47383a605a71df0,720,168,0.0,2459.25,2674.58,174606210.71325126,81.811055427004,12.190360734003125,2.465461644950473,4.377960760394406,-1.8322825062986103,-4.165234708076138,20.792305582631577,100.0,1,4,0.7847889314057555
Alandale CL 0.6bp,Alandale CL,unverified_adapter,15.0,4,72,50.0,28.0788059963583,68.42523464981791,-23.955097190362352,Alandale CL 0.6bp,0x7a35168956f129c032ec035cc47383a605a71df0,720,168,50.0,2459.25,2674.58,174606210.71325126,40.8412409476623,12.144395965310583,2.054873386104439,4.377960760394406,-2.2256493203797634,-4.214434297314995,20.828026674242548,100.0,1,4,0.7847889314057555
Alandale CL 0.6bp,Alandale CL,unverified_adapter,15.0,4,72,25.0,24.98628442418429,68.42523464981791,-25.791236281160657,Alandale CL 0.6bp,0x7a35168956f129c032ec035cc47383a605a71df0,720,168,75.0,2459.25,2674.58,174606210.71325126,20.404566851075852,12.121450225074852,1.8500601140366113,4.377960760394406,-2.42187203883083,-4.239037757870268,20.846110138509196,100.0,1,4,0.7847889314057555
Alandale CL 0.6bp,Alandale CL,unverified_adapter,15.0,4,168,100.0,34.49090917388684,68.42523464981791,-20.148005461584074,Alandale CL 0.6bp,0x7a35168956f129c032ec035cc47383a605a71df0,720,168,0.0,2459.25,2674.58,174606210.71325126,81.811055427004,12.190360734003125,2.465461644950473,4.377960760394406,-1.8322825062986103,-4.165234708076138,20.792305582631577,100.0,1,4,0.7847889314057555
Alandale CL 0.6bp,Alandale CL,unverified_adapter,15.0,4,168,50.0,28.0788059963583,68.42523464981791,-23.955097190362352,Alandale CL 0.6bp,0x7a35168956f129c032ec035cc47383a605a71df0,720,168,50.0,2459.25,2674.58,174606210.71325126,40.8412409476623,12.144395965310583,2.054873386104439,4.377960760394406,-2.2256493203797634,-4.214434297314995,20.828026674242548,100.0,1,4,0.7847889314057555
Alandale CL 0.6bp,Alandale CL,unverified_adapter,15.0,4,168,25.0,24.98628442418429,68.42523464981791,-25.791236281160657,Alandale CL 0.6bp,0x7a35168956f129c032ec035cc47383a605a71df0,720,168,75.0,2459.25,2674.58,174606210.71325126,20.404566851075852,12.121450225074852,1.8500601140366113,4.377960760394406,-2.42187203883083,-4.239037757870268,20.846110138509196,100.0,1,4,0.7847889314057555
Alandale CL 0.6bp,Alandale CL,unverified_adapter,15.0,12,24,100.0,28.80415823093434,68.42523464981791,-23.52442999486507,Alandale CL 0.6bp,0x7a35168956f129c032ec035cc47383a605a71df0,720,168,0.0,2459.25,2674.58,174606210.71325126,81.78766759582483,12.197064074557236,2.1022547692003846,4.377960760394406,-2.180255270955178,-4.165234708076138,20.76755393044998,100.0,1,4,0.7847889314057555
Alandale CL 0.6bp,Alandale CL,unverified_adapter,15.0,12,24,50.0,22.660382239835176,68.42523464981791,-27.17220641261694,Alandale CL 0.6bp,0x7a35168956f129c032ec035cc47383a605a71df0,720,168,50.0,2459.25,2674.58,174606210.71325126,40.828831128574436,12.150610385590323,1.6929311718928863,4.377960760394406,-2.5724104676323134,-4.214434297314995,20.803928721354875,100.0,1,4,0.7847889314057555
Alandale CL 0.6bp,Alandale CL,unverified_adapter,15.0,12,24,25.0,19.697403932100933,68.42523464981791,-28.931431099995166,Alandale CL 0.6bp,0x7a35168956f129c032ec035cc47383a605a71df0,720,168,75.0,2459.25,2674.58,174606210.71325126,20.398183768390656,12.127421388751126,1.4887545860704288,4.377960760394406,-2.768023204588499,-4.239037757870268,20.82233555432005,100.0,1,4,0.7847889314057555
Alandale CL 0.6bp,Alandale CL,unverified_adapter,15.0,12,72,100.0,28.80415823093434,68.42523464981791,-23.52442999486507,Alandale CL 0.6bp,0x7a35168956f129c032ec035cc47383a605a71df0,720,168,0.0,2459.25,2674.58,174606210.71325126,81.78766759582483,12.197064074557236,2.1022547692003846,4.377960760394406,-2.180255270955178,-4.165234708076138,20.76755393044998,100.0,1,4,0.7847889314057555
Alandale CL 0.6bp,Alandale CL,unverified_adapter,15.0,12,72,50.0,22.660382239835176,68.42523464981791,-27.17220641261694,Alandale CL 0.6bp,0x7a35168956f129c032ec035cc47383a605a71df0,720,168,50.0,2459.25,2674.58,174606210.71325126,40.828831128574436,12.150610385590323,1.6929311718928863,4.377960760394406,-2.5724104676323134,-4.214434297314995,20.803928721354875,100.0,1,4,0.7847889314057555
Alandale CL 0.6bp,Alandale CL,unverified_adapter,15.0,12,72,25.0,19.697403932100933,68.42523464981791,-28.931431099995166,Alandale CL 0.6bp,0x7a35168956f129c032ec035cc47383a605a71df0,720,168,75.0,2459.25,2674.58,174606210.71325126,20.398183768390656,12.127421388751126,1.4887545860704288,4.377960760394406,-2.768023204588499,-4.239037757870268,20.82233555432005,100.0,1,4,0.7847889314057555
Alandale CL 0.6bp,Alandale CL,unverified_adapter,15.0,12,168,100.0,28.80415823093434,68.42523464981791,-23.52442999486507,Alandale CL 0.6bp,0x7a35168956f129c032ec035cc47383a605a71df0,720,168,0.0,2459.25,2674.58,174606210.71325126,81.78766759582483,12.197064074557236,2.1022547692003846,4.377960760394406,-2.180255270955178,-4.165234708076138,20.76755393044998,100.0,1,4,0.7847889314057555
Alandale CL 0.6bp,Alandale CL,unverified_adapter,15.0,12,168,50.0,22.660382239835176,68.42523464981791,-27.17220641261694,Alandale CL 0.6bp,0x7a35168956f129c032ec035cc47383a605a71df0,720,168,50.0,2459.25,2674.58,174606210.71325126,40.828831128574436,12.150610385590323,1.6929311718928863,4.377960760394406,-2.5724104676323134,-4.214434297314995,20.803928721354875,100.0,1,4,0.7847889314057555
Alandale CL 0.6bp,Alandale CL,unverified_adapter,15.0,12,168,25.0,19.697403932100933,68.42523464981791,-28.931431099995166,Alandale CL 0.6bp,0x7a35168956f129c032ec035cc47383a605a71df0,720,168,75.0,2459.25,2674.58,174606210.71325126,20.398183768390656,12.127421388751126,1.4887545860704288,4.377960760394406,-2.768023204588499,-4.239037757870268,20.82233555432005,100.0,1,4,0.7847889314057555
Alandale CL 0.6bp,Alandale CL,unverified_adapter,15.0,24,24,100.0,38.951508961189376,68.42523464981791,-17.4995900999688,Alandale CL 0.6bp,0x7a35168956f129c032ec035cc47383a605a71df0,720,168,0.0,2459.25,2674.58,174606210.71325126,81.96084957738914,12.186419483644322,2.7406209857673502,4.377960760394406,-1.5686642684902385,-4.165234708076138,20.585123742160842,100.0,1,4,0.7847889314057555
Alandale CL 0.6bp,Alandale CL,unverified_adapter,15.0,24,24,50.0,32.32388282420837,68.42523464981791,-21.434645408492404,Alandale CL 0.6bp,0x7a35168956f129c032ec035cc47383a605a71df0,720,168,50.0,2459.25,2674.58,174606210.71325126,40.9145301410882,12.139439049168681,2.3287486368652077,4.377960760394406,-1.9632613135959764,-4.214434297314995,20.61841048862458,100.0,1,4,0.7847889314057555
Alandale CL 0.6bp,Alandale CL,unverified_adapter,15.0,24,24,25.0,29.12762674152305,68.42523464981791,-23.332375335561107,Alandale CL 0.6bp,0x7a35168956f129c032ec035cc47383a605a71df0,720,168,75.0,2459.25,2674.58,174606210.71325126,20.44081107086706,12.115987977024329,2.1233054360280557,4.377960760394406,-2.160087539497013,-4.239037757870268,20.63527955991829,100.0,1,4,0.7847889314057555
Alandale CL 0.6bp,Alandale CL,unverified_adapter,15.0,24,72,100.0,38.951508961189376,68.42523464981791,-17.4995900999688,Alandale CL 0.6bp,0x7a35168956f129c032ec035cc47383a605a71df0,720,168,0.0,2459.25,2674.58,174606210.71325126,81.96084957738914,12.186419483644322,2.7406209857673502,4.377960760394406,-1.5686642684902385,-4.165234708076138,20.585123742160842,100.0,1,4,0.7847889314057555
Alandale CL 0.6bp,Alandale CL,unverified_adapter,15.0,24,72,50.0,32.32388282420837,68.42523464981791,-21.434645408492404,Alandale CL 0.6bp,0x7a35168956f129c032ec035cc47383a605a71df0,720,168,50.0,2459.25,2674.58,174606210.71325126,40.9145301410882,12.139439049168681,2.3287486368652077,4.377960760394406,-1.9632613135959764,-4.214434297314995,20.61841048862458,100.0,1,4,0.7847889314057555
Alandale CL 0.6bp,Alandale CL,unverified_adapter,15.0,24,72,25.0,29.12762674152305,68.42523464981791,-23.332375335561107,Alandale CL 0.6bp,0x7a35168956f129c032ec035cc47383a605a71df0,720,168,75.0,2459.25,2674.58,174606210.71325126,20.44081107086706,12.115987977024329,2.1233054360280557,4.377960760394406,-2.160087539497013,-4.239037757870268,20.63527955991829,100.0,1,4,0.7847889314057555
Alandale CL 0.6bp,Alandale CL,unverified_adapter,15.0,24,168,100.0,38.951508961189376,68.42523464981791,-17.4995900999688,Alandale CL 0.6bp,0x7a35168956f129c032ec035cc47383a605a71df0,720,168,0.0,2459.25,2674.58,174606210.71325126,81.96084957738914,12.186419483644322,2.7406209857673502,4.377960760394406,-1.5686642684902385,-4.165234708076138,20.585123742160842,100.0,1,4,0.7847889314057555
Alandale CL 0.6bp,Alandale CL,unverified_adapter,15.0,24,168,50.0,32.32388282420837,68.42523464981791,-21.434645408492404,Alandale CL 0.6bp,0x7a35168956f129c032ec035cc47383a605a71df0,720,168,50.0,2459.25,2674.58,174606210.71325126,40.9145301410882,12.139439049168681,2.3287486368652077,4.377960760394406,-1.9632613135959764,-4.214434297314995,20.61841048862458,100.0,1,4,0.7847889314057555
Alandale CL 0.6bp,Alandale CL,unverified_adapter,15.0,24,168,25.0,29.12762674152305,68.42523464981791,-23.332375335561107,Alandale CL 0.6bp,0x7a35168956f129c032ec035cc47383a605a71df0,720,168,75.0,2459.25,2674.58,174606210.71325126,20.44081107086706,12.115987977024329,2.1233054360280557,4.377960760394406,-2.160087539497013,-4.239037757870268,20.63527955991829,100.0,1,4,0.7847889314057555
Alandale CL 0.6bp,Alandale CL,unverified_adapter,20.0,4,24,100.0,60.42809251101555,68.42523464981878,-4.748185243993008,Alandale CL 0.6bp,0x7a35168956f129c032ec035cc47383a605a71df0,720,168,0.0,2459.25,2674.58,174606210.71325126,63.95603749716392,1.028998453209873,3.9614583986955942,4.37796076039445,-0.3990328596809478,-4.346990240030724,20.70090821561553,100.0,0,4,0.6090196924465189
Alandale CL 0.6bp,Alandale CL,unverified_adapter,20.0,4,24,50.0,54.443908576938746,68.42523464981878,-8.301206230734648,Alandale CL 0.6bp,0x7a35168956f129c032ec035cc47383a605a71df0,720,168,50.0,2459.25,2674.58,174606210.71325126,31.93911476898419,1.0144839706475794,3.637136977968769,4.37796076039445,-0.709751155348104,-4.385209194461592,20.725912239968302,100.0,0,4,0.6090196924465189
Alandale CL 0.6bp,Alandale CL,unverified_adapter,20.0,4,24,25.0,51.53450489040918,68.42523464981878,-10.02862177661693,Alandale CL 0.6bp,0x7a35168956f129c032ec035cc47383a605a71df0,720,168,75.0,2459.25,2674.58,174606210.71325126,15.95983971145365,1.0072381738848641,3.4752690896080907,4.37796076039445,-0.864829763113073,-4.40432082730381,20.738555162716526,100.0,0,4,0.6090196924465189
Alandale CL 0.6bp,Alandale CL,unverified_adapter,20.0,4,72,100.0,60.42809251101555,68.42523464981878,-4.748185243993008,Alandale CL 0.6bp,0x7a35168956f129c032ec035cc47383a605a71df0,720,168,0.0,2459.25,2674.58,174606210.71325126,63.95603749716392,1.028998453209873,3.9614583986955942,4.37796076039445,-0.3990328596809478,-4.346990240030724,20.70090821561553,100.0,0,4,0.6090196924465189
Alandale CL 0.6bp,Alandale CL,unverified_adapter,20.0,4,72,50.0,54.443908576938746,68.42523464981878,-8.301206230734648,Alandale CL 0.6bp,0x7a35168956f129c032ec035cc47383a605a71df0,720,168,50.0,2459.25,2674.58,174606210.71325126,31.93911476898419,1.0144839706475794,3.637136977968769,4.37796076039445,-0.709751155348104,-4.385209194461592,20.725912239968302,100.0,0,4,0.6090196924465189
Alandale CL 0.6bp,Alandale CL,unverified_adapter,20.0,4,72,25.0,51.53450489040918,68.42523464981878,-10.02862177661693,Alandale CL 0.6bp,0x7a35168956f129c032ec035cc47383a605a71df0,720,168,75.0,2459.25,2674.58,174606210.71325126,15.95983971145365,1.0072381738848641,3.4752690896080907,4.37796076039445,-0.864829763113073,-4.40432082730381,20.738555162716526,100.0,0,4,0.6090196924465189
Alandale CL 0.6bp,Alandale CL,unverified_adapter,20.0,4,168,100.0,60.42809251101555,68.42523464981878,-4.748185243993008,Alandale CL 0.6bp,0x7a35168956f129c032ec035cc47383a605a71df0,720,168,0.0,2459.25,2674.58,174606210.71325126,63.95603749716392,1.028998453209873,3.9614583986955942,4.37796076039445,-0.3990328596809478,-4.346990240030724,20.70090821561553,100.0,0,4,0.6090196924465189
Alandale CL 0.6bp,Alandale CL,unverified_adapter,20.0,4,168,50.0,54.443908576938746,68.42523464981878,-8.301206230734648,Alandale CL 0.6bp,0x7a35168956f129c032ec035cc47383a605a71df0,720,168,50.0,2459.25,2674.58,174606210.71325126,31.93911476898419,1.0144839706475794,3.637136977968769,4.37796076039445,-0.709751155348104,-4.385209194461592,20.725912239968302,100.0,0,4,0.6090196924465189
Alandale CL 0.6bp,Alandale CL,unverified_adapter,20.0,4,168,25.0,51.53450489040918,68.42523464981878,-10.02862177661693,Alandale CL 0.6bp,0x7a35168956f129c032ec035cc47383a605a71df0,720,168,75.0,2459.25,2674.58,174606210.71325126,15.95983971145365,1.0072381738848641,3.4752690896080907,4.37796076039445,-0.864829763113073,-4.40432082730381,20.738555162716526,100.0,0,4,0.6090196924465189
Alandale CL 0.6bp,Alandale CL,unverified_adapter,20.0,12,24,100.0,60.42809251101555,68.42523464981878,-4.748185243993008,Alandale CL 0.6bp,0x7a35168956f129c032ec035cc47383a605a71df0,720,168,0.0,2459.25,2674.58,174606210.71325126,63.95603749716392,1.028998453209873,3.9614583986955942,4.37796076039445,-0.3990328596809478,-4.346990240030724,20.70090821561553,100.0,0,4,0.6090196924465189
Alandale CL 0.6bp,Alandale CL,unverified_adapter,20.0,12,24,50.0,54.443908576938746,68.42523464981878,-8.301206230734648,Alandale CL 0.6bp,0x7a35168956f129c032ec035cc47383a605a71df0,720,168,50.0,2459.25,2674.58,174606210.71325126,31.93911476898419,1.0144839706475794,3.637136977968769,4.37796076039445,-0.709751155348104,-4.385209194461592,20.725912239968302,100.0,0,4,0.6090196924465189
Alandale CL 0.6bp,Alandale CL,unverified_adapter,20.0,12,24,25.0,51.53450489040918,68.42523464981878,-10.02862177661693,Alandale CL 0.6bp,0x7a35168956f129c032ec035cc47383a605a71df0,720,168,75.0,2459.25,2674.58,174606210.71325126,15.95983971145365,1.0072381738848641,3.4752690896080907,4.37796076039445,-0.864829763113073,-4.40432082730381,20.738555162716526,100.0,0,4,0.6090196924465189
Alandale CL 0.6bp,Alandale CL,unverified_adapter,20.0,12,72,100.0,60.42809251101555,68.42523464981878,-4.748185243993008,Alandale CL 0.6bp,0x7a35168956f129c032ec035cc47383a605a71df0,720,168,0.0,2459.25,2674.58,174606210.71325126,63.95603749716392,1.028998453209873,3.9614583986955942,4.37796076039445,-0.3990328596809478,-4.346990240030724,20.70090821561553,100.0,0,4,0.6090196924465189
Alandale CL 0.6bp,Alandale CL,unverified_adapter,20.0,12,72,50.0,54.443908576938746,68.42523464981878,-8.301206230734648,Alandale CL 0.6bp,0x7a35168956f129c032ec035cc47383a605a71df0,720,168,50.0,2459.25,2674.58,174606210.71325126,31.93911476898419,1.0144839706475794,3.637136977968769,4.37796076039445,-0.709751155348104,-4.385209194461592,20.725912239968302,100.0,0,4,0.6090196924465189
Alandale CL 0.6bp,Alandale CL,unverified_adapter,20.0,12,72,25.0,51.53450489040918,68.42523464981878,-10.02862177661693,Alandale CL 0.6bp,0x7a35168956f129c032ec035cc47383a605a71df0,720,168,75.0,2459.25,2674.58,174606210.71325126,15.95983971145365,1.0072381738848641,3.4752690896080907,4.37796076039445,-0.864829763113073,-4.40432082730381,20.738555162716526,100.0,0,4,0.6090196924465189
Alandale CL 0.6bp,Alandale CL,unverified_adapter,20.0,12,168,100.0,60.42809251101555,68.42523464981878,-4.748185243993008,Alandale CL 0.6bp,0x7a35168956f129c032ec035cc47383a605a71df0,720,168,0.0,2459.25,2674.58,174606210.71325126,63.95603749716392,1.028998453209873,3.9614583986955942,4.37796076039445,-0.3990328596809478,-4.346990240030724,20.70090821561553,100.0,0,4,0.6090196924465189
Alandale CL 0.6bp,Alandale CL,unverified_adapter,20.0,12,168,50.0,54.443908576938746,68.42523464981878,-8.301206230734648,Alandale CL 0.6bp,0x7a35168956f129c032ec035cc47383a605a71df0,720,168,50.0,2459.25,2674.58,174606210.71325126,31.93911476898419,1.0144839706475794,3.637136977968769,4.37796076039445,-0.709751155348104,-4.385209194461592,20.725912239968302,100.0,0,4,0.6090196924465189
Alandale CL 0.6bp,Alandale CL,unverified_adapter,20.0,12,168,25.0,51.53450489040918,68.42523464981878,-10.02862177661693,Alandale CL 0.6bp,0x7a35168956f129c032ec035cc47383a605a71df0,720,168,75.0,2459.25,2674.58,174606210.71325126,15.95983971145365,1.0072381738848641,3.4752690896080907,4.37796076039445,-0.864829763113073,-4.40432082730381,20.738555162716526,100.0,0,4,0.6090196924465189
Alandale CL 0.6bp,Alandale CL,unverified_adapter,20.0,24,24,100.0,60.42809251101555,68.42523464981878,-4.748185243993008,Alandale CL 0.6bp,0x7a35168956f129c032ec035cc47383a605a71df0,720,168,0.0,2459.25,2674.58,174606210.71325126,63.95603749716392,1.028998453209873,3.9614583986955942,4.37796076039445,-0.3990328596809478,-4.346990240030724,20.70090821561553,100.0,0,4,0.6090196924465189
Alandale CL 0.6bp,Alandale CL,unverified_adapter,20.0,24,24,50.0,54.443908576938746,68.42523464981878,-8.301206230734648,Alandale CL 0.6bp,0x7a35168956f129c032ec035cc47383a605a71df0,720,168,50.0,2459.25,2674.58,174606210.71325126,31.93911476898419,1.0144839706475794,3.637136977968769,4.37796076039445,-0.709751155348104,-4.385209194461592,20.725912239968302,100.0,0,4,0.6090196924465189
Alandale CL 0.6bp,Alandale CL,unverified_adapter,20.0,24,24,25.0,51.53450489040918,68.42523464981878,-10.02862177661693,Alandale CL 0.6bp,0x7a35168956f129c032ec035cc47383a605a71df0,720,168,75.0,2459.25,2674.58,174606210.71325126,15.95983971145365,1.0072381738848641,3.4752690896080907,4.37796076039445,-0.864829763113073,-4.40432082730381,20.738555162716526,100.0,0,4,0.6090196924465189
Alandale CL 0.6bp,Alandale CL,unverified_adapter,20.0,24,72,100.0,60.42809251101555,68.42523464981878,-4.748185243993008,Alandale CL 0.6bp,0x7a35168956f129c032ec035cc47383a605a71df0,720,168,0.0,2459.25,2674.58,174606210.71325126,63.95603749716392,1.028998453209873,3.9614583986955942,4.37796076039445,-0.3990328596809478,-4.346990240030724,20.70090821561553,100.0,0,4,0.6090196924465189
Alandale CL 0.6bp,Alandale CL,unverified_adapter,20.0,24,72,50.0,54.443908576938746,68.42523464981878,-8.301206230734648,Alandale CL 0.6bp,0x7a35168956f129c032ec035cc47383a605a71df0,720,168,50.0,2459.25,2674.58,174606210.71325126,31.93911476898419,1.0144839706475794,3.637136977968769,4.37796076039445,-0.709751155348104,-4.385209194461592,20.725912239968302,100.0,0,4,0.6090196924465189
Alandale CL 0.6bp,Alandale CL,unverified_adapter,20.0,24,72,25.0,51.53450489040918,68.42523464981878,-10.02862177661693,Alandale CL 0.6bp,0x7a35168956f129c032ec035cc47383a605a71df0,720,168,75.0,2459.25,2674.58,174606210.71325126,15.95983971145365,1.0072381738848641,3.4752690896080907,4.37796076039445,-0.864829763113073,-4.40432082730381,20.738555162716526,100.0,0,4,0.6090196924465189
Alandale CL 0.6bp,Alandale CL,unverified_adapter,20.0,24,168,100.0,60.42809251101555,68.42523464981878,-4.748185243993008,Alandale CL 0.6bp,0x7a35168956f129c032ec035cc47383a605a71df0,720,168,0.0,2459.25,2674.58,174606210.71325126,63.95603749716392,1.028998453209873,3.9614583986955942,4.37796076039445,-0.3990328596809478,-4.346990240030724,20.70090821561553,100.0,0,4,0.6090196924465189
Alandale CL 0.6bp,Alandale CL,unverified_adapter,20.0,24,168,50.0,54.443908576938746,68.42523464981878,-8.301206230734648,Alandale CL 0.6bp,0x7a35168956f129c032ec035cc47383a605a71df0,720,168,50.0,2459.25,2674.58,174606210.71325126,31.93911476898419,1.0144839706475794,3.637136977968769,4.37796076039445,-0.709751155348104,-4.385209194461592,20.725912239968302,100.0,0,4,0.6090196924465189
Alandale CL 0.6bp,Alandale CL,unverified_adapter,20.0,24,168,25.0,51.53450489040918,68.42523464981878,-10.02862177661693,Alandale CL 0.6bp,0x7a35168956f129c032ec035cc47383a605a71df0,720,168,75.0,2459.25,2674.58,174606210.71325126,15.95983971145365,1.0072381738848641,3.4752690896080907,4.37796076039445,-0.864829763113073,-4.40432082730381,20.738555162716526,100.0,0,4,0.6090196924465189
Alandale CL 0.6bp,Alandale CL,unverified_adapter,30.0,4,24,100.0,62.68678707615878,68.42523464981878,-3.407118645606255,Alandale CL 0.6bp,0x7a35168956f129c032ec035cc47383a605a71df0,720,168,0.0,2459.25,2674.58,174606210.71325126,45.374287197019676,1.0205752244488824,4.080991427686076,4.37796076039445,-0.2845134456976872,-4.528463056102272,21.485655755244597,100.0,0,4,0.4323797694065647
Alandale CL 0.6bp,Alandale CL,unverified_adapter,30.0,4,24,50.0,58.35974307160505,68.42523464981878,-5.9762372302116,Alandale CL 0.6bp,0x7a35168956f129c032ec035cc47383a605a71df0,720,168,50.0,2459.25,2674.58,174606210.71325126,22.667519738603502,1.0102799143469103,3.850636028445309,4.37796076039445,-0.5052069690838712,-4.555623940281328,21.504502183889667,100.0,0,4,0.4323797694065647
Alandale CL 0.6bp,Alandale CL,unverified_adapter,30.0,4,24,25.0,56.23877536098449,68.42523464981878,-7.235530539216395,Alandale CL 0.6bp,0x7a35168956f129c032ec035cc47383a605a71df0,720,168,75.0,2459.25,2674.58,174606210.71325126,11.328856905056258,1.0051380336250058,3.7356060928167123,4.37796076039445,-0.6154121645011945,-4.569205442361223,21.513993509549458,100.0,0,4,0.4323797694065647
Alandale CL 0.6bp,Alandale CL,unverified_adapter,30.0,4,72,100.0,62.68678707615878,68.42523464981878,-3.407118645606255,Alandale CL 0.6bp,0x7a35168956f129c032ec035cc47383a605a71df0,720,168,0.0,2459.25,2674.58,174606210.71325126,45.374287197019676,1.0205752244488824,4.080991427686076,4.37796076039445,-0.2845134456976872,-4.528463056102272,21.485655755244597,100.0,0,4,0.4323797694065647
Alandale CL 0.6bp,Alandale CL,unverified_adapter,30.0,4,72,50.0,58.35974307160505,68.42523464981878,-5.9762372302116,Alandale CL 0.6bp,0x7a35168956f129c032ec035cc47383a605a71df0,720,168,50.0,2459.25,2674.58,174606210.71325126,22.667519738603502,1.0102799143469103,3.850636028445309,4.37796076039445,-0.5052069690838712,-4.555623940281328,21.504502183889667,100.0,0,4,0.4323797694065647
Alandale CL 0.6bp,Alandale CL,unverified_adapter,30.0,4,72,25.0,56.23877536098449,68.42523464981878,-7.235530539216395,Alandale CL 0.6bp,0x7a35168956f129c032ec035cc47383a605a71df0,720,168,75.0,2459.25,2674.58,174606210.71325126,11.328856905056258,1.0051380336250058,3.7356060928167123,4.37796076039445,-0.6154121645011945,-4.569205442361223,21.513993509549458,100.0,0,4,0.4323797694065647
Alandale CL 0.6bp,Alandale CL,unverified_adapter,30.0,4,168,100.0,62.68678707615878,68.42523464981878,-3.407118645606255,Alandale CL 0.6bp,0x7a35168956f129c032ec035cc47383a605a71df0,720,168,0.0,2459.25,2674.58,174606210.71325126,45.374287197019676,1.0205752244488824,4.080991427686076,4.37796076039445,-0.2845134456976872,-4.528463056102272,21.485655755244597,100.0,0,4,0.4323797694065647
Alandale CL 0.6bp,Alandale CL,unverified_adapter,30.0,4,168,50.0,58.35974307160505,68.42523464981878,-5.9762372302116,Alandale CL 0.6bp,0x7a35168956f129c032ec035cc47383a605a71df0,720,168,50.0,2459.25,2674.58,174606210.71325126,22.667519738603502,1.0102799143469103,3.850636028445309,4.37796076039445,-0.5052069690838712,-4.555623940281328,21.504502183889667,100.0,0,4,0.4323797694065647
Alandale CL 0.6bp,Alandale CL,unverified_adapter,30.0,4,168,25.0,56.23877536098449,68.42523464981878,-7.235530539216395,Alandale CL 0.6bp,0x7a35168956f129c032ec035cc47383a605a71df0,720,168,75.0,2459.25,2674.58,174606210.71325126,11.328856905056258,1.0051380336250058,3.7356060928167123,4.37796076039445,-0.6154121645011945,-4.569205442361223,21.513993509549458,100.0,0,4,0.4323797694065647
Alandale CL 0.6bp,Alandale CL,unverified_adapter,30.0,12,24,100.0,62.68678707615878,68.42523464981878,-3.407118645606255,Alandale CL 0.6bp,0x7a35168956f129c032ec035cc47383a605a71df0,720,168,0.0,2459.25,2674.58,174606210.71325126,45.374287197019676,1.0205752244488824,4.080991427686076,4.37796076039445,-0.2845134456976872,-4.528463056102272,21.485655755244597,100.0,0,4,0.4323797694065647
Alandale CL 0.6bp,Alandale CL,unverified_adapter,30.0,12,24,50.0,58.35974307160505,68.42523464981878,-5.9762372302116,Alandale CL 0.6bp,0x7a35168956f129c032ec035cc47383a605a71df0,720,168,50.0,2459.25,2674.58,174606210.71325126,22.667519738603502,1.0102799143469103,3.850636028445309,4.37796076039445,-0.5052069690838712,-4.555623940281328,21.504502183889667,100.0,0,4,0.4323797694065647
Alandale CL 0.6bp,Alandale CL,unverified_adapter,30.0,12,24,25.0,56.23877536098449,68.42523464981878,-7.235530539216395,Alandale CL 0.6bp,0x7a35168956f129c032ec035cc47383a605a71df0,720,168,75.0,2459.25,2674.58,174606210.71325126,11.328856905056258,1.0051380336250058,3.7356060928167123,4.37796076039445,-0.6154121645011945,-4.569205442361223,21.513993509549458,100.0,0,4,0.4323797694065647
Alandale CL 0.6bp,Alandale CL,unverified_adapter,30.0,12,72,100.0,62.68678707615878,68.42523464981878,-3.407118645606255,Alandale CL 0.6bp,0x7a35168956f129c032ec035cc47383a605a71df0,720,168,0.0,2459.25,2674.58,174606210.71325126,45.374287197019676,1.0205752244488824,4.080991427686076,4.37796076039445,-0.2845134456976872,-4.528463056102272,21.485655755244597,100.0,0,4,0.4323797694065647
Alandale CL 0.6bp,Alandale CL,unverified_adapter,30.0,12,72,50.0,58.35974307160505,68.42523464981878,-5.9762372302116,Alandale CL 0.6bp,0x7a35168956f129c032ec035cc47383a605a71df0,720,168,50.0,2459.25,2674.58,174606210.71325126,22.667519738603502,1.0102799143469103,3.850636028445309,4.37796076039445,-0.5052069690838712,-4.555623940281328,21.504502183889667,100.0,0,4,0.4323797694065647
Alandale CL 0.6bp,Alandale CL,unverified_adapter,30.0,12,72,25.0,56.23877536098449,68.42523464981878,-7.235530539216395,Alandale CL 0.6bp,0x7a35168956f129c032ec035cc47383a605a71df0,720,168,75.0,2459.25,2674.58,174606210.71325126,11.328856905056258,1.0051380336250058,3.7356060928167123,4.37796076039445,-0.6154121645011945,-4.569205442361223,21.513993509549458,100.0,0,4,0.4323797694065647
Alandale CL 0.6bp,Alandale CL,unverified_adapter,30.0,12,168,100.0,62.68678707615878,68.42523464981878,-3.407118645606255,Alandale CL 0.6bp,0x7a35168956f129c032ec035cc47383a605a71df0,720,168,0.0,2459.25,2674.58,174606210.71325126,45.374287197019676,1.0205752244488824,4.080991427686076,4.37796076039445,-0.2845134456976872,-4.528463056102272,21.485655755244597,100.0,0,4,0.4323797694065647
Alandale CL 0.6bp,Alandale CL,unverified_adapter,30.0,12,168,50.0,58.35974307160505,68.42523464981878,-5.9762372302116,Alandale CL 0.6bp,0x7a35168956f129c032ec035cc47383a605a71df0,720,168,50.0,2459.25,2674.58,174606210.71325126,22.667519738603502,1.0102799143469103,3.850636028445309,4.37796076039445,-0.5052069690838712,-4.555623940281328,21.504502183889667,100.0,0,4,0.4323797694065647
Alandale CL 0.6bp,Alandale CL,unverified_adapter,30.0,12,168,25.0,56.23877536098449,68.42523464981878,-7.235530539216395,Alandale CL 0.6bp,0x7a35168956f129c032ec035cc47383a605a71df0,720,168,75.0,2459.25,2674.58,174606210.71325126,11.328856905056258,1.0051380336250058,3.7356060928167123,4.37796076039445,-0.6154121645011945,-4.569205442361223,21.513993509549458,100.0,0,4,0.4323797694065647
Alandale CL 0.6bp,Alandale CL,unverified_adapter,30.0,24,24,100.0,62.68678707615878,68.42523464981878,-3.407118645606255,Alandale CL 0.6bp,0x7a35168956f129c032ec035cc47383a605a71df0,720,168,0.0,2459.25,2674.58,174606210.71325126,45.374287197019676,1.0205752244488824,4.080991427686076,4.37796076039445,-0.2845134456976872,-4.528463056102272,21.485655755244597,100.0,0,4,0.4323797694065647
Alandale CL 0.6bp,Alandale CL,unverified_adapter,30.0,24,24,50.0,58.35974307160505,68.42523464981878,-5.9762372302116,Alandale CL 0.6bp,0x7a35168956f129c032ec035cc47383a605a71df0,720,168,50.0,2459.25,2674.58,174606210.71325126,22.667519738603502,1.0102799143469103,3.850636028445309,4.37796076039445,-0.5052069690838712,-4.555623940281328,21.504502183889667,100.0,0,4,0.4323797694065647
Alandale CL 0.6bp,Alandale CL,unverified_adapter,30.0,24,24,25.0,56.23877536098449,68.42523464981878,-7.235530539216395,Alandale CL 0.6bp,0x7a35168956f129c032ec035cc47383a605a71df0,720,168,75.0,2459.25,2674.58,174606210.71325126,11.328856905056258,1.0051380336250058,3.7356060928167123,4.37796076039445,-0.6154121645011945,-4.569205442361223,21.513993509549458,100.0,0,4,0.4323797694065647
Alandale CL 0.6bp,Alandale CL,unverified_adapter,30.0,24,72,100.0,62.68678707615878,68.42523464981878,-3.407118645606255,Alandale CL 0.6bp,0x7a35168956f129c032ec035cc47383a605a71df0,720,168,0.0,2459.25,2674.58,174606210.71325126,45.374287197019676,1.0205752244488824,4.080991427686076,4.37796076039445,-0.2845134456976872,-4.528463056102272,21.485655755244597,100.0,0,4,0.4323797694065647
Alandale CL 0.6bp,Alandale CL,unverified_adapter,30.0,24,72,50.0,58.35974307160505,68.42523464981878,-5.9762372302116,Alandale CL 0.6bp,0x7a35168956f129c032ec035cc47383a605a71df0,720,168,50.0,2459.25,2674.58,174606210.71325126,22.667519738603502,1.0102799143469103,3.850636028445309,4.37796076039445,-0.5052069690838712,-4.555623940281328,21.504502183889667,100.0,0,4,0.4323797694065647
Alandale CL 0.6bp,Alandale CL,unverified_adapter,30.0,24,72,25.0,56.23877536098449,68.42523464981878,-7.235530539216395,Alandale CL 0.6bp,0x7a35168956f129c032ec035cc47383a605a71df0,720,168,75.0,2459.25,2674.58,174606210.71325126,11.328856905056258,1.0051380336250058,3.7356060928167123,4.37796076039445,-0.6154121645011945,-4.569205442361223,21.513993509549458,100.0,0,4,0.4323797694065647
Alandale CL 0.6bp,Alandale CL,unverified_adapter,30.0,24,168,100.0,62.68678707615878,68.42523464981878,-3.407118645606255,Alandale CL 0.6bp,0x7a35168956f129c032ec035cc47383a605a71df0,720,168,0.0,2459.25,2674.58,174606210.71325126,45.374287197019676,1.0205752244488824,4.080991427686076,4.37796076039445,-0.2845134456976872,-4.528463056102272,21.485655755244597,100.0,0,4,0.4323797694065647
Alandale CL 0.6bp,Alandale CL,unverified_adapter,30.0,24,168,50.0,58.35974307160505,68.42523464981878,-5.9762372302116,Alandale CL 0.6bp,0x7a35168956f129c032ec035cc47383a605a71df0,720,168,50.0,2459.25,2674.58,174606210.71325126,22.667519738603502,1.0102799143469103,3.850636028445309,4.37796076039445,-0.5052069690838712,-4.555623940281328,21.504502183889667,100.0,0,4,0.4323797694065647
Alandale CL 0.6bp,Alandale CL,unverified_adapter,30.0,24,168,25.0,56.23877536098449,68.42523464981878,-7.235530539216395,Alandale CL 0.6bp,0x7a35168956f129c032ec035cc47383a605a71df0,720,168,75.0,2459.25,2674.58,174606210.71325126,11.328856905056258,1.0051380336250058,3.7356060928167123,4.37796076039445,-0.6154121645011945,-4.569205442361223,21.513993509549458,100.0,0,4,0.4323797694065647
Giga v3 0.5bp,Giga v3,unverified_adapter,2.5,4,24,100.0,-18.958345196234816,131.65837310452932,-65.01673834720512,Giga v3 0.5bp,0xf4d0171f995d576b972aa982080eaf4da456cf9e,443,168,0.0,2460.97,2674.58,50216790.92710861,399.63105265060227,85.31627330888837,-1.0574024204478838,4.339955383446403,-5.17285807154042,-5.190417955202342,21.50781219906714,93.45372460496614,8,2,17.831641863467045
Giga v3 0.5bp,Giga v3,unverified_adapter,2.5,4,24,50.0,-45.80896911772763,131.65837310452932,-76.60735066208022,Giga v3 0.5bp,0xf4d0171f995d576b972aa982080eaf4da456cf9e,443,168,50.0,2460.97,2674.58,50216790.92710861,198.37884880657245,84.68099316192807,-3.0507390619302854,4.339955383446403,-7.083283118356809,-5.590525461260443,21.20766316794728,93.45372460496614,8,2,17.831641863467045
Giga v3 0.5bp,Giga v3,unverified_adapter,2.5,4,24,25.0,-55.726249039975315,131.65837310452932,-80.88834417392393,Giga v3 0.5bp,0xf4d0171f995d576b972aa982080eaf4da456cf9e,443,168,75.0,2460.97,2674.58,50216790.92710861,98.83138504533534,84.3650523714051,-4.036662330804797,4.339955383446403,-8.028197523630665,-5.790303406097042,21.077355852516977,93.45372460496614,8,2,17.831641863467045
Giga v3 0.5bp,Giga v3,unverified_adapter,2.5,4,72,100.0,0.9108152637813172,131.65837310452932,-56.439815271322715,Giga v3 0.5bp,0xf4d0171f995d576b972aa982080eaf4da456cf9e,443,168,0.0,2460.97,2674.58,50216790.92710861,273.82865992450655,53.829697372038275,0.04586265003545531,4.339955383446403,-4.115482623727673,-5.634086568381925,19.267852370690708,60.0451467268623,5,2,17.831641863467045
Giga v3 0.5bp,Giga v3,unverified_adapter,2.5,4,72,50.0,-23.15863489354347,131.65837310452932,-66.82987794627041,Giga v3 0.5bp,0xf4d0171f995d576b972aa982080eaf4da456cf9e,443,168,50.0,2460.97,2674.58,50216790.92710861,136.3170066625547,53.61013125899315,-1.3233370772394837,4.339955383446403,-5.427731342105179,-5.893321788496753,19.11753904713404,60.0451467268623,5,2,17.831641863467045
Giga v3 0.5bp,Giga v3,unverified_adapter,2.5,4,72,25.0,-32.98082214794448,131.65837310452932,-71.06982279383655,Giga v3 0.5bp,0xf4d0171f995d576b972aa982080eaf4da456cf9e,443,168,75.0,2460.97,2674.58,50216790.92710861,68.009410059713,53.50063511689736,-2.003457473344916,4.339955383446403,-6.079562554420736,-6.022906258944127,19.07130877854272,60.0451467268623,5,2,17.831641863467045
Giga v3 0.5bp,Giga v3,unverified_adapter,2.5,4,168,100.0,101.73308589041304,131.65837310452932,-12.917852617661685,Giga v3 0.5bp,0xf4d0171f995d576b972aa982080eaf4da456cf9e,443,168,0.0,2460.97,2674.58,50216790.92710861,247.14982843454408,33.43296602655742,3.612658296309168,4.339955383446403,-0.6970456183007068,-6.49189419007874,26.151790885876146,60.94808126410835,3,2,17.831641863467045
Giga v3 0.5bp,Giga v3,unverified_adapter,2.5,4,168,50.0,58.85043707451367,131.65837310452932,-31.42901120054158,Giga v3 0.5bp,0xf4d0171f995d576b972aa982080eaf4da456cf9e,443,168,50.0,2460.97,2674.58,50216790.92710861,123.12585177549052,33.25999068968712,2.367981547694953,4.339955383446403,-1.8899508136691057,-6.52499502162237,26.254068063444546,60.94808126410835,3,2,17.831641863467045
Giga v3 0.5bp,Giga v3,unverified_adapter,2.5,4,168,25.0,40.89769016485958,131.65837310452932,-39.178675790283805,Giga v3 0.5bp,0xf4d0171f995d576b972aa982080eaf4da456cf9e,443,168,75.0,2460.97,2674.58,50216790.92710861,61.45073154916201,33.17373485444619,1.7490081632468346,4.339955383446403,-2.4831783861492984,-6.5416095715432165,26.316278316340487,60.94808126410835,3,2,17.831641863467045
Giga v3 0.5bp,Giga v3,unverified_adapter,2.5,12,24,100.0,-34.72568538233792,131.65837310452932,-71.82302813280617,Giga v3 0.5bp,0xf4d0171f995d576b972aa982080eaf4da456cf9e,443,168,0.0,2460.97,2674.58,50216790.92710861,343.42571985161095,74.72278030198072,-2.1341042825392065,4.339955383446403,-6.204775191050849,-5.799151815017267,24.03280814595406,80.1354401805869,7,2,17.831641863467045
Giga v3 0.5bp,Giga v3,unverified_adapter,2.5,12,24,50.0,-53.87312087633681,131.65837310452932,-80.0884040988884,Giga v3 0.5bp,0xf4d0171f995d576b972aa982080eaf4da456cf9e,443,168,50.0,2460.97,2674.58,50216790.92710861,170.6603322210396,74.13610646961828,-3.837466540502754,4.339955383446403,-7.837287158018569,-6.638304228560066,23.84350797562037,80.1354401805869,7,2,17.831641863467045
Giga v3 0.5bp,Giga v3,unverified_adapter,2.5,12,24,25.0,-61.25079231582665,131.65837310452932,-83.27312448719955,Giga v3 0.5bp,0xf4d0171f995d576b972aa982080eaf4da456cf9e,443,168,75.0,2460.97,2674.58,50216790.92710861,85.06766541667088,73.84430387786526,-4.681295406418251,4.339955383446403,-8.646017488422153,-7.056576599627473,23.765632801051396,80.1354401805869,7,2,17.831641863467045
Giga v3 0.5bp,Giga v3,unverified_adapter,2.5,12,72,100.0,-26.74449163608982,131.65837310452932,-68.37778519196635,Giga v3 0.5bp,0xf4d0171f995d576b972aa982080eaf4da456cf9e,443,168,0.0,2460.97,2674.58,50216790.92710861,326.6505420884512,53.70382948414839,-1.5615269630243511,4.339955383446403,-5.656013868113097,-5.646111995203629,24.720040470478764,79.00677200902935,5,2,17.831641863467045
Giga v3 0.5bp,Giga v3,unverified_adapter,2.5,12,72,50.0,-47.249405245409626,131.65837310452932,-77.22914391236432,Giga v3 0.5bp,0xf4d0171f995d576b972aa982080eaf4da456cf9e,443,168,50.0,2460.97,2674.58,50216790.92710861,162.40829537832238,53.337489564062565,-3.1827323359236326,4.339955383446403,-7.209786214422231,-6.391928461241214,24.405473827741964,79.00677200902935,5,2,17.831641863467045
Giga v3 0.5bp,Giga v3,unverified_adapter,2.5,12,72,25.0,-55.266417750600105,131.65837310452932,-80.68984874152805,Giga v3 0.5bp,0xf4d0171f995d576b972aa982080eaf4da456cf9e,443,168,75.0,2460.97,2674.58,50216790.92710861,80.97536881953329,53.155139026174254,-3.9865060847545264,4.339955383446403,-7.980127495360156,-6.763886035396904,24.264130276350844,79.00677200902935,5,2,17.831641863467045
Giga v3 0.5bp,Giga v3,unverified_adapter,2.5,12,168,100.0,107.25358144862565,131.65837310452932,-10.534819583184573,Giga v3 0.5bp,0xf4d0171f995d576b972aa982080eaf4da456cf9e,443,168,0.0,2460.97,2674.58,50216790.92710861,257.8182882805073,33.47755493596938,3.754216233818597,4.339955383446403,-0.5613756949341298,-5.0762580185410915,21.047588747639864,62.528216704288944,3,2,17.831641863467045
Giga v3 0.5bp,Giga v3,unverified_adapter,2.5,12,168,50.0,61.47894416188211,131.65837310452932,-30.294363204812925,Giga v3 0.5bp,0xf4d0171f995d576b972aa982080eaf4da456cf9e,443,168,50.0,2460.97,2674.58,50216790.92710861,128.3841221135861,33.28286095579701,2.4529770832616427,4.339955383446403,-1.8084906144057222,-5.1187367177717435,20.86011099745493,62.528216704288944,3,2,17.831641863467045
Giga v3 0.5bp,Giga v3,unverified_adapter,2.5,12,168,25.0,42.474673973701194,131.65837310452932,-38.497938984742184,Giga v3 0.5bp,0xf4d0171f995d576b972aa982080eaf4da456cf9e,443,168,75.0,2460.97,2674.58,50216790.92710861,64.06093995904155,33.185832238054985,1.806295186326845,4.339955383446403,-2.428274181073231,-5.140072005493357,20.77917118751069,62.528216704288944,3,2,17.831641863467045
Giga v3 0.5bp,Giga v3,unverified_adapter,2.5,24,24,100.0,-19.81087741185139,131.65837310452932,-65.38475103942578,Giga v3 0.5bp,0xf4d0171f995d576b972aa982080eaf4da456cf9e,443,168,0.0,2460.97,2674.58,50216790.92710861,338.3965134653852,42.97485101566997,-1.1103033978063448,4.339955383446403,-5.223558665731831,-5.5854204356783015,24.915716894702822,78.55530474040631,4,2,17.831641863467045
Giga v3 0.5bp,Giga v3,unverified_adapter,2.5,24,24,50.0,-42.97016203256274,131.65837310452932,-75.38192243899414,Giga v3 0.5bp,0xf4d0171f995d576b972aa982080eaf4da456cf9e,443,168,50.0,2460.97,2674.58,50216790.92710861,168.20131679995598,42.72730425361067,-2.8000826201654894,4.339955383446403,-6.843052574991471,-5.716574416289877,24.70536666753995,78.55530474040631,4,2,17.831641863467045
Giga v3 0.5bp,Giga v3,unverified_adapter,2.5,24,24,25.0,-51.93901563287125,131.65837310452932,-79.25350863728862,Giga v3 0.5bp,0xf4d0171f995d576b972aa982080eaf4da456cf9e,443,168,75.0,2460.97,2674.58,50216790.92710861,83.85198378969784,42.604022048335814,-3.637511269758198,4.339955383446403,-7.645648902079383,-6.136239800114818,24.618643716664813,78.55530474040631,4,2,17.831641863467045
Giga v3 0.5bp,Giga v3,unverified_adapter,2.5,24,72,100.0,-19.782574440190682,131.65837310452932,-65.37253349197367,Giga v3 0.5bp,0xf4d0171f995d576b972aa982080eaf4da456cf9e,443,168,0.0,2460.97,2674.58,50216790.92710861,338.5754537701564,42.97502816695843,-1.1085386019181187,4.339955383446403,-5.2218672754281386,-5.5854204356783015,25.302375719186443,77.65237020316027,4,2,17.831641863467045
Giga v3 0.5bp,Giga v3,unverified_adapter,2.5,24,72,50.0,-42.960054338040976,131.65837310452932,-75.37755924918741,Giga v3 0.5bp,0xf4d0171f995d576b972aa982080eaf4da456cf9e,443,168,50.0,2460.97,2674.58,50216790.92710861,168.28965129373873,42.72739214280948,-2.7992114982314353,4.339955383446403,-6.842217686831087,-5.715728736164072,25.06774591637156,77.65237020316027,4,2,17.831641863467045
Giga v3 0.5bp,Giga v3,unverified_adapter,2.5,24,72,25.0,-51.93474744524104,131.65837310452932,-79.2516661881801,Giga v3 0.5bp,0xf4d0171f995d576b972aa982080eaf4da456cf9e,443,168,75.0,2460.97,2674.58,50216790.92710861,83.89586823617523,42.604065821705454,-3.6370785166850106,4.339955383446403,-7.645234149100444,-6.135818100766077,24.968960477401183,77.65237020316027,4,2,17.831641863467045
Giga v3 0.5bp,Giga v3,unverified_adapter,2.5,24,168,100.0,122.6724330157702,131.65837310452932,-3.8789619249827267,Giga v3 0.5bp,0xf4d0171f995d576b972aa982080eaf4da456cf9e,443,168,0.0,2460.97,2674.58,50216790.92710861,262.2972288957571,22.356409193835116,4.1314132243555735,4.339955383446403,-0.19986797801900824,-5.693120366049753,24.802380988487332,62.30248306997742,2,2,17.831641863467045
Giga v3 0.5bp,Giga v3,unverified_adapter,2.5,24,168,50.0,72.87075662935054,131.65837310452932,-25.376858037698412,Giga v3 0.5bp,0xf4d0171f995d576b972aa982080eaf4da456cf9e,443,168,50.0,2460.97,2674.58,50216790.92710861,130.63800212318316,22.265865808920573,2.80678132003358,4.339955383446403,-1.469402644249207,-5.732960027073741,24.736996272258505,62.30248306997742,2,2,17.831641863467045
Giga v3 0.5bp,Giga v3,unverified_adapter,2.5,24,168,25.0,52.24362276068082,131.65837310452932,-34.28097559332117,Giga v3 0.5bp,0xf4d0171f995d576b972aa982080eaf4da456cf9e,443,168,75.0,2460.97,2674.58,50216790.92710861,65.19145023031389,22.220695609169447,2.1483002783423855,4.339955383446403,-2.100494577604284,-5.752953040367359,24.717451744088812,62.30248306997742,2,2,17.831641863467045
Giga v3 0.5bp,Giga v3,unverified_adapter,5.0,4,24,100.0,-9.668005848678728,131.65837310452736,-61.00637635464952,Giga v3 0.5bp,0xf4d0171f995d576b972aa982080eaf4da456cf9e,443,168,0.0,2460.97,2674.58,50216790.92710861,237.73893301647277,75.06182408801999,-0.5128762355702365,4.339955383446359,-4.650981113785779,-4.879426891321625,19.838952007286107,96.61399548532731,7,2,9.949803415047333
Giga v3 0.5bp,Giga v3,unverified_adapter,5.0,4,24,50.0,-28.812297191224868,131.65837310452736,-69.27039508446589,Giga v3 0.5bp,0xf4d0171f995d576b972aa982080eaf4da456cf9e,443,168,50.0,2460.97,2674.58,50216790.92710861,118.31795310360202,74.72919700444658,-1.7039638009898272,4.339955383446359,-5.792526134619235,-5.1146819581440965,19.791534886222983,96.61399548532731,7,2,9.949803415047333
Giga v3 0.5bp,Giga v3,unverified_adapter,5.0,4,24,25.0,-36.820062792744764,131.65837310452736,-72.72710830152138,Giga v3 0.5bp,0xf4d0171f995d576b972aa982080eaf4da456cf9e,443,168,75.0,2460.97,2674.58,50216790.92710861,59.02149946230221,74.56348721883928,-2.295372159683884,4.339955383446359,-6.35933523140354,-5.232214339571328,19.775184046906137,96.61399548532731,7,2,9.949803415047333
Giga v3 0.5bp,Giga v3,unverified_adapter,5.0,4,72,100.0,19.281023445709543,131.65837310452736,-48.50994511996838,Giga v3 0.5bp,0xf4d0171f995d576b972aa982080eaf4da456cf9e,443,168,0.0,2460.97,2674.58,50216790.92710861,241.06314411723991,54.601907130757944,0.8956106024137211,4.339955383446359,-3.301079407571883,-5.041275217372432,23.467491762650386,98.1941309255079,5,2,9.949803415047333
Giga v3 0.5bp,Giga v3,unverified_adapter,5.0,4,72,50.0,-6.020187260943521,131.65837310452736,-59.43172203119477,Giga v3 0.5bp,0xf4d0171f995d576b972aa982080eaf4da456cf9e,443,168,50.0,2460.97,2674.58,50216790.92710861,119.97274556878251,54.31238965535474,-0.313502436326929,4.339955383446359,-4.459900143403317,-5.118030902291482,23.314932103473886,98.1941309255079,5,2,9.949803415047333
Giga v3 0.5bp,Giga v3,unverified_adapter,5.0,4,72,25.0,-16.601629333612465,131.65837310452736,-63.999414504755606,Giga v3 0.5bp,0xf4d0171f995d576b972aa982080eaf4da456cf9e,443,168,75.0,2460.97,2674.58,50216790.92710861,59.8470558118056,54.16827532761654,-0.9138676321739925,4.339955383446359,-5.0352935232842455,-5.234921521908353,23.244348877810122,98.1941309255079,5,2,9.949803415047333
Giga v3 0.5bp,Giga v3,unverified_adapter,5.0,4,168,100.0,87.21594492124768,131.65837310452736,-19.184468744942208,Giga v3 0.5bp,0xf4d0171f995d576b972aa982080eaf4da456cf9e,443,168,0.0,2460.97,2674.58,50216790.92710861,203.27086754250448,22.509402431879657,3.222075808084557,4.339955383446359,-1.0713820714736033,-6.051803478774609,26.714746535601247,86.90744920993228,2,2,9.949803415047333
Giga v3 0.5bp,Giga v3,unverified_adapter,5.0,4,168,50.0,53.674797238295135,131.65837310452736,-33.6631803207237,Giga v3 0.5bp,0xf4d0171f995d576b972aa982080eaf4da456cf9e,443,168,50.0,2460.97,2674.58,50216790.92710861,101.28463431758603,22.434296220757425,2.1966455089349024,4.339955383446359,-2.0541602367327494,-6.093026702426785,26.63464389577841,86.90744920993228,2,2,9.949803415047333
Giga v3 0.5bp,Giga v3,unverified_adapter,5.0,4,168,25.0,39.197650337440315,131.65837310452736,-39.91253220334393,Giga v3 0.5bp,0xf4d0171f995d576b972aa982080eaf4da456cf9e,443,168,75.0,2460.97,2674.58,50216790.92710861,50.554757796706326,22.396827209169107,1.6865649780762437,4.339955383446359,-2.5430242859688645,-6.191372782268322,26.597967014099744,86.90744920993228,2,2,9.949803415047333
Giga v3 0.5bp,Giga v3,unverified_adapter,5.0,12,24,100.0,41.33989661112272,131.65837310452736,-38.987788476202255,Giga v3 0.5bp,0xf4d0171f995d576b972aa982080eaf4da456cf9e,443,168,0.0,2460.97,2674.58,50216790.92710861,238.19728259234955,33.59267601821077,1.7651333512179512,4.339955383446359,-2.4677239153170105,-3.634824858284358,24.22850129952741,95.71106094808127,3,2,9.949803415047333
Giga v3 0.5bp,Giga v3,unverified_adapter,5.0,12,24,50.0,12.019071053613906,131.65837310452736,-51.644713052064304,Giga v3 0.5bp,0xf4d0171f995d576b972aa982080eaf4da456cf9e,443,168,50.0,2460.97,2674.58,50216790.92710861,118.61069314380286,33.31928923894493,0.57562337188104,4.339955383446359,-3.6077569687772204,-3.725160928907467,24.071260343097702,95.71106094808127,3,2,9.949803415047333
Giga v3 0.5bp,Giga v3,unverified_adapter,5.0,12,24,25.0,-0.30581377510361385,131.65837310452736,-56.964997686523056,Giga v3 0.5bp,0xf4d0171f995d576b972aa982080eaf4da456cf9e,443,168,75.0,2460.97,2674.58,50216790.92710861,59.1835935263253,33.18309713912889,-0.015487736262309593,4.339955383446359,-4.174281178962113,-3.7704116808807697,23.997921524597352,95.71106094808127,3,2,9.949803415047333
Giga v3 0.5bp,Giga v3,unverified_adapter,5.0,12,72,100.0,68.2386486696475,131.65837310452736,-27.376400682164803,Giga v3 0.5bp,0xf4d0171f995d576b972aa982080eaf4da456cf9e,443,168,0.0,2460.97,2674.58,50216790.92710861,240.665832877774,22.679517170515894,2.665669033897533,4.339955383446359,-1.6046454528333531,-3.2309798178483673,22.775161949527195,95.93679458239278,2,2,9.949803415047333
Giga v3 0.5bp,Giga v3,unverified_adapter,5.0,12,72,50.0,33.126476539208106,131.65837310452736,-42.533276585198244,Giga v3 0.5bp,0xf4d0171f995d576b972aa982080eaf4da456cf9e,443,168,50.0,2460.97,2674.58,50216790.92710861,119.84718922211466,22.519739235389387,1.4574982129572867,4.339955383446359,-2.7625631618262814,-3.3287069007843284,22.635080781619116,95.93679458239278,2,2,9.949803415047333
Giga v3 0.5bp,Giga v3,unverified_adapter,5.0,12,72,25.0,18.38277270805957,131.65837310452736,-48.89769313253184,Giga v3 0.5bp,0xf4d0171f995d576b972aa982080eaf4da456cf9e,443,168,75.0,2460.97,2674.58,50216790.92710861,59.80237682128613,22.440026603909615,0.8570489616998467,4.339955383446359,-3.338037100885194,-3.3776572740990773,22.57101741268818,95.93679458239278,2,2,9.949803415047333
Giga v3 0.5bp,Giga v3,unverified_adapter,5.0,12,168,100.0,130.61591640540053,131.65837310452736,-0.4499974186803368,Giga v3 0.5bp,0xf4d0171f995d576b972aa982080eaf4da456cf9e,443,168,0.0,2460.97,2674.58,50216790.92710861,239.57855037248726,11.56028380352582,4.316160161651306,4.339955383446359,-0.022805474381903945,-3.0493582922482054,17.4337968877729,94.5823927765237,1,2,9.949803415047333
Giga v3 0.5bp,Giga v3,unverified_adapter,5.0,12,168,50.0,82.94409133770809,131.65837310452736,-21.028500336069733,Giga v3 0.5bp,0xf4d0171f995d576b972aa982080eaf4da456cf9e,443,168,50.0,2460.97,2674.58,50216790.92710861,119.32995945909558,11.466622968868935,3.101656849121759,4.339955383446359,-1.186792278925064,-3.1142506507697454,17.218182327849004,94.5823927765237,1,2,9.949803415047333
Giga v3 0.5bp,Giga v3,unverified_adapter,5.0,12,168,25.0,62.88351352151247,131.65837310452736,-29.688052566950716,Giga v3 0.5bp,0xf4d0171f995d576b972aa982080eaf4da456cf9e,443,168,75.0,2460.97,2674.58,50216790.92710861,59.550307202159594,11.41988964906823,2.4978583006213695,4.339955383446359,-1.7654762032965565,-3.1468054460500605,17.11784511786858,94.5823927765237,1,2,9.949803415047333
Giga v3 0.5bp,Giga v3,unverified_adapter,5.0,24,24,100.0,78.19796612102259,131.65837310452736,-23.077260824663902,Giga v3 0.5bp,0xf4d0171f995d576b972aa982080eaf4da456cf9e,443,168,0.0,2460.97,2674.58,50216790.92710861,238.27168636966155,22.676555232716847,2.964697156796303,4.339955383446359,-1.3180552182488703,-3.0493582922482054,23.121702274405422,93.45372460496614,2,2,9.949803415047333
Giga v3 0.5bp,Giga v3,unverified_adapter,5.0,24,24,50.0,41.40540538853885,131.65837310452736,-38.95951029374836,Giga v3 0.5bp,0xf4d0171f995d576b972aa982080eaf4da456cf9e,443,168,50.0,2460.97,2674.58,50216790.92710861,118.66367752014052,22.515309250906174,1.7675180735281515,4.339955383446359,-2.465438384044316,-3.1142506507697454,22.974194597721816,93.45372460496614,2,2,9.949803415047333
Giga v3 0.5bp,Giga v3,unverified_adapter,5.0,24,24,25.0,25.922565251424203,131.65837310452736,-45.64298990625905,Giga v3 0.5bp,0xf4d0171f995d576b972aa982080eaf4da456cf9e,443,168,75.0,2460.97,2674.58,50216790.92710861,59.21399604217522,22.434866902563986,1.1724611414764219,4.339955383446359,-3.0357442940525448,-3.1468054460500605,22.906621232567357,93.45372460496614,2,2,9.949803415047333
Giga v3 0.5bp,Giga v3,unverified_adapter,5.0,24,72,100.0,78.19796612102259,131.65837310452736,-23.077260824663902,Giga v3 0.5bp,0xf4d0171f995d576b972aa982080eaf4da456cf9e,443,168,0.0,2460.97,2674.58,50216790.92710861,238.27168636966155,22.676555232716847,2.964697156796303,4.339955383446359,-1.3180552182488703,-3.0493582922482054,23.121702274405422,93.45372460496614,2,2,9.949803415047333
Giga v3 0.5bp,Giga v3,unverified_adapter,5.0,24,72,50.0,41.40540538853885,131.65837310452736,-38.95951029374836,Giga v3 0.5bp,0xf4d0171f995d576b972aa982080eaf4da456cf9e,443,168,50.0,2460.97,2674.58,50216790.92710861,118.66367752014052,22.515309250906174,1.7675180735281515,4.339955383446359,-2.465438384044316,-3.1142506507697454,22.974194597721816,93.45372460496614,2,2,9.949803415047333
Giga v3 0.5bp,Giga v3,unverified_adapter,5.0,24,72,25.0,25.922565251424203,131.65837310452736,-45.64298990625905,Giga v3 0.5bp,0xf4d0171f995d576b972aa982080eaf4da456cf9e,443,168,75.0,2460.97,2674.58,50216790.92710861,59.21399604217522,22.434866902563986,1.1724611414764219,4.339955383446359,-3.0357442940525448,-3.1468054460500605,22.906621232567357,93.45372460496614,2,2,9.949803415047333
Giga v3 0.5bp,Giga v3,unverified_adapter,5.0,24,168,100.0,121.31856425389604,131.65837310452736,-4.463386629226562,Giga v3 0.5bp,0xf4d0171f995d576b972aa982080eaf4da456cf9e,443,168,0.0,2460.97,2674.58,50216790.92710861,238.86607799983253,11.560018332394673,4.099302643732261,4.339955383446359,-0.2306429390636633,-3.0493582922482054,19.10805899874122,93.45372460496614,1,2,9.949803415047333
Giga v3 0.5bp,Giga v3,unverified_adapter,5.0,24,168,50.0,75.63761333575188,131.65837310452736,-24.182488643955924,Giga v3 0.5bp,0xf4d0171f995d576b972aa982080eaf4da456cf9e,443,168,50.0,2460.97,2674.58,50216790.92710861,118.97616237764377,11.466490880503525,2.889367682433819,4.339955383446359,-1.3902514100966101,-3.1142506507697454,18.906508489586653,93.45372460496614,1,2,9.949803415047333
Giga v3 0.5bp,Giga v3,unverified_adapter,5.0,24,168,25.0,56.40913688899158,131.65837310452736,-32.48284756864045,Giga v3 0.5bp,0xf4d0171f995d576b972aa982080eaf4da456cf9e,443,168,75.0,2460.97,2674.58,50216790.92710861,59.37401758666418,11.419823766635604,2.2878349167548384,4.339955383446359,-1.9667637954703387,-3.1468054460500605,18.812970866628067,93.45372460496614,1,2,9.949803415047333
Giga v3 0.5bp,Giga v3,unverified_adapter,7.5,4,24,100.0,121.96380657281756,131.65837310452835,-4.184854793630288,Giga v3 0.5bp,0xf4d0171f995d576b972aa982080eaf4da456cf9e,443,168,0.0,2460.97,2674.58,50216790.92710861,174.587399170773,11.569095866685883,4.114629465082054,4.339955383446381,-0.21595362729096568,-3.259341772243851,19.738643835303517,100.0,1,2,6.974956524695906
Giga v3 0.5bp,Giga v3,unverified_adapter,7.5,4,24,50.0,87.472666515847,131.65837310452835,-19.073649700865037,Giga v3 0.5bp,0xf4d0171f995d576b972aa982080eaf4da456cf9e,443,168,50.0,2460.97,2674.58,50216790.92710861,87.0403035930013,11.501282561492587,3.2292291540337192,4.339955383446381,-1.0645262644887632,-3.4286069930489105,19.61930434121176,100.0,1,2,6.974956524695906
Giga v3 0.5bp,Giga v3,unverified_adapter,7.5,4,24,25.0,72.26172845895272,131.65837310452835,-25.639757307099266,Giga v3 0.5bp,0xf4d0171f995d576b972aa982080eaf4da456cf9e,443,168,75.0,2460.97,2674.58,50216790.92710861,43.456884935097406,11.467430850890656,2.7884343388102195,4.339955383446381,-1.4869864942287592,-3.5132749788798656,19.562700272564644,100.0,1,2,6.974956524695906
Giga v3 0.5bp,Giga v3,unverified_adapter,7.5,4,72,100.0,121.96380657281756,131.65837310452835,-4.184854793630288,Giga v3 0.5bp,0xf4d0171f995d576b972aa982080eaf4da456cf9e,443,168,0.0,2460.97,2674.58,50216790.92710861,174.587399170773,11.569095866685883,4.114629465082054,4.339955383446381,-0.21595362729096568,-3.259341772243851,19.738643835303517,100.0,1,2,6.974956524695906
Giga v3 0.5bp,Giga v3,unverified_adapter,7.5,4,72,50.0,87.472666515847,131.65837310452835,-19.073649700865037,Giga v3 0.5bp,0xf4d0171f995d576b972aa982080eaf4da456cf9e,443,168,50.0,2460.97,2674.58,50216790.92710861,87.0403035930013,11.501282561492587,3.2292291540337192,4.339955383446381,-1.0645262644887632,-3.4286069930489105,19.61930434121176,100.0,1,2,6.974956524695906
Giga v3 0.5bp,Giga v3,unverified_adapter,7.5,4,72,25.0,72.26172845895272,131.65837310452835,-25.639757307099266,Giga v3 0.5bp,0xf4d0171f995d576b972aa982080eaf4da456cf9e,443,168,75.0,2460.97,2674.58,50216790.92710861,43.456884935097406,11.467430850890656,2.7884343388102195,4.339955383446381,-1.4869864942287592,-3.5132749788798656,19.562700272564644,100.0,1,2,6.974956524695906
Giga v3 0.5bp,Giga v3,unverified_adapter,7.5,4,168,100.0,121.96380657281756,131.65837310452835,-4.184854793630288,Giga v3 0.5bp,0xf4d0171f995d576b972aa982080eaf4da456cf9e,443,168,0.0,2460.97,2674.58,50216790.92710861,174.587399170773,11.569095866685883,4.114629465082054,4.339955383446381,-0.21595362729096568,-3.259341772243851,19.738643835303517,100.0,1,2,6.974956524695906
Giga v3 0.5bp,Giga v3,unverified_adapter,7.5,4,168,50.0,87.472666515847,131.65837310452835,-19.073649700865037,Giga v3 0.5bp,0xf4d0171f995d576b972aa982080eaf4da456cf9e,443,168,50.0,2460.97,2674.58,50216790.92710861,87.0403035930013,11.501282561492587,3.2292291540337192,4.339955383446381,-1.0645262644887632,-3.4286069930489105,19.61930434121176,100.0,1,2,6.974956524695906
Giga v3 0.5bp,Giga v3,unverified_adapter,7.5,4,168,25.0,72.26172845895272,131.65837310452835,-25.639757307099266,Giga v3 0.5bp,0xf4d0171f995d576b972aa982080eaf4da456cf9e,443,168,75.0,2460.97,2674.58,50216790.92710861,43.456884935097406,11.467430850890656,2.7884343388102195,4.339955383446381,-1.4869864942287592,-3.5132749788798656,19.562700272564644,100.0,1,2,6.974956524695906
Giga v3 0.5bp,Giga v3,unverified_adapter,7.5,12,24,100.0,132.15797152407163,131.65837310452835,0.21566171463982542,Giga v3 0.5bp,0xf4d0171f995d576b972aa982080eaf4da456cf9e,443,168,0.0,2460.97,2674.58,50216790.92710861,174.8830582822003,11.567352004690976,4.351323253342798,4.339955383446381,0.010895030436475217,-3.259341772243851,18.878018520736802,100.0,1,2,6.974956524695906
Giga v3 0.5bp,Giga v3,unverified_adapter,7.5,12,24,50.0,96.06898885170006,131.65837310452835,-15.362874121873048,Giga v3 0.5bp,0xf4d0171f995d576b972aa982080eaf4da456cf9e,443,168,50.0,2460.97,2674.58,50216790.92710861,87.18633164695919,11.499012826020316,3.463542817701426,4.339955383446381,-0.8399587315560453,-3.4286069930489105,18.75570217178644,100.0,1,2,6.974956524695906
Giga v3 0.5bp,Giga v3,unverified_adapter,7.5,12,24,25.0,80.15449829420224,131.65837310452835,-22.232684327402318,Giga v3 0.5bp,0xf4d0171f995d576b972aa982080eaf4da456cf9e,443,168,75.0,2460.97,2674.58,50216790.92710861,43.529450523583606,11.46489972092264,3.0215718142589276,4.339955383446381,-1.2635462266994635,-3.5132749788798656,18.697717459918177,100.0,1,2,6.974956524695906
Giga v3 0.5bp,Giga v3,unverified_adapter,7.5,12,72,100.0,132.15797152407163,131.65837310452835,0.21566171463982542,Giga v3 0.5bp,0xf4d0171f995d576b972aa982080eaf4da456cf9e,443,168,0.0,2460.97,2674.58,50216790.92710861,174.8830582822003,11.567352004690976,4.351323253342798,4.339955383446381,0.010895030436475217,-3.259341772243851,18.878018520736802,100.0,1,2,6.974956524695906
Giga v3 0.5bp,Giga v3,unverified_adapter,7.5,12,72,50.0,96.06898885170006,131.65837310452835,-15.362874121873048,Giga v3 0.5bp,0xf4d0171f995d576b972aa982080eaf4da456cf9e,443,168,50.0,2460.97,2674.58,50216790.92710861,87.18633164695919,11.499012826020316,3.463542817701426,4.339955383446381,-0.8399587315560453,-3.4286069930489105,18.75570217178644,100.0,1,2,6.974956524695906
Giga v3 0.5bp,Giga v3,unverified_adapter,7.5,12,72,25.0,80.15449829420224,131.65837310452835,-22.232684327402318,Giga v3 0.5bp,0xf4d0171f995d576b972aa982080eaf4da456cf9e,443,168,75.0,2460.97,2674.58,50216790.92710861,43.529450523583606,11.46489972092264,3.0215718142589276,4.339955383446381,-1.2635462266994635,-3.5132749788798656,18.697717459918177,100.0,1,2,6.974956524695906
Giga v3 0.5bp,Giga v3,unverified_adapter,7.5,12,168,100.0,132.15797152407163,131.65837310452835,0.21566171463982542,Giga v3 0.5bp,0xf4d0171f995d576b972aa982080eaf4da456cf9e,443,168,0.0,2460.97,2674.58,50216790.92710861,174.8830582822003,11.567352004690976,4.351323253342798,4.339955383446381,0.010895030436475217,-3.259341772243851,18.878018520736802,100.0,1,2,6.974956524695906
Giga v3 0.5bp,Giga v3,unverified_adapter,7.5,12,168,50.0,96.06898885170006,131.65837310452835,-15.362874121873048,Giga v3 0.5bp,0xf4d0171f995d576b972aa982080eaf4da456cf9e,443,168,50.0,2460.97,2674.58,50216790.92710861,87.18633164695919,11.499012826020316,3.463542817701426,4.339955383446381,-0.8399587315560453,-3.4286069930489105,18.75570217178644,100.0,1,2,6.974956524695906
Giga v3 0.5bp,Giga v3,unverified_adapter,7.5,12,168,25.0,80.15449829420224,131.65837310452835,-22.232684327402318,Giga v3 0.5bp,0xf4d0171f995d576b972aa982080eaf4da456cf9e,443,168,75.0,2460.97,2674.58,50216790.92710861,43.529450523583606,11.46489972092264,3.0215718142589276,4.339955383446381,-1.2635462266994635,-3.5132749788798656,18.697717459918177,100.0,1,2,6.974956524695906
Giga v3 0.5bp,Giga v3,unverified_adapter,7.5,24,24,100.0,119.82751867101804,131.65837310452835,-5.107026469607545,Giga v3 0.5bp,0xf4d0171f995d576b972aa982080eaf4da456cf9e,443,168,0.0,2460.97,2674.58,50216790.92710861,174.2857270015533,11.57143302425734,4.0637220367577775,4.339955383446381,-0.2647435928772035,-3.259341772243851,20.248073315850043,99.77426636568849,1,2,6.974956524695906
Giga v3 0.5bp,Giga v3,unverified_adapter,7.5,24,24,50.0,85.71231427295717,131.65837310452835,-19.83354118214399,Giga v3 0.5bp,0xf4d0171f995d576b972aa982080eaf4da456cf9e,443,168,50.0,2460.97,2674.58,50216790.92710861,86.88803425948632,11.502531074285228,3.1799903669965435,4.339955383446381,-1.111716994881784,-3.4286069930489105,20.129428242436102,99.77426636568849,1,2,6.974956524695906
Giga v3 0.5bp,Giga v3,unverified_adapter,7.5,24,24,25.0,70.66505842524084,131.65837310452835,-26.328992067887025,Giga v3 0.5bp,0xf4d0171f995d576b972aa982080eaf4da456cf9e,443,168,75.0,2460.97,2674.58,50216790.92710861,43.380395163631334,11.468138091809758,2.7400406737397853,4.339955383446381,-1.5333672549762478,-3.5132749788798656,20.07310662655714,99.77426636568849,1,2,6.974956524695906
Giga v3 0.5bp,Giga v3,unverified_adapter,7.5,24,72,100.0,119.82751867101804,131.65837310452835,-5.107026469607545,Giga v3 0.5bp,0xf4d0171f995d576b972aa982080eaf4da456cf9e,443,168,0.0,2460.97,2674.58,50216790.92710861,174.2857270015533,11.57143302425734,4.0637220367577775,4.339955383446381,-0.2647435928772035,-3.259341772243851,20.248073315850043,99.77426636568849,1,2,6.974956524695906
Giga v3 0.5bp,Giga v3,unverified_adapter,7.5,24,72,50.0,85.71231427295717,131.65837310452835,-19.83354118214399,Giga v3 0.5bp,0xf4d0171f995d576b972aa982080eaf4da456cf9e,443,168,50.0,2460.97,2674.58,50216790.92710861,86.88803425948632,11.502531074285228,3.1799903669965435,4.339955383446381,-1.111716994881784,-3.4286069930489105,20.129428242436102,99.77426636568849,1,2,6.974956524695906
Giga v3 0.5bp,Giga v3,unverified_adapter,7.5,24,72,25.0,70.66505842524084,131.65837310452835,-26.328992067887025,Giga v3 0.5bp,0xf4d0171f995d576b972aa982080eaf4da456cf9e,443,168,75.0,2460.97,2674.58,50216790.92710861,43.380395163631334,11.468138091809758,2.7400406737397853,4.339955383446381,-1.5333672549762478,-3.5132749788798656,20.07310662655714,99.77426636568849,1,2,6.974956524695906
Giga v3 0.5bp,Giga v3,unverified_adapter,7.5,24,168,100.0,119.82751867101804,131.65837310452835,-5.107026469607545,Giga v3 0.5bp,0xf4d0171f995d576b972aa982080eaf4da456cf9e,443,168,0.0,2460.97,2674.58,50216790.92710861,174.2857270015533,11.57143302425734,4.0637220367577775,4.339955383446381,-0.2647435928772035,-3.259341772243851,20.248073315850043,99.77426636568849,1,2,6.974956524695906
Giga v3 0.5bp,Giga v3,unverified_adapter,7.5,24,168,50.0,85.71231427295717,131.65837310452835,-19.83354118214399,Giga v3 0.5bp,0xf4d0171f995d576b972aa982080eaf4da456cf9e,443,168,50.0,2460.97,2674.58,50216790.92710861,86.88803425948632,11.502531074285228,3.1799903669965435,4.339955383446381,-1.111716994881784,-3.4286069930489105,20.129428242436102,99.77426636568849,1,2,6.974956524695906
Giga v3 0.5bp,Giga v3,unverified_adapter,7.5,24,168,25.0,70.66505842524084,131.65837310452835,-26.328992067887025,Giga v3 0.5bp,0xf4d0171f995d576b972aa982080eaf4da456cf9e,443,168,75.0,2460.97,2674.58,50216790.92710861,43.380395163631334,11.468138091809758,2.7400406737397853,4.339955383446381,-1.5333672549762478,-3.5132749788798656,20.07310662655714,99.77426636568849,1,2,6.974956524695906
Giga v3 0.5bp,Giga v3,unverified_adapter,10.0,4,24,100.0,123.17849238553448,131.65837310452932,-3.660511211122275,Giga v3 0.5bp,0xf4d0171f995d576b972aa982080eaf4da456cf9e,443,168,0.0,2460.97,2674.58,50216790.92710861,135.5995195689917,11.583249819133771,4.143368188869401,4.339955383446403,-0.18841027279966616,-3.603008172206923,20.57635718656839,100.0,1,2,5.412254624263961
Giga v3 0.5bp,Giga v3,unverified_adapter,10.0,4,24,50.0,95.753001123386,131.65837310452932,-15.499276585587474,Giga v3 0.5bp,0xf4d0171f995d576b972aa982080eaf4da456cf9e,443,168,50.0,2460.97,2674.58,50216790.92710861,67.64309009858573,11.529780013599428,3.4551040165331726,4.339955383446403,-0.8480465260517156,-3.733965418798202,20.49481925431133,100.0,1,2,5.412254624263961
Giga v3 0.5bp,Giga v3,unverified_adapter,10.0,4,24,25.0,83.31262241136417,131.65837310452932,-20.86941647964966,Giga v3 0.5bp,0xf4d0171f995d576b972aa982080eaf4da456cf9e,443,168,75.0,2460.97,2674.58,50216790.92710861,33.78242275161932,11.503080483243265,3.1121500025726556,4.339955383446403,-1.1767355816490355,-3.7994652045458266,20.455863219412898,100.0,1,2,5.412254624263961
Giga v3 0.5bp,Giga v3,unverified_adapter,10.0,4,72,100.0,123.17849238553448,131.65837310452932,-3.660511211122275,Giga v3 0.5bp,0xf4d0171f995d576b972aa982080eaf4da456cf9e,443,168,0.0,2460.97,2674.58,50216790.92710861,135.5995195689917,11.583249819133771,4.143368188869401,4.339955383446403,-0.18841027279966616,-3.603008172206923,20.57635718656839,100.0,1,2,5.412254624263961
Giga v3 0.5bp,Giga v3,unverified_adapter,10.0,4,72,50.0,95.753001123386,131.65837310452932,-15.499276585587474,Giga v3 0.5bp,0xf4d0171f995d576b972aa982080eaf4da456cf9e,443,168,50.0,2460.97,2674.58,50216790.92710861,67.64309009858573,11.529780013599428,3.4551040165331726,4.339955383446403,-0.8480465260517156,-3.733965418798202,20.49481925431133,100.0,1,2,5.412254624263961
Giga v3 0.5bp,Giga v3,unverified_adapter,10.0,4,72,25.0,83.31262241136417,131.65837310452932,-20.86941647964966,Giga v3 0.5bp,0xf4d0171f995d576b972aa982080eaf4da456cf9e,443,168,75.0,2460.97,2674.58,50216790.92710861,33.78242275161932,11.503080483243265,3.1121500025726556,4.339955383446403,-1.1767355816490355,-3.7994652045458266,20.455863219412898,100.0,1,2,5.412254624263961
Giga v3 0.5bp,Giga v3,unverified_adapter,10.0,4,168,100.0,123.17849238553448,131.65837310452932,-3.660511211122275,Giga v3 0.5bp,0xf4d0171f995d576b972aa982080eaf4da456cf9e,443,168,0.0,2460.97,2674.58,50216790.92710861,135.5995195689917,11.583249819133771,4.143368188869401,4.339955383446403,-0.18841027279966616,-3.603008172206923,20.57635718656839,100.0,1,2,5.412254624263961
Giga v3 0.5bp,Giga v3,unverified_adapter,10.0,4,168,50.0,95.753001123386,131.65837310452932,-15.499276585587474,Giga v3 0.5bp,0xf4d0171f995d576b972aa982080eaf4da456cf9e,443,168,50.0,2460.97,2674.58,50216790.92710861,67.64309009858573,11.529780013599428,3.4551040165331726,4.339955383446403,-0.8480465260517156,-3.733965418798202,20.49481925431133,100.0,1,2,5.412254624263961
Giga v3 0.5bp,Giga v3,unverified_adapter,10.0,4,168,25.0,83.31262241136417,131.65837310452932,-20.86941647964966,Giga v3 0.5bp,0xf4d0171f995d576b972aa982080eaf4da456cf9e,443,168,75.0,2460.97,2674.58,50216790.92710861,33.78242275161932,11.503080483243265,3.1121500025726556,4.339955383446403,-1.1767355816490355,-3.7994652045458266,20.455863219412898,100.0,1,2,5.412254624263961
Giga v3 0.5bp,Giga v3,unverified_adapter,10.0,12,24,100.0,72.61080388383041,131.65837310452932,-25.4890718731133,Giga v3 0.5bp,0xf4d0171f995d576b972aa982080eaf4da456cf9e,443,168,0.0,2460.97,2674.58,50216790.92710861,134.56080429683635,11.606374523236166,2.798957759074616,4.339955383446403,-1.476900789068436,-3.603008172206923,17.981001778922533,99.77426636568849,1,2,5.412254624263961
Giga v3 0.5bp,Giga v3,unverified_adapter,10.0,12,24,50.0,51.44291824406317,131.65837310452932,-34.62661581598455,Giga v3 0.5bp,0xf4d0171f995d576b972aa982080eaf4da456cf9e,443,168,50.0,2460.97,2674.58,50216790.92710861,67.12523185038262,11.550027198014062,2.1210638225027,4.339955383446403,-2.126598150046466,-3.733965418798202,17.916882085409068,99.77426636568849,1,2,5.412254624263961
Giga v3 0.5bp,Giga v3,unverified_adapter,10.0,12,24,25.0,41.83912688211626,131.65837310452932,-38.77228568029534,Giga v3 0.5bp,0xf4d0171f995d576b972aa982080eaf4da456cf9e,443,168,75.0,2460.97,2674.58,50216790.92710861,33.523868494167054,11.521893687091598,1.7832804675176783,4.339955383446403,-2.450331617004242,-3.7994652045458266,17.886909714417122,99.77426636568849,1,2,5.412254624263961
Giga v3 0.5bp,Giga v3,unverified_adapter,10.0,12,72,100.0,72.61080388383041,131.65837310452932,-25.4890718731133,Giga v3 0.5bp,0xf4d0171f995d576b972aa982080eaf4da456cf9e,443,168,0.0,2460.97,2674.58,50216790.92710861,134.56080429683635,11.606374523236166,2.798957759074616,4.339955383446403,-1.476900789068436,-3.603008172206923,17.981001778922533,99.77426636568849,1,2,5.412254624263961
Giga v3 0.5bp,Giga v3,unverified_adapter,10.0,12,72,50.0,51.44291824406317,131.65837310452932,-34.62661581598455,Giga v3 0.5bp,0xf4d0171f995d576b972aa982080eaf4da456cf9e,443,168,50.0,2460.97,2674.58,50216790.92710861,67.12523185038262,11.550027198014062,2.1210638225027,4.339955383446403,-2.126598150046466,-3.733965418798202,17.916882085409068,99.77426636568849,1,2,5.412254624263961
Giga v3 0.5bp,Giga v3,unverified_adapter,10.0,12,72,25.0,41.83912688211626,131.65837310452932,-38.77228568029534,Giga v3 0.5bp,0xf4d0171f995d576b972aa982080eaf4da456cf9e,443,168,75.0,2460.97,2674.58,50216790.92710861,33.523868494167054,11.521893687091598,1.7832804675176783,4.339955383446403,-2.450331617004242,-3.7994652045458266,17.886909714417122,99.77426636568849,1,2,5.412254624263961
Giga v3 0.5bp,Giga v3,unverified_adapter,10.0,12,168,100.0,72.61080388383041,131.65837310452932,-25.4890718731133,Giga v3 0.5bp,0xf4d0171f995d576b972aa982080eaf4da456cf9e,443,168,0.0,2460.97,2674.58,50216790.92710861,134.56080429683635,11.606374523236166,2.798957759074616,4.339955383446403,-1.476900789068436,-3.603008172206923,17.981001778922533,99.77426636568849,1,2,5.412254624263961
Giga v3 0.5bp,Giga v3,unverified_adapter,10.0,12,168,50.0,51.44291824406317,131.65837310452932,-34.62661581598455,Giga v3 0.5bp,0xf4d0171f995d576b972aa982080eaf4da456cf9e,443,168,50.0,2460.97,2674.58,50216790.92710861,67.12523185038262,11.550027198014062,2.1210638225027,4.339955383446403,-2.126598150046466,-3.733965418798202,17.916882085409068,99.77426636568849,1,2,5.412254624263961
Giga v3 0.5bp,Giga v3,unverified_adapter,10.0,12,168,25.0,41.83912688211626,131.65837310452932,-38.77228568029534,Giga v3 0.5bp,0xf4d0171f995d576b972aa982080eaf4da456cf9e,443,168,75.0,2460.97,2674.58,50216790.92710861,33.523868494167054,11.521893687091598,1.7832804675176783,4.339955383446403,-2.450331617004242,-3.7994652045458266,17.886909714417122,99.77426636568849,1,2,5.412254624263961
Giga v3 0.5bp,Giga v3,unverified_adapter,10.0,24,24,100.0,33.06631886308751,131.65837310452932,-42.55924485706139,Giga v3 0.5bp,0xf4d0171f995d576b972aa982080eaf4da456cf9e,443,168,0.0,2460.97,2674.58,50216790.92710861,130.13321520180529,11.60433626962674,1.4551791979292572,4.339955383446403,-2.7647857188702663,-3.603008172206923,19.658920792395584,97.06546275395034,1,2,5.412254624263961
Giga v3 0.5bp,Giga v3,unverified_adapter,10.0,24,24,50.0,17.169419994068292,131.65837310452932,-49.421461256140645,Giga v3 0.5bp,0xf4d0171f995d576b972aa982080eaf4da456cf9e,443,168,50.0,2460.97,2674.58,50216790.92710861,64.9226687829818,11.549011743380538,0.804516651445697,4.339955383446403,-3.388384362450658,-3.733965418798202,19.585886720865123,97.06546275395034,1,2,5.412254624263961
Giga v3 0.5bp,Giga v3,unverified_adapter,10.0,24,24,25.0,9.93739181937996,131.65837310452932,-52.54331179742246,Giga v3 0.5bp,0xf4d0171f995d576b972aa982080eaf4da456cf9e,443,168,75.0,2460.97,2674.58,50216790.92710861,32.42538912542936,11.521386876918994,0.480261421341055,4.339955383446403,-3.6991523984470476,-3.7994652045458266,19.551415773806927,97.06546275395034,1,2,5.412254624263961
Giga v3 0.5bp,Giga v3,unverified_adapter,10.0,24,72,100.0,33.06631886308751,131.65837310452932,-42.55924485706139,Giga v3 0.5bp,0xf4d0171f995d576b972aa982080eaf4da456cf9e,443,168,0.0,2460.97,2674.58,50216790.92710861,130.13321520180529,11.60433626962674,1.4551791979292572,4.339955383446403,-2.7647857188702663,-3.603008172206923,19.658920792395584,97.06546275395034,1,2,5.412254624263961
Giga v3 0.5bp,Giga v3,unverified_adapter,10.0,24,72,50.0,17.169419994068292,131.65837310452932,-49.421461256140645,Giga v3 0.5bp,0xf4d0171f995d576b972aa982080eaf4da456cf9e,443,168,50.0,2460.97,2674.58,50216790.92710861,64.9226687829818,11.549011743380538,0.804516651445697,4.339955383446403,-3.388384362450658,-3.733965418798202,19.585886720865123,97.06546275395034,1,2,5.412254624263961
Giga v3 0.5bp,Giga v3,unverified_adapter,10.0,24,72,25.0,9.93739181937996,131.65837310452932,-52.54331179742246,Giga v3 0.5bp,0xf4d0171f995d576b972aa982080eaf4da456cf9e,443,168,75.0,2460.97,2674.58,50216790.92710861,32.42538912542936,11.521386876918994,0.480261421341055,4.339955383446403,-3.6991523984470476,-3.7994652045458266,19.551415773806927,97.06546275395034,1,2,5.412254624263961
Giga v3 0.5bp,Giga v3,unverified_adapter,10.0,24,168,100.0,33.06631886308751,131.65837310452932,-42.55924485706139,Giga v3 0.5bp,0xf4d0171f995d576b972aa982080eaf4da456cf9e,443,168,0.0,2460.97,2674.58,50216790.92710861,130.13321520180529,11.60433626962674,1.4551791979292572,4.339955383446403,-2.7647857188702663,-3.603008172206923,19.658920792395584,97.06546275395034,1,2,5.412254624263961
Giga v3 0.5bp,Giga v3,unverified_adapter,10.0,24,168,50.0,17.169419994068292,131.65837310452932,-49.421461256140645,Giga v3 0.5bp,0xf4d0171f995d576b972aa982080eaf4da456cf9e,443,168,50.0,2460.97,2674.58,50216790.92710861,64.9226687829818,11.549011743380538,0.804516651445697,4.339955383446403,-3.388384362450658,-3.733965418798202,19.585886720865123,97.06546275395034,1,2,5.412254624263961
Giga v3 0.5bp,Giga v3,unverified_adapter,10.0,24,168,25.0,9.93739181937996,131.65837310452932,-52.54331179742246,Giga v3 0.5bp,0xf4d0171f995d576b972aa982080eaf4da456cf9e,443,168,75.0,2460.97,2674.58,50216790.92710861,32.42538912542936,11.521386876918994,0.480261421341055,4.339955383446403,-3.6991523984470476,-3.7994652045458266,19.551415773806927,97.06546275395034,1,2,5.412254624263961
Giga v3 0.5bp,Giga v3,unverified_adapter,15.0,4,24,100.0,68.04836903893022,131.65837310452736,-27.458538715065117,Giga v3 0.5bp,0xf4d0171f995d576b972aa982080eaf4da456cf9e,443,168,0.0,2460.97,2674.58,50216790.92710861,94.74023676918755,11.677373424638008,2.6597938065748616,4.339955383446359,-1.610276303739,-3.947038113792156,19.999629411896517,100.0,1,2,3.79549258790813
Giga v3 0.5bp,Giga v3,unverified_adapter,15.0,4,24,50.0,53.28158285040221,131.65837310452736,-33.832919226606215,Giga v3 0.5bp,0xf4d0171f995d576b972aa982080eaf4da456cf9e,443,168,50.0,2460.97,2674.58,50216790.92710861,47.29224332862154,11.637166724174246,2.183405414098405,4.339955383446359,-2.066849618080324,-4.038607497131741,19.959136156781245,100.0,1,2,3.79549258790813
Giga v3 0.5bp,Giga v3,unverified_adapter,15.0,4,24,25.0,46.38514847562156,131.65837310452736,-36.80990394870348,Giga v3 0.5bp,0xf4d0171f995d576b972aa982080eaf4da456cf9e,443,168,75.0,2460.97,2674.58,50216790.92710861,23.626670246917243,11.617084029285035,1.9457939870200391,4.339955383446359,-2.2945777460109507,-4.084402529447639,19.939810989703712,100.0,1,2,3.79549258790813
Giga v3 0.5bp,Giga v3,unverified_adapter,15.0,4,72,100.0,68.04836903893022,131.65837310452736,-27.458538715065117,Giga v3 0.5bp,0xf4d0171f995d576b972aa982080eaf4da456cf9e,443,168,0.0,2460.97,2674.58,50216790.92710861,94.74023676918755,11.677373424638008,2.6597938065748616,4.339955383446359,-1.610276303739,-3.947038113792156,19.999629411896517,100.0,1,2,3.79549258790813
Giga v3 0.5bp,Giga v3,unverified_adapter,15.0,4,72,50.0,53.28158285040221,131.65837310452736,-33.832919226606215,Giga v3 0.5bp,0xf4d0171f995d576b972aa982080eaf4da456cf9e,443,168,50.0,2460.97,2674.58,50216790.92710861,47.29224332862154,11.637166724174246,2.183405414098405,4.339955383446359,-2.066849618080324,-4.038607497131741,19.959136156781245,100.0,1,2,3.79549258790813
Giga v3 0.5bp,Giga v3,unverified_adapter,15.0,4,72,25.0,46.38514847562156,131.65837310452736,-36.80990394870348,Giga v3 0.5bp,0xf4d0171f995d576b972aa982080eaf4da456cf9e,443,168,75.0,2460.97,2674.58,50216790.92710861,23.626670246917243,11.617084029285035,1.9457939870200391,4.339955383446359,-2.2945777460109507,-4.084402529447639,19.939810989703712,100.0,1,2,3.79549258790813
Giga v3 0.5bp,Giga v3,unverified_adapter,15.0,4,168,100.0,68.04836903893022,131.65837310452736,-27.458538715065117,Giga v3 0.5bp,0xf4d0171f995d576b972aa982080eaf4da456cf9e,443,168,0.0,2460.97,2674.58,50216790.92710861,94.74023676918755,11.677373424638008,2.6597938065748616,4.339955383446359,-1.610276303739,-3.947038113792156,19.999629411896517,100.0,1,2,3.79549258790813
Giga v3 0.5bp,Giga v3,unverified_adapter,15.0,4,168,50.0,53.28158285040221,131.65837310452736,-33.832919226606215,Giga v3 0.5bp,0xf4d0171f995d576b972aa982080eaf4da456cf9e,443,168,50.0,2460.97,2674.58,50216790.92710861,47.29224332862154,11.637166724174246,2.183405414098405,4.339955383446359,-2.066849618080324,-4.038607497131741,19.959136156781245,100.0,1,2,3.79549258790813
Giga v3 0.5bp,Giga v3,unverified_adapter,15.0,4,168,25.0,46.38514847562156,131.65837310452736,-36.80990394870348,Giga v3 0.5bp,0xf4d0171f995d576b972aa982080eaf4da456cf9e,443,168,75.0,2460.97,2674.58,50216790.92710861,23.626670246917243,11.617084029285035,1.9457939870200391,4.339955383446359,-2.2945777460109507,-4.084402529447639,19.939810989703712,100.0,1,2,3.79549258790813
Giga v3 0.5bp,Giga v3,unverified_adapter,15.0,12,24,100.0,54.73553811263368,131.65837310452736,-33.20529016975557,Giga v3 0.5bp,0xf4d0171f995d576b972aa982080eaf4da456cf9e,443,168,0.0,2460.97,2674.58,50216790.92710861,94.65749489861022,11.685429602342813,2.2322024088993864,4.339955383446359,-2.020082303850934,-3.947038113792156,20.493123498606096,100.0,1,2,3.79549258790813
Giga v3 0.5bp,Giga v3,unverified_adapter,15.0,12,24,50.0,41.13577817380383,131.65837310452736,-39.07590030854554,Giga v3 0.5bp,0xf4d0171f995d576b972aa982080eaf4da456cf9e,443,168,50.0,2460.97,2674.58,50216790.92710861,47.25143678239581,11.644808190430957,1.7576960733586944,4.339955383446359,-2.4748518442411993,-4.038607497131741,20.45262490038418,100.0,1,2,3.79549258790813
Giga v3 0.5bp,Giga v3,unverified_adapter,15.0,12,24,25.0,34.78438835968163,131.65837310452736,-41.81760557436645,Giga v3 0.5bp,0xf4d0171f995d576b972aa982080eaf4da456cf9e,443,168,75.0,2460.97,2674.58,50216790.92710861,23.606407622345124,11.624518448125448,1.5210205298702872,4.339955383446359,-2.701683016076206,-4.084402529447639,20.433273362547162,100.0,1,2,3.79549258790813
Giga v3 0.5bp,Giga v3,unverified_adapter,15.0,12,72,100.0,54.73553811263368,131.65837310452736,-33.20529016975557,Giga v3 0.5bp,0xf4d0171f995d576b972aa982080eaf4da456cf9e,443,168,0.0,2460.97,2674.58,50216790.92710861,94.65749489861022,11.685429602342813,2.2322024088993864,4.339955383446359,-2.020082303850934,-3.947038113792156,20.493123498606096,100.0,1,2,3.79549258790813
Giga v3 0.5bp,Giga v3,unverified_adapter,15.0,12,72,50.0,41.13577817380383,131.65837310452736,-39.07590030854554,Giga v3 0.5bp,0xf4d0171f995d576b972aa982080eaf4da456cf9e,443,168,50.0,2460.97,2674.58,50216790.92710861,47.25143678239581,11.644808190430957,1.7576960733586944,4.339955383446359,-2.4748518442411993,-4.038607497131741,20.45262490038418,100.0,1,2,3.79549258790813
Giga v3 0.5bp,Giga v3,unverified_adapter,15.0,12,72,25.0,34.78438835968163,131.65837310452736,-41.81760557436645,Giga v3 0.5bp,0xf4d0171f995d576b972aa982080eaf4da456cf9e,443,168,75.0,2460.97,2674.58,50216790.92710861,23.606407622345124,11.624518448125448,1.5210205298702872,4.339955383446359,-2.701683016076206,-4.084402529447639,20.433273362547162,100.0,1,2,3.79549258790813
Giga v3 0.5bp,Giga v3,unverified_adapter,15.0,12,168,100.0,54.73553811263368,131.65837310452736,-33.20529016975557,Giga v3 0.5bp,0xf4d0171f995d576b972aa982080eaf4da456cf9e,443,168,0.0,2460.97,2674.58,50216790.92710861,94.65749489861022,11.685429602342813,2.2322024088993864,4.339955383446359,-2.020082303850934,-3.947038113792156,20.493123498606096,100.0,1,2,3.79549258790813
Giga v3 0.5bp,Giga v3,unverified_adapter,15.0,12,168,50.0,41.13577817380383,131.65837310452736,-39.07590030854554,Giga v3 0.5bp,0xf4d0171f995d576b972aa982080eaf4da456cf9e,443,168,50.0,2460.97,2674.58,50216790.92710861,47.25143678239581,11.644808190430957,1.7576960733586944,4.339955383446359,-2.4748518442411993,-4.038607497131741,20.45262490038418,100.0,1,2,3.79549258790813
Giga v3 0.5bp,Giga v3,unverified_adapter,15.0,12,168,25.0,34.78438835968163,131.65837310452736,-41.81760557436645,Giga v3 0.5bp,0xf4d0171f995d576b972aa982080eaf4da456cf9e,443,168,75.0,2460.97,2674.58,50216790.92710861,23.606407622345124,11.624518448125448,1.5210205298702872,4.339955383446359,-2.701683016076206,-4.084402529447639,20.433273362547162,100.0,1,2,3.79549258790813
Giga v3 0.5bp,Giga v3,unverified_adapter,15.0,24,24,100.0,74.23678366641988,131.65837310452736,-24.787184969221176,Giga v3 0.5bp,0xf4d0171f995d576b972aa982080eaf4da456cf9e,443,168,0.0,2460.97,2674.58,50216790.92710861,94.9124513906091,11.676189251748632,2.8477107130080226,4.339955383446359,-1.4301756838541735,-3.947038113792156,19.862238000626952,100.0,1,2,3.79549258790813
Giga v3 0.5bp,Giga v3,unverified_adapter,15.0,24,24,50.0,58.929619361296574,131.65837310452736,-31.394830572523592,Giga v3 0.5bp,0xf4d0171f995d576b972aa982080eaf4da456cf9e,443,168,50.0,2460.97,2674.58,50216790.92710861,47.38034598802751,11.634429859666449,2.370561434429974,4.339955383446359,-1.887478235714135,-4.038607497131741,19.820452626327647,100.0,1,2,3.79549258790813
Giga v3 0.5bp,Giga v3,unverified_adapter,15.0,24,24,25.0,51.78022136207638,131.65837310452736,-34.48101213523107,Giga v3 0.5bp,0xf4d0171f995d576b972aa982080eaf4da456cf9e,443,168,75.0,2460.97,2674.58,50216790.92710861,23.671218314670742,11.613571835142647,2.132554022077948,4.339955383446359,-2.1155858781578663,-4.084402529447639,19.800472151093558,100.0,1,2,3.79549258790813
Giga v3 0.5bp,Giga v3,unverified_adapter,15.0,24,72,100.0,74.23678366641988,131.65837310452736,-24.787184969221176,Giga v3 0.5bp,0xf4d0171f995d576b972aa982080eaf4da456cf9e,443,168,0.0,2460.97,2674.58,50216790.92710861,94.9124513906091,11.676189251748632,2.8477107130080226,4.339955383446359,-1.4301756838541735,-3.947038113792156,19.862238000626952,100.0,1,2,3.79549258790813
Giga v3 0.5bp,Giga v3,unverified_adapter,15.0,24,72,50.0,58.929619361296574,131.65837310452736,-31.394830572523592,Giga v3 0.5bp,0xf4d0171f995d576b972aa982080eaf4da456cf9e,443,168,50.0,2460.97,2674.58,50216790.92710861,47.38034598802751,11.634429859666449,2.370561434429974,4.339955383446359,-1.887478235714135,-4.038607497131741,19.820452626327647,100.0,1,2,3.79549258790813
Giga v3 0.5bp,Giga v3,unverified_adapter,15.0,24,72,25.0,51.78022136207638,131.65837310452736,-34.48101213523107,Giga v3 0.5bp,0xf4d0171f995d576b972aa982080eaf4da456cf9e,443,168,75.0,2460.97,2674.58,50216790.92710861,23.671218314670742,11.613571835142647,2.132554022077948,4.339955383446359,-2.1155858781578663,-4.084402529447639,19.800472151093558,100.0,1,2,3.79549258790813
Giga v3 0.5bp,Giga v3,unverified_adapter,15.0,24,168,100.0,74.23678366641988,131.65837310452736,-24.787184969221176,Giga v3 0.5bp,0xf4d0171f995d576b972aa982080eaf4da456cf9e,443,168,0.0,2460.97,2674.58,50216790.92710861,94.9124513906091,11.676189251748632,2.8477107130080226,4.339955383446359,-1.4301756838541735,-3.947038113792156,19.862238000626952,100.0,1,2,3.79549258790813
Giga v3 0.5bp,Giga v3,unverified_adapter,15.0,24,168,50.0,58.929619361296574,131.65837310452736,-31.394830572523592,Giga v3 0.5bp,0xf4d0171f995d576b972aa982080eaf4da456cf9e,443,168,50.0,2460.97,2674.58,50216790.92710861,47.38034598802751,11.634429859666449,2.370561434429974,4.339955383446359,-1.887478235714135,-4.038607497131741,19.820452626327647,100.0,1,2,3.79549258790813
Giga v3 0.5bp,Giga v3,unverified_adapter,15.0,24,168,25.0,51.78022136207638,131.65837310452736,-34.48101213523107,Giga v3 0.5bp,0xf4d0171f995d576b972aa982080eaf4da456cf9e,443,168,75.0,2460.97,2674.58,50216790.92710861,23.671218314670742,11.613571835142647,2.132554022077948,4.339955383446359,-2.1155858781578663,-4.084402529447639,19.800472151093558,100.0,1,2,3.79549258790813
Giga v3 0.5bp,Giga v3,unverified_adapter,20.0,4,24,100.0,119.46677874143444,131.65837310452835,-5.262747121854439,Giga v3 0.5bp,0xf4d0171f995d576b972aa982080eaf4da456cf9e,443,168,0.0,2460.97,2674.58,50216790.92710861,74.63513724770137,0.5273610945732595,4.055079331869282,4.339955383446381,-0.2730268098449673,-4.11931077796236,17.987812498497156,100.0,0,2,2.965571058439164
Giga v3 0.5bp,Giga v3,unverified_adapter,20.0,4,24,50.0,104.19906349549848,131.65837310452835,-11.85336374465502,Giga v3 0.5bp,0xf4d0171f995d576b972aa982080eaf4da456cf9e,443,168,50.0,2460.97,2674.58,50216790.92710861,37.27353686804718,0.5136715034270672,3.6763403238544434,4.339955383446381,-0.6360124049825111,-4.190753465732944,17.94924327667094,100.0,0,2,2.965571058439164
Giga v3 0.5bp,Giga v3,unverified_adapter,20.0,4,24,25.0,96.96122624128314,131.65837310452835,-14.977721892050388,Giga v3 0.5bp,0xf4d0171f995d576b972aa982080eaf4da456cf9e,443,168,75.0,2460.97,2674.58,50216790.92710861,18.62576578790094,0.506833490620782,3.4873014833749716,4.339955383446381,-0.8171882927665797,-4.226481102252244,17.930594981768927,100.0,0,2,2.965571058439164
Giga v3 0.5bp,Giga v3,unverified_adapter,20.0,4,72,100.0,119.46677874143444,131.65837310452835,-5.262747121854439,Giga v3 0.5bp,0xf4d0171f995d576b972aa982080eaf4da456cf9e,443,168,0.0,2460.97,2674.58,50216790.92710861,74.63513724770137,0.5273610945732595,4.055079331869282,4.339955383446381,-0.2730268098449673,-4.11931077796236,17.987812498497156,100.0,0,2,2.965571058439164
Giga v3 0.5bp,Giga v3,unverified_adapter,20.0,4,72,50.0,104.19906349549848,131.65837310452835,-11.85336374465502,Giga v3 0.5bp,0xf4d0171f995d576b972aa982080eaf4da456cf9e,443,168,50.0,2460.97,2674.58,50216790.92710861,37.27353686804718,0.5136715034270672,3.6763403238544434,4.339955383446381,-0.6360124049825111,-4.190753465732944,17.94924327667094,100.0,0,2,2.965571058439164
Giga v3 0.5bp,Giga v3,unverified_adapter,20.0,4,72,25.0,96.96122624128314,131.65837310452835,-14.977721892050388,Giga v3 0.5bp,0xf4d0171f995d576b972aa982080eaf4da456cf9e,443,168,75.0,2460.97,2674.58,50216790.92710861,18.62576578790094,0.506833490620782,3.4873014833749716,4.339955383446381,-0.8171882927665797,-4.226481102252244,17.930594981768927,100.0,0,2,2.965571058439164
Giga v3 0.5bp,Giga v3,unverified_adapter,20.0,4,168,100.0,119.46677874143444,131.65837310452835,-5.262747121854439,Giga v3 0.5bp,0xf4d0171f995d576b972aa982080eaf4da456cf9e,443,168,0.0,2460.97,2674.58,50216790.92710861,74.63513724770137,0.5273610945732595,4.055079331869282,4.339955383446381,-0.2730268098449673,-4.11931077796236,17.987812498497156,100.0,0,2,2.965571058439164
Giga v3 0.5bp,Giga v3,unverified_adapter,20.0,4,168,50.0,104.19906349549848,131.65837310452835,-11.85336374465502,Giga v3 0.5bp,0xf4d0171f995d576b972aa982080eaf4da456cf9e,443,168,50.0,2460.97,2674.58,50216790.92710861,37.27353686804718,0.5136715034270672,3.6763403238544434,4.339955383446381,-0.6360124049825111,-4.190753465732944,17.94924327667094,100.0,0,2,2.965571058439164
Giga v3 0.5bp,Giga v3,unverified_adapter,20.0,4,168,25.0,96.96122624128314,131.65837310452835,-14.977721892050388,Giga v3 0.5bp,0xf4d0171f995d576b972aa982080eaf4da456cf9e,443,168,75.0,2460.97,2674.58,50216790.92710861,18.62576578790094,0.506833490620782,3.4873014833749716,4.339955383446381,-0.8171882927665797,-4.226481102252244,17.930594981768927,100.0,0,2,2.965571058439164
Giga v3 0.5bp,Giga v3,unverified_adapter,20.0,12,24,100.0,119.46677874143444,131.65837310452835,-5.262747121854439,Giga v3 0.5bp,0xf4d0171f995d576b972aa982080eaf4da456cf9e,443,168,0.0,2460.97,2674.58,50216790.92710861,74.63513724770137,0.5273610945732595,4.055079331869282,4.339955383446381,-0.2730268098449673,-4.11931077796236,17.987812498497156,100.0,0,2,2.965571058439164
Giga v3 0.5bp,Giga v3,unverified_adapter,20.0,12,24,50.0,104.19906349549848,131.65837310452835,-11.85336374465502,Giga v3 0.5bp,0xf4d0171f995d576b972aa982080eaf4da456cf9e,443,168,50.0,2460.97,2674.58,50216790.92710861,37.27353686804718,0.5136715034270672,3.6763403238544434,4.339955383446381,-0.6360124049825111,-4.190753465732944,17.94924327667094,100.0,0,2,2.965571058439164
Giga v3 0.5bp,Giga v3,unverified_adapter,20.0,12,24,25.0,96.96122624128314,131.65837310452835,-14.977721892050388,Giga v3 0.5bp,0xf4d0171f995d576b972aa982080eaf4da456cf9e,443,168,75.0,2460.97,2674.58,50216790.92710861,18.62576578790094,0.506833490620782,3.4873014833749716,4.339955383446381,-0.8171882927665797,-4.226481102252244,17.930594981768927,100.0,0,2,2.965571058439164
Giga v3 0.5bp,Giga v3,unverified_adapter,20.0,12,72,100.0,119.46677874143444,131.65837310452835,-5.262747121854439,Giga v3 0.5bp,0xf4d0171f995d576b972aa982080eaf4da456cf9e,443,168,0.0,2460.97,2674.58,50216790.92710861,74.63513724770137,0.5273610945732595,4.055079331869282,4.339955383446381,-0.2730268098449673,-4.11931077796236,17.987812498497156,100.0,0,2,2.965571058439164
Giga v3 0.5bp,Giga v3,unverified_adapter,20.0,12,72,50.0,104.19906349549848,131.65837310452835,-11.85336374465502,Giga v3 0.5bp,0xf4d0171f995d576b972aa982080eaf4da456cf9e,443,168,50.0,2460.97,2674.58,50216790.92710861,37.27353686804718,0.5136715034270672,3.6763403238544434,4.339955383446381,-0.6360124049825111,-4.190753465732944,17.94924327667094,100.0,0,2,2.965571058439164
Giga v3 0.5bp,Giga v3,unverified_adapter,20.0,12,72,25.0,96.96122624128314,131.65837310452835,-14.977721892050388,Giga v3 0.5bp,0xf4d0171f995d576b972aa982080eaf4da456cf9e,443,168,75.0,2460.97,2674.58,50216790.92710861,18.62576578790094,0.506833490620782,3.4873014833749716,4.339955383446381,-0.8171882927665797,-4.226481102252244,17.930594981768927,100.0,0,2,2.965571058439164
Giga v3 0.5bp,Giga v3,unverified_adapter,20.0,12,168,100.0,119.46677874143444,131.65837310452835,-5.262747121854439,Giga v3 0.5bp,0xf4d0171f995d576b972aa982080eaf4da456cf9e,443,168,0.0,2460.97,2674.58,50216790.92710861,74.63513724770137,0.5273610945732595,4.055079331869282,4.339955383446381,-0.2730268098449673,-4.11931077796236,17.987812498497156,100.0,0,2,2.965571058439164
Giga v3 0.5bp,Giga v3,unverified_adapter,20.0,12,168,50.0,104.19906349549848,131.65837310452835,-11.85336374465502,Giga v3 0.5bp,0xf4d0171f995d576b972aa982080eaf4da456cf9e,443,168,50.0,2460.97,2674.58,50216790.92710861,37.27353686804718,0.5136715034270672,3.6763403238544434,4.339955383446381,-0.6360124049825111,-4.190753465732944,17.94924327667094,100.0,0,2,2.965571058439164
Giga v3 0.5bp,Giga v3,unverified_adapter,20.0,12,168,25.0,96.96122624128314,131.65837310452835,-14.977721892050388,Giga v3 0.5bp,0xf4d0171f995d576b972aa982080eaf4da456cf9e,443,168,75.0,2460.97,2674.58,50216790.92710861,18.62576578790094,0.506833490620782,3.4873014833749716,4.339955383446381,-0.8171882927665797,-4.226481102252244,17.930594981768927,100.0,0,2,2.965571058439164
Giga v3 0.5bp,Giga v3,unverified_adapter,20.0,24,24,100.0,119.46677874143444,131.65837310452835,-5.262747121854439,Giga v3 0.5bp,0xf4d0171f995d576b972aa982080eaf4da456cf9e,443,168,0.0,2460.97,2674.58,50216790.92710861,74.63513724770137,0.5273610945732595,4.055079331869282,4.339955383446381,-0.2730268098449673,-4.11931077796236,17.987812498497156,100.0,0,2,2.965571058439164
Giga v3 0.5bp,Giga v3,unverified_adapter,20.0,24,24,50.0,104.19906349549848,131.65837310452835,-11.85336374465502,Giga v3 0.5bp,0xf4d0171f995d576b972aa982080eaf4da456cf9e,443,168,50.0,2460.97,2674.58,50216790.92710861,37.27353686804718,0.5136715034270672,3.6763403238544434,4.339955383446381,-0.6360124049825111,-4.190753465732944,17.94924327667094,100.0,0,2,2.965571058439164
Giga v3 0.5bp,Giga v3,unverified_adapter,20.0,24,24,25.0,96.96122624128314,131.65837310452835,-14.977721892050388,Giga v3 0.5bp,0xf4d0171f995d576b972aa982080eaf4da456cf9e,443,168,75.0,2460.97,2674.58,50216790.92710861,18.62576578790094,0.506833490620782,3.4873014833749716,4.339955383446381,-0.8171882927665797,-4.226481102252244,17.930594981768927,100.0,0,2,2.965571058439164
Giga v3 0.5bp,Giga v3,unverified_adapter,20.0,24,72,100.0,119.46677874143444,131.65837310452835,-5.262747121854439,Giga v3 0.5bp,0xf4d0171f995d576b972aa982080eaf4da456cf9e,443,168,0.0,2460.97,2674.58,50216790.92710861,74.63513724770137,0.5273610945732595,4.055079331869282,4.339955383446381,-0.2730268098449673,-4.11931077796236,17.987812498497156,100.0,0,2,2.965571058439164
Giga v3 0.5bp,Giga v3,unverified_adapter,20.0,24,72,50.0,104.19906349549848,131.65837310452835,-11.85336374465502,Giga v3 0.5bp,0xf4d0171f995d576b972aa982080eaf4da456cf9e,443,168,50.0,2460.97,2674.58,50216790.92710861,37.27353686804718,0.5136715034270672,3.6763403238544434,4.339955383446381,-0.6360124049825111,-4.190753465732944,17.94924327667094,100.0,0,2,2.965571058439164
Giga v3 0.5bp,Giga v3,unverified_adapter,20.0,24,72,25.0,96.96122624128314,131.65837310452835,-14.977721892050388,Giga v3 0.5bp,0xf4d0171f995d576b972aa982080eaf4da456cf9e,443,168,75.0,2460.97,2674.58,50216790.92710861,18.62576578790094,0.506833490620782,3.4873014833749716,4.339955383446381,-0.8171882927665797,-4.226481102252244,17.930594981768927,100.0,0,2,2.965571058439164
Giga v3 0.5bp,Giga v3,unverified_adapter,20.0,24,168,100.0,119.46677874143444,131.65837310452835,-5.262747121854439,Giga v3 0.5bp,0xf4d0171f995d576b972aa982080eaf4da456cf9e,443,168,0.0,2460.97,2674.58,50216790.92710861,74.63513724770137,0.5273610945732595,4.055079331869282,4.339955383446381,-0.2730268098449673,-4.11931077796236,17.987812498497156,100.0,0,2,2.965571058439164
Giga v3 0.5bp,Giga v3,unverified_adapter,20.0,24,168,50.0,104.19906349549848,131.65837310452835,-11.85336374465502,Giga v3 0.5bp,0xf4d0171f995d576b972aa982080eaf4da456cf9e,443,168,50.0,2460.97,2674.58,50216790.92710861,37.27353686804718,0.5136715034270672,3.6763403238544434,4.339955383446381,-0.6360124049825111,-4.190753465732944,17.94924327667094,100.0,0,2,2.965571058439164
Giga v3 0.5bp,Giga v3,unverified_adapter,20.0,24,168,25.0,96.96122624128314,131.65837310452835,-14.977721892050388,Giga v3 0.5bp,0xf4d0171f995d576b972aa982080eaf4da456cf9e,443,168,75.0,2460.97,2674.58,50216790.92710861,18.62576578790094,0.506833490620782,3.4873014833749716,4.339955383446381,-0.8171882927665797,-4.226481102252244,17.930594981768927,100.0,0,2,2.965571058439164
Giga v3 0.5bp,Giga v3,unverified_adapter,30.0,4,24,100.0,123.10285541512602,131.65837310452835,-3.693161431959835,Giga v3 0.5bp,0xf4d0171f995d576b972aa982080eaf4da456cf9e,443,168,0.0,2460.97,2674.58,50216790.92710861,53.319700494620996,0.5195525836205499,4.141583005196514,4.339955383446381,-0.1901212028707966,-4.29193250896528,19.79368604316101,100.0,0,2,2.1200165176728443
Giga v3 0.5bp,Giga v3,unverified_adapter,30.0,4,24,50.0,111.9054410713328,131.65837310452835,-8.526750735784072,Giga v3 0.5bp,0xf4d0171f995d576b972aa982080eaf4da456cf9e,443,168,50.0,2460.97,2674.58,50216790.92710861,26.637173039688584,0.5097716295889557,3.870748115281941,4.339955383446381,-0.44969088441730865,-4.342930929525036,19.771230302304648,100.0,0,2,2.1200165176728443
Giga v3 0.5bp,Giga v3,unverified_adapter,30.0,4,24,25.0,106.51558135145054,131.65837310452835,-10.85339218096486,Giga v3 0.5bp,0xf4d0171f995d576b972aa982080eaf4da456cf9e,443,168,75.0,2460.97,2674.58,50216790.92710861,13.312919293172525,0.5048846492054637,3.735501012957876,4.339955383446381,-0.5793124678529327,-4.368433345334921,19.760306417273828,100.0,0,2,2.1200165176728443
Giga v3 0.5bp,Giga v3,unverified_adapter,30.0,4,72,100.0,123.10285541512602,131.65837310452835,-3.693161431959835,Giga v3 0.5bp,0xf4d0171f995d576b972aa982080eaf4da456cf9e,443,168,0.0,2460.97,2674.58,50216790.92710861,53.319700494620996,0.5195525836205499,4.141583005196514,4.339955383446381,-0.1901212028707966,-4.29193250896528,19.79368604316101,100.0,0,2,2.1200165176728443
Giga v3 0.5bp,Giga v3,unverified_adapter,30.0,4,72,50.0,111.9054410713328,131.65837310452835,-8.526750735784072,Giga v3 0.5bp,0xf4d0171f995d576b972aa982080eaf4da456cf9e,443,168,50.0,2460.97,2674.58,50216790.92710861,26.637173039688584,0.5097716295889557,3.870748115281941,4.339955383446381,-0.44969088441730865,-4.342930929525036,19.771230302304648,100.0,0,2,2.1200165176728443
Giga v3 0.5bp,Giga v3,unverified_adapter,30.0,4,72,25.0,106.51558135145054,131.65837310452835,-10.85339218096486,Giga v3 0.5bp,0xf4d0171f995d576b972aa982080eaf4da456cf9e,443,168,75.0,2460.97,2674.58,50216790.92710861,13.312919293172525,0.5048846492054637,3.735501012957876,4.339955383446381,-0.5793124678529327,-4.368433345334921,19.760306417273828,100.0,0,2,2.1200165176728443
Giga v3 0.5bp,Giga v3,unverified_adapter,30.0,4,168,100.0,123.10285541512602,131.65837310452835,-3.693161431959835,Giga v3 0.5bp,0xf4d0171f995d576b972aa982080eaf4da456cf9e,443,168,0.0,2460.97,2674.58,50216790.92710861,53.319700494620996,0.5195525836205499,4.141583005196514,4.339955383446381,-0.1901212028707966,-4.29193250896528,19.79368604316101,100.0,0,2,2.1200165176728443
Giga v3 0.5bp,Giga v3,unverified_adapter,30.0,4,168,50.0,111.9054410713328,131.65837310452835,-8.526750735784072,Giga v3 0.5bp,0xf4d0171f995d576b972aa982080eaf4da456cf9e,443,168,50.0,2460.97,2674.58,50216790.92710861,26.637173039688584,0.5097716295889557,3.870748115281941,4.339955383446381,-0.44969088441730865,-4.342930929525036,19.771230302304648,100.0,0,2,2.1200165176728443
Giga v3 0.5bp,Giga v3,unverified_adapter,30.0,4,168,25.0,106.51558135145054,131.65837310452835,-10.85339218096486,Giga v3 0.5bp,0xf4d0171f995d576b972aa982080eaf4da456cf9e,443,168,75.0,2460.97,2674.58,50216790.92710861,13.312919293172525,0.5048846492054637,3.735501012957876,4.339955383446381,-0.5793124678529327,-4.368433345334921,19.760306417273828,100.0,0,2,2.1200165176728443
Giga v3 0.5bp,Giga v3,unverified_adapter,30.0,12,24,100.0,123.10285541512602,131.65837310452835,-3.693161431959835,Giga v3 0.5bp,0xf4d0171f995d576b972aa982080eaf4da456cf9e,443,168,0.0,2460.97,2674.58,50216790.92710861,53.319700494620996,0.5195525836205499,4.141583005196514,4.339955383446381,-0.1901212028707966,-4.29193250896528,19.79368604316101,100.0,0,2,2.1200165176728443
Giga v3 0.5bp,Giga v3,unverified_adapter,30.0,12,24,50.0,111.9054410713328,131.65837310452835,-8.526750735784072,Giga v3 0.5bp,0xf4d0171f995d576b972aa982080eaf4da456cf9e,443,168,50.0,2460.97,2674.58,50216790.92710861,26.637173039688584,0.5097716295889557,3.870748115281941,4.339955383446381,-0.44969088441730865,-4.342930929525036,19.771230302304648,100.0,0,2,2.1200165176728443
Giga v3 0.5bp,Giga v3,unverified_adapter,30.0,12,24,25.0,106.51558135145054,131.65837310452835,-10.85339218096486,Giga v3 0.5bp,0xf4d0171f995d576b972aa982080eaf4da456cf9e,443,168,75.0,2460.97,2674.58,50216790.92710861,13.312919293172525,0.5048846492054637,3.735501012957876,4.339955383446381,-0.5793124678529327,-4.368433345334921,19.760306417273828,100.0,0,2,2.1200165176728443
Giga v3 0.5bp,Giga v3,unverified_adapter,30.0,12,72,100.0,123.10285541512602,131.65837310452835,-3.693161431959835,Giga v3 0.5bp,0xf4d0171f995d576b972aa982080eaf4da456cf9e,443,168,0.0,2460.97,2674.58,50216790.92710861,53.319700494620996,0.5195525836205499,4.141583005196514,4.339955383446381,-0.1901212028707966,-4.29193250896528,19.79368604316101,100.0,0,2,2.1200165176728443
Giga v3 0.5bp,Giga v3,unverified_adapter,30.0,12,72,50.0,111.9054410713328,131.65837310452835,-8.526750735784072,Giga v3 0.5bp,0xf4d0171f995d576b972aa982080eaf4da456cf9e,443,168,50.0,2460.97,2674.58,50216790.92710861,26.637173039688584,0.5097716295889557,3.870748115281941,4.339955383446381,-0.44969088441730865,-4.342930929525036,19.771230302304648,100.0,0,2,2.1200165176728443
Giga v3 0.5bp,Giga v3,unverified_adapter,30.0,12,72,25.0,106.51558135145054,131.65837310452835,-10.85339218096486,Giga v3 0.5bp,0xf4d0171f995d576b972aa982080eaf4da456cf9e,443,168,75.0,2460.97,2674.58,50216790.92710861,13.312919293172525,0.5048846492054637,3.735501012957876,4.339955383446381,-0.5793124678529327,-4.368433345334921,19.760306417273828,100.0,0,2,2.1200165176728443
Giga v3 0.5bp,Giga v3,unverified_adapter,30.0,12,168,100.0,123.10285541512602,131.65837310452835,-3.693161431959835,Giga v3 0.5bp,0xf4d0171f995d576b972aa982080eaf4da456cf9e,443,168,0.0,2460.97,2674.58,50216790.92710861,53.319700494620996,0.5195525836205499,4.141583005196514,4.339955383446381,-0.1901212028707966,-4.29193250896528,19.79368604316101,100.0,0,2,2.1200165176728443
Giga v3 0.5bp,Giga v3,unverified_adapter,30.0,12,168,50.0,111.9054410713328,131.65837310452835,-8.526750735784072,Giga v3 0.5bp,0xf4d0171f995d576b972aa982080eaf4da456cf9e,443,168,50.0,2460.97,2674.58,50216790.92710861,26.637173039688584,0.5097716295889557,3.870748115281941,4.339955383446381,-0.44969088441730865,-4.342930929525036,19.771230302304648,100.0,0,2,2.1200165176728443
Giga v3 0.5bp,Giga v3,unverified_adapter,30.0,12,168,25.0,106.51558135145054,131.65837310452835,-10.85339218096486,Giga v3 0.5bp,0xf4d0171f995d576b972aa982080eaf4da456cf9e,443,168,75.0,2460.97,2674.58,50216790.92710861,13.312919293172525,0.5048846492054637,3.735501012957876,4.339955383446381,-0.5793124678529327,-4.368433345334921,19.760306417273828,100.0,0,2,2.1200165176728443
Giga v3 0.5bp,Giga v3,unverified_adapter,30.0,24,24,100.0,123.10285541512602,131.65837310452835,-3.693161431959835,Giga v3 0.5bp,0xf4d0171f995d576b972aa982080eaf4da456cf9e,443,168,0.0,2460.97,2674.58,50216790.92710861,53.319700494620996,0.5195525836205499,4.141583005196514,4.339955383446381,-0.1901212028707966,-4.29193250896528,19.79368604316101,100.0,0,2,2.1200165176728443
Giga v3 0.5bp,Giga v3,unverified_adapter,30.0,24,24,50.0,111.9054410713328,131.65837310452835,-8.526750735784072,Giga v3 0.5bp,0xf4d0171f995d576b972aa982080eaf4da456cf9e,443,168,50.0,2460.97,2674.58,50216790.92710861,26.637173039688584,0.5097716295889557,3.870748115281941,4.339955383446381,-0.44969088441730865,-4.342930929525036,19.771230302304648,100.0,0,2,2.1200165176728443
Giga v3 0.5bp,Giga v3,unverified_adapter,30.0,24,24,25.0,106.51558135145054,131.65837310452835,-10.85339218096486,Giga v3 0.5bp,0xf4d0171f995d576b972aa982080eaf4da456cf9e,443,168,75.0,2460.97,2674.58,50216790.92710861,13.312919293172525,0.5048846492054637,3.735501012957876,4.339955383446381,-0.5793124678529327,-4.368433345334921,19.760306417273828,100.0,0,2,2.1200165176728443
Giga v3 0.5bp,Giga v3,unverified_adapter,30.0,24,72,100.0,123.10285541512602,131.65837310452835,-3.693161431959835,Giga v3 0.5bp,0xf4d0171f995d576b972aa982080eaf4da456cf9e,443,168,0.0,2460.97,2674.58,50216790.92710861,53.319700494620996,0.5195525836205499,4.141583005196514,4.339955383446381,-0.1901212028707966,-4.29193250896528,19.79368604316101,100.0,0,2,2.1200165176728443
Giga v3 0.5bp,Giga v3,unverified_adapter,30.0,24,72,50.0,111.9054410713328,131.65837310452835,-8.526750735784072,Giga v3 0.5bp,0xf4d0171f995d576b972aa982080eaf4da456cf9e,443,168,50.0,2460.97,2674.58,50216790.92710861,26.637173039688584,0.5097716295889557,3.870748115281941,4.339955383446381,-0.44969088441730865,-4.342930929525036,19.771230302304648,100.0,0,2,2.1200165176728443
Giga v3 0.5bp,Giga v3,unverified_adapter,30.0,24,72,25.0,106.51558135145054,131.65837310452835,-10.85339218096486,Giga v3 0.5bp,0xf4d0171f995d576b972aa982080eaf4da456cf9e,443,168,75.0,2460.97,2674.58,50216790.92710861,13.312919293172525,0.5048846492054637,3.735501012957876,4.339955383446381,-0.5793124678529327,-4.368433345334921,19.760306417273828,100.0,0,2,2.1200165176728443
Giga v3 0.5bp,Giga v3,unverified_adapter,30.0,24,168,100.0,123.10285541512602,131.65837310452835,-3.693161431959835,Giga v3 0.5bp,0xf4d0171f995d576b972aa982080eaf4da456cf9e,443,168,0.0,2460.97,2674.58,50216790.92710861,53.319700494620996,0.5195525836205499,4.141583005196514,4.339955383446381,-0.1901212028707966,-4.29193250896528,19.79368604316101,100.0,0,2,2.1200165176728443
Giga v3 0.5bp,Giga v3,unverified_adapter,30.0,24,168,50.0,111.9054410713328,131.65837310452835,-8.526750735784072,Giga v3 0.5bp,0xf4d0171f995d576b972aa982080eaf4da456cf9e,443,168,50.0,2460.97,2674.58,50216790.92710861,26.637173039688584,0.5097716295889557,3.870748115281941,4.339955383446381,-0.44969088441730865,-4.342930929525036,19.771230302304648,100.0,0,2,2.1200165176728443
Giga v3 0.5bp,Giga v3,unverified_adapter,30.0,24,168,25.0,106.51558135145054,131.65837310452835,-10.85339218096486,Giga v3 0.5bp,0xf4d0171f995d576b972aa982080eaf4da456cf9e,443,168,75.0,2460.97,2674.58,50216790.92710861,13.312919293172525,0.5048846492054637,3.735501012957876,4.339955383446381,-0.5793124678529327,-4.368433345334921,19.760306417273828,100.0,0,2,2.1200165176728443
